ply
format ascii 1.0
comment Created by CloudCompare v2.14.alpha (Sep  7 2025)
comment Created 2025-11-10T16:52:14
obj_info Generated by CloudCompare!
element vertex 16994
property float x
property float y
property float z
property float intensity
end_header
-87.933235 -124.974358 22.371565 68.000000 
-87.923256 -124.965248 22.371733 74.000000 
-87.904793 -124.956154 22.377283 74.000000 
-87.901237 -124.946281 22.372850 74.000000 
-87.894333 -124.936623 22.370672 77.000000 
-87.894020 -124.926552 22.364033 86.000000 
-87.883759 -124.917160 22.364147 77.000000 
-87.869995 -124.907578 22.366339 80.000000 
-87.866287 -124.897797 22.362017 68.000000 
-87.208801 -125.803963 22.372219 85.000000 
-87.205292 -125.793907 22.367710 90.000000 
-87.186821 -125.784683 22.373243 94.000000 
-87.178284 -125.774986 22.372143 82.000000 
-87.168076 -125.765434 22.372194 91.000000 
-87.296600 -125.719490 22.367657 72.000000 
-87.164452 -125.755501 22.367796 85.000000 
-87.271088 -125.710907 22.377235 73.000000 
-87.157501 -125.745796 22.365664 82.000000 
-87.267319 -125.700684 22.372725 73.000000 
-87.143921 -125.736610 22.368067 85.000000 
-87.268517 -125.690025 22.364954 71.000000 
-87.136925 -125.726990 22.365999 65.000000 
-87.264671 -125.679794 22.360472 65.000000 
-87.134827 -125.717003 22.360563 65.000000 
-87.250801 -125.670509 22.362595 68.000000 
-87.367439 -125.622383 22.369207 85.000000 
-87.240242 -125.660980 22.362566 64.000000 
-87.361717 -125.612061 22.365700 85.000000 
-87.344208 -125.603096 22.369696 72.000000 
-87.325027 -125.594437 22.374823 78.000000 
-87.325943 -125.583443 22.367130 76.000000 
-87.315102 -125.573891 22.366974 74.000000 
-87.434235 -125.521461 22.374401 64.000000 
-87.312592 -125.563309 22.361464 78.000000 
-87.429924 -125.510765 22.369829 72.000000 
-87.300034 -125.554062 22.362453 76.000000 
-87.427254 -125.499832 22.364229 74.000000 
-87.285805 -125.545105 22.364571 61.000000 
-87.419487 -125.489647 22.361788 77.000000 
-87.412140 -125.480560 22.359827 81.000000 
-87.536041 -125.423904 22.368198 76.000000 
-87.397606 -125.471489 22.361656 91.000000 
-87.531670 -125.413460 22.363794 82.000000 
-87.386414 -125.461960 22.361423 85.000000 
-87.520012 -125.403091 22.363028 84.000000 
-87.376884 -125.452217 22.360170 68.000000 
-87.502029 -125.395073 22.366850 81.000000 
-87.493721 -125.384239 22.364126 78.000000 
-87.625778 -125.323235 22.371592 95.000000 
-87.489227 -125.373909 22.359831 84.000000 
-87.610657 -125.313988 22.372864 75.000000 
-87.484230 -125.362495 22.355104 84.000000 
-87.600639 -125.303802 22.371206 67.000000 
-87.593994 -125.292976 22.367592 75.000000 
-87.592400 -125.281113 22.361008 85.000000 
-87.578903 -125.271736 22.361439 79.000000 
-87.708214 -125.206619 22.373783 66.000000 
-87.562004 -125.263161 22.363924 85.000000 
-87.702995 -125.195137 22.369101 63.000000 
-87.548492 -125.253937 22.364450 63.000000 
-87.685799 -125.186417 22.371220 68.000000 
-87.673706 -125.176590 22.370481 70.000000 
-87.668396 -125.165207 22.365891 72.000000 
-87.810913 -125.093819 22.375324 76.000000 
-87.659653 -125.154655 22.363272 72.000000 
-87.796539 -125.083626 22.375051 66.000000 
-87.787827 -125.073364 22.372473 66.000000 
-87.778809 -125.062546 22.369690 66.000000 
-87.773453 -125.051445 22.365280 78.000000 
-87.917488 -124.969719 22.374197 67.000000 
-87.762383 -125.040558 22.363274 82.000000 
-87.903015 -124.960052 22.373980 67.000000 
-87.746773 -125.032265 22.364613 65.000000 
-87.886826 -124.950943 22.374722 67.000000 
-87.867203 -124.942902 22.377346 69.000000 
-87.857826 -124.931969 22.374525 67.000000 
-87.851822 -124.920067 22.369896 74.000000 
-86.458038 -126.634834 22.395834 81.000000 
-86.457909 -126.624649 22.389112 90.000000 
-86.451088 -126.614784 22.386835 90.000000 
-86.437599 -126.605324 22.389038 85.000000 
-86.424103 -126.595940 22.391289 82.000000 
-86.556091 -126.550186 22.384790 72.000000 
-86.410599 -126.586624 22.393589 91.000000 
-86.543991 -126.540497 22.385630 67.000000 
-86.406998 -126.576736 22.389214 88.000000 
-86.406662 -126.566620 22.382608 85.000000 
-86.508041 -126.522308 22.395069 65.000000 
-86.403175 -126.557220 22.378477 80.000000 
-86.504448 -126.512650 22.390825 63.000000 
-86.631363 -126.464333 22.391275 65.000000 
-86.500633 -126.502487 22.386374 63.000000 
-86.613907 -126.455200 22.395140 70.000000 
-86.496780 -126.492332 22.381941 61.000000 
-86.608253 -126.444908 22.391632 73.000000 
-86.486244 -126.482834 22.381924 65.000000 
-86.604240 -126.434448 22.387083 74.000000 
-86.603554 -126.423615 22.380419 72.000000 
-86.584366 -126.414940 22.385529 81.000000 
-86.710625 -126.362251 22.389315 65.000000 
-86.571877 -126.405563 22.386414 74.000000 
-86.708069 -126.351273 22.383650 69.000000 
-86.562729 -126.395836 22.385193 78.000000 
-86.697006 -126.341454 22.383196 72.000000 
-86.567131 -126.384933 22.375608 61.000000 
-86.681076 -126.332939 22.386135 77.000000 
-86.673355 -126.322762 22.383677 81.000000 
-86.806053 -126.265511 22.387327 69.000000 
-86.665611 -126.312607 22.381248 85.000000 
-86.796410 -126.255310 22.385679 82.000000 
-86.661209 -126.301971 22.376749 88.000000 
-86.783340 -126.245712 22.386095 72.000000 
-86.645004 -126.293190 22.379633 63.000000 
-86.780449 -126.234459 22.380457 81.000000 
-86.774124 -126.223785 22.376871 72.000000 
-86.896378 -126.165222 22.390978 72.000000 
-86.759293 -126.214630 22.378416 72.000000 
-86.891563 -126.153938 22.386257 95.000000 
-86.742767 -126.205856 22.381037 78.000000 
-86.888420 -126.142334 22.380569 85.000000 
-86.869881 -126.133736 22.383804 89.000000 
-86.851341 -126.125237 22.387100 89.000000 
-86.837906 -126.115807 22.387470 79.000000 
-86.982925 -126.048187 22.391447 63.000000 
-86.832947 -126.104683 22.382902 82.000000 
-86.970924 -126.038155 22.390553 70.000000 
-86.831337 -126.092857 22.376354 67.000000 
-86.960617 -126.027802 22.388735 68.000000 
-86.953697 -126.016716 22.385023 65.000000 
-86.951859 -126.004478 22.378435 65.000000 
-87.098076 -125.932251 22.386587 87.000000 
-86.941452 -125.994217 22.376707 66.000000 
-87.085716 -125.922073 22.385515 84.000000 
-86.915993 -125.988213 22.383995 66.000000 
-87.077042 -125.911690 22.382854 71.000000 
-87.066353 -125.901176 22.380922 73.000000 
-87.047081 -125.892914 22.383724 73.000000 
-87.203949 -125.809250 22.387135 69.000000 
-87.039772 -125.881638 22.379993 76.000000 
-87.184349 -125.800842 22.389532 77.000000 
-87.034126 -125.869934 22.375347 79.000000 
-87.178490 -125.788734 22.384731 74.000000 
-87.028442 -125.858238 22.370722 62.000000 
-87.168861 -125.777000 22.381536 72.000000 
-87.162918 -125.764923 22.376789 74.000000 
-87.146980 -125.756432 22.377785 72.000000 
-87.320442 -125.667053 22.380966 62.000000 
-87.123909 -125.749413 22.382257 65.000000 
-87.445770 -125.530525 22.382858 68.000000 
-87.425362 -125.522202 22.384705 69.000000 
-87.410103 -125.512268 22.384062 78.000000 
-87.403412 -125.499504 22.379204 81.000000 
-87.389488 -125.488464 22.377548 83.000000 
-87.576286 -125.384163 22.385990 71.000000 
-87.375877 -125.478119 22.376179 83.000000 
-87.567513 -125.371544 22.381813 75.000000 
-87.562119 -125.357719 22.376030 75.000000 
-87.548119 -125.347008 22.374374 83.000000 
-87.531029 -125.338280 22.374657 83.000000 
-87.518700 -125.327072 22.372267 92.000000 
-87.702217 -125.217827 22.388506 60.000000 
-87.504639 -125.316559 22.370745 66.000000 
-87.669991 -125.197350 22.386396 63.000000 
-87.660690 -125.184525 22.382244 65.000000 
-87.649643 -125.172409 22.378920 67.000000 
-87.857719 -125.048500 22.391315 75.000000 
-87.854843 -125.032349 22.383955 106.000000 
-87.841644 -125.020454 22.381159 111.000000 
-87.821602 -125.011490 22.381447 120.000000 
-87.804955 -125.001167 22.380266 118.000000 
-87.781509 -124.993843 22.382193 72.000000 
-87.781586 -124.958107 22.364481 65.000000 
-85.713028 -127.476799 22.396563 81.000000 
-85.708008 -127.466782 22.393187 86.000000 
-85.699623 -127.456924 22.392056 90.000000 
-85.676117 -127.447304 22.400764 88.000000 
-85.675995 -127.437164 22.394140 80.000000 
-85.801720 -127.393166 22.391960 72.000000 
-85.672516 -127.427185 22.389761 88.000000 
-85.781342 -127.383957 22.398275 68.000000 
-85.665688 -127.417404 22.387644 91.000000 
-85.771019 -127.374153 22.398134 65.000000 
-85.652420 -127.408546 22.390266 91.000000 
-85.764206 -127.364670 22.396072 68.000000 
-85.635658 -127.399498 22.394976 74.000000 
-85.763863 -127.354172 22.389444 63.000000 
-85.877823 -127.308296 22.398499 61.000000 
-85.750130 -127.344757 22.391586 63.000000 
-85.875664 -127.297585 22.392872 79.000000 
-85.733055 -127.335709 22.395973 68.000000 
-85.868416 -127.287361 22.390446 73.000000 
-85.729294 -127.325569 22.391613 65.000000 
-85.854393 -127.277855 22.392313 74.000000 
-85.837006 -127.268784 22.396364 74.000000 
-85.831367 -127.258530 22.392979 78.000000 
-85.963181 -127.206612 22.393532 64.000000 
-85.822342 -127.248672 22.391766 74.000000 
-85.953949 -127.196449 22.392054 74.000000 
-85.820190 -127.238594 22.386501 78.000000 
-85.943207 -127.187088 22.391876 74.000000 
-85.807770 -127.229202 22.387499 67.000000 
-85.933929 -127.177010 22.390465 72.000000 
-85.796799 -127.219154 22.387241 66.000000 
-85.927795 -127.165985 22.386774 81.000000 
-86.049110 -127.111862 22.397505 63.000000 
-85.916779 -127.156219 22.386477 83.000000 
-86.053223 -127.099518 22.387814 70.000000 
-85.902802 -127.148071 22.388763 81.000000 
-86.049210 -127.089554 22.383654 77.000000 
-85.890076 -127.138680 22.389601 66.000000 
-86.027710 -127.081215 22.389219 72.000000 
-85.885513 -127.127548 22.384983 69.000000 
-86.007698 -127.072174 22.393610 75.000000 
-86.161201 -127.009773 22.389578 65.000000 
-86.003166 -127.061241 22.389093 70.000000 
-86.144501 -127.000549 22.391779 90.000000 
-85.993523 -127.051193 22.387671 72.000000 
-86.119232 -126.992981 22.398973 82.000000 
-85.992302 -127.039703 22.381147 62.000000 
-86.117905 -126.981102 22.392382 92.000000 
-85.981140 -127.030556 22.381033 60.000000 
-86.109940 -126.971062 22.390001 79.000000 
-86.103416 -126.960167 22.386425 85.000000 
-86.233742 -126.897133 22.399256 63.000000 
-86.093208 -126.949402 22.384644 92.000000 
-86.223312 -126.886063 22.397211 65.000000 
-86.074730 -126.940964 22.388126 82.000000 
-86.219971 -126.874153 22.391584 66.000000 
-86.073204 -126.929138 22.381639 67.000000 
-86.204605 -126.864838 22.392735 68.000000 
-86.192642 -126.854858 22.391998 72.000000 
-86.353233 -126.781166 22.392376 87.000000 
-86.184074 -126.844162 22.389362 70.000000 
-86.330650 -126.773308 22.396946 73.000000 
-86.173775 -126.833893 22.387730 75.000000 
-86.318398 -126.763115 22.395975 79.000000 
-86.172478 -126.822830 22.381708 61.000000 
-86.310097 -126.753311 22.393637 82.000000 
-86.301224 -126.742363 22.390860 82.000000 
-86.442795 -126.663231 22.401878 73.000000 
-86.298615 -126.728554 22.383883 82.000000 
-86.438828 -126.650612 22.396198 82.000000 
-86.286255 -126.718521 22.383051 85.000000 
-86.426788 -126.641502 22.395548 86.000000 
-86.267609 -126.711494 22.386503 64.000000 
-86.410706 -126.632172 22.396282 86.000000 
-86.390610 -126.622673 22.398424 77.000000 
-86.381378 -126.611610 22.395611 75.000000 
-86.560707 -126.522820 22.395641 62.000000 
-86.375526 -126.599609 22.390995 74.000000 
-86.526093 -126.504478 22.397490 65.000000 
-86.521652 -126.491547 22.391872 60.000000 
-86.687386 -126.388100 22.397406 68.000000 
-86.502365 -126.468880 22.386023 62.000000 
-86.686073 -126.373573 22.389992 75.000000 
-86.672646 -126.362930 22.388544 78.000000 
-86.652321 -126.354607 22.390549 78.000000 
-86.632004 -126.346390 22.392612 78.000000 
-86.836998 -126.238358 22.392517 71.000000 
-86.618538 -126.335968 22.391310 83.000000 
-86.824898 -126.226852 22.390022 75.000000 
-86.800720 -126.219612 22.393305 81.000000 
-86.795464 -126.205803 22.387615 83.000000 
-86.783287 -126.194450 22.385244 89.000000 
-86.773514 -126.183853 22.382566 92.000000 
-86.952927 -126.078590 22.401037 62.000000 
-86.759575 -126.173218 22.381096 63.000000 
-86.942116 -126.066261 22.397655 65.000000 
-86.930534 -126.052612 22.393818 65.000000 
-86.917931 -126.041016 22.391300 69.000000 
-86.896759 -126.032799 22.392797 81.000000 
-87.128342 -125.902336 22.395056 75.000000 
-87.115303 -125.890266 22.392273 110.000000 
-87.090240 -125.883148 22.394838 115.000000 
-87.077164 -125.871223 22.392153 117.000000 
-87.066574 -125.860046 22.389238 118.000000 
-87.301346 -125.720490 22.398291 103.000000 
-87.058556 -125.846085 22.384335 111.000000 
-87.289513 -125.707329 22.394604 121.000000 
-87.030075 -125.840775 22.388657 63.000000 
-87.267380 -125.698654 22.395308 124.000000 
-87.264038 -125.681877 22.388075 125.000000 
-87.244431 -125.670410 22.386923 125.000000 
-87.215462 -125.665024 22.390717 125.000000 
-87.493988 -125.497650 22.390150 111.000000 
-87.198410 -125.654457 22.389456 117.000000 
-87.472992 -125.487946 22.389795 122.000000 
-87.455406 -125.476768 22.388111 125.000000 
-87.441193 -125.464066 22.385086 125.000000 
-87.426949 -125.451424 22.382103 126.000000 
-87.414368 -125.438034 22.378468 125.000000 
-87.386551 -125.431992 22.381182 118.000000 
-87.369339 -125.421928 22.379995 66.000000 
-84.960526 -128.308014 22.408777 73.000000 
-84.947250 -128.298248 22.410894 90.000000 
-84.942276 -128.288254 22.407530 80.000000 
-84.935616 -128.278351 22.405296 83.000000 
-84.932243 -128.268326 22.400866 83.000000 
-85.043190 -128.225952 22.408794 72.000000 
-84.918884 -128.258774 22.403139 83.000000 
-85.027908 -128.216324 22.411808 67.000000 
-84.902199 -128.249466 22.407696 74.000000 
-85.029411 -128.205734 22.404047 61.000000 
-84.905373 -128.239197 22.398872 77.000000 
-85.012421 -128.196350 22.408228 63.000000 
-84.898575 -128.229446 22.396780 60.000000 
-84.995430 -128.187057 22.412468 61.000000 
-84.898354 -128.219330 22.390215 68.000000 
-84.991806 -128.176880 22.408043 63.000000 
-85.122597 -128.130203 22.406244 76.000000 
-84.988152 -128.166702 22.403633 61.000000 
-85.100212 -128.121338 22.413315 73.000000 
-85.096405 -128.110855 22.408791 73.000000 
-85.088989 -128.100189 22.406185 73.000000 
-85.088478 -128.089386 22.399570 73.000000 
-85.198540 -128.040771 22.413929 63.000000 
-85.072983 -128.080688 22.402805 70.000000 
-85.199806 -128.029938 22.406462 74.000000 
-85.057289 -128.071564 22.405870 76.000000 
-85.199120 -128.018753 22.399803 85.000000 
-85.053528 -128.061707 22.401691 66.000000 
-85.185028 -128.009796 22.401690 91.000000 
-85.046181 -128.051743 22.399462 69.000000 
-85.170715 -128.000366 22.403395 85.000000 
-85.162956 -127.989586 22.400753 91.000000 
-85.297974 -127.934097 22.403265 76.000000 
-85.155373 -127.979370 22.398367 88.000000 
-85.281662 -127.924820 22.405695 88.000000 
-85.147972 -127.969719 22.396229 70.000000 
-85.268974 -127.915657 22.406387 70.000000 
-85.143700 -127.959084 22.391796 70.000000 
-85.267967 -127.904152 22.399786 78.000000 
-85.396156 -127.846992 22.410931 62.000000 
-85.263512 -127.893173 22.395227 81.000000 
-85.389839 -127.835953 22.407207 100.000000 
-85.248833 -127.883873 22.396812 81.000000 
-85.386917 -127.824341 22.401545 82.000000 
-85.225670 -127.876068 22.403559 72.000000 
-85.378807 -127.813637 22.398853 82.000000 
-85.360413 -127.804840 22.402122 79.000000 
-85.346901 -127.794632 22.402252 75.000000 
-85.491272 -127.729790 22.407495 60.000000 
-85.337021 -127.784401 22.400669 82.000000 
-85.481163 -127.719223 22.405636 65.000000 
-85.335632 -127.772568 22.394140 79.000000 
-85.462440 -127.710472 22.408609 65.000000 
-85.327393 -127.762070 22.391619 67.000000 
-85.455727 -127.699310 22.404911 68.000000 
-85.312820 -127.754082 22.393574 62.000000 
-85.454628 -127.688225 22.398811 66.000000 
-85.601929 -127.618607 22.407110 63.000000 
-85.442703 -127.678192 22.398054 70.000000 
-85.588028 -127.608650 22.406967 82.000000 
-85.430763 -127.668221 22.397337 72.000000 
-85.577568 -127.597961 22.405008 73.000000 
-85.411980 -127.659836 22.400543 68.000000 
-85.579132 -127.584488 22.396555 71.000000 
-85.559998 -127.575905 22.399330 79.000000 
-85.540871 -127.567436 22.402164 79.000000 
-85.702217 -127.485291 22.403667 72.000000 
-85.532028 -127.556526 22.399418 88.000000 
-85.675835 -127.478455 22.409706 69.000000 
-85.523155 -127.545654 22.396702 65.000000 
-85.666725 -127.467232 22.406767 69.000000 
-85.524498 -127.532204 22.388350 68.000000 
-85.657585 -127.456039 22.403860 72.000000 
-85.651855 -127.443954 22.399166 74.000000 
-85.628914 -127.436600 22.403620 72.000000 
-85.803665 -127.350639 22.406635 71.000000 
-85.807693 -127.334511 22.396322 66.000000 
-85.791252 -127.325020 22.396788 71.000000 
-85.767921 -127.317657 22.400827 73.000000 
-85.758347 -127.306290 22.397875 76.000000 
-85.940926 -127.212761 22.403046 77.000000 
-85.755608 -127.292862 22.391411 60.000000 
-85.913750 -127.206406 22.408312 76.000000 
-85.903854 -127.194695 22.405176 78.000000 
-85.897377 -127.181908 22.400370 78.000000 
-85.887413 -127.170250 22.397295 85.000000 
-86.078987 -127.067635 22.404007 77.000000 
-85.872261 -127.160347 22.396818 68.000000 
-86.072136 -127.054344 22.399055 78.000000 
-86.060066 -127.042854 22.396584 81.000000 
-86.049690 -127.030807 22.393332 81.000000 
-86.023811 -127.024277 22.397512 86.000000 
-86.226273 -126.912056 22.405970 62.000000 
-86.011681 -127.012978 22.395172 81.000000 
-86.208618 -126.902153 22.405655 63.000000 
-86.004662 -126.999870 22.390394 64.000000 
-86.189232 -126.892982 22.406181 65.000000 
-86.178444 -126.880669 22.402822 67.000000 
-86.165901 -126.869049 22.400290 81.000000 
-86.386299 -126.744720 22.408484 68.000000 
-86.160194 -126.854843 22.394625 67.000000 
-86.373360 -126.732590 22.405647 110.000000 
-86.139030 -126.846619 22.396137 61.000000 
-86.351784 -126.723938 22.406622 116.000000 
-86.352539 -126.706413 22.397827 118.000000 
-86.336067 -126.695808 22.396624 120.000000 
-86.311028 -126.688789 22.399269 120.000000 
-86.549667 -126.548706 22.406904 115.000000 
-86.287704 -126.681206 22.401224 68.000000 
-86.531029 -126.538437 22.406090 123.000000 
-86.502090 -126.532661 22.409672 123.000000 
-86.495430 -126.517418 22.403900 124.000000 
-86.485291 -126.503677 22.399611 126.000000 
-86.464890 -126.494476 22.399729 120.000000 
-86.725182 -126.336693 22.406902 119.000000 
-86.454681 -126.480827 22.395519 102.000000 
-86.717941 -126.320778 22.401020 122.000000 
-86.708946 -126.305649 22.395857 125.000000 
-86.691383 -126.294479 22.394196 126.000000 
-86.658516 -126.290535 22.398848 128.000000 
-86.647728 -126.276382 22.394514 121.000000 
-86.636902 -126.262253 22.390217 113.000000 
-84.202003 -129.145523 22.417261 63.000000 
-84.195335 -129.135010 22.414717 81.000000 
-84.193794 -129.124893 22.409115 83.000000 
-84.180717 -129.115616 22.411495 77.000000 
-84.164146 -129.106018 22.415922 80.000000 
-84.160858 -129.096039 22.411507 80.000000 
-84.278587 -129.054245 22.414711 70.000000 
-84.157532 -129.086075 22.407110 77.000000 
-84.261696 -129.044647 22.418814 63.000000 
-84.154175 -129.076111 22.402729 80.000000 
-84.251526 -129.034775 22.418642 63.000000 
-84.144157 -129.066452 22.402845 83.000000 
-84.248039 -129.024551 22.414165 61.000000 
-84.130989 -129.057526 22.405462 74.000000 
-84.364082 -128.970261 22.415667 71.000000 
-84.234436 -129.005096 22.409849 61.000000 
-84.350250 -128.960526 22.417416 76.000000 
-84.220650 -128.995117 22.411777 61.000000 
-84.349739 -128.949203 22.410515 76.000000 
-84.220375 -128.984726 22.405205 60.000000 
-84.335861 -128.939590 22.412344 76.000000 
-84.322159 -128.930557 22.414446 74.000000 
-84.314995 -128.920441 22.412106 76.000000 
-84.447289 -128.870438 22.412567 65.000000 
-84.310974 -128.909515 22.407433 72.000000 
-84.436317 -128.859863 22.411861 74.000000 
-84.307106 -128.899109 22.403000 74.000000 
-84.425514 -128.849884 22.411425 88.000000 
-84.293335 -128.890305 22.405252 67.000000 
-84.414894 -128.840500 22.411257 88.000000 
-84.282707 -128.880676 22.405178 67.000000 
-84.410843 -128.829803 22.406733 81.000000 
-84.536049 -128.776993 22.415281 76.000000 
-84.406746 -128.819107 22.402225 91.000000 
-84.526680 -128.766663 22.413656 77.000000 
-84.389084 -128.810181 22.406113 73.000000 
-84.530960 -128.754440 22.403978 78.000000 
-84.379868 -128.800217 22.404812 65.000000 
-84.509575 -128.745880 22.409492 75.000000 
-84.375687 -128.789612 22.400391 65.000000 
-84.491615 -128.736938 22.413048 78.000000 
-84.637131 -128.678116 22.413797 69.000000 
-84.484077 -128.727081 22.410778 78.000000 
-84.624237 -128.668762 22.414234 79.000000 
-84.476295 -128.716721 22.408308 75.000000 
-84.611107 -128.658905 22.414482 82.000000 
-84.603104 -128.648239 22.411816 79.000000 
-84.458946 -128.696365 22.404488 63.000000 
-84.601913 -128.636414 22.405222 79.000000 
-84.590424 -128.626389 22.404589 82.000000 
-84.716179 -128.566177 22.420134 63.000000 
-84.575500 -128.617065 22.405981 82.000000 
-84.711349 -128.554626 22.415426 70.000000 
-84.562500 -128.608047 22.406654 85.000000 
-84.706718 -128.543671 22.410973 68.000000 
-84.549255 -128.598541 22.407146 67.000000 
-84.691498 -128.534210 22.412077 72.000000 
-84.679451 -128.523575 22.411074 72.000000 
-84.830429 -128.454437 22.416883 76.000000 
-84.664200 -128.514267 22.412273 72.000000 
-84.818352 -128.444077 22.415833 73.000000 
-84.662628 -128.502136 22.405771 72.000000 
-84.802803 -128.434555 22.416685 82.000000 
-84.657593 -128.490723 22.401224 66.000000 
-84.794144 -128.423553 22.413855 88.000000 
-84.789421 -128.412949 22.409647 85.000000 
-84.928909 -128.337936 22.422754 66.000000 
-84.784134 -128.401184 22.404993 79.000000 
-84.916496 -128.327499 22.421562 67.000000 
-84.765076 -128.392700 22.407888 79.000000 
-84.912712 -128.314941 22.415894 67.000000 
-84.749443 -128.383514 22.408957 67.000000 
-84.889328 -128.306030 22.419737 72.000000 
-84.871674 -128.297134 22.421402 66.000000 
-85.050468 -128.211929 22.422262 65.000000 
-84.864914 -128.286789 22.418119 67.000000 
-85.038269 -128.202591 22.421381 62.000000 
-84.861000 -128.274353 22.412573 61.000000 
-85.020264 -128.193497 22.422680 65.000000 
-85.012047 -128.180313 22.418295 62.000000 
-85.007835 -128.167435 22.412661 68.000000 
-84.999001 -128.157272 22.410162 69.000000 
-85.168411 -128.069839 22.421755 72.000000 
-84.986092 -128.146927 22.408989 60.000000 
-85.151749 -128.060165 22.421936 73.000000 
-85.145149 -128.046738 22.416847 78.000000 
-85.131912 -128.036118 22.415421 75.000000 
-85.104530 -128.029282 22.420612 78.000000 
-85.317589 -127.922112 22.416677 77.000000 
-85.307434 -127.909981 22.413343 89.000000 
-85.284065 -127.903847 22.417065 83.000000 
-85.275597 -127.891251 22.412994 89.000000 
-85.266411 -127.877373 22.408472 99.000000 
-85.448929 -127.774536 22.425940 66.000000 
-85.245804 -127.869003 22.410227 78.000000 
-85.438370 -127.762131 22.422495 69.000000 
-85.237236 -127.856529 22.406265 67.000000 
-85.432961 -127.747894 22.416729 77.000000 
-85.417137 -127.737434 22.415710 75.000000 
-85.403748 -127.727776 22.414440 75.000000 
-85.384453 -127.718735 22.415096 81.000000 
-85.617569 -127.591652 22.417021 103.000000 
-85.607826 -127.577484 22.412439 112.000000 
-85.577713 -127.572121 22.417208 117.000000 
-85.561798 -127.562202 22.416248 119.000000 
-85.548920 -127.550278 22.413570 117.000000 
-85.783539 -127.414841 22.422798 109.000000 
-85.533913 -127.538406 22.411449 66.000000 
-85.776726 -127.398804 22.416668 124.000000 
-85.756485 -127.389229 22.416603 124.000000 
-85.745239 -127.376869 22.413225 124.000000 
-85.724983 -127.367462 22.413265 126.000000 
-85.699577 -127.360359 22.415545 123.000000 
-85.973221 -127.200096 22.417212 116.000000 
-85.684441 -127.348946 22.413513 121.000000 
-85.961029 -127.186470 22.413368 123.000000 
-85.938080 -127.176712 22.413456 126.000000 
-85.922409 -127.164742 22.411091 126.000000 
-85.908424 -127.152061 22.408079 126.000000 
-85.887589 -127.142563 22.407900 124.000000 
-85.873550 -127.130013 22.404980 113.000000 
-83.428375 -129.953064 22.419363 74.000000 
-83.430222 -129.942886 22.411564 83.000000 
-83.420364 -129.932953 22.411522 77.000000 
-83.410492 -129.923080 22.411516 68.000000 
-83.393951 -129.913467 22.416002 77.000000 
-83.521942 -129.871872 22.412645 70.000000 
-83.387360 -129.903595 22.413851 77.000000 
-83.498375 -129.862488 22.421080 65.000000 
-83.384056 -129.893631 22.409491 83.000000 
-83.488251 -129.852570 22.420923 61.000000 
-83.380722 -129.883682 22.405148 83.000000 
-83.481461 -129.842514 22.418631 63.000000 
-83.374039 -129.873886 22.403069 68.000000 
-83.477989 -129.832275 22.414188 61.000000 
-83.599258 -129.788208 22.418779 76.000000 
-83.474480 -129.822052 22.409761 60.000000 
-83.587166 -129.778290 22.419491 76.000000 
-83.460915 -129.812515 22.411921 63.000000 
-83.583511 -129.767761 22.414948 74.000000 
-83.450859 -129.803314 22.412151 61.000000 
-83.573250 -129.758316 22.414898 71.000000 
-83.562790 -129.748413 22.414660 76.000000 
-83.693848 -129.699524 22.416437 61.000000 
-83.548927 -129.738861 22.416595 71.000000 
-83.684845 -129.689224 22.414906 81.000000 
-83.545158 -129.728424 22.412159 72.000000 
-83.677528 -129.678772 22.412374 81.000000 
-83.537796 -129.717819 22.409668 74.000000 
-83.652977 -129.669678 22.420017 83.000000 
-83.537308 -129.707092 22.403126 66.000000 
-83.652405 -129.658569 22.413412 83.000000 
-83.645210 -129.648788 22.411209 83.000000 
-83.772369 -129.596451 22.418673 67.000000 
-83.637787 -129.638489 22.408810 83.000000 
-83.761345 -129.586288 22.418070 77.000000 
-83.626945 -129.628647 22.408533 83.000000 
-83.753716 -129.575729 22.415485 72.000000 
-83.611031 -129.619507 22.411446 63.000000 
-83.747765 -129.564972 22.411917 78.000000 
-83.736664 -129.554947 22.411421 87.000000 
-83.872215 -129.498398 22.418182 84.000000 
-83.715332 -129.546509 22.417080 66.000000 
-83.864319 -129.487595 22.415459 82.000000 
-83.711014 -129.535614 22.412592 68.000000 
-83.854668 -129.477112 22.413752 75.000000 
-83.711739 -129.523926 22.405054 60.000000 
-83.829552 -129.469254 22.420963 75.000000 
-83.828438 -129.457458 22.414398 75.000000 
-83.827278 -129.445633 22.407846 85.000000 
-83.953316 -129.386078 22.423344 62.000000 
-83.823112 -129.435532 22.403746 85.000000 
-83.949020 -129.375656 22.419121 65.000000 
-83.813332 -129.425232 22.402201 82.000000 
-83.942490 -129.364426 22.415407 70.000000 
-83.787727 -129.416718 22.409237 69.000000 
-83.937157 -129.351730 22.410295 70.000000 
-83.921959 -129.342255 22.411459 68.000000 
-84.068108 -129.274948 22.420113 82.000000 
-83.903564 -129.334152 22.414835 68.000000 
-84.063271 -129.263626 22.415598 78.000000 
-83.898628 -129.322708 22.410284 70.000000 
-84.052948 -129.252884 22.413664 79.000000 
-83.888771 -129.312943 22.408897 63.000000 
-84.037682 -129.243912 22.414803 82.000000 
-84.029037 -129.232880 22.412008 91.000000 
-84.161682 -129.159622 22.428473 69.000000 
-84.023544 -129.220490 22.407137 85.000000 
-84.152802 -129.148300 22.425505 69.000000 
-84.011398 -129.210312 22.406288 82.000000 
-84.138687 -129.138306 22.425282 66.000000 
-84.002663 -129.199371 22.403591 67.000000 
-84.140121 -129.124466 22.416943 66.000000 
-84.122780 -129.116043 22.418844 67.000000 
-84.298904 -129.033203 22.421921 65.000000 
-84.105156 -129.107101 22.420563 66.000000 
-84.289642 -129.021576 22.418816 60.000000 
-84.095863 -129.095398 22.417540 66.000000 
-84.280052 -129.009354 22.415501 62.000000 
-84.256866 -129.001648 22.419481 62.000000 
-84.249542 -128.990311 22.415850 65.000000 
-84.247078 -128.976898 22.409365 73.000000 
-84.413200 -128.890625 22.422556 77.000000 
-84.396271 -128.880219 22.422508 76.000000 
-84.386574 -128.868423 22.419367 76.000000 
-84.387550 -128.854126 22.411402 75.000000 
-84.363953 -128.846680 22.415129 78.000000 
-84.560287 -128.745987 22.419722 82.000000 
-84.347260 -128.837173 22.415508 61.000000 
-84.557144 -128.731552 22.413143 82.000000 
-84.540062 -128.721664 22.413115 83.000000 
-84.517448 -128.712921 22.415352 89.000000 
-84.509003 -128.700317 22.411331 86.000000 
-84.697266 -128.596619 22.426464 63.000000 
-84.500519 -128.687729 22.407339 89.000000 
-84.679810 -128.586578 22.426161 69.000000 
-84.483383 -128.678131 22.407505 64.000000 
-84.665817 -128.575394 22.424341 73.000000 
-84.662529 -128.561218 22.418085 75.000000 
-84.651924 -128.548874 22.414759 75.000000 
-84.858322 -128.433762 22.429308 65.000000 
-84.634033 -128.538406 22.414392 73.000000 
-84.857391 -128.416290 22.420971 114.000000 
-84.607880 -128.531906 22.418291 64.000000 
-84.841171 -128.405426 22.419680 120.000000 
-84.826660 -128.393967 22.417683 119.000000 
-84.800056 -128.387268 22.421034 117.000000 
-84.783798 -128.376648 22.419901 119.000000 
-85.020752 -128.241760 22.428198 109.000000 
-84.770966 -128.364746 22.417294 108.000000 
-85.004059 -128.230652 22.426678 123.000000 
-84.983894 -128.221039 22.426651 125.000000 
-84.975784 -128.206528 22.421610 125.000000 
-84.961563 -128.196350 22.420004 125.000000 
-85.215790 -128.047043 22.430387 101.000000 
-84.936218 -128.189148 22.422314 120.000000 
-85.212357 -128.029633 22.423105 123.000000 
-84.911774 -128.179916 22.423473 109.000000 
-85.199379 -128.014450 22.418772 125.000000 
-85.173485 -128.006882 22.420530 126.000000 
-85.154465 -127.996384 22.419584 127.000000 
-85.133728 -127.986755 22.419390 125.000000 
-85.116394 -127.975670 22.417856 121.000000 
-82.664818 -130.772949 22.423397 85.000000 
-82.663414 -130.762817 22.417812 98.000000 
-82.662277 -130.753693 22.412687 104.000000 
-82.652473 -130.743698 22.412672 88.000000 
-82.642654 -130.733765 22.412695 82.000000 
-82.626167 -130.724060 22.417213 88.000000 
-82.752708 -130.683197 22.414928 70.000000 
-82.622620 -130.713058 22.412418 82.000000 
-82.738953 -130.672226 22.416458 65.000000 
-82.619354 -130.703049 22.408077 85.000000 
-82.725510 -130.662369 22.418491 61.000000 
-82.616386 -130.694046 22.404184 77.000000 
-82.722450 -130.653107 22.414486 60.000000 
-82.837265 -130.599503 22.416933 66.000000 
-82.712204 -130.632736 22.407822 63.000000 
-82.828598 -130.589249 22.415550 76.000000 
-82.702026 -130.622879 22.407812 60.000000 
-82.819916 -130.579041 22.414202 84.000000 
-82.688492 -130.613312 22.410038 60.000000 
-82.814583 -130.568588 22.410757 72.000000 
-82.804153 -130.558594 22.410538 72.000000 
-82.786964 -130.549225 22.414631 74.000000 
-82.923218 -130.500198 22.413038 67.000000 
-82.783234 -130.538757 22.410212 71.000000 
-82.915939 -130.489685 22.410528 74.000000 
-82.781334 -130.528656 22.404957 81.000000 
-82.902023 -130.480453 22.412428 74.000000 
-82.894699 -130.470016 22.409985 77.000000 
-82.890732 -130.459229 22.405483 78.000000 
-83.009750 -130.408478 22.418247 76.000000 
-82.883339 -130.448837 22.403091 77.000000 
-83.005623 -130.397369 22.413631 82.000000 
-82.872536 -130.438889 22.402826 81.000000 
-82.998032 -130.386719 22.411058 75.000000 
-82.995537 -130.375397 22.405472 72.000000 
-82.984467 -130.365265 22.404985 72.000000 
-83.110146 -130.310822 22.417940 79.000000 
-82.964867 -130.356430 22.409641 84.000000 
-83.105736 -130.299423 22.413275 85.000000 
-82.960579 -130.345428 22.405157 68.000000 
-83.087540 -130.290222 22.416515 75.000000 
-82.952850 -130.334961 22.402742 68.000000 
-83.074486 -130.280289 22.416851 82.000000 
-83.073410 -130.268417 22.410295 79.000000 
-83.062019 -130.258286 22.409710 79.000000 
-83.193596 -130.198471 22.422371 64.000000 
-83.057449 -130.247025 22.405182 82.000000 
-83.188873 -130.186844 22.417698 72.000000 
-83.044296 -130.237274 22.405664 75.000000 
-83.177208 -130.176529 22.416893 70.000000 
-83.179535 -130.164185 22.408649 70.000000 
-83.160942 -130.155289 22.411766 70.000000 
-83.310989 -130.087997 22.418673 76.000000 
-83.147491 -130.145462 22.412039 75.000000 
-83.297279 -130.077850 22.418592 66.000000 
-83.134033 -130.135696 22.412355 69.000000 
-83.292198 -130.065918 22.413891 66.000000 
-83.269806 -130.057785 22.418568 68.000000 
-83.262947 -130.046310 22.414873 73.000000 
-83.403214 -129.972763 22.427980 67.000000 
-83.261215 -130.033691 22.408384 84.000000 
-83.403053 -129.959290 22.420521 67.000000 
-83.252556 -130.022644 22.405678 67.000000 
-83.392441 -129.948318 22.418501 66.000000 
-83.385254 -129.936539 22.414705 67.000000 
-83.369400 -129.926956 22.415483 69.000000 
-83.540543 -129.845612 22.421186 74.000000 
-83.343178 -129.920074 22.421787 67.000000 
-83.533348 -129.834076 22.417475 65.000000 
-83.523804 -129.821777 22.414185 69.000000 
-83.507874 -129.812653 22.414921 73.000000 
-83.494812 -129.801407 22.413471 69.000000 
-83.489220 -129.789520 22.409002 66.000000 
-83.652374 -129.705078 22.424040 75.000000 
-83.642754 -129.693161 22.420885 76.000000 
-83.636574 -129.680237 22.416069 75.000000 
-83.623421 -129.669434 22.414680 73.000000 
-83.610237 -129.658676 22.413332 81.000000 
-83.803688 -129.559998 22.419786 77.000000 
-83.591858 -129.649597 22.414593 65.000000 
-83.800606 -129.545502 22.413235 82.000000 
-83.781830 -129.536072 22.414055 81.000000 
-83.756454 -129.529663 22.418449 75.000000 
-83.754990 -129.514694 22.411175 81.000000 
-83.743095 -129.503189 22.408854 86.000000 
-83.930298 -129.401276 22.424944 61.000000 
-83.734627 -129.490555 22.404921 67.000000 
-83.916344 -129.389969 22.423143 66.000000 
-83.908943 -129.375580 22.417988 75.000000 
-83.898384 -129.363144 22.414690 75.000000 
-84.113792 -129.245148 22.425468 62.000000 
-83.886421 -129.352036 22.412458 77.000000 
-84.108437 -129.230957 22.419907 105.000000 
-83.860283 -129.345352 22.416376 60.000000 
-84.106133 -129.214752 22.412609 108.000000 
-84.079521 -129.207718 22.415909 115.000000 
-84.061569 -129.197525 22.415493 119.000000 
-84.045334 -129.186737 22.414371 121.000000 
-84.284882 -129.052216 22.422529 115.000000 
-84.032516 -129.174683 22.411772 74.000000 
-84.268204 -129.040924 22.421019 122.000000 
-84.253235 -129.029022 22.418835 124.000000 
-84.233070 -129.019302 22.418873 124.000000 
-84.226669 -129.003967 22.413151 125.000000 
-84.204750 -128.995117 22.414017 123.000000 
-84.466316 -128.843353 22.421734 120.000000 
-84.174255 -128.989990 22.418598 117.000000 
-84.461143 -128.826584 22.415186 125.000000 
-84.442139 -128.815811 22.414194 125.000000 
-84.419693 -128.806641 22.414646 126.000000 
-84.407524 -128.792999 22.410986 125.000000 
-84.388481 -128.782486 22.410152 121.000000 
-81.904625 -131.598083 22.430218 81.000000 
-81.888298 -131.587967 22.434528 94.000000 
-81.881958 -131.577896 22.432264 82.000000 
-81.875595 -131.567856 22.430025 85.000000 
-81.877518 -131.557724 22.422258 94.000000 
-81.862778 -131.547852 22.425631 85.000000 
-81.974541 -131.508560 22.433014 67.000000 
-81.848030 -131.538055 22.429058 94.000000 
-81.972984 -131.498169 22.427408 65.000000 
-81.846695 -131.528534 22.423801 85.000000 
-81.963165 -131.488602 22.427462 60.000000 
-81.840195 -131.518631 22.421705 80.000000 
-82.068199 -131.425568 22.429333 66.000000 
-82.051170 -131.415771 22.433218 70.000000 
-81.936203 -131.447540 22.418180 61.000000 
-82.045975 -131.405334 22.429739 76.000000 
-81.922760 -131.437851 22.420378 60.000000 
-82.040749 -131.394897 22.426283 78.000000 
-82.033981 -131.385132 22.424141 78.000000 
-82.023636 -131.375122 22.423939 81.000000 
-82.148369 -131.328415 22.429482 65.000000 
-82.011581 -131.365295 22.424845 76.000000 
-82.142906 -131.317719 22.425922 72.000000 
-82.007927 -131.354843 22.420427 76.000000 
-82.135712 -131.307220 22.423426 68.000000 
-82.119987 -131.297577 22.426161 77.000000 
-82.116135 -131.286819 22.421646 85.000000 
-82.238884 -131.236893 22.432032 76.000000 
-82.108856 -131.276428 22.419245 78.000000 
-82.226295 -131.226807 22.432446 77.000000 
-82.104935 -131.265686 22.414774 78.000000 
-82.220535 -131.215958 22.428856 75.000000 
-82.216866 -131.206009 22.424732 75.000000 
-82.209335 -131.195404 22.422205 87.000000 
-82.333618 -131.142532 22.435738 79.000000 
-82.197945 -131.184189 22.421293 68.000000 
-82.330627 -131.129776 22.429609 95.000000 
-82.183548 -131.174591 22.422920 66.000000 
-82.324585 -131.118683 22.425938 72.000000 
-82.311623 -131.108643 22.426245 79.000000 
-82.295212 -131.099197 22.428577 72.000000 
-82.292953 -131.088791 22.423475 82.000000 
-82.431892 -131.029114 22.432007 64.000000 
-82.290215 -131.077240 22.417933 85.000000 
-82.411720 -131.020172 22.435928 70.000000 
-82.277168 -131.067413 22.418390 67.000000 
-82.407089 -131.008591 22.431269 70.000000 
-82.402420 -130.997009 22.426630 72.000000 
-82.397705 -130.985443 22.422010 70.000000 
-82.536140 -130.921967 22.435202 76.000000 
-82.386078 -130.975189 22.421286 70.000000 
-82.532967 -130.909668 22.429523 68.000000 
-82.370750 -130.965073 22.422316 70.000000 
-82.526024 -130.897491 22.425493 73.000000 
-82.515831 -130.886642 22.423597 78.000000 
-82.492043 -130.879379 22.429476 79.000000 
-82.639824 -130.805695 22.438557 72.000000 
-82.490448 -130.866806 22.422968 79.000000 
-82.627884 -130.795654 22.437628 91.000000 
-82.482170 -130.856323 22.420475 76.000000 
-82.620872 -130.783859 22.433786 75.000000 
-82.611557 -130.771271 22.430408 70.000000 
-82.609673 -130.758270 22.423895 70.000000 
-82.594437 -130.749847 22.425161 74.000000 
-82.571747 -130.741989 22.429667 72.000000 
-82.753662 -130.659592 22.429171 60.000000 
-82.742485 -130.647751 22.426775 65.000000 
-82.723175 -130.639511 22.429296 65.000000 
-82.717148 -130.626404 22.424341 71.000000 
-82.891701 -130.541351 22.434025 77.000000 
-82.711662 -130.614563 22.419882 69.000000 
-82.868256 -130.533325 22.437609 76.000000 
-82.854668 -130.521149 22.435692 78.000000 
-82.848602 -130.508286 22.430897 78.000000 
-82.839638 -130.497757 22.428310 78.000000 
-83.030373 -130.402145 22.435843 82.000000 
-82.830032 -130.485977 22.425278 69.000000 
-83.027458 -130.387711 22.429272 89.000000 
-83.024483 -130.373260 22.422718 83.000000 
-83.000587 -130.365417 22.426022 83.000000 
-82.983643 -130.355469 22.426107 83.000000 
-82.975357 -130.342804 22.422121 89.000000 
-83.165115 -130.242157 22.436890 64.000000 
-82.961838 -130.331863 22.420647 63.000000 
-83.147461 -130.231277 22.436392 77.000000 
-83.133606 -130.219955 22.434618 75.000000 
-83.121475 -130.208115 22.432096 70.000000 
-83.111038 -130.195709 22.428822 70.000000 
-83.334351 -130.077606 22.435738 105.000000 
-83.321060 -130.063858 22.432446 108.000000 
-83.304993 -130.052872 22.431217 115.000000 
-83.279243 -130.047226 22.435081 111.000000 
-83.259705 -130.037720 22.435480 115.000000 
-83.505486 -129.903763 22.440384 109.000000 
-83.502869 -129.887024 22.433092 123.000000 
-83.462021 -129.885284 22.441746 123.000000 
-83.450684 -129.872086 22.438164 125.000000 
-83.441032 -129.858215 22.433891 124.000000 
-83.431343 -129.844391 22.429655 123.000000 
-83.687210 -129.698166 22.439232 121.000000 
-83.682251 -129.681488 22.432673 126.000000 
-83.664711 -129.669159 22.430727 126.000000 
-83.647575 -129.657669 22.429090 125.000000 
-83.623535 -129.649231 22.430292 127.000000 
-83.606377 -129.637909 22.428766 120.000000 
-81.142319 -132.424683 22.435482 64.000000 
-81.126083 -132.414352 22.439695 90.000000 
-81.104973 -132.404572 22.447498 80.000000 
-81.105400 -132.394547 22.440790 77.000000 
-81.095787 -132.384476 22.440731 80.000000 
-81.096138 -132.374435 22.434050 83.000000 
-81.199883 -132.336411 22.446913 67.000000 
-81.089790 -132.364410 22.431826 86.000000 
-81.198456 -132.326050 22.441261 63.000000 
-81.073463 -132.354507 22.436323 83.000000 
-81.195313 -132.315720 22.436705 65.000000 
-81.073708 -132.344482 22.429697 68.000000 
-81.188766 -132.305481 22.434332 63.000000 
-81.172127 -132.295578 22.438507 61.000000 
-81.299461 -132.254379 22.439787 60.000000 
-81.162186 -132.285553 22.438385 63.000000 
-81.285919 -132.244247 22.441477 83.000000 
-81.158920 -132.275330 22.433933 63.000000 
-81.272369 -132.234177 22.443214 72.000000 
-81.162308 -132.264832 22.425119 61.000000 
-81.265579 -132.223831 22.440765 74.000000 
-81.265518 -132.213104 22.434093 74.000000 
-81.262039 -132.202591 22.429562 74.000000 
-81.378746 -132.157715 22.440413 81.000000 
-81.245018 -132.192947 22.433586 71.000000 
-81.375122 -132.146866 22.435760 91.000000 
-81.227997 -132.183395 22.437672 74.000000 
-81.371452 -132.136032 22.431128 85.000000 
-81.227806 -132.172745 22.431087 67.000000 
-81.354111 -132.126358 22.434813 83.000000 
-81.343956 -132.117249 22.434855 83.000000 
-81.480896 -132.067291 22.437109 76.000000 
-81.333405 -132.107132 22.434477 81.000000 
-81.475281 -132.056335 22.433405 88.000000 
-81.332825 -132.095551 22.427643 70.000000 
-81.447121 -132.047241 22.442614 72.000000 
-81.328995 -132.084824 22.423138 69.000000 
-81.448318 -132.035629 22.434946 78.000000 
-81.440910 -132.024979 22.432354 81.000000 
-81.565659 -131.973358 22.445827 63.000000 
-81.436890 -132.013947 22.427759 70.000000 
-81.564964 -131.961533 22.439129 85.000000 
-81.419365 -132.005157 22.431564 78.000000 
-81.555809 -131.951416 22.437592 82.000000 
-81.410172 -131.994827 22.430094 62.000000 
-81.549858 -131.940308 22.433882 75.000000 
-81.540428 -131.929703 22.432173 82.000000 
-81.522377 -131.920380 22.435452 82.000000 
-81.667053 -131.861389 22.440994 66.000000 
-81.514626 -131.909637 22.432833 79.000000 
-81.652168 -131.851395 22.441961 72.000000 
-81.505135 -131.899185 22.431240 75.000000 
-81.640739 -131.840912 22.441063 66.000000 
-81.632515 -131.829330 22.438047 68.000000 
-81.627945 -131.817749 22.433372 70.000000 
-81.766930 -131.755722 22.446405 65.000000 
-81.623329 -131.806198 22.428717 68.000000 
-81.762154 -131.743774 22.441599 84.000000 
-81.604897 -131.797104 22.431831 72.000000 
-81.757347 -131.731842 22.436815 76.000000 
-81.747765 -131.722122 22.435328 73.000000 
-81.730743 -131.712616 22.437141 85.000000 
-81.880760 -131.639465 22.445061 72.000000 
-81.715202 -131.702271 22.437840 85.000000 
-81.858200 -131.630936 22.449219 72.000000 
-81.706810 -131.691177 22.435061 68.000000 
-81.846100 -131.620255 22.448027 69.000000 
-81.835724 -131.609253 22.445969 64.000000 
-81.828796 -131.597504 22.442131 67.000000 
-81.828773 -131.584183 22.434679 66.000000 
-81.990852 -131.509064 22.445116 65.000000 
-81.981880 -131.497330 22.441986 65.000000 
-81.974892 -131.485825 22.438255 62.000000 
-81.956581 -131.475082 22.439104 65.000000 
-81.937363 -131.466766 22.441608 69.000000 
-82.119324 -131.381226 22.447186 77.000000 
-81.935509 -131.454056 22.435337 67.000000 
-82.117569 -131.368637 22.441051 76.000000 
-82.087212 -131.362366 22.447990 73.000000 
-82.074333 -131.351425 22.446524 72.000000 
-82.080605 -131.335190 22.435738 68.000000 
-82.260017 -131.245148 22.448883 82.000000 
-82.063873 -131.324661 22.435801 66.000000 
-82.253479 -131.231125 22.443630 89.000000 
-82.236702 -131.220917 22.443554 83.000000 
-82.228653 -131.208160 22.439436 78.000000 
-82.220558 -131.195419 22.435349 83.000000 
-82.189476 -131.189087 22.441750 83.000000 
-82.398964 -131.083801 22.446894 69.000000 
-82.383522 -131.072891 22.445784 75.000000 
-82.368736 -131.063431 22.445221 81.000000 
-82.358490 -131.050919 22.441833 77.000000 
-82.347878 -131.037766 22.438238 77.000000 
-82.568825 -130.923264 22.446379 109.000000 
-82.551178 -130.912704 22.445776 108.000000 
-82.531776 -130.902847 22.445986 116.000000 
-82.526306 -130.888092 22.440187 111.000000 
-82.505119 -130.879013 22.441254 114.000000 
-82.745262 -130.750214 22.448889 121.000000 
-82.483940 -130.870026 22.442381 63.000000 
-82.735870 -130.736130 22.444405 125.000000 
-82.705513 -130.730011 22.448635 124.000000 
-82.687363 -130.719391 22.447870 125.000000 
-82.677895 -130.705490 22.443521 126.000000 
-82.666641 -130.692307 22.439936 123.000000 
-82.913467 -130.553055 22.453175 121.000000 
-82.900040 -130.539963 22.449999 126.000000 
-82.895271 -130.523361 22.443407 126.000000 
-82.885651 -130.509659 22.439178 126.000000 
-82.865181 -130.499557 22.438900 125.000000 
-82.840836 -130.490265 22.439825 106.000000 
-80.341118 -133.233261 22.442743 81.000000 
-80.338341 -133.223145 22.438179 90.000000 
-80.325523 -133.212860 22.440264 91.000000 
-80.309357 -133.202591 22.444611 80.000000 
-80.303169 -133.192551 22.442356 91.000000 
-80.300270 -133.182541 22.437902 85.000000 
-80.410866 -133.145447 22.445889 78.000000 
-80.300659 -133.172531 22.431232 88.000000 
-80.412888 -133.135086 22.438070 73.000000 
-80.291054 -133.162537 22.431280 88.000000 
-80.404778 -133.124832 22.436764 65.000000 
-80.274803 -133.152603 22.435852 77.000000 
-80.405037 -133.114471 22.430052 70.000000 
-80.391838 -133.104370 22.432064 67.000000 
-80.507607 -133.064575 22.440428 64.000000 
-80.375275 -133.094437 22.436314 70.000000 
-80.502640 -133.054047 22.436855 76.000000 
-80.375435 -133.084122 22.429670 70.000000 
-80.489174 -133.043884 22.438606 76.000000 
-80.365524 -133.074112 22.429621 70.000000 
-80.473999 -133.033875 22.441471 78.000000 
-80.470650 -133.023376 22.436932 81.000000 
-80.467255 -133.012894 22.432409 81.000000 
-80.592690 -132.968552 22.437489 81.000000 
-80.462318 -133.003021 22.429201 74.000000 
-80.582497 -132.958725 22.437210 81.000000 
-80.448753 -132.993149 22.431156 74.000000 
-80.572105 -132.948410 22.436737 81.000000 
-80.568314 -132.937088 22.431911 75.000000 
-80.554466 -132.927124 22.433596 78.000000 
-80.686691 -132.879364 22.438543 82.000000 
-80.547585 -132.917221 22.431374 81.000000 
-80.677742 -132.868744 22.436876 72.000000 
-80.533707 -132.907379 22.433144 75.000000 
-80.662086 -132.859406 22.439528 72.000000 
-80.654610 -132.848175 22.436689 72.000000 
-80.638931 -132.838989 22.439436 68.000000 
-80.780952 -132.786026 22.442039 79.000000 
-80.642059 -132.827820 22.431011 81.000000 
-80.772118 -132.776428 22.440725 69.000000 
-80.631470 -132.818146 22.430763 66.000000 
-80.764572 -132.765503 22.437984 82.000000 
-80.756592 -132.753494 22.434807 79.000000 
-80.755867 -132.741730 22.428164 82.000000 
-80.741554 -132.732391 22.429712 82.000000 
-80.877968 -132.675842 22.439604 64.000000 
-80.728737 -132.722321 22.430084 85.000000 
-80.875328 -132.663925 22.433880 72.000000 
-80.721046 -132.711578 22.427504 72.000000 
-80.865707 -132.653091 22.432020 79.000000 
-80.838760 -132.645050 22.439844 77.000000 
-80.830841 -132.634079 22.437113 81.000000 
-80.985832 -132.570663 22.440981 67.000000 
-80.826340 -132.622559 22.432476 79.000000 
-80.972679 -132.560852 22.441069 73.000000 
-80.822021 -132.611618 22.428089 73.000000 
-80.964493 -132.549561 22.438158 76.000000 
-80.959991 -132.538269 22.433643 85.000000 
-80.953239 -132.526108 22.429615 73.000000 
-81.086571 -132.458282 22.446367 69.000000 
-80.939995 -132.516495 22.429852 82.000000 
-81.074844 -132.448090 22.445387 72.000000 
-80.917839 -132.508057 22.434618 61.000000 
-81.064590 -132.436981 22.443298 64.000000 
-81.047340 -132.427399 22.444885 67.000000 
-81.037041 -132.416397 22.442881 64.000000 
-81.029671 -132.403473 22.438614 72.000000 
-81.202393 -132.326843 22.442589 68.000000 
-81.197021 -132.314270 22.437719 76.000000 
-81.188652 -132.303802 22.435118 69.000000 
-81.186691 -132.290421 22.428532 69.000000 
-81.166710 -132.280060 22.430334 69.000000 
-81.335609 -132.200119 22.442518 77.000000 
-81.326370 -132.188080 22.439281 78.000000 
-81.314171 -132.178284 22.438271 76.000000 
-81.287399 -132.171005 22.443634 73.000000 
-81.286232 -132.155487 22.435764 68.000000 
-81.487274 -132.061081 22.438145 82.000000 
-81.280365 -132.142670 22.430965 66.000000 
-81.467102 -132.051697 22.439680 82.000000 
-81.455688 -132.039902 22.437174 78.000000 
-81.447739 -132.027115 22.433060 86.000000 
-81.432762 -132.016434 22.432280 81.000000 
-81.428230 -132.002670 22.426580 83.000000 
-81.619308 -131.904907 22.440063 72.000000 
-81.609879 -131.893616 22.437107 77.000000 
-81.591011 -131.883789 22.437639 73.000000 
-81.566895 -131.875748 22.440609 75.000000 
-81.797752 -131.760895 22.444214 68.000000 
-81.560234 -131.862137 22.435690 75.000000 
-81.781990 -131.749588 22.442839 114.000000 
-81.749733 -131.742294 22.447826 111.000000 
-81.742699 -131.728180 22.442770 111.000000 
-81.732124 -131.715286 22.439268 108.000000 
-81.721519 -131.702423 22.435802 111.000000 
-81.953804 -131.578796 22.446060 122.000000 
-81.934799 -131.570038 22.446468 125.000000 
-81.927269 -131.555389 22.441320 125.000000 
-81.910591 -131.543274 22.439596 123.000000 
-81.890785 -131.533295 22.439640 125.000000 
-82.153404 -131.392151 22.446796 64.000000 
-81.875809 -131.520691 22.437292 123.000000 
-82.139717 -131.378174 22.443323 124.000000 
-82.117683 -131.368439 22.443632 125.000000 
-82.098198 -131.359650 22.443825 124.000000 
-82.088326 -131.345230 22.439363 124.000000 
-82.085350 -131.328003 22.432135 125.000000 
-82.064980 -131.317886 22.431950 101.000000 
-79.553612 -134.031006 22.445560 68.000000 
-79.550888 -134.020889 22.440990 90.000000 
-79.546463 -134.010712 22.437542 86.000000 
-79.533684 -134.000397 22.439657 86.000000 
-79.520752 -133.989655 22.441599 83.000000 
-79.514587 -133.979568 22.439360 77.000000 
-79.630478 -133.943100 22.444071 70.000000 
-79.511711 -133.969543 22.434916 77.000000 
-79.614044 -133.932816 22.448143 68.000000 
-79.508797 -133.959518 22.430487 83.000000 
-79.607689 -133.922546 22.445765 61.000000 
-79.502533 -133.949493 22.428320 74.000000 
-79.604660 -133.912262 22.441238 61.000000 
-79.601593 -133.901978 22.436729 65.000000 
-79.588600 -133.892410 22.439020 63.000000 
-79.709427 -133.852997 22.443724 76.000000 
-79.582130 -133.882248 22.436754 61.000000 
-79.711273 -133.842239 22.435936 84.000000 
-79.575783 -133.872620 22.434736 61.000000 
-79.698006 -133.832581 22.437950 78.000000 
-79.681183 -133.822601 22.441917 81.000000 
-79.681236 -133.811951 22.435255 81.000000 
-79.803528 -133.768585 22.442337 87.000000 
-79.674507 -133.801605 22.432886 84.000000 
-79.793221 -133.758163 22.441826 78.000000 
-79.667740 -133.791306 22.430548 78.000000 
-79.786308 -133.747574 22.439278 85.000000 
-79.789581 -133.736298 22.430510 83.000000 
-79.779190 -133.725983 22.430092 85.000000 
-79.890991 -133.680099 22.447046 67.000000 
-79.761978 -133.716232 22.433899 78.000000 
-79.887268 -133.669006 22.442358 77.000000 
-79.751549 -133.706039 22.433571 81.000000 
-79.890373 -133.657288 22.433634 72.000000 
-79.874565 -133.647339 22.436085 70.000000 
-79.857033 -133.637665 22.439611 68.000000 
-79.999603 -133.586060 22.442430 79.000000 
-79.853180 -133.626663 22.435026 68.000000 
-79.988686 -133.575455 22.441620 85.000000 
-79.840744 -133.616577 22.435581 72.000000 
-79.977753 -133.564911 22.440849 85.000000 
-79.970238 -133.553986 22.438137 85.000000 
-79.966148 -133.542664 22.433474 85.000000 
-79.962013 -133.531342 22.428829 85.000000 
-80.083176 -133.477753 22.447359 64.000000 
-79.949455 -133.521744 22.429422 92.000000 
-80.082565 -133.466187 22.440920 75.000000 
-79.924660 -133.513306 22.436825 62.000000 
-80.076485 -133.454803 22.437143 79.000000 
-80.061501 -133.444183 22.437986 77.000000 
-80.043259 -133.434769 22.441051 73.000000 
-80.209068 -133.370544 22.439154 78.000000 
-80.035599 -133.424377 22.438585 83.000000 
-80.195961 -133.360641 22.439232 82.000000 
-80.031136 -133.412857 22.433971 71.000000 
-80.177383 -133.351120 22.441921 79.000000 
-80.162285 -133.341080 22.442797 76.000000 
-80.164536 -133.327942 22.434317 76.000000 
-80.299980 -133.260620 22.449955 78.000000 
-80.163254 -133.315414 22.427727 76.000000 
-80.291573 -133.249069 22.446926 72.000000 
-80.141151 -133.306824 22.432491 70.000000 
-80.279633 -133.238251 22.445745 67.000000 
-80.264183 -133.228210 22.446426 69.000000 
-80.252708 -133.218735 22.445807 67.000000 
-80.240707 -133.208099 22.444752 72.000000 
-80.428146 -133.130142 22.441711 68.000000 
-80.408829 -133.120712 22.443851 73.000000 
-80.396507 -133.109756 22.442530 67.000000 
-80.390617 -133.095978 22.437235 67.000000 
-80.385208 -133.083450 22.432447 73.000000 
-80.540260 -133.007401 22.451057 75.000000 
-80.366379 -133.075577 22.435265 66.000000 
-80.538696 -132.994873 22.444927 76.000000 
-80.526009 -132.983749 22.443430 72.000000 
-80.516792 -132.971756 22.440268 72.000000 
-80.497055 -132.962570 22.442274 75.000000 
-80.712708 -132.865677 22.437811 89.000000 
-80.487793 -132.950699 22.439194 61.000000 
-80.696098 -132.855164 22.437696 85.000000 
-80.672462 -132.846741 22.440922 78.000000 
-80.657585 -132.835922 22.440098 75.000000 
-80.656693 -132.821121 22.432716 78.000000 
-80.843369 -132.726654 22.448677 63.000000 
-80.645256 -132.809372 22.430315 83.000000 
-80.826370 -132.716064 22.448336 77.000000 
-80.826920 -132.700150 22.440142 84.000000 
-80.813377 -132.688583 22.438299 75.000000 
-80.796310 -132.678162 22.438093 73.000000 
-81.019104 -132.567474 22.445513 62.000000 
-80.773987 -132.669525 22.440329 81.000000 
-81.013962 -132.552597 22.439594 114.000000 
-80.980675 -132.547073 22.445841 74.000000 
-80.961449 -132.537018 22.446093 108.000000 
-80.947464 -132.525269 22.444113 114.000000 
-80.936592 -132.511673 22.440397 111.000000 
-81.176628 -132.387054 22.447441 120.000000 
-81.160446 -132.375458 22.445875 124.000000 
-81.144615 -132.364655 22.444618 122.000000 
-81.133636 -132.351273 22.440960 124.000000 
-81.118752 -132.338501 22.438553 124.000000 
-81.093765 -132.330429 22.440853 124.000000 
-81.359879 -132.188171 22.445629 122.000000 
-81.344902 -132.175598 22.443159 125.000000 
-81.322914 -132.165848 22.443527 125.000000 
-81.311783 -132.152817 22.440018 124.000000 
-81.301949 -132.138367 22.435585 123.000000 
-81.292068 -132.123947 22.431190 113.000000 
-78.777695 -134.829910 22.452400 61.000000 
-78.776726 -134.819763 22.446720 68.000000 
-78.775711 -134.809601 22.441050 94.000000 
-78.762993 -134.799118 22.443132 91.000000 
-78.750267 -134.788696 22.445263 88.000000 
-78.740845 -134.778427 22.445221 88.000000 
-78.738045 -134.768326 22.440763 85.000000 
-78.852654 -134.732315 22.446955 73.000000 
-78.728569 -134.758133 22.440786 91.000000 
-78.836273 -134.721893 22.451035 68.000000 
-78.729019 -134.748077 22.434134 85.000000 
-78.826599 -134.711548 22.450832 68.000000 
-78.719490 -134.737961 22.434217 91.000000 
-78.830330 -134.701141 22.441967 63.000000 
-78.823944 -134.690811 22.439640 65.000000 
-78.945389 -134.652100 22.445072 62.000000 
-78.932045 -134.641693 22.446791 80.000000 
-78.804405 -134.670364 22.439453 63.000000 
-78.930550 -134.630981 22.441132 78.000000 
-78.801285 -134.660065 22.435024 61.000000 
-78.920555 -134.620560 22.440804 78.000000 
-78.905457 -134.610397 22.443714 72.000000 
-78.902168 -134.599808 22.439196 72.000000 
-79.026543 -134.556870 22.445589 84.000000 
-78.895477 -134.589386 22.436840 76.000000 
-79.019691 -134.546143 22.443016 91.000000 
-78.893806 -134.578751 22.431290 81.000000 
-79.016220 -134.535233 22.438395 88.000000 
-79.009308 -134.524551 22.435875 88.000000 
-79.005943 -134.514206 22.431524 83.000000 
-79.121635 -134.468475 22.446936 82.000000 
-78.985367 -134.504562 22.437428 85.000000 
-79.119667 -134.457123 22.441235 93.000000 
-78.968185 -134.494797 22.441303 85.000000 
-79.115936 -134.445938 22.436563 78.000000 
-79.101883 -134.435699 22.438004 81.000000 
-79.084381 -134.425873 22.441532 81.000000 
-79.230881 -134.374451 22.442881 79.000000 
-79.077141 -134.415115 22.438995 84.000000 
-79.213074 -134.364487 22.446005 85.000000 
-79.074997 -134.403854 22.433418 72.000000 
-79.200447 -134.354034 22.446230 79.000000 
-79.192986 -134.343018 22.443533 79.000000 
-79.188934 -134.331619 22.438883 79.000000 
-79.184845 -134.320221 22.434252 79.000000 
-79.311638 -134.266464 22.450302 62.000000 
-79.173836 -134.309723 22.433630 82.000000 
-79.309120 -134.254471 22.444595 68.000000 
-79.301346 -134.243256 22.441790 72.000000 
-79.289864 -134.231979 22.440714 68.000000 
-79.273376 -134.222153 22.442816 79.000000 
-79.427475 -134.160568 22.447990 70.000000 
-79.260780 -134.213043 22.443495 79.000000 
-79.418137 -134.150589 22.446465 73.000000 
-79.252907 -134.201996 22.440838 69.000000 
-79.404823 -134.140030 22.446362 78.000000 
-79.398232 -134.127731 22.442320 82.000000 
-79.390083 -134.116364 22.439484 76.000000 
-79.531509 -134.049225 22.453115 72.000000 
-79.389084 -134.104355 22.433144 82.000000 
-79.519630 -134.038239 22.451902 72.000000 
-79.367004 -134.095612 22.437914 64.000000 
-79.510979 -134.025986 22.448675 69.000000 
-79.495560 -134.015808 22.449362 67.000000 
-79.482109 -134.005951 22.449423 66.000000 
-79.666603 -133.929306 22.448803 68.000000 
-79.477112 -133.993729 22.444719 64.000000 
-79.654617 -133.918732 22.447647 68.000000 
-79.642082 -133.906967 22.446047 71.000000 
-79.626282 -133.896667 22.446495 76.000000 
-79.620964 -133.884033 22.441694 76.000000 
-79.619087 -133.870590 22.435148 69.000000 
-79.783775 -133.793655 22.450424 79.000000 
-79.772614 -133.781235 22.447800 76.000000 
-79.766968 -133.768173 22.442907 75.000000 
-79.751045 -133.758499 22.443401 73.000000 
-79.731323 -133.749146 22.445414 72.000000 
-79.945862 -133.653549 22.442457 82.000000 
-79.723831 -133.736679 22.441484 68.000000 
-79.932800 -133.641937 22.440716 82.000000 
-79.907410 -133.633804 22.444763 78.000000 
-79.901337 -133.620361 22.439835 81.000000 
-79.889954 -133.608444 22.437407 86.000000 
-80.075485 -133.515274 22.454811 69.000000 
-79.878242 -133.595901 22.434776 71.000000 
-80.067001 -133.501205 22.450294 81.000000 
-80.058792 -133.487854 22.446062 75.000000 
-80.049118 -133.475754 22.442902 75.000000 
-80.033821 -133.464630 22.441908 81.000000 
-80.257332 -133.354843 22.450111 71.000000 
-80.016762 -133.454147 22.441761 77.000000 
-80.252220 -133.339844 22.444208 112.000000 
-80.224205 -133.332352 22.448179 115.000000 
-80.197960 -133.324448 22.451469 111.000000 
-80.183998 -133.312546 22.449501 111.000000 
-80.184006 -133.295944 22.441467 118.000000 
-80.416084 -133.175323 22.453163 121.000000 
-80.410461 -133.159821 22.447254 125.000000 
-80.390755 -133.149353 22.447191 125.000000 
-80.379791 -133.135803 22.443539 124.000000 
-80.358307 -133.126144 22.444315 124.000000 
-80.336815 -133.116577 22.445150 122.000000 
-80.610832 -132.972763 22.448120 121.000000 
-80.595863 -132.960007 22.445650 125.000000 
-80.566879 -132.952744 22.448799 126.000000 
-80.555374 -132.938782 22.445042 125.000000 
-80.543823 -132.924881 22.441326 126.000000 
-77.983040 -135.598587 22.452324 64.000000 
-77.980392 -135.588333 22.447786 90.000000 
-77.971054 -135.577881 22.447699 91.000000 
-77.968483 -135.568161 22.443430 80.000000 
-77.959091 -135.557785 22.443407 77.000000 
-77.943047 -135.547333 22.447886 82.000000 
-78.074699 -135.511948 22.443300 70.000000 
-77.936935 -135.537140 22.445713 82.000000 
-78.060028 -135.501389 22.446316 73.000000 
-77.934105 -135.527008 22.441324 71.000000 
-78.045349 -135.490921 22.449387 65.000000 
-77.936195 -135.516907 22.433578 71.000000 
-78.039040 -135.480499 22.447063 68.000000 
-78.171089 -135.442413 22.446493 63.000000 
-78.032700 -135.470108 22.444767 65.000000 
-78.156113 -135.431870 22.449255 66.000000 
-78.033020 -135.459656 22.438120 68.000000 
-78.147903 -135.421234 22.447828 83.000000 
-78.023270 -135.449356 22.438065 68.000000 
-78.139656 -135.410660 22.446436 78.000000 
-78.006821 -135.439224 22.442450 63.000000 
-78.138161 -135.399887 22.440819 69.000000 
-78.128166 -135.389420 22.440552 69.000000 
-78.111404 -135.379272 22.444607 69.000000 
-78.253159 -135.335953 22.440769 74.000000 
-78.108124 -135.368637 22.440136 71.000000 
-78.239502 -135.325485 22.442354 77.000000 
-78.104797 -135.358017 22.435682 72.000000 
-78.225830 -135.315094 22.443991 81.000000 
-78.101440 -135.347382 22.431248 63.000000 
-78.225769 -135.303925 22.437332 77.000000 
-78.218849 -135.293182 22.434864 78.000000 
-78.345215 -135.247070 22.444426 67.000000 
-78.208862 -135.283798 22.434973 78.000000 
-78.331604 -135.237747 22.446287 88.000000 
-78.198502 -135.273376 22.434668 81.000000 
-78.329636 -135.226349 22.440628 78.000000 
-78.181160 -135.263000 22.438391 75.000000 
-78.329147 -135.214218 22.433733 84.000000 
-78.311668 -135.204224 22.437281 70.000000 
-78.441360 -135.155029 22.448956 64.000000 
-78.294189 -135.194351 22.440886 64.000000 
-78.435707 -135.143646 22.445225 90.000000 
-78.292076 -135.183014 22.435329 62.000000 
-78.424843 -135.132874 22.444483 82.000000 
-78.286507 -135.172028 22.431841 78.000000 
-78.405319 -135.123138 22.448736 75.000000 
-78.403030 -135.111465 22.443123 79.000000 
-78.393814 -135.100647 22.441507 75.000000 
-78.527893 -135.046539 22.453844 60.000000 
-78.394882 -135.088547 22.433937 79.000000 
-78.523666 -135.034714 22.449123 68.000000 
-78.377014 -135.078888 22.437380 79.000000 
-78.519402 -135.022919 22.444424 66.000000 
-78.515099 -135.011124 22.439745 66.000000 
-78.507507 -135.000427 22.437258 70.000000 
-78.649979 -134.941238 22.449608 70.000000 
-78.489304 -134.990784 22.440393 70.000000 
-78.648941 -134.928497 22.442955 89.000000 
-78.481667 -134.980194 22.437979 70.000000 
-78.639359 -134.917801 22.441235 82.000000 
-78.620819 -134.908051 22.444002 76.000000 
-78.615952 -134.895355 22.439070 79.000000 
-78.754158 -134.828705 22.454760 67.000000 
-78.607803 -134.883896 22.436281 79.000000 
-78.745811 -134.816925 22.451761 77.000000 
-78.599617 -134.872482 22.433525 82.000000 
-78.740921 -134.804489 22.446978 75.000000 
-78.735992 -134.792053 22.442217 78.000000 
-78.717072 -134.782471 22.444784 70.000000 
-78.691185 -134.774429 22.451073 66.000000 
-78.881165 -134.696869 22.447830 68.000000 
-78.693130 -134.760681 22.442757 69.000000 
-78.875923 -134.684052 22.442980 69.000000 
-78.856636 -134.674377 22.445208 73.000000 
-78.851334 -134.661606 22.440424 67.000000 
-78.842758 -134.650314 22.437674 71.000000 
-79.013268 -134.572739 22.450848 77.000000 
-78.840866 -134.636749 22.431164 71.000000 
-79.000648 -134.561264 22.449339 81.000000 
-78.991516 -134.548981 22.446169 83.000000 
-78.982353 -134.536713 22.443033 75.000000 
-78.966148 -134.526291 22.443356 78.000000 
-79.174301 -134.433304 22.444345 63.000000 
-78.951675 -134.515503 22.442871 66.000000 
-79.163025 -134.421066 22.441813 85.000000 
-79.149956 -134.409348 22.440140 89.000000 
-79.128082 -134.400162 22.442627 83.000000 
-79.116425 -134.387421 22.439983 78.000000 
-79.110291 -134.373917 22.435141 81.000000 
-79.287369 -134.283569 22.456810 67.000000 
-79.097122 -134.362442 22.433643 60.000000 
-79.280960 -134.269592 22.451824 77.000000 
-79.269241 -134.257217 22.449242 75.000000 
-79.264832 -134.243439 22.443771 77.000000 
-79.246025 -134.233337 22.444443 73.000000 
-79.468086 -134.124481 22.453508 105.000000 
-79.468262 -134.107697 22.445402 110.000000 
-79.438492 -134.100708 22.450226 114.000000 
-79.424530 -134.088623 22.448275 117.000000 
-79.396538 -134.081329 22.452480 105.000000 
-79.653900 -133.953323 22.454241 120.000000 
-79.396187 -134.063934 22.444262 61.000000 
-79.633865 -133.941849 22.453903 124.000000 
-79.612427 -133.931854 22.454609 125.000000 
-79.605011 -133.916946 22.449543 125.000000 
-79.602798 -133.900146 22.442310 126.000000 
-79.862335 -133.763779 22.453028 61.000000 
-79.579544 -133.891022 22.443899 125.000000 
-79.852676 -133.748810 22.448463 123.000000 
-79.837708 -133.735870 22.446020 126.000000 
-79.816109 -133.726456 22.446663 126.000000 
-79.794113 -133.716370 22.447111 125.000000 
-79.782578 -133.702301 22.443422 126.000000 
-79.771004 -133.688263 22.439772 118.000000 
-77.187874 -136.395935 22.463545 71.000000 
-77.185349 -136.385651 22.458981 94.000000 
-77.172668 -136.374451 22.460836 80.000000 
-77.153435 -136.363586 22.467402 88.000000 
-77.154282 -136.354034 22.460934 74.000000 
-77.148308 -136.343750 22.458700 85.000000 
-77.260132 -136.309402 22.467224 63.000000 
-77.142174 -136.332977 22.456272 85.000000 
-77.250496 -136.298309 22.466751 68.000000 
-77.139458 -136.322830 22.451859 85.000000 
-77.251053 -136.287888 22.460041 65.000000 
-77.120140 -136.312347 22.458672 88.000000 
-77.251572 -136.277451 22.453337 61.000000 
-77.238625 -136.266953 22.455357 61.000000 
-77.365822 -136.229950 22.457870 65.000000 
-77.350929 -136.219330 22.460634 83.000000 
-77.219383 -136.246155 22.455164 60.000000 
-77.347893 -136.208588 22.456032 76.000000 
-77.216713 -136.236816 22.451180 60.000000 
-77.326492 -136.199295 22.463593 78.000000 
-77.321716 -136.188675 22.460117 72.000000 
-77.316582 -136.176987 22.456217 81.000000 
-77.445076 -136.135727 22.460762 72.000000 
-77.308357 -136.166504 22.454933 72.000000 
-77.441795 -136.124725 22.456116 72.000000 
-77.301788 -136.155991 22.452608 72.000000 
-77.435066 -136.113876 22.453564 68.000000 
-77.291817 -136.145645 22.452465 64.000000 
-77.433426 -136.102798 22.447918 77.000000 
-77.416405 -136.092545 22.451675 81.000000 
-77.555168 -136.047058 22.454096 64.000000 
-77.399376 -136.082413 22.455490 93.000000 
-77.548187 -136.035980 22.451406 82.000000 
-77.395935 -136.071518 22.450983 85.000000 
-77.530846 -136.025681 22.454819 75.000000 
-77.392464 -136.060638 22.446493 73.000000 
-77.508347 -136.015900 22.461338 72.000000 
-77.667999 -135.965912 22.456314 61.000000 
-77.506630 -136.005127 22.455952 64.000000 
-77.647064 -135.956451 22.461575 62.000000 
-77.494400 -135.994659 22.456469 72.000000 
-77.629402 -135.946213 22.464697 85.000000 
-77.495850 -135.983047 22.448853 70.000000 
-77.622131 -135.935028 22.461967 89.000000 
-77.483566 -135.972672 22.449438 60.000000 
-77.618279 -135.923508 22.457291 72.000000 
-77.617851 -135.911621 22.450653 72.000000 
-77.603561 -135.901260 22.451971 75.000000 
-77.580650 -135.891983 22.458319 82.000000 
-77.737572 -135.836243 22.457762 66.000000 
-77.574951 -135.880783 22.454760 75.000000 
-77.722992 -135.825745 22.458796 72.000000 
-77.711884 -135.814865 22.457949 70.000000 
-77.700745 -135.804047 22.457146 72.000000 
-77.693047 -135.792801 22.454445 72.000000 
-77.839241 -135.734360 22.464449 68.000000 
-77.695702 -135.780060 22.445948 68.000000 
-77.833076 -135.722504 22.460613 73.000000 
-77.681229 -135.770447 22.447416 70.000000 
-77.830589 -135.710709 22.455168 68.000000 
-77.820854 -135.699448 22.453257 73.000000 
-77.968445 -135.632751 22.464396 60.000000 
-77.811096 -135.688232 22.451382 78.000000 
-77.967247 -135.619614 22.457741 77.000000 
-77.790878 -135.678833 22.455202 76.000000 
-77.950211 -135.609360 22.459255 69.000000 
-77.786285 -135.666824 22.450577 70.000000 
-77.926163 -135.600510 22.464458 64.000000 
-77.913017 -135.576431 22.456825 66.000000 
-78.081223 -135.506088 22.465563 62.000000 
-78.068855 -135.494095 22.463959 62.000000 
-78.071037 -135.480453 22.455851 62.000000 
-78.057098 -135.469543 22.455439 65.000000 
-78.048668 -135.458191 22.452660 62.000000 
-78.230217 -135.379395 22.460468 64.000000 
-78.034164 -135.446121 22.451859 65.000000 
-78.219208 -135.366714 22.457819 75.000000 
-78.025665 -135.434845 22.449152 61.000000 
-78.206680 -135.355164 22.456305 75.000000 
-78.181816 -135.346634 22.460796 66.000000 
-78.172768 -135.334381 22.457676 66.000000 
-78.163963 -135.322815 22.454828 65.000000 
-78.362114 -135.234268 22.460398 85.000000 
-78.165352 -135.307968 22.446625 65.000000 
-78.354492 -135.221100 22.456244 86.000000 
-78.350349 -135.207016 22.450478 81.000000 
-78.332085 -135.196747 22.451321 75.000000 
-78.322289 -135.183472 22.447849 72.000000 
-78.514374 -135.090958 22.463234 61.000000 
-78.295219 -135.175797 22.452934 72.000000 
-78.506340 -135.077408 22.458988 81.000000 
-78.496506 -135.064392 22.455561 77.000000 
-78.469017 -135.056610 22.460094 70.000000 
-78.459137 -135.043732 22.456762 70.000000 
-78.701714 -134.931183 22.457563 65.000000 
-78.443947 -135.032486 22.455854 61.000000 
-78.684380 -134.919891 22.456968 116.000000 
-78.655022 -134.913330 22.461987 118.000000 
-78.644722 -134.899979 22.458471 118.000000 
-78.642838 -134.883118 22.450932 116.000000 
-78.623665 -134.872696 22.451302 118.000000 
-78.862617 -134.752991 22.461269 120.000000 
-78.851860 -134.739136 22.457556 124.000000 
-78.828728 -134.729584 22.458975 124.000000 
-78.803848 -134.720749 22.461189 124.000000 
-78.798271 -134.705246 22.455427 126.000000 
-79.076363 -134.564636 22.458712 104.000000 
-78.776878 -134.695374 22.456291 123.000000 
-79.050964 -134.555420 22.460369 124.000000 
-79.039650 -134.541122 22.456543 127.000000 
-79.019508 -134.530151 22.456238 128.000000 
-79.013382 -134.513977 22.450403 128.000000 
-78.986191 -134.505829 22.453003 127.000000 
-76.381386 -137.186325 22.463543 71.000000 
-76.367310 -137.175354 22.466702 83.000000 
-76.351555 -137.164398 22.471018 80.000000 
-76.345757 -137.154022 22.468742 83.000000 
-76.340057 -137.144196 22.466717 83.000000 
-76.337524 -137.134018 22.462267 83.000000 
-76.447968 -137.100906 22.471659 61.000000 
-76.328323 -137.123596 22.462299 80.000000 
-76.441956 -137.090347 22.469259 61.000000 
-76.315788 -137.113098 22.464611 77.000000 
-76.439270 -137.079880 22.464718 68.000000 
-76.313156 -137.102982 22.460238 80.000000 
-76.429840 -137.069290 22.464546 65.000000 
-76.310501 -137.092880 22.455881 77.000000 
-76.413681 -137.058670 22.468775 61.000000 
-76.410904 -137.048279 22.464317 63.000000 
-76.538139 -137.012589 22.466145 66.000000 
-76.404747 -137.037872 22.462069 63.000000 
-76.519966 -137.001923 22.471100 76.000000 
-76.401901 -137.027512 22.457651 63.000000 
-76.513649 -136.991272 22.468676 76.000000 
-76.392342 -137.017151 22.457657 65.000000 
-76.510674 -136.980606 22.464146 76.000000 
-76.507668 -136.969940 22.459635 72.000000 
-76.634834 -136.930222 22.464989 66.000000 
-76.502937 -136.959305 22.456213 78.000000 
-76.629974 -136.919250 22.461384 77.000000 
-76.481308 -136.949097 22.463558 76.000000 
-76.623375 -136.908371 22.458841 83.000000 
-76.474838 -136.938614 22.461287 74.000000 
-76.606506 -136.897919 22.462578 88.000000 
-76.596443 -136.887268 22.462198 77.000000 
-76.589760 -136.876526 22.459764 78.000000 
-76.730385 -136.832336 22.460455 65.000000 
-76.579483 -136.865433 22.459232 83.000000 
-76.709564 -136.821564 22.465691 77.000000 
-76.572746 -136.854752 22.456863 78.000000 
-76.700951 -136.810684 22.464119 78.000000 
-76.697632 -136.800034 22.459753 66.000000 
-76.694099 -136.788818 22.455175 70.000000 
-76.822716 -136.742416 22.467245 69.000000 
-76.676826 -136.778687 22.458809 68.000000 
-76.813835 -136.731323 22.465508 79.000000 
-76.664680 -136.768234 22.459423 62.000000 
-76.810120 -136.719803 22.460836 85.000000 
-76.659355 -136.757278 22.455967 68.000000 
-76.802902 -136.708603 22.458170 85.000000 
-76.787025 -136.698318 22.460508 82.000000 
-76.781479 -136.687027 22.456919 89.000000 
-76.923332 -136.634796 22.464882 60.000000 
-76.777618 -136.675583 22.452353 89.000000 
-76.907150 -136.624405 22.466902 79.000000 
-76.772202 -136.664902 22.449038 82.000000 
-76.894638 -136.614273 22.467279 77.000000 
-76.890587 -136.602509 22.462629 77.000000 
-76.889961 -136.590302 22.456059 79.000000 
-77.036774 -136.533539 22.465845 64.000000 
-76.868507 -136.580856 22.461172 75.000000 
-77.030739 -136.521622 22.462011 73.000000 
-76.853973 -136.570602 22.462454 75.000000 
-77.026413 -136.509460 22.457264 73.000000 
-77.008087 -136.499451 22.460060 73.000000 
-76.993019 -136.488388 22.460798 73.000000 
-77.137421 -136.423798 22.472916 65.000000 
-76.985115 -136.476898 22.458042 76.000000 
-77.124283 -136.413483 22.472902 66.000000 
-76.980881 -136.465469 22.453653 79.000000 
-77.114403 -136.401993 22.470877 72.000000 
-77.108002 -136.389923 22.467062 66.000000 
-77.103310 -136.377563 22.462360 61.000000 
-77.091583 -136.366501 22.461351 64.000000 
-77.265480 -136.296722 22.466675 71.000000 
-77.074600 -136.356506 22.463140 77.000000 
-77.264046 -136.283188 22.460083 71.000000 
-77.248238 -136.271896 22.460333 73.000000 
-77.236176 -136.260574 22.459103 67.000000 
-77.224083 -136.249329 22.457916 69.000000 
-77.408104 -136.172485 22.464218 68.000000 
-77.222473 -136.235855 22.451429 66.000000 
-77.385132 -136.163254 22.467834 69.000000 
-77.370979 -136.152115 22.467253 69.000000 
-77.365608 -136.139008 22.462439 69.000000 
-77.363434 -136.124405 22.455698 76.000000 
-77.557167 -136.039352 22.463373 71.000000 
-77.345673 -136.114258 22.456951 68.000000 
-77.551460 -136.025696 22.458410 92.000000 
-77.324677 -136.105713 22.460222 69.000000 
-77.537170 -136.014984 22.457836 75.000000 
-77.519043 -136.004578 22.458714 78.000000 
-77.492096 -135.996567 22.463781 81.000000 
-77.488037 -135.982635 22.458147 75.000000 
-77.698349 -135.887207 22.464441 69.000000 
-77.476891 -135.970596 22.455858 70.000000 
-77.674530 -135.878098 22.467369 73.000000 
-77.654243 -135.868118 22.468781 75.000000 
-77.651588 -135.853180 22.462290 75.000000 
-77.643593 -135.839767 22.458214 70.000000 
-77.867455 -135.735245 22.466444 103.000000 
-77.621490 -135.830536 22.460569 61.000000 
-77.860886 -135.720703 22.461382 114.000000 
-77.840134 -135.710541 22.462442 117.000000 
-77.828194 -135.697739 22.459743 115.000000 
-77.798615 -135.690536 22.464748 114.000000 
-77.793671 -135.675644 22.459082 115.000000 
-78.052872 -135.551834 22.459782 121.000000 
-78.028099 -135.542648 22.461954 124.000000 
-78.001572 -135.534180 22.464928 124.000000 
-77.992661 -135.519867 22.460642 125.000000 
-77.974922 -135.508606 22.460066 122.000000 
-78.255753 -135.369934 22.461430 118.000000 
-77.960670 -135.496201 22.458071 120.000000 
-78.241074 -135.356796 22.459003 124.000000 
-78.226357 -135.343750 22.456627 124.000000 
-78.206337 -135.332672 22.456396 124.000000 
-78.172256 -135.326904 22.461842 123.000000 
-78.168022 -135.310181 22.455408 125.000000 
-75.567719 -137.957306 22.468441 61.000000 
-75.563713 -137.946869 22.465010 68.000000 
-75.556351 -137.936249 22.463818 90.000000 
-75.548965 -137.925659 22.462658 97.000000 
-75.531593 -137.914612 22.468210 91.000000 
-75.522499 -137.904053 22.468248 91.000000 
-75.656715 -137.872681 22.462444 64.000000 
-75.513374 -137.893570 22.468323 85.000000 
-75.639008 -137.861603 22.467638 63.000000 
-75.514160 -137.883530 22.461708 88.000000 
-75.631355 -137.850937 22.466375 83.000000 
-75.508293 -137.873215 22.459597 85.000000 
-75.630386 -137.840469 22.460787 68.000000 
-75.502396 -137.862930 22.457512 91.000000 
-75.624344 -137.829880 22.458487 68.000000 
-75.740387 -137.795151 22.468332 60.000000 
-75.483269 -137.852280 22.464489 65.000000 
-75.618279 -137.819321 22.456215 70.000000 
-75.729103 -137.784302 22.469036 66.000000 
-75.612183 -137.808777 22.453970 68.000000 
-75.727959 -137.773499 22.463408 76.000000 
-75.596031 -137.798187 22.458357 70.000000 
-75.720009 -137.762726 22.462053 81.000000 
-75.593361 -137.788284 22.454197 70.000000 
-75.713860 -137.752518 22.459892 78.000000 
-75.587181 -137.777847 22.452047 67.000000 
-75.699097 -137.741882 22.462883 71.000000 
-75.838593 -137.702866 22.461056 60.000000 
-75.692757 -137.731216 22.460566 74.000000 
-75.826965 -137.691986 22.461613 69.000000 
-75.689751 -137.720520 22.456121 76.000000 
-75.811905 -137.681259 22.464298 81.000000 
-75.688400 -137.709793 22.450619 78.000000 
-75.805359 -137.670349 22.461821 91.000000 
-75.670181 -137.699478 22.455940 69.000000 
-75.802185 -137.659332 22.457283 91.000000 
-75.798973 -137.648315 22.452763 83.000000 
-75.919510 -137.606094 22.466024 63.000000 
-75.785515 -137.637756 22.454567 83.000000 
-75.917885 -137.594650 22.460377 82.000000 
-75.768654 -137.627457 22.458527 85.000000 
-75.914490 -137.583313 22.455761 87.000000 
-75.765350 -137.616531 22.454098 78.000000 
-75.897324 -137.572861 22.459326 78.000000 
-75.878433 -137.562622 22.463970 72.000000 
-76.031647 -137.515411 22.462137 74.000000 
-75.880089 -137.551025 22.456381 70.000000 
-76.015900 -137.504761 22.464367 74.000000 
-75.866478 -137.541122 22.458269 68.000000 
-76.000320 -137.494766 22.466883 89.000000 
-75.873184 -137.529114 22.447620 70.000000 
-75.993195 -137.483505 22.464252 85.000000 
-75.861046 -137.518600 22.448318 60.000000 
-75.992943 -137.471634 22.457670 85.000000 
-75.987473 -137.460251 22.454094 92.000000 
-75.976601 -137.448822 22.453318 92.000000 
-76.110123 -137.398209 22.466146 70.000000 
-75.955574 -137.439117 22.458828 96.000000 
-76.106178 -137.386322 22.461485 70.000000 
-75.953644 -137.428040 22.453569 72.000000 
-76.091965 -137.376297 22.462887 70.000000 
-76.077538 -137.365753 22.464106 72.000000 
-76.237030 -137.308563 22.467306 60.000000 
-76.070030 -137.354401 22.461483 70.000000 
-76.227577 -137.297043 22.465368 66.000000 
-76.067680 -137.342392 22.455961 75.000000 
-76.212845 -137.286316 22.466286 78.000000 
-76.065285 -137.330383 22.450457 70.000000 
-76.203339 -137.274902 22.464428 79.000000 
-76.199036 -137.262756 22.459780 79.000000 
-76.346085 -137.199509 22.471581 60.000000 
-76.194916 -137.251205 22.455383 82.000000 
-76.325752 -137.189575 22.474981 72.000000 
-76.180084 -137.240707 22.456463 82.000000 
-76.324730 -137.176498 22.468431 74.000000 
-76.163513 -137.230560 22.458544 73.000000 
-76.306122 -137.166412 22.471024 67.000000 
-76.292763 -137.155518 22.470930 61.000000 
-76.288132 -137.143127 22.466295 64.000000 
-76.281708 -137.131058 22.462601 69.000000 
-76.461037 -137.060516 22.464943 65.000000 
-76.449081 -137.049011 22.463703 71.000000 
-76.444130 -137.036163 22.458961 71.000000 
-76.439133 -137.023315 22.454245 71.000000 
-76.604485 -136.951935 22.470411 63.000000 
-76.423576 -137.012680 22.454895 80.000000 
-76.595734 -136.939423 22.467257 77.000000 
-76.401009 -137.003616 22.459167 71.000000 
-76.586937 -136.926941 22.464136 78.000000 
-76.574585 -136.915283 22.462763 76.000000 
-76.558685 -136.904495 22.463148 69.000000 
-76.779732 -136.814682 22.458620 63.000000 
-76.542778 -136.893799 22.463583 69.000000 
-76.756386 -136.805191 22.461876 78.000000 
-76.535622 -136.881104 22.459757 65.000000 
-76.740120 -136.794083 22.461910 86.000000 
-76.725601 -136.782623 22.461172 71.000000 
-76.716354 -136.769867 22.457998 78.000000 
-76.710594 -136.756241 22.453199 78.000000 
-76.902351 -136.667480 22.468864 61.000000 
-76.690712 -136.746338 22.455082 71.000000 
-76.894547 -136.653809 22.464701 77.000000 
-76.674347 -136.735580 22.455357 64.000000 
-76.884926 -136.640671 22.461365 81.000000 
-76.871735 -136.628540 22.459654 77.000000 
-76.849693 -136.618988 22.461981 73.000000 
-77.102882 -136.507858 22.458385 65.000000 
-76.838219 -136.606506 22.459570 77.000000 
-77.078636 -136.498398 22.460924 112.000000 
-76.819687 -136.596130 22.460407 61.000000 
-77.050850 -136.490143 22.465055 119.000000 
-77.031929 -136.479340 22.465445 105.000000 
-77.025345 -136.464813 22.460529 117.000000 
-77.018715 -136.450317 22.455641 117.000000 
-77.264877 -136.332886 22.462893 117.000000 
-76.997955 -136.440277 22.456945 114.000000 
-77.249023 -136.320572 22.461451 124.000000 
-77.231369 -136.308929 22.460791 125.000000 
-77.210175 -136.298538 22.461651 124.000000 
-77.188965 -136.288254 22.462572 124.000000 
-77.178314 -136.274490 22.459131 124.000000 
-77.465240 -136.135315 22.458534 118.000000 
-77.167625 -136.260757 22.455729 120.000000 
-77.443527 -136.124557 22.458973 123.000000 
-77.423576 -136.113266 22.458773 125.000000 
-77.410645 -136.099533 22.455824 125.000000 
-77.402962 -136.083923 22.450806 125.000000 
-77.379433 -136.074173 22.452173 125.000000 
-74.771423 -138.722504 22.468277 68.000000 
-74.747513 -138.710602 22.478102 80.000000 
-74.745209 -138.700256 22.473614 68.000000 
-74.729340 -138.688080 22.477579 83.000000 
-74.730286 -138.677963 22.470922 83.000000 
-74.728119 -138.668686 22.466944 83.000000 
-74.715736 -138.657883 22.469248 77.000000 
-74.706650 -138.647324 22.469358 80.000000 
-74.827522 -138.615509 22.472178 65.000000 
-74.700836 -138.636932 22.467260 77.000000 
-74.814873 -138.604630 22.474224 63.000000 
-74.701607 -138.626831 22.460686 74.000000 
-74.802200 -138.593826 22.476320 65.000000 
-74.948929 -138.560349 22.467161 69.000000 
-74.702332 -138.616699 22.454119 77.000000 
-74.796211 -138.583252 22.474087 63.000000 
-74.927513 -138.549240 22.474213 70.000000 
-74.790184 -138.572693 22.471882 63.000000 
-74.916267 -138.538330 22.474968 60.000000 
-74.794159 -138.562302 22.463106 63.000000 
-74.903297 -138.527481 22.476831 76.000000 
-74.903847 -138.516663 22.470205 72.000000 
-74.894211 -138.505905 22.470005 76.000000 
-75.022102 -138.467865 22.475807 64.000000 
-74.884552 -138.495193 22.469845 72.000000 
-75.025940 -138.456573 22.467062 66.000000 
-74.874870 -138.484528 22.469725 72.000000 
-75.017761 -138.445541 22.465593 81.000000 
-74.868530 -138.473862 22.467485 76.000000 
-75.007843 -138.434601 22.465200 83.000000 
-74.862160 -138.463211 22.465277 71.000000 
-74.987686 -138.424042 22.471115 88.000000 
-74.984543 -138.412994 22.466627 85.000000 
-75.122581 -138.370743 22.469954 65.000000 
-74.981361 -138.401962 22.462158 88.000000 
-75.105507 -138.360031 22.473440 77.000000 
-74.974747 -138.391068 22.459814 85.000000 
-75.097031 -138.348923 22.471903 81.000000 
-74.961311 -138.380524 22.461716 83.000000 
-75.097107 -138.337372 22.465307 75.000000 
-74.946167 -138.370163 22.464725 60.000000 
-75.086845 -138.326431 22.464848 75.000000 
-75.223259 -138.281204 22.473547 74.000000 
-75.067993 -138.316132 22.469549 72.000000 
-75.212776 -138.270035 22.472832 65.000000 
-75.059570 -138.305771 22.468380 78.000000 
-75.218033 -138.258224 22.463480 72.000000 
-75.056091 -138.294510 22.463934 75.000000 
-75.198837 -138.247833 22.467781 69.000000 
-75.059402 -138.282730 22.455383 66.000000 
-75.181358 -138.237411 22.471153 79.000000 
-75.170776 -138.226456 22.470598 82.000000 
-75.165344 -138.215042 22.467083 85.000000 
-75.307915 -138.164383 22.475353 68.000000 
-75.161598 -138.203491 22.462593 85.000000 
-75.300552 -138.152817 22.472639 68.000000 
-75.145767 -138.193176 22.465151 69.000000 
-75.293159 -138.141266 22.469955 66.000000 
-75.446388 -138.086151 22.477810 63.000000 
-75.292679 -138.128937 22.463423 66.000000 
-75.437019 -138.074478 22.475851 70.000000 
-75.271332 -138.119125 22.468569 68.000000 
-75.429382 -138.062622 22.472996 78.000000 
-75.260376 -138.108139 22.467937 72.000000 
-75.423454 -138.050552 22.469233 82.000000 
-75.256325 -138.096313 22.463438 70.000000 
-75.415741 -138.038742 22.466436 85.000000 
-75.394020 -138.028992 22.471207 82.000000 
-75.558929 -137.963242 22.474127 65.000000 
-75.393234 -138.016251 22.464716 82.000000 
-75.531586 -137.954224 22.481146 77.000000 
-75.385429 -138.004578 22.462025 85.000000 
-75.527107 -137.941635 22.476429 72.000000 
-75.374115 -137.993454 22.461262 71.000000 
-75.515572 -137.930222 22.475384 72.000000 
-75.511017 -137.917664 22.470722 78.000000 
-75.495918 -137.906967 22.471581 74.000000 
-75.477303 -137.896973 22.474325 72.000000 
-75.669479 -137.825119 22.470940 62.000000 
-75.655807 -137.813812 22.470589 68.000000 
-75.643875 -137.802246 22.469400 69.000000 
-75.635429 -137.790024 22.466480 73.000000 
-75.824318 -137.714783 22.472063 67.000000 
-75.626953 -137.777832 22.463594 73.000000 
-75.806755 -137.703995 22.473156 75.000000 
-75.625450 -137.764206 22.457176 67.000000 
-75.794472 -137.692139 22.471748 78.000000 
-75.785706 -137.679565 22.468674 81.000000 
-75.776894 -137.667023 22.465635 78.000000 
-75.972061 -137.584488 22.474344 66.000000 
-75.761009 -137.656128 22.466063 78.000000 
-75.964737 -137.571060 22.470249 78.000000 
-75.738075 -137.646957 22.469986 72.000000 
-75.957375 -137.557632 22.466183 89.000000 
-75.939346 -137.546860 22.467089 86.000000 
-75.914246 -137.537949 22.471354 81.000000 
-75.912086 -137.523346 22.464930 78.000000 
-75.906357 -137.509644 22.460186 78.000000 
-76.089630 -137.423828 22.480198 67.000000 
-75.886497 -137.499634 22.462122 68.000000 
-76.083633 -137.409637 22.475309 77.000000 
-76.075813 -137.395950 22.471241 75.000000 
-76.060883 -137.384247 22.470390 77.000000 
-76.293541 -137.280609 22.476736 71.000000 
-76.047699 -137.372116 22.468788 77.000000 
-76.281792 -137.267395 22.473993 112.000000 
-76.264687 -137.255783 22.473570 119.000000 
-76.244026 -137.245331 22.474724 116.000000 
-76.225121 -137.234436 22.475176 117.000000 
-76.204445 -137.224197 22.476450 114.000000 
-76.472610 -137.101639 22.475283 114.000000 
-76.204918 -137.207474 22.468569 111.000000 
-76.446159 -137.092590 22.478220 124.000000 
-76.423256 -137.082535 22.479771 125.000000 
-76.419823 -137.066238 22.473349 124.000000 
-76.405716 -137.053436 22.471346 125.000000 
-76.688713 -136.918396 22.474234 113.000000 
-76.393356 -137.040100 22.468655 127.000000 
-76.674164 -136.904922 22.471851 121.000000 
-76.663116 -136.890274 22.468128 125.000000 
-76.639656 -136.880035 22.469322 125.000000 
-76.617958 -136.869278 22.469885 125.000000 
-76.605064 -136.855469 22.467005 126.000000 
-76.593895 -136.841064 22.463465 123.000000 
-73.946526 -139.480957 22.484587 68.000000 
-73.939316 -139.470169 22.483345 77.000000 
-73.937065 -139.459763 22.478823 80.000000 
-73.929787 -139.449020 22.477638 94.000000 
-73.920822 -139.438217 22.477596 88.000000 
-73.898560 -139.426682 22.486490 88.000000 
-74.036720 -139.396896 22.479189 64.000000 
-73.896194 -139.416382 22.482086 82.000000 
-74.029205 -139.385986 22.477854 63.000000 
-73.893784 -139.406097 22.477699 88.000000 
-74.003189 -139.374420 22.488470 60.000000 
-73.888031 -139.395660 22.475569 91.000000 
-73.997314 -139.363708 22.486145 68.000000 
-73.887207 -139.385452 22.470097 94.000000 
-73.994759 -139.353134 22.481670 63.000000 
-74.119774 -139.319916 22.486736 65.000000 
-73.871475 -139.374649 22.474766 94.000000 
-73.992172 -139.342560 22.477215 68.000000 
-74.118797 -139.309021 22.481075 82.000000 
-73.979500 -139.331757 22.479340 65.000000 
-74.110992 -139.298035 22.479664 74.000000 
-73.963470 -139.320969 22.483706 65.000000 
-74.103149 -139.287094 22.478285 76.000000 
-73.964134 -139.310547 22.477139 65.000000 
-74.088516 -139.276169 22.481199 81.000000 
-74.077248 -139.265320 22.482031 72.000000 
-74.217377 -139.227814 22.480888 60.000000 
-74.071022 -139.254532 22.479700 74.000000 
-74.212715 -139.216629 22.477287 66.000000 
-74.064774 -139.243759 22.477398 72.000000 
-74.194336 -139.205719 22.482002 77.000000 
-74.065231 -139.232941 22.470825 76.000000 
-74.191322 -139.194580 22.477432 91.000000 
-74.053856 -139.222290 22.471802 76.000000 
-74.184853 -139.183533 22.474964 88.000000 
-74.044144 -139.211655 22.471741 71.000000 
-74.185181 -139.172302 22.468348 85.000000 
-74.168427 -139.161636 22.472206 88.000000 
-74.155060 -139.150940 22.474026 83.000000 
-74.299942 -139.108383 22.473135 70.000000 
-74.152039 -139.140457 22.469807 88.000000 
-74.288200 -139.097961 22.473837 72.000000 
-74.145424 -139.129578 22.467491 81.000000 
-74.271118 -139.087311 22.477406 87.000000 
-74.423454 -139.041763 22.477566 79.000000 
-74.136917 -139.118256 22.466043 63.000000 
-74.267593 -139.075378 22.472645 81.000000 
-74.407639 -139.030243 22.479511 67.000000 
-74.265907 -139.063904 22.467106 72.000000 
-74.383301 -139.020065 22.486681 79.000000 
-74.379936 -139.008972 22.482290 79.000000 
-74.378090 -138.997162 22.476698 75.000000 
-74.372742 -138.985641 22.473110 79.000000 
-74.365631 -138.974289 22.470543 79.000000 
-74.346222 -138.963516 22.474771 85.000000 
-74.492455 -138.912827 22.481253 72.000000 
-74.344231 -138.951767 22.469278 79.000000 
-74.481628 -138.901581 22.480461 66.000000 
-74.463821 -138.891190 22.483578 68.000000 
-74.638214 -138.833939 22.480198 65.000000 
-74.456436 -138.879684 22.480940 72.000000 
-74.618332 -138.823547 22.483814 66.000000 
-74.459625 -138.867554 22.472729 70.000000 
-74.600403 -138.813644 22.486795 78.000000 
-74.455627 -138.855637 22.468189 70.000000 
-74.601524 -138.800629 22.479301 79.000000 
-74.593842 -138.788803 22.476507 76.000000 
-74.739845 -138.726669 22.489967 65.000000 
-74.580887 -138.777756 22.476570 73.000000 
-74.737236 -138.713715 22.484278 66.000000 
-74.574890 -138.765762 22.472904 76.000000 
-74.731049 -138.701294 22.480419 72.000000 
-74.563629 -138.754547 22.472101 76.000000 
-74.712517 -138.690872 22.482946 69.000000 
-74.552345 -138.743408 22.471340 68.000000 
-74.690460 -138.681152 22.487356 67.000000 
-74.682434 -138.669189 22.484529 74.000000 
-74.683144 -138.655746 22.477160 77.000000 
-74.675041 -138.643814 22.474384 72.000000 
-74.841110 -138.577209 22.484705 62.000000 
-74.831924 -138.552536 22.475704 60.000000 
-75.014244 -138.479721 22.485243 60.000000 
-74.816475 -138.541641 22.476315 62.000000 
-75.003830 -138.467331 22.482899 67.000000 
-74.800758 -138.530182 22.476746 60.000000 
-74.998436 -138.453201 22.477800 79.000000 
-74.977333 -138.443176 22.480633 76.000000 
-74.954193 -138.432983 22.484144 72.000000 
-74.948967 -138.419678 22.479410 73.000000 
-75.162086 -138.333633 22.479900 66.000000 
-74.943695 -138.406357 22.474701 78.000000 
-75.138802 -138.323898 22.483160 85.000000 
-74.940132 -138.392670 22.469156 66.000000 
-75.133263 -138.310059 22.478285 81.000000 
-75.125900 -138.296661 22.474258 86.000000 
-75.113190 -138.284592 22.472736 86.000000 
-75.102219 -138.272125 22.470430 81.000000 
-75.293129 -138.185364 22.487803 64.000000 
-75.073578 -138.264221 22.476454 75.000000 
-75.281868 -138.172485 22.485237 67.000000 
-75.272339 -138.159180 22.481920 73.000000 
-75.252151 -138.148804 22.483398 75.000000 
-75.499680 -138.042419 22.484190 65.000000 
-75.244339 -138.135132 22.479370 81.000000 
-75.486198 -138.029572 22.482145 110.000000 
-75.229416 -138.123444 22.478563 66.000000 
-75.463806 -138.019348 22.483931 118.000000 
-75.443176 -138.008728 22.485023 118.000000 
-75.433189 -137.995071 22.481611 118.000000 
-75.432007 -137.978790 22.474421 120.000000 
-75.663704 -137.868866 22.489754 111.000000 
-75.409546 -137.968933 22.476427 114.000000 
-75.653305 -137.854645 22.486113 124.000000 
-75.644638 -137.839890 22.481783 125.000000 
-75.627060 -137.828018 22.481129 125.000000 
-75.600609 -137.819092 22.484177 126.000000 
-75.889748 -137.683792 22.485577 62.000000 
-75.593620 -137.803925 22.479246 126.000000 
-75.873474 -137.670792 22.483833 118.000000 
-75.575981 -137.792297 22.478750 121.000000 
-75.851845 -137.659683 22.484221 123.000000 
-75.835533 -137.646866 22.482586 126.000000 
-75.819199 -137.634109 22.481003 128.000000 
-75.811668 -137.618317 22.475977 129.000000 
-75.791733 -137.606949 22.475885 127.000000 
-73.182205 -140.192398 22.473457 64.000000 
-73.123604 -140.218323 22.479193 71.000000 
-73.111633 -140.208160 22.481750 71.000000 
-73.106071 -140.197495 22.479473 80.000000 
-73.098816 -140.186737 22.478333 90.000000 
-73.096512 -140.176315 22.473886 91.000000 
-73.216690 -140.145966 22.479038 63.000000 
-73.080910 -140.165131 22.478380 85.000000 
-73.217628 -140.135376 22.472303 63.000000 
-73.071922 -140.154404 22.478462 82.000000 
-73.211807 -140.124481 22.469913 61.000000 
-73.066216 -140.143906 22.476341 80.000000 
-73.194206 -140.113144 22.475155 73.000000 
-73.063782 -140.133591 22.472000 85.000000 
-73.176598 -140.101944 22.480461 67.000000 
-73.325706 -140.069763 22.471029 65.000000 
-73.061317 -140.123276 22.467674 80.000000 
-73.180748 -140.091522 22.471640 70.000000 
-73.306076 -140.058365 22.476957 74.000000 
-73.178162 -140.080872 22.467194 67.000000 
-73.289825 -140.047165 22.480839 76.000000 
-73.168716 -140.069534 22.466932 67.000000 
-73.285286 -140.035645 22.477119 90.000000 
-73.159370 -140.058777 22.466930 68.000000 
-73.284241 -140.024719 22.471523 94.000000 
-73.146805 -140.048538 22.469387 68.000000 
-73.274834 -140.014282 22.471500 91.000000 
-73.394913 -139.977325 22.483322 61.000000 
-73.137421 -140.037903 22.469465 64.000000 
-73.260193 -140.003357 22.474497 74.000000 
-73.395439 -139.966034 22.476631 63.000000 
-73.247078 -139.991974 22.476255 76.000000 
-73.388924 -139.954254 22.473867 68.000000 
-73.240837 -139.981171 22.473986 69.000000 
-73.375694 -139.943207 22.475519 72.000000 
-73.244675 -139.970276 22.465284 76.000000 
-73.367561 -139.932129 22.474096 74.000000 
-73.231628 -139.959579 22.467375 74.000000 
-73.355995 -139.921173 22.474794 72.000000 
-73.503319 -139.879791 22.473751 67.000000 
-73.358185 -139.910431 22.467388 74.000000 
-73.486488 -139.869385 22.477409 61.000000 
-73.355064 -139.899261 22.462908 85.000000 
-73.484993 -139.857788 22.471775 93.000000 
-73.338158 -139.888046 22.466639 78.000000 
-73.474686 -139.846024 22.471006 81.000000 
-73.605049 -139.802673 22.484707 66.000000 
-73.314598 -139.877792 22.474869 70.000000 
-73.467949 -139.834717 22.468470 84.000000 
-73.603394 -139.790710 22.479012 79.000000 
-73.454483 -139.824387 22.470272 81.000000 
-73.594910 -139.779800 22.477503 69.000000 
-73.437401 -139.813782 22.473944 81.000000 
-73.594902 -139.767715 22.470860 92.000000 
-73.434013 -139.802399 22.469469 87.000000 
-73.572311 -139.757324 22.477085 89.000000 
-73.428879 -139.791138 22.466042 72.000000 
-73.556648 -139.746521 22.479420 82.000000 
-73.719559 -139.696060 22.478418 60.000000 
-73.553078 -139.734787 22.474852 82.000000 
-73.698357 -139.685516 22.483240 70.000000 
-73.549469 -139.723083 22.470304 79.000000 
-73.538918 -139.711990 22.469772 79.000000 
-73.678619 -139.662506 22.480587 75.000000 
-73.533508 -139.700470 22.466276 72.000000 
-73.669586 -139.650986 22.478834 70.000000 
-73.830627 -139.596420 22.483749 63.000000 
-73.665741 -139.638947 22.474220 68.000000 
-73.823112 -139.584335 22.480818 76.000000 
-73.654900 -139.627686 22.473501 66.000000 
-73.810295 -139.572937 22.480715 68.000000 
-73.640755 -139.617493 22.474993 68.000000 
-73.804680 -139.561340 22.477158 84.000000 
-73.633339 -139.605942 22.472412 68.000000 
-73.797066 -139.549362 22.474325 76.000000 
-73.631088 -139.593781 22.466934 65.000000 
-73.775421 -139.539291 22.479033 79.000000 
-73.773003 -139.526703 22.473461 73.000000 
-73.933571 -139.463333 22.480076 67.000000 
-73.763763 -139.515717 22.471909 76.000000 
-73.920380 -139.451889 22.479834 66.000000 
-73.759514 -139.503403 22.467327 76.000000 
-73.917503 -139.438202 22.473951 72.000000 
-73.748047 -139.491501 22.466330 71.000000 
-73.906006 -139.426575 22.472879 72.000000 
-73.894478 -139.415009 22.471848 69.000000 
-73.870651 -139.405548 22.477261 82.000000 
-74.067451 -139.334702 22.473301 60.000000 
-73.869606 -139.392334 22.470825 68.000000 
-74.050316 -139.323761 22.474644 68.000000 
-73.861504 -139.380325 22.468081 64.000000 
-74.041992 -139.311279 22.471638 66.000000 
-74.026825 -139.300812 22.472433 67.000000 
-74.025482 -139.287064 22.465961 69.000000 
-74.204605 -139.215088 22.477627 67.000000 
-74.024094 -139.273285 22.459505 69.000000 
-74.197731 -139.201889 22.473614 77.000000 
-74.005081 -139.263031 22.461960 67.000000 
-74.181961 -139.190552 22.473886 83.000000 
-74.180321 -139.176285 22.467386 83.000000 
-74.160957 -139.165833 22.469452 83.000000 
-74.367676 -139.082108 22.474142 71.000000 
-74.141594 -139.155502 22.471579 83.000000 
-74.360413 -139.068466 22.470024 82.000000 
-74.132790 -139.142883 22.468609 72.000000 
-74.340668 -139.057770 22.471678 86.000000 
-74.322418 -139.046066 22.472326 81.000000 
-74.311508 -139.033432 22.469978 83.000000 
-74.311180 -139.018219 22.462713 89.000000 
-74.300194 -139.005646 22.460432 83.000000 
-74.486176 -138.920425 22.480730 67.000000 
-74.278595 -138.995819 22.463173 67.000000 
-74.474907 -138.907440 22.478197 69.000000 
-74.697594 -138.792938 22.483452 68.000000 
-74.457878 -138.880905 22.471107 61.000000 
-74.695175 -138.777710 22.477137 108.000000 
-74.437653 -138.870483 22.472670 65.000000 
-74.685257 -138.763733 22.473612 117.000000 
-74.668175 -138.751831 22.473158 117.000000 
-74.647530 -138.741058 22.474277 117.000000 
-74.633972 -138.728302 22.472408 118.000000 
-74.896706 -138.610123 22.476202 111.000000 
-74.627464 -138.713486 22.467529 117.000000 
-74.864922 -138.602249 22.481203 111.000000 
-74.617043 -138.699020 22.463968 117.000000 
-74.843483 -138.590454 22.481688 123.000000 
-74.836594 -138.575043 22.476669 124.000000 
-74.829651 -138.559662 22.471682 124.000000 
-74.808495 -138.548859 22.472574 124.000000 
-75.094551 -138.414978 22.476131 108.000000 
-74.792976 -138.537216 22.471573 124.000000 
-75.087524 -138.399643 22.471220 121.000000 
-75.064087 -138.388962 22.472322 125.000000 
-75.040268 -138.377609 22.473238 124.000000 
-75.034523 -138.361008 22.467501 125.000000 
-75.020264 -138.348328 22.465538 125.000000 
-75.014420 -138.331772 22.459866 124.000000 
-72.305344 -140.975128 22.488724 68.000000 
-72.304672 -140.963669 22.482632 68.000000 
-72.290871 -140.952240 22.485834 94.000000 
-72.270615 -140.941437 22.493958 97.000000 
-72.268410 -140.931015 22.489517 94.000000 
-72.257751 -140.919525 22.490427 88.000000 
-72.388031 -140.890457 22.489105 60.000000 
-72.258797 -140.909348 22.483807 85.000000 
-72.375580 -140.879181 22.491030 63.000000 
-72.248077 -140.897934 22.484787 94.000000 
-72.373070 -140.867920 22.486286 65.000000 
-72.237457 -140.887100 22.486031 80.000000 
-72.363922 -140.856903 22.486126 65.000000 
-72.228462 -140.876434 22.486197 77.000000 
-72.354752 -140.845947 22.486004 60.000000 
-72.485413 -140.813919 22.488508 69.000000 
-72.335495 -140.834686 22.492458 61.000000 
-72.486221 -140.802948 22.481802 65.000000 
-72.333229 -140.825150 22.488499 60.000000 
-72.466888 -140.792664 22.488245 85.000000 
-72.332352 -140.814575 22.483019 73.000000 
-72.450676 -140.781464 22.492182 85.000000 
-72.337990 -140.803635 22.472944 68.000000 
-72.447868 -140.769974 22.487452 81.000000 
-72.438385 -140.758987 22.487228 71.000000 
-72.442543 -140.748642 22.478725 79.000000 
-72.560982 -140.712036 22.491625 69.000000 
-72.427933 -140.737701 22.481766 78.000000 
-72.559822 -140.700760 22.486012 74.000000 
-72.408241 -140.726868 22.488077 78.000000 
-72.556908 -140.689499 22.481449 81.000000 
-72.403717 -140.716049 22.484781 74.000000 
-72.543709 -140.678421 22.483143 83.000000 
-72.684601 -140.638336 22.486797 62.000000 
-72.533752 -140.666794 22.482576 83.000000 
-72.679626 -140.626190 22.482903 63.000000 
-72.527321 -140.655701 22.480186 81.000000 
-72.671310 -140.614777 22.481283 82.000000 
-72.521019 -140.645172 22.478046 83.000000 
-72.654510 -140.604340 22.484983 84.000000 
-72.804420 -140.561020 22.488428 61.000000 
-72.514534 -140.634125 22.475714 83.000000 
-72.644432 -140.593124 22.484459 84.000000 
-72.792397 -140.549545 22.488564 74.000000 
-72.644806 -140.582016 22.478104 78.000000 
-72.773552 -140.539154 22.492897 75.000000 
-72.638107 -140.570679 22.475605 78.000000 
-72.764969 -140.527618 22.491169 79.000000 
-72.621063 -140.559952 22.479261 84.000000 
-72.758087 -140.516006 22.488493 82.000000 
-72.604012 -140.549316 22.482975 78.000000 
-72.756386 -140.504059 22.482885 75.000000 
-72.739029 -140.493256 22.486197 72.000000 
-72.890038 -140.444626 22.492346 62.000000 
-72.725128 -140.482300 22.487583 72.000000 
-72.884644 -140.432571 22.488575 68.000000 
-72.719864 -140.470703 22.484049 69.000000 
-72.872223 -140.421204 22.488657 75.000000 
-72.718010 -140.458832 22.478548 72.000000 
-72.849289 -140.410904 22.494541 75.000000 
-72.719566 -140.446640 22.471067 67.000000 
-72.842064 -140.399170 22.491842 77.000000 
-73.006897 -140.345093 22.495178 67.000000 
-72.841782 -140.386734 22.485321 71.000000 
-72.988892 -140.334183 22.497818 64.000000 
-72.837959 -140.374664 22.480743 77.000000 
-72.977905 -140.322540 22.496803 78.000000 
-72.820190 -140.364151 22.483936 77.000000 
-72.975670 -140.309875 22.491173 79.000000 
-72.798744 -140.353546 22.488907 63.000000 
-72.973190 -140.296570 22.485327 73.000000 
-72.960350 -140.285263 22.485350 71.000000 
-73.130333 -140.221817 22.488127 61.000000 
-72.942444 -140.275345 22.488462 76.000000 
-73.103073 -140.212250 22.495041 74.000000 
-72.934807 -140.263458 22.485758 76.000000 
-73.090157 -140.201385 22.495050 77.000000 
-72.929100 -140.251984 22.482370 73.000000 
-73.078766 -140.189682 22.493961 74.000000 
-73.077919 -140.176392 22.487469 77.000000 
-73.252617 -140.111313 22.496103 60.000000 
-73.069977 -140.164200 22.484631 74.000000 
-73.242699 -140.098969 22.493881 65.000000 
-73.047951 -140.154343 22.489120 74.000000 
-73.227425 -140.087601 22.494316 65.000000 
-73.036453 -140.142868 22.488194 65.000000 
-73.233383 -140.072556 22.484295 69.000000 
-73.217812 -140.060608 22.484570 67.000000 
-73.205986 -140.048767 22.483374 69.000000 
-73.394547 -139.976501 22.491354 65.000000 
-73.194382 -140.037628 22.482452 66.000000 
-73.382690 -139.964935 22.490097 72.000000 
-73.193077 -140.023865 22.476028 66.000000 
-73.352798 -139.956345 22.497095 75.000000 
-73.343956 -139.942871 22.493765 72.000000 
-73.562248 -139.859116 22.494335 60.000000 
-73.345955 -139.927887 22.485611 72.000000 
-73.542633 -139.848114 22.495846 64.000000 
-73.337280 -139.915115 22.482576 75.000000 
-73.535492 -139.834442 22.491730 71.000000 
-73.321495 -139.903915 22.482996 73.000000 
-73.530098 -139.820374 22.486830 83.000000 
-73.522873 -139.806732 22.482773 78.000000 
-73.501389 -139.796448 22.485298 86.000000 
-73.487274 -139.785294 22.484842 89.000000 
-73.478180 -139.772217 22.481724 89.000000 
-73.679047 -139.685013 22.496204 75.000000 
-73.660454 -139.673004 22.496534 72.000000 
-73.652817 -139.659058 22.492443 67.000000 
-73.900192 -139.555969 22.495783 68.000000 
-73.643364 -139.645599 22.489174 65.000000 
-73.868942 -139.547668 22.501183 104.000000 
-73.633865 -139.632172 22.485939 61.000000 
-73.859154 -139.533646 22.497656 75.000000 
-73.854683 -139.518173 22.491907 112.000000 
-73.841240 -139.505219 22.489960 119.000000 
-73.829559 -139.491806 22.487299 117.000000 
-74.086121 -139.377731 22.494978 112.000000 
-73.807175 -139.481552 22.489233 116.000000 
-74.075836 -139.363159 22.491282 121.000000 
-73.793976 -139.469543 22.487669 116.000000 
-74.047989 -139.354828 22.495077 123.000000 
-74.026947 -139.343689 22.495806 124.000000 
-74.018364 -139.328766 22.491528 124.000000 
-74.007950 -139.314453 22.488012 125.000000 
-74.286232 -139.185684 22.496159 119.000000 
-74.002823 -139.298462 22.482349 123.000000 
-74.275398 -139.170639 22.492348 121.000000 
-73.985237 -139.286484 22.481823 113.000000 
-74.260956 -139.156815 22.489952 126.000000 
-74.253235 -139.139877 22.484589 127.000000 
-74.238716 -139.126160 22.482283 127.000000 
-74.215294 -139.115540 22.483494 129.000000 
-74.202499 -139.101364 22.480595 127.000000 
-74.193207 -139.085999 22.476345 66.000000 
-71.460625 -141.715591 22.489779 61.000000 
-71.453583 -141.704620 22.488558 74.000000 
-71.448174 -141.693832 22.486265 86.000000 
-71.436089 -141.682526 22.488428 86.000000 
-71.420662 -141.671051 22.492859 80.000000 
-71.418488 -141.660645 22.488449 80.000000 
-71.550652 -141.632477 22.486006 61.000000 
-71.416267 -141.650223 22.484058 80.000000 
-71.531548 -141.620743 22.492260 68.000000 
-71.410706 -141.639603 22.481918 83.000000 
-71.522507 -141.609665 22.492085 68.000000 
-71.401810 -141.628799 22.482046 80.000000 
-71.520149 -141.598953 22.487606 68.000000 
-71.389580 -141.617844 22.484457 74.000000 
-71.521111 -141.588394 22.480967 61.000000 
-71.645279 -141.556915 22.487755 69.000000 
-71.508751 -141.577805 22.483284 60.000000 
-71.631004 -141.546066 22.490780 74.000000 
-71.388275 -141.597870 22.473848 60.000000 
-71.489555 -141.566498 22.489799 63.000000 
-71.630157 -141.535080 22.485165 85.000000 
-71.483604 -141.555237 22.487400 65.000000 
-71.615585 -141.523254 22.487822 91.000000 
-71.484421 -141.544739 22.480852 65.000000 
-71.597733 -141.512009 22.492891 71.000000 
-71.595230 -141.501633 22.488649 72.000000 
-71.727570 -141.466263 22.493155 61.000000 
-71.592552 -141.490707 22.484201 69.000000 
-71.717949 -141.454987 22.492689 72.000000 
-71.593224 -141.479813 22.477633 74.000000 
-71.708305 -141.443741 22.492264 72.000000 
-71.576973 -141.468842 22.481806 69.000000 
-71.708893 -141.432480 22.485649 72.000000 
-71.567451 -141.457977 22.481733 64.000000 
-71.704308 -141.421249 22.482162 74.000000 
-71.835083 -141.382309 22.491764 62.000000 
-71.694572 -141.410126 22.481833 74.000000 
-71.830345 -141.370758 22.488123 67.000000 
-71.683105 -141.399078 22.482586 72.000000 
-71.830742 -141.359055 22.481480 77.000000 
-71.671608 -141.388092 22.483383 87.000000 
-71.812134 -141.347992 22.485979 70.000000 
-71.958794 -141.305832 22.491213 61.000000 
-71.668755 -141.377502 22.479193 78.000000 
-71.798843 -141.337433 22.487726 70.000000 
-71.953979 -141.294556 22.487696 74.000000 
-71.664017 -141.366425 22.475851 60.000000 
-71.792252 -141.326065 22.485224 70.000000 
-71.933304 -141.283539 22.492788 69.000000 
-71.785477 -141.314163 22.482529 75.000000 
-71.915932 -141.271866 22.495756 79.000000 
-71.785690 -141.302521 22.476000 81.000000 
-71.910873 -141.260147 22.492117 72.000000 
-71.772133 -141.291595 22.477678 81.000000 
-71.907509 -141.248322 22.487516 75.000000 
-71.897171 -141.236984 22.486898 75.000000 
-71.886978 -141.226288 22.486546 72.000000 
-72.024048 -141.179474 22.499866 70.000000 
-71.869675 -141.215576 22.489985 75.000000 
-72.027466 -141.166733 22.491371 72.000000 
-71.869637 -141.203598 22.483509 72.000000 
-72.013344 -141.155518 22.492481 68.000000 
-71.997467 -141.144562 22.494606 65.000000 
-72.164337 -141.091446 22.496769 65.000000 
-71.988548 -141.133011 22.492922 70.000000 
-72.148163 -141.080231 22.498505 78.000000 
-71.984818 -141.120956 22.488371 70.000000 
-72.135490 -141.068726 22.498436 79.000000 
-71.981049 -141.108917 22.483843 68.000000 
-72.126320 -141.056885 22.496548 73.000000 
-72.127640 -141.043823 22.489090 76.000000 
-72.287376 -140.982712 22.497095 60.000000 
-72.120148 -141.031799 22.486322 76.000000 
-72.274368 -140.971008 22.496796 74.000000 
-72.105606 -141.020706 22.487345 76.000000 
-72.270180 -140.958160 22.492033 74.000000 
-72.087555 -141.010162 22.490301 68.000000 
-72.248291 -140.947815 22.496334 74.000000 
-72.226395 -140.937622 22.500706 74.000000 
-72.229164 -140.923843 22.492422 69.000000 
-72.418602 -140.858383 22.493959 65.000000 
-72.221313 -140.911652 22.489609 72.000000 
-72.396103 -140.847351 22.497614 65.000000 
-72.213432 -140.899490 22.486830 69.000000 
-72.557579 -140.740463 22.498526 65.000000 
-72.353157 -140.799637 22.491201 65.000000 
-72.545601 -140.728134 22.497011 75.000000 
-72.336105 -140.788803 22.492731 62.000000 
-72.544273 -140.713821 22.490473 81.000000 
-72.524864 -140.702271 22.492178 76.000000 
-72.505684 -140.691528 22.494184 76.000000 
-72.722687 -140.609573 22.495365 68.000000 
-72.490051 -140.680161 22.494549 81.000000 
-72.699577 -140.599228 22.498522 71.000000 
-72.488564 -140.665955 22.488138 81.000000 
-72.681824 -140.587860 22.499308 75.000000 
-72.676537 -140.573837 22.494438 78.000000 
-72.672981 -140.559418 22.488779 83.000000 
-72.668137 -140.546799 22.484440 83.000000 
-72.650276 -140.535675 22.485401 81.000000 
-72.846565 -140.451630 22.502317 67.000000 
-72.623260 -140.526031 22.490299 67.000000 
-72.835243 -140.437729 22.499489 63.000000 
-72.820602 -140.425476 22.498520 61.000000 
-73.059906 -140.327072 22.505581 62.000000 
-72.793457 -140.416443 22.503117 68.000000 
-73.053879 -140.311981 22.500492 63.000000 
-72.796585 -140.399826 22.494354 63.000000 
-73.031670 -140.301147 22.502178 106.000000 
-73.011238 -140.289978 22.503180 119.000000 
-72.997948 -140.276947 22.501226 115.000000 
-72.989677 -140.261765 22.496803 117.000000 
-73.231018 -140.154816 22.510693 103.000000 
-72.985229 -140.246353 22.491146 119.000000 
-73.224503 -140.139236 22.505573 120.000000 
-72.968582 -140.235229 22.491076 120.000000 
-73.207520 -140.127579 22.505053 124.000000 
-73.200912 -140.112045 22.500002 124.000000 
-73.185326 -140.099213 22.498598 125.000000 
-73.155449 -140.090790 22.503044 124.000000 
-73.456261 -139.958176 22.502430 119.000000 
-73.155861 -140.073227 22.495213 126.000000 
-73.434830 -139.946457 22.502716 117.000000 
-73.133080 -140.062820 22.496872 120.000000 
-73.409813 -139.936005 22.504440 122.000000 
-73.406593 -139.919540 22.498217 125.000000 
-73.395813 -139.904602 22.494526 124.000000 
-73.386406 -139.888321 22.489931 125.000000 
-73.368423 -139.875839 22.489098 125.000000 
-73.337997 -139.867661 22.493198 66.000000 
-70.601303 -142.444565 22.494934 64.000000 
-70.590996 -142.433334 22.495951 86.000000 
-70.592491 -142.424225 22.489717 83.000000 
-70.580475 -142.412918 22.491907 83.000000 
-70.565109 -142.401413 22.496365 80.000000 
-70.566307 -142.391296 22.489752 77.000000 
-70.681648 -142.362793 22.497828 68.000000 
-70.560829 -142.380676 22.487606 80.000000 
-70.665977 -142.351273 22.501968 63.000000 
-70.558640 -142.370300 22.483253 68.000000 
-70.657013 -142.340240 22.501833 63.000000 
-70.539879 -142.358826 22.490126 80.000000 
-70.661430 -142.329956 22.493044 65.000000 
-70.783844 -142.299576 22.500549 65.000000 
-70.655746 -142.319138 22.490786 61.000000 
-70.776337 -142.288391 22.499134 85.000000 
-70.643333 -142.308044 22.492924 60.000000 
-70.772202 -142.277359 22.495640 94.000000 
-70.630905 -142.297012 22.495108 60.000000 
-70.769722 -142.266388 22.491110 91.000000 
-70.753647 -142.255066 22.495090 84.000000 
-70.740944 -142.243927 22.497002 78.000000 
-70.734985 -142.232986 22.494696 81.000000 
-70.870674 -142.198456 22.496679 67.000000 
-70.734070 -142.222153 22.489208 71.000000 
-70.857697 -142.187180 22.498310 77.000000 
-70.726357 -142.211227 22.488024 81.000000 
-70.865219 -142.175964 22.487553 88.000000 
-70.721985 -142.200363 22.484722 66.000000 
-70.848770 -142.164780 22.491329 91.000000 
-70.849228 -142.153000 22.484526 83.000000 
-70.981735 -142.114761 22.492758 65.000000 
-70.839554 -142.141876 22.484221 83.000000 
-70.973602 -142.103302 22.491156 82.000000 
-70.819916 -142.132080 22.490677 93.000000 
-70.965744 -142.093048 22.490046 72.000000 
-70.817009 -142.120972 22.486267 70.000000 
-70.957550 -142.081680 22.488508 68.000000 
-71.100754 -142.040512 22.495335 63.000000 
-70.937279 -142.070770 22.494116 70.000000 
-71.099335 -142.028519 22.489649 74.000000 
-70.812782 -142.098709 22.476448 61.000000 
-70.937645 -142.059189 22.487576 66.000000 
-71.085686 -142.017105 22.490849 79.000000 
-70.931084 -142.047882 22.485128 81.000000 
-71.061584 -142.006348 22.498001 69.000000 
-70.927933 -142.036438 22.480663 81.000000 
-71.058327 -141.994553 22.493397 69.000000 
-71.052963 -141.981689 22.489346 75.000000 
-71.046158 -141.970123 22.486771 72.000000 
-71.183502 -141.924316 22.500076 66.000000 
-71.034462 -141.960114 22.487658 79.000000 
-71.176865 -141.913666 22.497780 70.000000 
-71.017212 -141.949371 22.491121 82.000000 
-71.176834 -141.901245 22.491209 68.000000 
-71.159286 -141.890320 22.494265 68.000000 
-71.141731 -141.879486 22.497377 70.000000 
-71.319252 -141.826233 22.493561 64.000000 
-71.143517 -141.867569 22.490152 65.000000 
-71.303329 -141.815613 22.495548 94.000000 
-71.138107 -141.855698 22.486578 70.000000 
-71.285439 -141.804626 22.498283 79.000000 
-71.277893 -141.791962 22.495247 82.000000 
-71.275772 -141.779343 22.489670 73.000000 
-71.427002 -141.720886 22.502062 69.000000 
-71.270294 -141.767746 22.486216 76.000000 
-71.417610 -141.708725 22.499994 77.000000 
-71.262825 -141.755768 22.483498 76.000000 
-71.411736 -141.696152 22.496159 69.000000 
-71.241325 -141.745575 22.488350 70.000000 
-71.396980 -141.684814 22.496874 69.000000 
-71.380447 -141.673798 22.498549 66.000000 
-71.370949 -141.661865 22.496639 69.000000 
-71.562286 -141.597229 22.496792 71.000000 
-71.363174 -141.649689 22.493855 69.000000 
-71.546967 -141.585022 22.496984 69.000000 
-71.542725 -141.572495 22.492455 64.000000 
-71.534439 -141.559235 22.489229 66.000000 
-71.713379 -141.492096 22.502272 60.000000 
-71.526566 -141.547333 22.486507 67.000000 
-71.697929 -141.480362 22.502426 75.000000 
-71.511131 -141.535370 22.486881 67.000000 
-71.689598 -141.467392 22.499256 81.000000 
-71.684792 -141.453796 22.494432 75.000000 
-71.672821 -141.441559 22.493023 73.000000 
-71.646606 -141.432159 22.498453 72.000000 
-71.869194 -141.350357 22.496626 68.000000 
-71.638153 -141.419388 22.495443 69.000000 
-71.844360 -141.340332 22.500626 78.000000 
-71.835617 -141.327057 22.497368 75.000000 
-71.825050 -141.314178 22.494961 78.000000 
-71.816231 -141.300980 22.491774 81.000000 
-71.816277 -141.285812 22.484518 86.000000 
-71.995483 -141.208084 22.509523 60.000000 
-71.794930 -141.275467 22.487150 81.000000 
-71.982567 -141.179596 22.500462 61.000000 
-71.966217 -141.167770 22.500303 65.000000 
-72.203758 -141.070374 22.507341 65.000000 
-71.948067 -141.156464 22.500988 81.000000 
-72.194229 -141.056229 22.503773 112.000000 
-71.933456 -141.144363 22.500145 68.000000 
-72.172096 -141.045395 22.505499 117.000000 
-72.150261 -141.035416 22.507538 116.000000 
-72.137070 -141.022415 22.505617 115.000000 
-72.136353 -141.006088 22.498444 117.000000 
-72.379890 -140.899979 22.511105 109.000000 
-72.126648 -140.992203 22.495081 117.000000 
-72.368088 -140.885956 22.508158 123.000000 
-72.356239 -140.871964 22.505251 124.000000 
-72.344353 -140.858032 22.502386 124.000000 
-72.321709 -140.847305 22.503908 125.000000 
-72.609428 -140.722183 22.509024 104.000000 
-72.304413 -140.835098 22.503317 125.000000 
-72.598900 -140.707062 22.505186 121.000000 
-72.278175 -140.825684 22.506416 115.000000 
-72.584740 -140.693100 22.502758 125.000000 
-72.563377 -140.681442 22.503130 126.000000 
-72.545586 -140.668777 22.502186 126.000000 
-72.542061 -140.651566 22.495758 125.000000 
-72.527763 -140.637848 22.493521 126.000000 
-69.727402 -143.176590 22.499556 81.000000 
-69.727135 -143.166367 22.493973 83.000000 
-69.721855 -143.155640 22.491728 74.000000 
-69.709923 -143.144333 22.493956 77.000000 
-69.701279 -143.133392 22.494003 68.000000 
-69.828392 -143.106995 22.493979 67.000000 
-69.692612 -143.122513 22.494091 77.000000 
-69.811165 -143.095215 22.499187 65.000000 
-69.693825 -143.112473 22.487499 80.000000 
-69.685097 -143.101639 22.487644 86.000000 
-69.796753 -143.073303 22.496748 60.000000 
-69.684692 -143.091995 22.482422 61.000000 
-69.791290 -143.063034 22.494707 61.000000 
-69.789032 -143.052444 22.490288 63.000000 
-69.909599 -143.022629 22.497942 80.000000 
-69.773254 -143.040619 22.494431 68.000000 
-69.908806 -143.011230 22.492115 78.000000 
-69.767586 -143.029922 22.492264 63.000000 
-69.904701 -143.000244 22.488653 71.000000 
-69.765350 -143.019928 22.488138 61.000000 
-69.892227 -142.989532 22.490768 78.000000 
-69.881294 -142.978409 22.491638 72.000000 
-70.018913 -142.945221 22.492218 66.000000 
-69.872032 -142.967377 22.491480 72.000000 
-70.012894 -142.933945 22.489689 69.000000 
-69.872871 -142.956635 22.484922 76.000000 
-69.994873 -142.922546 22.494453 74.000000 
-69.863678 -142.946213 22.485044 74.000000 
-69.994049 -142.911957 22.489105 69.000000 
-69.986229 -142.900757 22.487717 77.000000 
-69.986763 -142.889053 22.480909 77.000000 
-70.112457 -142.851898 22.492514 77.000000 
-69.966949 -142.877960 22.486912 81.000000 
-70.104408 -142.840485 22.490938 68.000000 
-69.953934 -142.866943 22.488783 91.000000 
-70.101509 -142.828995 22.486351 66.000000 
-70.081345 -142.817917 22.491955 70.000000 
-70.233200 -142.777634 22.492867 60.000000 
-70.061333 -142.807526 22.497854 70.000000 
-70.218086 -142.766830 22.495289 85.000000 
-70.066933 -142.795914 22.488264 72.000000 
-70.211502 -142.755173 22.492601 75.000000 
-70.058746 -142.784698 22.486866 84.000000 
-70.196190 -142.743942 22.494886 67.000000 
-70.196487 -142.732025 22.488312 79.000000 
-70.188065 -142.720535 22.486712 72.000000 
-70.186539 -142.708710 22.481167 79.000000 
-70.322327 -142.664047 22.494772 66.000000 
-70.172859 -142.697601 22.482620 82.000000 
-70.318924 -142.651932 22.490099 66.000000 
-70.308479 -142.640366 22.489298 70.000000 
-70.298019 -142.628830 22.488539 68.000000 
-70.456604 -142.578964 22.494606 65.000000 
-70.278801 -142.618088 22.492661 75.000000 
-70.444145 -142.567291 22.494499 68.000000 
-70.270035 -142.606552 22.491022 89.000000 
-70.433411 -142.555527 22.493505 66.000000 
-70.262978 -142.594910 22.488447 66.000000 
-70.415627 -142.544510 22.496294 68.000000 
-70.406792 -142.533310 22.494686 73.000000 
-70.406525 -142.520584 22.488180 82.000000 
-70.552414 -142.463364 22.502094 67.000000 
-70.409706 -142.507446 22.479803 76.000000 
-70.546677 -142.450821 22.498253 67.000000 
-70.391823 -142.496689 22.482765 67.000000 
-70.535591 -142.438980 22.497160 69.000000 
-70.524475 -142.427185 22.496109 74.000000 
-70.502754 -142.416870 22.500570 74.000000 
-70.699554 -142.352859 22.496906 71.000000 
-70.500404 -142.404007 22.495045 74.000000 
-70.691917 -142.340851 22.494081 69.000000 
-70.680260 -142.328110 22.492563 67.000000 
-70.669006 -142.316742 22.491566 67.000000 
-70.660835 -142.303543 22.488371 69.000000 
-70.841759 -142.237518 22.499392 79.000000 
-70.653061 -142.291687 22.485680 66.000000 
-70.828201 -142.225464 22.498747 85.000000 
-70.816406 -142.213181 22.497301 78.000000 
-70.808144 -142.200302 22.494196 78.000000 
-70.799850 -142.187454 22.491125 81.000000 
-71.012344 -142.109848 22.493559 60.000000 
-70.777298 -142.177307 22.494925 81.000000 
-71.001968 -142.096832 22.491047 78.000000 
-70.989769 -142.084213 22.489391 72.000000 
-70.965027 -142.074203 22.493517 71.000000 
-70.952789 -142.061737 22.491962 78.000000 
-70.954781 -142.046310 22.483864 81.000000 
-71.148903 -141.967224 22.501671 64.000000 
-70.949585 -142.032379 22.479076 81.000000 
-71.136330 -141.954361 22.499846 70.000000 
-71.129097 -141.940353 22.495699 75.000000 
-71.123611 -141.925934 22.490795 75.000000 
-71.105568 -141.914474 22.491463 77.000000 
-71.345406 -141.818314 22.496597 71.000000 
-71.089577 -141.903412 22.491634 81.000000 
-71.334473 -141.805374 22.494049 110.000000 
-71.321419 -141.792175 22.492044 119.000000 
-71.288612 -141.784103 22.498421 111.000000 
-71.282684 -141.769241 22.493488 117.000000 
-71.273430 -141.756058 22.490355 117.000000 
-71.517532 -141.651718 22.501755 120.000000 
-71.513023 -141.635712 22.495939 122.000000 
-71.499489 -141.622208 22.493773 124.000000 
-71.489502 -141.607742 22.490198 125.000000 
-71.751343 -141.493164 22.504995 62.000000 
-71.468735 -141.596405 22.491035 125.000000 
-71.749985 -141.475388 22.497704 118.000000 
-71.444389 -141.586212 22.493395 122.000000 
-71.735977 -141.461349 22.495258 123.000000 
-71.721939 -141.447372 22.492861 125.000000 
-71.698891 -141.436218 22.493977 126.000000 
-71.683006 -141.422958 22.492378 126.000000 
-71.674248 -141.407516 22.488041 126.000000 
-71.657944 -141.393585 22.486286 110.000000 
-68.855286 -143.910706 22.506706 74.000000 
-68.855118 -143.900558 22.501143 86.000000 
-68.849945 -143.889862 22.498920 77.000000 
-68.848045 -143.879547 22.494501 83.000000 
-68.836205 -143.868240 22.496790 80.000000 
-68.951614 -143.842117 22.503908 61.000000 
-68.827637 -143.857315 22.496891 77.000000 
-68.822342 -143.846756 22.494789 77.000000 
-68.823616 -143.836792 22.488222 80.000000 
-68.928688 -143.809036 22.501335 61.000000 
-68.818253 -143.826248 22.486164 77.000000 
-68.919876 -143.798019 22.501274 60.000000 
-69.054062 -143.770615 22.500038 60.000000 
-68.914383 -143.787277 22.499065 60.000000 
-69.033188 -143.758698 22.507133 70.000000 
-68.802513 -143.804871 22.485523 61.000000 
-69.032623 -143.747940 22.501558 73.000000 
-68.906631 -143.766052 22.492527 61.000000 
-69.025246 -143.736862 22.500256 70.000000 
-68.894371 -143.755005 22.494804 60.000000 
-69.026291 -143.726181 22.493649 70.000000 
-69.012222 -143.715408 22.496899 76.000000 
-69.148170 -143.683624 22.497955 64.000000 
-69.001381 -143.704315 22.497837 81.000000 
-69.140549 -143.672318 22.496485 77.000000 
-68.998955 -143.693558 22.493444 87.000000 
-69.127777 -143.660950 22.498169 81.000000 
-68.991432 -143.682648 22.492302 74.000000 
-69.108154 -143.649551 22.504068 77.000000 
-69.105576 -143.638489 22.499592 78.000000 
-69.106361 -143.627472 22.493040 83.000000 
-69.230278 -143.591782 22.504847 72.000000 
-69.096893 -143.616364 22.492794 81.000000 
-69.220634 -143.580429 22.504324 64.000000 
-69.087402 -143.605316 22.492590 77.000000 
-69.217857 -143.569046 22.499775 68.000000 
-69.218483 -143.557617 22.493208 68.000000 
-69.347878 -143.519409 22.506405 64.000000 
-69.198433 -143.546539 22.498907 68.000000 
-69.339714 -143.507813 22.504705 74.000000 
-69.185249 -143.535431 22.500580 66.000000 
-69.336723 -143.496094 22.500080 79.000000 
-69.182335 -143.524155 22.496145 66.000000 
-69.326752 -143.484634 22.499434 82.000000 
-69.308083 -143.473572 22.503788 89.000000 
-69.304993 -143.461929 22.499256 89.000000 
-69.454895 -143.418457 22.504377 62.000000 
-69.300453 -143.451553 22.496189 82.000000 
-69.439720 -143.408325 22.506887 72.000000 
-69.300758 -143.439758 22.489698 79.000000 
-69.432953 -143.396545 22.504173 72.000000 
-69.425980 -143.384186 22.501261 72.000000 
-69.426132 -143.371964 22.494740 72.000000 
-69.570778 -143.324905 22.507511 65.000000 
-69.405296 -143.361267 22.499868 72.000000 
-69.569038 -143.312378 22.501858 78.000000 
-69.389687 -143.350281 22.502148 83.000000 
-69.560204 -143.300461 22.499962 79.000000 
-69.544479 -143.289841 22.502085 73.000000 
-69.525047 -143.279037 22.505905 76.000000 
-69.681679 -143.222214 22.513283 60.000000 
-69.517715 -143.266510 22.502970 88.000000 
-69.667252 -143.210693 22.513968 64.000000 
-69.517540 -143.253922 22.496519 85.000000 
-69.659882 -143.198456 22.511074 61.000000 
-69.652481 -143.186234 22.508213 64.000000 
-69.648582 -143.173630 22.503559 66.000000 
-69.635811 -143.162125 22.503500 75.000000 
-69.822472 -143.102173 22.504593 65.000000 
-69.618126 -143.152618 22.506691 67.000000 
-69.815178 -143.090866 22.502037 67.000000 
-69.803879 -143.078796 22.500792 67.000000 
-69.777924 -143.067551 22.506178 73.000000 
-69.975128 -143.000885 22.508356 60.000000 
-69.770126 -143.055099 22.503269 69.000000 
-69.963531 -142.988495 22.506863 75.000000 
-69.766273 -143.043442 22.499084 76.000000 
-69.945206 -142.978668 22.509283 69.000000 
-69.933571 -142.966415 22.507879 69.000000 
-69.925011 -142.952271 22.504337 72.000000 
-69.913307 -142.940109 22.503017 73.000000 
-70.117134 -142.866486 22.508272 82.000000 
-69.898018 -142.928650 22.503452 78.000000 
-70.114105 -142.852203 22.502548 78.000000 
-70.102074 -142.839645 22.500944 78.000000 
-70.079269 -142.829224 22.504314 78.000000 
-70.061821 -142.817871 22.505281 86.000000 
-70.283424 -142.735962 22.509983 67.000000 
-70.055077 -142.804459 22.501348 92.000000 
-70.271042 -142.723068 22.508152 81.000000 
-70.249634 -142.712173 22.510307 75.000000 
-70.234131 -142.701645 22.510643 75.000000 
-70.227051 -142.687775 22.506580 77.000000 
-70.465889 -142.595322 22.511389 68.000000 
-70.226555 -142.670868 22.498888 84.000000 
-70.445313 -142.582291 22.511866 110.000000 
-70.206856 -142.659897 22.500458 68.000000 
-70.428879 -142.570007 22.511398 116.000000 
-70.418381 -142.557968 22.509201 114.000000 
-70.409088 -142.544052 22.505789 114.000000 
-70.381813 -142.534653 22.510035 108.000000 
-70.657417 -142.425766 22.507719 114.000000 
-70.376045 -142.519958 22.505186 108.000000 
-70.633293 -142.415024 22.509846 122.000000 
-70.603470 -142.405075 22.513969 124.000000 
-70.591934 -142.391220 22.511152 123.000000 
-70.586067 -142.376694 22.506435 124.000000 
-70.859344 -142.261978 22.515215 118.000000 
-70.569077 -142.364395 22.505888 125.000000 
-70.852798 -142.245911 22.510033 124.000000 
-70.835388 -142.233017 22.509033 126.000000 
-70.825150 -142.218079 22.505312 126.000000 
-70.800163 -142.206665 22.506947 125.000000 
-70.775505 -142.196182 22.508904 126.000000 
-70.765182 -142.181458 22.505331 118.000000 
-70.758392 -142.165649 22.500395 68.000000 
-67.979805 -144.626465 22.512255 78.000000 
-67.979683 -144.616394 22.506706 77.000000 
-67.977875 -144.606110 22.502283 77.000000 
-67.976028 -144.595825 22.497877 80.000000 
-67.967545 -144.584854 22.497959 74.000000 
-67.952446 -144.573273 22.502565 83.000000 
-68.072601 -144.548080 22.505562 67.000000 
-67.942276 -144.562271 22.503859 90.000000 
-68.068924 -144.537399 22.502186 61.000000 
-67.940300 -144.552094 22.499563 85.000000 
-68.056854 -144.526062 22.504292 61.000000 
-68.054779 -144.515564 22.499878 61.000000 
-68.052673 -144.505051 22.495481 61.000000 
-68.164810 -144.476654 22.507473 66.000000 
-68.047188 -144.494324 22.493301 61.000000 
-68.159225 -144.465668 22.505098 68.000000 
-68.033356 -144.483078 22.496664 73.000000 
-68.156975 -144.454865 22.500616 66.000000 
-68.154694 -144.444077 22.496153 70.000000 
-68.139000 -144.433212 22.500511 70.000000 
-68.266350 -144.401962 22.506145 72.000000 
-68.131599 -144.422256 22.499329 73.000000 
-68.263924 -144.390869 22.501593 72.000000 
-68.125854 -144.411407 22.497103 76.000000 
-68.249512 -144.379456 22.504358 74.000000 
-68.240204 -144.368256 22.504040 78.000000 
-68.234268 -144.357162 22.501669 72.000000 
-68.366859 -144.322647 22.507917 67.000000 
-68.228302 -144.346100 22.499325 72.000000 
-68.348694 -144.311234 22.512457 72.000000 
-68.225708 -144.335114 22.494904 76.000000 
-68.340851 -144.299911 22.510958 67.000000 
-68.339859 -144.288589 22.505415 72.000000 
-68.340546 -144.277252 22.498863 75.000000 
-68.473373 -144.239807 22.509365 74.000000 
-68.330879 -144.266022 22.498470 66.000000 
-68.477440 -144.227951 22.500776 79.000000 
-68.316040 -144.254913 22.501198 72.000000 
-68.469292 -144.216385 22.499123 82.000000 
-68.308044 -144.243774 22.499861 68.000000 
-68.454178 -144.205078 22.501476 89.000000 
-68.444397 -144.194260 22.501125 89.000000 
-68.434441 -144.182907 22.500584 89.000000 
-68.582649 -144.140396 22.506048 66.000000 
-68.432953 -144.170670 22.494858 92.000000 
-68.567062 -144.128448 22.507900 75.000000 
-68.424667 -144.159317 22.493383 85.000000 
-68.551613 -144.117188 22.510040 77.000000 
-68.544884 -144.105484 22.507395 73.000000 
-68.399368 -144.137192 22.495579 66.000000 
-68.545097 -144.093369 22.500895 79.000000 
-68.695015 -144.046844 22.510008 70.000000 
-68.531319 -144.082184 22.502192 75.000000 
-68.691574 -144.034531 22.505308 78.000000 
-68.510559 -144.071564 22.507442 81.000000 
-68.693375 -144.021774 22.497816 85.000000 
-68.682808 -144.010040 22.496916 88.000000 
-68.658165 -143.999634 22.503603 91.000000 
-68.813744 -143.945709 22.512001 67.000000 
-68.651436 -143.988968 22.501369 85.000000 
-68.797615 -143.934357 22.513624 67.000000 
-68.647820 -143.976761 22.496813 71.000000 
-68.790314 -143.922134 22.510748 67.000000 
-68.786522 -143.909546 22.506077 72.000000 
-68.775421 -143.897156 22.504860 69.000000 
-68.768021 -143.885010 22.502083 67.000000 
-68.935249 -143.828613 22.512157 71.000000 
-68.934746 -143.815140 22.505638 69.000000 
-68.920181 -143.804245 22.506441 71.000000 
-68.901421 -143.791977 22.508360 71.000000 
-69.086418 -143.729019 22.515789 68.000000 
-68.893913 -143.780228 22.505713 73.000000 
-69.069550 -143.717529 22.516893 65.000000 
-69.051094 -143.707077 22.519144 60.000000 
-69.046692 -143.693741 22.514383 63.000000 
-69.040245 -143.680054 22.510267 69.000000 
-69.240829 -143.608856 22.516380 71.000000 
-69.033974 -143.667053 22.506420 78.000000 
-69.227165 -143.596588 22.515568 82.000000 
-69.217064 -143.583725 22.513163 68.000000 
-69.212303 -143.569931 22.508327 81.000000 
-69.203911 -143.556808 22.505169 70.000000 
-69.409828 -143.479889 22.516447 67.000000 
-69.179405 -143.546829 22.509493 75.000000 
-69.395767 -143.467361 22.515409 84.000000 
-69.169174 -143.534180 22.507252 63.000000 
-69.374222 -143.455673 22.517332 76.000000 
-69.351128 -143.445206 22.520359 74.000000 
-69.338806 -143.432556 22.518692 81.000000 
-69.596359 -143.338943 22.514971 68.000000 
-69.335411 -143.418015 22.513086 69.000000 
-69.569229 -143.328964 22.518982 112.000000 
-69.543907 -143.318726 22.522314 108.000000 
-69.540199 -143.303574 22.516598 74.000000 
-69.527725 -143.291290 22.514961 72.000000 
-69.511353 -143.279205 22.514652 116.000000 
-69.767700 -143.177597 22.519369 120.000000 
-69.494667 -143.266464 22.514154 69.000000 
-69.757874 -143.162384 22.515476 123.000000 
-69.739281 -143.150284 22.515511 122.000000 
-69.709862 -143.141113 22.519981 123.000000 
-69.698441 -143.127350 22.517218 122.000000 
-69.984650 -143.010757 22.519539 104.000000 
-69.690582 -143.112656 22.513029 123.000000 
-69.958366 -143.000290 22.521971 124.000000 
-69.951950 -142.984375 22.516840 125.000000 
-69.938263 -142.970535 22.514524 125.000000 
-69.929947 -142.955185 22.510162 125.000000 
-69.906059 -142.946182 22.512634 125.000000 
-69.885101 -142.934662 22.513269 119.000000 
-69.876022 -142.917923 22.508549 101.000000 
-67.125275 -145.337357 22.504683 73.000000 
-67.121964 -145.327362 22.501575 83.000000 
-67.116882 -145.316666 22.499384 74.000000 
-67.118263 -145.306213 22.492523 74.000000 
-67.103241 -145.294479 22.497108 83.000000 
-67.094772 -145.283524 22.497255 83.000000 
-67.218468 -145.259018 22.497972 64.000000 
-67.082993 -145.272293 22.499693 83.000000 
-67.087616 -145.262726 22.490883 83.000000 
-67.192780 -145.236023 22.503290 60.000000 
-67.092201 -145.253098 22.482067 65.000000 
-67.190735 -145.225510 22.498888 61.000000 
-67.188759 -145.215515 22.494722 63.000000 
-67.304413 -145.187775 22.504372 66.000000 
-67.189972 -145.205246 22.488146 63.000000 
-67.297173 -145.176651 22.503078 73.000000 
-67.174416 -145.193283 22.492422 63.000000 
-67.296532 -145.165390 22.497311 78.000000 
-67.290909 -145.154388 22.495001 78.000000 
-67.280319 -145.143723 22.496170 72.000000 
-67.406158 -145.112839 22.502703 72.000000 
-67.269585 -145.132568 22.497162 81.000000 
-67.405464 -145.101761 22.497114 77.000000 
-67.263878 -145.121689 22.494951 78.000000 
-67.396210 -145.090439 22.496771 85.000000 
-67.256454 -145.110779 22.493855 63.000000 
-67.383530 -145.079086 22.498564 83.000000 
-67.367416 -145.067719 22.502510 76.000000 
-67.503555 -145.033783 22.506399 69.000000 
-67.371689 -145.056824 22.493866 88.000000 
-67.487167 -145.022308 22.509966 77.000000 
-67.369247 -145.046341 22.489668 85.000000 
-67.488091 -145.011536 22.503613 72.000000 
-67.480247 -145.000183 22.502155 70.000000 
-67.474098 -144.988861 22.499708 78.000000 
-67.613998 -144.951874 22.505930 63.000000 
-67.467911 -144.977570 22.497288 68.000000 
-67.611145 -144.940155 22.501303 79.000000 
-67.446404 -144.967056 22.504396 72.000000 
-67.603195 -144.929153 22.499907 79.000000 
-67.593330 -144.917648 22.499311 82.000000 
-67.576515 -144.906418 22.502750 82.000000 
-67.575256 -144.894745 22.497238 89.000000 
-67.714928 -144.853180 22.507324 64.000000 
-67.573959 -144.883057 22.491741 92.000000 
-67.703049 -144.841614 22.507519 66.000000 
-67.557068 -144.872025 22.495316 65.000000 
-67.696388 -144.829834 22.504850 68.000000 
-67.689697 -144.818085 22.502213 72.000000 
-67.686455 -144.806152 22.497656 70.000000 
-67.829559 -144.760696 22.510324 70.000000 
-67.674629 -144.795364 22.498232 75.000000 
-67.828094 -144.748856 22.504938 73.000000 
-67.650436 -144.784897 22.505478 61.000000 
-67.815865 -144.737228 22.504982 73.000000 
-67.807121 -144.725357 22.503185 76.000000 
-67.789574 -144.714294 22.506157 82.000000 
-67.946358 -144.658417 22.512283 63.000000 
-67.785683 -144.700867 22.501143 76.000000 
-67.932045 -144.646835 22.513044 64.000000 
-67.778603 -144.688980 22.498510 64.000000 
-67.921440 -144.635605 22.512259 66.000000 
-67.915924 -144.623215 22.508532 72.000000 
-67.908791 -144.611664 22.505981 72.000000 
-67.894386 -144.600342 22.506914 67.000000 
-68.081329 -144.542297 22.506714 65.000000 
-68.076897 -144.527939 22.501490 73.000000 
-68.058815 -144.517456 22.504101 67.000000 
-68.036964 -144.506897 22.508312 71.000000 
-68.229362 -144.443680 22.511930 64.000000 
-68.029503 -144.495132 22.505690 71.000000 
-68.214325 -144.431839 22.512217 67.000000 
-68.195480 -144.419952 22.514027 67.000000 
-68.187546 -144.407166 22.510994 69.000000 
-68.177795 -144.394684 22.508852 78.000000 
-68.380455 -144.323975 22.513739 67.000000 
-68.176910 -144.380768 22.502439 78.000000 
-68.381195 -144.309128 22.506384 89.000000 
-68.365746 -144.297150 22.506462 72.000000 
-68.361015 -144.283295 22.501635 72.000000 
-68.342163 -144.272797 22.503700 83.000000 
-68.321274 -144.262054 22.506418 81.000000 
-68.552399 -144.180573 22.505663 74.000000 
-68.316452 -144.248322 22.501701 63.000000 
-68.527542 -144.170197 22.509447 81.000000 
-68.509872 -144.158463 22.510122 75.000000 
-68.499115 -144.144623 22.507423 77.000000 
-68.490364 -144.131149 22.504208 77.000000 
-68.708138 -144.045761 22.516598 109.000000 
-68.705055 -144.032013 22.511349 110.000000 
-68.690567 -144.019272 22.510204 117.000000 
-68.685051 -144.004486 22.505283 117.000000 
-68.665108 -143.993134 22.506527 114.000000 
-68.907486 -143.895996 22.516895 118.000000 
-68.643082 -143.981583 22.508362 74.000000 
-68.910362 -143.877579 22.507929 124.000000 
-68.880981 -143.868118 22.512379 122.000000 
-68.860909 -143.857269 22.513494 124.000000 
-68.849533 -143.843430 22.510750 123.000000 
-69.120300 -143.733139 22.519291 66.000000 
-68.843513 -143.828186 22.505836 126.000000 
-69.104935 -143.719620 22.517609 124.000000 
-69.093147 -143.705170 22.514585 124.000000 
-69.084610 -143.688950 22.509951 125.000000 
-69.067345 -143.676132 22.509115 124.000000 
-69.051849 -143.662872 22.507629 125.000000 
-69.036324 -143.649673 22.506193 110.000000 
-69.016853 -143.636841 22.505978 105.000000 
-66.266327 -146.042023 22.497856 68.000000 
-66.248154 -146.029617 22.504616 74.000000 
-66.254730 -146.020782 22.494852 80.000000 
-66.243088 -146.009277 22.497215 77.000000 
-66.241280 -145.998947 22.492872 71.000000 
-66.236153 -145.988266 22.490803 77.000000 
-66.355186 -145.963821 22.494900 72.000000 
-66.224342 -145.976410 22.493073 74.000000 
-66.219154 -145.965805 22.491070 80.000000 
-66.223770 -145.956161 22.482275 71.000000 
-66.322540 -145.929138 22.499046 60.000000 
-66.320503 -145.918579 22.494698 63.000000 
-66.448181 -145.892242 22.496765 61.000000 
-66.430984 -145.880920 22.502165 70.000000 
-66.193306 -145.923721 22.486973 64.000000 
-66.313118 -145.897766 22.488493 63.000000 
-66.425446 -145.869858 22.499880 66.000000 
-66.307556 -145.886459 22.486214 61.000000 
-66.426498 -145.858658 22.493090 66.000000 
-66.424248 -145.847794 22.488689 66.000000 
-66.411896 -145.836456 22.490807 68.000000 
-66.541306 -145.805969 22.495037 77.000000 
-66.399513 -145.825195 22.492973 70.000000 
-66.538910 -145.794785 22.490543 77.000000 
-66.397171 -145.814407 22.488659 64.000000 
-66.526283 -145.783325 22.492390 77.000000 
-66.510231 -145.771835 22.496393 81.000000 
-66.504356 -145.760681 22.494110 83.000000 
-66.633842 -145.726913 22.501966 67.000000 
-66.505219 -145.749649 22.487612 91.000000 
-66.620926 -145.715424 22.503599 77.000000 
-66.499268 -145.738510 22.485374 83.000000 
-66.623436 -145.704025 22.496035 68.000000 
-66.617325 -145.692612 22.493626 70.000000 
-66.614876 -145.682343 22.489624 70.000000 
-66.742928 -145.645798 22.502781 66.000000 
-66.605270 -145.671005 22.489334 75.000000 
-66.743553 -145.633987 22.496223 74.000000 
-66.585106 -145.658722 22.494867 75.000000 
-66.735184 -145.621170 22.494226 75.000000 
-66.725342 -145.609619 22.493721 72.000000 
-66.710289 -145.598297 22.496273 79.000000 
-66.705574 -145.586685 22.492832 72.000000 
-66.855896 -145.544968 22.496841 64.000000 
-66.708031 -145.576004 22.485819 82.000000 
-66.840851 -145.534698 22.499525 70.000000 
-66.834206 -145.522858 22.496927 72.000000 
-66.829102 -145.510330 22.493158 75.000000 
-66.824112 -145.498428 22.489639 83.000000 
-66.974525 -145.452759 22.498449 67.000000 
-66.810402 -145.487106 22.491062 86.000000 
-66.976402 -145.439941 22.490984 84.000000 
-66.793198 -145.476105 22.494505 67.000000 
-66.965927 -145.428055 22.490164 82.000000 
-66.948410 -145.416809 22.493181 76.000000 
-66.930885 -145.405685 22.496260 79.000000 
-67.090279 -145.351730 22.502151 67.000000 
-66.934525 -145.393372 22.488167 91.000000 
-67.068909 -145.340790 22.506670 66.000000 
-66.920448 -145.382034 22.489420 64.000000 
-67.066780 -145.327286 22.500912 67.000000 
-67.059494 -145.314987 22.498169 67.000000 
-67.055702 -145.302338 22.493608 67.000000 
-67.041298 -145.290909 22.494631 72.000000 
-67.221451 -145.233963 22.497988 62.000000 
-67.215645 -145.221069 22.494196 65.000000 
-67.204681 -145.209564 22.493343 71.000000 
-67.182655 -145.198257 22.497438 73.000000 
-67.375374 -145.135330 22.501043 85.000000 
-67.175186 -145.186401 22.494884 71.000000 
-67.358559 -145.123642 22.502283 76.000000 
-67.336380 -145.112900 22.506159 81.000000 
-67.328453 -145.100021 22.503204 75.000000 
-67.324051 -145.086594 22.498554 81.000000 
-67.516281 -145.018066 22.508390 67.000000 
-67.319595 -145.073181 22.493931 78.000000 
-67.520615 -145.002548 22.499445 89.000000 
-67.510551 -144.989532 22.497141 81.000000 
-67.502243 -144.976227 22.494045 92.000000 
-67.484718 -144.963928 22.494917 83.000000 
-67.462067 -144.953445 22.498592 72.000000 
-67.680870 -144.874847 22.503220 72.000000 
-67.663750 -144.864410 22.504442 75.000000 
-67.642509 -144.853363 22.506836 70.000000 
-67.628181 -144.840225 22.505848 75.000000 
-67.871758 -144.750473 22.507471 62.000000 
-67.623039 -144.825943 22.501125 75.000000 
-67.851921 -144.738724 22.508633 109.000000 
-67.832077 -144.727066 22.509857 108.000000 
-67.817612 -144.714294 22.508837 102.000000 
-67.817505 -144.698212 22.501705 117.000000 
-67.801178 -144.685959 22.501539 105.000000 
-68.049278 -144.587997 22.509441 115.000000 
-68.050934 -144.571487 22.501778 123.000000 
-68.021576 -144.561951 22.506374 123.000000 
-67.997627 -144.551193 22.508841 123.000000 
-67.982666 -144.538208 22.507681 125.000000 
-68.271530 -144.422882 22.508610 106.000000 
-67.970673 -144.522827 22.504610 103.000000 
-68.251907 -144.408630 22.507931 124.000000 
-68.243721 -144.393082 22.503609 126.000000 
-68.226807 -144.380890 22.503090 124.000000 
-68.211342 -144.367462 22.501667 125.000000 
-68.190453 -144.355667 22.502419 124.000000 
-65.389343 -146.732697 22.494436 78.000000 
-65.376144 -146.720886 22.497936 83.000000 
-65.374321 -146.709991 22.493378 77.000000 
-65.372543 -146.699615 22.489054 71.000000 
-65.367462 -146.688873 22.487013 74.000000 
-65.471741 -146.663467 22.500898 67.000000 
-65.359070 -146.677811 22.487272 74.000000 
-65.474831 -146.653290 22.493196 68.000000 
-65.347374 -146.666473 22.489845 80.000000 
-65.469574 -146.642319 22.491016 63.000000 
-65.345474 -146.656174 22.485622 77.000000 
-65.460960 -146.631104 22.491079 63.000000 
-65.449005 -146.619659 22.493399 61.000000 
-65.583588 -146.594360 22.490986 61.000000 
-65.446968 -146.609070 22.489094 60.000000 
-65.566338 -146.582397 22.496222 66.000000 
-65.555908 -146.571503 22.497421 73.000000 
-65.446213 -146.588669 22.478518 63.000000 
-65.550385 -146.560410 22.495195 73.000000 
-65.544830 -146.549347 22.492998 76.000000 
-65.547623 -146.538742 22.485394 78.000000 
-65.667137 -146.508392 22.495913 65.000000 
-65.541992 -146.527710 22.483242 81.000000 
-65.671577 -146.497421 22.487232 74.000000 
-65.524620 -146.516174 22.488764 74.000000 
-65.665794 -146.486084 22.484896 74.000000 
-65.656578 -146.474686 22.484707 77.000000 
-65.640564 -146.463165 22.488806 78.000000 
-65.782387 -146.430069 22.489466 88.000000 
-65.631302 -146.451874 22.488705 81.000000 
-65.771225 -146.418457 22.490095 88.000000 
-65.628784 -146.440765 22.484375 83.000000 
-65.753189 -146.406860 22.494892 75.000000 
-65.750549 -146.395416 22.490452 70.000000 
-65.744446 -146.383957 22.488102 78.000000 
-65.874466 -146.347977 22.500101 74.000000 
-65.738312 -146.372543 22.485783 81.000000 
-65.876854 -146.336090 22.492561 74.000000 
-65.721893 -146.361252 22.489738 84.000000 
-65.874008 -146.324280 22.488043 79.000000 
-65.862770 -146.313858 22.489027 75.000000 
-65.851227 -146.302322 22.489605 82.000000 
-65.837929 -146.290909 22.491238 82.000000 
-65.990280 -146.249832 22.494139 62.000000 
-65.838394 -146.279083 22.484810 82.000000 
-65.978470 -146.238098 22.494463 70.000000 
-65.970116 -146.226273 22.492876 75.000000 
-65.958260 -146.214661 22.493286 72.000000 
-65.812035 -146.244766 22.481930 60.000000 
-65.956802 -146.202515 22.487835 79.000000 
-66.105759 -146.157669 22.497461 67.000000 
-65.944878 -146.190994 22.488321 81.000000 
-66.104164 -146.145096 22.491915 73.000000 
-66.093750 -146.133163 22.491144 73.000000 
-66.086815 -146.121002 22.488506 68.000000 
-66.076340 -146.109161 22.487814 82.000000 
-66.227165 -146.056000 22.498194 65.000000 
-66.058846 -146.097992 22.490993 71.000000 
-66.213112 -146.044876 22.499323 69.000000 
-66.195313 -146.033554 22.502119 67.000000 
-66.189850 -146.021027 22.498493 66.000000 
-66.187874 -146.008148 22.493040 67.000000 
-66.353615 -145.939270 22.496805 62.000000 
-66.345612 -145.912933 22.487539 62.000000 
-66.327377 -145.901672 22.490131 62.000000 
-66.504471 -145.841827 22.501511 64.000000 
-66.321716 -145.889465 22.486704 65.000000 
-66.500435 -145.828918 22.497023 67.000000 
-66.481865 -145.817474 22.499231 67.000000 
-66.463074 -145.805466 22.501270 68.000000 
-66.460495 -145.791718 22.495789 73.000000 
-66.665710 -145.721970 22.499681 63.000000 
-66.456093 -145.778244 22.491196 73.000000 
-66.661110 -145.707901 22.494894 89.000000 
-66.642136 -145.696365 22.496799 75.000000 
-66.635910 -145.683395 22.493151 78.000000 
-66.634766 -145.668762 22.486786 89.000000 
-66.617500 -145.657104 22.487993 86.000000 
-66.826134 -145.581482 22.497662 72.000000 
-66.817535 -145.567688 22.494444 77.000000 
-66.792488 -145.556458 22.498257 73.000000 
-66.776657 -145.544266 22.498352 73.000000 
-66.766426 -145.531738 22.496313 77.000000 
-67.012100 -145.442001 22.496868 107.000000 
-66.997681 -145.428955 22.495825 112.000000 
-66.973969 -145.417267 22.498446 116.000000 
-66.964905 -145.403152 22.495190 115.000000 
-66.961456 -145.388565 22.489883 117.000000 
-67.204842 -145.292892 22.500296 109.000000 
-66.941544 -145.377060 22.491358 60.000000 
-67.189987 -145.279510 22.499020 124.000000 
-67.180511 -145.264862 22.495579 124.000000 
-67.158394 -145.253433 22.497358 124.000000 
-67.134460 -145.242599 22.499945 125.000000 
-67.128494 -145.227203 22.495159 123.000000 
-67.410797 -145.115021 22.498934 121.000000 
-67.121864 -145.210281 22.489927 61.000000 
-67.385773 -145.102158 22.500481 124.000000 
-67.375793 -145.087051 22.496946 125.000000 
-67.366417 -145.073578 22.493938 126.000000 
-67.354553 -145.059036 22.491188 128.000000 
-67.316376 -145.034317 22.491529 105.000000 
-64.528084 -147.420547 22.494238 74.000000 
-64.514832 -147.408112 22.497530 77.000000 
-64.503281 -147.396484 22.499964 80.000000 
-64.501541 -147.386063 22.495663 74.000000 
-64.499763 -147.375641 22.491381 77.000000 
-64.607597 -147.350845 22.503397 67.000000 
-64.494675 -147.364868 22.489384 71.000000 
-64.604073 -147.339966 22.500114 61.000000 
-64.483009 -147.353439 22.491970 77.000000 
-64.598846 -147.328964 22.497957 61.000000 
-64.474594 -147.342407 22.492323 80.000000 
-64.600227 -147.318558 22.491404 61.000000 
-64.588295 -147.307007 22.493731 60.000000 
-64.721519 -147.281860 22.492876 64.000000 
-64.576347 -147.295547 22.496105 60.000000 
-64.705986 -147.269897 22.497044 70.000000 
-64.564369 -147.284164 22.498529 65.000000 
-64.693794 -147.258255 22.499111 70.000000 
-64.686623 -147.246994 22.497980 76.000000 
-64.681091 -147.235855 22.495798 74.000000 
-64.684021 -147.225723 22.488426 78.000000 
-64.803818 -147.195663 22.499372 67.000000 
-64.676750 -147.214539 22.487377 76.000000 
-64.799797 -147.184326 22.495981 69.000000 
-64.664421 -147.203140 22.489637 71.000000 
-64.797440 -147.173050 22.491558 72.000000 
-64.795044 -147.161774 22.487156 72.000000 
-64.782448 -147.150238 22.489140 72.000000 
-64.919472 -147.117355 22.493435 76.000000 
-64.769821 -147.138794 22.491175 69.000000 
-64.913490 -147.105698 22.490993 72.000000 
-64.769020 -147.127625 22.485790 84.000000 
-64.904045 -147.094055 22.490643 72.000000 
-64.879158 -147.082413 22.499628 63.000000 
-64.874802 -147.070923 22.496271 72.000000 
-65.018890 -147.035172 22.500591 79.000000 
-64.877251 -147.059402 22.488787 65.000000 
-65.009186 -147.023376 22.500072 79.000000 
-64.871109 -147.047928 22.486511 67.000000 
-65.002914 -147.011581 22.497587 75.000000 
-65.001793 -146.999695 22.492113 79.000000 
-65.002350 -146.987732 22.485647 79.000000 
-64.985619 -146.976288 22.489300 82.000000 
-64.974182 -146.965363 22.490191 85.000000 
-65.121506 -146.924423 22.496380 65.000000 
-65.116661 -146.912308 22.492846 68.000000 
-65.096115 -146.901031 22.498163 70.000000 
-65.099899 -146.888535 22.489786 70.000000 
-65.252731 -146.843750 22.498129 65.000000 
-65.086426 -146.877625 22.491488 72.000000 
-65.239029 -146.832565 22.499460 73.000000 
-65.084915 -146.865402 22.486101 61.000000 
-65.232155 -146.820297 22.496809 73.000000 
-65.230339 -146.807022 22.491106 68.000000 
-65.225136 -146.794647 22.487560 73.000000 
-65.371262 -146.742844 22.501671 69.000000 
-65.211327 -146.783661 22.489048 76.000000 
-65.367645 -146.729950 22.497059 72.000000 
-65.346138 -146.718170 22.501465 69.000000 
-65.333633 -146.706268 22.501545 64.000000 
-65.328339 -146.694305 22.498190 69.000000 
-65.518120 -146.637375 22.497673 62.000000 
-65.322815 -146.681717 22.494635 61.000000 
-65.499977 -146.625763 22.500124 62.000000 
-65.499573 -146.612045 22.493708 60.000000 
-65.490250 -146.599457 22.491783 65.000000 
-65.484230 -146.585770 22.487873 60.000000 
-65.663605 -146.525940 22.499353 73.000000 
-65.474831 -146.573242 22.486019 68.000000 
-65.652214 -146.513229 22.498074 72.000000 
-65.651718 -146.499680 22.491894 72.000000 
-65.629555 -146.488678 22.495872 75.000000 
-65.610954 -146.477264 22.498182 76.000000 
-65.606575 -146.463669 22.493605 78.000000 
-65.821022 -146.392258 22.494020 71.000000 
-65.811012 -146.378983 22.491758 78.000000 
-65.799171 -146.366074 22.490368 83.000000 
-65.787071 -146.352524 22.488787 83.000000 
-65.782310 -146.338409 22.484133 83.000000 
-65.969643 -146.266525 22.504324 67.000000 
-65.758133 -146.328705 22.488974 64.000000 
-65.963112 -146.252991 22.500572 73.000000 
-65.958092 -146.238403 22.495810 75.000000 
-65.945839 -146.225281 22.494289 73.000000 
-65.929970 -146.212952 22.494425 75.000000 
-66.174667 -146.124741 22.497208 103.000000 
-66.160255 -146.111526 22.496162 106.000000 
-66.144005 -146.098785 22.495934 112.000000 
-66.115143 -146.088989 22.501160 114.000000 
-66.115044 -146.072708 22.494091 119.000000 
-66.364357 -145.976288 22.503317 103.000000 
-66.354637 -145.960648 22.499598 120.000000 
-66.343353 -145.946259 22.496899 122.000000 
-66.324829 -145.933746 22.497196 123.000000 
-66.311684 -145.919952 22.495331 124.000000 
-66.291313 -145.908081 22.496479 124.000000 
-66.586876 -145.793045 22.496628 120.000000 
-66.576904 -145.777649 22.493034 123.000000 
-66.286697 -145.875870 22.484276 106.000000 
-66.550972 -145.767548 22.496067 124.000000 
-66.539139 -145.752762 22.493271 126.000000 
-66.532669 -145.736511 22.488396 126.000000 
-66.505203 -145.708191 22.484432 113.000000 
-63.627373 -148.114624 22.516180 74.000000 
-63.624161 -148.103973 22.512983 83.000000 
-63.622471 -148.093002 22.508465 77.000000 
-63.617550 -148.082153 22.506439 83.000000 
-63.612595 -148.071335 22.504442 77.000000 
-63.725529 -148.048126 22.513140 61.000000 
-63.601067 -148.059784 22.507011 83.000000 
-63.720436 -148.037048 22.510975 63.000000 
-63.596050 -148.049042 22.505077 77.000000 
-63.711994 -148.025681 22.511045 61.000000 
-63.594276 -148.038666 22.500893 77.000000 
-63.700203 -148.014038 22.513367 61.000000 
-63.698338 -148.003387 22.509085 61.000000 
-63.693119 -147.992432 22.507042 61.000000 
-63.812851 -147.967224 22.514494 64.000000 
-63.694492 -147.982071 22.500572 63.000000 
-63.809170 -147.956116 22.511200 73.000000 
-63.685902 -147.970871 22.500807 61.000000 
-63.803776 -147.944916 22.509008 72.000000 
-63.798351 -147.933746 22.506847 74.000000 
-63.792889 -147.922592 22.504713 74.000000 
-63.919575 -147.894058 22.511332 64.000000 
-63.777561 -147.911987 22.509563 76.000000 
-63.922680 -147.884125 22.504194 74.000000 
-63.775398 -147.901108 22.505318 71.000000 
-63.908546 -147.872330 22.507174 72.000000 
-63.769630 -147.888977 22.502857 63.000000 
-63.885681 -147.859192 22.515062 72.000000 
-63.885067 -147.848068 22.509678 81.000000 
-64.025681 -147.817261 22.511890 67.000000 
-63.882835 -147.837433 22.505589 81.000000 
-64.011238 -147.805450 22.514620 72.000000 
-63.880451 -147.826248 22.501299 83.000000 
-64.012321 -147.794525 22.508360 64.000000 
-63.871265 -147.814896 22.501303 69.000000 
-64.002838 -147.782318 22.507860 75.000000 
-64.003853 -147.771378 22.501633 70.000000 
-64.132607 -147.736328 22.515015 69.000000 
-63.990879 -147.759232 22.503271 70.000000 
-64.131676 -147.724426 22.509520 79.000000 
-63.967892 -147.748306 22.511627 68.000000 
-64.123779 -147.712585 22.508053 79.000000 
-63.965126 -147.736313 22.507133 64.000000 
-64.117584 -147.700760 22.505615 79.000000 
-64.102715 -147.689133 22.508242 85.000000 
-64.094727 -147.677429 22.506886 82.000000 
-64.242439 -147.638260 22.513273 62.000000 
-64.091881 -147.665634 22.502527 82.000000 
-64.234253 -147.626236 22.511688 72.000000 
-64.085556 -147.653931 22.500219 65.000000 
-64.222557 -147.614410 22.512094 75.000000 
-64.217796 -147.602325 22.508627 77.000000 
-64.215050 -147.591400 22.504644 81.000000 
-64.362892 -147.548431 22.515816 65.000000 
-64.198044 -147.579971 22.508114 73.000000 
-64.363373 -147.536285 22.509600 73.000000 
-64.184341 -147.567856 22.509451 77.000000 
-64.359802 -147.522461 22.504614 79.000000 
-64.345978 -147.510635 22.505812 82.000000 
-64.325119 -147.499405 22.510876 79.000000 
-64.487198 -147.447235 22.516171 69.000000 
-64.321770 -147.486954 22.506447 79.000000 
-64.467781 -147.435730 22.519855 66.000000 
-64.318382 -147.474503 22.502041 71.000000 
-64.460724 -147.423218 22.517160 61.000000 
-64.455399 -147.410553 22.513573 67.000000 
-64.450035 -147.397903 22.510014 66.000000 
-64.624428 -147.345093 22.517843 62.000000 
-64.439529 -147.386459 22.509487 66.000000 
-64.618866 -147.332001 22.514103 62.000000 
-64.603867 -147.305603 22.508268 60.000000 
-64.585953 -147.294785 22.511116 62.000000 
-64.790497 -147.232819 22.510050 60.000000 
-64.583595 -147.280701 22.505489 65.000000 
-64.772064 -147.220993 22.512217 75.000000 
-64.750038 -147.209793 22.516167 73.000000 
-64.742500 -147.197327 22.513510 73.000000 
-64.741852 -147.183151 22.507195 73.000000 
-64.734024 -147.170044 22.504364 73.000000 
-64.932922 -147.103149 22.512487 82.000000 
-64.717262 -147.158340 22.505915 65.000000 
-64.926643 -147.089249 22.508600 85.000000 
-64.914711 -147.075577 22.507004 71.000000 
-64.897591 -147.063583 22.508188 75.000000 
-64.880463 -147.051697 22.509428 81.000000 
-64.877609 -147.037323 22.504017 72.000000 
-65.090622 -146.962906 22.512712 64.000000 
-65.062576 -146.953491 22.518606 68.000000 
-65.054070 -146.939636 22.515524 73.000000 
-65.048866 -146.924377 22.510635 73.000000 
-65.272537 -146.842972 22.522644 72.000000 
-65.276360 -146.825912 22.513990 112.000000 
-65.254829 -146.814240 22.516090 114.000000 
-65.249519 -146.799133 22.511332 117.000000 
-65.234879 -146.785278 22.510221 116.000000 
-65.207893 -146.775116 22.514814 72.000000 
-65.486534 -146.673706 22.511677 120.000000 
-65.466339 -146.661392 22.512669 122.000000 
-65.429863 -146.653122 22.520348 123.000000 
-65.415070 -146.639740 22.519262 123.000000 
-65.416473 -146.622375 22.511564 124.000000 
-65.687286 -146.515808 22.521469 116.000000 
-65.690498 -146.497910 22.513269 123.000000 
-65.673416 -146.484436 22.512562 124.000000 
-65.663536 -146.469086 22.509094 125.000000 
-65.637367 -146.458221 22.512018 126.000000 
-65.623817 -146.444016 22.510059 120.000000 
-65.612030 -146.429352 22.507437 61.000000 
-62.756699 -148.808624 22.498138 81.000000 
-62.737198 -148.795578 22.506180 83.000000 
-62.722580 -148.783356 22.510908 74.000000 
-62.724289 -148.773392 22.504366 71.000000 
-62.719421 -148.762558 22.502373 71.000000 
-62.830795 -148.740128 22.511789 67.000000 
-62.721050 -148.752563 22.495855 77.000000 
-62.706329 -148.740570 22.500750 77.000000 
-62.822414 -148.718170 22.506397 61.000000 
-62.698109 -148.729431 22.501127 77.000000 
-62.940697 -148.672897 22.504229 62.000000 
-62.800503 -148.684509 22.504623 61.000000 
-62.930416 -148.661163 22.505201 70.000000 
-62.795345 -148.673569 22.502613 61.000000 
-62.918434 -148.649353 22.507301 70.000000 
-62.793453 -148.662949 22.498394 60.000000 
-62.909779 -148.637878 22.507280 64.000000 
-62.907791 -148.626938 22.502953 64.000000 
-62.905769 -148.615997 22.498644 66.000000 
-63.025879 -148.588104 22.509163 67.000000 
-62.900364 -148.604843 22.496534 68.000000 
-63.020363 -148.576660 22.506857 77.000000 
-62.888245 -148.593292 22.498831 66.000000 
-63.024979 -148.565735 22.498226 78.000000 
-63.012615 -148.554001 22.500210 77.000000 
-63.000225 -148.542328 22.502241 88.000000 
-63.132397 -148.511795 22.509060 64.000000 
-62.984543 -148.531158 22.506666 77.000000 
-63.130169 -148.500809 22.504826 72.000000 
-62.982254 -148.520004 22.502386 75.000000 
-63.117512 -148.488998 22.506582 72.000000 
-63.108257 -148.477325 22.506317 70.000000 
-63.098969 -148.465714 22.506094 70.000000 
-63.241745 -148.432556 22.510958 69.000000 
-63.094780 -148.454208 22.502789 72.000000 
-63.230522 -148.420654 22.511478 79.000000 
-63.092262 -148.442734 22.498466 62.000000 
-63.227921 -148.408813 22.507015 75.000000 
-63.088001 -148.431259 22.495209 66.000000 
-63.225277 -148.396957 22.502571 75.000000 
-63.220867 -148.385132 22.499159 79.000000 
-63.211246 -148.373383 22.498812 79.000000 
-63.352303 -148.335571 22.508770 60.000000 
-63.201599 -148.361694 22.498505 79.000000 
-63.349449 -148.323364 22.504259 68.000000 
-63.181599 -148.350266 22.504343 63.000000 
-63.343075 -148.311279 22.501730 68.000000 
-63.326218 -148.299591 22.505131 72.000000 
-63.316303 -148.287720 22.504650 72.000000 
-63.478397 -148.245361 22.507547 62.000000 
-63.316784 -148.275467 22.498281 70.000000 
-63.466499 -148.233276 22.507740 73.000000 
-63.310276 -148.263519 22.495886 70.000000 
-63.459839 -148.220947 22.505121 76.000000 
-63.449638 -148.208847 22.504444 71.000000 
-63.448009 -148.195633 22.498800 73.000000 
-63.598164 -148.145599 22.510252 67.000000 
-63.439491 -148.183502 22.497234 79.000000 
-63.589630 -148.133759 22.508667 67.000000 
-63.422359 -148.172668 22.500734 71.000000 
-63.556068 -148.109680 22.513262 64.000000 
-63.549049 -148.097214 22.510649 66.000000 
-63.545696 -148.085098 22.506428 66.000000 
-63.723553 -148.032333 22.511236 62.000000 
-63.549164 -148.071640 22.498272 64.000000 
-63.721615 -148.018875 22.505747 68.000000 
-63.710747 -148.006409 22.504765 76.000000 
-63.703396 -147.993591 22.502024 76.000000 
-63.885300 -147.936844 22.511848 60.000000 
-63.696007 -147.980789 22.499317 69.000000 
-63.875938 -147.923813 22.509752 69.000000 
-63.873695 -147.909866 22.504238 69.000000 
-63.860687 -147.897385 22.503944 68.000000 
-63.836945 -147.886459 22.508911 69.000000 
-63.832806 -147.872864 22.504368 69.000000 
-64.053619 -147.804459 22.501551 77.000000 
-64.027679 -147.793594 22.506828 82.000000 
-64.012505 -147.781189 22.507168 75.000000 
-64.004478 -147.767670 22.504208 86.000000 
-64.010956 -147.752502 22.494793 83.000000 
-64.204735 -147.683075 22.511894 69.000000 
-63.986740 -147.741760 22.499460 66.000000 
-64.189201 -147.670380 22.511942 75.000000 
-64.184204 -147.655060 22.506983 75.000000 
-64.170403 -147.642166 22.506319 81.000000 
-64.151184 -147.630356 22.508127 77.000000 
-64.413376 -147.543304 22.503012 107.000000 
-64.397392 -147.530258 22.502777 114.000000 
-64.363312 -147.521042 22.510309 114.000000 
-64.350906 -147.507477 22.508654 111.000000 
-64.342339 -147.493942 22.505724 114.000000 
-64.591240 -147.402405 22.514778 109.000000 
-64.331665 -147.480072 22.503370 74.000000 
-64.585716 -147.386658 22.509878 124.000000 
-64.560219 -147.375519 22.513132 121.000000 
-64.556427 -147.359436 22.507576 122.000000 
-64.539932 -147.346359 22.507238 122.000000 
-64.527023 -147.332504 22.505468 124.000000 
-64.824043 -147.221893 22.504539 120.000000 
-64.804688 -147.207062 22.504015 125.000000 
-64.505928 -147.302063 22.499353 106.000000 
-64.785904 -147.193954 22.504045 126.000000 
-64.769218 -147.181290 22.503668 127.000000 
-64.754013 -147.167419 22.502390 126.000000 
-64.751411 -147.150223 22.496176 107.000000 
-64.736130 -147.136459 22.494986 61.000000 
-61.831047 -149.491119 22.517004 74.000000 
-61.828144 -149.481537 22.514214 83.000000 
-61.829967 -149.471634 22.507624 71.000000 
-61.825077 -149.459732 22.505135 77.000000 
-61.817036 -149.448441 22.505377 77.000000 
-61.808964 -149.437195 22.505657 71.000000 
-61.930141 -149.416687 22.507893 67.000000 
-61.800869 -149.426010 22.505974 83.000000 
-61.923538 -149.405426 22.506828 60.000000 
-61.799335 -149.416214 22.501968 80.000000 
-61.908722 -149.393768 22.511555 61.000000 
-61.799320 -149.406097 22.496628 63.000000 
-61.907024 -149.383163 22.507236 63.000000 
-61.902077 -149.372726 22.505377 61.000000 
-62.015305 -149.348923 22.516512 66.000000 
-61.900311 -149.362122 22.501101 61.000000 
-62.010132 -149.337692 22.514273 68.000000 
-61.888611 -149.350525 22.503548 61.000000 
-62.014980 -149.327393 22.505560 64.000000 
-62.009739 -149.316193 22.503363 68.000000 
-61.994331 -149.303665 22.507507 66.000000 
-62.119461 -149.277252 22.514332 72.000000 
-61.982342 -149.292038 22.509747 70.000000 
-62.122520 -149.266373 22.506721 77.000000 
-61.980453 -149.281754 22.505688 70.000000 
-62.113781 -149.255295 22.506742 70.000000 
-62.091366 -149.242935 22.515068 69.000000 
-62.089245 -149.231812 22.510715 69.000000 
-62.229954 -149.202896 22.511850 69.000000 
-62.090466 -149.220840 22.504248 79.000000 
-62.205441 -149.190536 22.520750 72.000000 
-62.084995 -149.210114 22.502277 69.000000 
-62.201576 -149.179611 22.517567 65.000000 
-62.079384 -149.198837 22.500120 63.000000 
-62.192432 -149.167969 22.517288 65.000000 
-62.195110 -149.156113 22.509571 82.000000 
-62.332771 -149.124146 22.517010 63.000000 
-62.185898 -149.144531 22.509356 84.000000 
-62.333767 -149.112366 22.510483 79.000000 
-62.180073 -149.133057 22.507095 68.000000 
-62.334721 -149.100571 22.503969 85.000000 
-62.170799 -149.121567 22.506954 68.000000 
-62.320084 -149.088684 22.506538 82.000000 
-62.305553 -149.077469 22.509382 89.000000 
-62.299500 -149.065735 22.506994 89.000000 
-62.451054 -149.029114 22.510469 64.000000 
-62.298580 -149.053986 22.501591 92.000000 
-62.429127 -149.017303 22.516685 72.000000 
-62.294178 -149.042267 22.498240 85.000000 
-62.429844 -149.005127 22.510225 70.000000 
-62.421810 -148.993164 22.508692 75.000000 
-62.403309 -148.981537 22.513107 73.000000 
-62.563698 -148.940811 22.516266 76.000000 
-62.400433 -148.969513 22.508696 79.000000 
-62.564224 -148.928177 22.509787 73.000000 
-62.383625 -148.958008 22.512228 67.000000 
-62.547588 -148.903748 22.506424 84.000000 
-62.526947 -148.892258 22.511497 85.000000 
-62.520313 -148.880081 22.508963 82.000000 
-62.666817 -148.831512 22.521151 66.000000 
-62.517143 -148.867722 22.504534 70.000000 
-62.661755 -148.818878 22.517513 67.000000 
-62.656651 -148.806274 22.513905 66.000000 
-62.655041 -148.793381 22.508463 69.000000 
-62.641041 -148.781525 22.509563 72.000000 
-62.821098 -148.730865 22.513119 65.000000 
-62.813766 -148.717346 22.510048 67.000000 
-62.803017 -148.704865 22.509037 67.000000 
-62.781765 -148.694229 22.513695 73.000000 
-62.974545 -148.638077 22.517357 73.000000 
-62.774521 -148.681503 22.510975 64.000000 
-62.963528 -148.625275 22.516098 69.000000 
-62.941540 -148.613159 22.519842 73.000000 
-62.934044 -148.600052 22.516949 75.000000 
-62.922939 -148.587448 22.515827 75.000000 
-63.118999 -148.525269 22.523949 63.000000 
-62.915371 -148.574417 22.513004 73.000000 
-63.120232 -148.510437 22.516701 85.000000 
-63.108608 -148.496735 22.515074 81.000000 
-63.095364 -148.484039 22.514565 72.000000 
-63.093079 -148.470474 22.509300 81.000000 
-63.069016 -148.459579 22.513916 75.000000 
-63.293587 -148.387100 22.515837 69.000000 
-63.062855 -148.445938 22.510174 81.000000 
-63.267342 -148.376221 22.520683 68.000000 
-63.250118 -148.363937 22.521578 70.000000 
-63.234676 -148.351410 22.521723 70.000000 
-63.237206 -148.335739 22.513824 77.000000 
-63.463573 -148.257980 22.523058 105.000000 
-63.452957 -148.243256 22.520287 104.000000 
-63.435310 -148.230743 22.520889 106.000000 
-63.439335 -148.213974 22.512249 75.000000 
-63.425232 -148.200836 22.511387 72.000000 
-63.665493 -148.113480 22.522961 109.000000 
-63.400536 -148.190765 22.515482 104.000000 
-63.662228 -148.098251 22.517551 124.000000 
-63.644127 -148.085434 22.517841 123.000000 
-63.611507 -148.075974 22.524128 123.000000 
-63.613297 -148.058868 22.516363 122.000000 
-63.600552 -148.045059 22.514582 123.000000 
-63.867191 -147.944672 22.524149 120.000000 
-63.854088 -147.930252 22.522022 124.000000 
-63.850029 -147.913651 22.516397 124.000000 
-63.840473 -147.898407 22.512934 124.000000 
-63.818195 -147.886444 22.514494 122.000000 
-63.797718 -147.874115 22.515406 119.000000 
-60.947960 -150.150833 22.507959 74.000000 
-60.946556 -150.140366 22.503618 90.000000 
-60.938591 -150.128952 22.503822 88.000000 
-60.937115 -150.118515 22.499525 91.000000 
-60.929089 -150.107162 22.499796 85.000000 
-61.047333 -150.086609 22.504654 70.000000 
-60.917854 -150.095932 22.502594 88.000000 
-61.039200 -150.075577 22.504911 65.000000 
-60.916286 -150.085556 22.498373 88.000000 
-61.030964 -150.064072 22.504986 65.000000 
-60.914761 -150.075684 22.494379 77.000000 
-61.022781 -150.053146 22.505314 61.000000 
-61.014484 -150.041733 22.505465 63.000000 
-61.144733 -150.020020 22.506069 66.000000 
-61.016068 -150.031433 22.498957 65.000000 
-61.131226 -150.007874 22.509214 76.000000 
-61.007710 -150.020081 22.499166 63.000000 
-61.129414 -149.996887 22.504826 76.000000 
-61.122543 -149.985474 22.503716 78.000000 
-61.118984 -149.974365 22.500460 76.000000 
-61.247944 -149.948563 22.505695 67.000000 
-61.115395 -149.963272 22.497231 81.000000 
-61.239178 -149.936783 22.505455 77.000000 
-61.101749 -149.951416 22.500584 76.000000 
-61.247318 -149.926132 22.494673 83.000000 
-61.099762 -149.940506 22.496319 74.000000 
-61.228325 -149.913788 22.500851 81.000000 
-61.212700 -149.901749 22.504972 83.000000 
-61.207306 -149.890900 22.502975 81.000000 
-61.338024 -149.861664 22.510559 82.000000 
-61.205147 -149.879700 22.498652 83.000000 
-61.334084 -149.850037 22.507130 82.000000 
-61.206329 -149.868637 22.492207 78.000000 
-61.328392 -149.838348 22.504761 84.000000 
-61.332924 -149.827011 22.496197 75.000000 
-61.325451 -149.815292 22.494913 72.000000 
-61.451450 -149.783112 22.509920 79.000000 
-61.311119 -149.803467 22.497831 87.000000 
-61.452450 -149.771255 22.503405 79.000000 
-61.298473 -149.791763 22.499758 70.000000 
-61.448223 -149.759323 22.499924 79.000000 
-61.438782 -149.747391 22.499500 79.000000 
-61.420685 -149.735519 22.504183 75.000000 
-61.418087 -149.723694 22.499788 85.000000 
-61.568176 -149.687210 22.504524 70.000000 
-61.408558 -149.711929 22.499489 75.000000 
-61.548008 -149.675278 22.509806 68.000000 
-61.548725 -149.663025 22.503359 72.000000 
-61.537075 -149.650452 22.503599 75.000000 
-61.685669 -149.610580 22.514099 65.000000 
-61.535969 -149.638260 22.498182 70.000000 
-61.686241 -149.597885 22.507620 84.000000 
-61.531490 -149.626770 22.494980 75.000000 
-61.683399 -149.585938 22.503288 85.000000 
-61.671593 -149.573776 22.503525 73.000000 
-61.663422 -149.562134 22.502117 76.000000 
-61.821281 -149.513626 22.509760 69.000000 
-61.653313 -149.550003 22.501478 79.000000 
-61.810642 -149.499832 22.508366 77.000000 
-61.639355 -149.536880 22.502361 68.000000 
-61.789680 -149.488144 22.513023 66.000000 
-61.782848 -149.475540 22.510334 64.000000 
-61.774216 -149.463104 22.508606 67.000000 
-61.767479 -149.451202 22.506207 67.000000 
-61.947815 -149.400513 22.510090 68.000000 
-61.944263 -149.387192 22.505455 67.000000 
-61.936928 -149.373566 22.502411 71.000000 
-61.922623 -149.361359 22.503227 64.000000 
-61.908298 -149.349228 22.504097 64.000000 
-62.103203 -149.292923 22.507345 67.000000 
-62.085011 -149.280838 22.509571 66.000000 
-62.070576 -149.269135 22.510355 65.000000 
-62.061283 -149.256134 22.508350 63.000000 
-62.051960 -149.243179 22.506382 67.000000 
-62.260998 -149.179352 22.509207 82.000000 
-62.053303 -149.228851 22.499210 60.000000 
-62.255009 -149.165405 22.505295 85.000000 
-62.243374 -149.151535 22.503685 78.000000 
-62.240891 -149.137100 22.498165 83.000000 
-62.218845 -149.126389 22.502144 86.000000 
-62.424217 -149.057755 22.513966 63.000000 
-62.207329 -149.113403 22.500902 75.000000 
-62.425110 -149.042175 22.506762 67.000000 
-62.409691 -149.029327 22.506815 77.000000 
-62.385235 -149.018127 22.510954 73.000000 
-62.378784 -149.003876 22.507078 81.000000 
-62.631207 -148.922165 22.506470 107.000000 
-62.365097 -148.990952 22.506477 68.000000 
-62.602699 -148.911346 22.511599 112.000000 
-62.583256 -148.898956 22.512947 116.000000 
-62.581886 -148.883118 22.506613 116.000000 
-62.575291 -148.869095 22.502867 121.000000 
-62.561176 -148.855820 22.502026 115.000000 
-62.816425 -148.765594 22.508413 120.000000 
-62.801697 -148.750961 22.506950 121.000000 
-62.776321 -148.739594 22.510233 123.000000 
-62.759998 -148.726334 22.509872 125.000000 
-62.743652 -148.713165 22.509563 122.000000 
-63.032864 -148.608551 22.511654 121.000000 
-63.012478 -148.595627 22.512314 125.000000 
-62.992081 -148.582794 22.513039 122.000000 
-62.991634 -148.565155 22.506018 124.000000 
-62.978428 -148.550674 22.503998 123.000000 
-62.970619 -148.534851 22.499886 106.000000 
-60.076584 -150.828979 22.501938 63.000000 
-60.058937 -150.815796 22.508799 78.000000 
-60.052689 -150.804504 22.507826 77.000000 
-60.044777 -150.793015 22.508018 77.000000 
-60.043358 -150.782532 22.503712 83.000000 
-60.041901 -150.772049 22.499424 80.000000 
-60.155518 -150.751312 22.507959 72.000000 
-60.033897 -150.760651 22.499710 80.000000 
-60.152325 -150.740295 22.504667 67.000000 
-60.019360 -150.748413 22.504601 77.000000 
-60.149094 -150.729294 22.501398 65.000000 
-60.017807 -150.737991 22.500393 77.000000 
-60.137573 -150.717331 22.503704 61.000000 
-60.122807 -150.705582 22.508499 61.000000 
-60.263367 -150.685455 22.502905 67.000000 
-60.121136 -150.694870 22.504211 61.000000 
-60.248234 -150.673019 22.507099 68.000000 
-60.122726 -150.684525 22.497709 61.000000 
-60.236423 -150.660980 22.509186 68.000000 
-60.114388 -150.673111 22.497934 60.000000 
-60.232956 -150.649796 22.505896 76.000000 
-60.231121 -150.638779 22.501539 76.000000 
-60.229248 -150.627762 22.497202 74.000000 
-60.358463 -150.602112 22.502638 65.000000 
-60.217228 -150.615372 22.499226 74.000000 
-60.353001 -150.589920 22.500072 77.000000 
-60.205276 -150.603607 22.501516 74.000000 
-60.357754 -150.578995 22.491398 83.000000 
-60.342274 -150.567337 22.495697 77.000000 
-60.323288 -150.555008 22.501963 83.000000 
-60.473225 -150.527115 22.498638 76.000000 
-60.317799 -150.543533 22.499756 83.000000 
-60.464180 -150.515106 22.498259 72.000000 
-60.319027 -150.532440 22.493298 96.000000 
-60.443134 -150.502686 22.505159 77.000000 
-60.442585 -150.491119 22.499691 75.000000 
-60.433456 -150.479279 22.499435 81.000000 
-60.566639 -150.447769 22.510670 84.000000 
-60.431122 -150.467667 22.495052 81.000000 
-60.571148 -150.435913 22.502131 79.000000 
-60.421932 -150.455902 22.494865 75.000000 
-60.556602 -150.423767 22.504675 75.000000 
-60.559296 -150.411865 22.497173 79.000000 
-60.542969 -150.399826 22.500814 82.000000 
-60.535496 -150.389099 22.499880 85.000000 
-60.684246 -150.353226 22.506044 64.000000 
-60.532909 -150.377197 22.495489 85.000000 
-60.676331 -150.340973 22.504440 68.000000 
-60.659534 -150.328308 22.507559 72.000000 
-60.660263 -150.315994 22.501116 66.000000 
-60.650650 -150.304520 22.500830 72.000000 
-60.803055 -150.264755 22.509710 67.000000 
-60.647816 -150.292297 22.496405 72.000000 
-60.796604 -150.252243 22.507036 68.000000 
-60.790119 -150.239761 22.504395 68.000000 
-60.792370 -150.226898 22.497002 73.000000 
-60.940136 -150.179474 22.510838 66.000000 
-60.778793 -150.214783 22.498245 84.000000 
-60.942272 -150.166107 22.503431 72.000000 
-60.756435 -150.203201 22.504345 73.000000 
-60.924885 -150.153961 22.506197 72.000000 
-60.900410 -150.142410 22.512726 69.000000 
-60.897129 -150.129486 22.508194 72.000000 
-60.890274 -150.116837 22.505545 72.000000 
-61.069485 -150.067688 22.511116 62.000000 
-60.888676 -150.103790 22.500130 66.000000 
-61.058857 -150.054916 22.510036 62.000000 
-61.058884 -150.041214 22.503618 62.000000 
-61.049965 -150.028336 22.501713 65.000000 
-61.039234 -150.015671 22.500742 68.000000 
-61.227364 -149.960251 22.507956 79.000000 
-61.218178 -149.946991 22.505831 73.000000 
-61.203583 -149.934418 22.506344 72.000000 
-61.185387 -149.922333 22.508644 75.000000 
-61.174320 -149.909485 22.507523 78.000000 
-61.389282 -149.845840 22.508408 77.000000 
-61.175724 -149.895081 22.500334 63.000000 
-61.379742 -149.832245 22.506134 92.000000 
-61.368366 -149.818954 22.504736 81.000000 
-61.362560 -149.805664 22.501104 86.000000 
-61.358299 -149.791397 22.496426 83.000000 
-61.337627 -149.778885 22.499119 70.000000 
-61.546967 -149.709991 22.509710 64.000000 
-61.538826 -149.695801 22.506527 70.000000 
-61.525230 -149.682556 22.505796 73.000000 
-61.500786 -149.671249 22.509962 81.000000 
-61.742874 -149.592651 22.514507 68.000000 
-61.745281 -149.575989 22.506540 114.000000 
-61.713161 -149.565735 22.513243 116.000000 
-61.697609 -149.553329 22.513313 116.000000 
-61.694447 -149.537781 22.507769 118.000000 
-61.691235 -149.522232 22.502249 102.000000 
-61.941677 -149.434235 22.511566 120.000000 
-61.934547 -149.418716 22.507374 123.000000 
-61.912830 -149.406326 22.509136 125.000000 
-61.894733 -149.393280 22.509481 123.000000 
-61.879963 -149.378723 22.508156 125.000000 
-62.179058 -149.273270 22.507605 119.000000 
-62.162338 -149.259232 22.506811 122.000000 
-62.136494 -149.247452 22.509605 124.000000 
-62.125187 -149.232300 22.506804 125.000000 
-62.117474 -149.216309 22.502626 126.000000 
-62.111523 -149.199890 22.497770 118.000000 
-59.143593 -151.484573 22.515078 81.000000 
-59.143959 -151.474350 22.509579 86.000000 
-59.129639 -151.461731 22.514280 80.000000 
-59.121799 -151.450241 22.514503 77.000000 
-59.120575 -151.440842 22.510643 77.000000 
-59.244080 -151.422638 22.512194 72.000000 
-59.115929 -151.429916 22.508648 80.000000 
-59.226120 -151.409576 22.518835 61.000000 
-59.117603 -151.418930 22.501688 74.000000 
-59.221199 -151.397339 22.516243 63.000000 
-59.112888 -151.408020 22.499743 65.000000 
-59.219685 -151.386612 22.511896 60.000000 
-59.221512 -151.376846 22.505558 63.000000 
-59.338947 -151.344345 22.509556 73.000000 
-59.198547 -151.353043 22.510361 61.000000 
-59.335602 -151.333099 22.506208 66.000000 
-59.196899 -151.342377 22.506109 63.000000 
-59.323868 -151.321014 22.508318 68.000000 
-59.310528 -151.309402 22.511780 73.000000 
-59.302082 -151.297775 22.511805 72.000000 
-59.446465 -151.274734 22.507198 64.000000 
-59.303524 -151.286591 22.505093 76.000000 
-59.432652 -151.261856 22.509911 74.000000 
-59.303345 -151.275757 22.499699 81.000000 
-59.427361 -151.250275 22.507597 74.000000 
-59.289902 -151.264359 22.503323 63.000000 
-59.422134 -151.239288 22.505531 77.000000 
-59.423531 -151.228210 22.499010 78.000000 
-59.551544 -151.200302 22.509087 70.000000 
-59.411285 -151.215668 22.500828 83.000000 
-59.551064 -151.188141 22.503321 82.000000 
-59.395744 -151.203583 22.505056 81.000000 
-59.545513 -151.176285 22.500900 66.000000 
-59.391979 -151.192261 22.501829 61.000000 
-59.533100 -151.164169 22.502661 70.000000 
-59.512127 -151.151764 22.509672 72.000000 
-59.667862 -151.122223 22.507393 84.000000 
-59.515129 -151.140976 22.502380 64.000000 
-59.662209 -151.110718 22.505079 79.000000 
-59.504345 -151.129120 22.503233 72.000000 
-59.646046 -151.098419 22.508617 79.000000 
-59.512264 -151.117874 22.492611 62.000000 
-59.638489 -151.086380 22.507162 75.000000 
-59.639523 -151.074509 22.500677 72.000000 
-59.635342 -151.062561 22.497248 79.000000 
-59.770500 -151.027863 22.511187 62.000000 
-59.620796 -151.050537 22.499952 72.000000 
-59.773151 -151.015549 22.503689 66.000000 
-59.602913 -151.039185 22.504971 63.000000 
-59.770660 -151.003860 22.499376 66.000000 
-59.757557 -150.991653 22.500771 68.000000 
-59.740814 -150.978973 22.503969 68.000000 
-59.909325 -150.940140 22.504005 67.000000 
-59.734615 -150.966812 22.501509 68.000000 
-59.892426 -150.927841 22.507015 66.000000 
-59.730251 -150.955261 22.498306 65.000000 
-59.879166 -150.916153 22.508402 66.000000 
-59.876263 -150.903549 22.503864 68.000000 
-60.026077 -150.857422 22.516340 66.000000 
-59.878578 -150.890732 22.496468 73.000000 
-60.015930 -150.844757 22.515379 67.000000 
-59.868584 -150.878418 22.495817 73.000000 
-60.005749 -150.832153 22.514458 66.000000 
-59.851555 -150.866470 22.499063 70.000000 
-60.009693 -150.818787 22.506161 64.000000 
-59.992371 -150.806686 22.509024 61.000000 
-59.978561 -150.794449 22.510084 61.000000 
-59.968258 -150.782043 22.509325 64.000000 
-60.163460 -150.732147 22.505878 60.000000 
-60.133423 -150.707306 22.508293 65.000000 
-60.135254 -150.693497 22.501007 62.000000 
-60.313240 -150.641418 22.513369 73.000000 
-60.129929 -150.680313 22.497351 65.000000 
-60.305973 -150.627945 22.510372 75.000000 
-60.298664 -150.614517 22.507412 73.000000 
-60.291317 -150.601105 22.504482 73.000000 
-60.276779 -150.588531 22.505077 73.000000 
-60.258644 -150.576477 22.507469 75.000000 
-60.486488 -150.512558 22.501820 85.000000 
-60.471615 -150.499619 22.502066 81.000000 
-60.449516 -150.487732 22.505720 81.000000 
-60.447182 -150.473236 22.500193 83.000000 
-60.437614 -150.459763 22.498058 78.000000 
-60.638485 -150.393997 22.512407 69.000000 
-60.626858 -150.380356 22.510822 75.000000 
-60.615192 -150.366760 22.509279 75.000000 
-60.621552 -150.350296 22.499685 77.000000 
-60.598984 -150.338531 22.503080 77.000000 
-60.834267 -150.262573 22.510235 105.000000 
-60.829494 -150.247238 22.505352 112.000000 
-60.804718 -150.235519 22.509026 118.000000 
-60.787182 -150.222626 22.509663 116.000000 
-60.771439 -150.209473 22.509577 115.000000 
-61.042515 -150.119843 22.509953 120.000000 
-61.017296 -150.107925 22.513138 123.000000 
-61.002991 -150.093933 22.511944 125.000000 
-60.994102 -150.078888 22.508568 124.000000 
-60.988804 -150.063095 22.503736 125.000000 
-61.254093 -149.967789 22.516317 111.000000 
-60.965321 -150.051224 22.506414 101.000000 
-61.255791 -149.949631 22.508467 124.000000 
-61.239178 -149.935577 22.507721 124.000000 
-61.220715 -149.922028 22.507740 125.000000 
-61.198589 -149.909439 22.509241 126.000000 
-61.185539 -149.894791 22.507236 125.000000 
-58.247581 -152.145660 22.518024 63.000000 
-58.239819 -152.133453 22.517895 74.000000 
-58.249989 -152.124863 22.505611 80.000000 
-58.232517 -152.112106 22.512756 80.000000 
-58.221470 -152.100006 22.515215 77.000000 
-58.213646 -152.088501 22.515451 74.000000 
-58.342224 -152.071457 22.513809 64.000000 
-58.215542 -152.078552 22.508890 77.000000 
-58.322662 -152.058044 22.521528 68.000000 
-58.214149 -152.068085 22.504622 77.000000 
-58.314629 -152.046387 22.521572 65.000000 
-58.202984 -152.056168 22.507233 74.000000 
-58.319756 -152.036530 22.512775 63.000000 
-58.195038 -152.044800 22.507599 65.000000 
-58.318249 -152.025772 22.508427 63.000000 
-58.437504 -152.004730 22.517059 61.000000 
-58.310116 -152.014175 22.508554 68.000000 
-58.434238 -151.993454 22.513676 70.000000 
-58.298664 -152.002213 22.510956 61.000000 
-58.429264 -151.981995 22.511398 70.000000 
-58.293766 -151.991119 22.508924 60.000000 
-58.417576 -151.969849 22.513493 68.000000 
-58.409203 -151.958115 22.513458 66.000000 
-58.404133 -151.946777 22.511284 70.000000 
-58.543694 -151.923721 22.510139 61.000000 
-58.400879 -151.936707 22.508476 76.000000 
-58.530205 -151.912460 22.513500 77.000000 
-58.402412 -151.926025 22.501974 76.000000 
-58.524960 -151.900833 22.511168 77.000000 
-58.522964 -151.888916 22.506517 75.000000 
-58.521027 -151.877563 22.502108 77.000000 
-58.644203 -151.850372 22.515692 76.000000 
-58.509026 -151.866089 22.504343 78.000000 
-58.643875 -151.838776 22.510141 67.000000 
-58.490154 -151.853683 22.510685 75.000000 
-58.648743 -151.828033 22.501732 77.000000 
-58.631142 -151.814972 22.506346 68.000000 
-58.615440 -151.803284 22.510431 70.000000 
-58.769619 -151.773621 22.509268 90.000000 
-58.607925 -151.790298 22.508707 62.000000 
-58.755142 -151.760605 22.511501 75.000000 
-58.602409 -151.779144 22.506634 72.000000 
-58.740753 -151.748276 22.514017 82.000000 
-58.738541 -151.736908 22.509745 82.000000 
-58.732719 -151.724884 22.507290 82.000000 
-58.730434 -151.713531 22.503059 82.000000 
-58.869263 -151.679382 22.515179 60.000000 
-58.726265 -151.701553 22.499643 85.000000 
-58.866734 -151.667053 22.510607 68.000000 
-58.863907 -151.653503 22.505604 68.000000 
-58.854332 -151.641220 22.505018 68.000000 
-59.014523 -151.603485 22.510441 81.000000 
-58.834553 -151.630325 22.510843 70.000000 
-59.003250 -151.592194 22.510998 73.000000 
-58.831879 -151.618088 22.506392 70.000000 
-58.993431 -151.579636 22.510181 68.000000 
-58.976559 -151.567337 22.513224 70.000000 
-58.977219 -151.554596 22.506758 79.000000 
-59.130558 -151.507507 22.517170 69.000000 
-58.977535 -151.540558 22.499853 79.000000 
-59.125767 -151.494522 22.513418 67.000000 
-58.964077 -151.528305 22.501108 76.000000 
-59.110619 -151.483383 22.515705 66.000000 
-59.111069 -151.470184 22.509241 77.000000 
-59.090252 -151.458176 22.513935 66.000000 
-59.286350 -151.410645 22.511698 62.000000 
-59.078255 -151.445755 22.514044 69.000000 
-59.281265 -151.397247 22.507847 62.000000 
-59.256706 -151.371613 22.507408 60.000000 
-59.244385 -151.358902 22.507259 65.000000 
-59.240929 -151.345490 22.502651 65.000000 
-59.428051 -151.292496 22.510815 72.000000 
-59.420818 -151.278915 22.507784 76.000000 
-59.420723 -151.264633 22.501318 72.000000 
-59.406239 -151.251862 22.501822 78.000000 
-59.395309 -151.238754 22.500633 73.000000 
-59.611328 -151.177551 22.501986 77.000000 
-59.377201 -151.226532 22.502983 69.000000 
-59.605541 -151.163315 22.497976 75.000000 
-59.592499 -151.149994 22.497345 75.000000 
-59.579426 -151.136734 22.496759 78.000000 
-59.569923 -151.123077 22.494543 86.000000 
-59.773544 -151.058838 22.509350 62.000000 
-59.556789 -151.109955 22.494049 89.000000 
-59.756325 -151.045029 22.509836 65.000000 
-59.748352 -151.030701 22.506601 63.000000 
-59.738308 -151.015945 22.503971 68.000000 
-59.730251 -151.001694 22.500811 66.000000 
-59.968121 -150.926697 22.508219 68.000000 
-59.718769 -150.988785 22.499546 68.000000 
-59.963661 -150.911987 22.503508 108.000000 
-59.951649 -150.897781 22.501667 111.000000 
-59.934155 -150.884583 22.502193 102.000000 
-59.914822 -150.871826 22.503555 115.000000 
-59.907909 -150.856064 22.499290 118.000000 
-60.172356 -150.768509 22.503647 121.000000 
-60.152615 -150.755310 22.504560 122.000000 
-60.129471 -150.743744 22.507265 122.000000 
-60.126072 -150.727432 22.501614 124.000000 
-60.126251 -150.710358 22.494499 125.000000 
-60.401367 -150.613770 22.504606 62.000000 
-60.093693 -150.700165 22.500853 103.000000 
-60.388462 -150.598648 22.502344 118.000000 
-60.386471 -150.581146 22.495882 122.000000 
-60.371655 -150.566528 22.494413 125.000000 
-60.356804 -150.551971 22.492996 126.000000 
-60.345558 -150.536636 22.490200 126.000000 
-57.308254 -152.783295 22.535391 78.000000 
-57.312008 -152.773697 22.527643 74.000000 
-57.307594 -152.762650 22.525547 80.000000 
-57.296707 -152.751007 22.528217 68.000000 
-57.285732 -152.738922 22.530722 77.000000 
-57.420845 -152.724106 22.524519 78.000000 
-57.284477 -152.728516 22.526451 71.000000 
-57.404686 -152.711060 22.530014 61.000000 
-57.283184 -152.718094 22.522198 74.000000 
-57.278610 -152.707169 22.520247 77.000000 
-57.388786 -152.687668 22.530117 61.000000 
-57.277248 -152.696762 22.516033 68.000000 
-57.380791 -152.676041 22.530226 63.000000 
-57.385941 -152.666245 22.521469 63.000000 
-57.510071 -152.646652 22.526487 66.000000 
-57.374588 -152.654236 22.523865 63.000000 
-57.501858 -152.634796 22.526375 66.000000 
-57.363209 -152.642303 22.526310 63.000000 
-57.496956 -152.623383 22.524134 70.000000 
-57.488682 -152.611603 22.524094 68.000000 
-57.477043 -152.599533 22.526270 70.000000 
-57.614902 -152.577621 22.526016 67.000000 
-57.470379 -152.588043 22.525221 76.000000 
-57.609795 -152.565948 22.523653 77.000000 
-57.468765 -152.577637 22.521139 74.000000 
-57.601357 -152.554565 22.523657 83.000000 
-57.467033 -152.566696 22.516861 66.000000 
-57.589424 -152.542389 22.525599 78.000000 
-57.587597 -152.531097 22.521210 78.000000 
-57.714027 -152.504791 22.532181 76.000000 
-57.582355 -152.519547 22.518970 81.000000 
-57.713814 -152.493271 22.526649 77.000000 
-57.570335 -152.507538 22.521032 78.000000 
-57.710136 -152.481522 22.523197 70.000000 
-57.711647 -152.470657 22.516888 68.000000 
-57.697651 -152.458359 22.519699 62.000000 
-57.836536 -152.429962 22.527784 84.000000 
-57.673496 -152.446213 22.529024 78.000000 
-57.837849 -152.418106 22.521221 79.000000 
-57.671185 -152.433548 22.524229 66.000000 
-57.828636 -152.405258 22.520479 82.000000 
-57.812595 -152.392838 22.524035 79.000000 
-57.807114 -152.382019 22.522032 79.000000 
-57.803101 -152.370056 22.518599 75.000000 
-57.936764 -152.337158 22.533426 60.000000 
-57.799046 -152.358109 22.515192 79.000000 
-57.936104 -152.324905 22.527895 65.000000 
-57.935398 -152.312637 22.522379 68.000000 
-57.929298 -152.299744 22.519604 70.000000 
-58.077297 -152.263596 22.531485 63.000000 
-57.916325 -152.287491 22.521027 70.000000 
-58.076569 -152.251541 22.526133 62.000000 
-57.903328 -152.275314 22.522501 68.000000 
-58.070255 -152.238281 22.523188 68.000000 
-58.064175 -152.226318 22.520735 68.000000 
-58.045483 -152.213394 22.524540 73.000000 
-58.204578 -152.168930 22.532333 66.000000 
-58.034077 -152.201660 22.525036 73.000000 
-58.187496 -152.156433 22.535028 63.000000 
-58.036392 -152.188324 22.517448 79.000000 
-58.184574 -152.143463 22.530405 61.000000 
-58.176834 -152.117584 22.522150 67.000000 
-58.157867 -152.105453 22.525963 64.000000 
-58.350433 -152.059387 22.525032 60.000000 
-58.147720 -152.092941 22.525179 64.000000 
-58.340080 -152.046387 22.523905 62.000000 
-58.337154 -152.034302 22.519701 62.000000 
-58.317818 -152.022049 22.523132 65.000000 
-58.310600 -152.007614 22.519871 65.000000 
-58.506924 -151.955582 22.523399 68.000000 
-58.305454 -151.994400 22.516203 60.000000 
-58.476460 -151.944107 22.531590 72.000000 
-58.480461 -151.931000 22.523895 72.000000 
-58.469704 -151.917862 22.522678 76.000000 
-58.469482 -151.903000 22.516054 73.000000 
-58.671364 -151.845367 22.523819 82.000000 
-58.451488 -151.890686 22.518398 75.000000 
-58.667534 -151.830978 22.519003 78.000000 
-58.658051 -151.816528 22.516476 78.000000 
-58.639702 -151.803925 22.518412 81.000000 
-58.621731 -151.792862 22.520876 81.000000 
-58.841869 -151.728546 22.527740 63.000000 
-58.617748 -151.778610 22.516203 78.000000 
-58.832264 -151.714432 22.525267 67.000000 
-58.809711 -151.701416 22.528214 77.000000 
-58.798229 -151.687683 22.526642 81.000000 
-58.797573 -151.672409 22.520271 81.000000 
-59.031971 -151.599518 22.528557 65.000000 
-58.789631 -151.658218 22.517159 70.000000 
-59.025623 -151.584412 22.524385 112.000000 
-59.004658 -151.571716 22.526413 105.000000 
-58.996414 -151.556992 22.523096 108.000000 
-58.986305 -151.542618 22.520590 115.000000 
-58.965267 -151.530197 22.522785 111.000000 
-59.244781 -151.442551 22.520605 120.000000 
-59.228832 -151.428589 22.520037 123.000000 
-59.207378 -151.415741 22.521744 125.000000 
-59.187733 -151.402664 22.522772 125.000000 
-59.178993 -151.387543 22.519402 125.000000 
-59.464024 -151.292572 22.525459 106.000000 
-59.469875 -151.274460 22.516417 123.000000 
-59.457081 -151.259338 22.514191 125.000000 
-59.442146 -151.243866 22.512470 125.000000 
-59.423801 -151.230087 22.512474 126.000000 
-59.401783 -151.217224 22.513958 124.000000 
-56.377888 -153.420639 22.543274 73.000000 
-56.384888 -153.411179 22.533068 80.000000 
-56.380535 -153.400116 22.530987 83.000000 
-56.373020 -153.389557 22.531630 71.000000 
-56.362122 -153.377411 22.534149 77.000000 
-56.493958 -153.362869 22.529970 64.000000 
-56.360859 -153.366486 22.529673 77.000000 
-56.481113 -153.349731 22.533062 61.000000 
-56.356380 -153.355545 22.527710 77.000000 
-56.466660 -153.336975 22.537539 60.000000 
-56.358345 -153.345673 22.521200 80.000000 
-56.465347 -153.326279 22.533195 60.000000 
-56.463997 -153.315567 22.528870 61.000000 
-56.583221 -153.296387 22.537083 61.000000 
-56.462681 -153.305405 22.524778 61.000000 
-56.576855 -153.285263 22.536106 68.000000 
-56.451401 -153.293335 22.527191 63.000000 
-56.573723 -153.274033 22.532774 62.000000 
-56.440166 -153.281891 22.529863 63.000000 
-56.570633 -153.263367 22.529686 66.000000 
-56.562431 -153.251572 22.529663 66.000000 
-56.554039 -153.238739 22.529245 66.000000 
-56.688591 -153.217270 22.530910 67.000000 
-56.552437 -153.227783 22.524933 66.000000 
-56.683548 -153.205597 22.528564 74.000000 
-56.547466 -153.216461 22.522829 68.000000 
-56.671715 -153.193329 22.530487 81.000000 
-56.659855 -153.181122 22.532459 78.000000 
-56.658268 -153.170990 22.528524 81.000000 
-56.786423 -153.145630 22.538151 70.000000 
-56.656467 -153.159729 22.524174 73.000000 
-56.779434 -153.133652 22.536758 72.000000 
-56.644520 -153.147659 22.526257 75.000000 
-56.775829 -153.121933 22.533333 65.000000 
-56.767067 -153.109924 22.533041 67.000000 
-56.754864 -153.097748 22.534868 65.000000 
-56.910881 -153.071198 22.532297 84.000000 
-56.739223 -153.085449 22.538824 61.000000 
-56.903618 -153.058990 22.530769 75.000000 
-56.737190 -153.073975 22.534491 61.000000 
-56.899773 -153.046951 22.527264 79.000000 
-56.876911 -153.034241 22.534887 79.000000 
-56.881626 -153.022583 22.526398 82.000000 
-57.020721 -152.990936 22.538198 60.000000 
-56.874229 -153.010529 22.525011 85.000000 
-57.013187 -152.978561 22.536564 64.000000 
-56.866688 -152.997925 22.523439 79.000000 
-57.005497 -152.965607 22.534735 70.000000 
-57.003117 -152.953369 22.530224 66.000000 
-57.004421 -152.942368 22.524212 68.000000 
-57.149025 -152.907150 22.537720 65.000000 
-56.991524 -152.930069 22.525660 72.000000 
-57.151764 -152.894470 22.530254 78.000000 
-56.976864 -152.917847 22.528143 75.000000 
-57.143898 -152.881851 22.528507 76.000000 
-57.127209 -152.869400 22.531569 76.000000 
-57.110500 -152.857040 22.534691 82.000000 
-57.276760 -152.813492 22.538307 66.000000 
-57.111317 -152.844437 22.528282 71.000000 
-57.259758 -152.800934 22.541031 64.000000 
-57.246796 -152.774658 22.535316 61.000000 
-57.243870 -152.761719 22.530767 61.000000 
-57.230442 -152.749939 22.532051 66.000000 
-57.419422 -152.704590 22.532284 60.000000 
-57.412724 -152.691391 22.529398 62.000000 
-57.398846 -152.678665 22.530130 62.000000 
-57.386726 -152.665894 22.530014 68.000000 
-57.576336 -152.616867 22.537012 60.000000 
-57.372795 -152.653320 22.530848 73.000000 
-57.567562 -152.603424 22.534842 72.000000 
-57.547974 -152.590958 22.537897 66.000000 
-57.546318 -152.577011 22.532351 69.000000 
-57.533855 -152.564041 22.532036 68.000000 
-57.735985 -152.508316 22.539305 67.000000 
-57.528530 -152.550461 22.528286 72.000000 
-57.737728 -152.493423 22.532001 82.000000 
-57.726765 -152.479874 22.530546 72.000000 
-57.722988 -152.465561 22.525791 75.000000 
-57.710144 -152.452301 22.525253 89.000000 
-57.684654 -152.440613 22.530645 78.000000 
-57.910198 -152.376266 22.534189 67.000000 
-57.684364 -152.425980 22.524319 64.000000 
-57.897049 -152.362640 22.533354 75.000000 
-57.878422 -152.349808 22.534981 75.000000 
-57.868843 -152.335831 22.532637 81.000000 
-58.116692 -152.263916 22.535404 62.000000 
-57.859222 -152.321899 22.530331 73.000000 
-58.101345 -152.250168 22.535059 107.000000 
-58.091446 -152.235641 22.532454 110.000000 
-58.068748 -152.223190 22.535297 116.000000 
-58.062424 -152.208206 22.531240 111.000000 
-58.050598 -152.194138 22.529545 105.000000 
-58.305145 -152.113373 22.537552 112.000000 
-58.035103 -152.180756 22.529451 60.000000 
-58.302155 -152.097092 22.531830 122.000000 
-58.275345 -152.085129 22.535749 122.000000 
-58.252178 -152.072647 22.538260 124.000000 
-58.250896 -152.056168 22.531919 125.000000 
-58.236797 -152.042114 22.530821 121.000000 
-58.520039 -151.948532 22.536430 121.000000 
-58.516315 -151.930771 22.530447 124.000000 
-58.507305 -151.914963 22.526869 125.000000 
-58.502174 -151.899246 22.522156 125.000000 
-58.476627 -151.887054 22.525055 125.000000 
-55.454422 -154.053696 22.535755 73.000000 
-55.456654 -154.043869 22.529125 74.000000 
-55.450745 -154.032486 22.528164 77.000000 
-55.446423 -154.021439 22.526100 71.000000 
-55.425884 -154.007477 22.535439 80.000000 
-55.424797 -153.997620 22.531387 80.000000 
-55.551575 -153.982773 22.529976 61.000000 
-55.423622 -153.987259 22.527142 80.000000 
-55.425644 -153.977432 22.520622 77.000000 
-55.419548 -153.966232 22.519846 61.000000 
-55.534664 -153.948563 22.525755 61.000000 
-55.533340 -153.937866 22.521435 60.000000 
-55.650928 -153.918854 22.530350 64.000000 
-55.522137 -153.925735 22.523848 63.000000 
-55.649525 -153.907837 22.525919 66.000000 
-55.507626 -153.913239 22.528549 68.000000 
-55.644753 -153.896393 22.523680 66.000000 
-55.502926 -153.902176 22.526567 60.000000 
-55.636620 -153.884552 22.523649 66.000000 
-55.621799 -153.871964 22.528023 68.000000 
-55.759754 -153.851746 22.527233 67.000000 
-55.620258 -153.861023 22.523701 70.000000 
-55.754780 -153.840057 22.524876 74.000000 
-55.620342 -153.850266 22.518301 73.000000 
-55.741341 -153.827545 22.527857 72.000000 
-55.617065 -153.839142 22.515114 66.000000 
-55.726189 -153.814957 22.531956 69.000000 
-55.729542 -153.804199 22.524380 74.000000 
-55.854393 -153.779312 22.535784 67.000000 
-55.724438 -153.792648 22.522156 74.000000 
-55.849274 -153.768036 22.533581 77.000000 
-55.719296 -153.781113 22.519958 78.000000 
-55.843937 -153.755630 22.530960 72.000000 
-55.850689 -153.745239 22.521547 68.000000 
-55.835239 -153.733307 22.525656 70.000000 
-55.972485 -153.706604 22.534006 69.000000 
-55.821476 -153.721588 22.528778 72.000000 
-55.973930 -153.694839 22.527451 69.000000 
-55.810898 -153.709000 22.529425 75.000000 
-55.970154 -153.682816 22.523933 79.000000 
-55.947384 -153.669968 22.531570 75.000000 
-55.946888 -153.657578 22.525879 79.000000 
-55.943008 -153.645645 22.522463 89.000000 
-56.092537 -153.614807 22.527756 62.000000 
-55.937485 -153.634262 22.520309 72.000000 
-56.074699 -153.602798 22.532259 70.000000 
-56.075874 -153.590637 22.525766 70.000000 
-56.073406 -153.577789 22.521036 72.000000 
-56.221668 -153.543472 22.532242 65.000000 
-56.057114 -153.565399 22.524466 68.000000 
-56.219193 -153.530823 22.527613 73.000000 
-56.040794 -153.553116 22.527956 70.000000 
-56.213158 -153.518188 22.524914 71.000000 
-56.198307 -153.505646 22.527029 73.000000 
-56.183434 -153.493195 22.529200 70.000000 
-56.341034 -153.450821 22.537056 67.000000 
-56.173798 -153.480759 22.528542 70.000000 
-56.324116 -153.438217 22.539799 66.000000 
-56.174644 -153.468185 22.522142 62.000000 
-56.321350 -153.425293 22.535189 66.000000 
-56.311745 -153.413895 22.534775 66.000000 
-56.312439 -153.400879 22.528357 66.000000 
-56.300426 -153.387039 22.528034 67.000000 
-56.484230 -153.343124 22.530472 65.000000 
-56.481178 -153.329727 22.525791 67.000000 
-56.467384 -153.316956 22.526533 73.000000 
-56.446438 -153.304688 22.530931 71.000000 
-56.643353 -153.256409 22.533752 68.000000 
-56.439716 -153.291641 22.528168 78.000000 
-56.632866 -153.243103 22.532450 67.000000 
-56.609768 -153.230835 22.537262 63.000000 
-56.606407 -153.217102 22.532581 61.000000 
-56.599411 -153.203659 22.529671 63.000000 
-56.805370 -153.148865 22.534636 82.000000 
-56.805752 -153.135651 22.528629 82.000000 
-56.793068 -153.122253 22.528013 71.000000 
-56.783596 -153.107117 22.525293 75.000000 
-56.763630 -153.094635 22.528135 70.000000 
-56.984226 -153.032898 22.533800 63.000000 
-56.747627 -153.083282 22.529821 72.000000 
-56.980686 -153.019562 22.529406 69.000000 
-56.956726 -153.007248 22.533403 70.000000 
-56.941429 -152.992447 22.532959 70.000000 
-56.931942 -152.978470 22.530622 75.000000 
-57.181892 -152.907867 22.531807 72.000000 
-56.928257 -152.965271 22.526363 75.000000 
-57.165245 -152.895874 22.532738 110.000000 
-57.142670 -152.883255 22.535549 115.000000 
-57.136490 -152.868271 22.531454 108.000000 
-57.132084 -152.853012 22.526613 105.000000 
-57.110809 -152.838852 22.528337 72.000000 
-57.380333 -152.757263 22.529512 121.000000 
-57.371941 -152.741943 22.525993 124.000000 
-57.345695 -152.731445 22.530432 123.000000 
-57.320793 -152.719193 22.533707 123.000000 
-57.310242 -152.703613 22.530840 123.000000 
-57.601559 -152.611221 22.533062 121.000000 
-57.598251 -152.594284 22.527279 123.000000 
-57.572617 -152.580887 22.529783 124.000000 
-57.565552 -152.564743 22.525501 125.000000 
-57.556610 -152.549011 22.521971 124.000000 
-57.543961 -152.534088 22.519907 113.000000 
-54.504925 -154.672150 22.550962 71.000000 
-54.508865 -154.663269 22.543432 80.000000 
-54.507866 -154.652878 22.539085 80.000000 
-54.497128 -154.640625 22.541569 80.000000 
-54.489597 -154.629059 22.541824 83.000000 
-54.613083 -154.614594 22.542494 61.000000 
-54.483650 -154.617828 22.540976 90.000000 
-54.605373 -154.602798 22.542509 61.000000 
-54.485748 -154.608078 22.534443 101.000000 
-54.594353 -154.590500 22.544781 63.000000 
-54.478123 -154.596603 22.534794 91.000000 
-54.589863 -154.579330 22.542652 63.000000 
-54.585346 -154.568192 22.540552 63.000000 
-54.706085 -154.550674 22.546885 64.000000 
-54.587349 -154.558075 22.534012 63.000000 
-54.704769 -154.539734 22.542444 68.000000 
-54.576206 -154.545975 22.536436 68.000000 
-54.696758 -154.527863 22.542360 70.000000 
-54.568310 -154.534409 22.536665 65.000000 
-54.697033 -154.517151 22.536879 73.000000 
-54.687294 -154.505142 22.537952 70.000000 
-54.818542 -154.485168 22.541243 84.000000 
-54.677601 -154.493729 22.539286 73.000000 
-54.813736 -154.474075 22.539089 85.000000 
-54.671131 -154.482239 22.538254 81.000000 
-54.795334 -154.460953 22.545223 81.000000 
-54.664627 -154.470779 22.537256 67.000000 
-54.787018 -154.449036 22.545048 76.000000 
-54.788780 -154.438202 22.538523 76.000000 
-54.913609 -154.414322 22.549623 82.000000 
-54.777035 -154.425995 22.540546 76.000000 
-54.903374 -154.402039 22.550272 82.000000 
-54.778717 -154.415161 22.534058 66.000000 
-54.905048 -154.390823 22.543722 68.000000 
-54.903271 -154.379303 22.539255 68.000000 
-54.894638 -154.367264 22.538969 66.000000 
-55.028427 -154.341400 22.549006 69.000000 
-54.884369 -154.355728 22.539982 72.000000 
-55.033512 -154.330536 22.540655 74.000000 
-54.873978 -154.343674 22.540819 68.000000 
-55.028111 -154.318451 22.538126 82.000000 
-54.866867 -154.331345 22.539391 62.000000 
-55.019127 -154.305618 22.537420 82.000000 
-55.001595 -154.292999 22.542049 85.000000 
-54.999538 -154.281189 22.537603 89.000000 
-55.152546 -154.251709 22.540543 64.000000 
-54.990559 -154.269104 22.537249 75.000000 
-55.136429 -154.239044 22.543806 75.000000 
-55.129219 -154.227936 22.542664 68.000000 
-55.126976 -154.215775 22.538143 70.000000 
-55.275227 -154.182724 22.548878 76.000000 
-55.121216 -154.203552 22.535624 68.000000 
-55.279900 -154.170227 22.540428 84.000000 
-55.104996 -154.191177 22.539076 68.000000 
-55.266937 -154.157578 22.541515 79.000000 
-55.264370 -154.144394 22.536690 70.000000 
-55.251347 -154.131851 22.537863 70.000000 
-55.409294 -154.091324 22.545750 65.000000 
-55.231403 -154.120056 22.543156 68.000000 
-55.394249 -154.078568 22.547527 66.000000 
-55.228855 -154.107605 22.538664 70.000000 
-55.379044 -154.065277 22.549128 69.000000 
-55.376343 -154.052414 22.544519 69.000000 
-55.373741 -154.040192 22.540165 67.000000 
-55.369190 -154.027390 22.536535 66.000000 
-55.549660 -153.985046 22.540569 68.000000 
-55.546570 -153.971008 22.535622 66.000000 
-55.532875 -153.958176 22.536325 66.000000 
-55.522720 -153.945236 22.535280 71.000000 
-55.701969 -153.899475 22.546669 68.000000 
-55.501846 -153.932938 22.539696 69.000000 
-55.704189 -153.885330 22.539288 72.000000 
-55.692135 -153.872849 22.539089 66.000000 
-55.667313 -153.860641 22.544781 65.000000 
-55.662060 -153.846405 22.540735 69.000000 
-55.886391 -153.791672 22.536995 82.000000 
-55.655140 -153.833023 22.537827 73.000000 
-55.857548 -153.779617 22.543802 78.000000 
-55.658928 -153.818756 22.529699 60.000000 
-55.854023 -153.765381 22.538986 86.000000 
-55.845032 -153.751678 22.536713 78.000000 
-55.843407 -153.738007 22.531353 83.000000 
-56.029850 -153.681625 22.552197 63.000000 
-55.819904 -153.725861 22.535889 81.000000 
-56.031521 -153.666306 22.544891 67.000000 
-56.022022 -153.651474 22.542187 66.000000 
-56.007233 -153.638092 22.542189 73.000000 
-55.987164 -153.626175 22.544909 77.000000 
-56.228279 -153.558853 22.549324 75.000000 
-55.977764 -153.612274 22.542585 73.000000 
-56.227791 -153.543076 22.542805 108.000000 
-56.198013 -153.531357 22.548676 108.000000 
-56.188313 -153.516953 22.546104 72.000000 
-56.180397 -153.502319 22.542799 106.000000 
-56.432251 -153.426468 22.551142 109.000000 
-56.174259 -153.487427 22.538750 104.000000 
-56.425892 -153.410904 22.546831 123.000000 
-56.406647 -153.397446 22.547737 123.000000 
-56.398376 -153.382263 22.544250 123.000000 
-56.380676 -153.367874 22.544279 124.000000 
-56.361351 -153.354691 22.545359 122.000000 
-56.658871 -153.264450 22.544899 121.000000 
-56.648361 -153.248962 22.541912 123.000000 
-56.615757 -153.237686 22.547482 122.000000 
-56.603348 -153.222702 22.545317 123.000000 
-56.603737 -153.205276 22.538206 123.000000 
-56.607723 -153.187073 22.529686 63.000000 
-53.571541 -155.290970 22.556946 71.000000 
-53.575481 -155.281586 22.549202 77.000000 
-53.571312 -155.270538 22.547131 77.000000 
-53.567154 -155.260025 22.545301 80.000000 
-53.679440 -155.244461 22.553963 64.000000 
-53.553238 -155.247162 22.550121 74.000000 
-53.548920 -155.235703 22.547937 83.000000 
-53.669064 -155.221115 22.550459 60.000000 
-53.547844 -155.225372 22.543701 80.000000 
-53.658115 -155.208755 22.552753 60.000000 
-53.546734 -155.215042 22.539484 74.000000 
-53.653694 -155.197571 22.550640 63.000000 
-53.652515 -155.186951 22.546324 61.000000 
-53.770031 -155.169647 22.554737 70.000000 
-53.648026 -155.175812 22.544264 63.000000 
-53.767113 -155.158463 22.551394 73.000000 
-53.640228 -155.164169 22.544474 63.000000 
-53.760838 -155.146805 22.550247 70.000000 
-53.764629 -155.137665 22.543036 73.000000 
-53.751644 -155.125137 22.546305 70.000000 
-53.879597 -155.105606 22.551565 67.000000 
-53.741955 -155.113144 22.547440 76.000000 
-53.878155 -155.094345 22.547089 74.000000 
-53.735554 -155.101624 22.546425 81.000000 
-53.863205 -155.081512 22.551125 66.000000 
-53.732288 -155.089462 22.542818 66.000000 
-53.848076 -155.067673 22.554781 69.000000 
-53.846531 -155.056503 22.550406 70.000000 
-53.981598 -155.034439 22.555017 70.000000 
-53.845108 -155.046448 22.546482 70.000000 
-53.963070 -155.022461 22.561298 65.000000 
-53.843494 -155.035278 22.542143 65.000000 
-53.961407 -155.010971 22.556839 61.000000 
-54.098736 -154.963470 22.553808 74.000000 
-53.945969 -154.975708 22.549837 63.000000 
-54.100338 -154.951813 22.547245 79.000000 
-53.933956 -154.963501 22.551746 63.000000 
-54.096729 -154.939804 22.543720 79.000000 
-54.084373 -154.926712 22.545055 79.000000 
-54.073807 -154.914383 22.545652 72.000000 
-54.227108 -154.886185 22.548727 64.000000 
-54.063213 -154.902115 22.546295 82.000000 
-54.212845 -154.873444 22.550985 70.000000 
-54.064621 -154.890488 22.539848 82.000000 
-54.200291 -154.860855 22.552317 68.000000 
-54.187820 -154.848938 22.553923 70.000000 
-54.190868 -154.836960 22.546469 75.000000 
-54.344528 -154.804901 22.554138 76.000000 
-54.181702 -154.824615 22.545946 79.000000 
-54.342232 -154.792328 22.549503 84.000000 
-54.170773 -154.812302 22.546459 86.000000 
-54.329350 -154.779617 22.550621 71.000000 
-54.330368 -154.766479 22.543901 79.000000 
-54.315662 -154.753876 22.546061 73.000000 
-54.464916 -154.714371 22.558346 67.000000 
-54.304565 -154.741974 22.546577 85.000000 
-54.465912 -154.701416 22.551840 64.000000 
-54.298576 -154.729507 22.544020 85.000000 
-54.447372 -154.688721 22.555546 69.000000 
-54.442974 -154.675873 22.551882 69.000000 
-54.438538 -154.663055 22.548244 77.000000 
-54.606804 -154.622681 22.558514 62.000000 
-54.425220 -154.650467 22.549305 74.000000 
-54.613068 -154.609711 22.549564 65.000000 
-54.595779 -154.596252 22.551821 66.000000 
-54.593029 -154.583618 22.547403 66.000000 
-54.582809 -154.569977 22.546154 73.000000 
-54.760422 -154.525497 22.558065 72.000000 
-54.565731 -154.558090 22.549028 69.000000 
-54.760929 -154.511520 22.551573 75.000000 
-54.743565 -154.499344 22.554012 75.000000 
-54.726021 -154.486588 22.556274 78.000000 
-54.715473 -154.472748 22.554876 76.000000 
-54.943573 -154.419220 22.548941 100.000000 
-54.708645 -154.459381 22.552004 72.000000 
-54.918438 -154.406754 22.554123 83.000000 
-54.911385 -154.392838 22.551008 83.000000 
-54.907906 -154.378647 22.546249 86.000000 
-54.900948 -154.365494 22.543436 83.000000 
-55.100540 -154.309784 22.558485 72.000000 
-54.879333 -154.353088 22.547171 72.000000 
-55.089550 -154.295837 22.556816 77.000000 
-55.079971 -154.280273 22.553905 75.000000 
-55.065269 -154.266846 22.553944 73.000000 
-55.043278 -154.254349 22.557278 66.000000 
-55.308441 -154.185547 22.551163 109.000000 
-55.286079 -154.172592 22.553917 114.000000 
-55.258217 -154.160522 22.559061 72.000000 
-55.248608 -154.146103 22.556526 104.000000 
-55.242607 -154.131210 22.552473 72.000000 
-55.494812 -154.056900 22.560415 118.000000 
-55.495895 -154.040207 22.553173 123.000000 
-55.478794 -154.027145 22.553616 125.000000 
-55.463276 -154.013107 22.553123 125.000000 
-55.449558 -153.998840 22.551939 124.000000 
-55.738468 -153.911896 22.555054 111.000000 
-55.426662 -153.986176 22.554541 121.000000 
-55.740990 -153.894043 22.547104 124.000000 
-55.710064 -153.881287 22.551670 123.000000 
-55.692253 -153.867172 22.551603 121.000000 
-55.679928 -153.852127 22.549458 124.000000 
-55.673069 -153.836075 22.545216 124.000000 
-52.637936 -155.904404 22.562399 71.000000 
-52.638695 -155.894333 22.556892 74.000000 
-52.647530 -155.886429 22.545952 71.000000 
-52.633694 -155.873367 22.550680 74.000000 
-52.632778 -155.863480 22.546574 74.000000 
-52.615662 -155.849930 22.553679 74.000000 
-52.611412 -155.838974 22.551704 80.000000 
-52.731644 -155.824585 22.554201 61.000000 
-52.613575 -155.829224 22.545172 83.000000 
-52.612427 -155.818359 22.540733 68.000000 
-52.716259 -155.800461 22.554169 63.000000 
-52.711823 -155.789291 22.552086 63.000000 
-52.829376 -155.772202 22.560400 64.000000 
-52.710682 -155.779190 22.548002 65.000000 
-52.828201 -155.761795 22.556196 68.000000 
-52.702908 -155.767532 22.548214 65.000000 
-52.826927 -155.750854 22.551788 68.000000 
-52.822300 -155.739426 22.549580 66.000000 
-52.947113 -155.719925 22.557188 65.000000 
-52.814316 -155.727570 22.549583 70.000000 
-52.942352 -155.708206 22.554802 81.000000 
-52.807961 -155.715973 22.548534 73.000000 
-52.944290 -155.697342 22.548204 83.000000 
-52.803234 -155.704636 22.546419 73.000000 
-52.929363 -155.684464 22.552244 78.000000 
-52.911049 -155.671310 22.558475 70.000000 
-53.065025 -155.651749 22.551874 63.000000 
-52.916245 -155.660858 22.549824 74.000000 
-53.051498 -155.638947 22.554546 70.000000 
-52.911392 -155.649841 22.547813 67.000000 
-53.029507 -155.626007 22.562674 67.000000 
-52.909790 -155.638641 22.543465 74.000000 
-53.026154 -155.614334 22.559244 72.000000 
-53.027695 -155.601974 22.552277 66.000000 
-53.025959 -155.590439 22.547848 68.000000 
-53.163448 -155.565811 22.555742 66.000000 
-53.017567 -155.579529 22.548059 68.000000 
-53.163525 -155.555206 22.550634 79.000000 
-53.002171 -155.567001 22.552055 75.000000 
-53.158211 -155.543076 22.548120 75.000000 
-53.154385 -155.529877 22.544172 79.000000 
-53.142117 -155.517380 22.545782 92.000000 
-53.299061 -155.489517 22.546947 62.000000 
-53.133457 -155.506348 22.545849 82.000000 
-53.288502 -155.478073 22.547701 70.000000 
-53.131439 -155.494507 22.541426 79.000000 
-53.275967 -155.465393 22.549021 70.000000 
-53.263405 -155.452789 22.550390 70.000000 
-53.261242 -155.440598 22.545877 72.000000 
-53.413334 -155.408691 22.554596 70.000000 
-53.262402 -155.427887 22.539181 75.000000 
-53.407421 -155.395386 22.551630 78.000000 
-53.097176 -155.445679 22.539183 63.000000 
-53.244534 -155.415298 22.543650 72.000000 
-53.406853 -155.382797 22.546059 82.000000 
-53.397461 -155.370117 22.545298 79.000000 
-53.384533 -155.357468 22.546501 79.000000 
-53.542709 -155.317444 22.553995 65.000000 
-53.369823 -155.344894 22.548717 73.000000 
-53.527760 -155.304581 22.555805 67.000000 
-53.365601 -155.332397 22.545195 71.000000 
-53.516323 -155.291748 22.555813 66.000000 
-53.503090 -155.279022 22.556797 64.000000 
-53.503975 -155.266068 22.550367 66.000000 
-53.503048 -155.253143 22.544886 67.000000 
-53.668526 -155.199173 22.550316 60.000000 
-53.669205 -155.185669 22.543850 62.000000 
-53.653793 -155.172867 22.545538 65.000000 
-53.838802 -155.128189 22.554068 72.000000 
-53.633018 -155.160431 22.549999 64.000000 
-53.828518 -155.114777 22.552759 72.000000 
-53.818203 -155.101410 22.551495 73.000000 
-53.804264 -155.088348 22.552015 75.000000 
-54.025593 -155.036148 22.549984 63.000000 
-53.797634 -155.075546 22.549326 72.000000 
-54.015160 -155.023071 22.548681 82.000000 
-53.789013 -155.062210 22.547310 65.000000 
-53.984612 -155.010956 22.556385 67.000000 
-53.981022 -154.996002 22.551353 68.000000 
-53.970325 -154.982407 22.549953 71.000000 
-53.979458 -154.967010 22.539320 72.000000 
-54.184601 -154.910141 22.551931 74.000000 
-53.959660 -154.954330 22.542212 60.000000 
-54.169968 -154.896484 22.551863 73.000000 
-54.162582 -154.882095 22.548616 73.000000 
-54.156971 -154.867538 22.544596 77.000000 
-54.395374 -154.802811 22.551134 65.000000 
-54.127907 -154.856491 22.551403 81.000000 
-54.395218 -154.787704 22.544823 114.000000 
-54.363712 -154.775818 22.551437 102.000000 
-54.346825 -154.762177 22.551933 108.000000 
-54.328087 -154.748886 22.553267 108.000000 
-54.327568 -154.733139 22.546858 117.000000 
-54.587452 -154.657990 22.552168 122.000000 
-54.319698 -154.718430 22.543600 66.000000 
-54.568329 -154.644257 22.553047 123.000000 
-54.554462 -154.628967 22.551510 122.000000 
-54.551781 -154.612808 22.545801 124.000000 
-54.538059 -154.598419 22.544605 125.000000 
-54.810703 -154.514511 22.554434 121.000000 
-54.515156 -154.585632 22.547203 115.000000 
-54.813236 -154.496628 22.546473 124.000000 
-54.791771 -154.482956 22.547762 125.000000 
-54.764771 -154.470413 22.551252 126.000000 
-54.759804 -154.453949 22.546253 125.000000 
-54.760288 -154.436447 22.539139 113.000000 
-51.703159 -156.500137 22.569056 78.000000 
-51.703934 -156.490021 22.563555 71.000000 
-51.703053 -156.479568 22.559200 74.000000 
-51.702141 -156.469101 22.554863 71.000000 
-51.691517 -156.456711 22.557379 80.000000 
-51.807297 -156.442047 22.563950 64.000000 
-51.680866 -156.444397 22.559944 80.000000 
-51.811195 -156.432175 22.556208 61.000000 
-51.683075 -156.434601 22.553400 71.000000 
-51.800316 -156.419662 22.558466 61.000000 
-51.678802 -156.423584 22.551451 77.000000 
-51.789410 -156.407211 22.560770 60.000000 
-51.679440 -156.414520 22.546503 61.000000 
-51.781857 -156.396454 22.561325 61.000000 
-51.916313 -156.382416 22.559273 64.000000 
-51.783981 -156.386322 22.554775 61.000000 
-51.898502 -156.368790 22.565638 66.000000 
-51.779465 -156.374542 22.552502 63.000000 
-51.903862 -156.358215 22.556646 64.000000 
-51.778240 -156.363861 22.548223 61.000000 
-51.890976 -156.345490 22.559853 62.000000 
-51.897976 -156.335663 22.550016 66.000000 
-52.018070 -156.315521 22.561239 61.000000 
-51.883369 -156.322800 22.554394 70.000000 
-52.018375 -156.304382 22.555679 81.000000 
-51.878685 -156.311371 22.552252 66.000000 
-52.013588 -156.292603 22.553318 75.000000 
-51.873970 -156.299973 22.550137 70.000000 
-52.005405 -156.280441 22.553114 77.000000 
-51.990540 -156.268143 22.557432 78.000000 
-52.136360 -156.247726 22.556509 69.000000 
-51.985657 -156.256485 22.555178 78.000000 
-52.127960 -156.235352 22.556087 77.000000 
-51.984020 -156.244644 22.550592 81.000000 
-52.117744 -156.222290 22.556519 64.000000 
-51.985783 -156.233719 22.544096 81.000000 
-52.105877 -156.209702 22.558258 66.000000 
-52.104362 -156.199249 22.554247 66.000000 
-52.238785 -156.174820 22.564783 76.000000 
-52.107742 -156.188065 22.546682 72.000000 
-52.238731 -156.162964 22.559202 85.000000 
-52.095692 -156.175034 22.548309 60.000000 
-52.235096 -156.150253 22.555426 79.000000 
-52.078606 -156.162277 22.553352 66.000000 
-52.231514 -156.138153 22.551905 75.000000 
-52.221012 -156.125656 22.552464 79.000000 
-52.213917 -156.113403 22.551035 89.000000 
-52.362404 -156.085266 22.557480 60.000000 
-52.206791 -156.101196 22.549641 82.000000 
-52.353397 -156.072632 22.556808 72.000000 
-52.201347 -156.089111 22.547262 82.000000 
-52.347839 -156.060181 22.554207 70.000000 
-52.342243 -156.047745 22.551636 70.000000 
-52.340084 -156.035446 22.547117 68.000000 
-52.487228 -156.003464 22.559225 62.000000 
-52.337887 -156.023148 22.542622 66.000000 
-52.486713 -155.990799 22.553629 73.000000 
-52.316559 -156.010391 22.549080 65.000000 
-52.482639 -155.978058 22.549965 78.000000 
-52.482033 -155.965378 22.544411 79.000000 
-52.633720 -155.925659 22.556625 61.000000 
-52.465599 -155.952591 22.547525 79.000000 
-52.622478 -155.913239 22.556767 67.000000 
-52.452770 -155.940536 22.548998 79.000000 
-52.609306 -155.900238 22.557644 61.000000 
-52.436291 -155.927933 22.552225 62.000000 
-52.586422 -155.874435 22.557693 61.000000 
-52.583775 -155.861450 22.553118 61.000000 
-52.763233 -155.821106 22.558563 62.000000 
-52.754021 -155.794266 22.550938 62.000000 
-52.745789 -155.781021 22.548973 65.000000 
-52.927719 -155.737076 22.560190 73.000000 
-52.735588 -155.767212 22.547716 65.000000 
-52.928131 -155.722229 22.553408 77.000000 
-52.917850 -155.708679 22.552088 72.000000 
-52.903934 -155.695404 22.552549 69.000000 
-52.879219 -155.682907 22.558292 69.000000 
-53.104439 -155.630661 22.555080 63.000000 
-52.876186 -155.669785 22.553862 73.000000 
-53.103073 -155.616776 22.549608 85.000000 
-53.081577 -155.603775 22.553118 81.000000 
-53.079960 -155.589218 22.547468 86.000000 
-53.071064 -155.575302 22.545204 89.000000 
-53.056534 -155.561203 22.545273 81.000000 
-53.269245 -155.503784 22.555208 64.000000 
-53.038544 -155.548248 22.547323 64.000000 
-53.258255 -155.489609 22.553526 64.000000 
-53.249046 -155.475296 22.551081 68.000000 
-53.237980 -155.461243 22.549486 73.000000 
-53.485867 -155.395615 22.552816 62.000000 
-53.221436 -155.447861 22.550369 77.000000 
-53.483677 -155.379837 22.547022 112.000000 
-53.459480 -155.366852 22.550533 118.000000 
-53.437096 -155.353775 22.553345 118.000000 
-53.423828 -155.339600 22.552338 115.000000 
-53.414383 -155.325760 22.550062 114.000000 
-53.676472 -155.250519 22.555418 121.000000 
-53.662853 -155.235809 22.554070 121.000000 
-53.640026 -155.222595 22.556486 121.000000 
-53.641014 -155.205734 22.549290 122.000000 
-53.623398 -155.191010 22.549335 123.000000 
-53.924068 -155.102646 22.549343 119.000000 
-53.926579 -155.084549 22.541361 122.000000 
-53.901398 -155.071320 22.544041 125.000000 
-53.876209 -155.058228 22.546793 125.000000 
-53.871216 -155.041550 22.541773 125.000000 
-53.858826 -155.026260 22.539644 113.000000 
-50.768452 -157.090820 22.580374 71.000000 
-50.759621 -157.079132 22.581915 77.000000 
-50.755562 -157.067978 22.579884 74.000000 
-50.754654 -157.056976 22.575394 77.000000 
-50.753750 -157.046494 22.571136 77.000000 
-50.746365 -157.034744 22.571459 80.000000 
-50.860516 -157.019928 22.579281 60.000000 
-50.735722 -157.022446 22.574106 80.000000 
-50.859512 -157.009155 22.574944 60.000000 
-50.731445 -157.010895 22.572010 80.000000 
-50.851864 -156.996689 22.574856 60.000000 
-50.730408 -157.000473 22.567852 83.000000 
-50.840965 -156.984268 22.577253 63.000000 
-50.980511 -156.971405 22.572308 60.000000 
-50.836697 -156.974075 22.575653 68.000000 
-50.964512 -156.959091 22.578070 68.000000 
-50.838829 -156.963882 22.569178 63.000000 
-50.953362 -156.946518 22.580198 66.000000 
-50.834381 -156.952637 22.567196 65.000000 
-50.948826 -156.934998 22.578026 68.000000 
-50.826630 -156.940903 22.567493 68.000000 
-50.947578 -156.923965 22.573704 68.000000 
-51.072681 -156.905045 22.581932 60.000000 
-50.949612 -156.913376 22.567215 70.000000 
-51.071350 -156.893661 22.577496 81.000000 
-50.938332 -156.901001 22.569494 70.000000 
-51.066616 -156.881866 22.575197 81.000000 
-50.927025 -156.888687 22.571819 70.000000 
-51.068577 -156.870895 22.568680 81.000000 
-50.930607 -156.878326 22.564297 73.000000 
-51.057037 -156.858353 22.570686 74.000000 
-51.045471 -156.845871 22.572742 78.000000 
-51.184483 -156.824890 22.576134 70.000000 
-51.043961 -156.834564 22.568432 81.000000 
-51.179508 -156.812851 22.573742 77.000000 
-51.039051 -156.822891 22.566282 85.000000 
-51.165977 -156.800064 22.576561 66.000000 
-51.035786 -156.811417 22.563089 64.000000 
-51.164337 -156.788406 22.572163 70.000000 
-51.314407 -156.765656 22.574099 61.000000 
-51.155769 -156.775604 22.571732 68.000000 
-51.297054 -156.751831 22.578377 69.000000 
-51.160858 -156.764511 22.563211 75.000000 
-51.288387 -156.739334 22.577913 69.000000 
-51.145679 -156.752975 22.567673 81.000000 
-51.291927 -156.728867 22.570868 72.000000 
-51.138798 -156.740997 22.566519 60.000000 
-51.288357 -156.716736 22.567429 79.000000 
-51.276142 -156.704117 22.569084 82.000000 
-51.424786 -156.676529 22.576044 62.000000 
-51.267338 -156.691757 22.568756 82.000000 
-51.419308 -156.663971 22.573460 65.000000 
-51.261940 -156.679626 22.566431 79.000000 
-51.415535 -156.651520 22.569925 66.000000 
-51.399544 -156.638641 22.573305 70.000000 
-51.566231 -156.608154 22.575562 63.000000 
-51.397438 -156.626312 22.568853 70.000000 
-51.558762 -156.595245 22.573788 62.000000 
-51.395290 -156.613983 22.564423 72.000000 
-51.542461 -156.582214 22.576809 64.000000 
-51.387894 -156.601517 22.562986 75.000000 
-51.538441 -156.569443 22.573212 73.000000 
-51.536137 -156.556717 22.568686 71.000000 
-51.684357 -156.517670 22.583136 66.000000 
-51.537300 -156.544022 22.562265 76.000000 
-51.678368 -156.504562 22.580341 64.000000 
-51.524384 -156.531250 22.563543 82.000000 
-51.672340 -156.491470 22.577581 66.000000 
-51.660954 -156.478470 22.577629 69.000000 
-51.649410 -156.464890 22.577497 61.000000 
-51.641502 -156.451950 22.575779 67.000000 
-51.637230 -156.439636 22.572456 66.000000 
-51.825630 -156.399170 22.573732 62.000000 
-51.819267 -156.385757 22.570889 62.000000 
-51.814648 -156.372299 22.567179 68.000000 
-52.005844 -156.328522 22.574871 64.000000 
-51.818905 -156.358459 22.558994 69.000000 
-51.995640 -156.314835 22.573557 69.000000 
-51.805283 -156.345413 22.559847 67.000000 
-51.985405 -156.301208 22.572283 68.000000 
-51.984131 -156.287094 22.566725 72.000000 
-51.973660 -156.272842 22.565294 69.000000 
-51.952530 -156.260086 22.569363 72.000000 
-52.179775 -156.207642 22.566154 71.000000 
-51.947697 -156.246994 22.565876 68.000000 
-52.167530 -156.194534 22.565756 82.000000 
-52.149654 -156.181213 22.567671 72.000000 
-52.140629 -156.166489 22.565226 78.000000 
-52.137161 -156.152023 22.560537 78.000000 
-52.339310 -156.096298 22.576410 61.000000 
-52.130207 -156.138626 22.557791 67.000000 
-52.335835 -156.082047 22.571812 73.000000 
-52.328491 -156.067429 22.568607 75.000000 
-52.324551 -156.051682 22.563589 73.000000 
-52.302574 -156.038773 22.566916 73.000000 
-52.556080 -155.972595 22.568691 74.000000 
-52.550228 -155.957184 22.564531 106.000000 
-52.529686 -155.943695 22.566574 111.000000 
-52.505470 -155.930832 22.570232 115.000000 
-52.494026 -155.916336 22.568533 115.000000 
-52.769405 -155.839966 22.570026 117.000000 
-52.746834 -155.827271 22.572638 121.000000 
-52.740562 -155.811371 22.568422 122.000000 
-52.723228 -155.797211 22.568684 124.000000 
-52.720539 -155.780792 22.563063 124.000000 
-53.001484 -155.696625 22.572598 119.000000 
-53.002209 -155.678757 22.565407 122.000000 
-52.988125 -155.663452 22.563873 125.000000 
-52.973999 -155.648209 22.562393 126.000000 
-52.946960 -155.635406 22.565922 125.000000 
-52.936207 -155.618820 22.562889 66.000000 
-52.931824 -155.585129 22.551260 64.000000 
-49.828381 -157.674484 22.580778 78.000000 
-49.819530 -157.662216 22.582129 68.000000 
-49.812263 -157.650345 22.582388 68.000000 
-49.808189 -157.639175 22.580410 71.000000 
-49.804127 -157.628555 22.578671 80.000000 
-49.913528 -157.613342 22.590113 64.000000 
-49.799988 -157.617416 22.576748 83.000000 
-49.910946 -157.602249 22.586895 63.000000 
-49.792545 -157.605179 22.576931 80.000000 
-49.906639 -157.590332 22.584599 61.000000 
-49.781895 -157.592911 22.579659 83.000000 
-49.908897 -157.580109 22.578091 61.000000 
-49.785709 -157.583344 22.572084 61.000000 
-49.901295 -157.568192 22.578287 60.000000 
-50.026058 -157.553162 22.583311 64.000000 
-49.883842 -157.554703 22.585230 65.000000 
-50.021606 -157.541519 22.581102 70.000000 
-49.882725 -157.543991 22.581032 65.000000 
-50.013802 -157.529419 22.581093 68.000000 
-49.883205 -157.533524 22.575729 73.000000 
-50.002640 -157.516876 22.583298 66.000000 
-49.993111 -157.504639 22.584461 73.000000 
-50.135021 -157.488205 22.582069 72.000000 
-50.000141 -157.494736 22.574736 78.000000 
-50.128654 -157.476120 22.580828 77.000000 
-49.993992 -157.484116 22.574192 74.000000 
-50.120708 -157.465012 22.581116 81.000000 
-49.984367 -157.471970 22.575453 81.000000 
-50.122688 -157.454010 22.574629 85.000000 
-50.117832 -157.441635 22.572195 83.000000 
-50.243584 -157.419724 22.584450 70.000000 
-50.109646 -157.429489 22.572142 91.000000 
-50.238663 -157.407639 22.582064 65.000000 
-50.094788 -157.417236 22.576622 99.000000 
-50.238899 -157.396652 22.576824 72.000000 
-50.093262 -157.405899 22.572367 100.000000 
-50.228798 -157.384109 22.577599 67.000000 
-50.210075 -157.370316 22.583395 67.000000 
-50.363571 -157.348175 22.583273 69.000000 
-50.205021 -157.358383 22.581144 63.000000 
-50.353233 -157.335449 22.583803 64.000000 
-50.206818 -157.347595 22.574965 77.000000 
-50.346397 -157.323639 22.582586 74.000000 
-50.206791 -157.336060 22.569626 78.000000 
-50.342888 -157.311478 22.579161 75.000000 
-50.339340 -157.299316 22.575760 82.000000 
-50.340916 -157.287476 22.569344 82.000000 
-50.330315 -157.274368 22.569838 89.000000 
-50.477268 -157.246521 22.577803 68.000000 
-50.312904 -157.261566 22.574671 69.000000 
-50.475254 -157.234085 22.573318 68.000000 
-50.462757 -157.221283 22.574764 70.000000 
-50.446758 -157.208450 22.578232 70.000000 
-50.613400 -157.177826 22.580357 66.000000 
-50.443005 -157.196671 22.575052 79.000000 
-50.604267 -157.165527 22.579836 68.000000 
-50.439110 -157.184296 22.571680 75.000000 
-50.589718 -157.152557 22.581991 73.000000 
-50.583813 -157.139130 22.579195 85.000000 
-50.732067 -157.100449 22.593674 63.000000 
-50.585003 -157.126419 22.572823 79.000000 
-50.733204 -157.087296 22.587244 66.000000 
-50.579128 -157.113663 22.570305 82.000000 
-50.727196 -157.074173 22.584524 64.000000 
-50.573215 -157.100937 22.567820 64.000000 
-50.726593 -157.061676 22.579283 72.000000 
-50.713421 -157.048691 22.580332 69.000000 
-50.696552 -157.035202 22.583067 67.000000 
-50.693939 -157.022156 22.578627 72.000000 
-50.870770 -156.968735 22.580004 62.000000 
-50.866173 -156.955261 22.576340 68.000000 
-51.071884 -156.911148 22.577267 68.000000 
-50.866890 -156.941559 22.570000 73.000000 
-51.043671 -156.898346 22.584599 69.000000 
-50.867554 -156.927826 22.563679 71.000000 
-51.035263 -156.884613 22.582514 61.000000 
-51.041367 -156.870743 22.573771 67.000000 
-51.032875 -156.857040 22.571743 72.000000 
-51.235207 -156.807327 22.581053 66.000000 
-51.022545 -156.843491 22.570623 72.000000 
-51.237377 -156.792328 22.573780 78.000000 
-51.228615 -156.778137 22.571516 78.000000 
-51.221626 -156.763855 22.568457 81.000000 
-51.196495 -156.751175 22.573801 92.000000 
-51.196499 -156.735626 22.567244 92.000000 
-51.185776 -156.721802 22.565985 61.000000 
-51.386078 -156.666168 22.582644 73.000000 
-51.375118 -156.651917 22.581097 61.000000 
-51.375038 -156.636520 22.574762 73.000000 
-51.608814 -156.573822 22.585726 72.000000 
-51.376720 -156.620895 22.567640 77.000000 
-51.610378 -156.557495 22.578522 106.000000 
-51.602718 -156.542282 22.575178 110.000000 
-51.591358 -156.527573 22.573416 115.000000 
-51.578133 -156.513168 22.572470 117.000000 
-51.839348 -156.439972 22.580885 112.000000 
-51.557564 -156.499832 22.574671 102.000000 
-51.829494 -156.424438 22.578093 121.000000 
-51.821442 -156.408691 22.574608 121.000000 
-51.802315 -156.394638 22.575588 124.000000 
-51.790504 -156.379562 22.573669 124.000000 
-51.784389 -156.364471 22.569815 125.000000 
-52.072971 -156.279541 22.577038 120.000000 
-52.066334 -156.262863 22.572693 121.000000 
-52.063084 -156.244705 22.566727 124.000000 
-52.050812 -156.229034 22.564569 123.000000 
-52.034817 -156.214081 22.563873 126.000000 
-52.009594 -156.200928 22.566782 110.000000 
-48.854076 -158.282822 22.596058 73.000000 
-48.842171 -158.269791 22.599674 89.000000 
-48.841537 -158.259842 22.595627 86.000000 
-48.844051 -158.250076 22.589111 86.000000 
-48.841705 -158.239227 22.586018 94.000000 
-48.831284 -158.226730 22.588648 91.000000 
-48.948776 -158.214386 22.594206 67.000000 
-48.825653 -158.215286 22.587896 97.000000 
-48.949577 -158.203918 22.588787 65.000000 
-48.818386 -158.203552 22.588322 94.000000 
-48.942169 -158.191895 22.588940 61.000000 
-48.819118 -158.193451 22.583048 101.000000 
-48.928192 -158.178726 22.593584 65.000000 
-48.816605 -158.182709 22.580084 64.000000 
-48.923992 -158.167419 22.591589 68.000000 
-49.058548 -158.155548 22.589661 66.000000 
-48.924702 -158.157516 22.586475 73.000000 
-49.047638 -158.143372 22.592024 70.000000 
-48.920429 -158.146225 22.584526 73.000000 
-49.039967 -158.131241 22.592045 70.000000 
-48.916073 -158.134430 22.582397 73.000000 
-49.038834 -158.119644 22.587536 68.000000 
-49.041035 -158.109085 22.581076 68.000000 
-49.164684 -158.091507 22.590357 72.000000 
-49.031601 -158.096802 22.582283 76.000000 
-49.161812 -158.079880 22.587025 81.000000 
-49.018826 -158.084091 22.585726 89.000000 
-49.163940 -158.068909 22.580530 88.000000 
-49.017731 -158.074188 22.581949 95.000000 
-49.152721 -158.057343 22.582991 78.000000 
-49.014824 -158.062958 22.578869 64.000000 
-49.134628 -158.043854 22.589325 81.000000 
-49.282436 -158.026642 22.587801 76.000000 
-49.129944 -158.032135 22.587181 96.000000 
-49.272469 -158.013382 22.588303 88.000000 
-49.133610 -158.021408 22.579712 100.000000 
-49.259209 -158.000992 22.591358 84.000000 
-49.128849 -158.009689 22.577614 100.000000 
-49.254280 -157.988373 22.588844 75.000000 
-49.252869 -157.977295 22.584715 81.000000 
-49.382359 -157.954117 22.598339 74.000000 
-49.251263 -157.965042 22.580172 84.000000 
-49.384228 -157.942383 22.591873 79.000000 
-49.236187 -157.952728 22.584436 75.000000 
-49.384331 -157.930481 22.586426 82.000000 
-49.231110 -157.940231 22.582048 78.000000 
-49.380951 -157.918304 22.583015 89.000000 
-49.370651 -157.905655 22.583681 82.000000 
-49.360409 -157.893661 22.584610 85.000000 
-49.514462 -157.868378 22.588406 62.000000 
-49.356922 -157.881577 22.581293 92.000000 
-49.505665 -157.855591 22.587837 75.000000 
-49.355118 -157.869598 22.576982 82.000000 
-49.486393 -157.842331 22.593208 81.000000 
-49.477535 -157.829681 22.592735 83.000000 
-49.655018 -157.802521 22.589153 75.000000 
-49.475594 -157.817383 22.588352 81.000000 
-49.644096 -157.788788 22.589111 84.000000 
-49.473614 -157.805084 22.583992 89.000000 
-49.638622 -157.776535 22.586712 88.000000 
-49.459442 -157.792358 22.586596 60.000000 
-49.636414 -157.763123 22.581984 88.000000 
-49.630756 -157.750290 22.579416 91.000000 
-49.772320 -157.713120 22.597540 60.000000 
-49.618046 -157.737350 22.580719 98.000000 
-49.766502 -157.699966 22.594809 66.000000 
-49.605301 -157.724472 22.582069 91.000000 
-49.599541 -157.711761 22.579615 79.000000 
-49.743496 -157.660675 22.589596 72.000000 
-49.737526 -157.647629 22.587000 74.000000 
-49.921143 -157.610214 22.591154 60.000000 
-49.731518 -157.634628 22.584436 72.000000 
-49.911415 -157.596802 22.590128 62.000000 
-49.910587 -157.583206 22.584660 65.000000 
-49.907928 -157.569656 22.580111 68.000000 
-50.085155 -157.528931 22.594595 64.000000 
-49.898090 -157.556335 22.579191 76.000000 
-50.087761 -157.514664 22.587322 72.000000 
-49.881081 -157.543335 22.581926 73.000000 
-50.074100 -157.501099 22.587841 75.000000 
-50.071209 -157.487091 22.583214 78.000000 
-50.053585 -157.472443 22.585102 83.000000 
-50.277939 -157.423737 22.583754 66.000000 
-50.039822 -157.459091 22.585768 78.000000 
-50.269375 -157.409500 22.581482 82.000000 
-50.038910 -157.446457 22.580826 68.000000 
-50.237511 -157.398376 22.590553 72.000000 
-50.237953 -157.383636 22.584208 72.000000 
-50.223854 -157.369980 22.584578 72.000000 
-50.235062 -157.354370 22.573246 86.000000 
-50.428726 -157.302139 22.593109 67.000000 
-50.219074 -157.340942 22.574533 92.000000 
-50.423447 -157.287292 22.589144 68.000000 
-50.419941 -157.272278 22.584404 73.000000 
-50.405106 -157.256866 22.584057 73.000000 
-50.654034 -157.195221 22.588339 71.000000 
-50.385132 -157.243591 22.586660 81.000000 
-50.648430 -157.179749 22.584217 110.000000 
-50.387318 -157.229584 22.580069 75.000000 
-50.628487 -157.167557 22.586767 117.000000 
-50.606316 -157.154129 22.589666 118.000000 
-50.593273 -157.139709 22.588768 120.000000 
-50.593006 -157.123749 22.582493 119.000000 
-50.856365 -157.052689 22.589117 120.000000 
-50.842979 -157.037704 22.587875 124.000000 
-50.827713 -157.023056 22.587420 124.000000 
-50.827126 -157.006348 22.581099 125.000000 
-50.808113 -156.992355 22.582220 125.000000 
-51.104748 -156.909607 22.585863 118.000000 
-50.783566 -156.979309 22.585634 121.000000 
-51.103855 -156.892044 22.579441 122.000000 
-51.080730 -156.878098 22.581499 125.000000 
-51.061279 -156.863663 22.582212 124.000000 
-51.049175 -156.848083 22.580154 125.000000 
-51.048084 -156.830627 22.573883 125.000000 
-47.885139 -158.866302 22.604616 79.000000 
-47.889381 -158.856964 22.596937 80.000000 
-47.882305 -158.844498 22.596983 80.000000 
-47.872013 -158.831894 22.599554 80.000000 
-47.868114 -158.820770 22.597616 80.000000 
-47.990463 -158.810410 22.599682 78.000000 
-47.870605 -158.811035 22.591141 80.000000 
-47.978287 -158.797348 22.603104 63.000000 
-47.868282 -158.800781 22.588310 90.000000 
-47.974281 -158.786514 22.601244 65.000000 
-47.856258 -158.788025 22.592175 97.000000 
-47.970203 -158.775162 22.599195 65.000000 
-47.840961 -158.774170 22.598186 91.000000 
-47.975834 -158.765152 22.590269 65.000000 
-48.092358 -158.751053 22.600365 61.000000 
-47.961903 -158.751999 22.594971 68.000000 
-48.088127 -158.739426 22.598164 73.000000 
-47.952831 -158.739822 22.596367 73.000000 
-48.092140 -158.729218 22.590563 78.000000 
-47.953506 -158.729446 22.591070 71.000000 
-48.081215 -158.716507 22.592758 81.000000 
-48.063637 -158.702805 22.599363 89.000000 
-48.198826 -158.688141 22.600746 65.000000 
-48.069199 -158.692871 22.590736 81.000000 
-48.201088 -158.677277 22.594225 84.000000 
-48.061485 -158.680847 22.590870 84.000000 
-48.186520 -158.664001 22.598320 78.000000 
-48.057049 -158.669357 22.588846 87.000000 
-48.185349 -158.652664 22.593969 91.000000 
-48.047623 -158.657181 22.590153 66.000000 
-48.177429 -158.640442 22.593899 83.000000 
-48.306526 -158.621506 22.603374 69.000000 
-48.179539 -158.629562 22.587460 88.000000 
-48.303535 -158.609634 22.599972 76.000000 
-48.161560 -158.616684 22.594086 83.000000 
-48.305683 -158.598953 22.593710 93.000000 
-48.150196 -158.604187 22.596277 79.000000 
-48.297520 -158.586517 22.593456 66.000000 
-48.285995 -158.574341 22.595539 64.000000 
-48.431049 -158.554352 22.600035 72.000000 
-48.274376 -158.561676 22.597452 70.000000 
-48.431290 -158.542480 22.594542 85.000000 
-48.267818 -158.549591 22.596281 72.000000 
-48.426323 -158.530136 22.592087 85.000000 
-48.266319 -158.538025 22.592007 72.000000 
-48.410999 -158.516953 22.595722 85.000000 
-48.404247 -158.504562 22.594353 82.000000 
-48.407768 -158.492996 22.586933 85.000000 
-48.539375 -158.467377 22.603397 74.000000 
-48.399223 -158.480515 22.586637 75.000000 
-48.541130 -158.455276 22.596949 87.000000 
-48.390648 -158.468079 22.586382 89.000000 
-48.534142 -158.442612 22.595425 83.000000 
-48.523533 -158.417603 22.590508 62.000000 
-48.681698 -158.389847 22.596916 76.000000 
-48.504284 -158.404465 22.596008 79.000000 
-48.683254 -158.377228 22.590466 84.000000 
-48.497162 -158.391998 22.594637 89.000000 
-48.667198 -158.363998 22.593569 91.000000 
-48.654526 -158.350342 22.594597 91.000000 
-48.812061 -158.314774 22.603848 73.000000 
-48.652451 -158.337662 22.590145 88.000000 
-48.792149 -158.301392 22.608471 72.000000 
-48.646828 -158.324905 22.587639 82.000000 
-48.793499 -158.288391 22.602074 67.000000 
-48.639416 -158.312149 22.586126 73.000000 
-48.787712 -158.275299 22.599396 69.000000 
-48.783653 -158.262253 22.595821 66.000000 
-48.779678 -158.249863 22.592499 69.000000 
-48.763157 -158.236877 22.595509 72.000000 
-48.959240 -158.200363 22.592699 71.000000 
-48.949585 -158.186935 22.591684 76.000000 
-48.929173 -158.173782 22.596104 78.000000 
-49.131676 -158.133911 22.597849 63.000000 
-48.926334 -158.158981 22.591129 83.000000 
-49.119694 -158.118774 22.596975 77.000000 
-48.918358 -158.145676 22.589344 88.000000 
-49.102539 -158.105316 22.599213 69.000000 
-49.100044 -158.092758 22.595041 75.000000 
-49.097233 -158.078812 22.590429 81.000000 
-49.090778 -158.065048 22.587584 83.000000 
-49.293476 -158.018829 22.595699 94.000000 
-49.080685 -158.051483 22.586517 87.000000 
-49.292267 -158.004211 22.590126 99.000000 
-49.283752 -157.990067 22.587915 86.000000 
-49.273384 -157.976074 22.586582 88.000000 
-49.255745 -157.962646 22.588652 96.000000 
-49.478756 -157.909805 22.594940 72.000000 
-49.248932 -157.948517 22.585730 99.000000 
-49.468113 -157.895386 22.593344 81.000000 
-49.448311 -157.881821 22.595810 84.000000 
-49.432133 -157.868042 22.596729 83.000000 
-49.426506 -157.851837 22.592390 90.000000 
-49.677334 -157.791428 22.594959 109.000000 
-49.428459 -157.836411 22.585312 76.000000 
-49.675491 -157.775635 22.589321 116.000000 
-49.655254 -157.761856 22.591423 118.000000 
-49.649654 -157.746536 22.587400 120.000000 
-49.636684 -157.732071 22.586514 122.000000 
-49.894951 -157.663727 22.594978 106.000000 
-49.618191 -157.718353 22.588007 122.000000 
-49.890907 -157.647507 22.590034 123.000000 
-49.866543 -157.633987 22.593246 124.000000 
-49.847687 -157.619858 22.594309 123.000000 
-49.847614 -157.604858 22.588486 126.000000 
-50.139206 -157.525345 22.593742 106.000000 
-49.839718 -157.589294 22.585180 127.000000 
-50.132912 -157.508698 22.589407 124.000000 
-50.115467 -157.493805 22.589340 125.000000 
-50.109081 -157.477234 22.585087 126.000000 
-50.095261 -157.461884 22.583708 129.000000 
-50.075867 -157.447525 22.584507 129.000000 
-50.063351 -157.430344 22.582039 66.000000 
-46.901157 -159.438858 22.593819 63.000000 
-46.897423 -159.427673 22.591867 71.000000 
-46.895283 -159.417404 22.589008 86.000000 
-46.897877 -159.407730 22.582527 86.000000 
-46.887615 -159.394623 22.585028 86.000000 
-47.000118 -159.383087 22.592997 67.000000 
-46.882149 -159.383179 22.584333 94.000000 
-47.004295 -159.373398 22.585379 65.000000 
-46.876648 -159.371750 22.583672 94.000000 
-46.997063 -159.361343 22.585598 65.000000 
-46.871120 -159.360367 22.583044 80.000000 
-46.981678 -159.347733 22.591465 73.000000 
-46.868748 -159.349686 22.580130 62.000000 
-46.979256 -159.336761 22.588400 78.000000 
-47.111988 -159.326675 22.586506 71.000000 
-46.981667 -159.326721 22.581978 71.000000 
-47.101223 -159.313873 22.588741 76.000000 
-46.980793 -159.316055 22.577822 82.000000 
-47.098675 -159.302582 22.585552 89.000000 
-46.973396 -159.304199 22.578213 71.000000 
-47.097736 -159.291580 22.581289 87.000000 
-47.096764 -159.280579 22.577045 95.000000 
-47.213688 -159.263916 22.589575 83.000000 
-47.085869 -159.267975 22.579432 92.000000 
-47.217663 -159.253342 22.582031 85.000000 
-47.071651 -159.254898 22.584074 98.000000 
-47.213238 -159.241516 22.579836 91.000000 
-47.072220 -159.244232 22.578814 76.000000 
-47.202087 -159.228745 22.581957 72.000000 
-47.187565 -159.215591 22.586277 81.000000 
-47.333485 -159.199829 22.584352 96.000000 
-47.186382 -159.204330 22.582041 88.000000 
-47.323776 -159.187119 22.585165 93.000000 
-47.181820 -159.192642 22.579983 88.000000 
-47.308952 -159.173859 22.589151 81.000000 
-47.180561 -159.181396 22.575790 81.000000 
-47.307652 -159.162262 22.584831 81.000000 
-47.302925 -159.150284 22.582626 87.000000 
-47.442776 -159.130783 22.589188 74.000000 
-47.298164 -159.138336 22.580452 84.000000 
-47.443066 -159.118973 22.583755 90.000000 
-47.293510 -159.127563 22.578730 84.000000 
-47.443462 -159.108353 22.578777 89.000000 
-47.278542 -159.114639 22.582943 84.000000 
-47.443676 -159.096512 22.573376 96.000000 
-47.433487 -159.083160 22.573896 99.000000 
-47.414783 -159.069794 22.579800 102.000000 
-47.574074 -159.047241 22.579376 66.000000 
-47.404613 -159.057205 22.580641 103.000000 
-47.560253 -159.034058 22.581848 79.000000 
-47.396126 -159.044815 22.580498 75.000000 
-47.539474 -159.020508 22.588343 81.000000 
-47.536087 -159.008774 22.585188 86.000000 
-47.703033 -158.983109 22.585817 70.000000 
-47.537773 -158.996719 22.578854 89.000000 
-47.694168 -158.970062 22.585144 78.000000 
-47.535858 -158.983841 22.574314 101.000000 
-47.685169 -158.956436 22.584286 73.000000 
-47.523617 -158.971069 22.576014 71.000000 
-47.684990 -158.943817 22.578878 82.000000 
-47.677967 -158.932220 22.577791 73.000000 
-47.833900 -158.897766 22.587116 66.000000 
-47.674210 -158.919510 22.574362 88.000000 
-47.828053 -158.883286 22.583988 61.000000 
-47.654469 -158.905106 22.579252 91.000000 
-47.818836 -158.870087 22.583214 66.000000 
-47.807926 -158.857574 22.583639 67.000000 
-47.795113 -158.844452 22.584820 72.000000 
-47.796394 -158.831482 22.578537 74.000000 
-47.973248 -158.797546 22.585148 71.000000 
-47.790569 -158.818466 22.576035 74.000000 
-47.967293 -158.784073 22.582403 69.000000 
-47.961178 -158.769958 22.579466 67.000000 
-47.965836 -158.756378 22.571342 71.000000 
-48.134407 -158.718582 22.588776 77.000000 
-47.948940 -158.742477 22.573919 78.000000 
-48.131668 -158.703934 22.583920 75.000000 
-47.935711 -158.729279 22.574959 66.000000 
-48.129013 -158.689987 22.579319 81.000000 
-48.108341 -158.676682 22.583494 83.000000 
-48.098423 -158.663071 22.582478 78.000000 
-48.315781 -158.618256 22.582554 77.000000 
-48.088612 -158.650223 22.581722 81.000000 
-48.316650 -158.604309 22.576416 85.000000 
-48.085804 -158.636383 22.577261 72.000000 
-48.291965 -158.591034 22.581846 78.000000 
-48.285366 -158.576828 22.578915 81.000000 
-48.280533 -158.562546 22.575171 86.000000 
-48.482014 -158.513443 22.590094 69.000000 
-48.279114 -158.547318 22.569530 89.000000 
-48.487778 -158.497055 22.581081 87.000000 
-48.261547 -158.533936 22.571798 68.000000 
-48.464478 -158.483673 22.585279 81.000000 
-48.454239 -158.470856 22.584330 76.000000 
-48.450916 -158.455994 22.579697 74.000000 
-48.687500 -158.399506 22.587313 105.000000 
-48.432999 -158.442429 22.581621 78.000000 
-48.704155 -158.382004 22.573967 116.000000 
-48.687737 -158.367691 22.574610 122.000000 
-48.656631 -158.355026 22.581549 119.000000 
-48.645657 -158.340378 22.579975 119.000000 
-48.917252 -158.273270 22.581718 106.000000 
-48.645237 -158.322998 22.573277 120.000000 
-48.901905 -158.256790 22.580793 122.000000 
-48.883232 -158.242462 22.581905 126.000000 
-48.875572 -158.226837 22.578594 126.000000 
-48.878899 -158.209778 22.570827 127.000000 
-48.860115 -158.195663 22.572086 127.000000 
-49.148327 -158.118683 22.576988 122.000000 
-48.833969 -158.182663 22.576416 117.000000 
-49.143990 -158.101807 22.572050 125.000000 
-49.125034 -158.088013 22.573095 125.000000 
-49.111370 -158.072632 22.571810 126.000000 
-49.103653 -158.058105 22.568903 127.000000 
-49.088074 -158.043137 22.568426 128.000000 
-45.922836 -160.023285 22.607082 78.000000 
-45.930393 -160.014908 22.597141 83.000000 
-45.923550 -160.002960 22.597446 83.000000 
-45.911884 -159.989883 22.601215 90.000000 
-45.908165 -159.978790 22.599314 104.000000 
-45.909199 -159.968826 22.594000 107.000000 
-46.013451 -159.956436 22.607227 63.000000 
-45.905415 -159.957764 22.592144 107.000000 
-46.012836 -159.945816 22.602964 68.000000 
-45.898407 -159.945984 22.592623 111.000000 
-46.012184 -159.935196 22.598719 68.000000 
-45.888180 -159.933548 22.595448 97.000000 
-46.014740 -159.925247 22.592249 68.000000 
-45.879551 -159.922058 22.597364 65.000000 
-46.002705 -159.912811 22.596107 73.000000 
-46.130383 -159.902878 22.597212 76.000000 
-45.997089 -159.901230 22.595304 82.000000 
-46.126305 -159.891296 22.595072 76.000000 
-45.993061 -159.890015 22.593407 75.000000 
-46.115608 -159.878525 22.597334 74.000000 
-45.989002 -159.878815 22.591536 75.000000 
-46.106525 -159.866119 22.598549 78.000000 
-46.246597 -159.854767 22.595741 72.000000 
-46.102348 -159.854645 22.596512 81.000000 
-46.233974 -159.841553 22.598795 69.000000 
-46.108009 -159.844894 22.587896 84.000000 
-46.222996 -159.828690 22.600840 65.000000 
-46.100471 -159.832870 22.588108 81.000000 
-46.218666 -159.816956 22.598656 70.000000 
-46.092903 -159.820892 22.588358 78.000000 
-46.220982 -159.806244 22.592218 67.000000 
-46.343277 -159.788712 22.604837 76.000000 
-46.213238 -159.794022 22.592230 79.000000 
-46.340485 -159.776917 22.601471 72.000000 
-46.202129 -159.781372 22.594435 69.000000 
-46.339348 -159.765366 22.597088 78.000000 
-46.190990 -159.768784 22.596685 79.000000 
-46.336483 -159.753586 22.593767 72.000000 
-46.186489 -159.757187 22.594662 67.000000 
-46.330193 -159.741394 22.592562 78.000000 
-46.466652 -159.722992 22.601017 79.000000 
-46.318859 -159.729187 22.594748 84.000000 
-46.470573 -159.712234 22.593752 90.000000 
-46.314198 -159.717285 22.592567 84.000000 
-46.453812 -159.698654 22.598433 85.000000 
-46.312946 -159.706360 22.588522 84.000000 
-46.445660 -159.686661 22.598316 85.000000 
-46.308216 -159.694489 22.586395 66.000000 
-46.440838 -159.674454 22.595984 89.000000 
-46.586342 -159.652939 22.603395 60.000000 
-46.441040 -159.662186 22.590401 92.000000 
-46.572628 -159.639053 22.605568 83.000000 
-46.441273 -159.650467 22.585052 99.000000 
-46.565903 -159.626419 22.604076 86.000000 
-46.429493 -159.637711 22.586899 89.000000 
-46.560871 -159.613953 22.601629 79.000000 
-46.559269 -159.601776 22.597233 86.000000 
-46.717491 -159.577408 22.602388 75.000000 
-46.550697 -159.589111 22.596830 89.000000 
-46.721046 -159.565079 22.594988 94.000000 
-46.535172 -159.576035 22.600451 92.000000 
-46.715790 -159.552231 22.592388 82.000000 
-46.526543 -159.563492 22.600138 95.000000 
-46.703487 -159.539063 22.593660 85.000000 
-46.684151 -159.525620 22.598837 91.000000 
-46.678795 -159.512924 22.596357 91.000000 
-46.830994 -159.479843 22.606655 63.000000 
-46.680393 -159.500534 22.590040 98.000000 
-46.827343 -159.467484 22.603292 67.000000 
-46.678551 -159.488617 22.585892 85.000000 
-46.825325 -159.454544 22.598801 69.000000 
-46.821388 -159.440918 22.595039 77.000000 
-46.987617 -159.408615 22.606655 62.000000 
-46.798088 -159.427612 22.601843 81.000000 
-46.994366 -159.395279 22.597561 77.000000 
-46.788891 -159.414642 22.601206 92.000000 
-46.986774 -159.381836 22.595678 76.000000 
-46.970226 -159.368408 22.598349 78.000000 
-46.953651 -159.355103 22.601080 80.000000 
-47.156246 -159.319016 22.600925 63.000000 
-46.951309 -159.341797 22.596607 78.000000 
-47.146595 -159.305237 22.599735 67.000000 
-46.945480 -159.329193 22.594200 63.000000 
-47.131634 -159.292328 22.601429 75.000000 
-47.118317 -159.278763 22.602076 85.000000 
-47.115623 -159.264297 22.597292 87.000000 
-47.320465 -159.222412 22.602757 79.000000 
-47.109425 -159.250641 22.594519 90.000000 
-47.312302 -159.208282 22.600555 96.000000 
-47.099594 -159.237122 22.593538 72.000000 
-47.320415 -159.193466 22.590830 89.000000 
-47.301289 -159.179871 22.593742 86.000000 
-47.293003 -159.165833 22.591652 100.000000 
-47.272011 -159.152527 22.595524 96.000000 
-47.508083 -159.103104 22.593908 74.000000 
-47.267273 -159.138412 22.591829 82.000000 
-47.490406 -159.089172 22.595619 73.000000 
-47.467236 -159.075745 22.599825 77.000000 
-47.462269 -159.061096 22.595972 84.000000 
-47.451794 -159.046906 22.594597 90.000000 
-47.684738 -158.992752 22.602703 103.000000 
-47.444920 -159.032455 22.591631 69.000000 
-47.679523 -158.977524 22.598679 106.000000 
-47.676098 -158.962143 22.593906 106.000000 
-47.668957 -158.947128 22.590727 116.000000 
-47.650780 -158.933228 22.592276 115.000000 
-47.904076 -158.870392 22.600422 121.000000 
-47.630749 -158.919632 22.594671 68.000000 
-47.900345 -158.854370 22.595543 122.000000 
-47.879971 -158.840271 22.597406 123.000000 
-47.865097 -158.825638 22.597090 124.000000 
-47.853870 -158.810638 22.595329 124.000000 
-48.144295 -158.736816 22.598364 122.000000 
-47.848125 -158.794983 22.591356 122.000000 
-48.125355 -158.722107 22.599083 124.000000 
-48.111938 -158.706726 22.597727 126.000000 
-48.105888 -158.690369 22.593563 125.000000 
-48.099785 -158.674042 22.589437 126.000000 
-48.086460 -158.659637 22.588455 125.000000 
-44.962162 -160.592651 22.593224 61.000000 
-44.950653 -160.579391 22.596951 86.000000 
-44.955029 -160.570206 22.589296 90.000000 
-44.949841 -160.559143 22.588730 86.000000 
-44.941418 -160.546814 22.590281 90.000000 
-44.931351 -160.533646 22.592817 90.000000 
-45.051804 -160.525650 22.594614 67.000000 
-44.933994 -160.524063 22.586386 90.000000 
-45.046394 -160.513901 22.593710 68.000000 
-44.931835 -160.513336 22.583427 111.000000 
-45.037716 -160.501480 22.595085 73.000000 
-44.931232 -160.502991 22.579332 111.000000 
-45.033855 -160.490158 22.593128 73.000000 
-45.034813 -160.479874 22.587818 68.000000 
-45.152771 -160.468765 22.595366 64.000000 
-45.035736 -160.469574 22.582523 73.000000 
-45.153694 -160.458130 22.589977 73.000000 
-45.023731 -160.457169 22.586502 86.000000 
-45.146408 -160.446457 22.590302 72.000000 
-45.013275 -160.444641 22.589191 79.000000 
-45.142338 -160.434906 22.588251 69.000000 
-45.134945 -160.422760 22.588434 76.000000 
-45.248390 -160.407394 22.602348 78.000000 
-45.119316 -160.409210 22.594177 87.000000 
-45.257511 -160.397827 22.591621 83.000000 
-45.118427 -160.398346 22.590021 81.000000 
-45.253254 -160.386017 22.589457 74.000000 
-45.115860 -160.387207 22.586992 76.000000 
-45.228962 -160.371094 22.600216 86.000000 
-45.227974 -160.359924 22.595985 76.000000 
-45.366982 -160.345474 22.597454 82.000000 
-45.226944 -160.348740 22.591776 76.000000 
-45.347321 -160.331345 22.604578 72.000000 
-45.225880 -160.337570 22.587584 83.000000 
-45.349602 -160.320297 22.598175 78.000000 
-45.221451 -160.325912 22.585579 63.000000 
-45.351841 -160.309219 22.591782 78.000000 
-45.486626 -160.291595 22.600891 66.000000 
-45.350662 -160.297684 22.587500 81.000000 
-45.483696 -160.279495 22.597490 106.000000 
-45.339321 -160.284912 22.589560 81.000000 
-45.484150 -160.267792 22.592079 96.000000 
-45.331390 -160.273178 22.589766 90.000000 
-45.482918 -160.256470 22.587919 92.000000 
-45.323360 -160.260925 22.589800 68.000000 
-45.471325 -160.243500 22.589695 96.000000 
-45.456280 -160.230240 22.593563 92.000000 
-45.613850 -160.210464 22.593435 74.000000 
-45.453171 -160.218246 22.590307 99.000000 
-45.598537 -160.197006 22.596909 83.000000 
-45.458561 -160.207062 22.581934 99.000000 
-45.581467 -160.183502 22.601433 83.000000 
-45.573021 -160.170776 22.601049 86.000000 
-45.746979 -160.148682 22.597019 62.000000 
-45.576645 -160.159027 22.593731 69.000000 
-45.731339 -160.135132 22.600187 89.000000 
-45.571583 -160.146606 22.591413 71.000000 
-45.724419 -160.122223 22.598606 82.000000 
-45.556122 -160.133514 22.595133 75.000000 
-45.722713 -160.109634 22.594170 85.000000 
-45.720966 -160.097046 22.589754 85.000000 
-45.871834 -160.065216 22.601128 60.000000 
-45.705200 -160.083771 22.593111 94.000000 
-45.868198 -160.052139 22.597532 74.000000 
-45.689404 -160.070602 22.596523 91.000000 
-45.859318 -160.039551 22.596992 67.000000 
-45.687641 -160.058731 22.592426 76.000000 
-45.841476 -160.026093 22.600945 77.000000 
-45.837635 -160.012482 22.597237 74.000000 
-45.840908 -159.999695 22.590015 77.000000 
-46.001831 -159.968063 22.603752 71.000000 
-45.831787 -159.986633 22.589403 82.000000 
-46.003258 -159.954727 22.597414 71.000000 
-46.001072 -159.941345 22.592905 76.000000 
-45.991718 -159.927948 22.592054 83.000000 
-45.976986 -159.914612 22.593977 88.000000 
-46.161655 -159.879517 22.601938 65.000000 
-45.962227 -159.901367 22.595955 83.000000 
-46.162857 -159.865631 22.595606 63.000000 
-46.149632 -159.851990 22.596302 63.000000 
-46.134575 -159.838455 22.597927 69.000000 
-46.355900 -159.797531 22.595272 79.000000 
-46.130264 -159.824753 22.594322 85.000000 
-46.344196 -159.783463 22.594790 92.000000 
-46.127701 -159.811005 22.589867 87.000000 
-46.325207 -159.769714 22.597727 83.000000 
-46.324303 -159.755341 22.592274 78.000000 
-46.312492 -159.741455 22.591928 86.000000 
-46.508873 -159.696365 22.608082 66.000000 
-46.307880 -159.727264 22.588232 89.000000 
-46.505962 -159.681549 22.603367 73.000000 
-46.294334 -159.714279 22.589048 78.000000 
-46.499500 -159.667709 22.600538 73.000000 
-46.492851 -159.653152 22.597509 73.000000 
-46.480541 -159.638260 22.596731 81.000000 
-46.710251 -159.586670 22.606112 61.000000 
-46.457428 -159.624954 22.601143 87.000000 
-46.712532 -159.570831 22.598993 105.000000 
-46.459759 -159.609879 22.594145 74.000000 
-46.692734 -159.556824 22.601248 108.000000 
-46.680244 -159.542282 22.600441 116.000000 
-46.671383 -159.527466 22.598114 117.000000 
-46.925129 -159.467178 22.605768 60.000000 
-46.664314 -159.512543 22.595043 117.000000 
-46.908630 -159.452499 22.606125 122.000000 
-46.671841 -159.496185 22.585709 68.000000 
-46.899483 -159.437149 22.603554 122.000000 
-46.890293 -159.421829 22.601023 123.000000 
-46.890274 -159.405502 22.594780 123.000000 
-46.879150 -159.390442 22.593075 123.000000 
-47.158855 -159.320023 22.599789 123.000000 
-47.155060 -159.304184 22.595127 123.000000 
-47.136196 -159.289459 22.595970 125.000000 
-47.113602 -159.275360 22.598309 127.000000 
-47.105778 -159.259323 22.594967 130.000000 
-47.086613 -159.244080 22.595751 121.000000 
-43.979328 -161.150223 22.594687 74.000000 
-43.969490 -161.137314 22.597265 90.000000 
-43.975536 -161.129654 22.588871 101.000000 
-43.968811 -161.117645 22.589224 101.000000 
-43.971577 -161.108078 22.582718 104.000000 
-43.958439 -161.094543 22.587736 104.000000 
-43.951614 -161.082657 22.588196 104.000000 
-43.944763 -161.070816 22.588694 104.000000 
-43.947361 -161.060760 22.582067 69.000000 
-44.067696 -161.052536 22.583136 64.000000 
-43.954712 -161.052277 22.572166 80.000000 
-44.068707 -161.042236 22.577784 78.000000 
-44.178696 -161.030045 22.590815 80.000000 
-44.173153 -161.018646 22.589996 89.000000 
-44.303623 -161.007858 22.593695 63.000000 
-44.060978 -161.020065 22.574127 78.000000 
-44.169186 -161.007050 22.587894 89.000000 
-44.053787 -161.007553 22.574301 75.000000 
-44.165142 -160.994934 22.585611 89.000000 
-44.285461 -160.981659 22.595278 64.000000 
-44.167656 -160.984634 22.579153 92.000000 
-44.273018 -160.968338 22.598385 78.000000 
-44.160305 -160.972473 22.579344 95.000000 
-44.278851 -160.958282 22.589762 72.000000 
-44.146366 -160.959152 22.584005 92.000000 
-44.281315 -160.947601 22.583286 81.000000 
-44.143909 -160.948532 22.581156 76.000000 
-44.270481 -160.935242 22.585644 81.000000 
-44.252922 -160.921326 22.592148 86.000000 
-44.398766 -160.908737 22.589214 88.000000 
-44.248631 -160.909622 22.590071 83.000000 
-44.389324 -160.895920 22.590046 78.000000 
-44.250954 -160.898987 22.583691 88.000000 
-44.378166 -160.882919 22.591972 81.000000 
-44.538761 -160.869812 22.585815 63.000000 
-44.253288 -160.888870 22.577530 65.000000 
-44.377144 -160.871964 22.587858 81.000000 
-44.529148 -160.857346 22.586607 74.000000 
-44.372662 -160.859985 22.585653 87.000000 
-44.519444 -160.844315 22.587215 99.000000 
-44.371513 -160.848465 22.581369 84.000000 
-44.497746 -160.829926 22.595003 94.000000 
-44.366959 -160.836517 22.579220 90.000000 
-44.496521 -160.818069 22.590614 91.000000 
-44.355637 -160.823761 22.581337 75.000000 
-44.496967 -160.806396 22.585222 106.000000 
-44.485424 -160.793411 22.587029 97.000000 
-44.637966 -160.774063 22.589672 79.000000 
-44.480675 -160.781219 22.584768 110.000000 
-44.633118 -160.761475 22.587185 87.000000 
-44.477596 -160.769226 22.581511 108.000000 
-44.619587 -160.748123 22.589699 81.000000 
-44.607758 -160.735016 22.591270 86.000000 
-44.787205 -160.714310 22.584251 67.000000 
-44.602806 -160.722549 22.588898 89.000000 
-44.778641 -160.701096 22.583542 100.000000 
-44.601269 -160.710388 22.584555 83.000000 
-44.754303 -160.686874 22.591549 82.000000 
-44.592789 -160.697708 22.584246 92.000000 
-44.752670 -160.674286 22.587078 85.000000 
-44.747498 -160.661469 22.584564 94.000000 
-44.895035 -160.630356 22.597511 63.000000 
-44.742290 -160.648682 22.582085 91.000000 
-44.895012 -160.617447 22.592026 74.000000 
-44.730064 -160.635559 22.583529 91.000000 
-44.893177 -160.604446 22.587496 72.000000 
-44.724781 -160.622849 22.581120 65.000000 
-44.884239 -160.591187 22.586740 74.000000 
-44.866447 -160.577667 22.590731 77.000000 
-45.059830 -160.548904 22.588226 65.000000 
-44.860973 -160.564651 22.588184 82.000000 
-45.046993 -160.534531 22.588800 80.000000 
-44.858986 -160.551743 22.583778 100.000000 
-45.030762 -160.521530 22.591702 80.000000 
-45.021423 -160.507385 22.590567 69.000000 
-45.015713 -160.493988 22.587883 73.000000 
-45.017082 -160.480667 22.581575 83.000000 
-45.185921 -160.446609 22.597334 65.000000 
-45.000618 -160.467270 22.584442 78.000000 
-45.183605 -160.432785 22.592724 65.000000 
-45.192024 -160.418854 22.582865 61.000000 
-45.383129 -160.380295 22.594870 63.000000 
-45.173454 -160.405228 22.586220 67.000000 
-45.376991 -160.365997 22.591808 78.000000 
-45.158447 -160.391663 22.587873 78.000000 
-45.372627 -160.351685 22.587940 89.000000 
-45.152378 -160.377991 22.585155 69.000000 
-45.360973 -160.337585 22.587484 86.000000 
-45.336609 -160.324005 22.593014 75.000000 
-45.332130 -160.309814 22.589268 78.000000 
-45.556114 -160.264694 22.592678 69.000000 
-45.329414 -160.295578 22.584698 89.000000 
-45.529549 -160.251007 22.598473 77.000000 
-45.330265 -160.281174 22.578447 71.000000 
-45.519379 -160.236618 22.597017 81.000000 
-45.514641 -160.221954 22.593155 84.000000 
-45.515320 -160.206970 22.586868 84.000000 
-45.738052 -160.157211 22.599033 105.000000 
-45.497749 -160.193146 22.588808 75.000000 
-45.736748 -160.141693 22.593435 108.000000 
-45.731720 -160.126434 22.589426 102.000000 
-45.719315 -160.111801 22.588591 108.000000 
-45.697704 -160.097977 22.591734 117.000000 
-45.968422 -160.037720 22.592089 109.000000 
-45.687065 -160.083344 22.590214 118.000000 
-45.953854 -160.022720 22.591669 124.000000 
-45.922646 -160.009460 22.598053 124.000000 
-45.919083 -159.993546 22.593248 123.000000 
-45.911781 -159.978027 22.589981 125.000000 
-46.188381 -159.910522 22.597744 101.000000 
-45.904438 -159.962540 22.586752 125.000000 
-46.184532 -159.893845 22.592775 122.000000 
-45.891533 -159.947708 22.585833 109.000000 
-46.182487 -159.876953 22.587122 123.000000 
-46.165768 -159.862747 22.587486 123.000000 
-46.154369 -159.847076 22.585503 124.000000 
-46.137383 -159.832184 22.585732 125.000000 
-46.127758 -159.816406 22.583122 122.000000 
-42.989254 -161.715149 22.609026 64.000000 
-42.985886 -161.703934 22.607002 90.000000 
-42.987236 -161.694046 22.601583 86.000000 
-42.977486 -161.682175 22.604607 86.000000 
-42.967682 -161.669342 22.607250 86.000000 
-42.965729 -161.657639 22.603781 94.000000 
-43.086132 -161.651642 22.605282 64.000000 
-42.965359 -161.647369 22.599604 104.000000 
-43.071239 -161.637512 22.611023 68.000000 
-42.968143 -161.638397 22.593342 101.000000 
-43.074066 -161.628250 22.604725 78.000000 
-42.955040 -161.624939 22.598442 65.000000 
-43.073612 -161.617661 22.600462 75.000000 
-43.071537 -161.607239 22.597555 73.000000 
-43.182972 -161.596634 22.609190 83.000000 
-43.064571 -161.595184 22.597839 73.000000 
-43.180798 -161.585403 22.605940 84.000000 
-43.049526 -161.581375 22.603815 75.000000 
-43.180222 -161.574524 22.601618 84.000000 
-43.050549 -161.571213 22.598526 60.000000 
-43.176338 -161.562958 22.599510 89.000000 
-43.162567 -161.548874 22.603823 84.000000 
-43.290924 -161.538239 22.607624 69.000000 
-43.161884 -161.538040 22.599583 87.000000 
-43.280243 -161.525192 22.609653 72.000000 
-43.161205 -161.527756 22.595570 87.000000 
-43.279541 -161.514587 22.605526 70.000000 
-43.155548 -161.515976 22.594690 61.000000 
-43.272118 -161.502243 22.605492 70.000000 
-43.267986 -161.490524 22.603344 76.000000 
-43.395302 -161.476456 22.611818 62.000000 
-43.267139 -161.479385 22.599070 74.000000 
-43.399483 -161.465775 22.604284 65.000000 
-43.259567 -161.466583 22.598925 81.000000 
-43.391777 -161.452652 22.603853 67.000000 
-43.538704 -161.439285 22.605700 69.000000 
-43.255329 -161.454926 22.596867 69.000000 
-43.394192 -161.441666 22.597393 63.000000 
-43.532585 -161.426666 22.604216 62.000000 
-43.383194 -161.429825 22.599779 67.000000 
-43.529953 -161.415741 22.601185 95.000000 
-43.372066 -161.416916 22.601776 77.000000 
-43.532307 -161.404312 22.594683 96.000000 
-43.372692 -161.405716 22.596441 87.000000 
-43.519249 -161.390869 22.597355 89.000000 
-43.661797 -161.372589 22.606478 60.000000 
-43.371593 -161.394272 22.592176 70.000000 
-43.504456 -161.377319 22.601105 89.000000 
-43.492928 -161.363098 22.602432 85.000000 
-43.645435 -161.345352 22.604818 72.000000 
-43.500244 -161.352310 22.592960 92.000000 
-43.635532 -161.332245 22.605267 83.000000 
-43.505936 -161.342453 22.584948 92.000000 
-43.625729 -161.320404 22.606205 83.000000 
-43.800098 -161.301605 22.602201 63.000000 
-43.484196 -161.328369 22.592991 62.000000 
-43.620945 -161.307922 22.603760 83.000000 
-43.626411 -161.295822 22.595148 83.000000 
-43.772724 -161.273636 22.606194 73.000000 
-43.607742 -161.282089 22.600740 81.000000 
-43.776505 -161.261490 22.598774 89.000000 
-43.595947 -161.269089 22.602398 69.000000 
-43.773251 -161.248764 22.595217 85.000000 
-43.597916 -161.257309 22.596077 66.000000 
-43.757729 -161.235168 22.598450 82.000000 
-43.749245 -161.222778 22.598091 79.000000 
-43.905582 -161.193420 22.605841 67.000000 
-43.740646 -161.209808 22.597549 79.000000 
-43.894974 -161.179352 22.605715 74.000000 
-43.735420 -161.196487 22.594883 79.000000 
-43.889709 -161.166260 22.603056 74.000000 
-43.889702 -161.153442 22.597614 77.000000 
-43.887886 -161.140533 22.593130 77.000000 
-44.056374 -161.111649 22.602884 74.000000 
-43.868496 -161.127579 22.598322 83.000000 
-44.050976 -161.098846 22.600306 80.000000 
-43.852516 -161.114227 22.601467 75.000000 
-44.050785 -161.085526 22.594809 85.000000 
-44.036304 -161.071884 22.596603 88.000000 
-44.018238 -161.058258 22.600277 80.000000 
-44.208710 -161.026245 22.605066 60.000000 
-44.012489 -161.044281 22.597395 83.000000 
-44.199238 -161.011719 22.603668 75.000000 
-44.013916 -161.031052 22.591106 73.000000 
-44.182644 -160.997910 22.606056 85.000000 
-44.180393 -160.984177 22.601469 85.000000 
-44.178101 -160.970444 22.596905 85.000000 
-44.367195 -160.933029 22.608667 66.000000 
-44.172291 -160.957443 22.594362 92.000000 
-44.368511 -160.919418 22.602507 92.000000 
-44.162739 -160.943817 22.593395 81.000000 
-44.371468 -160.905045 22.595284 86.000000 
-44.361568 -160.890228 22.593779 83.000000 
-44.348141 -160.876297 22.594254 83.000000 
-44.552254 -160.833588 22.606236 72.000000 
-44.333008 -160.863205 22.595860 89.000000 
-44.551498 -160.819458 22.600891 87.000000 
-44.333973 -160.848892 22.589598 89.000000 
-44.532314 -160.805420 22.603481 81.000000 
-44.518574 -160.791245 22.603683 81.000000 
-44.512085 -160.776749 22.600662 87.000000 
-44.747768 -160.728012 22.606579 107.000000 
-44.501915 -160.762482 22.599319 87.000000 
-44.731888 -160.713516 22.607210 112.000000 
-44.504444 -160.747498 22.592255 67.000000 
-44.723320 -160.698593 22.604765 117.000000 
-44.720215 -160.683334 22.600006 117.000000 
-44.960003 -160.628357 22.612907 60.000000 
-44.713394 -160.668335 22.596849 117.000000 
-44.947460 -160.613190 22.611706 106.000000 
-44.699039 -160.653198 22.596653 117.000000 
-44.949493 -160.596024 22.604324 124.000000 
-44.936863 -160.580948 22.603210 124.000000 
-44.918663 -160.566467 22.604403 123.000000 
-44.909649 -160.551193 22.601885 126.000000 
-45.193913 -160.485062 22.605921 61.000000 
-44.898754 -160.536133 22.600163 126.000000 
-45.177204 -160.469879 22.605944 121.000000 
-45.164169 -160.454376 22.604591 125.000000 
-45.156662 -160.438293 22.601131 125.000000 
-45.150955 -160.422012 22.596989 124.000000 
-45.147053 -160.405502 22.592159 126.000000 
-45.126457 -160.391144 22.593884 64.000000 
-42.009842 -162.257767 22.606348 74.000000 
-42.017586 -162.249115 22.596127 86.000000 
-42.020554 -162.239594 22.589540 80.000000 
-42.010853 -162.227097 22.592337 83.000000 
-41.999527 -162.213730 22.596115 90.000000 
-42.117088 -162.207657 22.600271 64.000000 
-42.000801 -162.203278 22.590532 86.000000 
-42.115154 -162.196030 22.596819 68.000000 
-41.995728 -162.191681 22.589787 94.000000 
-42.108379 -162.183762 22.596964 68.000000 
-41.998547 -162.182663 22.583502 101.000000 
-42.104805 -162.172852 22.595118 68.000000 
-42.107613 -162.162979 22.588589 78.000000 
-42.224380 -162.154114 22.597406 76.000000 
-42.103924 -162.151016 22.586359 79.000000 
-42.222260 -162.142212 22.593884 84.000000 
-42.100227 -162.139618 22.584373 82.000000 
-42.218491 -162.130508 22.591700 89.000000 
-42.086876 -162.126556 22.589418 71.000000 
-42.221249 -162.120789 22.585373 87.000000 
-42.207607 -162.107025 22.589836 87.000000 
-42.339832 -162.097733 22.592148 74.000000 
-42.197197 -162.094055 22.592154 89.000000 
-42.335884 -162.085770 22.589840 91.000000 
-42.196560 -162.083130 22.587889 84.000000 
-42.325260 -162.072556 22.591843 76.000000 
-42.195919 -162.072754 22.583853 89.000000 
-42.311321 -162.059341 22.596258 83.000000 
-42.459389 -162.049850 22.592999 63.000000 
-42.303955 -162.046906 22.596212 79.000000 
-42.303146 -162.035126 22.591681 76.000000 
-42.430840 -162.021454 22.600451 64.000000 
-42.308971 -162.025070 22.583063 70.000000 
-42.423271 -162.008789 22.600201 72.000000 
-42.294865 -162.011551 22.587437 72.000000 
-42.429131 -161.998306 22.591614 75.000000 
-42.571316 -161.984665 22.596819 66.000000 
-42.428219 -161.986740 22.587225 75.000000 
-42.565250 -161.971954 22.595322 64.000000 
-42.420589 -161.974716 22.587282 75.000000 
-42.562611 -161.960358 22.592052 95.000000 
-42.409515 -161.961655 22.589268 84.000000 
-42.561592 -161.948410 22.587566 92.000000 
-42.405136 -161.949646 22.587076 68.000000 
-42.552006 -161.935318 22.588202 89.000000 
-42.535568 -161.921417 22.592974 79.000000 
-42.529385 -161.909485 22.591877 75.000000 
-42.690899 -161.893295 22.589626 62.000000 
-42.531624 -161.898041 22.585457 89.000000 
-42.665508 -161.878311 22.598967 75.000000 
-42.528717 -161.885956 22.582138 63.000000 
-42.660812 -161.865707 22.596476 79.000000 
-42.659527 -161.853485 22.592026 71.000000 
-42.658134 -161.840637 22.587374 81.000000 
-42.811752 -161.819611 22.594770 89.000000 
-42.653320 -161.828079 22.584967 77.000000 
-42.812080 -161.807098 22.589247 91.000000 
-42.631306 -161.814560 22.592836 73.000000 
-42.807201 -161.794769 22.586866 82.000000 
-42.795231 -161.781311 22.588161 71.000000 
-42.779667 -161.767029 22.591227 71.000000 
-42.936314 -161.738235 22.599115 65.000000 
-42.774609 -161.754211 22.588737 82.000000 
-42.927612 -161.724823 22.598284 72.000000 
-42.920635 -161.711548 22.596554 77.000000 
-42.920673 -161.698669 22.591101 74.000000 
-42.918907 -161.685699 22.586607 74.000000 
-43.082355 -161.657288 22.599220 71.000000 
-42.906528 -161.672272 22.587805 74.000000 
-43.091167 -161.644226 22.589159 69.000000 
-43.082119 -161.630554 22.588184 71.000000 
-43.076595 -161.617020 22.585430 76.000000 
-43.056801 -161.603195 22.590015 73.000000 
-43.247662 -161.571854 22.595081 73.000000 
-43.047749 -161.590363 22.589401 67.000000 
-43.245644 -161.558655 22.590633 75.000000 
-43.225510 -161.544647 22.594765 78.000000 
-43.447906 -161.508835 22.592136 67.000000 
-43.219604 -161.530121 22.591688 75.000000 
-43.213768 -161.516296 22.588877 83.000000 
-43.421368 -161.479401 22.592413 85.000000 
-43.211594 -161.503174 22.584555 83.000000 
-43.422718 -161.465683 22.586218 78.000000 
-43.407604 -161.451492 22.587437 72.000000 
-43.403194 -161.436447 22.583376 70.000000 
-43.397049 -161.422180 22.580435 81.000000 
-43.603500 -161.380096 22.592089 77.000000 
-43.369305 -161.409286 22.588011 81.000000 
-43.600960 -161.365921 22.587530 75.000000 
-43.585472 -161.351547 22.588478 77.000000 
-43.569813 -161.336502 22.589247 87.000000 
-43.837456 -161.287521 22.582706 65.000000 
-43.561546 -161.321945 22.587027 83.000000 
-43.812447 -161.273178 22.587149 112.000000 
-43.555058 -161.307327 22.584019 78.000000 
-43.792927 -161.258667 22.589321 118.000000 
-43.782558 -161.243683 22.587633 105.000000 
-43.783314 -161.228775 22.581507 114.000000 
-44.036697 -161.173553 22.589937 109.000000 
-43.771027 -161.213989 22.580685 115.000000 
-44.022335 -161.158295 22.589445 117.000000 
-43.760540 -161.199127 22.579121 116.000000 
-44.019024 -161.142181 22.584505 126.000000 
-44.006432 -161.126877 22.583357 125.000000 
-43.991955 -161.111801 22.583010 125.000000 
-44.266029 -161.048431 22.592630 62.000000 
-43.966381 -161.097839 22.587255 124.000000 
-44.275414 -161.030304 22.582569 104.000000 
-43.961056 -161.082062 22.583239 126.000000 
-44.249447 -161.015823 22.586136 124.000000 
-43.957520 -161.066116 22.578495 113.000000 
-44.230885 -161.000671 22.586906 125.000000 
-44.221371 -160.983765 22.583887 125.000000 
-44.224964 -160.966217 22.576099 126.000000 
-44.219433 -160.950562 22.572195 130.000000 
-44.202564 -160.935471 22.572441 126.000000 
-41.031879 -162.802368 22.619848 81.000000 
-41.033390 -162.792435 22.614380 83.000000 
-41.036453 -162.783966 22.608217 83.000000 
-41.036312 -162.773544 22.603909 83.000000 
-41.029793 -162.760300 22.603762 83.000000 
-41.139641 -162.752731 22.614149 67.000000 
-41.021675 -162.747726 22.605228 94.000000 
-41.144245 -162.743271 22.606432 68.000000 
-41.018265 -162.736481 22.603292 104.000000 
-41.134335 -162.730072 22.608747 68.000000 
-41.019566 -162.726532 22.597933 107.000000 
-41.124386 -162.716934 22.611111 68.000000 
-41.125702 -162.707733 22.606117 73.000000 
-41.252399 -162.701920 22.608850 64.000000 
-41.125340 -162.697052 22.601826 73.000000 
-41.243847 -162.688995 22.609854 76.000000 
-41.126553 -162.686737 22.596428 86.000000 
-41.241802 -162.677612 22.606541 84.000000 
-41.126122 -162.676041 22.592169 79.000000 
-41.241356 -162.666595 22.602161 81.000000 
-41.240849 -162.655029 22.597580 84.000000 
-41.358494 -162.643356 22.610209 83.000000 
-41.230518 -162.641891 22.599823 92.000000 
-41.352970 -162.631012 22.608931 91.000000 
-41.220158 -162.628830 22.602114 95.000000 
-41.359035 -162.621002 22.600231 93.000000 
-41.216297 -162.617188 22.600042 92.000000 
-41.348461 -162.607712 22.602209 93.000000 
-41.337917 -162.595612 22.604671 81.000000 
-41.484543 -162.586304 22.602974 69.000000 
-41.330597 -162.583084 22.604599 88.000000 
-41.466984 -162.571640 22.608820 82.000000 
-41.328148 -162.570389 22.600908 91.000000 
-41.451004 -162.556244 22.613251 82.000000 
-41.332363 -162.560013 22.593365 83.000000 
-41.450218 -162.544647 22.608818 84.000000 
-41.449478 -162.534210 22.604843 87.000000 
-41.591812 -162.521103 22.610439 66.000000 
-41.445255 -162.522064 22.602541 93.000000 
-41.587509 -162.508606 22.607914 95.000000 
-41.437634 -162.509415 22.602365 90.000000 
-41.588287 -162.496857 22.602381 89.000000 
-41.426609 -162.496307 22.604334 90.000000 
-41.592442 -162.485565 22.594833 92.000000 
-41.581146 -162.471527 22.596230 96.000000 
-41.571571 -162.458405 22.596878 99.000000 
-41.721470 -162.441574 22.602520 66.000000 
-41.567135 -162.446594 22.594727 99.000000 
-41.715218 -162.429199 22.601135 83.000000 
-41.557495 -162.433578 22.595455 103.000000 
-41.695053 -162.414658 22.607464 81.000000 
-41.693859 -162.402359 22.602968 86.000000 
-41.863636 -162.384201 22.602753 62.000000 
-41.685715 -162.389313 22.602467 83.000000 
-41.850105 -162.370239 22.604797 94.000000 
-41.691345 -162.377747 22.594042 86.000000 
-41.841785 -162.356842 22.604021 91.000000 
-41.672779 -162.363724 22.599588 83.000000 
-41.843914 -162.344421 22.597523 91.000000 
-41.835522 -162.331100 22.596815 88.000000 
-41.827087 -162.317810 22.596148 91.000000 
-41.977226 -162.289261 22.608826 67.000000 
-41.815132 -162.304306 22.597458 91.000000 
-41.970375 -162.275818 22.606987 77.000000 
-41.813610 -162.291656 22.592999 91.000000 
-41.958187 -162.262070 22.607986 69.000000 
-41.956554 -162.249023 22.603424 69.000000 
-41.951355 -162.235779 22.600760 74.000000 
-42.129421 -162.208969 22.606949 77.000000 
-41.946114 -162.222565 22.598127 74.000000 
-42.122288 -162.195221 22.604973 73.000000 
-42.124027 -162.181824 22.598516 73.000000 
-42.115028 -162.168060 22.597509 76.000000 
-42.105991 -162.154327 22.596546 76.000000 
-42.290203 -162.123871 22.606289 77.000000 
-42.093361 -162.140564 22.597445 80.000000 
-42.291775 -162.109924 22.599812 78.000000 
-42.278908 -162.095779 22.600340 76.000000 
-42.262409 -162.081665 22.602673 75.000000 
-42.483356 -162.046539 22.601713 63.000000 
-42.256664 -162.067719 22.599796 78.000000 
-42.473839 -162.031998 22.600229 63.000000 
-42.254467 -162.053802 22.595194 78.000000 
-42.458839 -162.017563 22.601313 92.000000 
-42.449249 -162.003159 22.599922 89.000000 
-42.445057 -161.988724 22.596039 86.000000 
-42.446255 -161.974197 22.589643 86.000000 
-42.649601 -161.933350 22.604120 64.000000 
-42.427486 -161.960083 22.592611 89.000000 
-42.637886 -161.918594 22.603315 87.000000 
-42.626266 -161.904663 22.602798 76.000000 
-42.612656 -161.890121 22.602901 78.000000 
-42.862453 -161.843674 22.605330 62.000000 
-42.597050 -161.874969 22.603638 67.000000 
-42.865005 -161.826996 22.597790 65.000000 
-42.590664 -161.860260 22.600576 73.000000 
-42.854759 -161.811737 22.595963 116.000000 
-42.816895 -161.798096 22.605879 111.000000 
-42.812096 -161.782700 22.601826 72.000000 
-42.801746 -161.767685 22.600159 74.000000 
-42.800529 -161.752090 22.594604 111.000000 
-43.059555 -161.696732 22.601088 121.000000 
-43.045204 -161.681412 22.600611 126.000000 
-43.047451 -161.664795 22.593445 125.000000 
-43.020092 -161.650696 22.598316 124.000000 
-43.313103 -161.586578 22.601540 111.000000 
-42.996407 -161.636429 22.601765 125.000000 
-43.309536 -161.569656 22.596455 117.000000 
-43.002201 -161.619553 22.593203 105.000000 
-43.289185 -161.554443 22.597828 124.000000 
-43.270664 -161.539139 22.598553 126.000000 
-43.259533 -161.523148 22.596466 125.000000 
-43.255779 -161.506378 22.591551 125.000000 
-43.255676 -161.489182 22.585220 125.000000 
-40.072815 -163.347824 22.611353 84.000000 
-40.066498 -163.335953 22.611713 83.000000 
-40.063313 -163.324509 22.609621 77.000000 
-40.060085 -163.312576 22.607342 83.000000 
-40.059986 -163.302078 22.603025 86.000000 
-40.056690 -163.290680 22.601013 77.000000 
-40.171726 -163.284683 22.608536 70.000000 
-40.042305 -163.276245 22.607046 90.000000 
-40.171551 -163.273865 22.604132 63.000000 
-40.043690 -163.266754 22.601873 97.000000 
-40.164917 -163.261917 22.604424 60.000000 
-40.041874 -163.255859 22.598803 101.000000 
-40.158237 -163.249481 22.604532 61.000000 
-40.040024 -163.244995 22.595753 62.000000 
-40.151524 -163.237091 22.604681 63.000000 
-40.283447 -163.232788 22.604593 76.000000 
-40.036560 -163.233704 22.593882 60.000000 
-40.147991 -163.225525 22.602623 68.000000 
-40.271675 -163.218979 22.607754 73.000000 
-40.033081 -163.222961 22.592247 68.000000 
-40.150871 -163.216095 22.596308 68.000000 
-40.261524 -163.206177 22.610100 72.000000 
-40.147270 -163.204544 22.594296 63.000000 
-40.270927 -163.197327 22.599163 74.000000 
-40.265564 -163.184570 22.597851 81.000000 
-40.386837 -163.173950 22.608776 72.000000 
-40.260185 -163.172409 22.596792 76.000000 
-40.394642 -163.164230 22.598988 77.000000 
-40.246635 -163.159073 22.601482 74.000000 
-40.394135 -163.153336 22.594738 81.000000 
-40.242825 -163.147339 22.599400 71.000000 
-40.383610 -163.139908 22.596691 88.000000 
-40.366417 -163.125244 22.602972 85.000000 
-40.515068 -163.116638 22.600733 89.000000 
-40.365776 -163.113876 22.598597 77.000000 
-40.507702 -163.104218 22.600571 82.000000 
-40.365097 -163.102493 22.594242 81.000000 
-40.491810 -163.089218 22.605190 72.000000 
-40.369358 -163.092010 22.586676 61.000000 
-40.492790 -163.078354 22.599909 78.000000 
-40.485241 -163.064911 22.599417 81.000000 
-40.621185 -163.051086 22.609694 90.000000 
-40.487831 -163.054321 22.593126 81.000000 
-40.622051 -163.039246 22.604130 89.000000 
-40.476845 -163.040390 22.594799 78.000000 
-40.621166 -163.027145 22.599592 89.000000 
-40.465908 -163.027710 22.596958 68.000000 
-40.620239 -163.015030 22.595076 89.000000 
-40.610748 -163.001724 22.595669 92.000000 
-40.599522 -162.988251 22.597326 92.000000 
-40.758385 -162.972961 22.598545 69.000000 
-40.600239 -162.977036 22.592098 99.000000 
-40.748722 -162.960037 22.599112 75.000000 
-40.588943 -162.963654 22.593838 75.000000 
-40.725151 -162.944931 22.607397 86.000000 
-40.727455 -162.932922 22.600910 89.000000 
-40.890629 -162.914520 22.605127 69.000000 
-40.726265 -162.920517 22.596422 95.000000 
-40.884144 -162.901138 22.603342 94.000000 
-40.725033 -162.908112 22.591955 92.000000 
-40.882862 -162.888290 22.598719 91.000000 
-40.713409 -162.894623 22.593494 86.000000 
-40.881538 -162.875427 22.594120 91.000000 
-40.873188 -162.861954 22.593391 91.000000 
-41.022163 -162.833954 22.607975 69.000000 
-40.861313 -162.848236 22.594635 88.000000 
-41.024231 -162.820969 22.601442 82.000000 
-40.856380 -162.835159 22.592062 94.000000 
-41.005054 -162.806503 22.606087 78.000000 
-40.851410 -162.822098 22.589518 68.000000 
-40.996368 -162.792191 22.604975 78.000000 
-40.987717 -162.778595 22.604136 83.000000 
-40.986092 -162.765442 22.599590 92.000000 
-41.169907 -162.739395 22.603727 68.000000 
-40.984417 -162.752304 22.595068 81.000000 
-41.164597 -162.725571 22.600832 78.000000 
-41.166470 -162.712738 22.594589 80.000000 
-41.164639 -162.699081 22.589941 80.000000 
-41.152081 -162.685043 22.590761 85.000000 
-41.331402 -162.654922 22.604012 85.000000 
-41.135925 -162.670990 22.593451 76.000000 
-41.338421 -162.640976 22.594906 81.000000 
-41.325592 -162.626633 22.595407 78.000000 
-41.298344 -162.612183 22.602964 87.000000 
-41.299831 -162.598190 22.596567 90.000000 
-41.519310 -162.563095 22.597015 94.000000 
-41.297676 -162.584137 22.591946 78.000000 
-41.506165 -162.548447 22.597233 92.000000 
-41.500244 -162.533844 22.594133 100.000000 
-41.497902 -162.519226 22.589380 96.000000 
-41.495514 -162.504608 22.584654 100.000000 
-41.686592 -162.464569 22.605761 69.000000 
-41.485836 -162.490112 22.583347 100.000000 
-41.687721 -162.449341 22.599281 81.000000 
-41.685146 -162.434204 22.594444 81.000000 
-41.671566 -162.419418 22.594513 81.000000 
-41.656124 -162.404785 22.595449 92.000000 
-41.911823 -162.358093 22.596260 109.000000 
-41.644295 -162.390106 22.594809 85.000000 
-41.912663 -162.342117 22.589752 118.000000 
-41.885857 -162.327591 22.594950 120.000000 
-41.875572 -162.312286 22.593199 120.000000 
-41.874584 -162.297272 22.587822 121.000000 
-41.867889 -162.281799 22.584579 121.000000 
-42.114662 -162.228012 22.597696 121.000000 
-42.109600 -162.211777 22.593458 125.000000 
-42.106339 -162.195419 22.588511 124.000000 
-42.093620 -162.179016 22.587095 126.000000 
-42.383656 -162.115921 22.593313 66.000000 
-42.079178 -162.163651 22.586729 126.000000 
-42.385704 -162.098267 22.586061 123.000000 
-42.370949 -162.082199 22.585245 126.000000 
-42.348724 -162.066956 22.587345 126.000000 
-42.330185 -162.051468 22.588083 128.000000 
-42.322746 -162.034882 22.584568 128.000000 
-42.326385 -162.017075 22.576773 117.000000 
-39.071770 -163.878113 22.621990 68.000000 
-39.068733 -163.866104 22.619692 74.000000 
-39.064079 -163.854172 22.618773 77.000000 
-39.057816 -163.842316 22.619240 77.000000 
-39.057819 -163.831833 22.614965 74.000000 
-39.054642 -163.820419 22.612997 80.000000 
-39.169609 -163.815628 22.620493 61.000000 
-39.051426 -163.809036 22.611053 83.000000 
-39.166332 -163.803955 22.618357 60.000000 
-39.043446 -163.796341 22.612585 90.000000 
-39.163021 -163.792313 22.616249 60.000000 
-39.038586 -163.784576 22.611855 80.000000 
-39.169296 -163.783203 22.607466 61.000000 
-39.159504 -163.770432 22.610092 60.000000 
-39.289886 -163.766998 22.611277 71.000000 
-39.039806 -163.764633 22.602610 63.000000 
-39.140045 -163.754715 22.619284 65.000000 
-39.281509 -163.753860 22.612293 70.000000 
-39.146217 -163.745621 22.610559 63.000000 
-39.268204 -163.739624 22.616623 70.000000 
-39.145939 -163.734863 22.606340 61.000000 
-39.264652 -163.727768 22.614460 70.000000 
-39.261047 -163.715378 22.612106 70.000000 
-39.393852 -163.708572 22.615524 67.000000 
-39.259052 -163.703934 22.608904 76.000000 
-39.386841 -163.695709 22.615330 81.000000 
-39.263561 -163.694489 22.601538 81.000000 
-39.386444 -163.684845 22.611135 83.000000 
-39.254974 -163.681610 22.602779 74.000000 
-39.379364 -163.672043 22.611008 83.000000 
-39.382187 -163.661301 22.604500 93.000000 
-39.504158 -163.648911 22.619156 89.000000 
-39.375034 -163.648544 22.604435 91.000000 
-39.501930 -163.636841 22.615719 77.000000 
-39.357910 -163.633926 22.610857 81.000000 
-39.509750 -163.626617 22.606071 78.000000 
-39.357311 -163.622574 22.606579 76.000000 
-39.502399 -163.613617 22.605793 78.000000 
-39.484932 -163.598923 22.611816 70.000000 
-39.636246 -163.589005 22.613024 74.000000 
-39.480873 -163.586624 22.609539 84.000000 
-39.626995 -163.575500 22.613544 74.000000 
-39.483570 -163.576645 22.603531 81.000000 
-39.621197 -163.563797 22.612534 85.000000 
-39.474403 -163.563553 22.604452 72.000000 
-39.620396 -163.551682 22.608063 85.000000 
-39.612656 -163.537369 22.607237 85.000000 
-39.618591 -163.526260 22.598742 89.000000 
-39.753586 -163.509171 22.614138 64.000000 
-39.604141 -163.513428 22.602947 85.000000 
-39.751003 -163.497726 22.611040 70.000000 
-39.587868 -163.499268 22.607796 79.000000 
-39.753468 -163.485672 22.604553 70.000000 
-39.738632 -163.471497 22.607973 72.000000 
-39.896774 -163.454102 22.615307 63.000000 
-39.728939 -163.458038 22.608479 79.000000 
-39.893917 -163.441025 22.611650 70.000000 
-39.719215 -163.444641 22.609026 95.000000 
-39.889271 -163.427780 22.608978 78.000000 
-39.718071 -163.432236 22.604637 73.000000 
-39.875854 -163.413681 22.611135 82.000000 
-39.867645 -163.400177 22.610460 82.000000 
-40.022003 -163.374283 22.622175 66.000000 
-39.873356 -163.388016 22.602118 79.000000 
-40.015373 -163.360611 22.620331 72.000000 
-39.868553 -163.374863 22.599575 82.000000 
-40.014000 -163.347397 22.615736 69.000000 
-39.853249 -163.360840 22.602875 65.000000 
-40.012589 -163.334183 22.611164 69.000000 
-40.004070 -163.320465 22.610352 72.000000 
-40.191929 -163.297607 22.613493 62.000000 
-39.991993 -163.306564 22.611450 72.000000 
-40.190369 -163.283875 22.608797 65.000000 
-39.986931 -163.293182 22.608849 74.000000 
-40.185196 -163.269958 22.605925 67.000000 
-40.169285 -163.255524 22.608496 76.000000 
-40.156906 -163.241364 22.609320 73.000000 
-40.354424 -163.213547 22.613928 60.000000 
-40.162308 -163.228027 22.601130 76.000000 
-40.347221 -163.199188 22.611784 77.000000 
-40.160534 -163.214355 22.596582 76.000000 
-40.338177 -163.184799 22.610546 73.000000 
-40.328999 -163.169769 22.609121 73.000000 
-40.327068 -163.155640 22.604475 81.000000 
-40.314407 -163.142014 22.605341 78.000000 
-40.530621 -163.109009 22.607821 89.000000 
-40.305206 -163.127823 22.604271 69.000000 
-40.535778 -163.094330 22.599686 85.000000 
-40.520916 -163.079590 22.600811 83.000000 
-40.509651 -163.064911 22.600306 89.000000 
-40.501747 -163.048813 22.597691 86.000000 
-40.711548 -163.011215 22.611124 66.000000 
-40.492210 -163.034256 22.596434 86.000000 
-40.701847 -162.996124 22.609524 74.000000 
-40.697838 -162.982498 22.606018 81.000000 
-40.686230 -162.967545 22.605309 84.000000 
-40.687241 -162.951523 22.598717 87.000000 
-40.902874 -162.907898 22.617043 75.000000 
-40.664597 -162.937012 22.602985 85.000000 
-40.922306 -162.891235 22.602856 118.000000 
-40.910503 -162.876617 22.602108 119.000000 
-40.900364 -162.861160 22.600384 120.000000 
-40.879013 -162.845551 22.603157 120.000000 
-40.874310 -162.829956 22.599188 121.000000 
-41.136337 -162.777664 22.606539 121.000000 
-41.124172 -162.762665 22.605568 125.000000 
-41.109970 -162.747055 22.605146 126.000000 
-41.102806 -162.729324 22.601299 127.000000 
-41.106998 -162.712402 22.593477 127.000000 
-41.375278 -162.654022 22.608658 121.000000 
-41.384907 -162.635742 22.598667 127.000000 
-41.362827 -162.620316 22.600801 129.000000 
-41.352230 -162.605652 22.599207 130.000000 
-41.333809 -162.590057 22.600033 131.000000 
-41.328171 -162.572388 22.595648 117.000000 
-38.050865 -164.388321 22.637968 73.000000 
-38.051067 -164.377350 22.633474 71.000000 
-38.059082 -164.369308 22.623524 74.000000 
-38.062344 -164.360306 22.617195 74.000000 
-38.049850 -164.346024 22.622089 77.000000 
-38.164745 -164.342529 22.629547 72.000000 
-38.031036 -164.329453 22.631414 86.000000 
-38.163200 -164.330765 22.626108 67.000000 
-38.034199 -164.319977 22.624956 86.000000 
-38.161610 -164.319534 22.622908 60.000000 
-38.034184 -164.310593 22.621222 83.000000 
-38.151989 -164.307190 22.625740 65.000000 
-38.145531 -164.294724 22.625952 65.000000 
-38.274040 -164.292404 22.627981 64.000000 
-38.142235 -164.282593 22.623751 68.000000 
-38.264172 -164.278290 22.629906 68.000000 
-38.145309 -164.272705 22.617290 63.000000 
-38.264038 -164.267227 22.625563 70.000000 
-38.137142 -164.259903 22.618725 73.000000 
-38.257355 -164.254562 22.625607 70.000000 
-38.263660 -164.245071 22.616934 68.000000 
-38.378330 -164.235565 22.632114 63.000000 
-38.253666 -164.232224 22.619440 70.000000 
-38.386364 -164.226593 22.622627 77.000000 
-38.241997 -164.218521 22.622879 76.000000 
-38.382767 -164.214432 22.620358 74.000000 
-38.240044 -164.206589 22.619553 87.000000 
-38.369190 -164.199585 22.624300 77.000000 
-38.241322 -164.195938 22.614252 72.000000 
-38.362209 -164.186813 22.624243 69.000000 
-38.355194 -164.174088 22.624226 74.000000 
-38.495274 -164.166580 22.626833 67.000000 
-38.358067 -164.163422 22.617804 69.000000 
-38.479706 -164.151947 22.631754 72.000000 
-38.227066 -164.160629 22.610863 60.000000 
-38.357613 -164.152634 22.613758 72.000000 
-38.470848 -164.139267 22.632797 63.000000 
-38.470322 -164.127625 22.628448 65.000000 
-38.469753 -164.115967 22.624119 67.000000 
-38.614059 -164.106247 22.628937 69.000000 
-38.465794 -164.103699 22.621906 65.000000 
-38.625347 -164.096146 22.617401 79.000000 
-38.451736 -164.089737 22.626024 67.000000 
-38.616169 -164.082657 22.618017 79.000000 
-38.606953 -164.069229 22.618677 85.000000 
-38.589233 -164.055145 22.624691 85.000000 
-38.593559 -164.043900 22.617285 96.000000 
-38.740360 -164.029892 22.625175 64.000000 
-38.592743 -164.031876 22.612953 92.000000 
-38.732613 -164.016525 22.624647 75.000000 
-38.719658 -164.002533 22.627123 71.000000 
-38.715286 -163.989716 22.624699 73.000000 
-38.874939 -163.974014 22.630466 70.000000 
-38.714321 -163.977356 22.620319 79.000000 
-38.875683 -163.961395 22.624975 84.000000 
-38.702980 -163.963745 22.621933 81.000000 
-38.872890 -163.948380 22.621418 73.000000 
-38.691608 -163.950211 22.623598 64.000000 
-38.873547 -163.935745 22.615965 76.000000 
-38.854977 -163.921143 22.621122 82.000000 
-39.023445 -163.897934 22.625076 69.000000 
-38.839867 -163.906998 22.624418 79.000000 
-39.001034 -163.882843 22.631632 66.000000 
-38.843891 -163.894775 22.617130 73.000000 
-38.992714 -163.869080 22.630823 66.000000 
-38.991409 -163.855942 22.626328 64.000000 
-38.988300 -163.842651 22.622787 69.000000 
-38.986912 -163.829514 22.618340 67.000000 
-38.973148 -163.815521 22.620489 61.000000 
-39.169495 -163.793198 22.617802 68.000000 
-39.160831 -163.779129 22.616840 69.000000 
-39.152130 -163.765106 22.615921 73.000000 
-39.339012 -163.739166 22.625723 60.000000 
-39.139828 -163.750977 22.616858 78.000000 
-39.331928 -163.724808 22.623652 77.000000 
-39.131054 -163.737076 22.616026 69.000000 
-39.323006 -163.710434 22.622488 78.000000 
-39.303249 -163.695770 22.626602 76.000000 
-39.301441 -163.681732 22.622038 81.000000 
-39.299591 -163.667694 22.617498 75.000000 
-39.508564 -163.636429 22.622866 89.000000 
-39.294106 -163.653564 22.614742 75.000000 
-39.504768 -163.621780 22.619005 86.000000 
-39.495487 -163.607101 22.617701 83.000000 
-39.495228 -163.592499 22.612219 89.000000 
-39.482239 -163.577881 22.612682 92.000000 
-39.702938 -163.541382 22.620485 72.000000 
-39.471024 -163.563339 22.612347 100.000000 
-39.693363 -163.526276 22.618952 77.000000 
-39.685577 -163.511200 22.616653 84.000000 
-39.648514 -163.496719 22.627390 83.000000 
-39.647964 -163.481644 22.621946 90.000000 
-39.904167 -163.439682 22.622482 75.000000 
-39.641888 -163.466721 22.618975 66.000000 
-39.894253 -163.424179 22.620758 114.000000 
-39.878773 -163.408936 22.621414 116.000000 
-39.872459 -163.393402 22.618227 115.000000 
-39.864262 -163.377960 22.615858 118.000000 
-40.119213 -163.329086 22.625961 118.000000 
-39.848667 -163.362930 22.616665 72.000000 
-40.125626 -163.312195 22.617359 125.000000 
-40.109741 -163.296570 22.617704 125.000000 
-40.095673 -163.280930 22.617361 125.000000 
-40.079712 -163.265472 22.617819 127.000000 
-40.389305 -163.207291 22.616831 62.000000 
-40.072968 -163.249466 22.614580 127.000000 
-40.367447 -163.191605 22.618927 121.000000 
-40.062477 -163.233765 22.612885 115.000000 
-40.347420 -163.175888 22.620384 125.000000 
-40.068565 -163.216812 22.604446 121.000000 
-40.342255 -163.159027 22.616199 125.000000 
-40.337036 -163.142166 22.612051 127.000000 
-40.326195 -163.125839 22.610090 128.000000 
-40.309731 -163.110107 22.610331 117.000000 
-37.037876 -164.905853 22.637068 63.000000 
-37.035011 -164.895462 22.635496 68.000000 
-37.030575 -164.883560 22.634661 83.000000 
-37.027679 -164.871643 22.632507 83.000000 
-37.027870 -164.861252 22.628305 80.000000 
-37.026455 -164.850891 22.625475 90.000000 
-37.129910 -164.845169 22.640129 61.000000 
-37.018749 -164.838104 22.627052 94.000000 
-37.136414 -164.836349 22.631395 65.000000 
-37.006310 -164.823471 22.631924 97.000000 
-37.136505 -164.825104 22.626917 65.000000 
-36.998528 -164.810822 22.633596 71.000000 
-37.123798 -164.810806 22.631630 65.000000 
-37.117432 -164.798904 22.632122 65.000000 
-37.250439 -164.799042 22.630148 62.000000 
-37.007935 -164.793411 22.618723 63.000000 
-37.117416 -164.788254 22.627939 65.000000 
-37.245552 -164.786743 22.629087 70.000000 
-37.001617 -164.780762 22.619118 63.000000 
-37.122147 -164.778351 22.620184 73.000000 
-37.235756 -164.772690 22.631126 68.000000 
-37.232418 -164.760880 22.629045 70.000000 
-37.359959 -164.755936 22.635082 63.000000 
-37.230671 -164.750046 22.626108 76.000000 
-37.348286 -164.742462 22.638357 72.000000 
-37.232132 -164.739456 22.620779 78.000000 
-37.344814 -164.730392 22.636141 69.000000 
-37.222195 -164.726120 22.623184 81.000000 
-37.347904 -164.719849 22.629683 70.000000 
-37.207359 -164.711716 22.628954 64.000000 
-37.341061 -164.707062 22.629654 70.000000 
-37.340794 -164.696335 22.625586 66.000000 
-37.470741 -164.688339 22.634094 70.000000 
-37.323986 -164.681488 22.632074 66.000000 
-37.463711 -164.675323 22.633858 65.000000 
-37.320316 -164.668991 22.629801 74.000000 
-37.453274 -164.661102 22.635525 65.000000 
-37.449520 -164.648849 22.633286 65.000000 
-37.439053 -164.635895 22.635473 65.000000 
-37.594948 -164.630096 22.632521 74.000000 
-37.445267 -164.625595 22.627007 63.000000 
-37.584255 -164.616287 22.634159 85.000000 
-37.444748 -164.613998 22.622744 67.000000 
-37.582020 -164.604004 22.630772 79.000000 
-37.440845 -164.601791 22.620611 61.000000 
-37.584839 -164.592606 22.624359 82.000000 
-37.582523 -164.580322 22.621016 85.000000 
-37.713882 -164.565948 22.637589 63.000000 
-37.571686 -164.566681 22.622808 85.000000 
-37.721809 -164.554886 22.628197 75.000000 
-37.555756 -164.552917 22.627937 96.000000 
-37.712521 -164.541870 22.628902 79.000000 
-37.701439 -164.528046 22.630421 79.000000 
-37.690327 -164.514282 22.631989 81.000000 
-37.865528 -164.502472 22.628546 70.000000 
-37.686054 -164.501541 22.629625 89.000000 
-37.857689 -164.488815 22.627846 78.000000 
-37.685139 -164.488647 22.625086 98.000000 
-37.841053 -164.473526 22.631763 82.000000 
-37.829651 -164.459579 22.633081 79.000000 
-37.832195 -164.447922 22.626959 76.000000 
-37.984768 -164.425095 22.638670 66.000000 
-37.834648 -164.435608 22.620625 79.000000 
-37.980110 -164.410980 22.635771 60.000000 
-37.817863 -164.420609 22.624744 73.000000 
-37.984268 -164.398376 22.628469 67.000000 
-37.976116 -164.385254 22.627941 67.000000 
-37.805229 -164.394882 22.622143 62.000000 
-37.960823 -164.370926 22.630974 72.000000 
-37.797092 -164.381592 22.621763 64.000000 
-37.954235 -164.356781 22.629152 77.000000 
-38.148846 -164.337112 22.626961 65.000000 
-37.949429 -164.343460 22.626648 68.000000 
-38.129696 -164.322266 22.631413 67.000000 
-38.121193 -164.308258 22.630507 73.000000 
-37.939697 -164.316879 22.621737 60.000000 
-38.119766 -164.294739 22.626015 69.000000 
-38.118298 -164.281219 22.621546 80.000000 
-38.288841 -164.256180 22.638144 63.000000 
-38.109676 -164.267303 22.620747 64.000000 
-38.292667 -164.242447 22.630934 67.000000 
-38.292934 -164.229202 22.625713 75.000000 
-38.284092 -164.214920 22.624664 76.000000 
-38.487823 -164.186462 22.632164 71.000000 
-38.264351 -164.199600 22.628706 78.000000 
-38.491405 -164.171310 22.624712 85.000000 
-38.266205 -164.185791 22.622473 78.000000 
-38.471443 -164.156326 22.628447 81.000000 
-38.455170 -164.142258 22.630789 81.000000 
-38.455082 -164.127823 22.625353 83.000000 
-38.456757 -164.113373 22.619093 83.000000 
-38.653774 -164.079391 22.636614 72.000000 
-38.447521 -164.098831 22.617947 75.000000 
-38.649876 -164.064362 22.632715 73.000000 
-38.644096 -164.049347 22.629658 75.000000 
-38.641930 -164.034332 22.625011 75.000000 
-38.628757 -164.019455 22.625284 73.000000 
-38.863064 -163.980835 22.634426 109.000000 
-38.600952 -164.004883 22.632153 60.000000 
-38.862549 -163.965164 22.628870 106.000000 
-38.849094 -163.949829 22.628794 72.000000 
-38.828236 -163.934799 22.631895 110.000000 
-38.818390 -163.919510 22.630363 116.000000 
-39.088253 -163.873108 22.633215 118.000000 
-38.814011 -163.904068 22.626522 108.000000 
-39.074459 -163.857361 22.632830 124.000000 
-39.060627 -163.841675 22.632496 123.000000 
-39.056015 -163.825577 22.628475 123.000000 
-39.049503 -163.809586 22.625238 124.000000 
-39.033695 -163.794189 22.625799 124.000000 
-39.328255 -163.738953 22.628664 122.000000 
-39.330791 -163.721588 22.621626 125.000000 
-39.309048 -163.705994 22.623899 125.000000 
-39.287277 -163.690552 22.626242 126.000000 
-39.278496 -163.674149 22.623625 126.000000 
-39.288261 -163.656204 22.613848 119.000000 
-39.266373 -163.640991 22.616352 105.000000 
-39.261166 -163.624344 22.612410 111.000000 
-36.028889 -165.416595 22.640898 68.000000 
-36.027691 -165.405685 22.637747 83.000000 
-36.021774 -165.393234 22.638033 83.000000 
-36.014259 -165.380325 22.639500 94.000000 
-36.005146 -165.366959 22.642151 91.000000 
-36.125854 -165.367691 22.644331 64.000000 
-36.011623 -165.358612 22.633390 80.000000 
-36.124493 -165.356552 22.641130 65.000000 
-36.010254 -165.347778 22.630369 97.000000 
-36.118324 -165.343979 22.641296 65.000000 
-35.999470 -165.334045 22.634277 82.000000 
-36.120075 -165.333801 22.635916 73.000000 
-36.113831 -165.321304 22.636145 73.000000 
-36.230663 -165.318253 22.645172 64.000000 
-36.109146 -165.309296 22.635290 65.000000 
-36.235615 -165.308609 22.637564 73.000000 
-36.099648 -165.295975 22.637844 60.000000 
-36.234047 -165.297180 22.634317 78.000000 
-36.217869 -165.281921 22.640928 78.000000 
-36.214611 -165.270142 22.638847 81.000000 
-36.341972 -165.266190 22.644567 74.000000 
-36.211319 -165.258392 22.636795 78.000000 
-36.340267 -165.254517 22.641247 83.000000 
-36.206379 -165.247330 22.636292 69.000000 
-36.330303 -165.241989 22.643709 70.000000 
-36.206257 -165.236420 22.632092 64.000000 
-36.323586 -165.229187 22.643648 70.000000 
-36.075382 -165.227173 22.630632 64.000000 
-36.326714 -165.218719 22.637207 70.000000 
-36.449883 -165.210587 22.649731 69.000000 
-36.323219 -165.206726 22.635065 74.000000 
-36.446323 -165.198288 22.647392 61.000000 
-36.313103 -165.193268 22.637251 81.000000 
-36.446075 -165.186722 22.643005 65.000000 
-36.302952 -165.179886 22.639484 74.000000 
-36.445786 -165.175140 22.638639 61.000000 
-36.438755 -165.161606 22.638252 65.000000 
-36.581177 -165.154678 22.643547 79.000000 
-36.426689 -165.147705 22.641260 72.000000 
-36.587582 -165.143997 22.635044 85.000000 
-36.432995 -165.138062 22.632999 78.000000 
-36.571918 -165.129776 22.639925 82.000000 
-36.425873 -165.125229 22.632933 87.000000 
-36.559593 -165.115692 22.642616 85.000000 
-36.552292 -165.101990 22.642094 89.000000 
-36.705738 -165.092758 22.645395 60.000000 
-36.555149 -165.090683 22.635710 85.000000 
-36.694866 -165.078781 22.646793 69.000000 
-36.549522 -165.078522 22.634665 92.000000 
-36.687428 -165.066025 22.646494 72.000000 
-36.538750 -165.064957 22.636511 63.000000 
-36.686798 -165.053757 22.642059 72.000000 
-36.684444 -165.041855 22.638857 79.000000 
-36.838810 -165.028870 22.646891 75.000000 
-36.671707 -165.027817 22.641413 81.000000 
-36.841557 -165.016647 22.640440 89.000000 
-36.657223 -165.013626 22.645016 83.000000 
-36.835556 -165.003250 22.638788 79.000000 
-36.656441 -165.001450 22.640703 66.000000 
-36.827774 -164.989655 22.638134 85.000000 
-36.812996 -164.975250 22.641365 91.000000 
-36.965553 -164.954041 22.652769 61.000000 
-36.808620 -164.962189 22.638872 94.000000 
-36.959229 -164.939117 22.650539 67.000000 
-36.807590 -164.948303 22.634037 88.000000 
-36.952957 -164.925537 22.648804 72.000000 
-36.801395 -164.935089 22.632572 73.000000 
-36.955555 -164.914185 22.642893 74.000000 
-36.954483 -164.901138 22.638414 74.000000 
-36.948093 -164.887604 22.636766 77.000000 
-37.123245 -164.868271 22.644457 65.000000 
-36.932873 -164.873306 22.639847 82.000000 
-37.125607 -164.855042 22.638067 71.000000 
-37.110001 -164.839066 22.640261 71.000000 
-37.090923 -164.824295 22.644783 73.000000 
-37.089600 -164.810883 22.640303 73.000000 
-37.279819 -164.788864 22.646791 67.000000 
-36.906658 -164.818512 22.633383 61.000000 
-37.088234 -164.797455 22.635847 71.000000 
-37.262215 -164.773987 22.649992 73.000000 
-37.260902 -164.761490 22.645863 73.000000 
-37.259399 -164.747589 22.641296 73.000000 
-37.254101 -164.732132 22.638060 81.000000 
-37.455898 -164.705200 22.645653 94.000000 
-37.252506 -164.718246 22.633551 81.000000 
-37.461491 -164.690979 22.637606 78.000000 
-37.450710 -164.676239 22.637146 72.000000 
-37.434452 -164.661407 22.639261 72.000000 
-37.419971 -164.646729 22.640593 78.000000 
-37.651680 -164.615326 22.642008 72.000000 
-37.414513 -164.632294 22.637737 78.000000 
-37.622314 -164.600052 22.649372 73.000000 
-37.605724 -164.585037 22.651157 68.000000 
-37.601894 -164.570160 22.647314 70.000000 
-37.601673 -164.555283 22.641876 75.000000 
-37.843426 -164.519028 22.647339 107.000000 
-37.597752 -164.540421 22.638092 70.000000 
-37.832016 -164.503601 22.646410 110.000000 
-37.824249 -164.488159 22.643972 114.000000 
-37.825645 -164.472580 22.637676 114.000000 
-37.814106 -164.457275 22.636875 116.000000 
-38.063908 -164.414139 22.647781 104.000000 
-37.789650 -164.442383 22.641609 116.000000 
-38.063271 -164.397888 22.642159 121.000000 
-38.040321 -164.382492 22.645504 121.000000 
-38.019196 -164.367157 22.648174 121.000000 
-38.014717 -164.351181 22.644173 122.000000 
-38.015739 -164.334946 22.637951 124.000000 
-38.295689 -164.283539 22.646055 122.000000 
-38.290955 -164.266800 22.641846 122.000000 
-37.999130 -164.303452 22.633123 109.000000 
-38.291759 -164.249710 22.635534 123.000000 
-38.274174 -164.235550 22.636881 124.000000 
-38.265568 -164.219147 22.634218 125.000000 
-38.251335 -164.203201 22.633753 123.000000 
-38.237061 -164.187332 22.633343 61.000000 
-38.242878 -164.168198 22.624567 122.000000 
-35.027100 -165.908203 22.639051 81.000000 
-35.029072 -165.898285 22.633614 80.000000 
-35.032566 -165.888870 22.627050 80.000000 
-35.023537 -165.875320 22.629614 80.000000 
-35.011349 -165.860825 22.634512 86.000000 
-35.011620 -165.850418 22.630306 83.000000 
-35.135883 -165.852020 22.630636 61.000000 
-35.008728 -165.839020 22.628412 86.000000 
-35.120216 -165.836456 22.637445 61.000000 
-35.015167 -165.831070 22.619854 83.000000 
-35.120407 -165.826294 22.633373 61.000000 
-35.117393 -165.814636 22.631342 63.000000 
-35.120708 -165.804840 22.624853 61.000000 
-35.233055 -165.800385 22.637537 70.000000 
-34.992130 -165.792709 22.624792 68.000000 
-35.114445 -165.792297 22.625114 68.000000 
-35.239628 -165.791122 22.628830 68.000000 
-34.993755 -165.782806 22.619560 71.000000 
-35.101776 -165.778000 22.629921 65.000000 
-35.236450 -165.779175 22.626671 70.000000 
-34.990662 -165.771515 22.617830 74.000000 
-35.226765 -165.765564 22.628918 70.000000 
-35.352921 -165.761444 22.636335 65.000000 
-35.221897 -165.753265 22.627922 73.000000 
-35.352905 -165.750061 22.631918 84.000000 
-35.213757 -165.740173 22.629158 87.000000 
-35.349564 -165.737869 22.629648 81.000000 
-35.212055 -165.728775 22.626032 69.000000 
-35.333019 -165.722565 22.635939 79.000000 
-35.332890 -165.711243 22.631607 83.000000 
-35.336018 -165.700668 22.625153 79.000000 
-35.452877 -165.690964 22.642258 70.000000 
-35.329235 -165.687836 22.625151 83.000000 
-35.449326 -165.678604 22.639923 67.000000 
-35.319130 -165.674301 22.627340 81.000000 
-35.455761 -165.668365 22.631374 65.000000 
-35.447121 -165.654953 22.632214 72.000000 
-35.598370 -165.649994 22.633030 61.000000 
-35.438461 -165.642181 22.633312 72.000000 
-35.594662 -165.637863 22.630770 85.000000 
-35.433090 -165.629547 22.632145 78.000000 
-35.590893 -165.625153 22.628313 85.000000 
-35.432693 -165.617935 22.627857 70.000000 
-35.587090 -165.612457 22.625887 89.000000 
-35.573074 -165.597946 22.629589 89.000000 
-35.569195 -165.585327 22.627239 89.000000 
-35.721367 -165.575684 22.632124 64.000000 
-35.565277 -165.572739 22.624918 89.000000 
-35.712223 -165.561859 22.632530 72.000000 
-35.564770 -165.561935 22.621012 89.000000 
-35.703098 -165.549332 22.633427 75.000000 
-35.411846 -165.557709 22.618826 65.000000 
-35.700756 -165.536697 22.629965 77.000000 
-35.546520 -165.533981 22.622248 62.000000 
-35.696587 -165.522552 22.627079 81.000000 
-35.853058 -165.509705 22.634649 70.000000 
-35.542454 -165.521500 22.620058 62.000000 
-35.682140 -165.508179 22.630630 75.000000 
-35.857540 -165.497604 22.627230 84.000000 
-35.534966 -165.508514 22.619963 79.000000 
-35.671093 -165.494385 22.632246 77.000000 
-35.848061 -165.483627 22.627487 73.000000 
-35.532516 -165.496338 22.616802 60.000000 
-35.842022 -165.470154 22.625870 76.000000 
-35.823811 -165.455826 22.631252 76.000000 
-35.980225 -165.434921 22.641279 72.000000 
-35.822914 -165.443100 22.626823 68.000000 
-35.972282 -165.421646 22.640652 69.000000 
-35.818550 -165.430603 22.624573 67.000000 
-35.973061 -165.408691 22.635187 61.000000 
-35.971981 -165.394882 22.630447 64.000000 
-35.807823 -165.403549 22.620480 62.000000 
-35.962116 -165.380875 22.630632 72.000000 
-36.137650 -165.361923 22.639000 62.000000 
-35.953968 -165.367081 22.629925 74.000000 
-36.131153 -165.347870 22.637079 71.000000 
-36.137070 -165.334839 22.628883 73.000000 
-36.125092 -165.319702 22.629505 73.000000 
-36.106022 -165.304810 22.634029 66.000000 
-36.302036 -165.283615 22.638662 77.000000 
-36.293465 -165.269104 22.637466 72.000000 
-36.277664 -165.254227 22.639801 75.000000 
-36.276199 -165.240219 22.635208 76.000000 
-36.267509 -165.225845 22.634140 75.000000 
-36.480560 -165.199890 22.637398 89.000000 
-36.269627 -165.212723 22.628077 75.000000 
-36.469948 -165.185684 22.637096 82.000000 
-36.470097 -165.171188 22.631565 81.000000 
-36.466576 -165.156555 22.627739 83.000000 
-36.453945 -165.141708 22.628166 86.000000 
-36.658772 -165.110352 22.642809 69.000000 
-36.437656 -165.126846 22.630339 86.000000 
-36.667877 -165.095413 22.633192 77.000000 
-36.649490 -165.080109 22.635712 73.000000 
-36.630974 -165.064178 22.638063 81.000000 
-36.625309 -165.049149 22.635021 81.000000 
-36.873058 -165.013489 22.639088 75.000000 
-36.617775 -165.034149 22.632832 73.000000 
-36.865372 -164.997818 22.636562 112.000000 
-36.850273 -164.982300 22.637182 118.000000 
-36.846184 -164.966675 22.633188 120.000000 
-36.845734 -164.951004 22.627665 117.000000 
-37.081207 -164.908859 22.645592 60.000000 
-36.826828 -164.935730 22.629993 116.000000 
-37.089901 -164.892212 22.636232 121.000000 
-37.083683 -164.876007 22.632832 124.000000 
-37.064442 -164.860336 22.634691 124.000000 
-37.048874 -164.844620 22.635120 124.000000 
-37.046364 -164.829208 22.630594 125.000000 
-37.334454 -164.779007 22.637213 121.000000 
-37.038120 -164.813263 22.628115 103.000000 
-37.322296 -164.762497 22.635796 123.000000 
-37.033394 -164.796356 22.623936 109.000000 
-37.308083 -164.745331 22.634895 124.000000 
-37.015812 -164.781006 22.625315 121.000000 
-37.301426 -164.728607 22.631439 124.000000 
-37.300312 -164.711533 22.625874 124.000000 
-37.291695 -164.694992 22.623209 118.000000 
-37.270004 -164.679443 22.625626 68.000000 
-37.259441 -164.663162 22.623779 105.000000 
-37.260143 -164.646866 22.617874 61.000000 
-34.020897 -166.396484 22.639462 81.000000 
-34.026051 -166.387589 22.631756 83.000000 
-34.023376 -166.376007 22.629736 86.000000 
-34.023785 -166.365479 22.625465 86.000000 
-34.024158 -166.354950 22.621212 71.000000 
-34.137863 -166.353912 22.630205 64.000000 
-34.012024 -166.340347 22.626137 80.000000 
-34.136620 -166.342560 22.626957 65.000000 
-34.012325 -166.329849 22.621939 77.000000 
-34.127399 -166.328796 22.629301 63.000000 
-34.012596 -166.319351 22.617758 71.000000 
-34.114964 -166.314133 22.633924 61.000000 
-34.015926 -166.310867 22.611704 77.000000 
-34.112003 -166.303482 22.632320 63.000000 
-34.118561 -166.294571 22.623590 63.000000 
-34.239285 -166.292999 22.631283 76.000000 
-34.115559 -166.282303 22.621389 65.000000 
-34.237846 -166.280853 22.627787 78.000000 
-34.109333 -166.269684 22.621681 68.000000 
-34.234745 -166.268829 22.625624 81.000000 
-34.106251 -166.258011 22.619751 61.000000 
-34.238075 -166.258560 22.619114 81.000000 
-34.358158 -166.253296 22.631496 60.000000 
-34.225201 -166.243988 22.623579 84.000000 
-34.358219 -166.241821 22.627066 81.000000 
-34.221992 -166.232025 22.621506 87.000000 
-34.364815 -166.231964 22.618401 88.000000 
-34.218746 -166.220093 22.619463 87.000000 
-34.354935 -166.218033 22.620396 85.000000 
-34.221931 -166.209808 22.613033 78.000000 
-34.338440 -166.202606 22.626715 93.000000 
-34.338348 -166.191177 22.622391 96.000000 
-34.467255 -166.184662 22.632776 76.000000 
-34.338223 -166.179733 22.618086 88.000000 
-34.463779 -166.172150 22.630417 82.000000 
-34.338055 -166.168304 22.613800 88.000000 
-34.461933 -166.160004 22.627048 72.000000 
-34.324703 -166.153900 22.618162 73.000000 
-34.463390 -166.148575 22.621618 75.000000 
-34.463139 -166.136780 22.617249 78.000000 
-34.596268 -166.128372 22.629843 84.000000 
-34.446186 -166.122742 22.623806 78.000000 
-34.596001 -166.117432 22.625811 82.000000 
-34.435848 -166.108994 22.625797 84.000000 
-34.595661 -166.105255 22.621347 82.000000 
-34.440475 -166.097672 22.618155 62.000000 
-34.593571 -166.092163 22.617701 85.000000 
-34.576214 -166.076920 22.623465 85.000000 
-34.574066 -166.064499 22.620113 92.000000 
-34.726585 -166.055176 22.625448 70.000000 
-34.576958 -166.052979 22.613718 96.000000 
-34.715763 -166.040970 22.626865 72.000000 
-34.576424 -166.040848 22.609385 79.000000 
-34.716927 -166.028732 22.621412 75.000000 
-34.555538 -166.025330 22.617403 60.000000 
-34.712898 -166.015671 22.618948 79.000000 
-34.864658 -166.002762 22.630220 62.000000 
-34.544773 -166.011627 22.619320 67.000000 
-34.707111 -166.002380 22.617508 83.000000 
-34.867477 -165.990311 22.623747 78.000000 
-34.540745 -165.999054 22.617155 65.000000 
-34.696140 -165.988373 22.619089 89.000000 
-34.868511 -165.977615 22.618242 76.000000 
-34.540092 -165.987625 22.613161 62.000000 
-34.864326 -165.964844 22.615864 79.000000 
-34.849632 -165.950089 22.619064 76.000000 
-35.008411 -165.929276 22.628975 67.000000 
-34.827908 -165.933914 22.625963 70.000000 
-34.995216 -165.914520 22.630873 72.000000 
-34.827045 -165.921097 22.621555 79.000000 
-34.980225 -165.899673 22.633755 69.000000 
-34.982792 -165.886795 22.627373 67.000000 
-34.974808 -165.873474 22.626837 69.000000 
-34.977291 -165.860580 22.620499 69.000000 
-35.156834 -165.842270 22.627756 60.000000 
-35.152702 -165.813904 22.619228 65.000000 
-35.142597 -165.799438 22.619192 60.000000 
-35.335732 -165.778763 22.626862 68.000000 
-35.128899 -165.784775 22.621016 68.000000 
-35.332626 -165.764374 22.623028 72.000000 
-35.320492 -165.749420 22.623575 76.000000 
-35.308315 -165.734558 22.624174 75.000000 
-35.296177 -165.720474 22.625053 76.000000 
-35.298290 -165.706497 22.618740 76.000000 
-35.510124 -165.680801 22.623873 82.000000 
-35.504822 -165.665131 22.620588 82.000000 
-35.503181 -165.650375 22.615892 86.000000 
-35.492519 -165.636047 22.615673 81.000000 
-35.478107 -165.620956 22.616959 75.000000 
-35.699917 -165.590302 22.625256 69.000000 
-35.459949 -165.605133 22.619768 64.000000 
-35.690659 -165.574112 22.623465 75.000000 
-35.683273 -165.558746 22.621149 77.000000 
-35.465420 -165.576721 22.606668 68.000000 
-35.664978 -165.544098 22.623978 87.000000 
-35.459896 -165.561996 22.603872 63.000000 
-35.650208 -165.528824 22.625008 74.000000 
-35.918751 -165.493607 22.621492 105.000000 
-35.901764 -165.476974 22.622595 112.000000 
-35.884846 -165.461227 22.624002 116.000000 
-35.647526 -165.482498 22.609346 64.000000 
-35.884468 -165.445358 22.618454 111.000000 
-35.627121 -165.467484 22.613020 77.000000 
-35.874832 -165.429626 22.616838 105.000000 
-36.123848 -165.387619 22.630613 112.000000 
-36.126991 -165.370926 22.623480 122.000000 
-36.120800 -165.354507 22.620089 125.000000 
-36.096020 -165.338806 22.624199 123.000000 
-36.086037 -165.322647 22.622398 124.000000 
-36.385925 -165.272354 22.625965 111.000000 
-36.072304 -165.306702 22.622145 101.000000 
-36.394371 -165.254501 22.616711 124.000000 
-36.365417 -165.238632 22.621687 125.000000 
-36.356960 -165.221725 22.618906 126.000000 
-36.069698 -165.257233 22.605827 111.000000 
-36.355911 -165.204407 22.613308 126.000000 
-36.347355 -165.187561 22.610605 125.000000 
-36.335026 -165.171005 22.609383 63.000000 
-36.315208 -165.155075 22.611092 62.000000 
-36.304661 -165.138535 22.609255 121.000000 
-33.021244 -166.890503 22.633011 68.000000 
-33.012474 -166.876648 22.635448 74.000000 
-33.002106 -166.862320 22.639069 77.000000 
-33.002602 -166.851807 22.634785 74.000000 
-32.999947 -166.840225 22.632797 77.000000 
-33.003483 -166.830750 22.626270 68.000000 
-33.109253 -166.827698 22.640877 61.000000 
-32.994526 -166.817123 22.628904 77.000000 
-33.115993 -166.818878 22.632095 63.000000 
-32.982414 -166.802567 22.633881 83.000000 
-32.982731 -166.792099 22.629719 83.000000 
-33.107159 -166.794250 22.630138 60.000000 
-32.986134 -166.782608 22.623272 71.000000 
-33.234795 -166.784470 22.629622 71.000000 
-33.091827 -166.767838 22.632795 63.000000 
-33.225365 -166.770508 22.631729 73.000000 
-33.095219 -166.757980 22.626328 65.000000 
-33.214279 -166.756165 22.634975 66.000000 
-33.095402 -166.747177 22.622118 63.000000 
-33.214462 -166.745026 22.630642 64.000000 
-33.211380 -166.733017 22.628511 66.000000 
-33.336296 -166.729614 22.637655 72.000000 
-33.214722 -166.722748 22.622028 64.000000 
-33.338051 -166.718567 22.632172 81.000000 
-33.205105 -166.709030 22.624338 68.000000 
-33.338123 -166.707077 22.627768 83.000000 
-33.195450 -166.695374 22.626696 70.000000 
-33.341446 -166.696396 22.621248 81.000000 
-33.331589 -166.682480 22.623283 88.000000 
-33.457390 -166.675995 22.636232 76.000000 
-33.321697 -166.669189 22.625584 85.000000 
-33.469032 -166.667435 22.624750 77.000000 
-33.318336 -166.656967 22.623425 81.000000 
-33.457268 -166.652939 22.627548 70.000000 
-33.314938 -166.644760 22.621294 83.000000 
-33.443802 -166.638153 22.631437 75.000000 
-33.440304 -166.625641 22.629135 81.000000 
-33.592052 -166.622055 22.630825 79.000000 
-33.440109 -166.613861 22.624777 70.000000 
-33.574913 -166.606430 22.636383 79.000000 
-33.439877 -166.602066 22.620436 70.000000 
-33.574669 -166.594269 22.631908 75.000000 
-33.432930 -166.588898 22.620314 66.000000 
-33.576077 -166.582428 22.626444 82.000000 
-33.577450 -166.570572 22.620995 75.000000 
-33.563541 -166.555878 22.624718 72.000000 
-33.719669 -166.548172 22.628525 64.000000 
-33.554676 -166.542191 22.625439 79.000000 
-33.717533 -166.535294 22.624975 72.000000 
-33.549160 -166.529160 22.624161 85.000000 
-33.705059 -166.520706 22.627363 65.000000 
-33.692543 -166.506195 22.629805 70.000000 
-33.553215 -166.505219 22.612255 60.000000 
-33.695408 -166.493622 22.623171 68.000000 
-33.861160 -166.483398 22.626953 76.000000 
-33.687965 -166.480026 22.622726 72.000000 
-33.844898 -166.468140 22.630970 68.000000 
-33.530102 -166.477966 22.617336 62.000000 
-33.687378 -166.468155 22.618561 70.000000 
-33.844284 -166.455856 22.626661 66.000000 
-33.534542 -166.466721 22.610027 69.000000 
-33.843601 -166.442902 22.622150 66.000000 
-34.002701 -166.423752 22.632790 61.000000 
-33.842873 -166.429962 22.617661 68.000000 
-33.998409 -166.409943 22.630009 69.000000 
-33.831676 -166.415649 22.618977 68.000000 
-33.994076 -166.396149 22.627260 74.000000 
-33.822178 -166.401642 22.619377 73.000000 
-33.979141 -166.381165 22.630119 72.000000 
-33.964172 -166.366287 22.633036 67.000000 
-33.963234 -166.353012 22.628546 67.000000 
-33.814301 -166.362350 22.609173 62.000000 
-33.965775 -166.340088 22.622206 69.000000 
-34.143692 -166.322327 22.630625 65.000000 
-34.146187 -166.308853 22.624212 69.000000 
-34.137962 -166.294434 22.623228 76.000000 
-34.147476 -166.281525 22.613245 76.000000 
-34.322979 -166.260178 22.630199 77.000000 
-34.128502 -166.266296 22.617758 78.000000 
-34.318138 -166.245636 22.627232 81.000000 
-34.316849 -166.231339 22.622559 78.000000 
-34.304733 -166.216354 22.623140 87.000000 
-34.292583 -166.201462 22.623774 87.000000 
-34.513775 -166.177628 22.625294 71.000000 
-34.280392 -166.186646 22.624458 76.000000 
-34.514107 -166.162842 22.619688 82.000000 
-34.498058 -166.147369 22.621649 86.000000 
-34.491039 -166.132339 22.619469 78.000000 
-34.491230 -166.117599 22.613958 99.000000 
-34.485935 -166.102661 22.611002 99.000000 
-34.689823 -166.072327 22.628046 64.000000 
-34.682549 -166.041550 22.620123 77.000000 
-34.671524 -166.026093 22.619453 75.000000 
-34.920364 -165.992416 22.625628 62.000000 
-34.658634 -166.010681 22.619646 84.000000 
-34.918350 -165.976395 22.620728 103.000000 
-34.914436 -165.960373 22.616632 110.000000 
-34.879143 -165.944580 22.625769 116.000000 
-34.876987 -165.928680 22.620995 119.000000 
-34.865578 -165.912903 22.620152 117.000000 
-35.124119 -165.871735 22.630566 109.000000 
-35.123619 -165.855087 22.624908 121.000000 
-35.102650 -165.839035 22.627455 121.000000 
-35.109470 -165.822189 22.618889 124.000000 
-35.095707 -165.805191 22.618315 125.000000 
-35.392284 -165.756134 22.624067 118.000000 
-35.395191 -165.738495 22.616930 123.000000 
-35.081272 -165.772522 22.612553 111.000000 
-35.385105 -165.722351 22.615030 126.000000 
-35.361774 -165.706100 22.617910 126.000000 
-35.346016 -165.690430 22.618252 129.000000 
-35.337532 -165.673523 22.615545 119.000000 
-35.332726 -165.656418 22.611448 119.000000 
-35.314835 -165.640213 22.612419 119.000000 
-35.306213 -165.623444 22.609846 125.000000 
-31.977352 -167.362137 22.644112 84.000000 
-31.979542 -167.352203 22.638660 90.000000 
-31.978596 -167.341141 22.635492 97.000000 
-31.968304 -167.326828 22.639177 91.000000 
-31.961079 -167.313660 22.640635 94.000000 
-31.966230 -167.304810 22.632982 91.000000 
-32.081264 -167.305801 22.640491 67.000000 
-31.957380 -167.291168 22.635651 85.000000 
-32.073830 -167.292435 22.641718 65.000000 
-31.960913 -167.281754 22.629175 88.000000 
-32.067944 -167.279648 22.641874 63.000000 
-31.955093 -167.269241 22.629616 85.000000 
-32.071507 -167.269882 22.635363 65.000000 
-32.075035 -167.260101 22.628860 61.000000 
-32.186104 -167.257416 22.643106 62.000000 
-31.947994 -167.246353 22.627346 65.000000 
-32.069023 -167.247894 22.629311 65.000000 
-32.191257 -167.248306 22.635696 70.000000 
-32.050331 -167.231354 22.638584 68.000000 
-32.196392 -167.238586 22.628071 62.000000 
-32.053753 -167.221588 22.632154 63.000000 
-32.178944 -167.222366 22.635746 68.000000 
-32.172729 -167.209473 22.635828 66.000000 
-32.313789 -167.211609 22.633869 72.000000 
-32.176144 -167.199310 22.629364 70.000000 
-32.309071 -167.198837 22.632631 77.000000 
-32.171471 -167.186890 22.628408 73.000000 
-32.296124 -167.183945 22.636755 75.000000 
-32.176422 -167.177124 22.620871 78.000000 
-32.292969 -167.171692 22.634531 75.000000 
-32.289776 -167.159454 22.632336 81.000000 
-32.416992 -167.154541 22.643669 70.000000 
-32.289822 -167.148041 22.628025 85.000000 
-32.412041 -167.141602 22.642340 72.000000 
-32.283276 -167.135025 22.628035 85.000000 
-32.418705 -167.131409 22.633772 78.000000 
-32.273418 -167.121262 22.630236 70.000000 
-32.412014 -167.118118 22.633537 81.000000 
-32.411942 -167.106369 22.629168 66.000000 
-32.556854 -167.102554 22.634546 74.000000 
-32.390194 -167.089828 22.638418 72.000000 
-32.553360 -167.089691 22.632067 79.000000 
-32.395039 -167.079224 22.630972 68.000000 
-32.548134 -167.076492 22.630630 79.000000 
-32.398205 -167.069397 22.625011 64.000000 
-32.539513 -167.063858 22.631701 85.000000 
-32.530838 -167.050064 22.632368 82.000000 
-32.528851 -167.036423 22.628567 85.000000 
-32.676277 -167.028488 22.636797 64.000000 
-32.531918 -167.024979 22.622166 89.000000 
-32.677666 -167.016296 22.631310 70.000000 
-32.516369 -167.010040 22.627043 63.000000 
-32.680725 -167.004379 22.624851 70.000000 
-32.670040 -166.990082 22.626324 70.000000 
-32.823662 -166.979736 22.636621 63.000000 
-32.659363 -166.977112 22.628286 72.000000 
-32.818039 -166.967285 22.635365 70.000000 
-32.650318 -166.963242 22.628859 87.000000 
-32.826214 -166.955704 22.626030 73.000000 
-32.641235 -166.949432 22.629478 81.000000 
-32.811783 -166.940689 22.629164 88.000000 
-32.800785 -166.926270 22.630432 85.000000 
-32.964966 -166.907990 22.637167 69.000000 
-32.796623 -166.911621 22.627453 85.000000 
-32.950233 -166.892838 22.639973 66.000000 
-32.795956 -166.898758 22.623020 91.000000 
-32.951355 -166.881104 22.634935 69.000000 
-32.788380 -166.886246 22.622923 70.000000 
-32.943577 -166.866959 22.634113 72.000000 
-32.939190 -166.851944 22.631016 72.000000 
-32.927818 -166.837463 22.632145 72.000000 
-33.123455 -166.823608 22.631105 62.000000 
-32.918163 -166.823257 22.632387 66.000000 
-33.122536 -166.809830 22.626472 62.000000 
-33.107361 -166.794632 22.629076 62.000000 
-33.097473 -166.780060 22.629030 71.000000 
-33.303368 -166.763412 22.630508 60.000000 
-33.096428 -166.766342 22.624496 80.000000 
-33.296886 -166.748672 22.628386 72.000000 
-33.084797 -166.753067 22.625889 80.000000 
-33.277908 -166.734406 22.632853 69.000000 
-33.276737 -166.720184 22.628204 73.000000 
-33.259239 -166.703400 22.630983 68.000000 
-33.263359 -166.689575 22.623781 72.000000 
-33.484615 -166.667542 22.624784 85.000000 
-33.251289 -166.674713 22.624493 72.000000 
-33.477802 -166.652420 22.622543 83.000000 
-33.478195 -166.637695 22.616980 89.000000 
-33.460423 -166.622116 22.619865 83.000000 
-33.440804 -166.606567 22.623661 86.000000 
-33.435791 -166.593185 22.621206 75.000000 
-33.665207 -166.565536 22.625996 67.000000 
-33.645260 -166.549698 22.629307 70.000000 
-33.430588 -166.562271 22.612476 64.000000 
-33.637897 -166.532761 22.626539 73.000000 
-33.637966 -166.517532 22.621035 77.000000 
-33.870308 -166.485718 22.633482 72.000000 
-33.630680 -166.502167 22.618814 75.000000 
-33.877640 -166.469879 22.624746 112.000000 
-33.870171 -166.453903 22.622236 117.000000 
-33.862656 -166.437958 22.619764 115.000000 
-33.847729 -166.422073 22.620459 108.000000 
-33.832767 -166.406281 22.621206 115.000000 
-34.119339 -166.366837 22.619797 120.000000 
-34.107819 -166.350357 22.618589 124.000000 
-33.817432 -166.374771 22.616583 61.000000 
-34.083263 -166.334213 22.622652 126.000000 
-34.067951 -166.317993 22.623053 125.000000 
-34.063721 -166.301544 22.619015 126.000000 
-34.356930 -166.255966 22.625696 120.000000 
-34.348774 -166.238861 22.622833 126.000000 
-34.055111 -166.268692 22.611038 111.000000 
-34.351772 -166.221329 22.615742 127.000000 
-34.337914 -166.204529 22.615097 130.000000 
-34.322144 -166.187897 22.615221 129.000000 
-34.300747 -166.171661 22.617556 119.000000 
-34.288628 -166.155014 22.616364 118.000000 
-34.287640 -166.137772 22.610893 114.000000 
-34.284733 -166.120621 22.606174 121.000000 
-30.928587 -167.834229 22.644136 73.000000 
-30.923134 -167.822037 22.644587 74.000000 
-30.922310 -167.811081 22.641445 80.000000 
-30.922960 -167.801193 22.637400 80.000000 
-30.914351 -167.787445 22.640013 86.000000 
-30.921139 -167.779282 22.631222 80.000000 
-30.912458 -167.765594 22.633905 83.000000 
-31.030205 -167.768936 22.638371 65.000000 
-30.908371 -167.753586 22.633186 90.000000 
-31.027618 -167.757172 22.636303 63.000000 
-30.901157 -167.740555 22.634808 83.000000 
-31.024994 -167.745422 22.634262 63.000000 
-31.012890 -167.730606 22.638981 63.000000 
-31.147476 -167.737045 22.636049 66.000000 
-31.010193 -167.718933 22.637012 65.000000 
-31.139929 -167.723526 22.637127 73.000000 
-31.013756 -167.709290 22.630566 78.000000 
-31.127535 -167.708588 22.641525 76.000000 
-31.014137 -167.698608 22.626385 68.000000 
-31.129528 -167.698090 22.636129 84.000000 
-31.129866 -167.687653 22.632059 92.000000 
-31.246204 -167.684692 22.645525 69.000000 
-31.126980 -167.675705 22.629992 78.000000 
-31.243269 -167.672470 22.643270 72.000000 
-31.120850 -167.662857 22.630157 87.000000 
-31.243557 -167.661163 22.638910 67.000000 
-31.111475 -167.649139 22.632570 84.000000 
-31.247070 -167.650726 22.632431 72.000000 
-31.237499 -167.636780 22.634535 72.000000 
-31.366070 -167.634018 22.644119 89.000000 
-31.224627 -167.622025 22.638836 69.000000 
-31.362934 -167.621536 22.641773 72.000000 
-31.224766 -167.610764 22.634581 67.000000 
-31.359758 -167.609055 22.639458 70.000000 
-31.228132 -167.600327 22.628189 67.000000 
-31.349915 -167.595001 22.641344 68.000000 
-31.353294 -167.584167 22.634912 66.000000 
-31.494423 -167.581619 22.641418 74.000000 
-31.346691 -167.570984 22.634781 70.000000 
-31.489399 -167.568466 22.639986 90.000000 
-31.346680 -167.559357 22.630486 75.000000 
-31.486019 -167.555710 22.637573 92.000000 
-31.338343 -167.545853 22.631475 72.000000 
-31.485968 -167.543701 22.633158 92.000000 
-31.485876 -167.531693 22.628761 92.000000 
-31.475647 -167.517563 22.630516 82.000000 
-31.624510 -167.511978 22.636963 69.000000 
-31.458654 -167.502731 22.636633 82.000000 
-31.626049 -167.500519 22.631710 79.000000 
-31.607046 -167.484543 22.638126 83.000000 
-31.599960 -167.470932 22.637672 86.000000 
-31.777365 -167.467056 22.633419 69.000000 
-31.592836 -167.457352 22.637259 77.000000 
-31.759741 -167.451263 22.638418 82.000000 
-31.585674 -167.443832 22.636883 81.000000 
-31.757660 -167.438171 22.634851 84.000000 
-31.588717 -167.432129 22.630556 81.000000 
-31.750345 -167.424271 22.634195 79.000000 
-31.749868 -167.410217 22.629280 79.000000 
-31.894711 -167.392609 22.645845 66.000000 
-31.749392 -167.397446 22.624834 79.000000 
-31.896006 -167.381012 22.640804 72.000000 
-31.735085 -167.383835 22.628601 82.000000 
-31.895456 -167.367844 22.636255 67.000000 
-31.720694 -167.369064 22.631981 79.000000 
-31.884350 -167.353241 22.637331 69.000000 
-31.869701 -167.338242 22.640327 72.000000 
-31.717741 -167.343445 22.624290 62.000000 
-31.865492 -167.324036 22.637535 69.000000 
-32.059052 -167.312683 22.636257 77.000000 
-31.866528 -167.311157 22.632175 77.000000 
-32.042343 -167.297211 22.639772 80.000000 
-31.702490 -167.315582 22.623344 61.000000 
-32.034500 -167.283508 22.639057 76.000000 
-32.030125 -167.269562 22.636341 71.000000 
-32.036343 -167.256729 22.628206 76.000000 
-32.206112 -167.238953 22.645765 69.000000 
-32.021252 -167.241714 22.631008 73.000000 
-32.210541 -167.225388 22.638517 69.000000 
-32.209545 -167.211319 22.633902 73.000000 
-32.197754 -167.196335 22.634569 73.000000 
-32.182343 -167.181152 22.637045 76.000000 
-32.405029 -167.162476 22.635574 100.000000 
-32.177635 -167.166885 22.634296 78.000000 
-32.392986 -167.147110 22.635910 83.000000 
-32.380840 -167.131104 22.636065 86.000000 
-32.374146 -167.116211 22.633968 81.000000 
-32.369278 -167.102188 22.631292 89.000000 
-32.585823 -167.077744 22.640522 74.000000 
-32.369732 -167.087738 22.625872 86.000000 
-32.577099 -167.062271 22.639004 75.000000 
-32.571983 -167.047012 22.635904 75.000000 
-32.570473 -167.031906 22.631214 75.000000 
-32.552490 -167.016251 22.633894 77.000000 
-32.793812 -166.988052 22.640642 105.000000 
-32.538120 -167.000824 22.635004 73.000000 
-32.808720 -166.972656 22.628820 112.000000 
-32.784889 -166.956482 22.633364 115.000000 
-32.764709 -166.940506 22.636419 116.000000 
-32.750015 -166.924713 22.637192 114.000000 
-33.025425 -166.890152 22.638552 61.000000 
-32.750000 -166.909103 22.631739 119.000000 
-33.012329 -166.873764 22.638121 121.000000 
-33.001049 -166.857452 22.636995 125.000000 
-32.999001 -166.841125 22.632177 125.000000 
-32.987629 -166.824905 22.631144 124.000000 
-32.710857 -166.846832 22.626829 72.000000 
-32.981773 -166.808655 22.627899 120.000000 
-33.265533 -166.766556 22.635962 122.000000 
-33.263222 -166.749466 22.631020 124.000000 
-33.257118 -166.732498 22.627541 122.000000 
-33.230442 -166.716232 22.631989 122.000000 
-33.224251 -166.699387 22.628607 126.000000 
-33.218014 -166.682556 22.625267 122.000000 
-33.213585 -166.665665 22.621241 103.000000 
-33.199795 -166.649246 22.620872 66.000000 
-33.178524 -166.633270 22.623465 120.000000 
-29.876251 -168.301743 22.654991 78.000000 
-29.884802 -168.293915 22.644789 83.000000 
-29.885601 -168.283569 22.640482 83.000000 
-29.874079 -168.268570 22.645315 83.000000 
-29.864052 -168.254227 22.649065 90.000000 
-29.989244 -168.262177 22.647701 72.000000 
-29.869287 -168.246689 22.641832 80.000000 
-29.985189 -168.250946 22.647108 67.000000 
-29.868414 -168.235825 22.638771 90.000000 
-29.974903 -168.236465 22.650570 63.000000 
-29.861414 -168.221710 22.639917 97.000000 
-29.972475 -168.223724 22.648071 65.000000 
-29.851236 -168.207581 22.643835 71.000000 
-29.973078 -168.213150 22.643793 65.000000 
-29.848688 -168.196747 22.642229 61.000000 
-29.976755 -168.204147 22.637503 65.000000 
-30.092009 -168.205597 22.647301 66.000000 
-29.972588 -168.191956 22.636627 73.000000 
-30.097347 -168.196213 22.639658 73.000000 
-29.952724 -168.174088 22.646849 68.000000 
-30.089905 -168.182190 22.640541 78.000000 
-30.080801 -168.168259 22.642784 81.000000 
-30.074829 -168.155930 22.643093 81.000000 
-30.198895 -168.156555 22.650490 64.000000 
-30.072039 -168.144073 22.641026 84.000000 
-30.194435 -168.143906 22.649286 72.000000 
-30.072409 -168.133194 22.636780 89.000000 
-30.191561 -168.131760 22.647049 67.000000 
-30.071144 -168.121841 22.633657 64.000000 
-30.182148 -168.117783 22.649120 74.000000 
-30.179184 -168.106262 22.647163 76.000000 
-30.305658 -168.104416 22.656940 76.000000 
-30.182703 -168.095993 22.640722 76.000000 
-30.309235 -168.093765 22.650438 63.000000 
-30.179672 -168.084473 22.638811 76.000000 
-30.306152 -168.081955 22.648336 65.000000 
-30.306353 -168.070419 22.643951 63.000000 
-30.437149 -168.067200 22.656036 62.000000 
-30.296604 -168.055817 22.645651 67.000000 
-30.447392 -168.057129 22.645252 90.000000 
-30.290113 -168.042679 22.645519 65.000000 
-30.447517 -168.045181 22.640764 92.000000 
-30.290201 -168.030609 22.641006 77.000000 
-30.434177 -168.029541 22.644197 82.000000 
-30.417435 -168.013824 22.649950 82.000000 
-30.420799 -168.003326 22.643745 92.000000 
-30.567619 -167.999298 22.650488 79.000000 
-30.415733 -167.990356 22.642445 89.000000 
-30.557364 -167.984909 22.651890 75.000000 
-30.422382 -167.980545 22.634220 89.000000 
-30.548777 -167.971542 22.652575 77.000000 
-30.548664 -167.959320 22.648127 77.000000 
-30.548513 -167.947098 22.643700 79.000000 
-30.701420 -167.940521 22.652025 82.000000 
-30.544914 -167.934219 22.641285 73.000000 
-30.704674 -167.928513 22.645554 89.000000 
-30.398235 -167.928253 22.631504 62.000000 
-30.517435 -167.916855 22.652872 81.000000 
-30.695795 -167.914307 22.645821 82.000000 
-30.688606 -167.900452 22.645168 88.000000 
-30.671017 -167.884888 22.650351 79.000000 
-30.836344 -167.872375 22.654388 61.000000 
-30.525030 -167.881973 22.634949 63.000000 
-30.670654 -167.872330 22.645924 85.000000 
-30.830702 -167.858536 22.652603 63.000000 
-30.512728 -167.867737 22.637730 66.000000 
-30.670254 -167.859756 22.641518 71.000000 
-30.826769 -167.844986 22.649920 66.000000 
-30.815798 -167.830444 22.651011 66.000000 
-30.820528 -167.818222 22.643711 74.000000 
-30.994488 -167.806732 22.651766 74.000000 
-30.812977 -167.804245 22.643003 67.000000 
-30.999216 -167.793930 22.644428 68.000000 
-30.991507 -167.779541 22.643429 63.000000 
-30.983725 -167.764511 22.642244 61.000000 
-30.968855 -167.749359 22.644964 64.000000 
-31.163389 -167.736526 22.649231 60.000000 
-30.957485 -167.734726 22.645924 73.000000 
-31.155441 -167.721802 22.648029 69.000000 
-31.145662 -167.706955 22.647747 81.000000 
-31.134098 -167.692673 22.648615 83.000000 
-31.133186 -167.678787 22.644033 83.000000 
-31.334087 -167.661087 22.651876 79.000000 
-31.135807 -167.665222 22.637716 83.000000 
-31.333088 -167.646637 22.647139 89.000000 
-31.124077 -167.650391 22.638475 72.000000 
-31.328426 -167.631897 22.644114 75.000000 
-31.321857 -167.616333 22.641737 71.000000 
-31.313492 -167.601395 22.640482 71.000000 
-31.515415 -167.579514 22.655455 73.000000 
-31.106464 -167.606979 22.631948 60.000000 
-31.297857 -167.586014 22.642668 78.000000 
-31.523314 -167.565079 22.646618 77.000000 
-31.289412 -167.571213 22.641506 71.000000 
-31.507435 -167.549301 22.648346 75.000000 
-31.295366 -167.557297 22.633554 61.000000 
-31.487867 -167.533417 22.651762 75.000000 
-31.482857 -167.518372 22.648716 66.000000 
-31.278328 -167.528519 22.631636 68.000000 
-31.477873 -167.504074 22.645937 68.000000 
-31.718866 -167.477646 22.650848 74.000000 
-31.709980 -167.461868 22.649143 75.000000 
-31.708408 -167.446335 22.644356 108.000000 
-31.708626 -167.430862 22.638811 115.000000 
-31.692247 -167.415024 22.640368 116.000000 
-31.941647 -167.382843 22.650839 121.000000 
-31.668480 -167.399155 22.645140 74.000000 
-31.932430 -167.366592 22.648933 122.000000 
-31.930494 -167.349640 22.643833 123.000000 
-31.904503 -167.333435 22.648779 123.000000 
-31.904417 -167.317352 22.643255 124.000000 
-32.191990 -167.279755 22.648491 106.000000 
-31.891317 -167.301331 22.643044 123.000000 
-32.178692 -167.263000 22.647797 121.000000 
-31.885681 -167.286118 22.640091 61.000000 
-32.172924 -167.247055 22.644539 124.000000 
-31.881750 -167.270096 22.636181 102.000000 
-32.168869 -167.230240 22.640352 125.000000 
-31.864824 -167.254303 22.637632 102.000000 
-32.164646 -167.212601 22.635960 125.000000 
-32.147434 -167.196167 22.636900 125.000000 
-32.120865 -167.180115 22.641520 64.000000 
-32.122208 -167.163284 22.635334 120.000000 
-32.117908 -167.146637 22.631355 68.000000 
-32.119141 -167.129776 22.625225 62.000000 
-28.843544 -168.744308 22.643150 71.000000 
-28.852047 -168.737000 22.633129 83.000000 
-28.849806 -168.725449 22.631092 80.000000 
-28.844465 -168.712738 22.631372 80.000000 
-28.834492 -168.698334 22.635132 90.000000 
-28.835205 -168.688034 22.630898 90.000000 
-28.952759 -168.693085 22.634836 65.000000 
-28.834351 -168.677139 22.627831 97.000000 
-28.937836 -168.676895 22.641672 61.000000 
-28.824263 -168.662888 22.631718 77.000000 
-28.935368 -168.665207 22.639608 68.000000 
-28.935991 -168.654617 22.635326 68.000000 
-29.055996 -168.658295 22.641632 64.000000 
-28.936579 -168.644028 22.631060 68.000000 
-29.058191 -168.647888 22.636143 76.000000 
-28.930878 -168.631302 22.631329 65.000000 
-29.060352 -168.637466 22.630669 84.000000 
-29.057676 -168.626038 22.628714 84.000000 
-29.048618 -168.612061 22.630966 89.000000 
-29.166431 -168.611298 22.642702 74.000000 
-28.926067 -168.597473 22.623268 64.000000 
-29.036360 -168.596603 22.635258 87.000000 
-29.171787 -168.600952 22.634848 72.000000 
-29.039968 -168.586716 22.628778 87.000000 
-29.162495 -168.586807 22.636847 74.000000 
-29.035576 -168.574356 22.627844 74.000000 
-29.153164 -168.572739 22.638895 76.000000 
-29.153522 -168.561539 22.634544 69.000000 
-29.286827 -168.562042 22.640228 82.000000 
-29.150585 -168.549973 22.632584 76.000000 
-29.273952 -168.547485 22.644312 67.000000 
-29.147629 -168.537857 22.630434 81.000000 
-29.272596 -168.535507 22.640923 72.000000 
-29.276148 -168.524826 22.634418 78.000000 
-29.282959 -168.514969 22.625828 78.000000 
-29.409006 -168.510727 22.640915 84.000000 
-29.266649 -168.499176 22.631956 81.000000 
-29.415888 -168.500412 22.632343 92.000000 
-29.256897 -168.485153 22.633938 78.000000 
-29.414356 -168.488052 22.628862 85.000000 
-29.257000 -168.473648 22.629631 70.000000 
-29.406088 -168.474121 22.629486 92.000000 
-29.389406 -168.458313 22.635267 92.000000 
-29.555056 -168.459137 22.631060 74.000000 
-29.387760 -168.446060 22.631893 89.000000 
-29.541483 -168.443848 22.634394 75.000000 
-29.389423 -168.434555 22.626490 96.000000 
-29.526169 -168.428299 22.638779 72.000000 
-29.527815 -168.416397 22.633295 75.000000 
-29.522621 -168.403076 22.631811 77.000000 
-29.679192 -168.397858 22.638206 88.000000 
-29.512289 -168.388779 22.633356 86.000000 
-29.679050 -168.385162 22.633610 94.000000 
-29.512117 -168.376541 22.628950 79.000000 
-29.678867 -168.372452 22.629036 91.000000 
-29.671749 -168.358490 22.628345 88.000000 
-29.661144 -168.343964 22.629631 82.000000 
-29.821690 -168.331848 22.636980 63.000000 
-29.640177 -168.328354 22.637012 94.000000 
-29.816118 -168.317902 22.635149 67.000000 
-29.639837 -168.315765 22.632576 85.000000 
-29.798285 -168.302048 22.639904 69.000000 
-29.787395 -168.287399 22.640976 72.000000 
-29.635590 -168.289993 22.625727 60.000000 
-29.793924 -168.275452 22.632696 72.000000 
-29.964556 -168.264328 22.642475 74.000000 
-29.789938 -168.261902 22.630075 74.000000 
-29.962269 -168.250580 22.638716 66.000000 
-29.784136 -168.247482 22.628210 64.000000 
-29.958143 -168.235931 22.635660 64.000000 
-29.957539 -168.222443 22.631052 64.000000 
-29.946289 -168.207611 22.631935 71.000000 
-30.126764 -168.194077 22.643145 68.000000 
-29.931467 -168.192429 22.634697 69.000000 
-30.126045 -168.180099 22.638433 69.000000 
-30.123497 -168.165939 22.634623 78.000000 
-30.101248 -168.149734 22.640512 81.000000 
-30.096872 -168.136185 22.637896 83.000000 
-30.310528 -168.120728 22.639482 77.000000 
-30.095984 -168.122299 22.633318 81.000000 
-30.293341 -168.104797 22.642302 78.000000 
-30.294172 -168.090515 22.636726 68.000000 
-30.291348 -168.075912 22.632868 72.000000 
-30.288477 -168.061325 22.629040 78.000000 
-30.483309 -168.039246 22.646889 76.000000 
-30.278345 -168.046234 22.628653 86.000000 
-30.483976 -168.024384 22.641262 81.000000 
-30.480888 -168.008545 22.637047 75.000000 
-30.470524 -167.993042 22.636375 77.000000 
-30.445606 -167.977585 22.642538 68.000000 
-30.699781 -167.954453 22.642033 75.000000 
-30.444271 -167.962708 22.637871 75.000000 
-30.694700 -167.938705 22.638700 108.000000 
-30.674860 -167.922424 22.641670 111.000000 
-30.664173 -167.906586 22.640785 115.000000 
-30.666309 -167.891205 22.634436 116.000000 
-30.659208 -167.875549 22.632053 117.000000 
-30.910669 -167.844757 22.641346 121.000000 
-30.901539 -167.828445 22.639423 117.000000 
-30.894217 -167.812210 22.636795 115.000000 
-30.883051 -167.795166 22.635475 119.000000 
-30.870081 -167.779007 22.635208 122.000000 
-31.170839 -167.742081 22.634640 122.000000 
-31.161459 -167.726044 22.632740 122.000000 
-31.142601 -167.709290 22.634235 125.000000 
-31.140491 -167.692429 22.629305 126.000000 
-31.134600 -167.675629 22.625851 125.000000 
-31.128660 -167.658844 22.622437 124.000000 
-31.109631 -167.642410 22.624149 61.000000 
-31.090565 -167.626099 22.625929 61.000000 
-31.104959 -167.608841 22.614618 123.000000 
-27.822710 -169.188339 22.647327 78.000000 
-27.825144 -169.178558 22.641836 80.000000 
-27.829031 -169.169891 22.635433 77.000000 
-27.829870 -169.159470 22.631104 77.000000 
-27.821527 -169.145004 22.633444 80.000000 
-27.937916 -169.150101 22.639311 67.000000 
-27.816168 -169.132278 22.633757 80.000000 
-27.940264 -169.139954 22.633789 61.000000 
-27.809238 -169.119034 22.635254 90.000000 
-27.937893 -169.128098 22.631630 61.000000 
-27.806868 -169.107529 22.633339 85.000000 
-27.922989 -169.111801 22.638445 65.000000 
-27.917385 -169.099457 22.638819 65.000000 
-28.050406 -169.107788 22.636999 60.000000 
-27.803524 -169.085663 22.628641 60.000000 
-27.924278 -169.090973 22.630026 65.000000 
-28.038338 -169.092499 22.641260 73.000000 
-27.924887 -169.080276 22.625734 65.000000 
-28.040554 -169.082016 22.635756 70.000000 
-27.912954 -169.065323 22.630491 63.000000 
-28.037960 -169.069977 22.633549 68.000000 
-28.035328 -169.057938 22.631369 70.000000 
-28.163231 -169.060440 22.637398 72.000000 
-28.031065 -169.045410 22.630318 73.000000 
-28.158899 -169.047592 22.636103 77.000000 
-28.021988 -169.031418 22.632607 71.000000 
-28.159389 -169.036255 22.631643 81.000000 
-28.022429 -169.020447 22.628317 67.000000 
-28.146877 -169.021057 22.635757 70.000000 
-28.144051 -169.008789 22.633501 74.000000 
-28.284363 -169.011459 22.635811 67.000000 
-28.134701 -168.994690 22.635571 65.000000 
-28.278141 -168.998535 22.635664 88.000000 
-28.015572 -168.985138 22.621120 64.000000 
-28.131798 -168.982483 22.633381 81.000000 
-28.265322 -168.982681 22.639271 72.000000 
-28.138588 -168.973007 22.624744 76.000000 
-28.267263 -168.972061 22.633993 66.000000 
-28.267550 -168.959808 22.629330 64.000000 
-28.403950 -168.958420 22.638975 66.000000 
-28.261179 -168.947021 22.629324 68.000000 
-28.405863 -168.946777 22.633402 79.000000 
-28.254772 -168.934265 22.629356 68.000000 
-28.407719 -168.936340 22.628298 82.000000 
-28.241735 -168.919891 22.633638 68.000000 
-28.404535 -168.923462 22.625807 82.000000 
-28.389593 -168.907257 22.630262 85.000000 
-28.381304 -168.893295 22.630917 92.000000 
-28.537155 -168.891861 22.633287 66.000000 
-28.383022 -168.882294 22.625690 89.000000 
-28.533796 -168.879318 22.630909 72.000000 
-28.374657 -168.868408 22.626419 79.000000 
-28.521904 -168.864365 22.633284 75.000000 
-28.509968 -168.848877 22.635489 77.000000 
-28.680653 -168.846848 22.634958 67.000000 
-28.369530 -168.842758 22.620571 62.000000 
-28.499691 -168.834457 22.636978 81.000000 
-28.668501 -168.831680 22.637009 84.000000 
-28.509775 -168.824173 22.626549 81.000000 
-28.661482 -168.817581 22.636236 76.000000 
-28.499420 -168.809814 22.628113 64.000000 
-28.664764 -168.805435 22.629726 82.000000 
-28.657663 -168.791382 22.629023 76.000000 
-28.802927 -168.776306 22.645395 69.000000 
-28.647076 -168.776764 22.630293 82.000000 
-28.804415 -168.764099 22.640039 69.000000 
-28.636463 -168.762863 22.631838 82.000000 
-28.800608 -168.750351 22.637264 75.000000 
-28.786263 -168.734314 22.639906 74.000000 
-28.782373 -168.720642 22.637211 72.000000 
-28.780209 -168.707916 22.633837 77.000000 
-28.959955 -168.698090 22.639660 71.000000 
-28.952381 -168.683487 22.638588 71.000000 
-28.951807 -168.669205 22.633703 71.000000 
-28.951216 -168.655594 22.629076 76.000000 
-29.126831 -168.641846 22.644014 73.000000 
-28.943514 -168.641098 22.628115 80.000000 
-29.129747 -168.628174 22.637508 76.000000 
-29.121893 -168.613251 22.636263 75.000000 
-29.113995 -168.598389 22.635059 76.000000 
-29.098907 -168.582825 22.637413 81.000000 
-29.323868 -168.568954 22.635056 94.000000 
-29.090925 -168.568085 22.636305 83.000000 
-29.321184 -168.554123 22.631056 86.000000 
-29.304003 -168.538025 22.633835 92.000000 
-29.299427 -168.523102 22.630760 89.000000 
-29.079237 -168.525253 22.627026 69.000000 
-29.289387 -168.507767 22.630264 86.000000 
-29.491943 -168.486694 22.645910 69.000000 
-29.288385 -168.493927 22.625799 86.000000 
-29.501844 -168.473068 22.636421 81.000000 
-29.278263 -168.478683 22.625385 64.000000 
-29.497049 -168.457672 22.633186 81.000000 
-29.483028 -168.440964 22.633820 75.000000 
-29.469028 -168.425110 22.634750 81.000000 
-29.707291 -168.401733 22.642843 105.000000 
-29.455051 -168.410095 22.635975 75.000000 
-29.724419 -168.387619 22.630358 114.000000 
-29.700941 -168.370880 22.634779 118.000000 
-29.681107 -168.354431 22.637714 108.000000 
-29.668591 -168.338364 22.637581 118.000000 
-29.674334 -168.322174 22.629396 118.000000 
-29.922640 -168.291916 22.641592 122.000000 
-29.907997 -168.275299 22.641846 123.000000 
-29.663767 -168.290665 22.623035 66.000000 
-29.909998 -168.259048 22.635406 122.000000 
-29.904531 -168.242676 22.631998 122.000000 
-29.886049 -168.226212 22.633905 124.000000 
-30.172432 -168.190140 22.640547 122.000000 
-30.174217 -168.173065 22.634050 124.000000 
-30.162874 -168.156036 22.632597 125.000000 
-29.863680 -168.177429 22.626343 109.000000 
-30.136555 -168.139221 22.636942 125.000000 
-30.134455 -168.122238 22.632004 126.000000 
-30.134165 -168.105240 22.626371 121.000000 
-30.130205 -168.089142 22.622461 66.000000 
-26.798634 -169.627258 22.646282 78.000000 
-26.795025 -169.614990 22.645313 77.000000 
-26.792908 -169.603333 22.643236 80.000000 
-26.784639 -169.589294 22.645752 80.000000 
-26.794680 -169.582474 22.634598 77.000000 
-26.897238 -169.582886 22.650858 61.000000 
-26.786337 -169.568497 22.637178 80.000000 
-26.898090 -169.572189 22.646458 61.000000 
-26.781013 -169.555756 22.637510 80.000000 
-26.898909 -169.561462 22.642075 60.000000 
-26.775654 -169.543045 22.637880 86.000000 
-26.899691 -169.550735 22.637711 60.000000 
-26.894196 -169.537766 22.637840 61.000000 
-27.016333 -169.542892 22.644114 64.000000 
-26.882420 -169.522629 22.642500 63.000000 
-27.017063 -169.531830 22.639660 64.000000 
-26.876781 -169.510834 22.643145 65.000000 
-27.011332 -169.519730 22.640028 68.000000 
-26.883667 -169.502335 22.634384 60.000000 
-27.005630 -169.506577 22.639990 70.000000 
-27.006254 -169.495544 22.635611 68.000000 
-27.132683 -169.498199 22.643070 65.000000 
-27.002069 -169.482956 22.634542 73.000000 
-27.123573 -169.483810 22.644949 81.000000 
-27.001057 -169.470856 22.631092 66.000000 
-27.124165 -169.471878 22.640266 78.000000 
-26.996794 -169.458313 22.630089 73.000000 
-27.124689 -169.460510 22.635826 88.000000 
-27.118675 -169.447769 22.635904 75.000000 
-27.249302 -169.448334 22.644882 76.000000 
-27.115887 -169.435455 22.633657 83.000000 
-27.248117 -169.436157 22.641392 82.000000 
-27.103359 -169.419769 22.637672 76.000000 
-27.258442 -169.426575 22.630423 70.000000 
-27.103733 -169.408463 22.633343 62.000000 
-27.242357 -169.410324 22.636345 75.000000 
-27.232819 -169.395950 22.638157 75.000000 
-27.391014 -169.400879 22.634933 74.000000 
-27.223240 -169.381653 22.640018 70.000000 
-27.384638 -169.387054 22.634384 79.000000 
-27.233379 -169.373169 22.629555 66.000000 
-27.369839 -169.371796 22.639168 82.000000 
-27.227020 -169.359772 22.629381 68.000000 
-27.368402 -169.359314 22.635664 85.000000 
-27.368610 -169.346634 22.630943 85.000000 
-27.368767 -169.334549 22.626471 89.000000 
-27.509706 -169.330322 22.638426 62.000000 
-27.363853 -169.322495 22.625528 92.000000 
-27.506418 -169.318344 22.636265 65.000000 
-27.347197 -169.306580 22.631351 82.000000 
-27.511597 -169.306992 22.628733 70.000000 
-27.494650 -169.289627 22.633636 72.000000 
-27.348919 -169.281693 22.621141 64.000000 
-27.491249 -169.276474 22.631119 68.000000 
-27.651867 -169.272690 22.636761 65.000000 
-27.486111 -169.263000 22.629627 75.000000 
-27.653542 -169.260147 22.631165 78.000000 
-27.480930 -169.249542 22.628172 68.000000 
-27.636221 -169.243973 22.636156 73.000000 
-27.630922 -169.230164 22.634476 71.000000 
-27.477249 -169.224060 22.621357 66.000000 
-27.630751 -169.217346 22.629934 70.000000 
-27.781452 -169.204819 22.644260 67.000000 
-27.630562 -169.205795 22.625866 70.000000 
-27.782963 -169.191879 22.638678 69.000000 
-27.782656 -169.177292 22.633583 67.000000 
-27.771860 -169.162369 22.634590 67.000000 
-27.759315 -169.148560 22.637041 66.000000 
-27.764149 -169.136169 22.629690 69.000000 
-27.953047 -169.128647 22.631752 62.000000 
-27.933119 -169.111511 22.636763 71.000000 
-27.756239 -169.108734 22.624460 61.000000 
-27.936144 -169.098312 22.630304 73.000000 
-27.932058 -169.084152 22.627495 76.000000 
-28.111498 -169.071228 22.641151 77.000000 
-27.931463 -169.070450 22.622898 67.000000 
-28.114454 -169.057480 22.634647 73.000000 
-28.102997 -169.040634 22.634682 75.000000 
-28.109432 -169.027252 22.626478 76.000000 
-28.097954 -169.011917 22.627068 73.000000 
-28.307095 -168.996780 22.633106 82.000000 
-28.088221 -168.996826 22.626829 68.000000 
-28.317093 -168.983047 22.623228 89.000000 
-28.301847 -168.968414 22.625637 83.000000 
-28.281055 -168.951950 22.630161 78.000000 
-28.281891 -168.937424 22.624586 83.000000 
-28.490286 -168.917145 22.638535 63.000000 
-28.270044 -168.921860 22.624983 86.000000 
-28.487400 -168.901749 22.634462 72.000000 
-28.477173 -168.885880 22.633671 75.000000 
-28.477840 -168.870758 22.628044 77.000000 
-28.463877 -168.854767 22.628969 66.000000 
-28.708040 -168.832153 22.635521 109.000000 
-28.697533 -168.815826 22.634453 116.000000 
-28.686840 -168.797974 22.632946 111.000000 
-28.678076 -168.781845 22.631199 108.000000 
-28.663898 -168.767151 22.632330 116.000000 
-28.940424 -168.738937 22.634226 115.000000 
-28.929573 -168.722153 22.632919 124.000000 
-28.905693 -168.705154 22.636894 125.000000 
-28.902170 -168.688675 22.632704 124.000000 
-28.894890 -168.672150 22.630049 127.000000 
-29.181845 -168.637421 22.638008 106.000000 
-28.889416 -168.655685 22.626684 123.000000 
-29.183720 -168.620209 22.631477 124.000000 
-29.177969 -168.602097 22.627573 126.000000 
-29.172262 -168.584869 22.623964 125.000000 
-29.147839 -168.567810 22.627579 125.000000 
-29.130842 -168.550827 22.628387 125.000000 
-29.134319 -168.533646 22.621317 66.000000 
-29.111639 -168.516891 22.624403 108.000000 
-25.745811 -170.059097 22.667076 78.000000 
-25.754507 -170.051849 22.657072 74.000000 
-25.752495 -170.040192 22.654999 77.000000 
-25.750399 -170.029053 22.653168 77.000000 
-25.751368 -170.018646 22.648869 74.000000 
-25.867825 -170.025345 22.655384 64.000000 
-25.740086 -170.003403 22.653721 77.000000 
-25.865671 -170.013428 22.653187 64.000000 
-25.737926 -169.991821 22.651766 86.000000 
-25.858809 -169.999756 22.654352 63.000000 
-25.740318 -169.982025 22.646397 90.000000 
-25.853466 -169.986725 22.654446 61.000000 
-25.742678 -169.972214 22.641041 71.000000 
-25.848082 -169.973740 22.654579 63.000000 
-25.735825 -169.958908 22.642609 63.000000 
-25.848896 -169.963043 22.650278 65.000000 
-25.970875 -169.968948 22.656597 66.000000 
-25.846556 -169.951218 22.648235 68.000000 
-25.968500 -169.956818 22.654352 68.000000 
-25.845739 -169.939972 22.645098 73.000000 
-25.966087 -169.944702 22.652136 68.000000 
-25.838646 -169.926544 22.646486 65.000000 
-25.966816 -169.933670 22.647764 68.000000 
-25.836195 -169.914780 22.644533 60.000000 
-25.961151 -169.920517 22.647789 73.000000 
-26.097141 -169.927032 22.648941 81.000000 
-25.953856 -169.906891 22.648945 81.000000 
-26.094580 -169.914612 22.646591 83.000000 
-25.951294 -169.894852 22.646851 87.000000 
-26.085508 -169.900192 22.648525 85.000000 
-25.951874 -169.883850 22.642582 81.000000 
-26.069923 -169.883865 22.654774 70.000000 
-26.073719 -169.873520 22.648266 91.000000 
-26.207510 -169.875854 22.655231 82.000000 
-26.067764 -169.860245 22.648193 81.000000 
-26.191587 -169.859451 22.661093 77.000000 
-26.068247 -169.848923 22.643867 76.000000 
-26.200310 -169.850113 22.651451 75.000000 
-26.194181 -169.836578 22.651171 70.000000 
-26.192953 -169.824448 22.647800 72.000000 
-26.336048 -169.826370 22.653839 79.000000 
-26.183455 -169.810104 22.649681 72.000000 
-26.333094 -169.813431 22.651318 85.000000 
-26.175545 -169.796860 22.650782 75.000000 
-26.335100 -169.802368 22.646017 82.000000 
-26.184084 -169.787369 22.641205 62.000000 
-26.327051 -169.788193 22.646589 85.000000 
-26.317299 -169.773056 22.648001 89.000000 
-26.476717 -169.774521 22.649258 62.000000 
-26.314186 -169.760208 22.645611 89.000000 
-26.470161 -169.760468 22.648594 75.000000 
-26.314371 -169.748779 22.641428 89.000000 
-26.448271 -169.743637 22.657055 79.000000 
-26.309507 -169.735565 22.640116 60.000000 
-26.445032 -169.730484 22.654520 73.000000 
-26.441757 -169.716736 22.651793 71.000000 
-26.605663 -169.715134 22.655689 67.000000 
-26.441833 -169.704346 22.647337 71.000000 
-26.609182 -169.702988 22.649162 68.000000 
-26.431677 -169.690430 22.649086 73.000000 
-26.609215 -169.690765 22.644791 78.000000 
-26.604040 -169.676880 22.643087 79.000000 
-26.593657 -169.662033 22.644302 79.000000 
-26.756636 -169.651703 22.652100 69.000000 
-26.579788 -169.646606 22.647497 82.000000 
-26.744303 -169.636261 22.653925 67.000000 
-26.577936 -169.633499 22.643990 73.000000 
-26.728439 -169.620316 22.657661 66.000000 
-26.726500 -169.606827 22.654015 77.000000 
-26.584444 -169.609131 22.631233 62.000000 
-26.726263 -169.593628 22.649462 77.000000 
-26.729475 -169.580978 22.643061 69.000000 
-26.907825 -169.572754 22.650797 65.000000 
-26.718681 -169.566116 22.644176 67.000000 
-26.903954 -169.558517 22.647919 66.000000 
-26.903570 -169.544800 22.643270 69.000000 
-26.896078 -169.530106 22.642262 67.000000 
-27.077372 -169.518951 22.655518 64.000000 
-26.877941 -169.514008 22.646732 63.000000 
-27.078672 -169.504974 22.649897 72.000000 
-27.067413 -169.489456 22.650381 72.000000 
-27.059687 -169.474426 22.649174 69.000000 
-27.048344 -169.459045 22.649757 69.000000 
-27.273699 -169.447571 22.648533 67.000000 
-27.047680 -169.444916 22.645136 72.000000 
-27.267578 -169.432251 22.646214 89.000000 
-27.252378 -169.416077 22.648129 86.000000 
-27.257008 -169.401886 22.640852 81.000000 
-27.252560 -169.386826 22.637804 81.000000 
-27.235380 -169.369949 22.640476 75.000000 
-27.461998 -169.352356 22.646486 69.000000 
-27.225426 -169.354523 22.640059 67.000000 
-27.457375 -169.336777 22.643248 73.000000 
-27.445461 -169.321457 22.643522 75.000000 
-27.431631 -169.305328 22.644421 81.000000 
-27.419582 -169.289413 22.644562 81.000000 
-27.676659 -169.268982 22.645920 109.000000 
-27.412960 -169.273895 22.642307 66.000000 
-27.655195 -169.251999 22.649525 115.000000 
-27.642895 -169.235611 22.649313 102.000000 
-27.637911 -169.219620 22.646038 102.000000 
-27.638397 -169.203903 22.640455 114.000000 
-27.902164 -169.176727 22.648226 115.000000 
-27.909971 -169.160446 22.639517 126.000000 
-27.886175 -169.143280 22.643480 124.000000 
-27.880892 -169.126678 22.640055 124.000000 
-27.856934 -169.108917 22.643911 124.000000 
-28.168344 -169.076065 22.643095 62.000000 
-27.847847 -169.092361 22.642084 122.000000 
-28.149748 -169.058609 22.644392 121.000000 
-28.138496 -169.040451 22.642660 126.000000 
-27.855377 -169.058807 22.627762 103.000000 
-28.129152 -169.023193 22.640516 127.000000 
-28.123594 -169.006851 22.637238 127.000000 
-28.121622 -168.989639 22.632315 126.000000 
-28.101040 -168.973480 22.634857 103.000000 
-28.089643 -168.956451 22.633617 68.000000 
-24.717262 -170.490265 22.659964 85.000000 
-24.716944 -170.478668 22.656481 74.000000 
-24.705877 -170.463165 22.661173 77.000000 
-24.697760 -170.449524 22.663866 83.000000 
-24.704889 -170.441620 22.655012 83.000000 
-24.818190 -170.447845 22.663786 64.000000 
-24.702845 -170.429977 22.652998 86.000000 
-24.814560 -170.435318 22.662685 61.000000 
-24.700764 -170.418350 22.651012 83.000000 
-24.815554 -170.424591 22.658291 61.000000 
-24.692591 -170.403824 22.653425 86.000000 
-24.695011 -170.394028 22.648058 61.000000 
-24.817480 -170.402603 22.649338 61.000000 
-24.805876 -170.387787 22.654148 63.000000 
-24.934208 -170.396683 22.656258 64.000000 
-24.800499 -170.374802 22.654324 65.000000 
-24.928743 -170.383392 22.656151 64.000000 
-24.804424 -170.365250 22.647806 65.000000 
-24.923239 -170.370132 22.656080 66.000000 
-24.917696 -170.356918 22.656052 68.000000 
-24.796600 -170.340515 22.646063 61.000000 
-24.918459 -170.345901 22.651690 68.000000 
-25.041548 -170.349045 22.661428 65.000000 
-24.916012 -170.333801 22.649536 70.000000 
-25.045521 -170.338730 22.654837 77.000000 
-24.916700 -170.322784 22.645218 66.000000 
-25.042999 -170.326309 22.652502 81.000000 
-24.904655 -170.307587 22.649717 64.000000 
-25.040440 -170.313919 22.650198 78.000000 
-24.908447 -170.297623 22.643250 64.000000 
-25.034611 -170.300537 22.650059 83.000000 
-25.168489 -170.303650 22.657217 70.000000 
-24.904263 -170.285095 22.642317 60.000000 
-25.025509 -170.286224 22.652100 67.000000 
-25.162529 -170.289993 22.656834 77.000000 
-25.026066 -170.274887 22.647753 74.000000 
-25.164743 -170.278763 22.651306 75.000000 
-25.148842 -170.262360 22.657227 66.000000 
-25.150955 -170.251724 22.651978 62.000000 
-25.299091 -170.255875 22.655130 90.000000 
-25.149769 -170.239578 22.648609 64.000000 
-25.294554 -170.242447 22.653585 85.000000 
-25.148542 -170.227432 22.645266 72.000000 
-25.289974 -170.229034 22.652075 82.000000 
-25.285355 -170.215668 22.650600 75.000000 
-25.280695 -170.202332 22.649162 82.000000 
-25.426659 -170.201477 22.658493 66.000000 
-25.275995 -170.189011 22.647757 89.000000 
-25.425282 -170.188614 22.654873 75.000000 
-25.261230 -170.173279 22.652510 79.000000 
-25.420473 -170.174957 22.653244 70.000000 
-25.417318 -170.161728 22.650665 70.000000 
-25.268345 -170.150848 22.639658 60.000000 
-25.403946 -170.146210 22.654047 72.000000 
-25.574835 -170.147095 22.654352 67.000000 
-25.407495 -170.134552 22.647583 72.000000 
-25.566391 -170.132385 22.654461 84.000000 
-25.405918 -170.121765 22.644110 75.000000 
-25.552742 -170.116684 22.657484 79.000000 
-25.552818 -170.103851 22.652903 79.000000 
-25.552853 -170.091660 22.648571 88.000000 
-25.707218 -170.080704 22.661106 67.000000 
-25.552849 -170.078827 22.644035 91.000000 
-25.700214 -170.065506 22.659903 66.000000 
-25.540754 -170.063019 22.646048 73.000000 
-25.703634 -170.052887 22.653408 66.000000 
-25.689573 -170.037186 22.656229 64.000000 
-25.684189 -170.023071 22.654446 69.000000 
-25.677031 -170.009354 22.653860 69.000000 
-25.874743 -170.005386 22.651606 65.000000 
-25.860380 -169.990143 22.654318 69.000000 
-25.856527 -169.974533 22.650984 67.000000 
-25.852678 -169.960999 22.648384 73.000000 
-26.035803 -169.950531 22.660593 73.000000 
-25.855810 -169.947128 22.641733 69.000000 
-26.026474 -169.935150 22.660147 69.000000 
-26.027821 -169.921204 22.654539 76.000000 
-26.020189 -169.906128 22.653305 78.000000 
-26.019657 -169.891953 22.648623 76.000000 
-26.241631 -169.881393 22.649441 89.000000 
-26.004826 -169.876801 22.651197 81.000000 
-26.232025 -169.866333 22.649000 86.000000 
-26.227764 -169.851181 22.645849 83.000000 
-26.207170 -169.833649 22.650057 81.000000 
-26.199207 -169.818237 22.648682 81.000000 
-26.205683 -169.804962 22.640829 89.000000 
-26.410652 -169.786896 22.656847 67.000000 
-26.197632 -169.789597 22.639523 68.000000 
-26.409782 -169.771622 22.651979 77.000000 
-26.401525 -169.755005 22.650133 77.000000 
-26.395090 -169.739349 22.647764 73.000000 
-26.646982 -169.720764 22.652086 68.000000 
-26.390432 -169.723846 22.644621 73.000000 
-26.647760 -169.704926 22.646324 110.000000 
-26.622717 -169.687546 22.651434 114.000000 
-26.616039 -169.671356 22.648857 115.000000 
-26.603796 -169.654907 22.648657 116.000000 
-26.886412 -169.630905 22.649445 103.000000 
-26.595249 -169.639511 22.647190 115.000000 
-26.872160 -169.614578 22.649805 120.000000 
-26.857800 -169.597504 22.649969 123.000000 
-26.598116 -169.608109 22.635273 75.000000 
-26.841539 -169.580444 22.650934 123.000000 
-26.838221 -169.563889 22.646740 125.000000 
-26.832918 -169.546448 22.643084 124.000000 
-27.124107 -169.515121 22.650490 121.000000 
-26.816521 -169.529617 22.644213 61.000000 
-27.124323 -169.497833 22.644670 126.000000 
-27.118877 -169.480469 22.641012 123.000000 
-27.105906 -169.463058 22.640244 125.000000 
-27.089151 -169.445724 22.640959 125.000000 
-27.076088 -169.428482 22.640305 121.000000 
-27.072311 -169.411285 22.636112 61.000000 
-23.653740 -170.909790 22.681082 63.000000 
-23.648920 -170.896820 22.681223 81.000000 
-23.660757 -170.890991 22.668976 74.000000 
-23.655865 -170.878021 22.669165 80.000000 
-23.653971 -170.866364 22.667122 83.000000 
-23.767134 -170.873688 22.676035 64.000000 
-23.639879 -170.849686 22.674206 86.000000 
-23.763622 -170.861145 22.674929 70.000000 
-23.640844 -170.840378 22.670382 80.000000 
-23.758415 -170.849075 22.675402 65.000000 
-23.641882 -170.830032 22.666149 86.000000 
-23.747076 -170.833557 22.679905 65.000000 
-23.649075 -170.821075 22.656933 83.000000 
-23.748207 -170.821869 22.675148 65.000000 
-23.752302 -170.812408 22.668613 65.000000 
-23.874100 -170.820267 22.675138 66.000000 
-23.746954 -170.800461 22.669212 68.000000 
-23.873407 -170.809784 22.672234 73.000000 
-23.746325 -170.789230 22.666063 73.000000 
-23.872778 -170.798203 22.668909 81.000000 
-23.733229 -170.773422 22.671909 67.000000 
-23.865782 -170.784393 22.669954 76.000000 
-23.860327 -170.771179 22.669954 76.000000 
-23.987997 -170.777267 22.676521 77.000000 
-23.862793 -170.760208 22.664316 84.000000 
-23.995350 -170.767502 22.667608 81.000000 
-23.850924 -170.744888 22.668760 84.000000 
-23.986506 -170.752975 22.669506 81.000000 
-23.850103 -170.733398 22.665585 69.000000 
-23.977619 -170.738510 22.671455 72.000000 
-23.971916 -170.725128 22.671326 70.000000 
-24.108755 -170.730682 22.676323 70.000000 
-23.851492 -170.712036 22.657309 60.000000 
-23.975817 -170.715424 22.665052 69.000000 
-24.099607 -170.716614 22.678230 77.000000 
-23.973267 -170.703110 22.662846 81.000000 
-24.101940 -170.705460 22.672726 68.000000 
-23.970707 -170.690247 22.660452 63.000000 
-24.096064 -170.691284 22.672195 78.000000 
-24.096678 -170.679642 22.667774 78.000000 
-24.241297 -170.684357 22.673023 74.000000 
-24.087376 -170.665741 22.669836 78.000000 
-24.241863 -170.672897 22.668695 79.000000 
-24.081347 -170.652267 22.669641 84.000000 
-24.245756 -170.661743 22.662148 85.000000 
-24.076944 -170.638718 22.668222 72.000000 
-24.234621 -170.645935 22.664471 82.000000 
-24.223417 -170.630814 22.667074 89.000000 
-24.220495 -170.618530 22.664881 99.000000 
-24.369614 -170.619659 22.672056 62.000000 
-24.212549 -170.604401 22.665546 96.000000 
-24.361551 -170.605179 22.672388 68.000000 
-24.219566 -170.594681 22.657305 82.000000 
-24.353430 -170.591370 22.672991 79.000000 
-24.206535 -170.579361 22.661100 60.000000 
-24.345285 -170.576996 22.673412 75.000000 
-24.509087 -170.578125 22.677538 67.000000 
-24.348976 -170.564819 22.666746 75.000000 
-24.512833 -170.565430 22.670774 89.000000 
-24.335665 -170.549347 22.670210 81.000000 
-24.507927 -170.551483 22.669016 76.000000 
-24.329081 -170.536118 22.669985 71.000000 
-24.502970 -170.538208 22.667524 73.000000 
-24.494545 -170.523605 22.667749 79.000000 
-24.655775 -170.514984 22.676363 69.000000 
-24.484364 -170.508057 22.668756 88.000000 
-24.650660 -170.500748 22.674461 69.000000 
-24.477571 -170.493912 22.668116 85.000000 
-24.636786 -170.485550 22.677450 69.000000 
-24.635073 -170.472046 22.673779 64.000000 
-24.631575 -170.458237 22.671066 66.000000 
-24.633263 -170.445374 22.665590 69.000000 
-24.813358 -170.440384 22.672632 68.000000 
-24.620962 -170.429398 22.667376 64.000000 
-24.806187 -170.424850 22.671288 66.000000 
-24.813095 -170.412308 22.663038 69.000000 
-24.802313 -170.396957 22.663794 73.000000 
-24.987221 -170.389267 22.675558 60.000000 
-24.787958 -170.381134 22.666403 69.000000 
-24.979826 -170.374069 22.674234 69.000000 
-24.780634 -170.367126 22.665682 64.000000 
-24.979549 -170.360611 22.669729 66.000000 
-24.963142 -170.344269 22.672817 73.000000 
-24.959171 -170.328964 22.669649 72.000000 
-25.182835 -170.320923 22.669661 63.000000 
-24.951603 -170.313950 22.668495 72.000000 
-25.169744 -170.304672 22.670637 92.000000 
-24.952917 -170.300079 22.663013 63.000000 
-25.163832 -170.289337 22.668333 72.000000 
-25.156069 -170.273834 22.666904 75.000000 
-25.155481 -170.259171 22.662165 75.000000 
-25.138605 -170.242783 22.665020 71.000000 
-25.365326 -170.228958 22.671234 72.000000 
-25.134317 -170.227798 22.662037 67.000000 
-25.359142 -170.213196 22.668776 73.000000 
-25.354736 -170.197617 22.665552 73.000000 
-25.324757 -170.179916 22.673668 75.000000 
-25.329376 -170.165207 22.666496 81.000000 
-25.579304 -170.148422 22.671309 109.000000 
-25.319365 -170.149338 22.665833 60.000000 
-25.561792 -170.131409 22.673311 115.000000 
-25.549761 -170.114853 22.673058 116.000000 
-25.548723 -170.099075 22.668207 115.000000 
-25.542118 -170.082962 22.665716 111.000000 
-25.802416 -170.059952 22.675177 118.000000 
-25.537306 -170.066986 22.662485 63.000000 
-25.795652 -170.043182 22.672386 123.000000 
-25.788841 -170.026459 22.669638 125.000000 
-25.774559 -170.009476 22.669903 123.000000 
-25.756523 -169.992447 22.671715 125.000000 
-26.071989 -169.964905 22.669691 116.000000 
-25.747717 -169.975815 22.669859 120.000000 
-26.061163 -169.947388 22.668110 123.000000 
-26.040937 -169.929749 22.670120 125.000000 
-26.030020 -169.912384 22.668652 126.000000 
-26.024660 -169.895172 22.665102 125.000000 
-26.028593 -169.878082 22.658026 126.000000 
-26.010054 -169.860779 22.659548 121.000000 
-22.599716 -171.313416 22.679268 78.000000 
-22.599421 -171.302917 22.676256 80.000000 
-22.594614 -171.289932 22.676449 83.000000 
-22.598913 -171.280350 22.669649 83.000000 
-22.600090 -171.269974 22.665350 80.000000 
-22.708605 -171.275864 22.677364 61.000000 
-22.592138 -171.255783 22.667913 86.000000 
-22.706684 -171.263947 22.675179 63.000000 
-22.587177 -171.242920 22.668236 83.000000 
-22.714003 -171.255737 22.666365 61.000000 
-22.585159 -171.231842 22.666517 86.000000 
-22.708864 -171.243118 22.666660 63.000000 
-22.586195 -171.221497 22.662317 77.000000 
-22.697554 -171.227600 22.671236 65.000000 
-22.828756 -171.239822 22.671194 66.000000 
-22.588715 -171.211746 22.656981 63.000000 
-22.692389 -171.214554 22.671400 68.000000 
-22.823511 -171.226456 22.671070 68.000000 
-22.588163 -171.200775 22.653967 65.000000 
-22.693380 -171.203903 22.667126 68.000000 
-22.815071 -171.211975 22.673157 70.000000 
-22.697433 -171.194427 22.660624 78.000000 
-22.814476 -171.200409 22.669853 73.000000 
-22.695257 -171.182587 22.658627 67.000000 
-22.817003 -171.189987 22.664392 70.000000 
-22.938406 -171.194595 22.675322 72.000000 
-22.814758 -171.177856 22.662224 70.000000 
-22.940948 -171.183807 22.669783 77.000000 
-22.807737 -171.164078 22.663368 80.000000 
-22.938635 -171.171371 22.667437 74.000000 
-22.800674 -171.150360 22.664558 89.000000 
-22.933065 -171.157883 22.667246 74.000000 
-22.799894 -171.138855 22.661388 72.000000 
-22.924238 -171.143372 22.669226 70.000000 
-23.061150 -171.149796 22.674259 69.000000 
-22.918549 -171.130554 22.669338 69.000000 
-23.065187 -171.139709 22.667896 77.000000 
-22.919296 -171.119263 22.664988 76.000000 
-23.057779 -171.125488 22.668560 64.000000 
-22.913568 -171.105927 22.664948 79.000000 
-23.042143 -171.108841 22.674452 64.000000 
-23.044470 -171.097687 22.668982 62.000000 
-23.189085 -171.103378 22.674158 66.000000 
-23.046761 -171.086533 22.663525 66.000000 
-23.186432 -171.090378 22.671602 74.000000 
-23.047377 -171.074860 22.659126 75.000000 
-23.178745 -171.076019 22.672102 72.000000 
-23.031574 -171.058487 22.665216 81.000000 
-23.181004 -171.064438 22.666582 82.000000 
-23.028833 -171.045929 22.662981 64.000000 
-23.183224 -171.052856 22.661079 85.000000 
-23.173750 -171.038132 22.662699 89.000000 
-23.321276 -171.039764 22.670877 66.000000 
-23.160906 -171.022598 22.666403 89.000000 
-23.321764 -171.027328 22.666292 72.000000 
-23.163008 -171.011047 22.660986 82.000000 
-23.315449 -171.013214 22.665663 70.000000 
-23.302330 -170.997498 22.669018 72.000000 
-23.297623 -170.983902 22.667490 79.000000 
-23.466646 -170.986786 22.668570 70.000000 
-23.292875 -170.970337 22.665998 81.000000 
-23.463549 -170.973160 22.665842 89.000000 
-23.286394 -170.956406 22.665535 71.000000 
-23.455263 -170.958420 22.666014 88.000000 
-23.452084 -170.944855 22.663357 88.000000 
-23.452293 -170.932022 22.658812 82.000000 
-23.606743 -170.923203 22.671282 67.000000 
-23.445597 -170.917770 22.658138 79.000000 
-23.601681 -170.908920 22.669401 67.000000 
-23.425131 -170.900726 22.665224 62.000000 
-23.594833 -170.894333 22.668482 67.000000 
-23.584467 -170.879150 22.669468 67.000000 
-23.581015 -170.865311 22.666773 69.000000 
-23.577522 -170.851501 22.664108 72.000000 
-23.764652 -170.848419 22.667160 74.000000 
-23.764589 -170.834717 22.662477 71.000000 
-23.757433 -170.819855 22.661425 78.000000 
-23.753759 -170.805588 22.658606 76.000000 
-23.933411 -170.797806 22.672714 77.000000 
-23.750044 -170.791351 22.655821 83.000000 
-23.936773 -170.784149 22.666222 75.000000 
-23.929394 -170.768921 22.664959 75.000000 
-23.921999 -170.755173 22.664207 75.000000 
-23.907404 -170.739075 22.666515 73.000000 
-24.140116 -170.733093 22.661983 94.000000 
-23.896290 -170.722137 22.666677 78.000000 
-24.132463 -170.715942 22.659996 92.000000 
-24.113981 -170.699036 22.663567 89.000000 
-24.113487 -170.684326 22.658806 81.000000 
-24.109343 -170.669205 22.655754 92.000000 
-24.314524 -170.654495 22.671883 63.000000 
-24.108757 -170.654495 22.651049 100.000000 
-24.323021 -170.640137 22.662979 72.000000 
-24.309605 -170.623611 22.663763 75.000000 
-24.310717 -170.608505 22.658134 77.000000 
-24.297211 -170.592102 22.659016 87.000000 
-24.536398 -170.575989 22.668638 75.000000 
-24.272738 -170.574875 22.664831 78.000000 
-24.548433 -170.561066 22.658270 112.000000 
-24.523632 -170.543365 22.663397 111.000000 
-24.500628 -170.525970 22.667830 114.000000 
-24.499643 -170.510162 22.662992 117.000000 
-24.784294 -170.490219 22.662790 109.000000 
-24.491259 -170.493896 22.661308 114.000000 
-24.768358 -170.472809 22.663660 126.000000 
-24.752377 -170.455490 22.664593 124.000000 
-24.751186 -170.438965 22.659634 125.000000 
-24.746237 -170.422272 22.656197 125.000000 
-24.737530 -170.405457 22.654293 124.000000 
-25.034679 -170.378326 22.659494 121.000000 
-25.027655 -170.360825 22.656521 124.000000 
-25.007496 -170.343048 22.658566 124.000000 
-24.994768 -170.325546 22.657831 126.000000 
-24.987598 -170.308212 22.655006 125.000000 
-24.984110 -170.290985 22.650793 118.000000 
-24.976837 -170.273712 22.648050 114.000000 
-21.548403 -171.723801 22.676508 78.000000 
-21.551344 -171.713577 22.670782 83.000000 
-21.546644 -171.700516 22.670954 80.000000 
-21.538824 -171.686707 22.673649 83.000000 
-21.537064 -171.675049 22.671623 83.000000 
-21.657724 -171.686981 22.674641 72.000000 
-21.538347 -171.664169 22.667130 83.000000 
-21.645185 -171.670044 22.679966 64.000000 
-21.542557 -171.655090 22.660580 86.000000 
-21.654106 -171.662552 22.670042 61.000000 
-21.536097 -171.642059 22.662271 90.000000 
-21.649067 -171.649902 22.670338 61.000000 
-21.528143 -171.627930 22.664944 63.000000 
-21.650217 -171.639221 22.665993 65.000000 
-21.770494 -171.648209 22.673683 64.000000 
-21.529226 -171.617584 22.660755 63.000000 
-21.645163 -171.626099 22.666136 68.000000 
-21.766928 -171.635406 22.672474 73.000000 
-21.531788 -171.607849 22.655430 68.000000 
-21.635437 -171.611206 22.669678 73.000000 
-21.768038 -171.624405 22.668041 76.000000 
-21.529776 -171.596268 22.653587 74.000000 
-21.638020 -171.601166 22.664291 82.000000 
-21.764393 -171.611618 22.666891 81.000000 
-21.635935 -171.589340 22.662294 61.000000 
-21.755989 -171.597137 22.669044 84.000000 
-21.885279 -171.605591 22.674553 63.000000 
-21.752264 -171.584442 22.667969 87.000000 
-21.884703 -171.593689 22.671118 81.000000 
-21.753225 -171.573471 22.663641 89.000000 
-21.876076 -171.579025 22.673006 88.000000 
-21.750999 -171.561371 22.661528 95.000000 
-21.870613 -171.565521 22.672819 91.000000 
-21.744009 -171.547623 22.662743 66.000000 
-21.871523 -171.554214 22.668409 88.000000 
-21.998650 -171.558533 22.679649 76.000000 
-21.741707 -171.535568 22.660694 63.000000 
-21.875607 -171.543976 22.661884 96.000000 
-22.002808 -171.547913 22.673065 88.000000 
-21.860397 -171.527359 22.668211 79.000000 
-21.995508 -171.533661 22.673733 87.000000 
-21.854774 -171.513992 22.668171 86.000000 
-21.996328 -171.522003 22.669258 84.000000 
-21.987314 -171.507324 22.671043 81.000000 
-22.136833 -171.515625 22.673122 62.000000 
-21.974918 -171.492874 22.675400 81.000000 
-22.139185 -171.505264 22.667994 85.000000 
-21.975624 -171.481293 22.671019 78.000000 
-22.138258 -171.492706 22.664440 92.000000 
-21.976326 -171.469101 22.666439 87.000000 
-22.120722 -171.474854 22.670792 89.000000 
-22.119711 -171.462372 22.667313 92.000000 
-22.121952 -171.451401 22.662052 99.000000 
-22.261080 -171.451996 22.675158 69.000000 
-22.115881 -171.437561 22.661673 108.000000 
-22.266727 -171.440903 22.667627 75.000000 
-22.111404 -171.424805 22.660534 106.000000 
-22.263876 -171.428223 22.665251 79.000000 
-22.259325 -171.414505 22.663660 86.000000 
-22.249668 -171.399567 22.665071 92.000000 
-22.415337 -171.402985 22.668165 70.000000 
-22.239971 -171.384689 22.666533 104.000000 
-22.420914 -171.391312 22.660656 84.000000 
-22.233625 -171.370087 22.665834 101.000000 
-22.407635 -171.374649 22.663437 85.000000 
-22.233971 -171.357742 22.661421 61.000000 
-22.397713 -171.359482 22.664595 85.000000 
-22.398026 -171.346664 22.660040 91.000000 
-22.547338 -171.337982 22.675230 69.000000 
-22.394873 -171.333084 22.657433 98.000000 
-22.544115 -171.324707 22.672651 72.000000 
-22.389954 -171.319809 22.656046 101.000000 
-22.540863 -171.310791 22.669872 67.000000 
-22.381580 -171.305206 22.656404 65.000000 
-22.544516 -171.298264 22.663404 69.000000 
-22.530758 -171.282333 22.666277 72.000000 
-22.369848 -171.277191 22.654343 62.000000 
-22.518702 -171.265503 22.667822 77.000000 
-22.725136 -171.267441 22.660828 65.000000 
-22.522223 -171.252991 22.661440 72.000000 
-22.714624 -171.251831 22.661512 65.000000 
-22.697033 -171.235077 22.665855 78.000000 
-22.696991 -171.221405 22.661230 80.000000 
-22.892689 -171.217621 22.667414 68.000000 
-22.691633 -171.207550 22.659576 88.000000 
-22.874792 -171.201340 22.671535 69.000000 
-22.703823 -171.195862 22.648649 80.000000 
-22.872879 -171.186905 22.667667 69.000000 
-22.876263 -171.173264 22.661217 73.000000 
-22.868917 -171.158051 22.660021 76.000000 
-23.080217 -171.150894 22.665716 89.000000 
-22.861526 -171.142883 22.658867 76.000000 
-23.087139 -171.137070 22.657524 85.000000 
-22.843410 -171.126297 22.663023 61.000000 
-23.072399 -171.120438 22.659403 71.000000 
-23.066599 -171.104279 22.656900 72.000000 
-23.048166 -171.087387 22.660578 83.000000 
-23.275213 -171.076797 22.666792 63.000000 
-23.042295 -171.072083 22.658409 92.000000 
-23.272898 -171.061295 22.662693 72.000000 
-23.043581 -171.057617 22.652891 72.000000 
-23.248695 -171.043518 22.668312 75.000000 
-23.249989 -171.029999 22.663164 77.000000 
-23.245718 -171.014389 22.659988 77.000000 
-23.488708 -171.000565 22.668001 75.000000 
-23.241365 -170.998047 22.656612 77.000000 
-23.491636 -170.984161 22.661230 118.000000 
-23.472496 -170.966736 22.664032 118.000000 
-23.475359 -170.951141 22.657576 118.000000 
-23.461637 -170.934296 22.658155 115.000000 
-23.445988 -170.916611 22.659332 116.000000 
-23.728865 -170.898041 22.659477 121.000000 
-23.720436 -170.880981 22.657421 124.000000 
-23.691570 -170.862869 22.663601 125.000000 
-23.690462 -170.846359 22.658672 125.000000 
-23.683744 -170.829590 22.656019 124.000000 
-23.975460 -170.804626 22.663141 121.000000 
-23.671421 -170.812592 22.655659 111.000000 
-23.977921 -170.787445 22.656622 127.000000 
-23.963511 -170.769684 22.656528 127.000000 
-23.960260 -170.752335 22.652214 129.000000 
-23.953224 -170.734909 22.649366 129.000000 
-23.927469 -170.717087 22.653732 123.000000 
-23.927877 -170.700790 22.648357 106.000000 
-20.485546 -172.110931 22.693565 79.000000 
-20.491571 -172.102127 22.685621 77.000000 
-20.492975 -172.091751 22.681284 80.000000 
-20.494280 -172.081894 22.677181 80.000000 
-20.486570 -172.067535 22.679691 83.000000 
-20.478817 -172.053253 22.682251 83.000000 
-20.603928 -172.067596 22.681967 64.000000 
-20.480078 -172.042923 22.678015 86.000000 
-20.603691 -172.056259 22.678692 61.000000 
-20.479736 -172.032440 22.675148 90.000000 
-20.589493 -172.039795 22.685638 68.000000 
-20.479420 -172.021469 22.672092 60.000000 
-20.590719 -172.029144 22.681320 68.000000 
-20.588886 -172.016724 22.679033 68.000000 
-20.710518 -172.026810 22.685591 62.000000 
-20.591583 -172.006683 22.673639 73.000000 
-20.710135 -172.015213 22.682262 68.000000 
-20.588074 -171.994186 22.672735 78.000000 
-20.711287 -172.004227 22.677872 68.000000 
-20.576809 -171.978729 22.677475 62.000000 
-20.706114 -171.990875 22.677851 70.000000 
-20.710285 -171.981583 22.671545 70.000000 
-20.836445 -171.989319 22.679480 72.000000 
-20.697168 -171.965393 22.677042 80.000000 
-20.839123 -171.978531 22.673958 77.000000 
-20.693451 -171.952728 22.676037 92.000000 
-20.836956 -171.966034 22.671629 85.000000 
-20.694418 -171.941757 22.671774 78.000000 
-20.815516 -171.946960 22.682074 76.000000 
-20.822887 -171.937836 22.673445 93.000000 
-20.953295 -171.943665 22.682884 82.000000 
-20.817394 -171.924347 22.673351 86.000000 
-20.939562 -171.927261 22.687670 72.000000 
-20.818277 -171.913040 22.669022 88.000000 
-20.946993 -171.917694 22.679083 75.000000 
-20.812704 -171.899612 22.668995 70.000000 
-20.941334 -171.903961 22.678785 78.000000 
-20.945429 -171.893311 22.672293 78.000000 
-21.078482 -171.897141 22.684822 84.000000 
-20.933159 -171.877640 22.676224 87.000000 
-21.080957 -171.885590 22.679285 85.000000 
-20.920769 -171.863205 22.680645 87.000000 
-21.084978 -171.875702 22.673208 85.000000 
-20.931288 -171.854538 22.670050 64.000000 
-21.077421 -171.861252 22.673754 96.000000 
-21.064873 -171.844849 22.677158 96.000000 
-21.063871 -171.832367 22.673744 99.000000 
-21.223110 -171.838898 22.675180 62.000000 
-21.062801 -171.820496 22.670576 110.000000 
-21.206852 -171.822632 22.680639 79.000000 
-21.202391 -171.808899 22.679062 89.000000 
-21.058943 -171.795105 22.664898 62.000000 
-21.202948 -171.796494 22.674568 86.000000 
-21.360098 -171.798843 22.682915 70.000000 
-21.041166 -171.778305 22.671825 60.000000 
-21.200092 -171.783234 22.672068 92.000000 
-21.365767 -171.787216 22.675438 84.000000 
-21.193840 -171.768539 22.671358 98.000000 
-21.350872 -171.770065 22.679165 73.000000 
-21.180773 -171.752869 22.674875 75.000000 
-21.356455 -171.758423 22.671734 85.000000 
-21.349991 -171.744659 22.671236 91.000000 
-21.508045 -171.738800 22.682291 69.000000 
-21.336655 -171.728745 22.674385 94.000000 
-21.499722 -171.723679 22.682238 69.000000 
-21.336979 -171.715958 22.669905 91.000000 
-21.486145 -171.707550 22.685003 67.000000 
-21.482944 -171.693634 22.682270 69.000000 
-21.483175 -171.680435 22.677711 72.000000 
-21.481634 -171.666229 22.673882 86.000000 
-21.663616 -171.664810 22.680212 68.000000 
-21.478306 -171.652344 22.671240 81.000000 
-21.663755 -171.651764 22.675766 76.000000 
-21.660339 -171.637405 22.672903 76.000000 
-21.653358 -171.623138 22.672104 78.000000 
-21.833117 -171.617264 22.686462 81.000000 
-21.637541 -171.606049 22.675392 88.000000 
-21.836695 -171.603638 22.679981 83.000000 
-21.642794 -171.593948 22.668358 76.000000 
-21.829538 -171.588303 22.678703 78.000000 
-21.815212 -171.571915 22.680937 81.000000 
-21.807966 -171.556686 22.679754 85.000000 
-22.015566 -171.550461 22.687416 77.000000 
-21.807802 -171.542557 22.675129 83.000000 
-22.022598 -171.536743 22.679276 96.000000 
-21.807594 -171.528412 22.670527 75.000000 
-22.018770 -171.521500 22.676147 100.000000 
-22.011295 -171.505829 22.674728 94.000000 
-22.010981 -171.491104 22.669998 94.000000 
-22.001612 -171.475266 22.669498 100.000000 
-22.225101 -171.465866 22.678032 74.000000 
-21.990396 -171.459290 22.669888 81.000000 
-22.221033 -171.450150 22.674774 84.000000 
-22.209660 -171.434418 22.675011 84.000000 
-21.975065 -171.429062 22.667660 61.000000 
-22.183653 -171.416504 22.681513 96.000000 
-22.461493 -171.406876 22.675070 62.000000 
-22.179447 -171.400940 22.678394 100.000000 
-22.446180 -171.389542 22.676233 109.000000 
-22.178835 -171.385742 22.673689 69.000000 
-22.432663 -171.372452 22.676689 120.000000 
-22.417259 -171.355301 22.677975 119.000000 
-22.422029 -171.339874 22.670801 121.000000 
-22.424870 -171.323441 22.664177 123.000000 
-22.678440 -171.304504 22.677458 121.000000 
-22.396461 -171.305527 22.671057 118.000000 
-22.670130 -171.287399 22.675400 126.000000 
-22.390013 -171.288528 22.668421 60.000000 
-22.663576 -171.269623 22.672401 125.000000 
-22.651455 -171.252411 22.671919 125.000000 
-22.637541 -171.236801 22.672720 126.000000 
-22.946304 -171.215439 22.674606 116.000000 
-22.634600 -171.220200 22.668615 127.000000 
-22.941416 -171.197891 22.670908 123.000000 
-22.616783 -171.202911 22.670527 103.000000 
-22.915848 -171.178680 22.674767 124.000000 
-22.626711 -171.186920 22.661257 105.000000 
-22.907116 -171.161118 22.672586 125.000000 
-22.915154 -171.144119 22.664061 127.000000 
-22.904451 -171.126541 22.662670 127.000000 
-22.884361 -171.108780 22.664900 113.000000 
-22.866096 -171.091187 22.666483 108.000000 
-19.427668 -172.504135 22.687149 78.000000 
-19.418671 -172.488968 22.690689 83.000000 
-19.422989 -172.481049 22.684528 77.000000 
-19.424423 -172.470703 22.680210 80.000000 
-19.419813 -172.457672 22.680454 83.000000 
-19.531113 -172.467209 22.690235 61.000000 
-19.416668 -172.445343 22.679598 90.000000 
-19.535578 -172.457886 22.683628 63.000000 
-19.408970 -172.431046 22.682199 94.000000 
-19.536943 -172.447220 22.679245 65.000000 
-19.407249 -172.419449 22.680271 104.000000 
-19.525999 -172.431412 22.683762 68.000000 
-19.518141 -172.416443 22.685896 68.000000 
-19.658329 -172.435196 22.679363 64.000000 
-19.519390 -172.405823 22.681602 78.000000 
-19.648670 -172.419846 22.682470 73.000000 
-19.525097 -172.398148 22.674400 89.000000 
-19.641973 -172.406906 22.683907 81.000000 
-19.523209 -172.386261 22.672373 89.000000 
-19.640060 -172.394730 22.681684 84.000000 
-19.641243 -172.383759 22.677315 84.000000 
-19.767242 -172.392715 22.685133 67.000000 
-19.642391 -172.372787 22.672962 87.000000 
-19.762037 -172.379074 22.684870 87.000000 
-19.631010 -172.356567 22.677162 92.000000 
-19.763235 -172.367203 22.680189 91.000000 
-19.622667 -172.342133 22.679443 98.000000 
-19.761143 -172.354752 22.677874 91.000000 
-19.752621 -172.340073 22.679840 83.000000 
-19.892614 -172.350449 22.682945 69.000000 
-19.744055 -172.325455 22.681858 81.000000 
-19.887167 -172.336594 22.682537 82.000000 
-19.738644 -172.311996 22.681786 98.000000 
-19.875174 -172.320648 22.686300 77.000000 
-19.749189 -172.304001 22.671043 96.000000 
-19.869640 -172.306900 22.685982 72.000000 
-19.865694 -172.293716 22.684664 78.000000 
-20.021599 -172.306061 22.682777 66.000000 
-19.873102 -172.284180 22.676100 75.000000 
-20.012602 -172.290970 22.684229 90.000000 
-19.864111 -172.270645 22.678398 84.000000 
-20.010094 -172.279160 22.682156 82.000000 
-19.858419 -172.257019 22.678217 87.000000 
-20.009291 -172.266647 22.678650 89.000000 
-20.015072 -172.256088 22.671127 92.000000 
-20.002600 -172.240189 22.674755 92.000000 
-20.146658 -172.244034 22.684998 62.000000 
-19.993395 -172.225357 22.676413 105.000000 
-20.152460 -172.233017 22.677479 70.000000 
-19.975861 -172.208237 22.683212 91.000000 
-20.143080 -172.217865 22.678801 72.000000 
-20.128641 -172.200806 22.682901 75.000000 
-20.120853 -172.186264 22.683346 72.000000 
-20.291365 -172.193176 22.683447 70.000000 
-20.124809 -172.174789 22.676914 72.000000 
-20.283432 -172.178253 22.683578 84.000000 
-20.127043 -172.162872 22.671486 75.000000 
-20.280579 -172.164627 22.680893 76.000000 
-20.284494 -172.153305 22.674643 82.000000 
-20.426962 -172.145401 22.693832 61.000000 
-20.278145 -172.138885 22.673927 85.000000 
-20.430908 -172.132980 22.687321 65.000000 
-20.271751 -172.124496 22.673252 98.000000 
-20.426147 -172.118637 22.685440 66.000000 
-20.258478 -172.108612 22.676470 88.000000 
-20.421343 -172.104324 22.683596 69.000000 
-20.407831 -172.088211 22.686432 72.000000 
-20.406422 -172.074051 22.682585 77.000000 
-20.403221 -172.060196 22.679928 77.000000 
-20.592012 -172.061447 22.682066 68.000000 
-20.592241 -172.047775 22.677389 73.000000 
-20.585402 -172.032791 22.676332 83.000000 
-20.578518 -172.017838 22.675320 85.000000 
-20.763481 -172.014816 22.686771 68.000000 
-20.575102 -172.003571 22.672541 85.000000 
-20.756468 -171.999466 22.685474 69.000000 
-20.758299 -171.986328 22.680122 78.000000 
-20.747641 -171.970459 22.680637 78.000000 
-20.729824 -171.953537 22.684687 83.000000 
-20.966047 -171.953049 22.678379 94.000000 
-20.726191 -171.938919 22.681820 81.000000 
-20.960564 -171.937515 22.676044 83.000000 
-20.946039 -171.920761 22.677931 83.000000 
-20.938665 -171.905090 22.676523 99.000000 
-20.936642 -171.890167 22.672638 99.000000 
-21.138317 -171.879410 22.690325 69.000000 
-20.930977 -171.874786 22.670467 100.000000 
-21.141670 -171.864639 22.683849 81.000000 
-21.135880 -171.848755 22.681419 87.000000 
-21.131863 -171.833115 22.678223 96.000000 
-21.124161 -171.817093 22.676678 100.000000 
-21.369005 -171.806671 22.683941 75.000000 
-21.103689 -171.799774 22.680857 87.000000 
-21.372179 -171.791138 22.677443 108.000000 
-21.355101 -171.773682 22.679466 115.000000 
-21.341648 -171.756653 22.680006 117.000000 
-21.337330 -171.740524 22.676718 121.000000 
-21.598202 -171.724731 22.686275 104.000000 
-21.334799 -171.724548 22.672686 119.000000 
-21.597469 -171.708191 22.681250 121.000000 
-21.585566 -171.690857 22.680693 123.000000 
-21.582878 -171.674210 22.676479 124.000000 
-21.585699 -171.657944 22.670069 127.000000 
-21.560682 -171.639954 22.674871 127.000000 
-21.856277 -171.619141 22.680607 122.000000 
-21.855238 -171.601852 22.675522 126.000000 
-21.543850 -171.606247 22.671219 106.000000 
-21.844803 -171.584137 22.674015 127.000000 
-21.819376 -171.565857 22.678244 130.000000 
-21.820049 -171.548737 22.672579 130.000000 
-21.815067 -171.531418 22.669083 122.000000 
-21.813766 -171.514221 22.664194 118.000000 
-21.801218 -171.496719 22.663647 61.000000 
-18.371767 -172.884460 22.698895 78.000000 
-18.368853 -172.872009 22.697931 77.000000 
-18.367399 -172.860275 22.695873 77.000000 
-18.368912 -172.849915 22.691580 77.000000 
-18.370464 -172.839035 22.687092 74.000000 
-18.483381 -172.849854 22.696342 78.000000 
-18.362888 -172.824631 22.689648 80.000000 
-18.481798 -172.837845 22.694164 73.000000 
-18.358276 -172.811615 22.689976 86.000000 
-18.484777 -172.827820 22.688700 65.000000 
-18.358139 -172.800629 22.686920 90.000000 
-18.476982 -172.813232 22.690998 63.000000 
-18.363922 -172.792755 22.679520 74.000000 
-18.469074 -172.799240 22.693558 63.000000 
-18.606213 -172.817505 22.689838 61.000000 
-18.467337 -172.787323 22.691504 65.000000 
-18.595074 -172.801468 22.694017 83.000000 
-18.470171 -172.777298 22.686132 73.000000 
-18.591717 -172.788605 22.692856 87.000000 
-18.471437 -172.766632 22.681892 73.000000 
-18.589888 -172.776367 22.690647 87.000000 
-18.467991 -172.754639 22.681238 67.000000 
-18.591091 -172.765930 22.686516 87.000000 
-18.710762 -172.773224 22.699129 63.000000 
-18.595461 -172.756119 22.680008 87.000000 
-18.710432 -172.761307 22.695724 84.000000 
-18.590443 -172.742157 22.679832 87.000000 
-18.711720 -172.749405 22.691069 88.000000 
-18.579042 -172.726440 22.684280 95.000000 
-18.712908 -172.738052 22.686655 93.000000 
-18.580160 -172.715469 22.680029 81.000000 
-18.710863 -172.725555 22.684378 91.000000 
-18.699186 -172.709702 22.688499 93.000000 
-18.842388 -172.722198 22.690170 82.000000 
-18.690609 -172.695618 22.690769 86.000000 
-18.840242 -172.709396 22.687738 77.000000 
-18.694843 -172.685425 22.684336 88.000000 
-18.826614 -172.693420 22.692776 78.000000 
-18.824440 -172.680099 22.690199 66.000000 
-18.825380 -172.669006 22.686024 78.000000 
-18.961702 -172.674988 22.696634 84.000000 
-18.819864 -172.654678 22.685581 81.000000 
-18.964338 -172.663452 22.691118 89.000000 
-18.814259 -172.640961 22.685396 81.000000 
-18.961967 -172.650375 22.688631 85.000000 
-18.967838 -172.639786 22.681141 92.000000 
-18.955448 -172.623795 22.684753 96.000000 
-19.101282 -172.628906 22.694736 66.000000 
-18.951300 -172.610306 22.683371 99.000000 
-19.107176 -172.617844 22.687250 79.000000 
-18.942135 -172.595413 22.685062 99.000000 
-19.089468 -172.600296 22.693449 89.000000 
-19.080128 -172.585144 22.694824 79.000000 
-19.080849 -172.572754 22.690361 83.000000 
-19.241306 -172.577957 22.697086 67.000000 
-19.068056 -172.556824 22.693789 79.000000 
-19.240299 -172.564667 22.693432 84.000000 
-19.082172 -172.547928 22.681494 101.000000 
-19.234123 -172.550125 22.692652 79.000000 
-19.234741 -172.537292 22.688107 85.000000 
-19.235317 -172.524445 22.683584 91.000000 
-19.391666 -172.521469 22.696455 72.000000 
-19.225540 -172.510452 22.685266 94.000000 
-19.387003 -172.507019 22.694569 77.000000 
-19.212355 -172.494461 22.688461 85.000000 
-19.380585 -172.491562 22.693413 81.000000 
-19.367161 -172.475311 22.696222 83.000000 
-19.367567 -172.462097 22.691687 83.000000 
-19.360992 -172.447433 22.690884 88.000000 
-19.546413 -172.449738 22.696016 71.000000 
-19.546778 -172.434631 22.690895 78.000000 
-19.547049 -172.421585 22.686497 83.000000 
-19.547302 -172.407150 22.681660 85.000000 
-19.723646 -172.403519 22.698606 77.000000 
-19.535185 -172.391846 22.683594 96.000000 
-19.723848 -172.389282 22.693867 83.000000 
-19.727556 -172.376358 22.687666 78.000000 
-19.706314 -172.358566 22.693335 81.000000 
-19.692144 -172.342072 22.695616 87.000000 
-19.930395 -172.343124 22.689713 82.000000 
-19.690388 -172.327652 22.691883 96.000000 
-19.930414 -172.328293 22.684891 89.000000 
-19.901579 -172.309265 22.693382 86.000000 
-19.914108 -172.296295 22.682817 92.000000 
-19.904985 -172.280258 22.682266 99.000000 
-19.904819 -172.265488 22.677580 100.000000 
-20.112196 -172.255936 22.693964 72.000000 
-20.104691 -172.239700 22.692324 81.000000 
-20.102596 -172.224167 22.688324 75.000000 
-20.091354 -172.207581 22.688374 87.000000 
-20.332775 -172.198090 22.698540 72.000000 
-20.070967 -172.190079 22.692499 83.000000 
-20.343416 -172.183258 22.689013 114.000000 
-20.324594 -172.165421 22.691759 118.000000 
-20.311239 -172.148239 22.692268 120.000000 
-20.303379 -172.132431 22.690762 119.000000 
-20.300959 -172.116379 22.686741 122.000000 
-20.560175 -172.101196 22.698200 121.000000 
-20.550232 -172.083862 22.696892 125.000000 
-20.542095 -172.066727 22.694899 125.000000 
-20.550558 -172.049957 22.686066 126.000000 
-20.538609 -172.032608 22.685627 127.000000 
-20.838327 -172.013580 22.691767 121.000000 
-20.837402 -171.996140 22.686687 125.000000 
-20.825201 -171.978134 22.685854 126.000000 
-20.805471 -171.959854 22.687895 127.000000 
-20.798780 -171.942261 22.685059 132.000000 
-20.792038 -171.924713 22.682268 122.000000 
-20.788982 -171.907333 22.678099 110.000000 
-17.307507 -173.211090 22.661659 89.000000 
-17.300106 -173.196594 22.664379 83.000000 
-17.301636 -173.186203 22.660265 80.000000 
-17.300137 -173.174454 22.658466 83.000000 
-17.301596 -173.164032 22.654392 86.000000 
-17.409845 -173.173157 22.666183 73.000000 
-17.295532 -173.150345 22.656105 90.000000 
-17.411308 -173.162430 22.662016 78.000000 
-17.293922 -173.138657 22.654390 94.000000 
-17.421909 -173.155502 22.651129 82.000000 
-17.293776 -173.127609 22.651545 111.000000 
-17.421778 -173.144104 22.648108 73.000000 
-17.295094 -173.117188 22.647558 94.000000 
-17.403242 -173.125244 22.658640 82.000000 
-17.537184 -173.142258 22.656115 66.000000 
-17.407623 -173.115753 22.652302 82.000000 
-17.527622 -173.126923 22.659557 73.000000 
-17.405844 -173.103806 22.650503 86.000000 
-17.524261 -173.114059 22.658661 87.000000 
-17.408627 -173.093658 22.645327 92.000000 
-17.525547 -173.102997 22.654499 89.000000 
-17.399046 -173.079285 22.649462 86.000000 
-17.523611 -173.091309 22.652765 92.000000 
-17.648020 -173.100616 22.661432 72.000000 
-17.524826 -173.080231 22.648645 92.000000 
-17.650860 -173.089767 22.656116 81.000000 
-17.519749 -173.066864 22.648970 95.000000 
-17.648888 -173.077209 22.654030 91.000000 
-17.508371 -173.051270 22.653770 98.000000 
-17.650064 -173.065781 22.649824 91.000000 
-17.512657 -173.040802 22.647308 95.000000 
-17.641695 -173.050476 22.651890 91.000000 
-17.775303 -173.059586 22.659042 76.000000 
-17.509024 -173.028107 22.646631 66.000000 
-17.630037 -173.034729 22.656370 86.000000 
-17.776430 -173.047806 22.654758 88.000000 
-17.627850 -173.022858 22.654623 88.000000 
-17.772600 -173.035019 22.653843 81.000000 
-17.628870 -173.011505 22.650534 94.000000 
-17.754177 -173.017029 22.662178 84.000000 
-17.634642 -173.001694 22.643206 85.000000 
-17.755186 -173.005310 22.657988 81.000000 
-17.902918 -173.016022 22.661011 63.000000 
-17.756157 -172.993576 22.653816 81.000000 
-17.897320 -173.001907 22.660757 85.000000 
-17.750593 -172.979858 22.653887 96.000000 
-17.896631 -172.989288 22.657488 92.000000 
-17.744987 -172.966171 22.653994 96.000000 
-17.899208 -172.977631 22.652203 89.000000 
-17.740967 -172.953003 22.653080 60.000000 
-17.898441 -172.965012 22.648981 92.000000 
-17.743410 -172.941788 22.647955 68.000000 
-17.889374 -172.950058 22.650906 96.000000 
-18.036873 -172.955841 22.659119 64.000000 
-17.885181 -172.937149 22.650009 102.000000 
-18.035984 -172.943481 22.655996 72.000000 
-17.872723 -172.921402 22.654081 108.000000 
-18.031738 -172.929626 22.654669 75.000000 
-18.022411 -172.914474 22.656363 79.000000 
-18.018080 -172.900696 22.655111 89.000000 
-18.181971 -172.906906 22.659155 70.000000 
-18.008699 -172.885056 22.656685 95.000000 
-18.174168 -172.891251 22.659380 84.000000 
-18.016045 -172.874252 22.648502 101.000000 
-18.171402 -172.877518 22.656977 79.000000 
-18.172003 -172.864594 22.652672 85.000000 
-18.175976 -172.852448 22.646454 88.000000 
-18.322073 -172.846786 22.664164 67.000000 
-18.159410 -172.836288 22.652107 94.000000 
-18.324324 -172.833817 22.658850 67.000000 
-18.156477 -172.822647 22.649832 88.000000 
-18.310959 -172.817551 22.661972 67.000000 
-18.301010 -172.802094 22.663277 77.000000 
-18.297939 -172.788116 22.660873 74.000000 
-18.490400 -172.791718 22.661526 71.000000 
-18.294827 -172.774139 22.658501 74.000000 
-18.487251 -172.777237 22.658901 76.000000 
-18.302055 -172.762222 22.650499 61.000000 
-18.477043 -172.761459 22.659931 73.000000 
-18.480822 -172.748306 22.653753 76.000000 
-18.662514 -172.746445 22.667500 60.000000 
-18.481058 -172.733795 22.649193 83.000000 
-18.653877 -172.729935 22.667130 77.000000 
-18.467207 -172.717529 22.652168 83.000000 
-18.654060 -172.715637 22.662668 76.000000 
-18.650644 -172.701477 22.660200 81.000000 
-18.640085 -172.685516 22.661053 85.000000 
-18.625929 -172.669083 22.663708 83.000000 
-18.865908 -172.670349 22.655870 89.000000 
-18.629488 -172.655396 22.657619 78.000000 
-18.858723 -172.654419 22.654694 85.000000 
-18.838911 -172.636810 22.659460 75.000000 
-18.840618 -172.622223 22.654160 89.000000 
-18.835093 -172.606674 22.652267 99.000000 
-19.047920 -172.598755 22.665546 74.000000 
-18.829519 -172.591171 22.650415 94.000000 
-19.038643 -172.582275 22.665020 81.000000 
-19.036583 -172.566666 22.661297 84.000000 
-19.023577 -172.549866 22.662483 87.000000 
-19.017773 -172.533173 22.660242 93.000000 
-19.273804 -172.525391 22.663130 109.000000 
-19.001040 -172.516144 22.663164 74.000000 
-19.271561 -172.509140 22.659269 119.000000 
-19.256422 -172.491730 22.660887 116.000000 
-19.235733 -172.473938 22.664904 118.000000 
-19.235209 -172.458771 22.660618 122.000000 
-19.514847 -172.446121 22.663237 109.000000 
-19.225435 -172.442062 22.660051 74.000000 
-19.501244 -172.428406 22.663729 125.000000 
-19.483889 -172.410538 22.665766 125.000000 
-19.485004 -172.393982 22.660406 127.000000 
-19.486067 -172.377411 22.655071 127.000000 
-19.774734 -172.358704 22.664988 62.000000 
-19.464863 -172.359528 22.658762 130.000000 
-19.770111 -172.341019 22.661629 121.000000 
-19.778509 -172.323959 22.653339 127.000000 
-19.756971 -172.305511 22.656454 129.000000 
-19.737255 -172.287292 22.658926 130.000000 
-19.738026 -172.269943 22.653595 132.000000 
-16.225163 -173.564850 22.653105 78.000000 
-16.231236 -173.556503 22.645565 80.000000 
-16.223814 -173.542572 22.648619 83.000000 
-16.219402 -173.529510 22.649204 83.000000 
-16.218006 -173.517288 22.647306 86.000000 
-16.339607 -173.533112 22.648268 64.000000 
-16.219477 -173.506912 22.643314 86.000000 
-16.330479 -173.517868 22.652037 65.000000 
-16.219423 -173.495880 22.640505 90.000000 
-16.328911 -173.505905 22.650208 65.000000 
-16.214857 -173.482925 22.641216 104.000000 
-16.327307 -173.493958 22.648407 68.000000 
-16.201225 -173.466705 22.649172 91.000000 
-16.331688 -173.485046 22.642298 65.000000 
-16.451477 -173.497391 22.649134 60.000000 
-16.326965 -173.471863 22.642815 78.000000 
-16.449783 -173.485138 22.647184 73.000000 
-16.320677 -173.458099 22.644510 92.000000 
-16.452715 -173.474701 22.641949 84.000000 
-16.320450 -173.446823 22.641680 82.000000 
-16.441618 -173.458862 22.646692 84.000000 
-16.321775 -173.435608 22.637529 75.000000 
-16.433649 -173.443756 22.649069 89.000000 
-16.573469 -173.459808 22.646076 72.000000 
-16.323002 -173.424911 22.633596 61.000000 
-16.434910 -173.432770 22.645027 87.000000 
-16.563679 -173.444397 22.649424 84.000000 
-16.436014 -173.422867 22.641405 95.000000 
-16.561644 -173.433044 22.647842 72.000000 
-16.437208 -173.411850 22.637398 95.000000 
-16.550182 -173.417191 22.652359 79.000000 
-16.432133 -173.398575 22.637884 84.000000 
-16.554543 -173.406982 22.646099 83.000000 
-16.419222 -173.382538 22.644014 69.000000 
-16.558870 -173.396729 22.639849 88.000000 
-16.679270 -173.402191 22.654484 88.000000 
-16.542625 -173.378281 22.647352 91.000000 
-16.678911 -173.388809 22.650944 81.000000 
-16.534161 -173.363770 22.649879 91.000000 
-16.684864 -173.378677 22.643627 72.000000 
-16.536783 -173.353027 22.644802 62.000000 
-16.671377 -173.362305 22.649004 75.000000 
-16.818781 -173.374054 22.651165 74.000000 
-16.662697 -173.347580 22.651264 81.000000 
-16.821486 -173.362457 22.645899 90.000000 
-16.660349 -173.336090 22.649727 87.000000 
-16.819118 -173.350586 22.644146 96.000000 
-16.661299 -173.324448 22.645687 90.000000 
-16.808588 -173.335068 22.647135 99.000000 
-16.668692 -173.314758 22.637402 81.000000 
-16.798010 -173.319626 22.650175 103.000000 
-16.659851 -173.300171 22.639803 66.000000 
-16.798914 -173.307602 22.646049 100.000000 
-16.947708 -173.315002 22.652285 74.000000 
-16.803074 -173.296494 22.639874 106.000000 
-16.945253 -173.301636 22.650034 87.000000 
-16.800608 -173.283508 22.637856 116.000000 
-16.941086 -173.287827 22.648809 83.000000 
-16.781660 -173.265381 22.646049 77.000000 
-16.938587 -173.273865 22.646412 86.000000 
-17.097155 -173.280365 22.652712 69.000000 
-16.780758 -173.252945 22.643074 72.000000 
-16.932659 -173.259689 22.646263 92.000000 
-17.094549 -173.266632 22.650333 82.000000 
-16.919992 -173.243820 22.650177 101.000000 
-17.096998 -173.254166 22.645081 94.000000 
-16.920677 -173.231445 22.646082 104.000000 
-17.087509 -173.238800 22.646643 94.000000 
-16.928024 -173.220718 22.637968 83.000000 
-17.074577 -173.222687 22.650196 94.000000 
-17.235826 -173.221542 22.658224 66.000000 
-16.918581 -173.205826 22.639982 63.000000 
-17.075201 -173.209869 22.646009 98.000000 
-17.224352 -173.206253 22.660681 74.000000 
-17.077457 -173.198059 22.641075 107.000000 
-17.223211 -173.192642 22.657335 77.000000 
-17.069498 -173.183289 22.641825 112.000000 
-17.227232 -173.179474 22.650978 86.000000 
-17.227732 -173.166214 22.646740 81.000000 
-17.210913 -173.150024 22.652195 97.000000 
-17.401323 -173.154663 22.652697 80.000000 
-17.200975 -173.134720 22.653711 97.000000 
-17.401733 -173.141586 22.648571 88.000000 
-17.201349 -173.121536 22.649574 81.000000 
-17.393394 -173.125473 22.648596 83.000000 
-17.379728 -173.109818 22.651834 83.000000 
-17.376545 -173.094803 22.649212 92.000000 
-17.564894 -173.095139 22.657900 79.000000 
-17.375040 -173.081482 22.646126 100.000000 
-17.559841 -173.080032 22.656162 76.000000 
-17.378771 -173.067017 22.639679 64.000000 
-17.545897 -173.062759 22.658649 83.000000 
-17.549610 -173.049179 22.652584 87.000000 
-17.542645 -173.034576 22.652058 87.000000 
-17.762655 -173.034515 22.652397 100.000000 
-17.539185 -173.019867 22.649586 90.000000 
-17.759151 -173.019196 22.649658 86.000000 
-17.526823 -173.003845 22.651590 68.000000 
-17.760983 -173.004654 22.644407 89.000000 
-17.525045 -172.989471 22.648304 60.000000 
-17.746630 -172.987885 22.646839 89.000000 
-17.732231 -172.971191 22.649330 100.000000 
-17.961042 -172.967758 22.654068 74.000000 
-17.728544 -172.956009 22.646748 100.000000 
-17.950056 -172.951065 22.654478 84.000000 
-17.731983 -172.941757 22.640770 66.000000 
-17.931765 -172.932831 22.657986 93.000000 
-17.922497 -172.916519 22.657688 87.000000 
-17.920444 -172.901825 22.654369 100.000000 
-18.165195 -172.894852 22.660492 109.000000 
-17.920149 -172.886581 22.650042 96.000000 
-18.161219 -172.878540 22.657534 117.000000 
-18.153532 -172.861908 22.656179 111.000000 
-18.149458 -172.845657 22.653299 118.000000 
-18.141649 -172.828308 22.651808 122.000000 
-18.398888 -172.815842 22.661947 118.000000 
-18.124660 -172.811035 22.654531 115.000000 
-18.409443 -172.800095 22.652878 126.000000 
-18.384815 -172.781677 22.658075 124.000000 
-18.367538 -172.763931 22.660339 124.000000 
-18.361303 -172.747055 22.658142 126.000000 
-18.662607 -172.731400 22.660919 111.000000 
-18.362411 -172.730667 22.652966 124.000000 
-18.659958 -172.713943 22.656982 124.000000 
-18.653526 -172.696289 22.654514 126.000000 
-18.645180 -172.678574 22.652807 128.000000 
-18.642374 -172.661163 22.648987 130.000000 
-18.626469 -172.643219 22.650251 130.000000 
-18.608654 -172.625305 22.652300 117.000000 
-15.149391 -173.942200 22.639032 61.000000 
-15.136370 -173.924850 22.646503 71.000000 
-15.127724 -173.909683 22.650566 86.000000 
-15.135283 -173.902145 22.641916 86.000000 
-15.135345 -173.891663 22.639278 90.000000 
-15.133974 -173.879990 22.637627 94.000000 
-15.243126 -173.891754 22.646973 78.000000 
-15.128049 -173.866852 22.639702 97.000000 
-15.244641 -173.881668 22.643106 82.000000 
-15.119198 -173.851913 22.643963 101.000000 
-15.249227 -173.872345 22.636780 75.000000 
-15.122231 -173.841782 22.638699 111.000000 
-15.244782 -173.858582 22.637091 79.000000 
-15.234166 -173.842819 22.642208 86.000000 
-15.362638 -173.860275 22.641432 83.000000 
-15.123604 -173.820557 22.632132 71.000000 
-15.235617 -173.832230 22.638233 79.000000 
-15.359505 -173.847427 22.640644 89.000000 
-15.235518 -173.820984 22.635422 89.000000 
-15.348609 -173.831543 22.645447 87.000000 
-15.235384 -173.809753 22.632633 79.000000 
-15.350029 -173.820618 22.641397 92.000000 
-15.348322 -173.808472 22.639599 89.000000 
-15.460963 -173.815887 22.654209 81.000000 
-15.349671 -173.797531 22.635593 92.000000 
-15.462345 -173.804657 22.650097 86.000000 
-15.344794 -173.784225 22.636087 95.000000 
-15.463692 -173.793427 22.646004 83.000000 
-15.336717 -173.770340 22.639061 89.000000 
-15.461783 -173.781586 22.644308 81.000000 
-15.456746 -173.768066 22.644615 86.000000 
-15.591055 -173.780228 22.648825 62.000000 
-15.448572 -173.752899 22.646946 83.000000 
-15.590786 -173.767487 22.645519 77.000000 
-15.446609 -173.740585 22.645147 86.000000 
-15.585592 -173.753693 22.645622 72.000000 
-15.444551 -173.728836 22.643576 88.000000 
-15.580298 -173.740524 22.645967 72.000000 
-15.579848 -173.728409 22.642958 84.000000 
-15.731717 -173.743317 22.641106 90.000000 
-15.580970 -173.716812 22.638906 84.000000 
-15.719790 -173.727173 22.645134 92.000000 
-15.582055 -173.705215 22.634874 90.000000 
-15.717636 -173.714172 22.643032 82.000000 
-15.573492 -173.689957 22.637083 96.000000 
-15.717133 -173.701080 22.639721 89.000000 
-15.566444 -173.675842 22.638470 60.000000 
-15.726361 -173.691559 22.630424 92.000000 
-15.856763 -173.695511 22.647280 74.000000 
-15.710982 -173.674652 22.636702 96.000000 
-15.852798 -173.681702 22.646065 90.000000 
-15.698832 -173.658829 22.640965 105.000000 
-15.850458 -173.668396 22.643879 86.000000 
-15.688186 -173.644760 22.644638 88.000000 
-15.837990 -173.653564 22.648174 79.000000 
-15.690708 -173.633331 22.639605 70.000000 
-15.828904 -173.638489 22.650091 95.000000 
-16.002060 -173.650848 22.646276 68.000000 
-15.826441 -173.625305 22.648018 101.000000 
-15.997886 -173.636749 22.644936 94.000000 
-15.823936 -173.612122 22.645975 98.000000 
-15.985208 -173.620499 22.648502 85.000000 
-15.828137 -173.599487 22.639500 101.000000 
-15.982718 -173.605637 22.645849 85.000000 
-15.986874 -173.593735 22.639730 79.000000 
-15.980832 -173.579315 22.639513 98.000000 
-16.131470 -173.577103 22.652023 65.000000 
-15.973054 -173.564545 22.640320 101.000000 
-16.132095 -173.565262 22.648212 72.000000 
-15.963475 -173.550705 22.642561 93.000000 
-16.124161 -173.550186 22.648743 77.000000 
-15.969168 -173.539185 22.635553 64.000000 
-16.114491 -173.534119 22.650061 88.000000 
-16.306223 -173.541687 22.648609 62.000000 
-16.109903 -173.519882 22.648779 88.000000 
-16.301556 -173.527618 22.647253 71.000000 
-16.113842 -173.508179 22.642965 100.000000 
-16.284678 -173.510437 22.652132 73.000000 
-16.110891 -173.494339 22.640787 74.000000 
-16.288641 -173.498215 22.646271 76.000000 
-16.285639 -173.483246 22.643682 80.000000 
-16.461365 -173.483826 22.657616 60.000000 
-16.284292 -173.469986 22.640625 88.000000 
-16.463558 -173.470062 22.652399 67.000000 
-16.275970 -173.454056 22.640877 85.000000 
-16.456881 -173.454697 22.651627 67.000000 
-16.458988 -173.440918 22.646463 85.000000 
-16.448715 -173.423599 22.647121 85.000000 
-16.659475 -173.424988 22.650608 94.000000 
-16.441900 -173.408340 22.646473 90.000000 
-16.661516 -173.410599 22.645367 99.000000 
-16.435040 -173.393143 22.645864 90.000000 
-16.650999 -173.394257 22.646122 86.000000 
-16.631498 -173.376648 22.651209 89.000000 
-16.629816 -173.363266 22.648214 86.000000 
-16.842010 -173.359940 22.658777 73.000000 
-16.631680 -173.348923 22.643101 100.000000 
-16.831236 -173.343307 22.659271 84.000000 
-16.635284 -173.333359 22.636726 100.000000 
-16.831263 -173.326645 22.654451 93.000000 
-16.620964 -173.316803 22.639429 67.000000 
-16.824005 -173.310562 22.653393 100.000000 
-16.820326 -173.296494 22.651155 93.000000 
-17.057499 -173.291962 22.659090 75.000000 
-16.816595 -173.280930 22.648520 100.000000 
-17.057377 -173.276154 22.654613 118.000000 
-16.801952 -173.262619 22.650471 90.000000 
-17.055359 -173.258591 22.650511 119.000000 
-17.045998 -173.241821 22.650049 117.000000 
-17.031109 -173.224564 22.652012 118.000000 
-17.023479 -173.208130 22.650856 121.000000 
-17.291414 -173.199478 22.654497 123.000000 
-17.023111 -173.192413 22.646559 117.000000 
-17.276260 -173.181732 22.656038 125.000000 
-17.015387 -173.176041 22.645483 68.000000 
-17.268438 -173.164703 22.654608 124.000000 
-17.260569 -173.147705 22.653223 125.000000 
-17.258183 -173.131180 22.649601 126.000000 
-17.544386 -173.117661 22.656332 121.000000 
-17.248369 -173.114136 22.649061 125.000000 
-17.540037 -173.100220 22.653212 124.000000 
-17.238508 -173.097153 22.648571 117.000000 
-17.535635 -173.082809 22.650131 126.000000 
-17.523737 -173.064987 22.649986 130.000000 
-17.513651 -173.047348 22.649168 131.000000 
-17.509096 -173.030029 22.646215 131.000000 
-17.493330 -173.012238 22.647676 123.000000 
-17.498070 -172.997116 22.641588 61.000000 
-14.064173 -174.288773 22.646416 68.000000 
-14.061532 -174.276337 22.645800 86.000000 
-14.069157 -174.268829 22.637106 86.000000 
-14.064972 -174.255707 22.637701 86.000000 
-14.063694 -174.244003 22.636003 86.000000 
-14.055003 -174.228897 22.640167 94.000000 
-14.174586 -174.245895 22.641426 73.000000 
-14.053647 -174.217255 22.638536 104.000000 
-14.174725 -174.234589 22.638466 71.000000 
-14.059639 -174.208954 22.631079 107.000000 
-14.170305 -174.221298 22.638939 79.000000 
-14.058214 -174.197311 22.629492 107.000000 
-14.165844 -174.208054 22.639448 79.000000 
-14.049358 -174.182388 22.633812 71.000000 
-14.173416 -174.200027 22.630863 79.000000 
-14.280555 -174.209061 22.645826 76.000000 
-14.046376 -174.170135 22.633469 86.000000 
-14.171901 -174.188095 22.629139 79.000000 
-14.283637 -174.198746 22.640600 81.000000 
-14.161281 -174.172363 22.634327 82.000000 
-14.282064 -174.186554 22.638725 87.000000 
-14.153638 -174.157990 22.637270 75.000000 
-14.280454 -174.174362 22.636879 81.000000 
-14.275649 -174.161514 22.637497 84.000000 
-14.394608 -174.171844 22.647755 78.000000 
-14.270876 -174.148148 22.637949 92.000000 
-14.399189 -174.161774 22.641447 79.000000 
-14.272238 -174.137222 22.633951 89.000000 
-14.394300 -174.148148 22.641666 79.000000 
-14.270475 -174.125107 22.632221 87.000000 
-14.379930 -174.131042 22.648455 74.000000 
-14.381251 -174.119827 22.644400 79.000000 
-14.515506 -174.132629 22.648491 82.000000 
-14.379387 -174.107468 22.642551 79.000000 
-14.510419 -174.118790 22.648552 81.000000 
-14.386938 -174.098495 22.634159 79.000000 
-14.508497 -174.106094 22.646534 84.000000 
-14.375543 -174.082779 22.638941 79.000000 
-14.506536 -174.093414 22.644543 84.000000 
-14.653447 -174.107849 22.645863 62.000000 
-14.507745 -174.081833 22.640455 81.000000 
-14.651435 -174.094788 22.643682 106.000000 
-14.502496 -174.068100 22.640652 90.000000 
-14.651014 -174.082260 22.640503 92.000000 
-14.497204 -174.054413 22.640888 87.000000 
-14.652187 -174.070251 22.636316 92.000000 
-14.495085 -174.041809 22.639019 75.000000 
-14.641886 -174.054672 22.639393 99.000000 
-14.626687 -174.037064 22.645430 102.000000 
-14.796550 -174.053558 22.637602 83.000000 
-14.622830 -174.023651 22.644463 106.000000 
-14.776042 -174.034836 22.646381 86.000000 
-14.630333 -174.014297 22.636442 110.000000 
-14.767062 -174.020233 22.648415 79.000000 
-14.624763 -174.000412 22.636570 78.000000 
-14.761415 -174.006012 22.648273 81.000000 
-14.759003 -173.993393 22.646360 86.000000 
-14.922042 -174.003799 22.648331 94.000000 
-14.759927 -173.981094 22.642246 98.000000 
-14.916242 -173.989243 22.647959 98.000000 
-14.754242 -173.965729 22.641802 92.000000 
-14.917244 -173.975220 22.643303 88.000000 
-14.745097 -173.950760 22.643837 71.000000 
-14.918112 -173.962463 22.639093 91.000000 
-14.905380 -173.946899 22.642958 94.000000 
-15.064604 -173.947876 22.650730 65.000000 
-14.892644 -173.930801 22.646669 98.000000 
-15.060255 -173.933487 22.649286 77.000000 
-14.893389 -173.918121 22.642561 98.000000 
-15.050717 -173.917923 22.650719 77.000000 
-14.900857 -173.907059 22.634527 61.000000 
-15.044599 -173.902573 22.650093 81.000000 
-15.045264 -173.889450 22.645912 86.000000 
-15.223114 -173.894852 22.651695 68.000000 
-15.042426 -173.876221 22.643869 92.000000 
-15.221987 -173.881546 22.648512 80.000000 
-15.036144 -173.861618 22.643560 92.000000 
-15.217370 -173.866837 22.646975 83.000000 
-15.217930 -173.853226 22.642717 76.000000 
-15.214967 -173.838898 22.640327 78.000000 
-15.191072 -173.820496 22.649054 83.000000 
-15.391234 -173.826141 22.649809 75.000000 
-15.194983 -173.807632 22.643051 80.000000 
-15.384626 -173.810745 22.649029 81.000000 
-15.377973 -173.795380 22.648293 83.000000 
-15.374801 -173.780701 22.645815 87.000000 
-15.590908 -173.783997 22.646553 77.000000 
-15.375113 -173.766632 22.641584 90.000000 
-15.566236 -173.765228 22.654085 100.000000 
-15.368325 -173.751358 22.640959 92.000000 
-15.577222 -173.752335 22.644596 83.000000 
-15.568523 -173.736298 22.644539 78.000000 
-15.563349 -173.720856 22.642809 83.000000 
-15.550986 -173.704391 22.644562 92.000000 
-15.772173 -173.702728 22.650513 74.000000 
-15.542150 -173.688522 22.644642 99.000000 
-15.772263 -173.687546 22.646101 75.000000 
-15.543982 -173.674225 22.639578 61.000000 
-15.754246 -173.669937 22.649965 75.000000 
-15.739793 -173.652939 22.652241 75.000000 
-16.000648 -173.652374 22.649548 65.000000 
-15.728909 -173.637238 22.653131 87.000000 
-15.982341 -173.635178 22.653147 112.000000 
-15.737844 -173.623260 22.644722 85.000000 
-15.963984 -173.617310 22.656586 115.000000 
-15.961990 -173.599792 22.652523 114.000000 
-15.959961 -173.583878 22.648937 116.000000 
-15.959723 -173.568924 22.644804 120.000000 
-16.209352 -173.559738 22.655941 122.000000 
-15.955775 -173.552811 22.642076 120.000000 
-16.207193 -173.543137 22.652187 123.000000 
-15.935334 -173.534378 22.646368 105.000000 
-16.204962 -173.525711 22.648245 124.000000 
-16.189796 -173.508041 22.649883 124.000000 
-16.176449 -173.491425 22.651037 125.000000 
-16.471935 -173.480011 22.653677 118.000000 
-16.164875 -173.474228 22.651262 125.000000 
-16.462086 -173.462173 22.652710 123.000000 
-16.167997 -173.458176 22.645412 120.000000 
-16.448465 -173.444153 22.653240 125.000000 
-16.442234 -173.426666 22.650925 126.000000 
-16.437813 -173.409348 22.647921 126.000000 
-16.438919 -173.392334 22.642769 126.000000 
-16.421379 -173.374359 22.644957 123.000000 
-13.020530 -174.649902 22.641199 71.000000 
-13.007698 -174.632324 22.648588 90.000000 
-13.003634 -174.619110 22.649113 101.000000 
-13.005415 -174.608749 22.645046 101.000000 
-13.008636 -174.599060 22.639837 94.000000 
-13.005846 -174.587112 22.639490 88.000000 
-13.113777 -174.599213 22.650608 64.000000 
-13.000154 -174.573303 22.641304 97.000000 
-13.117007 -174.589203 22.645357 65.000000 
-12.995894 -174.560226 22.641993 97.000000 
-13.115686 -174.577164 22.643518 65.000000 
-12.996024 -174.549194 22.639208 101.000000 
-13.114328 -174.565155 22.641708 65.000000 
-12.994640 -174.537506 22.637619 74.000000 
-13.108407 -174.551178 22.643341 73.000000 
-13.235594 -174.569183 22.644390 60.000000 
-12.999136 -174.528458 22.631359 63.000000 
-13.105461 -174.538544 22.642733 68.000000 
-13.227995 -174.554291 22.646858 73.000000 
-13.108516 -174.528519 22.637589 73.000000 
-13.224969 -174.541382 22.646051 68.000000 
-13.114560 -174.519745 22.630165 79.000000 
-13.220363 -174.527863 22.646389 70.000000 
-13.226502 -174.518738 22.638973 73.000000 
-13.342669 -174.528381 22.652189 64.000000 
-13.227986 -174.507721 22.634911 76.000000 
-13.342620 -174.516449 22.649094 87.000000 
-13.221721 -174.493637 22.636450 92.000000 
-13.347248 -174.506302 22.642775 83.000000 
-13.213868 -174.479019 22.639154 78.000000 
-13.339264 -174.491394 22.645144 81.000000 
-13.337527 -174.478882 22.643209 86.000000 
-13.329455 -174.464081 22.645664 81.000000 
-13.473544 -174.481140 22.644251 93.000000 
-13.333872 -174.454483 22.639633 76.000000 
-13.462101 -174.464920 22.648500 78.000000 
-13.328870 -174.440887 22.639975 67.000000 
-13.453752 -174.450485 22.650896 78.000000 
-13.455112 -174.438248 22.646566 75.000000 
-13.605564 -174.454071 22.646477 61.000000 
-13.459518 -174.428253 22.640543 78.000000 
-13.592180 -174.437180 22.651457 90.000000 
-13.459198 -174.415451 22.637316 72.000000 
-13.599970 -174.427246 22.643131 92.000000 
-13.455506 -174.402756 22.636654 75.000000 
-13.593027 -174.412552 22.644083 89.000000 
-13.599111 -174.402039 22.636816 92.000000 
-13.588815 -174.386398 22.639910 89.000000 
-13.737571 -174.396744 22.646038 69.000000 
-13.580109 -174.371338 22.642015 102.000000 
-13.743692 -174.385742 22.638781 83.000000 
-13.571357 -174.356339 22.644171 91.000000 
-13.733160 -174.369858 22.641558 92.000000 
-13.714166 -174.352921 22.649830 89.000000 
-13.894413 -174.368790 22.643114 60.000000 
-13.711856 -174.339584 22.647684 89.000000 
-13.888664 -174.354675 22.642876 94.000000 
-13.716158 -174.328110 22.641537 83.000000 
-13.876219 -174.337494 22.646132 85.000000 
-13.720424 -174.316605 22.635399 86.000000 
-13.873809 -174.323730 22.643820 79.000000 
-13.874735 -174.310867 22.639585 76.000000 
-13.877311 -174.298416 22.634396 73.000000 
-14.018314 -174.294312 22.653479 69.000000 
-13.866365 -174.281906 22.636860 88.000000 
-14.026023 -174.282700 22.645409 67.000000 
-13.857020 -174.266525 22.638603 82.000000 
-14.016501 -174.267624 22.647011 69.000000 
-14.003543 -174.251175 22.650343 72.000000 
-14.000869 -174.236496 22.647825 74.000000 
-14.191216 -174.244980 22.648079 74.000000 
-14.010130 -174.225204 22.638889 77.000000 
-14.184960 -174.229706 22.647383 76.000000 
-14.009053 -174.211548 22.635679 67.000000 
-14.178658 -174.214493 22.646729 78.000000 
-14.182754 -174.201477 22.640614 73.000000 
-14.176335 -174.186981 22.640242 83.000000 
-14.350727 -174.188370 22.655928 79.000000 
-14.169902 -174.171860 22.639696 83.000000 
-14.349510 -174.173813 22.652437 76.000000 
-14.350012 -174.159607 22.648090 72.000000 
-14.346942 -174.144730 22.645544 76.000000 
-14.565323 -174.149384 22.646898 60.000000 
-14.329716 -174.127365 22.650135 78.000000 
-14.565749 -174.134537 22.642422 100.000000 
-14.326554 -174.112579 22.647669 87.000000 
-14.550059 -174.117020 22.645628 100.000000 
-14.332184 -174.098618 22.640566 65.000000 
-14.539692 -174.099731 22.646120 100.000000 
-14.531047 -174.083542 22.646029 94.000000 
-14.531295 -174.068069 22.641485 99.000000 
-14.740400 -174.065521 22.654778 83.000000 
-14.531484 -174.053299 22.637184 90.000000 
-14.735172 -174.049408 22.652767 84.000000 
-14.735310 -174.034851 22.648556 84.000000 
-14.722762 -174.017822 22.649908 85.000000 
-14.713779 -174.001343 22.649666 100.000000 
-14.958672 -173.999283 22.655392 109.000000 
-14.697523 -173.983994 22.652775 87.000000 
-14.962325 -173.983765 22.649300 121.000000 
-14.953147 -173.966736 22.648741 119.000000 
-14.934789 -173.948715 22.652178 119.000000 
-14.929164 -173.932236 22.650141 122.000000 
-15.208717 -173.927277 22.650703 109.000000 
-14.925318 -173.915970 22.647352 123.000000 
-15.190063 -173.908798 22.653633 127.000000 
-14.928725 -173.900467 22.641420 102.000000 
-15.180581 -173.891296 22.652859 127.000000 
-15.174738 -173.874207 22.650621 125.000000 
-15.176220 -173.857788 22.645395 127.000000 
-15.459379 -173.846649 22.655254 62.000000 
-15.168431 -173.840576 22.643993 127.000000 
-15.455217 -173.828979 22.652040 121.000000 
-15.144024 -173.822906 22.649704 124.000000 
-15.454751 -173.812469 22.647657 126.000000 
-15.134297 -173.805710 22.649166 107.000000 
-15.437460 -173.793915 22.649569 126.000000 
-15.425702 -173.775848 22.649372 126.000000 
-15.425056 -173.758545 22.644878 127.000000 
-15.418777 -173.740906 22.642597 129.000000 
-11.916176 -174.975189 22.661932 68.000000 
-11.922569 -174.966522 22.654179 80.000000 
-11.927377 -174.957611 22.647787 74.000000 
-11.917408 -174.942062 22.653208 77.000000 
-11.910415 -174.927490 22.656158 77.000000 
-11.915118 -174.918564 22.649836 80.000000 
-12.025764 -174.932831 22.658308 68.000000 
-11.913918 -174.906845 22.648190 80.000000 
-12.018553 -174.918091 22.661013 68.000000 
-11.918561 -174.897888 22.641891 74.000000 
-12.020298 -174.907471 22.656950 63.000000 
-12.025011 -174.898178 22.650631 65.000000 
-12.142806 -174.913422 22.658224 70.000000 
-12.026773 -174.887009 22.646399 65.000000 
-12.136960 -174.898621 22.659395 76.000000 
-12.019396 -174.872391 22.649246 63.000000 
-12.143246 -174.889618 22.651951 84.000000 
-12.014824 -174.860214 22.650246 68.000000 
-12.147805 -174.881012 22.646030 84.000000 
-12.134082 -174.863632 22.653063 78.000000 
-12.259335 -174.878204 22.659533 74.000000 
-12.121840 -174.847000 22.659046 76.000000 
-12.260962 -174.866898 22.655354 87.000000 
-12.123380 -174.836090 22.655031 74.000000 
-12.253161 -174.851898 22.657686 79.000000 
-12.131034 -174.827637 22.646557 74.000000 
-12.248446 -174.838165 22.657898 74.000000 
-12.246824 -174.825699 22.655975 74.000000 
-12.384386 -174.841599 22.658665 62.000000 
-12.242026 -174.812027 22.656258 72.000000 
-12.369946 -174.824081 22.664988 82.000000 
-12.249738 -174.803131 22.647846 67.000000 
-12.368229 -174.811310 22.662931 87.000000 
-12.244863 -174.789490 22.648188 66.000000 
-12.368070 -174.799118 22.659847 72.000000 
-12.513360 -174.815140 22.662813 61.000000 
-12.374267 -174.789200 22.652542 75.000000 
-12.513183 -174.802551 22.659571 69.000000 
-12.369236 -174.775314 22.652685 75.000000 
-12.511340 -174.789429 22.657381 96.000000 
-12.360963 -174.760376 22.654997 75.000000 
-12.512711 -174.777390 22.653164 96.000000 
-12.362249 -174.748764 22.650951 75.000000 
-12.505904 -174.762665 22.654121 85.000000 
-12.365100 -174.737686 22.645859 62.000000 
-12.495795 -174.746948 22.657190 92.000000 
-12.500364 -174.735397 22.650785 92.000000 
-12.643922 -174.745651 22.659668 87.000000 
-12.496686 -174.721832 22.649788 85.000000 
-12.630262 -174.728699 22.664434 95.000000 
-12.497799 -174.710434 22.645910 89.000000 
-12.631406 -174.716965 22.660442 79.000000 
-12.625941 -174.702621 22.660282 81.000000 
-12.789078 -174.715378 22.662983 62.000000 
-12.630325 -174.691849 22.654325 81.000000 
-12.788500 -174.702728 22.659864 94.000000 
-12.618145 -174.675644 22.658268 83.000000 
-12.786255 -174.688965 22.657528 94.000000 
-12.612554 -174.661407 22.658220 89.000000 
-12.787337 -174.676147 22.653276 98.000000 
-12.616878 -174.650024 22.652128 61.000000 
-12.774899 -174.659668 22.656858 91.000000 
-12.765782 -174.644196 22.658543 91.000000 
-12.919990 -174.645798 22.669540 69.000000 
-12.763365 -174.630554 22.656349 88.000000 
-12.912451 -174.629807 22.669767 77.000000 
-12.764323 -174.617157 22.652018 94.000000 
-12.913373 -174.616653 22.665524 88.000000 
-12.910788 -174.603317 22.663408 92.000000 
-12.911628 -174.590149 22.659214 86.000000 
-13.089556 -174.598389 22.665766 77.000000 
-12.905578 -174.575363 22.658852 86.000000 
-13.088688 -174.583649 22.662136 83.000000 
-12.892632 -174.559052 22.662346 64.000000 
-13.082488 -174.569122 22.661713 78.000000 
-13.079791 -174.554016 22.659069 76.000000 
-13.066558 -174.538086 22.662399 76.000000 
-13.252880 -174.543106 22.670937 73.000000 
-13.060292 -174.522339 22.661678 73.000000 
-13.250033 -174.528275 22.668344 73.000000 
-13.236581 -174.511383 22.671097 76.000000 
-13.237164 -174.497299 22.666813 73.000000 
-13.230659 -174.481873 22.666107 81.000000 
-13.432493 -174.485306 22.673964 89.000000 
-13.234697 -174.467743 22.659889 78.000000 
-13.427679 -174.468994 22.671907 89.000000 
-13.424574 -174.453735 22.669254 81.000000 
-13.426751 -174.440140 22.664286 75.000000 
-13.419991 -174.424332 22.663408 83.000000 
-13.637743 -174.425415 22.671785 77.000000 
-13.404269 -174.407120 22.666872 78.000000 
-13.630863 -174.409073 22.670616 87.000000 
-13.618524 -174.391983 22.671953 76.000000 
-13.607939 -174.375229 22.672522 74.000000 
-13.604523 -174.359573 22.669840 76.000000 
-13.858190 -174.361252 22.670824 112.000000 
-13.604667 -174.344437 22.665541 74.000000 
-13.840102 -174.343018 22.674183 116.000000 
-13.829259 -174.325836 22.674456 115.000000 
-13.825664 -174.308823 22.671400 116.000000 
-13.829310 -174.293488 22.665434 115.000000 
-14.069966 -174.286987 22.681120 106.000000 
-13.827440 -174.278275 22.662088 117.000000 
-14.082810 -174.272751 22.671541 126.000000 
-13.798166 -174.259216 22.670490 66.000000 
-14.080863 -174.256042 22.667774 126.000000 
-14.060443 -174.237503 22.671606 124.000000 
-14.036289 -174.218750 22.677027 124.000000 
-14.335666 -174.212189 22.678877 62.000000 
-14.037876 -174.202560 22.671883 125.000000 
-14.324234 -174.194016 22.678579 122.000000 
-14.039412 -174.186340 22.666765 107.000000 
-14.309032 -174.175613 22.679773 124.000000 
-14.304936 -174.158173 22.676697 124.000000 
-14.304505 -174.141052 22.672211 125.000000 
-14.302164 -174.123764 22.668480 126.000000 
-14.290476 -174.105881 22.668423 120.000000 
-10.842972 -175.321869 22.652201 74.000000 
-10.837694 -175.307846 22.653837 80.000000 
-10.839653 -175.297531 22.649729 80.000000 
-10.844398 -175.289185 22.643522 80.000000 
-10.840462 -175.275955 22.644093 80.000000 
-10.833563 -175.261322 22.647030 83.000000 
-10.956017 -175.282166 22.646334 70.000000 
-10.832461 -175.249588 22.645346 83.000000 
-10.957896 -175.271500 22.642179 65.000000 
-10.834248 -175.239288 22.641348 83.000000 
-10.956757 -175.259445 22.640316 65.000000 
-10.833075 -175.227570 22.639713 86.000000 
-10.946616 -175.243271 22.645308 68.000000 
-10.946889 -175.231949 22.642374 73.000000 
-11.075313 -175.252563 22.642010 76.000000 
-10.953110 -175.223328 22.634890 79.000000 
-11.071001 -175.238892 22.642250 74.000000 
-10.957805 -175.214005 22.628555 79.000000 
-11.066647 -175.225250 22.642527 74.000000 
-10.947493 -175.197998 22.633707 82.000000 
-11.065305 -175.212967 22.640617 72.000000 
-11.192227 -175.229156 22.646141 61.000000 
-11.071484 -175.204468 22.633364 81.000000 
-11.189196 -175.216476 22.645351 87.000000 
-11.067012 -175.190887 22.633732 87.000000 
-11.190886 -175.205139 22.641134 91.000000 
-11.057985 -175.174896 22.637299 76.000000 
-11.192621 -175.193237 22.636728 78.000000 
-11.056488 -175.162674 22.635506 76.000000 
-11.187996 -175.179398 22.636902 77.000000 
-11.177005 -175.163727 22.641678 70.000000 
-11.319415 -175.182175 22.641123 82.000000 
-11.175417 -175.151215 22.639753 83.000000 
-11.311461 -175.166885 22.643206 88.000000 
-11.176915 -175.139923 22.635668 79.000000 
-11.305051 -175.152267 22.644278 78.000000 
-11.178379 -175.128601 22.631601 81.000000 
-11.303371 -175.139435 22.642210 70.000000 
-11.308023 -175.128922 22.635918 64.000000 
-11.442235 -175.141296 22.646015 85.000000 
-11.303081 -175.114960 22.636032 70.000000 
-11.443708 -175.129257 22.641737 85.000000 
-11.301215 -175.102753 22.634254 70.000000 
-11.441831 -175.116684 22.639755 89.000000 
-11.289810 -175.086624 22.638720 75.000000 
-11.441607 -175.104080 22.636557 82.000000 
-11.431606 -175.088226 22.639601 75.000000 
-11.585160 -175.102844 22.642572 60.000000 
-11.428052 -175.074585 22.638544 79.000000 
-11.578271 -175.087753 22.643261 83.000000 
-11.424394 -175.061584 22.637730 75.000000 
-11.567968 -175.072311 22.646214 92.000000 
-11.428884 -175.050613 22.631527 89.000000 
-11.552731 -175.054794 22.652023 86.000000 
-11.560691 -175.043213 22.643364 81.000000 
-11.735704 -175.060272 22.639204 73.000000 
-11.558577 -175.029831 22.641195 77.000000 
-11.720158 -175.042511 22.644575 94.000000 
-11.559614 -175.018677 22.637445 77.000000 
-11.717873 -175.029999 22.642641 91.000000 
-11.554114 -175.004333 22.637362 75.000000 
-11.715666 -175.016205 22.640306 85.000000 
-11.720245 -175.003006 22.633659 82.000000 
-11.868127 -175.003799 22.648932 60.000000 
-11.711229 -174.987381 22.635309 79.000000 
-11.863986 -174.990524 22.647840 72.000000 
-11.695342 -174.971283 22.641361 70.000000 
-11.861617 -174.976395 22.645403 67.000000 
-11.699688 -174.959396 22.635225 70.000000 
-11.850770 -174.958786 22.647312 64.000000 
-11.853429 -174.945999 22.642097 67.000000 
-12.041957 -174.958099 22.643379 62.000000 
-11.854250 -174.934082 22.638279 67.000000 
-12.023815 -174.940521 22.649250 74.000000 
-11.850000 -174.919601 22.636923 66.000000 
-12.021253 -174.926010 22.646717 71.000000 
-12.025573 -174.913086 22.640541 66.000000 
-12.026387 -174.899368 22.636225 63.000000 
-12.009834 -174.881805 22.641163 60.000000 
-12.192868 -174.887726 22.651726 75.000000 
-12.197129 -174.874268 22.645552 75.000000 
-12.194393 -174.857925 22.642511 72.000000 
-12.177488 -174.840210 22.647066 73.000000 
-12.411606 -174.851273 22.639847 68.000000 
-12.174527 -174.826797 22.644978 73.000000 
-12.392619 -174.834259 22.645170 96.000000 
-12.178612 -174.813324 22.638912 73.000000 
-12.380761 -174.817215 22.646692 83.000000 
-12.370633 -174.800568 22.647413 86.000000 
-12.381804 -174.787735 22.637878 83.000000 
-12.375139 -174.771759 22.636953 86.000000 
-12.578874 -174.771561 22.652115 77.000000 
-12.364870 -174.755234 22.637798 75.000000 
-12.586492 -174.757416 22.644331 84.000000 
-12.359891 -174.739655 22.636099 63.000000 
-12.585061 -174.741806 22.640682 77.000000 
-12.569180 -174.724014 22.643681 73.000000 
-12.562252 -174.707672 22.642597 73.000000 
-12.812642 -174.710129 22.645342 109.000000 
-12.553476 -174.691116 22.642387 70.000000 
-12.800134 -174.692413 22.646309 119.000000 
-12.789396 -174.675034 22.646538 120.000000 
-12.776788 -174.657471 22.647615 118.000000 
-12.780516 -174.642075 22.641584 117.000000 
-13.027041 -174.637497 22.655062 121.000000 
-12.775090 -174.625519 22.639565 116.000000 
-13.021558 -174.620300 22.652731 127.000000 
-13.021541 -174.603745 22.648169 126.000000 
-13.017794 -174.586792 22.645157 123.000000 
-13.010318 -174.569473 22.643707 126.000000 
-13.295355 -174.562943 22.651735 64.000000 
-12.995435 -174.551468 22.645357 127.000000 
-13.298885 -174.545959 22.645618 125.000000 
-12.976824 -174.533203 22.648600 107.000000 
-13.276367 -174.526611 22.649666 125.000000 
-13.259367 -174.507904 22.651609 124.000000 
-13.253420 -174.488495 22.648798 126.000000 
-13.254878 -174.471405 22.643566 124.000000 
-9.755568 -175.653595 22.660553 64.000000 
-9.756316 -175.642029 22.657349 80.000000 
-9.749670 -175.627228 22.660151 77.000000 
-9.748784 -175.615448 22.658369 80.000000 
-9.743502 -175.601486 22.660095 90.000000 
-9.746708 -175.592972 22.655293 86.000000 
-9.849667 -175.605530 22.669397 64.000000 
-9.744258 -175.580521 22.654757 90.000000 
-9.853116 -175.595703 22.664131 65.000000 
-9.738856 -175.566650 22.656588 97.000000 
-9.849097 -175.582291 22.664545 68.000000 
-9.736325 -175.554245 22.656120 104.000000 
-9.853968 -175.573135 22.658182 68.000000 
-9.850055 -175.558701 22.658253 68.000000 
-9.970489 -175.577057 22.663284 76.000000 
-9.844422 -175.544662 22.659910 83.000000 
-9.973886 -175.566818 22.658003 81.000000 
-9.840060 -175.532440 22.660866 73.000000 
-9.963374 -175.551590 22.663126 87.000000 
-9.843301 -175.522568 22.655727 67.000000 
-9.956042 -175.536682 22.665670 78.000000 
-10.093236 -175.558762 22.663260 61.000000 
-9.957892 -175.525269 22.661375 81.000000 
-10.081175 -175.541061 22.668518 78.000000 
-9.959620 -175.514389 22.657305 89.000000 
-10.067415 -175.523376 22.675131 74.000000 
-9.967415 -175.506088 22.648781 92.000000 
-10.072256 -175.513489 22.668812 76.000000 
-10.070844 -175.501022 22.666845 72.000000 
-10.075618 -175.491089 22.660557 76.000000 
-10.200148 -175.504074 22.671345 82.000000 
-10.071016 -175.477386 22.660820 83.000000 
-10.198648 -175.491302 22.669235 81.000000 
-10.057020 -175.460037 22.667677 69.000000 
-10.203457 -175.480957 22.662928 75.000000 
-10.195532 -175.465790 22.665104 75.000000 
-10.351747 -175.488083 22.660542 62.000000 
-10.187407 -175.451843 22.667742 78.000000 
-10.348357 -175.475525 22.659739 90.000000 
-10.192105 -175.441498 22.661501 87.000000 
-10.338623 -175.459503 22.662647 89.000000 
-10.190558 -175.427628 22.659126 78.000000 
-10.324139 -175.440643 22.668280 85.000000 
-10.327246 -175.429291 22.663048 82.000000 
-10.330245 -175.418518 22.658045 85.000000 
-10.463655 -175.428024 22.672747 69.000000 
-10.326803 -175.404922 22.656992 92.000000 
-10.463464 -175.415176 22.669462 83.000000 
-10.323252 -175.391937 22.656179 99.000000 
-10.456575 -175.400818 22.670425 83.000000 
-10.461246 -175.389587 22.664190 69.000000 
-10.449398 -175.373108 22.668030 67.000000 
-10.620498 -175.390915 22.665375 76.000000 
-10.445745 -175.359299 22.666885 83.000000 
-10.625190 -175.379150 22.659098 84.000000 
-10.442051 -175.345520 22.665775 89.000000 
-10.609741 -175.361404 22.664513 79.000000 
-10.600944 -175.345718 22.666094 67.000000 
-10.598804 -175.332047 22.663813 65.000000 
-10.754621 -175.336792 22.673687 65.000000 
-10.593269 -175.317444 22.663521 62.000000 
-10.752411 -175.322739 22.671232 67.000000 
-10.607823 -175.308502 22.651485 94.000000 
-10.760374 -175.311432 22.663139 67.000000 
-10.758080 -175.297363 22.660736 69.000000 
-10.745522 -175.280640 22.664061 67.000000 
-10.739731 -175.265778 22.663637 72.000000 
-10.941631 -175.281952 22.656702 77.000000 
-10.740714 -175.252670 22.659441 74.000000 
-10.927098 -175.264481 22.660555 85.000000 
-10.914243 -175.247543 22.663553 80.000000 
-10.911714 -175.233124 22.661093 80.000000 
-11.110237 -175.244766 22.663719 64.000000 
-10.912601 -175.219513 22.656822 80.000000 
-11.098891 -175.227890 22.665449 72.000000 
-10.920367 -175.207458 22.648882 78.000000 
-11.096260 -175.212997 22.662813 72.000000 
-11.097091 -175.198853 22.658436 72.000000 
-11.097877 -175.184723 22.654085 75.000000 
-11.298200 -175.191101 22.663284 71.000000 
-11.088058 -175.169098 22.655319 75.000000 
-11.300705 -175.177475 22.658165 100.000000 
-11.074722 -175.152145 22.658171 73.000000 
-11.301429 -175.162750 22.653694 86.000000 
-11.284374 -175.143921 22.657583 83.000000 
-11.270788 -175.126617 22.660046 72.000000 
-11.271368 -175.111984 22.655693 86.000000 
-11.494613 -175.117096 22.661512 77.000000 
-11.271903 -175.097336 22.651367 75.000000 
-11.471789 -175.097870 22.667681 81.000000 
-11.470494 -175.082382 22.664047 66.000000 
-11.463757 -175.066010 22.662924 61.000000 
-11.713918 -175.071457 22.665695 62.000000 
-11.471359 -175.051971 22.655226 66.000000 
-11.697975 -175.053116 22.668180 114.000000 
-11.462727 -175.035370 22.655001 70.000000 
-11.691075 -175.036209 22.666786 114.000000 
-11.698675 -175.021423 22.659115 118.000000 
-11.689857 -175.004303 22.658585 115.000000 
-11.675532 -174.986496 22.660486 115.000000 
-11.945727 -174.987244 22.663815 117.000000 
-11.670253 -174.969986 22.658466 108.000000 
-11.931205 -174.968872 22.665237 124.000000 
-11.912954 -174.950150 22.668234 121.000000 
-11.911195 -174.933487 22.664469 122.000000 
-11.911223 -174.917847 22.660200 122.000000 
-12.188699 -174.913177 22.670908 118.000000 
-11.905690 -174.900772 22.658022 121.000000 
-12.183105 -174.895370 22.668400 123.000000 
-12.184877 -174.877457 22.662813 126.000000 
-12.179175 -174.859695 22.660387 124.000000 
-12.165998 -174.841278 22.660908 123.000000 
-12.154625 -174.823105 22.660757 123.000000 
-12.154334 -174.805954 22.656279 118.000000 
-8.667881 -175.964447 22.671535 78.000000 
-8.671484 -175.954910 22.666271 86.000000 
-8.669056 -175.943359 22.666052 94.000000 
-8.669699 -175.932297 22.663137 97.000000 
-8.664710 -175.917221 22.664488 101.000000 
-8.782496 -175.937958 22.667645 61.000000 
-8.665276 -175.906189 22.661629 94.000000 
-8.783092 -175.926590 22.664627 73.000000 
-8.664156 -175.895447 22.660360 97.000000 
-8.771584 -175.910522 22.671099 65.000000 
-8.666107 -175.885132 22.656378 97.000000 
-8.776554 -175.901352 22.664740 68.000000 
-8.663755 -175.872131 22.655731 101.000000 
-8.778622 -175.890198 22.660460 65.000000 
-8.894691 -175.907425 22.669411 60.000000 
-8.783530 -175.880951 22.654123 65.000000 
-8.890615 -175.893692 22.669653 83.000000 
-8.776507 -175.866119 22.656931 65.000000 
-8.903192 -175.887558 22.657757 84.000000 
-8.767948 -175.850647 22.660929 73.000000 
-8.899041 -175.873825 22.658047 84.000000 
-8.768280 -175.839355 22.658098 68.000000 
-8.891808 -175.858795 22.660601 84.000000 
-9.026214 -175.880173 22.660933 60.000000 
-8.884527 -175.843826 22.663200 84.000000 
-9.028119 -175.868835 22.656708 87.000000 
-8.889375 -175.834198 22.656916 81.000000 
-9.017581 -175.852249 22.661152 93.000000 
-8.891147 -175.823242 22.652878 84.000000 
-9.003885 -175.834473 22.667824 83.000000 
-8.889835 -175.810959 22.651102 89.000000 
-9.008772 -175.824478 22.661526 74.000000 
-9.004302 -175.810638 22.661770 79.000000 
-9.130607 -175.824921 22.671949 70.000000 
-9.009120 -175.800613 22.655508 76.000000 
-9.129195 -175.812057 22.669857 88.000000 
-9.001457 -175.785583 22.658001 81.000000 
-9.134081 -175.801651 22.663565 72.000000 
-8.996781 -175.772400 22.658550 79.000000 
-9.137265 -175.791183 22.658550 75.000000 
-9.124639 -175.774139 22.663963 72.000000 
-9.277804 -175.795624 22.661715 69.000000 
-9.121482 -175.760742 22.663052 75.000000 
-9.277853 -175.782974 22.658482 89.000000 
-9.119871 -175.747940 22.661106 78.000000 
-9.271401 -175.768021 22.659395 82.000000 
-9.124576 -175.737488 22.654917 75.000000 
-9.261672 -175.751984 22.662418 89.000000 
-9.264827 -175.740524 22.657217 92.000000 
-9.259784 -175.726868 22.657421 92.000000 
-9.401616 -175.739502 22.667452 79.000000 
-9.262865 -175.715393 22.652266 89.000000 
-9.394898 -175.724380 22.668213 83.000000 
-9.251409 -175.698395 22.656290 89.000000 
-9.396434 -175.711380 22.663786 81.000000 
-9.397857 -175.698959 22.659594 81.000000 
-9.549328 -175.711319 22.669464 62.000000 
-9.389290 -175.684052 22.661680 81.000000 
-9.555702 -175.700653 22.662457 94.000000 
-9.377449 -175.667557 22.665630 79.000000 
-9.553745 -175.686783 22.660110 79.000000 
-9.382045 -175.656235 22.659506 79.000000 
-9.541701 -175.669968 22.663649 76.000000 
-9.532956 -175.654205 22.665287 85.000000 
-9.530865 -175.640442 22.663057 85.000000 
-9.675010 -175.642288 22.679924 67.000000 
-9.532084 -175.627655 22.658894 82.000000 
-9.681288 -175.631165 22.673027 74.000000 
-9.533204 -175.615494 22.654959 67.000000 
-9.680297 -175.603180 22.666218 72.000000 
-9.678004 -175.589081 22.663912 72.000000 
-9.857646 -175.601318 22.669754 71.000000 
-9.667206 -175.572159 22.666197 77.000000 
-9.858865 -175.586227 22.664986 67.000000 
-9.846056 -175.569839 22.668222 67.000000 
-9.836707 -175.553680 22.669466 76.000000 
-9.837633 -175.540710 22.665442 76.000000 
-10.017041 -175.547867 22.677790 72.000000 
-9.831697 -175.524765 22.664715 80.000000 
-10.007493 -175.531387 22.678734 76.000000 
-10.004906 -175.516495 22.676184 78.000000 
-10.002272 -175.501633 22.673668 81.000000 
-10.207736 -175.510361 22.680273 63.000000 
-10.006604 -175.488235 22.667624 78.000000 
-10.203267 -175.494598 22.678391 96.000000 
-9.993361 -175.471207 22.670519 72.000000 
-10.212954 -175.481659 22.669725 83.000000 
-10.206616 -175.465546 22.668760 83.000000 
-10.198421 -175.449890 22.668907 89.000000 
-10.181335 -175.431900 22.673176 92.000000 
-10.418852 -175.440933 22.672556 74.000000 
-10.178469 -175.415146 22.670200 81.000000 
-10.406983 -175.421906 22.673389 70.000000 
-10.384212 -175.402664 22.679659 66.000000 
-10.388830 -175.373596 22.669514 84.000000 
-10.619077 -175.376648 22.681175 112.000000 
-10.382093 -175.357208 22.668507 73.000000 
-10.610459 -175.359406 22.680614 111.000000 
-10.610882 -175.343567 22.676155 66.000000 
-10.605800 -175.326920 22.674099 69.000000 
-10.606124 -175.311066 22.669703 116.000000 
-10.869108 -175.312332 22.676651 118.000000 
-10.590020 -175.293777 22.672707 105.000000 
-10.880403 -175.297974 22.667788 124.000000 
-10.854913 -175.278122 22.673819 124.000000 
-10.836720 -175.259338 22.676899 122.000000 
-10.835013 -175.242615 22.673214 123.000000 
-10.831422 -175.224854 22.670103 124.000000 
-11.133064 -175.223572 22.671633 122.000000 
-11.134943 -175.206390 22.666307 125.000000 
-11.125636 -175.188095 22.665352 124.000000 
-11.125554 -175.170731 22.660820 124.000000 
-11.110575 -175.152008 22.662136 125.000000 
-11.095543 -175.133377 22.663509 122.000000 
-7.608161 -176.310989 22.671955 61.000000 
-7.609008 -176.299835 22.668884 74.000000 
-7.609820 -176.288681 22.665834 90.000000 
-7.610706 -176.277008 22.662600 83.000000 
-7.609998 -176.265091 22.660749 77.000000 
-7.600459 -176.249176 22.666059 80.000000 
-7.725891 -176.274292 22.664413 60.000000 
-7.599669 -176.237320 22.664278 86.000000 
-7.722150 -176.260605 22.664669 68.000000 
-7.604642 -176.228439 22.657885 86.000000 
-7.712441 -176.244019 22.669464 63.000000 
-7.609588 -176.219528 22.651499 80.000000 
-7.714537 -176.233337 22.665293 65.000000 
-7.597072 -176.201828 22.659096 83.000000 
-7.719566 -176.224106 22.658876 60.000000 
-7.834467 -176.241180 22.669811 68.000000 
-7.712688 -176.209091 22.661535 65.000000 
-7.835041 -176.229446 22.666651 80.000000 
-7.711706 -176.196991 22.659698 68.000000 
-7.838607 -176.219116 22.661312 87.000000 
-7.710685 -176.184891 22.657890 65.000000 
-7.836074 -176.205994 22.660400 74.000000 
-7.966190 -176.226379 22.665138 60.000000 
-7.706555 -176.171951 22.658592 63.000000 
-7.833402 -176.193436 22.659731 78.000000 
-7.969676 -176.216217 22.659952 69.000000 
-7.829268 -176.179672 22.659992 78.000000 
-7.970136 -176.204117 22.656710 77.000000 
-7.826705 -176.166061 22.658976 74.000000 
-7.966007 -176.189438 22.656504 88.000000 
-7.828569 -176.155045 22.654861 76.000000 
-7.955533 -176.172745 22.660862 91.000000 
-7.831920 -176.144669 22.649651 84.000000 
-7.954314 -176.160049 22.658798 93.000000 
-8.096867 -176.181656 22.659786 61.000000 
-7.956160 -176.148666 22.654598 88.000000 
-8.086130 -176.164764 22.663811 67.000000 
-7.961076 -176.138550 22.648249 91.000000 
-8.084829 -176.151749 22.661600 88.000000 
-7.956635 -176.124588 22.648432 93.000000 
-8.081905 -176.138123 22.660471 81.000000 
-7.942817 -176.106888 22.655190 93.000000 
-8.086856 -176.127609 22.654108 84.000000 
-8.221287 -176.142914 22.665701 62.000000 
-8.082266 -176.113388 22.654093 90.000000 
-8.226312 -176.131973 22.659292 79.000000 
-8.064864 -176.094940 22.662788 87.000000 
-8.223150 -176.118637 22.658222 82.000000 
-8.069698 -176.084442 22.656506 81.000000 
-8.216807 -176.103531 22.659014 89.000000 
-8.068151 -176.071533 22.654482 75.000000 
-8.212032 -176.089050 22.658825 85.000000 
-8.212058 -176.076355 22.655590 92.000000 
-8.365816 -176.093948 22.659983 60.000000 
-8.215118 -176.066010 22.650743 89.000000 
-8.352524 -176.077591 22.664974 75.000000 
-8.213453 -176.052734 22.648586 85.000000 
-8.352492 -176.064529 22.661621 79.000000 
-8.205275 -176.037231 22.650599 85.000000 
-8.350777 -176.050903 22.659294 81.000000 
-8.352308 -176.038391 22.654997 83.000000 
-8.507577 -176.052521 22.664162 62.000000 
-8.340780 -176.020325 22.658316 86.000000 
-8.507596 -176.037750 22.660267 84.000000 
-8.335636 -176.005722 22.658102 86.000000 
-8.512435 -176.025818 22.653940 82.000000 
-8.333604 -175.993454 22.656334 77.000000 
-8.507053 -176.012070 22.653883 76.000000 
-8.491733 -175.994049 22.659256 82.000000 
-8.493101 -175.981125 22.654957 82.000000 
-8.651436 -175.987366 22.665623 91.000000 
-8.494429 -175.968201 22.650681 82.000000 
-8.647689 -175.972565 22.664032 81.000000 
-8.492365 -175.954269 22.648382 70.000000 
-8.654100 -175.960617 22.656832 77.000000 
-8.648565 -175.945358 22.656244 75.000000 
-8.646387 -175.931061 22.653807 70.000000 
-8.831859 -175.944778 22.658278 74.000000 
-8.633951 -175.914078 22.657087 75.000000 
-8.839989 -175.932632 22.650177 73.000000 
-8.830812 -175.916092 22.651194 71.000000 
-8.818131 -175.898758 22.654089 71.000000 
-8.819221 -175.884888 22.649717 76.000000 
-9.018574 -175.897949 22.654476 79.000000 
-8.820268 -175.871017 22.645372 78.000000 
-9.000400 -175.879074 22.659618 92.000000 
-8.821272 -175.857117 22.641052 61.000000 
-9.001436 -175.864700 22.655146 85.000000 
-8.998924 -175.849518 22.652466 81.000000 
-8.999871 -175.835129 22.648050 75.000000 
-9.206254 -175.844101 22.656713 63.000000 
-8.990256 -175.818466 22.648979 76.000000 
-9.210736 -175.829849 22.650457 89.000000 
-8.978839 -175.801514 22.650846 65.000000 
-9.211624 -175.814850 22.645918 86.000000 
-9.201813 -175.797729 22.646513 83.000000 
-9.191952 -175.780670 22.647156 99.000000 
-9.183816 -175.764023 22.646997 99.000000 
-9.400695 -175.769440 22.658352 60.000000 
-9.184513 -175.749100 22.642599 88.000000 
-9.388834 -175.751678 22.659498 73.000000 
-9.385909 -175.735550 22.656607 75.000000 
-9.390127 -175.720673 22.650467 75.000000 
-9.637574 -175.727325 22.657450 62.000000 
-9.394297 -175.705765 22.644348 84.000000 
-9.630900 -175.709961 22.655907 116.000000 
-9.380438 -175.687881 22.646496 68.000000 
-9.624174 -175.692627 22.654408 119.000000 
-9.617397 -175.675354 22.652952 116.000000 
-9.616025 -175.658920 22.649178 117.000000 
-9.598233 -175.640137 22.652546 118.000000 
-9.872962 -175.643372 22.656979 120.000000 
-9.864129 -175.625275 22.656036 122.000000 
-9.844217 -175.605804 22.659657 123.000000 
-9.842629 -175.588776 22.655807 124.000000 
-9.844666 -175.572189 22.650478 126.000000 
-10.134209 -175.570770 22.659737 118.000000 
-9.841137 -175.554947 22.647451 126.000000 
-10.134357 -175.553146 22.654978 123.000000 
-10.130740 -175.535110 22.651688 126.000000 
-10.127069 -175.517090 22.648438 126.000000 
-10.119632 -175.498718 22.646669 127.000000 
-10.082445 -175.477524 22.656527 124.000000 
-6.510233 -176.633026 22.672562 68.000000 
-6.498314 -176.614685 22.679724 94.000000 
-6.500665 -176.604401 22.675499 91.000000 
-6.500116 -176.592529 22.673586 91.000000 
-6.500964 -176.581467 22.670549 94.000000 
-6.500339 -176.569611 22.668690 94.000000 
-6.612205 -176.589218 22.676975 73.000000 
-6.491044 -176.553131 22.673794 94.000000 
-6.618890 -176.580902 22.669344 75.000000 
-6.497536 -176.545166 22.666212 91.000000 
-6.612312 -176.565735 22.671837 71.000000 
-6.501121 -176.535629 22.660954 94.000000 
-6.608629 -176.552109 22.672125 75.000000 
-6.498905 -176.523056 22.660364 80.000000 
-6.610796 -176.541504 22.667933 75.000000 
-6.729787 -176.562088 22.675207 76.000000 
-6.614404 -176.531616 22.662626 73.000000 
-6.724461 -176.547501 22.676392 81.000000 
-6.617981 -176.521713 22.657333 75.000000 
-6.726618 -176.536575 22.672121 78.000000 
-6.614039 -176.508682 22.657944 75.000000 
-6.725620 -176.524734 22.670284 84.000000 
-6.858314 -176.548080 22.672474 61.000000 
-6.727707 -176.513794 22.666056 78.000000 
-6.855855 -176.534653 22.671310 77.000000 
-6.729862 -176.502289 22.661634 81.000000 
-6.858076 -176.522781 22.666748 99.000000 
-6.719791 -176.485733 22.666321 87.000000 
-6.863234 -176.512817 22.660275 88.000000 
-6.718643 -176.473969 22.664598 81.000000 
-6.859014 -176.499298 22.660486 83.000000 
-6.987178 -176.516846 22.670954 62.000000 
-6.719067 -176.462341 22.661583 66.000000 
-6.839429 -176.478500 22.671310 85.000000 
-6.987671 -176.504501 22.667587 65.000000 
-6.841384 -176.467224 22.667082 81.000000 
-6.981839 -176.489487 22.668427 93.000000 
-6.843304 -176.455948 22.662874 85.000000 
-6.968096 -176.471268 22.674553 81.000000 
-6.851463 -176.446716 22.654129 93.000000 
-6.970128 -176.459061 22.670027 75.000000 
-6.972026 -176.447418 22.665735 78.000000 
-7.109170 -176.465546 22.674723 62.000000 
-6.976946 -176.437622 22.659569 75.000000 
-7.109391 -176.453491 22.671555 90.000000 
-6.970891 -176.422791 22.660601 62.000000 
-7.112878 -176.442078 22.666149 89.000000 
-6.955321 -176.404282 22.668037 68.000000 
-7.109908 -176.428177 22.664856 82.000000 
-7.103681 -176.413101 22.665648 89.000000 
-7.097408 -176.398056 22.666483 92.000000 
-7.252281 -176.418076 22.669287 60.000000 
-7.097520 -176.385452 22.663242 89.000000 
-7.250791 -176.404449 22.666847 72.000000 
-7.100728 -176.374634 22.658173 92.000000 
-7.239357 -176.388016 22.670637 72.000000 
-7.239415 -176.375031 22.667274 79.000000 
-7.239513 -176.361420 22.663723 81.000000 
-7.396013 -176.377884 22.671326 78.000000 
-7.237849 -176.347885 22.661419 77.000000 
-7.396014 -176.364487 22.667833 91.000000 
-7.226309 -176.331055 22.665174 81.000000 
-7.397638 -176.351624 22.663401 82.000000 
-7.395890 -176.337677 22.660931 85.000000 
-7.390691 -176.323334 22.660654 82.000000 
-7.548833 -176.331757 22.671083 74.000000 
-7.382189 -176.307343 22.662148 85.000000 
-7.536902 -176.313736 22.673872 72.000000 
-7.377045 -176.291809 22.661522 79.000000 
-7.534998 -176.299484 22.671307 67.000000 
-7.526276 -176.283264 22.672541 67.000000 
-7.527671 -176.270035 22.668159 67.000000 
-7.716042 -176.287384 22.670212 65.000000 
-7.528958 -176.257462 22.664021 67.000000 
-7.713939 -176.273346 22.667723 68.000000 
-7.521794 -176.241837 22.664429 64.000000 
-7.718740 -176.260498 22.661402 69.000000 
-7.720126 -176.246017 22.656696 73.000000 
-7.900012 -176.257477 22.671074 60.000000 
-7.707634 -176.228607 22.659554 73.000000 
-7.901331 -176.243164 22.666462 72.000000 
-7.695029 -176.211975 22.662689 76.000000 
-7.895565 -176.227844 22.665613 83.000000 
-7.699656 -176.199112 22.656479 64.000000 
-7.896794 -176.213547 22.661060 76.000000 
-7.880524 -176.195038 22.665346 81.000000 
-8.107632 -176.212448 22.663422 63.000000 
-7.871183 -176.178314 22.666164 75.000000 
-8.105278 -176.196747 22.660427 71.000000 
-7.872272 -176.164078 22.661722 72.000000 
-8.088727 -176.177887 22.664234 89.000000 
-7.876811 -176.150650 22.655529 72.000000 
-8.093351 -176.163818 22.657934 99.000000 
-8.074977 -176.143997 22.662476 88.000000 
-8.079503 -176.129929 22.656240 96.000000 
-8.296138 -176.138931 22.667383 64.000000 
-8.076904 -176.114349 22.653439 92.000000 
-8.286317 -176.122116 22.667816 81.000000 
-8.058320 -176.095535 22.658381 75.000000 
-8.285452 -176.106369 22.663982 73.000000 
-8.280912 -176.090683 22.662048 81.000000 
-8.270990 -176.073257 22.662382 81.000000 
-8.543444 -176.087280 22.657455 71.000000 
-8.268188 -176.057220 22.659479 81.000000 
-8.526133 -176.067917 22.660496 114.000000 
-8.261750 -176.040558 22.658260 64.000000 
-8.499700 -176.047119 22.667524 116.000000 
-8.496819 -176.029694 22.664194 116.000000 
-8.497478 -176.013672 22.659559 116.000000 
-8.492646 -175.996765 22.657322 118.000000 
-8.765323 -176.003571 22.661963 120.000000 
-8.484135 -175.979324 22.656710 102.000000 
-8.762238 -175.986237 22.658676 124.000000 
-8.753574 -175.968948 22.657923 127.000000 
-8.746719 -175.951157 22.656227 126.000000 
-8.732475 -175.932373 22.657598 126.000000 
-9.051413 -175.939819 22.654924 104.000000 
-8.729182 -175.915176 22.654486 126.000000 
-9.038841 -175.920547 22.655058 124.000000 
-9.029918 -175.901810 22.653811 127.000000 
-9.013530 -175.882248 22.655499 130.000000 
-9.011907 -175.864517 22.651472 128.000000 
-9.006525 -175.846375 22.648932 128.000000 
-8.999236 -175.828064 22.647158 119.000000 
-5.415413 -176.958618 22.679705 64.000000 
-5.416530 -176.947510 22.676497 68.000000 
-5.406095 -176.930328 22.682634 90.000000 
-5.398577 -176.914352 22.686335 83.000000 
-5.400877 -176.904648 22.682297 86.000000 
-5.400408 -176.892792 22.680355 86.000000 
-5.408364 -176.886261 22.671757 80.000000 
-5.399242 -176.869644 22.676762 83.000000 
-5.516686 -176.893234 22.680475 73.000000 
-5.395796 -176.856247 22.677208 83.000000 
-5.526358 -176.886536 22.670578 71.000000 
-5.398043 -176.846024 22.673067 86.000000 
-5.519897 -176.871292 22.673018 71.000000 
-5.643263 -176.895630 22.677532 64.000000 
-5.400367 -176.835251 22.668739 83.000000 
-5.513498 -176.855576 22.675293 75.000000 
-5.639752 -176.881119 22.677277 64.000000 
-5.512805 -176.843491 22.673321 68.000000 
-5.634581 -176.866425 22.678371 83.000000 
-5.517950 -176.834412 22.666857 75.000000 
-5.630861 -176.852539 22.678415 76.000000 
-5.520126 -176.823807 22.662666 71.000000 
-5.630096 -176.840164 22.676302 76.000000 
-5.770226 -176.868439 22.673384 61.000000 
-5.513440 -176.808746 22.665304 67.000000 
-5.630794 -176.828522 22.673117 78.000000 
-5.760256 -176.851349 22.677464 69.000000 
-5.635963 -176.819061 22.666649 81.000000 
-5.757892 -176.837921 22.676264 84.000000 
-5.629070 -176.803802 22.669029 81.000000 
-5.763150 -176.828079 22.669748 96.000000 
-5.620623 -176.787903 22.672565 76.000000 
-5.759171 -176.813965 22.669676 88.000000 
-5.627190 -176.779129 22.665056 84.000000 
-5.755147 -176.799881 22.669643 78.000000 
-5.890837 -176.821808 22.674713 63.000000 
-5.751079 -176.785843 22.669651 88.000000 
-5.891417 -176.809464 22.671309 82.000000 
-5.749838 -176.774338 22.667963 88.000000 
-5.880783 -176.793564 22.675680 87.000000 
-5.748765 -176.761719 22.665876 83.000000 
-5.876577 -176.779266 22.675482 75.000000 
-5.750829 -176.749878 22.661438 81.000000 
-5.873995 -176.765091 22.674055 72.000000 
-6.023685 -176.789810 22.675068 60.000000 
-5.877547 -176.754135 22.668678 68.000000 
-6.011361 -176.771957 22.679716 85.000000 
-5.877826 -176.742432 22.665638 72.000000 
-6.013267 -176.760574 22.675497 89.000000 
-5.867162 -176.725647 22.669798 72.000000 
-6.016836 -176.749207 22.670057 79.000000 
-5.864309 -176.712143 22.668726 75.000000 
-6.020370 -176.737808 22.664631 85.000000 
-6.015860 -176.723267 22.664343 89.000000 
-6.162617 -176.741714 22.672596 62.000000 
-6.004895 -176.706329 22.668203 89.000000 
-6.161272 -176.728058 22.670078 75.000000 
-6.006704 -176.694336 22.663889 85.000000 
-6.151732 -176.711441 22.672552 89.000000 
-6.003663 -176.680527 22.662689 69.000000 
-6.143772 -176.695480 22.674086 81.000000 
-6.145555 -176.683105 22.669689 83.000000 
-6.310188 -176.704010 22.672695 66.000000 
-6.140766 -176.668396 22.669310 83.000000 
-6.303699 -176.688309 22.672968 84.000000 
-6.145735 -176.657166 22.662962 81.000000 
-6.298820 -176.673218 22.672321 82.000000 
-6.137509 -176.641983 22.664871 83.000000 
-6.303773 -176.662140 22.666140 82.000000 
-6.305453 -176.649292 22.661686 85.000000 
-6.453443 -176.656662 22.678276 67.000000 
-6.297039 -176.633820 22.663300 85.000000 
-6.458491 -176.644455 22.671854 82.000000 
-6.288659 -176.617767 22.664740 88.000000 
-6.446618 -176.626999 22.674805 81.000000 
-6.286884 -176.603897 22.662331 82.000000 
-6.438070 -176.610641 22.675938 78.000000 
-6.439610 -176.597443 22.671480 78.000000 
-6.441109 -176.584213 22.667046 77.000000 
-6.615644 -176.599686 22.676737 71.000000 
-6.442567 -176.570969 22.662634 77.000000 
-6.620584 -176.586945 22.670355 76.000000 
-6.433832 -176.554764 22.663927 65.000000 
-6.622051 -176.573196 22.665806 73.000000 
-6.623546 -176.558746 22.661055 76.000000 
-6.617988 -176.543808 22.660431 73.000000 
-6.802982 -176.556854 22.671576 82.000000 
-6.602212 -176.524765 22.664890 78.000000 
-6.806104 -176.543030 22.666069 87.000000 
-6.800476 -176.526978 22.664976 78.000000 
-6.784346 -176.508347 22.669209 81.000000 
-7.021856 -176.530060 22.662169 63.000000 
-6.785587 -176.494125 22.664682 78.000000 
-7.005504 -176.510971 22.665855 82.000000 
-6.783298 -176.479065 22.661951 78.000000 
-6.997923 -176.494064 22.665386 89.000000 
-6.993822 -176.478012 22.663271 86.000000 
-6.994971 -176.463181 22.658648 86.000000 
-6.994308 -176.447952 22.654900 78.000000 
-6.983045 -176.429688 22.656078 83.000000 
-7.194163 -176.439362 22.669579 69.000000 
-7.196995 -176.424347 22.664063 81.000000 
-7.194412 -176.408218 22.661022 77.000000 
-7.445177 -176.420776 22.665995 62.000000 
-7.177462 -176.389282 22.664574 77.000000 
-7.442544 -176.403976 22.662699 106.000000 
-7.174690 -176.374786 22.662079 77.000000 
-7.434336 -176.387802 22.662264 114.000000 
-7.408065 -176.366776 22.669224 116.000000 
-7.398034 -176.348846 22.669209 116.000000 
-7.402439 -176.333511 22.662951 116.000000 
-7.669551 -176.342300 22.670076 109.000000 
-7.401397 -176.316406 22.658850 118.000000 
-7.666691 -176.324127 22.666456 124.000000 
-7.658245 -176.305923 22.665367 124.000000 
-7.655270 -176.287811 22.661835 124.000000 
-7.646714 -176.269699 22.660843 125.000000 
-7.960064 -176.279617 22.660625 113.000000 
-7.628893 -176.251968 22.664148 125.000000 
-7.956886 -176.263260 22.657578 122.000000 
-7.622067 -176.234268 22.662502 120.000000 
-7.946313 -176.244156 22.656935 127.000000 
-7.924603 -176.222778 22.660410 129.000000 
-7.917616 -176.204330 22.658449 129.000000 
-7.910573 -176.185928 22.656534 128.000000 
-7.916432 -176.169144 22.649603 130.000000 
-4.305894 -177.248016 22.688150 64.000000 
-4.309916 -177.238647 22.682657 71.000000 
-4.297037 -177.218719 22.690611 94.000000 
-4.295307 -177.206055 22.689737 94.000000 
-4.293536 -177.193405 22.688892 91.000000 
-4.295988 -177.183243 22.684647 91.000000 
-4.292597 -177.170319 22.685221 82.000000 
-4.403820 -177.191940 22.693302 78.000000 
-4.294981 -177.160141 22.681017 88.000000 
-4.415000 -177.186249 22.682278 75.000000 
-4.291746 -177.146255 22.681236 101.000000 
-4.417547 -177.175201 22.677740 71.000000 
-4.286922 -177.132111 22.682858 94.000000 
-4.414106 -177.161514 22.677923 79.000000 
-4.531160 -177.183701 22.686518 68.000000 
-4.290398 -177.123764 22.677984 65.000000 
-4.400173 -177.143463 22.686440 73.000000 
-4.527383 -177.170853 22.686911 70.000000 
-4.401020 -177.132217 22.683334 71.000000 
-4.525296 -177.157715 22.685810 76.000000 
-4.412065 -177.126328 22.672348 71.000000 
-4.520183 -177.143082 22.686932 87.000000 
-4.411386 -177.114273 22.670403 75.000000 
-4.522489 -177.132263 22.682611 87.000000 
-4.651523 -177.156525 22.686838 72.000000 
-4.521771 -177.119934 22.680510 84.000000 
-4.643198 -177.140167 22.689848 81.000000 
-4.521014 -177.107620 22.678436 89.000000 
-4.651598 -177.131927 22.681175 91.000000 
-4.523213 -177.096786 22.674183 87.000000 
-4.647761 -177.117813 22.681057 96.000000 
-4.516385 -177.081573 22.676590 84.000000 
-4.649991 -177.106628 22.676691 88.000000 
-4.508009 -177.065704 22.680155 69.000000 
-4.643009 -177.091141 22.678791 88.000000 
-4.772011 -177.111404 22.687597 67.000000 
-4.635978 -177.075729 22.680939 74.000000 
-4.778903 -177.101959 22.680029 93.000000 
-4.635128 -177.062607 22.678606 79.000000 
-4.768711 -177.084290 22.683725 81.000000 
-4.637197 -177.051453 22.674351 74.000000 
-4.764600 -177.070023 22.683516 70.000000 
-4.913830 -177.096375 22.684355 64.000000 
-4.758778 -177.055679 22.684614 72.000000 
-4.914300 -177.084351 22.681070 69.000000 
-4.762395 -177.044846 22.679232 75.000000 
-4.903703 -177.067108 22.684687 90.000000 
-4.764314 -177.033905 22.675133 78.000000 
-4.904093 -177.055130 22.681465 89.000000 
-4.761601 -177.020401 22.674004 72.000000 
-4.909329 -177.044495 22.674990 85.000000 
-4.755713 -177.005600 22.675026 64.000000 
-4.909749 -177.031906 22.671589 92.000000 
-5.048063 -177.048737 22.684641 70.000000 
-4.905342 -177.017410 22.671288 96.000000 
-5.045229 -177.034531 22.683071 79.000000 
-4.900890 -177.002945 22.671024 96.000000 
-5.048844 -177.022827 22.677578 86.000000 
-4.899587 -176.989761 22.668743 96.000000 
-5.034553 -177.004349 22.683014 77.000000 
-5.026704 -176.988419 22.684542 86.000000 
-5.199028 -177.014160 22.682346 68.000000 
-5.028565 -176.976151 22.680140 89.000000 
-5.197655 -177.000214 22.679686 89.000000 
-5.027223 -176.962067 22.677536 89.000000 
-5.188064 -176.982727 22.681641 82.000000 
-5.032260 -176.950958 22.671179 89.000000 
-5.183289 -176.967682 22.680986 82.000000 
-5.184998 -176.955597 22.676729 82.000000 
-5.339366 -176.966187 22.688854 60.000000 
-5.190071 -176.944000 22.670334 82.000000 
-5.339484 -176.952484 22.685194 74.000000 
-5.181851 -176.927887 22.671719 88.000000 
-5.337876 -176.938232 22.682495 67.000000 
-5.170266 -176.910736 22.675100 79.000000 
-5.331175 -176.922379 22.682638 66.000000 
-5.324424 -176.906586 22.682825 67.000000 
-5.522472 -176.931030 22.679447 60.000000 
-5.326129 -176.892807 22.678133 69.000000 
-5.512283 -176.913055 22.680870 71.000000 
-5.334455 -176.881744 22.669916 69.000000 
-5.503665 -176.896347 22.681679 76.000000 
-5.330863 -176.867691 22.668543 73.000000 
-5.508602 -176.884399 22.675510 76.000000 
-5.503312 -176.868774 22.674583 69.000000 
-5.686069 -176.884491 22.686613 63.000000 
-5.511745 -176.856400 22.666182 76.000000 
-5.684239 -176.868683 22.683430 75.000000 
-5.496086 -176.837891 22.670803 66.000000 
-5.685755 -176.854538 22.678766 76.000000 
-5.490582 -176.823044 22.670219 64.000000 
-5.683682 -176.840164 22.676111 81.000000 
-5.674687 -176.823257 22.676773 73.000000 
-5.892425 -176.842621 22.678690 75.000000 
-5.665641 -176.806412 22.677486 76.000000 
-5.897382 -176.828751 22.672239 81.000000 
-5.663497 -176.791428 22.674719 78.000000 
-5.891732 -176.812256 22.670866 89.000000 
-5.657830 -176.775574 22.673756 72.000000 
-5.871940 -176.792374 22.676304 81.000000 
-5.866184 -176.776001 22.675037 78.000000 
-5.874479 -176.762970 22.667011 81.000000 
-6.083575 -176.774292 22.680983 67.000000 
-5.877443 -176.748657 22.661554 83.000000 
-6.083034 -176.758606 22.677013 87.000000 
-5.861020 -176.729187 22.665285 83.000000 
-6.068223 -176.739059 22.679354 81.000000 
-6.069365 -176.723816 22.674650 83.000000 
-6.056119 -176.706314 22.676752 85.000000 
-6.324287 -176.725449 22.672958 103.000000 
-6.050020 -176.689621 22.675400 81.000000 
-6.321770 -176.708740 22.669651 118.000000 
-6.310168 -176.690292 22.670292 119.000000 
-6.291282 -176.670547 22.674124 118.000000 
-6.284992 -176.653305 22.672529 118.000000 
-6.291307 -176.638428 22.665461 120.000000 
-6.549026 -176.647659 22.675655 121.000000 
-6.286685 -176.622330 22.663382 114.000000 
-6.549860 -176.631866 22.671013 124.000000 
-6.543375 -176.614014 22.669157 126.000000 
-6.544187 -176.596558 22.664097 127.000000 
-6.532108 -176.577866 22.664593 125.000000 
-6.834073 -176.588623 22.667885 118.000000 
-6.516316 -176.558701 22.666658 126.000000 
-6.831079 -176.570618 22.664330 124.000000 
-6.820640 -176.551559 22.663683 127.000000 
-6.797212 -176.530731 22.668125 128.000000 
-6.794053 -176.512863 22.664715 127.000000 
-6.796383 -176.495773 22.659178 128.000000 
-6.794964 -176.478180 22.655115 119.000000 
-3.200451 -177.517960 22.685093 68.000000 
-3.201704 -177.506943 22.681904 68.000000 
-3.189981 -177.489334 22.689442 80.000000 
-3.186920 -177.475861 22.689753 80.000000 
-3.189464 -177.465729 22.685513 77.000000 
-3.189149 -177.453934 22.683588 80.000000 
-3.298688 -177.475830 22.692635 61.000000 
-3.194578 -177.444916 22.676874 80.000000 
-3.295575 -177.461624 22.692572 68.000000 
-3.191358 -177.431503 22.677305 83.000000 
-3.300975 -177.452805 22.686039 65.000000 
-3.185138 -177.417007 22.680296 86.000000 
-3.306224 -177.444473 22.679726 65.000000 
-3.183249 -177.404480 22.679647 94.000000 
-3.302869 -177.430817 22.679962 63.000000 
-3.426939 -177.457825 22.682577 62.000000 
-3.182740 -177.392746 22.677868 80.000000 
-3.293661 -177.414047 22.684752 65.000000 
-3.417568 -177.440765 22.686949 76.000000 
-3.294571 -177.402832 22.681683 73.000000 
-3.421492 -177.430756 22.681513 87.000000 
-3.298239 -177.393677 22.676577 63.000000 
-3.411901 -177.414352 22.686195 84.000000 
-3.554150 -177.446732 22.680500 60.000000 
-3.300538 -177.383209 22.672411 65.000000 
-3.411294 -177.402054 22.684111 81.000000 
-3.545992 -177.430283 22.683514 68.000000 
-3.416596 -177.392792 22.677641 84.000000 
-3.531711 -177.410919 22.690857 94.000000 
-3.418894 -177.381989 22.673391 81.000000 
-3.534069 -177.399811 22.686491 99.000000 
-3.412327 -177.366180 22.675604 87.000000 
-3.533468 -177.386658 22.684074 83.000000 
-3.408580 -177.352448 22.675854 87.000000 
-3.538793 -177.376999 22.677603 93.000000 
-3.664330 -177.397644 22.688498 67.000000 
-3.532022 -177.360962 22.679552 81.000000 
-3.663775 -177.383591 22.685707 88.000000 
-3.528134 -177.346985 22.679605 72.000000 
-3.667490 -177.373367 22.680471 81.000000 
-3.533135 -177.338394 22.673620 66.000000 
-3.657193 -177.356842 22.684681 81.000000 
-3.529170 -177.324448 22.673733 70.000000 
-3.649955 -177.341782 22.686844 78.000000 
-3.811487 -177.374176 22.678680 64.000000 
-3.653774 -177.330444 22.681257 72.000000 
-3.799476 -177.356155 22.683331 90.000000 
-3.657347 -177.320236 22.676113 70.000000 
-3.798501 -177.342926 22.680914 96.000000 
-3.662656 -177.309509 22.669500 70.000000 
-3.795899 -177.329056 22.679548 89.000000 
-3.652233 -177.292664 22.673710 75.000000 
-3.798013 -177.317169 22.675148 89.000000 
-3.804857 -177.307220 22.667688 89.000000 
-3.938123 -177.323135 22.683277 68.000000 
-3.794186 -177.290131 22.671547 89.000000 
-3.935375 -177.308945 22.681759 83.000000 
-3.783361 -177.273727 22.675682 75.000000 
-3.935714 -177.296661 22.678511 89.000000 
-3.778949 -177.259354 22.675526 72.000000 
-3.928025 -177.280640 22.680048 79.000000 
-4.090245 -177.304382 22.683460 60.000000 
-3.917044 -177.263458 22.683632 81.000000 
-4.093937 -177.292267 22.677933 68.000000 
-3.915734 -177.250015 22.681269 81.000000 
-4.089358 -177.277145 22.677240 89.000000 
-3.920961 -177.238403 22.674707 79.000000 
-4.076590 -177.258438 22.681196 82.000000 
-3.919569 -177.224960 22.672398 77.000000 
-4.075206 -177.244598 22.678663 79.000000 
-4.080286 -177.233704 22.672501 82.000000 
-4.078821 -177.219864 22.670021 88.000000 
-4.224641 -177.228378 22.686174 72.000000 
-4.070708 -177.203751 22.671471 79.000000 
-4.229826 -177.216400 22.679779 69.000000 
-4.062545 -177.187714 22.672972 67.000000 
-4.218196 -177.198898 22.682800 74.000000 
-4.206510 -177.181488 22.685881 72.000000 
-4.211567 -177.169525 22.679571 74.000000 
-4.402447 -177.192764 22.678846 77.000000 
-4.216587 -177.157516 22.673279 72.000000 
-4.392153 -177.176208 22.680855 78.000000 
-4.383681 -177.158890 22.681551 73.000000 
-4.388642 -177.147018 22.675446 71.000000 
-4.564237 -177.161484 22.690004 63.000000 
-4.390389 -177.132095 22.670515 71.000000 
-4.559038 -177.144775 22.688641 77.000000 
-4.385026 -177.117218 22.669949 66.000000 
-4.567556 -177.132660 22.680525 78.000000 
-4.565568 -177.118332 22.677927 75.000000 
-4.563613 -177.103333 22.675137 76.000000 
-4.777527 -177.123367 22.677999 68.000000 
-4.551213 -177.085556 22.677687 76.000000 
-4.779050 -177.108688 22.673281 96.000000 
-4.542225 -177.068802 22.678524 81.000000 
-4.766478 -177.090454 22.675369 89.000000 
-4.753781 -177.073029 22.677750 81.000000 
-4.753403 -177.057983 22.673994 83.000000 
-4.981681 -177.076141 22.678307 69.000000 
-4.752980 -177.042938 22.670269 81.000000 
-4.961715 -177.055923 22.683298 95.000000 
-4.747234 -177.026642 22.669142 89.000000 
-4.952368 -177.038284 22.683470 90.000000 
-4.948373 -177.021164 22.681007 81.000000 
-4.953170 -177.006775 22.674717 85.000000 
-5.197651 -177.023605 22.680662 71.000000 
-4.940045 -176.989258 22.676899 81.000000 
-5.191621 -177.007019 22.679197 118.000000 
-4.937621 -176.973358 22.673964 76.000000 
-5.187404 -176.990051 22.676752 116.000000 
-5.181333 -176.972748 22.675131 115.000000 
-5.164388 -176.953369 22.678284 115.000000 
-5.161818 -176.936874 22.675186 116.000000 
-5.426385 -176.950226 22.681396 121.000000 
-5.159197 -176.920410 22.672127 119.000000 
-5.421944 -176.932709 22.678789 125.000000 
-5.402902 -176.911804 22.682011 125.000000 
-5.403823 -176.895355 22.677238 123.000000 
-5.697990 -176.907990 22.682369 101.000000 
-5.408302 -176.880325 22.671223 125.000000 
-5.697012 -176.891266 22.678358 121.000000 
-5.394522 -176.861404 22.672577 124.000000 
-5.697871 -176.873962 22.673414 127.000000 
-5.689456 -176.855225 22.672102 127.000000 
-5.675452 -176.835693 22.673000 128.000000 
-5.661392 -176.816269 22.673964 127.000000 
-5.658344 -176.798523 22.670637 126.000000 
-5.660805 -176.780716 22.664934 124.000000 
-2.074853 -177.792145 22.698788 68.000000 
-2.081769 -177.784698 22.691040 74.000000 
-2.078873 -177.771164 22.691290 83.000000 
-2.075933 -177.757675 22.691578 83.000000 
-2.075750 -177.745926 22.689610 83.000000 
-2.078338 -177.735855 22.685369 80.000000 
-2.078083 -177.724106 22.683451 80.000000 
-2.178700 -177.741760 22.698729 68.000000 
-2.080604 -177.714020 22.679249 83.000000 
-2.182719 -177.732239 22.693302 73.000000 
-2.077461 -177.700623 22.679695 83.000000 
-2.186709 -177.722687 22.687887 68.000000 
-2.067225 -177.683182 22.685982 94.000000 
-2.189229 -177.712296 22.683611 68.000000 
-2.309924 -177.738892 22.688032 66.000000 
-2.185946 -177.698685 22.683868 65.000000 
-2.302181 -177.722580 22.691299 73.000000 
-2.176845 -177.681915 22.688692 68.000000 
-2.307650 -177.713455 22.684750 76.000000 
-2.173468 -177.668396 22.689037 68.000000 
-2.299812 -177.697235 22.688101 81.000000 
-2.428052 -177.723999 22.691616 60.000000 
-2.180056 -177.660919 22.681671 73.000000 
-2.296229 -177.683945 22.688417 81.000000 
-2.431958 -177.714249 22.686321 69.000000 
-2.297160 -177.672485 22.685240 76.000000 
-2.423896 -177.697830 22.689375 69.000000 
-2.296457 -177.660782 22.683409 76.000000 
-2.417167 -177.682770 22.691628 79.000000 
-2.301759 -177.651596 22.676954 76.000000 
-2.419574 -177.671738 22.687265 79.000000 
-2.296770 -177.636566 22.678080 87.000000 
-2.416018 -177.657166 22.687012 81.000000 
-2.541151 -177.678497 22.697073 63.000000 
-2.418349 -177.646118 22.682697 74.000000 
-2.414586 -177.632141 22.682730 74.000000 
-2.541283 -177.653549 22.691345 82.000000 
-2.404715 -177.615295 22.687140 72.000000 
-2.549786 -177.645035 22.682755 70.000000 
-2.688881 -177.670044 22.689083 61.000000 
-2.406818 -177.604843 22.683125 74.000000 
-2.544235 -177.630615 22.683844 72.000000 
-2.687984 -177.657410 22.686808 64.000000 
-2.534109 -177.613586 22.687918 72.000000 
-2.693465 -177.646988 22.680264 64.000000 
-2.534878 -177.600937 22.684443 78.000000 
-2.684839 -177.629730 22.682690 95.000000 
-2.540147 -177.590942 22.678034 78.000000 
-2.674466 -177.612457 22.686415 96.000000 
-2.540520 -177.579987 22.675245 72.000000 
-2.674871 -177.601181 22.683468 89.000000 
-2.677040 -177.589401 22.679075 85.000000 
-2.814594 -177.608658 22.690937 66.000000 
-2.679172 -177.577606 22.674706 89.000000 
-2.818397 -177.597137 22.685440 79.000000 
-2.676520 -177.563828 22.673450 96.000000 
-2.812508 -177.581726 22.685928 83.000000 
-2.662841 -177.544922 22.679256 92.000000 
-2.811506 -177.567657 22.683250 77.000000 
-2.971659 -177.592331 22.687071 67.000000 
-2.810354 -177.554214 22.680824 77.000000 
-2.970529 -177.578461 22.684410 66.000000 
-2.796258 -177.535767 22.686449 86.000000 
-2.979188 -177.568314 22.675993 89.000000 
-2.801470 -177.524887 22.680086 75.000000 
-2.959934 -177.547699 22.684025 82.000000 
-2.800189 -177.511505 22.677763 77.000000 
-2.952103 -177.531479 22.685352 85.000000 
-2.950789 -177.517715 22.682838 82.000000 
-2.956005 -177.506317 22.676460 88.000000 
-3.108139 -177.518616 22.688158 72.000000 
-2.954609 -177.492554 22.674004 88.000000 
-3.106639 -177.505112 22.685720 72.000000 
-2.946499 -177.477112 22.675711 76.000000 
-3.108534 -177.492111 22.681206 69.000000 
-3.103794 -177.476196 22.680265 72.000000 
-3.282455 -177.497940 22.685677 65.000000 
-3.092221 -177.458755 22.683380 74.000000 
-3.284329 -177.484421 22.681049 80.000000 
-3.093983 -177.445786 22.678961 74.000000 
-3.279370 -177.468765 22.680090 80.000000 
-3.095705 -177.432800 22.674568 67.000000 
-3.264168 -177.449951 22.684649 73.000000 
-3.259105 -177.434402 22.683786 73.000000 
-3.260797 -177.420959 22.679296 69.000000 
-3.435876 -177.437363 22.692995 77.000000 
-3.265851 -177.408524 22.672991 69.000000 
-3.441032 -177.424438 22.686613 85.000000 
-3.264057 -177.394028 22.670389 64.000000 
-3.442697 -177.410477 22.682014 78.000000 
-3.447771 -177.397476 22.675671 78.000000 
-3.654320 -177.417679 22.681234 75.000000 
-3.435535 -177.379639 22.678211 81.000000 
-3.650711 -177.401703 22.679041 99.000000 
-3.419713 -177.361649 22.682816 78.000000 
-3.653977 -177.388336 22.673719 92.000000 
-3.424654 -177.348679 22.676567 61.000000 
-3.641521 -177.370087 22.675852 83.000000 
-3.627330 -177.350769 22.678669 83.000000 
-3.865779 -177.373779 22.677128 64.000000 
-3.623522 -177.334946 22.676645 78.000000 
-3.844229 -177.352982 22.682938 92.000000 
-3.623172 -177.320023 22.672943 86.000000 
-3.829714 -177.334045 22.685555 81.000000 
-3.629790 -177.306808 22.665831 81.000000 
-3.820468 -177.316483 22.685774 74.000000 
-3.821824 -177.301437 22.681110 74.000000 
-3.828463 -177.287613 22.673998 78.000000 
-4.058182 -177.302994 22.685009 103.000000 
-3.822620 -177.270935 22.672689 72.000000 
-4.063093 -177.288055 22.678629 118.000000 
-4.060765 -177.271545 22.675423 108.000000 
-4.051193 -177.253555 22.675417 108.000000 
-4.306401 -177.268280 22.684893 62.000000 
-4.043366 -177.236008 22.674669 115.000000 
-4.311255 -177.252579 22.678471 111.000000 
-4.039085 -177.219238 22.672382 111.000000 
-4.296048 -177.232986 22.680365 126.000000 
-4.273505 -177.212128 22.685347 124.000000 
-4.272741 -177.195465 22.681314 123.000000 
-4.273748 -177.179138 22.676559 122.000000 
-4.561955 -177.193756 22.682610 119.000000 
-4.276525 -177.163116 22.671072 121.000000 
-4.559278 -177.175980 22.679092 123.000000 
-4.270147 -177.145477 22.669428 121.000000 
-4.560226 -177.158829 22.674171 126.000000 
-4.555514 -177.142487 22.671940 129.000000 
-4.539797 -177.122696 22.673616 127.000000 
-4.529583 -177.103012 22.672935 128.000000 
-4.526638 -177.085373 22.669632 128.000000 
-0.978478 -178.066650 22.688169 64.000000 
-0.971571 -178.050446 22.691801 74.000000 
-0.971556 -178.038651 22.689764 77.000000 
-0.975541 -178.029968 22.684528 90.000000 
-0.974064 -178.017319 22.683687 94.000000 
-0.969888 -178.002487 22.684971 91.000000 
-1.088899 -178.032166 22.685656 61.000000 
-0.966927 -177.989044 22.685358 104.000000 
-1.094462 -178.023453 22.679041 60.000000 
-0.963665 -177.976639 22.686201 101.000000 
-1.085443 -178.007401 22.684103 65.000000 
-0.967616 -177.967438 22.680861 97.000000 
-1.076636 -177.990387 22.688789 68.000000 
-0.974339 -177.959869 22.673208 104.000000 
-1.080659 -177.980865 22.683376 73.000000 
-0.964212 -177.942368 22.679539 94.000000 
-1.090387 -177.974564 22.673450 79.000000 
-1.197900 -177.994492 22.687529 64.000000 
-1.087183 -177.960907 22.673721 79.000000 
-1.196105 -177.981384 22.686451 76.000000 
-1.081061 -177.945679 22.676304 75.000000 
-1.200136 -177.971481 22.680998 89.000000 
-1.077765 -177.932114 22.676655 86.000000 
-1.202668 -177.960770 22.676662 87.000000 
-1.317441 -177.981125 22.689604 66.000000 
-1.077302 -177.920151 22.674765 79.000000 
-1.199286 -177.946899 22.676775 84.000000 
-1.318506 -177.969315 22.686241 77.000000 
-1.192917 -177.931519 22.679144 87.000000 
-1.327039 -177.961349 22.677530 96.000000 
-1.195333 -177.920822 22.674891 87.000000 
-1.323529 -177.947220 22.677435 99.000000 
-1.194887 -177.908035 22.672672 81.000000 
-1.311069 -177.928024 22.683640 81.000000 
-1.197232 -177.897324 22.668465 87.000000 
-1.313479 -177.916992 22.679310 81.000000 
-1.443166 -177.941177 22.685896 65.000000 
-1.309827 -177.902985 22.679338 83.000000 
-1.433329 -177.923889 22.689842 67.000000 
-1.315179 -177.893433 22.672884 79.000000 
-1.435730 -177.912537 22.685436 77.000000 
-1.312840 -177.880722 22.672100 86.000000 
-1.439517 -177.902451 22.680216 68.000000 
-1.578388 -177.928207 22.685993 63.000000 
-1.303021 -177.863876 22.676594 74.000000 
-1.440312 -177.890335 22.676903 72.000000 
-1.582366 -177.917130 22.680458 69.000000 
-1.434904 -177.875381 22.677849 78.000000 
-1.578465 -177.902512 22.680052 96.000000 
-1.430991 -177.861176 22.677780 81.000000 
-1.585510 -177.892807 22.672510 89.000000 
-1.430119 -177.848404 22.675623 81.000000 
-1.576810 -177.876160 22.675249 92.000000 
-1.432296 -177.837021 22.671362 81.000000 
-1.569629 -177.860275 22.677013 92.000000 
-1.568583 -177.847733 22.674917 96.000000 
-1.720401 -177.873718 22.677305 79.000000 
-1.572332 -177.836639 22.669527 89.000000 
-1.698615 -177.851608 22.687763 86.000000 
-1.572895 -177.824173 22.666227 82.000000 
-1.704015 -177.840790 22.681311 83.000000 
-1.559222 -177.805801 22.672306 67.000000 
-1.702965 -177.827347 22.678879 75.000000 
-1.861292 -177.852234 22.683092 64.000000 
-1.548647 -177.788849 22.676371 65.000000 
-1.708295 -177.816483 22.672461 92.000000 
-1.860219 -177.838379 22.680460 89.000000 
-1.697523 -177.799240 22.676126 79.000000 
-1.864003 -177.826416 22.674950 94.000000 
-1.686696 -177.782074 22.679852 81.000000 
-1.862846 -177.812561 22.672375 91.000000 
-1.691906 -177.771210 22.673515 71.000000 
-1.851834 -177.795044 22.675680 82.000000 
-1.847312 -177.780060 22.675138 85.000000 
-2.002641 -177.794754 22.684584 72.000000 
-1.846018 -177.766296 22.672676 91.000000 
-1.998016 -177.779419 22.683798 74.000000 
-1.847959 -177.753723 22.668283 94.000000 
-2.000001 -177.766434 22.679274 69.000000 
-1.848221 -177.740555 22.664898 73.000000 
-1.995284 -177.751160 22.678562 74.000000 
-2.000518 -177.739304 22.672195 72.000000 
-2.175699 -177.760849 22.678919 74.000000 
-1.995711 -177.724060 22.671555 74.000000 
-2.174244 -177.746246 22.676134 73.000000 
-1.984185 -177.706635 22.674768 72.000000 
-2.176128 -177.732758 22.671551 71.000000 
-2.164422 -177.714951 22.674335 76.000000 
-2.156048 -177.698303 22.675341 71.000000 
-2.344764 -177.720261 22.681650 65.000000 
-2.151015 -177.682770 22.674551 73.000000 
-2.339702 -177.704239 22.680531 75.000000 
-2.156111 -177.670380 22.668255 73.000000 
-2.331150 -177.687241 22.681229 78.000000 
-2.332870 -177.673309 22.676647 76.000000 
-2.558304 -177.700592 22.672243 63.000000 
-2.327662 -177.657394 22.675653 75.000000 
-2.546101 -177.682144 22.674286 78.000000 
-2.336181 -177.645416 22.667564 81.000000 
-2.544311 -177.666626 22.671270 99.000000 
-2.327435 -177.628555 22.668427 85.000000 
-2.540727 -177.650665 22.669147 89.000000 
-2.537094 -177.634735 22.667063 83.000000 
-2.526424 -177.617004 22.668457 89.000000 
-2.748850 -177.637177 22.673658 69.000000 
-2.510456 -177.597992 22.672489 81.000000 
-2.745112 -177.620743 22.671349 81.000000 
-2.513665 -177.583984 22.667089 86.000000 
-2.736013 -177.603012 22.671549 81.000000 
-2.716234 -177.582809 22.676760 81.000000 
-2.983330 -177.609390 22.670855 65.000000 
-2.715881 -177.567352 22.672939 77.000000 
-2.965105 -177.589096 22.674633 104.000000 
-2.717253 -177.552322 22.668320 81.000000 
-2.957574 -177.571350 22.673748 112.000000 
-2.720352 -177.537689 22.662895 84.000000 
-2.946402 -177.552856 22.674496 111.000000 
-2.947733 -177.537170 22.669743 108.000000 
-3.201022 -177.553528 22.679472 61.000000 
-2.945428 -177.520706 22.666611 118.000000 
-3.200543 -177.536758 22.675295 114.000000 
-2.943131 -177.503479 22.663284 114.000000 
-3.194631 -177.518066 22.673182 122.000000 
-2.928155 -177.484451 22.665825 115.000000 
-3.195862 -177.501678 22.668324 125.000000 
-3.180641 -177.482925 22.670586 123.000000 
-3.165423 -177.463470 22.672670 122.000000 
-3.470035 -177.482544 22.671282 61.000000 
-3.168314 -177.447495 22.667171 124.000000 
-3.460148 -177.463409 22.670643 121.000000 
-3.169340 -177.431168 22.662466 124.000000 
-3.452041 -177.444656 22.669333 127.000000 
-3.443877 -177.425949 22.668074 128.000000 
-3.444841 -177.408844 22.663218 127.000000 
-3.453101 -177.392914 22.655466 126.000000 
-3.433751 -177.372528 22.658731 128.000000 
-3.418017 -177.352844 22.660601 119.000000 
0.122130 -178.324112 22.696581 71.000000 
0.120630 -178.313156 22.693356 74.000000 
0.120548 -178.301315 22.691296 77.000000 
0.131595 -178.282486 22.698433 83.000000 
0.128828 -178.272446 22.694151 83.000000 
0.123314 -178.264130 22.687586 83.000000 
0.120607 -178.254044 22.683336 80.000000 
0.126421 -178.239349 22.686251 86.000000 
0.021657 -178.260742 22.698011 73.000000 
0.132151 -178.224213 22.689001 80.000000 
0.014676 -178.252914 22.690323 68.000000 
0.129428 -178.213669 22.684626 80.000000 
0.017576 -178.238693 22.690315 65.000000 
0.126866 -178.203598 22.680475 83.000000 
0.020655 -178.225006 22.690561 68.000000 
-0.109883 -178.258774 22.686970 62.000000 
0.021177 -178.214050 22.689005 68.000000 
-0.100619 -178.242599 22.691793 73.000000 
0.015748 -178.205307 22.682508 65.000000 
-0.098879 -178.229477 22.690733 87.000000 
-0.232859 -178.261292 22.690060 60.000000 
0.013212 -178.194916 22.678297 63.000000 
-0.095634 -178.215576 22.690809 87.000000 
-0.225102 -178.244659 22.693048 69.000000 
0.019318 -178.179703 22.680944 65.000000 
-0.101135 -178.206467 22.684288 84.000000 
-0.215795 -178.227310 22.697163 72.000000 
-0.106608 -178.197311 22.677778 87.000000 
-0.219899 -178.217072 22.691677 84.000000 
-0.097371 -178.180313 22.682384 81.000000 
-0.220975 -178.205246 22.688358 100.000000 
-0.091138 -178.164413 22.684610 78.000000 
-0.222140 -178.192871 22.684843 88.000000 
-0.345724 -178.215179 22.696156 62.000000 
-0.092087 -178.152954 22.681519 74.000000 
-0.215635 -178.177246 22.686977 81.000000 
-0.343705 -178.201523 22.694815 63.000000 
-0.209078 -178.161667 22.689161 83.000000 
-0.098300 -178.132294 22.672045 64.000000 
-0.214502 -178.152145 22.682707 74.000000 
-0.344136 -178.176514 22.689083 82.000000 
-0.210746 -178.138687 22.683004 74.000000 
-0.334197 -178.159805 22.693321 75.000000 
-0.493138 -178.195953 22.685917 69.000000 
-0.213092 -178.127655 22.678764 66.000000 
-0.336610 -178.148438 22.688957 75.000000 
-0.486265 -178.179810 22.687489 74.000000 
-0.339105 -178.136490 22.684397 75.000000 
-0.477897 -178.162415 22.689907 85.000000 
-0.342983 -178.125793 22.679012 72.000000 
-0.483447 -178.152039 22.683392 89.000000 
-0.337363 -178.111984 22.680449 66.000000 
-0.477755 -178.137924 22.684515 82.000000 
-0.328847 -178.095673 22.683626 72.000000 
-0.483236 -178.127518 22.678038 82.000000 
-0.620756 -178.148682 22.690062 62.000000 
-0.482406 -178.114319 22.675694 96.000000 
-0.619939 -178.135147 22.687511 70.000000 
-0.328629 -178.070847 22.678377 72.000000 
-0.468965 -178.095688 22.681648 96.000000 
-0.622276 -178.122955 22.682999 90.000000 
-0.463543 -178.079361 22.682062 85.000000 
-0.608805 -178.102875 22.688053 89.000000 
-0.462571 -178.066284 22.679838 72.000000 
-0.595040 -178.084137 22.693626 77.000000 
-0.775876 -178.119171 22.684288 68.000000 
-0.593814 -178.071930 22.691675 83.000000 
-0.771423 -178.105225 22.684025 78.000000 
-0.602388 -178.062408 22.683275 79.000000 
-0.755746 -178.085602 22.690125 98.000000 
-0.601412 -178.048370 22.680714 79.000000 
-0.761315 -178.073654 22.683445 98.000000 
-0.600287 -178.034958 22.678400 69.000000 
-0.763474 -178.061050 22.678953 91.000000 
-0.762223 -178.047836 22.676659 91.000000 
-0.914382 -178.062271 22.688465 67.000000 
-0.751231 -178.030334 22.680042 85.000000 
-0.909976 -178.046204 22.687429 72.000000 
-0.740283 -178.012314 22.683266 91.000000 
-0.902092 -178.029633 22.688551 72.000000 
-0.745541 -178.000961 22.676939 64.000000 
-0.897380 -178.014954 22.688055 74.000000 
-1.094158 -178.046326 22.683504 62.000000 
-0.894385 -178.000244 22.686426 77.000000 
-1.084424 -178.028793 22.685207 68.000000 
-0.896338 -177.987274 22.681984 83.000000 
-1.069568 -178.009659 22.689701 83.000000 
-0.898250 -177.974289 22.677565 77.000000 
-1.071549 -177.996201 22.685122 76.000000 
-1.073680 -177.981369 22.680111 80.000000 
-1.072190 -177.966782 22.677418 83.000000 
-1.247361 -177.984940 22.691057 65.000000 
-1.063702 -177.951431 22.678894 83.000000 
-1.243933 -177.970795 22.689512 82.000000 
-1.058736 -177.935837 22.678122 80.000000 
-1.250953 -177.958389 22.682234 76.000000 
-1.239039 -177.940308 22.684721 81.000000 
-1.459154 -177.967575 22.683180 66.000000 
-1.233944 -177.924316 22.683712 78.000000 
-1.464491 -177.953995 22.676716 75.000000 
-1.228799 -177.908386 22.682745 81.000000 
-1.447138 -177.934006 22.681339 99.000000 
-1.230486 -177.894455 22.678249 85.000000 
-1.436693 -177.916077 22.682623 89.000000 
-1.428023 -177.897980 22.682875 89.000000 
-1.429679 -177.883484 22.678263 89.000000 
-1.650238 -177.904678 22.684517 72.000000 
-1.434703 -177.870621 22.672184 89.000000 
-1.639462 -177.887146 22.685720 87.000000 
-1.425799 -177.853348 22.672792 89.000000 
-1.628713 -177.868942 22.686743 83.000000 
-1.637519 -177.854126 22.678282 76.000000 
-1.624893 -177.835571 22.680223 81.000000 
-1.872282 -177.858475 22.683069 103.000000 
-1.615606 -177.819473 22.681030 78.000000 
-1.873672 -177.844299 22.678711 121.000000 
-1.620579 -177.805283 22.674778 61.000000 
-1.862633 -177.825668 22.679430 120.000000 
-1.848024 -177.805542 22.681555 117.000000 
-1.838661 -177.787491 22.681599 114.000000 
-2.115326 -177.809891 22.681250 120.000000 
-1.843521 -177.773376 22.675556 114.000000 
-2.087652 -177.788223 22.688675 124.000000 
-1.844817 -177.757690 22.670898 108.000000 
-2.081745 -177.770386 22.686852 124.000000 
-2.084917 -177.753586 22.681036 123.000000 
-2.080716 -177.736145 22.678535 124.000000 
-2.365178 -177.753372 22.685614 64.000000 
-2.076462 -177.718750 22.676077 123.000000 
-2.373757 -177.737579 22.677748 122.000000 
-2.057632 -177.698608 22.679785 124.000000 
-2.371283 -177.719727 22.674244 127.000000 
-2.355855 -177.700455 22.676109 127.000000 
-2.338591 -177.680115 22.678520 127.000000 
-2.336051 -177.660690 22.674683 128.000000 
-2.337024 -177.643600 22.669903 127.000000 
-2.343364 -177.629105 22.663427 61.000000 
1.223727 -178.569992 22.703514 64.000000 
1.222161 -178.559036 22.700291 71.000000 
1.216486 -178.550735 22.693661 65.000000 
1.219132 -178.537109 22.693911 86.000000 
1.219055 -178.525269 22.691902 80.000000 
1.224699 -178.510452 22.694736 77.000000 
1.104367 -178.542404 22.694799 60.000000 
1.224704 -178.498642 22.692793 80.000000 
1.219053 -178.489777 22.686045 80.000000 
1.118426 -178.509125 22.701521 63.000000 
1.219130 -178.477966 22.684147 83.000000 
1.112810 -178.500443 22.694954 63.000000 
1.222029 -178.464462 22.684599 83.000000 
1.110069 -178.490051 22.690649 61.000000 
0.991077 -178.518158 22.696468 64.000000 
1.229155 -178.448486 22.688578 90.000000 
1.104509 -178.481308 22.684105 61.000000 
0.989740 -178.506592 22.693142 62.000000 
1.113378 -178.464767 22.689098 65.000000 
0.992951 -178.493103 22.693354 76.000000 
1.119313 -178.449448 22.691668 63.000000 
0.993150 -178.480728 22.691181 76.000000 
1.116589 -178.438553 22.687254 63.000000 
0.991795 -178.468643 22.687717 81.000000 
0.866622 -178.495911 22.693636 68.000000 
1.114029 -178.428146 22.683069 65.000000 
1.000847 -178.451492 22.692232 84.000000 
0.863896 -178.484818 22.689175 65.000000 
0.995448 -178.442902 22.685944 81.000000 
0.867311 -178.471115 22.689243 72.000000 
0.992877 -178.432144 22.681671 81.000000 
0.881103 -178.451416 22.696653 77.000000 
0.996206 -178.418259 22.681864 81.000000 
0.872515 -178.443466 22.687977 83.000000 
0.744314 -178.468704 22.696480 67.000000 
1.002516 -178.402847 22.684326 84.000000 
0.872937 -178.430832 22.685778 81.000000 
0.753879 -178.451187 22.700342 67.000000 
1.010347 -178.386734 22.687956 71.000000 
0.873399 -178.418213 22.683609 81.000000 
0.751275 -178.439774 22.695890 67.000000 
0.879905 -178.402588 22.685810 76.000000 
0.748707 -178.428360 22.691458 77.000000 
0.886462 -178.387024 22.688059 69.000000 
0.744643 -178.417664 22.685995 81.000000 
0.605710 -178.444977 22.692492 61.000000 
0.881041 -178.377457 22.681639 66.000000 
0.745209 -178.404724 22.683708 68.000000 
0.604691 -178.432419 22.688971 74.000000 
0.755021 -178.387436 22.687792 68.000000 
0.600587 -178.421280 22.683434 75.000000 
0.758748 -178.373123 22.687698 75.000000 
0.609024 -178.404404 22.686094 92.000000 
0.750228 -178.364578 22.679153 68.000000 
0.614388 -178.389023 22.686760 89.000000 
0.754037 -178.350281 22.679119 66.000000 
0.616669 -178.375092 22.685417 82.000000 
0.469656 -178.401123 22.691671 60.000000 
0.612843 -178.364563 22.680206 89.000000 
0.473702 -178.386765 22.691324 68.000000 
0.610500 -178.352722 22.675825 89.000000 
0.476076 -178.372498 22.689793 79.000000 
0.620752 -178.335403 22.679743 72.000000 
0.478496 -178.358261 22.688299 86.000000 
0.631060 -178.318176 22.683718 75.000000 
0.476165 -178.346054 22.683840 81.000000 
0.486669 -178.328552 22.687424 81.000000 
0.321869 -178.357437 22.688158 68.000000 
0.490828 -178.313736 22.687048 86.000000 
0.314660 -178.346710 22.680691 84.000000 
0.495032 -178.298965 22.686710 73.000000 
0.325396 -178.328918 22.683905 91.000000 
0.492872 -178.286804 22.682375 79.000000 
0.329671 -178.313736 22.683289 88.000000 
0.337256 -178.297333 22.684664 88.000000 
0.331838 -178.285950 22.678272 82.000000 
0.186245 -178.298309 22.693985 72.000000 
0.329721 -178.273300 22.673851 85.000000 
0.180764 -178.286484 22.687557 67.000000 
0.339080 -178.256409 22.676327 73.000000 
0.180405 -178.273483 22.684204 66.000000 
0.186625 -178.257477 22.684443 72.000000 
-0.000313 -178.285095 22.685467 60.000000 
0.194456 -178.240295 22.685453 69.000000 
0.002523 -178.269135 22.683327 74.000000 
0.192464 -178.227264 22.681026 69.000000 
0.003827 -178.254425 22.680546 76.000000 
0.015308 -178.236389 22.683289 69.000000 
0.016709 -178.221756 22.680586 71.000000 
-0.168716 -178.244736 22.689648 65.000000 
0.014774 -178.208221 22.676077 69.000000 
-0.155295 -178.225876 22.692900 79.000000 
0.012880 -178.194672 22.671593 71.000000 
-0.155534 -178.211334 22.689150 85.000000 
-0.160877 -178.198364 22.682774 78.000000 
-0.375947 -178.225128 22.684505 63.000000 
-0.162746 -178.184326 22.678190 73.000000 
-0.374414 -178.209473 22.681421 78.000000 
-0.157701 -178.168243 22.677193 73.000000 
-0.369351 -178.192841 22.680075 75.000000 
-0.138859 -178.148193 22.683369 76.000000 
-0.367719 -178.177216 22.677067 86.000000 
-0.362555 -178.160645 22.675802 86.000000 
-0.348625 -178.141724 22.678867 89.000000 
-0.343355 -178.125244 22.677702 78.000000 
-0.565797 -178.147400 22.683458 72.000000 
-0.346757 -178.111145 22.672274 75.000000 
-0.551624 -178.128128 22.686090 87.000000 
-0.547994 -178.111633 22.683847 76.000000 
-0.546080 -178.095627 22.680820 74.000000 
-0.795393 -178.120193 22.683632 103.000000 
-0.554727 -178.082214 22.672865 81.000000 
-0.788092 -178.102234 22.682707 112.000000 
-0.542106 -178.063614 22.674873 70.000000 
-0.780736 -178.084320 22.681831 121.000000 
-0.784068 -178.068924 22.676258 120.000000 
-0.774816 -178.050690 22.676262 119.000000 
-1.046340 -178.073181 22.679270 117.000000 
-0.756550 -178.030518 22.680294 114.000000 
-1.040601 -178.055069 22.677349 121.000000 
-0.759729 -178.015167 22.674833 115.000000 
-1.027558 -178.035477 22.678499 125.000000 
-1.005392 -178.014114 22.683502 125.000000 
-1.003108 -177.996948 22.680223 125.000000 
-1.304200 -178.018768 22.681620 64.000000 
-1.009840 -177.981583 22.673172 126.000000 
-1.300055 -178.000427 22.678774 121.000000 
-1.007455 -177.964417 22.669960 126.000000 
-1.297688 -177.982452 22.675249 126.000000 
-1.289765 -177.963501 22.673939 129.000000 
-1.289121 -177.945908 22.669773 128.000000 
-1.271859 -177.926270 22.672440 128.000000 
-1.263769 -177.907471 22.671282 129.000000 
-1.259293 -177.889343 22.668709 124.000000 
2.306763 -178.823822 22.689907 68.000000 
2.313335 -178.807358 22.693495 77.000000 
2.315837 -178.793640 22.693707 80.000000 
2.313023 -178.784012 22.689592 68.000000 
2.316987 -178.769455 22.691017 90.000000 
2.314240 -178.759842 22.686949 91.000000 
2.206421 -178.784653 22.697533 61.000000 
2.316908 -178.746201 22.687292 91.000000 
2.325020 -178.728638 22.692087 91.000000 
2.320858 -178.719391 22.686729 97.000000 
2.206065 -178.747681 22.690960 68.000000 
2.319500 -178.708420 22.683704 88.000000 
2.214588 -178.730453 22.695662 68.000000 
2.079780 -178.768570 22.689568 60.000000 
2.314008 -178.699982 22.677212 101.000000 
2.208964 -178.721725 22.689125 63.000000 
2.084150 -178.753601 22.690605 64.000000 
2.319670 -178.684769 22.680054 104.000000 
2.203366 -178.712952 22.682598 63.000000 
2.091475 -178.737015 22.693882 62.000000 
2.203489 -178.700836 22.680616 63.000000 
2.085766 -178.727890 22.687313 76.000000 
2.206503 -178.687073 22.680939 65.000000 
2.087365 -178.714645 22.686264 89.000000 
1.962139 -178.742691 22.692503 64.000000 
2.215270 -178.670090 22.685858 68.000000 
2.078802 -178.707092 22.677513 81.000000 
1.957837 -178.732361 22.686968 74.000000 
2.212665 -178.659668 22.681696 65.000000 
2.084855 -178.691452 22.679840 84.000000 
1.961011 -178.718018 22.686810 74.000000 
2.093880 -178.674271 22.684433 87.000000 
1.955290 -178.708435 22.680241 93.000000 
2.091525 -178.664566 22.680609 84.000000 
1.963294 -178.692902 22.683817 100.000000 
1.825824 -178.723572 22.686510 62.000000 
2.094794 -178.650650 22.680838 84.000000 
1.968094 -178.677872 22.684847 93.000000 
1.826114 -178.710495 22.684082 72.000000 
2.084669 -178.642670 22.670628 84.000000 
1.965209 -178.665619 22.680077 93.000000 
1.835321 -178.691711 22.687517 68.000000 
1.962621 -178.654465 22.675760 88.000000 
1.963065 -178.641785 22.673639 88.000000 
1.840714 -178.663422 22.685999 88.000000 
1.695545 -178.694565 22.688728 69.000000 
1.969547 -178.626114 22.675907 93.000000 
1.839658 -178.651199 22.682659 75.000000 
1.699098 -178.679718 22.688253 60.000000 
1.976203 -178.611053 22.678434 74.000000 
1.834179 -178.641739 22.676394 75.000000 
1.704387 -178.664780 22.689064 64.000000 
1.846975 -178.622910 22.682629 75.000000 
1.698679 -178.654343 22.682533 64.000000 
1.850516 -178.607956 22.682348 78.000000 
1.700679 -178.639694 22.680916 74.000000 
1.845024 -178.597916 22.675940 66.000000 
1.701291 -178.626373 22.678532 82.000000 
1.848893 -178.584152 22.676153 68.000000 
1.709884 -178.610138 22.681549 89.000000 
1.709020 -178.597565 22.678204 82.000000 
1.553899 -178.627136 22.679461 68.000000 
1.705063 -178.586380 22.672815 85.000000 
1.564171 -178.609360 22.682932 72.000000 
1.705842 -178.573105 22.670555 89.000000 
1.561744 -178.597076 22.678461 72.000000 
1.406388 -178.623291 22.685976 65.000000 
1.711368 -178.557816 22.671442 79.000000 
1.559354 -178.584763 22.674011 70.000000 
1.408788 -178.608582 22.684271 68.000000 
1.560197 -178.571121 22.671595 72.000000 
1.409610 -178.594543 22.681635 66.000000 
1.564280 -178.556183 22.671225 72.000000 
1.410476 -178.580521 22.679031 78.000000 
1.576408 -178.538025 22.675941 75.000000 
1.406508 -178.568436 22.673542 82.000000 
1.582192 -178.522552 22.676676 81.000000 
1.413967 -178.551880 22.674894 85.000000 
1.421480 -178.535385 22.676298 82.000000 
1.262482 -178.553497 22.684925 67.000000 
1.565053 -178.503082 22.659979 68.000000 
1.422527 -178.521439 22.673834 85.000000 
1.271802 -178.536087 22.686960 77.000000 
1.420357 -178.508728 22.669437 79.000000 
1.269582 -178.522980 22.682438 72.000000 
1.421489 -178.494797 22.667032 71.000000 
1.267403 -178.509857 22.677938 77.000000 
1.085318 -178.536743 22.682323 60.000000 
1.268580 -178.495529 22.675362 72.000000 
1.089833 -178.520767 22.681320 62.000000 
1.276442 -178.478897 22.676622 72.000000 
1.089346 -178.506561 22.677620 68.000000 
1.281035 -178.463470 22.676025 82.000000 
1.087217 -178.492905 22.673035 71.000000 
1.279028 -178.450363 22.671648 61.000000 
1.098621 -178.474762 22.675814 71.000000 
0.897628 -178.503754 22.677586 67.000000 
1.106709 -178.457825 22.676813 71.000000 
0.907486 -178.485748 22.679045 63.000000 
1.104719 -178.444214 22.672333 76.000000 
0.913976 -178.468903 22.678795 79.000000 
1.106149 -178.429520 22.669724 69.000000 
0.923947 -178.451050 22.680363 78.000000 
0.925401 -178.435883 22.677549 76.000000 
0.696303 -178.467422 22.672779 77.000000 
0.920140 -178.423508 22.671440 69.000000 
0.711767 -178.448303 22.676748 78.000000 
0.921683 -178.408340 22.668684 73.000000 
0.711544 -178.433075 22.672878 89.000000 
0.928332 -178.390976 22.668419 68.000000 
0.711274 -178.417114 22.668806 83.000000 
0.712887 -178.401398 22.665857 83.000000 
0.721513 -178.383774 22.666376 86.000000 
0.500480 -178.406647 22.673962 61.000000 
0.738903 -178.363846 22.671249 81.000000 
0.502168 -178.390381 22.670824 84.000000 
0.738928 -178.348709 22.667570 72.000000 
0.516257 -178.370941 22.673481 81.000000 
0.523345 -178.353394 22.672903 75.000000 
0.261275 -178.382431 22.671137 65.000000 
0.520058 -178.340103 22.667877 81.000000 
0.268616 -178.365860 22.670668 75.000000 
0.527245 -178.322632 22.667381 75.000000 
0.279407 -178.346863 22.671331 116.000000 
0.525569 -178.306595 22.662548 73.000000 
0.291964 -178.326736 22.672606 120.000000 
0.295720 -178.309555 22.670218 117.000000 
0.297816 -178.293625 22.667313 117.000000 
0.029659 -178.316177 22.672445 111.000000 
0.305253 -178.275696 22.666597 115.000000 
0.033510 -178.298340 22.669794 122.000000 
0.319765 -178.254654 22.668661 68.000000 
0.040887 -178.278076 22.668219 127.000000 
0.055720 -178.258041 22.670219 124.000000 
0.061555 -178.239960 22.668478 124.000000 
-0.256333 -178.265854 22.664154 108.000000 
0.062006 -178.223007 22.664492 124.000000 
-0.239449 -178.244827 22.666370 122.000000 
0.064323 -178.205704 22.661306 126.000000 
-0.233494 -178.225998 22.664310 128.000000 
0.073946 -178.186996 22.661226 113.000000 
-0.227481 -178.207199 22.662300 131.000000 
0.072741 -178.170441 22.656588 111.000000 
-0.215913 -178.187439 22.662519 128.000000 
-0.217118 -178.170059 22.657688 129.000000 
-0.207269 -178.150726 22.657278 128.000000 
-0.188191 -178.129913 22.660593 107.000000 
-0.183678 -178.112549 22.658329 120.000000 
3.415857 -179.050568 22.701887 64.000000 
3.414128 -179.039520 22.698641 80.000000 
3.422192 -179.022675 22.703625 71.000000 
3.427415 -179.007187 22.706161 86.000000 
3.427040 -178.994812 22.703947 83.000000 
3.424097 -178.984711 22.699675 83.000000 
3.424089 -178.973343 22.697937 80.000000 
3.429498 -178.957993 22.700630 80.000000 
3.312121 -178.988922 22.702883 60.000000 
3.432195 -178.944443 22.701057 86.000000 
3.312025 -178.976776 22.700794 63.000000 
3.429398 -178.934357 22.696886 83.000000 
3.314800 -178.962936 22.700985 61.000000 
3.184404 -178.999191 22.698456 60.000000 
3.426769 -178.924759 22.692940 86.000000 
3.320597 -178.947952 22.703684 63.000000 
3.190288 -178.983887 22.700800 62.000000 
3.426810 -178.912933 22.691132 86.000000 
3.320628 -178.935867 22.701694 65.000000 
3.317717 -178.924942 22.697256 63.000000 
3.195974 -178.955139 22.700583 73.000000 
3.060622 -178.989929 22.699656 60.000000 
3.312133 -178.916183 22.690777 68.000000 
3.194601 -178.943558 22.697340 78.000000 
3.068077 -178.973068 22.702620 72.000000 
3.425765 -178.878387 22.684700 64.000000 
3.316679 -178.902145 22.692482 73.000000 
3.196312 -178.930878 22.696543 74.000000 
3.071281 -178.959274 22.702656 72.000000 
3.321137 -178.887619 22.694019 65.000000 
3.192101 -178.920914 22.691139 78.000000 
3.074386 -178.944946 22.702507 66.000000 
3.195075 -178.906372 22.691078 78.000000 
3.072937 -178.932495 22.698957 77.000000 
3.204069 -178.889221 22.695715 78.000000 
3.067198 -178.922958 22.692425 78.000000 
2.935929 -178.951172 22.699457 77.000000 
3.199973 -178.879257 22.690388 87.000000 
3.073413 -178.907104 22.694529 78.000000 
2.937676 -178.937332 22.698082 64.000000 
3.201757 -178.866135 22.689539 64.000000 
3.082667 -178.889771 22.698845 83.000000 
2.934903 -178.925827 22.693605 64.000000 
3.083148 -178.877701 22.696934 81.000000 
2.941439 -178.910309 22.695658 81.000000 
3.086526 -178.863541 22.697008 86.000000 
2.950938 -178.892746 22.699635 75.000000 
2.798265 -178.928436 22.697361 60.000000 
3.081097 -178.854538 22.690804 69.000000 
2.945372 -178.883377 22.693367 75.000000 
2.806532 -178.911926 22.700151 64.000000 
2.948864 -178.868896 22.693216 78.000000 
2.810051 -178.897110 22.699713 62.000000 
2.949218 -178.855377 22.690777 81.000000 
2.815044 -178.880997 22.700111 74.000000 
2.958924 -178.838028 22.694942 66.000000 
2.804640 -178.872772 22.690546 85.000000 
2.959622 -178.825714 22.693007 70.000000 
2.809982 -178.857880 22.691458 82.000000 
2.664560 -178.884842 22.699373 60.000000 
2.812123 -178.843872 22.690134 85.000000 
2.665113 -178.871170 22.696802 66.000000 
2.818872 -178.827164 22.691721 85.000000 
2.659223 -178.859665 22.690063 72.000000 
2.816417 -178.815323 22.687378 85.000000 
2.669405 -178.841827 22.693525 72.000000 
2.818814 -178.801971 22.686378 79.000000 
2.673401 -178.827438 22.693275 72.000000 
2.506974 -178.859253 22.694098 66.000000 
2.677319 -178.812469 22.692841 70.000000 
2.514148 -178.842499 22.695274 68.000000 
2.670122 -178.802216 22.685425 75.000000 
2.521376 -178.825821 22.696501 78.000000 
2.678916 -178.785278 22.688074 86.000000 
2.520546 -178.812469 22.692938 85.000000 
2.366581 -178.830719 22.705265 63.000000 
2.682972 -178.770401 22.687752 86.000000 
2.514886 -178.801071 22.686489 82.000000 
2.367409 -178.816330 22.702492 66.000000 
2.519010 -178.785767 22.685890 82.000000 
2.364980 -178.803223 22.697878 64.000000 
2.526435 -178.769241 22.687284 88.000000 
2.365896 -178.788834 22.695164 77.000000 
2.530659 -178.754028 22.686775 94.000000 
2.375124 -178.771378 22.697186 69.000000 
2.528417 -178.741348 22.682384 85.000000 
2.382753 -178.754593 22.698320 67.000000 
2.377192 -178.742722 22.691944 74.000000 
2.384919 -178.726028 22.693161 74.000000 
2.199766 -178.754654 22.695431 71.000000 
2.376122 -178.715317 22.684935 72.000000 
2.197518 -178.741043 22.690828 76.000000 
2.383945 -178.698669 22.686228 72.000000 
2.198679 -178.726273 22.688076 78.000000 
2.016620 -178.750641 22.700050 61.000000 
2.193148 -178.713776 22.681694 73.000000 
2.021214 -178.734283 22.698841 65.000000 
2.207881 -178.694504 22.686342 83.000000 
2.017313 -178.720718 22.693283 82.000000 
2.217616 -178.677002 22.688297 88.000000 
2.023715 -178.703857 22.693033 87.000000 
2.210531 -178.665085 22.681087 61.000000 
2.028460 -178.687592 22.691944 85.000000 
1.803043 -178.719940 22.689426 78.000000 
2.218678 -178.648224 22.682207 61.000000 
2.036679 -178.670273 22.692669 76.000000 
1.807840 -178.703094 22.688017 72.000000 
2.038100 -178.655151 22.689898 81.000000 
1.812689 -178.686279 22.686651 83.000000 
2.036140 -178.641068 22.685379 73.000000 
1.829749 -178.665955 22.691280 89.000000 
1.824283 -178.652283 22.684904 92.000000 
1.605231 -178.677048 22.694067 64.000000 
1.818857 -178.638580 22.678545 92.000000 
1.619053 -178.657364 22.696560 61.000000 
1.827390 -178.620911 22.679056 89.000000 
1.618845 -178.641632 22.692585 77.000000 
1.829016 -178.605240 22.676186 81.000000 
1.616923 -178.626358 22.687822 77.000000 
1.618574 -178.610138 22.684731 73.000000 
1.372679 -178.637177 22.690771 103.000000 
1.622038 -178.593475 22.682495 81.000000 
1.374342 -178.620300 22.687426 104.000000 
1.639670 -178.573212 22.686901 75.000000 
1.370700 -178.604767 22.681761 112.000000 
1.645009 -178.556198 22.685591 68.000000 
1.393898 -178.582657 22.687922 115.000000 
1.404657 -178.563721 22.688646 117.000000 
1.406535 -178.546997 22.685476 118.000000 
1.127771 -178.574173 22.686546 111.000000 
1.410254 -178.529861 22.683134 115.000000 
1.147747 -178.552628 22.690617 113.000000 
1.403290 -178.515213 22.676069 118.000000 
1.149700 -178.535217 22.687227 125.000000 
1.149896 -178.518204 22.683123 125.000000 
1.419932 -178.479004 22.675560 68.000000 
1.159195 -178.499268 22.682838 125.000000 
0.861568 -178.523605 22.687201 118.000000 
1.168551 -178.480392 22.682610 125.000000 
0.863649 -178.505432 22.683611 121.000000 
1.177966 -178.461578 22.682434 125.000000 
0.865784 -178.487274 22.680063 126.000000 
0.871637 -178.468414 22.677999 126.000000 
0.888534 -178.447495 22.680325 126.000000 
0.901831 -178.427383 22.681269 127.000000 
0.904259 -178.410248 22.678150 125.000000 
0.897510 -178.393906 22.671181 122.000000 
0.912810 -178.373642 22.673008 103.000000 
4.542245 -179.250229 22.713245 68.000000 
4.540342 -179.238754 22.709860 86.000000 
4.544104 -179.224182 22.711296 94.000000 
4.544108 -179.213348 22.709757 88.000000 
4.547959 -179.198837 22.711267 94.000000 
4.543619 -179.189682 22.705904 88.000000 
4.542058 -179.178741 22.702864 94.000000 
4.433402 -179.205261 22.711740 63.000000 
4.539154 -179.168671 22.698689 97.000000 
4.430418 -179.194901 22.707445 65.000000 
4.540418 -179.155975 22.698011 104.000000 
4.433106 -179.181076 22.707676 65.000000 
4.547245 -179.139862 22.702021 111.000000 
4.430194 -179.170700 22.703428 65.000000 
4.543071 -179.130661 22.696758 69.000000 
4.430140 -179.158615 22.701462 65.000000 
4.311592 -179.188339 22.707085 80.000000 
4.437202 -179.142334 22.705194 73.000000 
4.304323 -179.180130 22.699446 78.000000 
4.428733 -179.135315 22.696476 89.000000 
4.307208 -179.166046 22.699528 78.000000 
4.178001 -179.198120 22.702570 65.000000 
4.431632 -179.121582 22.696871 92.000000 
4.313039 -179.150360 22.701859 81.000000 
4.176523 -179.186188 22.699200 69.000000 
4.310217 -179.139633 22.697594 78.000000 
4.181006 -179.171021 22.700142 77.000000 
4.307292 -179.128357 22.693136 87.000000 
4.183913 -179.156143 22.699835 93.000000 
4.307446 -179.115982 22.691133 87.000000 
4.187014 -179.141846 22.699789 93.000000 
4.056147 -179.171021 22.706535 62.000000 
4.310688 -179.102554 22.691601 92.000000 
4.187329 -179.129730 22.697836 88.000000 
4.060981 -179.156219 22.707512 65.000000 
4.318210 -179.086258 22.695246 69.000000 
4.181595 -179.120209 22.691368 85.000000 
4.058141 -179.144791 22.703079 65.000000 
4.183333 -179.106750 22.690332 88.000000 
4.061407 -179.130249 22.702862 88.000000 
4.195545 -179.087906 22.696939 83.000000 
4.054086 -179.121109 22.695324 81.000000 
4.313330 -179.052490 22.685135 60.000000 
4.195889 -179.075302 22.694899 88.000000 
4.057436 -179.106598 22.695168 81.000000 
3.920398 -179.135361 22.702852 69.000000 
4.193287 -179.064224 22.690704 70.000000 
4.063878 -179.090607 22.697163 75.000000 
3.916070 -179.124268 22.697351 64.000000 
4.070505 -179.075256 22.699423 78.000000 
3.922775 -179.108566 22.699244 79.000000 
4.064850 -179.065323 22.693029 75.000000 
3.929395 -179.092316 22.700962 89.000000 
4.071436 -179.049469 22.695150 87.000000 
3.923633 -179.081955 22.694515 89.000000 
4.065852 -179.039490 22.688797 66.000000 
3.927237 -179.067215 22.694254 89.000000 
3.783696 -179.094147 22.702726 66.000000 
3.924659 -179.055374 22.689907 89.000000 
3.779451 -179.082626 22.697243 79.000000 
3.925236 -179.042114 22.687649 99.000000 
3.784760 -179.066864 22.697760 79.000000 
3.938335 -179.023239 22.693712 108.000000 
3.782182 -179.054626 22.693325 77.000000 
3.628891 -179.082123 22.701807 62.000000 
3.943691 -179.007950 22.694649 66.000000 
3.789174 -179.038254 22.694923 86.000000 
3.623036 -179.070801 22.695314 64.000000 
3.796221 -179.021942 22.696571 86.000000 
3.626915 -179.055405 22.694637 78.000000 
3.796954 -179.008392 22.694241 95.000000 
3.629227 -179.040726 22.693033 88.000000 
3.472105 -179.061356 22.703482 61.000000 
3.797730 -178.994843 22.691942 95.000000 
3.644539 -179.020782 22.699238 73.000000 
3.482703 -179.043060 22.706337 65.000000 
3.792172 -178.983948 22.685631 66.000000 
3.637230 -179.010101 22.691881 82.000000 
3.637942 -178.995514 22.689194 88.000000 
3.487479 -179.012421 22.702610 74.000000 
3.635573 -178.982834 22.684803 94.000000 
3.486824 -178.999374 22.699261 61.000000 
3.639855 -178.968262 22.684576 91.000000 
3.491039 -178.983810 22.698542 64.000000 
3.647319 -178.951828 22.686134 62.000000 
3.493653 -178.968887 22.696918 67.000000 
3.501271 -178.952164 22.698175 72.000000 
3.301347 -178.987503 22.692036 65.000000 
3.497255 -178.939072 22.692614 77.000000 
3.305598 -178.970825 22.690870 71.000000 
3.316737 -178.952530 22.693632 73.000000 
3.117955 -178.983963 22.696587 65.000000 
3.314600 -178.939636 22.689346 76.000000 
3.115733 -178.970535 22.692127 61.000000 
3.315756 -178.924896 22.686697 80.000000 
3.139019 -178.947937 22.700651 69.000000 
3.316957 -178.910156 22.684080 76.000000 
3.140193 -178.932739 22.697802 66.000000 
3.132877 -178.920319 22.690567 73.000000 
2.919755 -178.950424 22.694006 71.000000 
3.137558 -178.904037 22.689548 72.000000 
2.927905 -178.932510 22.694332 68.000000 
3.336005 -178.861130 22.684776 62.000000 
3.145710 -178.886719 22.690348 73.000000 
2.920517 -178.919403 22.687071 82.000000 
3.153813 -178.868759 22.690975 73.000000 
2.926931 -178.901337 22.686398 92.000000 
2.938710 -178.882523 22.688566 81.000000 
2.945444 -178.866058 22.688457 83.000000 
2.939975 -178.852417 22.682169 83.000000 
2.722854 -178.877060 22.691475 61.000000 
2.944873 -178.835022 22.680824 86.000000 
2.731279 -178.858124 22.691420 73.000000 
2.951660 -178.817932 22.680613 63.000000 
2.741624 -178.839539 22.692474 73.000000 
2.741556 -178.824600 22.688877 81.000000 
2.488852 -178.854584 22.691153 103.000000 
2.736155 -178.810303 22.682600 81.000000 
2.488671 -178.838196 22.687098 110.000000 
2.743043 -178.791992 22.681908 75.000000 
2.499145 -178.818314 22.687559 117.000000 
2.504423 -178.800629 22.685951 111.000000 
2.240246 -178.826981 22.693457 103.000000 
2.509755 -178.782990 22.684387 117.000000 
2.234751 -178.811172 22.687012 117.000000 
2.511570 -178.766235 22.681284 121.000000 
2.243747 -178.792007 22.686609 121.000000 
2.526025 -178.747345 22.684013 120.000000 
2.243859 -178.775772 22.682732 124.000000 
2.269230 -178.753052 22.689230 127.000000 
2.274788 -178.734894 22.687479 126.000000 
1.966472 -178.763657 22.687323 118.000000 
2.269552 -178.719116 22.681213 127.000000 
1.975735 -178.743942 22.686642 121.000000 
2.267981 -178.702530 22.676495 127.000000 
1.977747 -178.725784 22.683132 127.000000 
2.288173 -178.681396 22.680971 115.000000 
1.985299 -178.706528 22.681831 129.000000 
1.989252 -178.688049 22.679132 128.000000 
2.004238 -178.667480 22.680834 128.000000 
2.017457 -178.647354 22.681871 128.000000 
2.014261 -178.630386 22.676403 122.000000 
5.649414 -179.461288 22.710817 61.000000 
5.661214 -179.441162 22.719099 80.000000 
5.660820 -179.429337 22.717134 86.000000 
5.660618 -179.418030 22.715412 86.000000 
5.652099 -179.411606 22.706591 83.000000 
5.655913 -179.397095 22.708157 90.000000 
5.546119 -179.425415 22.715965 61.000000 
5.666629 -179.378204 22.715549 94.000000 
5.541644 -179.415955 22.710545 73.000000 
5.656829 -179.372604 22.705620 111.000000 
5.542812 -179.402969 22.709641 63.000000 
5.656660 -179.360825 22.703815 111.000000 
5.548240 -179.387405 22.712152 65.000000 
5.655154 -179.349915 22.700874 104.000000 
5.549499 -179.374496 22.711321 73.000000 
5.425607 -179.408630 22.712481 60.000000 
5.660570 -179.334686 22.703791 65.000000 
5.545165 -179.365005 22.705992 68.000000 
5.431222 -179.392853 22.714733 73.000000 
5.661901 -179.322098 22.703247 71.000000 
5.543680 -179.353806 22.702944 83.000000 
5.429684 -179.381348 22.711529 70.000000 
5.540819 -179.343430 22.698784 92.000000 
5.426740 -179.370667 22.707245 70.000000 
5.300866 -179.401840 22.712139 65.000000 
5.657907 -179.301682 22.696583 64.000000 
5.546615 -179.328552 22.701691 92.000000 
5.423973 -179.360504 22.703194 70.000000 
5.299487 -179.390518 22.709028 69.000000 
5.431218 -179.344025 22.706705 76.000000 
5.306851 -179.373749 22.712160 84.000000 
5.429971 -179.333069 22.703814 92.000000 
5.298163 -179.366516 22.703730 88.000000 
5.431518 -179.319931 22.702961 100.000000 
5.301184 -179.352234 22.703707 88.000000 
5.427165 -179.309525 22.697474 95.000000 
5.310035 -179.334229 22.707829 72.000000 
5.172019 -179.367844 22.708801 64.000000 
5.310193 -179.321609 22.705729 76.000000 
5.179698 -179.350922 22.711718 88.000000 
5.306077 -179.311920 22.700613 88.000000 
5.181524 -179.337769 22.710707 81.000000 
5.309280 -179.297745 22.700739 94.000000 
5.184765 -179.323288 22.710564 78.000000 
5.037465 -179.358658 22.710896 61.000000 
5.303607 -179.288254 22.694361 91.000000 
5.185020 -179.310379 22.708351 78.000000 
5.037676 -179.345352 22.708452 62.000000 
5.183799 -179.298233 22.705111 72.000000 
5.045661 -179.328278 22.711143 90.000000 
5.185655 -179.284576 22.704014 75.000000 
5.039775 -179.317993 22.704679 92.000000 
5.195160 -179.267212 22.708261 87.000000 
5.038566 -179.305450 22.701305 89.000000 
5.189499 -179.257339 22.701925 78.000000 
5.040498 -179.291443 22.700010 92.000000 
4.892488 -179.321762 22.705591 60.000000 
5.179296 -179.249634 22.692400 60.000000 
5.050236 -179.273804 22.703903 96.000000 
4.896038 -179.306656 22.705067 72.000000 
5.050581 -179.259995 22.701445 96.000000 
4.897921 -179.291702 22.703365 79.000000 
5.049545 -179.247513 22.698196 102.000000 
4.909481 -179.273132 22.707912 83.000000 
5.058139 -179.231949 22.701622 75.000000 
4.913446 -179.259384 22.707958 77.000000 
4.747807 -179.293411 22.708197 66.000000 
4.910854 -179.247223 22.703592 86.000000 
4.748341 -179.279419 22.705595 78.000000 
4.911219 -179.232468 22.700827 92.000000 
4.750270 -179.263489 22.703545 94.000000 
5.056715 -179.192703 22.692772 66.000000 
4.915059 -179.217560 22.700541 98.000000 
4.750899 -179.249512 22.701012 76.000000 
4.925549 -179.201218 22.704762 77.000000 
4.751825 -179.236816 22.698954 88.000000 
4.755771 -179.221542 22.698431 88.000000 
4.600648 -179.241745 22.709017 69.000000 
4.767857 -179.203033 22.702833 101.000000 
4.604683 -179.226135 22.708254 74.000000 
4.760571 -179.192398 22.695551 104.000000 
4.612062 -179.209290 22.709415 69.000000 
4.761419 -179.178497 22.693182 71.000000 
4.609612 -179.196274 22.704962 72.000000 
4.610499 -179.181992 22.702425 74.000000 
4.435949 -179.209839 22.710115 71.000000 
4.609781 -179.168350 22.698971 77.000000 
4.430150 -179.197540 22.703732 78.000000 
4.617357 -179.151657 22.700298 92.000000 
4.427739 -179.184006 22.699190 76.000000 
4.624988 -179.135025 22.701677 61.000000 
4.432075 -179.168076 22.698332 78.000000 
4.247178 -179.196030 22.708130 60.000000 
4.429751 -179.154526 22.693848 83.000000 
4.248172 -179.180832 22.705235 75.000000 
4.620562 -179.109024 22.693094 67.000000 
4.445932 -179.134567 22.699495 88.000000 
4.245808 -179.166763 22.700613 83.000000 
4.448741 -179.119339 22.697847 92.000000 
4.253708 -179.149307 22.701311 81.000000 
4.261664 -179.131897 22.702059 72.000000 
4.026537 -179.170486 22.694027 77.000000 
4.266153 -179.114975 22.700861 81.000000 
4.034467 -179.151779 22.694138 71.000000 
4.274220 -179.097687 22.701710 87.000000 
4.039112 -179.134949 22.692839 99.000000 
4.268574 -179.084076 22.695259 85.000000 
4.048892 -179.115845 22.693905 89.000000 
4.043257 -179.102234 22.687578 89.000000 
4.048270 -179.086975 22.686865 89.000000 
3.838372 -179.111450 22.699652 64.000000 
4.061787 -179.067719 22.690018 99.000000 
3.841477 -179.094711 22.697367 87.000000 
4.078633 -179.046112 22.694508 99.000000 
3.848042 -179.076248 22.696526 83.000000 
3.856528 -179.058121 22.696793 74.000000 
3.591597 -179.092819 22.693432 74.000000 
3.863509 -179.042053 22.696747 75.000000 
3.602155 -179.075165 22.694546 72.000000 
3.870342 -179.024521 22.696285 64.000000 
3.600101 -179.059250 22.689732 116.000000 
3.866671 -179.009842 22.690905 87.000000 
3.628369 -179.035553 22.698334 118.000000 
3.640678 -179.016113 22.699926 114.000000 
3.873463 -178.975998 22.686646 61.000000 
3.636914 -178.999969 22.694225 116.000000 
3.360494 -179.030289 22.695646 120.000000 
3.622593 -178.987213 22.684023 121.000000 
3.362175 -179.012833 22.692276 123.000000 
3.634979 -178.967087 22.685522 122.000000 
3.371033 -178.992874 22.691721 126.000000 
3.374632 -178.975052 22.689194 125.000000 
3.079330 -179.004395 22.694727 66.000000 
3.387311 -178.955231 22.690502 124.000000 
3.077480 -178.986984 22.689728 122.000000 
3.403663 -178.934692 22.693390 125.000000 
3.084809 -178.967606 22.688358 123.000000 
3.400205 -178.918610 22.687962 127.000000 
3.095849 -178.947525 22.688482 126.000000 
3.407640 -178.900162 22.687145 60.000000 
3.108776 -178.927139 22.689386 126.000000 
3.119939 -178.907227 22.689627 125.000000 
3.118369 -178.889923 22.684839 125.000000 
3.120507 -178.871887 22.681541 124.000000 
3.128187 -178.852829 22.680473 118.000000 
6.769937 -179.651474 22.718594 85.000000 
6.766747 -179.641464 22.714334 90.000000 
6.774465 -179.624161 22.719286 101.000000 
6.774075 -179.612350 22.717386 101.000000 
6.765541 -179.605957 22.708590 101.000000 
6.665630 -179.628693 22.724344 64.000000 
6.762485 -179.595917 22.704414 101.000000 
6.663898 -179.617508 22.721191 68.000000 
6.771766 -179.577896 22.710691 111.000000 
6.658004 -179.608978 22.714684 63.000000 
6.772897 -179.565231 22.710062 114.000000 
6.654937 -179.598648 22.710440 68.000000 
6.771473 -179.554855 22.707338 111.000000 
6.659063 -179.584473 22.712076 73.000000 
6.533896 -179.620255 22.712257 62.000000 
6.776801 -179.539627 22.710268 62.000000 
6.660280 -179.571548 22.711279 86.000000 
6.536538 -179.606125 22.712311 80.000000 
6.762937 -179.536514 22.696875 71.000000 
6.661539 -179.558655 22.710514 92.000000 
6.532043 -179.596298 22.706898 81.000000 
6.768343 -179.521317 22.699863 71.000000 
6.658617 -179.548325 22.706369 102.000000 
6.540524 -179.578827 22.711428 84.000000 
6.771047 -179.507874 22.700550 77.000000 
6.655728 -179.537979 22.702242 92.000000 
6.540424 -179.566483 22.709385 92.000000 
6.408868 -179.601456 22.709805 64.000000 
6.543249 -179.552475 22.709583 92.000000 
6.424957 -179.579651 22.719376 91.000000 
6.540490 -179.542343 22.705589 95.000000 
6.416227 -179.572510 22.710962 91.000000 
6.540509 -179.530029 22.703630 98.000000 
6.419167 -179.558228 22.710957 88.000000 
6.544766 -179.514725 22.704836 98.000000 
6.419055 -179.545044 22.708614 88.000000 
6.290226 -179.574692 22.715973 62.000000 
6.546319 -179.501633 22.704060 63.000000 
6.422088 -179.530807 22.708681 83.000000 
6.290272 -179.561722 22.713669 93.000000 
6.539215 -179.493378 22.696596 66.000000 
6.429608 -179.514236 22.712044 91.000000 
6.284324 -179.551926 22.707197 78.000000 
6.536488 -179.482666 22.692503 64.000000 
6.428294 -179.502457 22.708933 94.000000 
6.293510 -179.534256 22.711256 78.000000 
6.425672 -179.492004 22.704964 88.000000 
6.299874 -179.518799 22.713478 70.000000 
6.142022 -179.560074 22.706434 61.000000 
6.306149 -179.502823 22.715534 78.000000 
6.152979 -179.541397 22.711159 90.000000 
6.303385 -179.491501 22.711285 87.000000 
6.154739 -179.527344 22.709810 92.000000 
6.300655 -179.480148 22.707054 96.000000 
6.155000 -179.514069 22.707474 92.000000 
6.307072 -179.464279 22.709227 96.000000 
6.158396 -179.499329 22.707220 92.000000 
6.151003 -179.489761 22.699799 99.000000 
6.017302 -179.514038 22.714188 66.000000 
6.303328 -179.440842 22.701963 61.000000 
6.160684 -179.472122 22.703739 108.000000 
6.012931 -179.502594 22.708746 83.000000 
6.168872 -179.455276 22.706701 112.000000 
6.011752 -179.489700 22.705320 95.000000 
6.172460 -179.440674 22.706608 97.000000 
6.024832 -179.470413 22.710918 86.000000 
5.854581 -179.507553 22.708323 60.000000 
6.179202 -179.424683 22.708632 60.000000 
6.028490 -179.455460 22.710573 95.000000 
5.856633 -179.492844 22.706688 89.000000 
6.158002 -179.421432 22.691959 69.000000 
6.032196 -179.440536 22.710266 98.000000 
5.861952 -179.476761 22.707026 94.000000 
6.026446 -179.429810 22.703959 104.000000 
5.872155 -179.458694 22.710318 88.000000 
6.027070 -179.416290 22.701700 67.000000 
5.869522 -179.446121 22.705893 88.000000 
5.870154 -179.432175 22.703438 91.000000 
5.722035 -179.452026 22.718208 72.000000 
5.864625 -179.422165 22.697548 98.000000 
5.719417 -179.439026 22.713705 69.000000 
5.876647 -179.403641 22.701994 101.000000 
5.721765 -179.424088 22.712051 77.000000 
5.882262 -179.387802 22.702581 62.000000 
5.730733 -179.406601 22.714209 74.000000 
5.732934 -179.390427 22.712198 77.000000 
5.540368 -179.426254 22.709696 74.000000 
5.733788 -179.376205 22.709717 97.000000 
5.544512 -179.410248 22.708775 80.000000 
5.728096 -179.364471 22.703466 81.000000 
5.555396 -179.391861 22.711546 80.000000 
5.556300 -179.377167 22.708887 85.000000 
5.555576 -179.363098 22.705347 88.000000 
5.372681 -179.391159 22.715572 72.000000 
5.553220 -179.349609 22.700916 96.000000 
5.380435 -179.373688 22.716257 73.000000 
5.562870 -179.333359 22.703394 75.000000 
5.381681 -179.359955 22.713919 75.000000 
5.372524 -179.348267 22.705854 78.000000 
5.156610 -179.382172 22.707214 71.000000 
5.387237 -179.328629 22.710201 81.000000 
5.161102 -179.365326 22.705894 85.000000 
5.395197 -179.311325 22.711065 85.000000 
5.157014 -179.351257 22.700375 99.000000 
5.392986 -179.297394 22.706636 78.000000 
5.173700 -179.330688 22.705086 81.000000 
5.192183 -179.309708 22.710724 78.000000 
5.186299 -179.294785 22.704014 81.000000 
4.962896 -179.324829 22.709723 72.000000 
5.182409 -179.280762 22.698637 86.000000 
4.974671 -179.305573 22.711550 81.000000 
5.175099 -179.267731 22.691563 92.000000 
4.974232 -179.289932 22.707703 84.000000 
4.972086 -179.274796 22.703064 87.000000 
4.727078 -179.306580 22.708525 74.000000 
4.980726 -179.258209 22.703854 90.000000 
4.739314 -179.288483 22.710449 108.000000 
4.985698 -179.241135 22.702581 90.000000 
4.735394 -179.273148 22.704889 119.000000 
4.738633 -179.255905 22.702501 117.000000 
4.749041 -179.236847 22.703308 120.000000 
4.755949 -179.218781 22.702591 121.000000 
4.476232 -179.251831 22.702450 117.000000 
4.764694 -179.200317 22.702715 123.000000 
4.492207 -179.230881 22.705105 125.000000 
4.766369 -179.183685 22.699713 69.000000 
4.517258 -179.207886 22.711599 125.000000 
4.511739 -179.192291 22.705334 124.000000 
4.209542 -179.224518 22.707304 62.000000 
4.515284 -179.174576 22.702879 126.000000 
4.220341 -179.204346 22.707348 120.000000 
4.504452 -179.160172 22.694391 128.000000 
4.211151 -179.188660 22.699551 124.000000 
4.522363 -179.137573 22.697634 127.000000 
4.220061 -179.167221 22.698484 127.000000 
4.225571 -179.148361 22.696520 128.000000 
4.236613 -179.128403 22.696774 129.000000 
4.251369 -179.107758 22.698538 130.000000 
4.251657 -179.091034 22.694780 132.000000 
4.251915 -179.073441 22.690821 121.000000 
7.879412 -179.854080 22.722738 61.000000 
7.876167 -179.844086 22.718449 90.000000 
7.880054 -179.830460 22.720333 97.000000 
7.879595 -179.818634 22.718388 97.000000 
7.882942 -179.803070 22.719503 101.000000 
7.881207 -179.792175 22.716469 94.000000 
7.766094 -179.824921 22.719786 73.000000 
7.879507 -179.781265 22.713457 101.000000 
7.775493 -179.806580 22.725590 68.000000 
7.871012 -179.774811 22.704670 101.000000 
7.773779 -179.795395 22.722456 73.000000 
7.877876 -179.759567 22.709074 107.000000 
7.771009 -179.786133 22.718639 73.000000 
7.881755 -179.745148 22.710785 88.000000 
7.760958 -179.780167 22.708765 86.000000 
7.649949 -179.807449 22.720137 80.000000 
7.763392 -179.765823 22.708868 86.000000 
7.645252 -179.797119 22.714485 78.000000 
7.877161 -179.723724 22.703611 68.000000 
7.771643 -179.748581 22.713762 86.000000 
7.645045 -179.784714 22.712368 84.000000 
7.866051 -179.718826 22.692543 68.000000 
7.770111 -179.737396 22.710749 89.000000 
7.647752 -179.770630 22.712484 87.000000 
7.650507 -179.756592 22.712641 87.000000 
7.516037 -179.793411 22.710938 84.000000 
7.650428 -179.744232 22.710617 87.000000 
7.518855 -179.779037 22.710842 96.000000 
7.653272 -179.730240 22.710846 95.000000 
7.524663 -179.763046 22.712934 99.000000 
7.644614 -179.722870 22.702208 92.000000 
7.524633 -179.750381 22.710764 85.000000 
7.521693 -179.739334 22.706463 88.000000 
7.401759 -179.764328 22.720287 76.000000 
7.517309 -179.729095 22.701097 100.000000 
7.397267 -179.753754 22.714838 88.000000 
7.524786 -179.712433 22.704432 100.000000 
7.395823 -179.741562 22.711504 81.000000 
7.533798 -179.695053 22.708904 96.000000 
7.395927 -179.728592 22.709248 87.000000 
7.399093 -179.714066 22.709129 84.000000 
7.258004 -179.747025 22.713545 85.000000 
7.414408 -179.693420 22.717505 90.000000 
7.251991 -179.736755 22.707050 89.000000 
7.411626 -179.682068 22.713247 96.000000 
7.256804 -179.721146 22.707727 92.000000 
7.412183 -179.670334 22.711555 96.000000 
7.266584 -179.704498 22.711964 96.000000 
7.260684 -179.694229 22.705542 96.000000 
7.265368 -179.677551 22.705908 99.000000 
7.122304 -179.706406 22.714233 79.000000 
7.261090 -179.666489 22.700558 112.000000 
7.124217 -179.692047 22.712765 79.000000 
7.270928 -179.649460 22.704752 112.000000 
7.127890 -179.677612 22.712549 79.000000 
7.122001 -179.666870 22.706152 86.000000 
6.966014 -179.697845 22.712532 65.000000 
7.268643 -179.623886 22.698124 69.000000 
7.131810 -179.648422 22.709574 89.000000 
6.963086 -179.684586 22.707771 84.000000 
7.135489 -179.633453 22.709253 98.000000 
6.957121 -179.673325 22.701328 85.000000 
7.133143 -179.622528 22.705374 95.000000 
6.967554 -179.656433 22.705042 91.000000 
6.977773 -179.638367 22.708364 91.000000 
6.817647 -179.660873 22.715937 78.000000 
6.974895 -179.624512 22.703512 98.000000 
6.829707 -179.641891 22.719824 77.000000 
6.973934 -179.611221 22.700102 101.000000 
6.828975 -179.629532 22.716705 74.000000 
6.974881 -179.598541 22.698133 90.000000 
6.826378 -179.616516 22.712221 72.000000 
6.823822 -179.603500 22.707762 74.000000 
6.832810 -179.586014 22.709949 82.000000 
6.645134 -179.620193 22.710419 71.000000 
6.839966 -179.567917 22.710804 95.000000 
6.638975 -179.606537 22.703568 76.000000 
6.646478 -179.589279 22.704489 85.000000 
6.659054 -179.570267 22.708206 88.000000 
6.459179 -179.605011 22.710035 77.000000 
6.656632 -179.556763 22.703735 96.000000 
6.463448 -179.588577 22.708889 85.000000 
6.652814 -179.545181 22.698814 105.000000 
6.474805 -179.571243 22.711765 78.000000 
6.485974 -179.552582 22.714239 81.000000 
6.476563 -179.539474 22.705709 87.000000 
6.262317 -179.573013 22.708008 77.000000 
6.482739 -179.522614 22.705622 96.000000 
6.261614 -179.557816 22.704142 96.000000 
6.478754 -179.509155 22.700249 100.000000 
6.260958 -179.542618 22.700308 99.000000 
6.263802 -179.526321 22.698206 90.000000 
6.271880 -179.508453 22.698704 92.000000 
6.283473 -179.489594 22.700964 100.000000 
6.056431 -179.520905 22.705315 72.000000 
6.279557 -179.475525 22.695566 100.000000 
6.062914 -179.503098 22.704668 84.000000 
6.286068 -179.458328 22.695349 63.000000 
6.074711 -179.483841 22.706528 84.000000 
6.291109 -179.443161 22.694763 66.000000 
6.086784 -179.466187 22.708910 100.000000 
5.818799 -179.504761 22.704105 105.000000 
6.081152 -179.452026 22.702652 100.000000 
5.825449 -179.486435 22.703175 121.000000 
6.084340 -179.435394 22.700541 81.000000 
5.842814 -179.465286 22.707005 120.000000 
5.837142 -179.450394 22.700676 119.000000 
5.840405 -179.433136 22.698311 122.000000 
5.578491 -179.462662 22.706478 114.000000 
5.841941 -179.416351 22.695198 123.000000 
5.578181 -179.445618 22.702320 125.000000 
5.866476 -179.392151 22.701969 112.000000 
5.590321 -179.423828 22.702978 126.000000 
5.595529 -179.405533 22.701170 127.000000 
5.611602 -179.384705 22.703943 127.000000 
5.296680 -179.420990 22.701315 113.000000 
5.611519 -179.367783 22.699963 132.000000 
5.303801 -179.401535 22.699903 122.000000 
5.618700 -179.349213 22.699057 127.000000 
5.325561 -179.378891 22.704292 126.000000 
5.622330 -179.331497 22.696676 118.000000 
5.327338 -179.360779 22.700836 125.000000 
5.631428 -179.312607 22.696629 60.000000 
5.325524 -179.343460 22.695974 126.000000 
5.327411 -179.325363 22.692593 127.000000 
5.333002 -179.306519 22.690704 131.000000 
5.355082 -179.284378 22.695414 111.000000 
8.997652 -180.032181 22.728981 81.000000 
8.991529 -180.023560 22.722206 94.000000 
8.989656 -180.012634 22.719099 94.000000 
8.988134 -180.002701 22.716436 91.000000 
8.989042 -179.989944 22.715677 94.000000 
8.873912 -180.023254 22.719252 67.000000 
8.994072 -179.974503 22.718420 94.000000 
8.872078 -180.012009 22.716049 65.000000 
8.990987 -179.964493 22.714260 97.000000 
8.877244 -179.996292 22.718491 63.000000 
8.986568 -179.955353 22.708956 104.000000 
8.879676 -179.982407 22.718727 65.000000 
8.987638 -179.942657 22.708319 107.000000 
8.882154 -179.968552 22.719002 68.000000 
8.752849 -180.007751 22.716038 66.000000 
8.876289 -179.959976 22.712524 65.000000 
8.759675 -179.990982 22.719353 76.000000 
8.878850 -179.946152 22.712860 68.000000 
8.757974 -179.979446 22.716122 78.000000 
8.875849 -179.935806 22.708687 78.000000 
8.757742 -179.967041 22.714018 81.000000 
8.985476 -179.896347 22.700228 61.000000 
8.881303 -179.920319 22.711367 79.000000 
8.753246 -179.957199 22.708630 76.000000 
8.628943 -179.988739 22.714783 65.000000 
8.982623 -179.886292 22.696213 68.000000 
8.763143 -179.938904 22.714325 81.000000 
8.628753 -179.976013 22.712524 87.000000 
8.760162 -179.928223 22.710098 87.000000 
8.622731 -179.966614 22.705997 93.000000 
8.760094 -179.915878 22.708113 89.000000 
8.631435 -179.948929 22.710251 91.000000 
8.758623 -179.904358 22.705044 76.000000 
8.634314 -179.934601 22.710243 91.000000 
8.487441 -179.974762 22.705389 62.000000 
8.634147 -179.921371 22.707899 93.000000 
8.496230 -179.956268 22.709080 82.000000 
8.637119 -179.907089 22.707968 93.000000 
8.502228 -179.940033 22.710957 75.000000 
8.631281 -179.897644 22.701553 100.000000 
8.502257 -179.927017 22.708675 87.000000 
8.758761 -179.854507 22.697294 60.000000 
8.637295 -179.881821 22.703863 72.000000 
8.502330 -179.914017 22.706425 78.000000 
8.373461 -179.941376 22.719315 79.000000 
8.502587 -179.901596 22.704420 84.000000 
8.367545 -179.931732 22.713036 79.000000 
8.511803 -179.883972 22.708578 87.000000 
8.358434 -179.922989 22.704500 85.000000 
8.521079 -179.866440 22.712795 90.000000 
8.358586 -179.909622 22.702114 85.000000 
8.642715 -179.829620 22.699509 64.000000 
8.509226 -179.859634 22.702185 64.000000 
8.364948 -179.893250 22.703867 85.000000 
8.373050 -179.876770 22.706915 96.000000 
8.223718 -179.909286 22.711512 74.000000 
8.373342 -179.863495 22.704639 96.000000 
8.223970 -179.895599 22.709013 79.000000 
8.368899 -179.851837 22.699080 102.000000 
8.235142 -179.876221 22.713303 83.000000 
8.235493 -179.862595 22.710884 81.000000 
8.070021 -179.898605 22.711573 62.000000 
8.232871 -179.851028 22.706713 92.000000 
8.073715 -179.883759 22.711100 89.000000 
8.384233 -179.806152 22.702089 69.000000 
8.230147 -179.838821 22.702341 98.000000 
8.075710 -179.869003 22.709473 88.000000 
8.384744 -179.792969 22.699980 67.000000 
8.236938 -179.822403 22.704031 104.000000 
8.076147 -179.854980 22.706913 82.000000 
8.073413 -179.842331 22.702444 88.000000 
7.921529 -179.863388 22.715626 72.000000 
8.077153 -179.826935 22.701891 94.000000 
7.925308 -179.847641 22.714796 86.000000 
8.085774 -179.809570 22.704306 101.000000 
7.927500 -179.832596 22.713066 75.000000 
8.084783 -179.796280 22.700907 94.000000 
7.934655 -179.815598 22.714199 77.000000 
7.938586 -179.799957 22.713493 81.000000 
7.932724 -179.788208 22.707157 83.000000 
7.756650 -179.818787 22.714375 74.000000 
8.086902 -179.754440 22.693827 60.000000 
7.936748 -179.772614 22.706522 95.000000 
7.750683 -179.806503 22.707966 85.000000 
7.751424 -179.791687 22.705221 83.000000 
7.750541 -179.777496 22.701595 88.000000 
7.567444 -179.807068 22.712790 77.000000 
7.759725 -179.759644 22.703495 85.000000 
7.561457 -179.794189 22.706358 90.000000 
7.772310 -179.740677 22.707283 88.000000 
7.562289 -179.778885 22.703459 83.000000 
7.569956 -179.761246 22.704121 85.000000 
7.580954 -179.741806 22.706373 85.000000 
7.349531 -179.782059 22.700529 68.000000 
7.595534 -179.722000 22.710686 90.000000 
7.357344 -179.763947 22.700850 89.000000 
7.586378 -179.710266 22.702637 90.000000 
7.370384 -179.744217 22.703768 92.000000 
7.371418 -179.728439 22.700796 92.000000 
7.370777 -179.713242 22.697008 100.000000 
7.365003 -179.699631 22.690685 100.000000 
7.167425 -179.722900 22.709709 69.000000 
7.378271 -179.680145 22.693806 100.000000 
7.159821 -179.709229 22.702507 81.000000 
7.161010 -179.692932 22.699415 84.000000 
7.394724 -179.645325 22.695297 64.000000 
7.172869 -179.674362 22.701519 92.000000 
6.917143 -179.710602 22.702890 74.000000 
7.188179 -179.654099 22.705093 100.000000 
6.913055 -179.695129 22.697233 116.000000 
7.182516 -179.639908 22.698839 93.000000 
6.926756 -179.674774 22.699446 121.000000 
6.944072 -179.653564 22.703297 119.000000 
6.947248 -179.636261 22.700914 121.000000 
6.941591 -179.621323 22.694618 123.000000 
6.686802 -179.649490 22.705875 121.000000 
6.958990 -179.599564 22.698414 118.000000 
6.684553 -179.632050 22.700737 125.000000 
6.686062 -179.614548 22.697386 127.000000 
6.702022 -179.593552 22.700115 130.000000 
6.701843 -179.576553 22.696096 131.000000 
6.399405 -179.609558 22.698553 119.000000 
6.710722 -179.557419 22.695910 131.000000 
6.395562 -179.592529 22.692850 123.000000 
6.723264 -179.537537 22.697298 119.000000 
6.399055 -179.573853 22.690056 126.000000 
6.710630 -179.523468 22.688063 117.000000 
6.422645 -179.550797 22.695246 129.000000 
6.714268 -179.505692 22.685722 113.000000 
6.422615 -179.533020 22.691113 132.000000 
6.420815 -179.515625 22.686287 132.000000 
6.433658 -179.495193 22.687315 121.000000 
6.439349 -179.477203 22.685724 120.000000 
6.450487 -179.457275 22.686134 106.000000 
10.109924 -180.219086 22.727131 81.000000 
10.108124 -180.208664 22.724218 83.000000 
10.112943 -180.193100 22.726852 80.000000 
10.112409 -180.181274 22.724932 77.000000 
10.106496 -180.173111 22.718430 77.000000 
10.001222 -180.200592 22.729881 61.000000 
10.103319 -180.163101 22.714245 74.000000 
9.997960 -180.190292 22.725584 60.000000 
10.111037 -180.145844 22.719339 86.000000 
9.997509 -180.178192 22.723551 61.000000 
10.112170 -180.133652 22.718897 90.000000 
9.991692 -180.170166 22.717253 61.000000 
10.110467 -180.122757 22.715954 83.000000 
9.994096 -180.156281 22.717522 61.000000 
9.873398 -180.190796 22.721323 66.000000 
9.999338 -180.140671 22.720093 61.000000 
9.873021 -180.178375 22.719162 70.000000 
10.004634 -180.125107 22.722712 65.000000 
9.874112 -180.165085 22.718130 73.000000 
10.001592 -180.114807 22.718561 68.000000 
9.883822 -180.146652 22.723742 68.000000 
10.110847 -180.074829 22.710272 61.000000 
9.879288 -180.136856 22.718374 73.000000 
9.749476 -180.172440 22.720102 67.000000 
9.877495 -180.124817 22.715023 78.000000 
9.754921 -180.155792 22.721922 87.000000 
9.877329 -180.112457 22.713017 89.000000 
9.748864 -180.146454 22.715420 88.000000 
9.878787 -180.099792 22.712360 95.000000 
9.751785 -180.132645 22.715601 88.000000 
9.745791 -180.123260 22.709131 91.000000 
9.628937 -180.147736 22.725357 64.000000 
9.754522 -180.105652 22.713486 93.000000 
9.624331 -180.137177 22.719898 88.000000 
9.766256 -180.086502 22.720066 86.000000 
9.618257 -180.127411 22.713408 72.000000 
9.763327 -180.075516 22.715851 94.000000 
9.622726 -180.111984 22.714281 81.000000 
9.637777 -180.091064 22.722572 84.000000 
9.484875 -180.131714 22.718830 69.000000 
9.631823 -180.081299 22.716164 84.000000 
9.486421 -180.117584 22.717422 85.000000 
9.637955 -180.065247 22.718227 93.000000 
9.489548 -180.102707 22.717072 85.000000 
9.629338 -180.058121 22.710163 102.000000 
9.486870 -180.092102 22.713104 89.000000 
9.483931 -180.080322 22.708717 85.000000 
9.479342 -180.068665 22.703104 92.000000 
9.348791 -180.092865 22.719936 62.000000 
9.490351 -180.050095 22.708036 99.000000 
9.344276 -180.081436 22.714474 72.000000 
9.498337 -180.033112 22.710964 105.000000 
9.342937 -180.068512 22.711020 79.000000 
9.354218 -180.049744 22.715584 89.000000 
9.192150 -180.085129 22.718250 65.000000 
9.360841 -180.033249 22.717209 92.000000 
9.186027 -180.073929 22.711779 73.000000 
9.361217 -180.019669 22.714869 104.000000 
9.192753 -180.057037 22.713049 85.000000 
9.490568 -179.984528 22.696108 74.000000 
9.355330 -180.008942 22.708536 92.000000 
9.199534 -180.040207 22.714369 82.000000 
9.196743 -180.027588 22.709915 88.000000 
9.046706 -180.048752 22.723967 72.000000 
9.197203 -180.013596 22.707432 91.000000 
9.048783 -180.033691 22.722216 77.000000 
9.194490 -180.000961 22.703028 98.000000 
9.046144 -180.021317 22.717915 75.000000 
9.201604 -179.984894 22.704729 70.000000 
9.043406 -180.008270 22.713409 81.000000 
9.053532 -179.988647 22.716021 77.000000 
9.050887 -179.975632 22.711582 81.000000 
8.856830 -180.014771 22.709103 65.000000 
9.061397 -179.957428 22.714745 88.000000 
8.857309 -179.999222 22.706089 76.000000 
8.868097 -179.981262 22.709032 76.000000 
8.868813 -179.966461 22.706326 78.000000 
8.665601 -180.004288 22.707088 68.000000 
8.866364 -179.953568 22.702047 80.000000 
8.683221 -179.982849 22.712912 82.000000 
8.863703 -179.939301 22.697346 83.000000 
8.692449 -179.964554 22.714418 81.000000 
8.686486 -179.951691 22.708057 81.000000 
8.683952 -179.937607 22.703478 81.000000 
8.468010 -179.973709 22.705671 66.000000 
8.695036 -179.918854 22.706001 85.000000 
8.461976 -179.960144 22.699232 85.000000 
8.706180 -179.900177 22.708586 90.000000 
8.464588 -179.943710 22.697050 99.000000 
8.470695 -179.926163 22.696606 89.000000 
8.481906 -179.906296 22.698532 92.000000 
8.479508 -179.891602 22.693922 100.000000 
8.262824 -179.921707 22.704140 64.000000 
8.480722 -179.876556 22.691278 100.000000 
8.284964 -179.899750 22.711033 77.000000 
8.284327 -179.884003 22.707140 73.000000 
8.493423 -179.841858 22.690796 64.000000 
8.280239 -179.869293 22.701639 81.000000 
8.044062 -179.901123 22.711926 65.000000 
8.510225 -179.821472 22.695797 61.000000 
8.279696 -179.853516 22.697805 92.000000 
8.034587 -179.887207 22.703945 114.000000 
8.287959 -179.835236 22.698124 96.000000 
8.046422 -179.867310 22.705383 117.000000 
8.035267 -179.853821 22.696667 122.000000 
8.061411 -179.830170 22.704502 121.000000 
8.071655 -179.810974 22.705322 124.000000 
7.786650 -179.848343 22.703663 121.000000 
7.795196 -179.828934 22.703266 127.000000 
7.816381 -179.806427 22.708193 129.000000 
8.056527 -179.765671 22.687441 65.000000 
7.821458 -179.788086 22.706408 129.000000 
7.815798 -179.772400 22.700130 131.000000 
7.517146 -179.806046 22.704241 120.000000 
7.819183 -179.754532 22.697668 127.000000 
7.509578 -179.789886 22.697113 123.000000 
7.826224 -179.735825 22.696768 120.000000 
7.509337 -179.772003 22.692884 127.000000 
7.835124 -179.716751 22.696680 120.000000 
7.523713 -179.750854 22.694458 129.000000 
7.519944 -179.733826 22.688869 132.000000 
7.538181 -179.712906 22.692245 131.000000 
7.547278 -179.693192 22.691820 120.000000 
7.545408 -179.674957 22.686844 66.000000 
11.230273 -180.398422 22.742943 79.000000 
11.225723 -180.389923 22.737747 86.000000 
11.222379 -180.379959 22.733494 83.000000 
11.229858 -180.362534 22.738426 80.000000 
11.226590 -180.352585 22.734228 80.000000 
11.106420 -180.390793 22.733559 78.000000 
11.228766 -180.338943 22.734652 77.000000 
11.112767 -180.374084 22.737057 65.000000 
11.222858 -180.330811 22.728191 83.000000 
11.123335 -180.354721 22.743965 63.000000 
11.222402 -180.319016 22.726362 86.000000 
11.114532 -180.348083 22.735231 61.000000 
11.221983 -180.307220 22.724560 80.000000 
11.114089 -180.336014 22.733246 65.000000 
10.996562 -180.369446 22.739397 64.000000 
11.227201 -180.292358 22.727634 71.000000 
11.111059 -180.326233 22.729242 63.000000 
10.999130 -180.355820 22.739639 70.000000 
11.113478 -180.312393 22.729565 65.000000 
10.995882 -180.345215 22.735323 68.000000 
11.122923 -180.294205 22.735584 73.000000 
10.989814 -180.336334 22.728828 68.000000 
11.121251 -180.283081 22.732592 65.000000 
10.993770 -180.321365 22.730043 73.000000 
10.878757 -180.349091 22.742758 65.000000 
11.221984 -180.248001 22.717337 64.000000 
11.002069 -180.303848 22.734608 73.000000 
10.866764 -180.343262 22.731981 87.000000 
11.234126 -180.228485 22.726261 71.000000 
10.997540 -180.294083 22.729288 81.000000 
10.872330 -180.327179 22.734032 93.000000 
11.225761 -180.221954 22.717621 65.000000 
10.997341 -180.281769 22.727304 95.000000 
10.880878 -180.309479 22.738274 81.000000 
10.995748 -180.270294 22.724237 72.000000 
10.877764 -180.298523 22.733978 83.000000 
10.746492 -180.332016 22.739683 89.000000 
10.877464 -180.285355 22.731644 76.000000 
10.750639 -180.316010 22.740255 88.000000 
10.874423 -180.274384 22.727392 81.000000 
10.746007 -180.305511 22.734829 81.000000 
10.874506 -180.262329 22.725536 83.000000 
10.746060 -180.293137 22.732775 81.000000 
10.747501 -180.279373 22.731579 72.000000 
10.611575 -180.312134 22.739479 79.000000 
10.751994 -180.264053 22.732521 78.000000 
10.605391 -180.302002 22.732996 74.000000 
10.761054 -180.246399 22.736666 78.000000 
10.596168 -180.293396 22.724489 82.000000 
10.761134 -180.233536 22.734535 84.000000 
10.606924 -180.274612 22.729237 85.000000 
10.611598 -180.259003 22.729961 82.000000 
10.459684 -180.295044 22.733078 60.000000 
10.610467 -180.247681 22.727068 89.000000 
10.461617 -180.281815 22.731979 75.000000 
10.605996 -180.236710 22.721710 96.000000 
10.469558 -180.264404 22.734425 79.000000 
10.609265 -180.221924 22.721512 92.000000 
10.472851 -180.249298 22.733950 77.000000 
10.473053 -180.235703 22.731525 79.000000 
10.320867 -180.267685 22.740240 70.000000 
10.469867 -180.222366 22.726702 92.000000 
10.307984 -180.258224 22.729498 89.000000 
10.470156 -180.208771 22.724337 95.000000 
10.309824 -180.243484 22.727859 88.000000 
10.486378 -180.188599 22.732231 92.000000 
10.310254 -180.230087 22.725515 88.000000 
10.313788 -180.214661 22.724911 88.000000 
10.152557 -180.241562 22.732752 78.000000 
10.326999 -180.195084 22.730158 91.000000 
10.169211 -180.220261 22.739346 74.000000 
10.324219 -180.182541 22.725767 98.000000 
10.172883 -180.204559 22.738552 69.000000 
10.321476 -180.169983 22.721399 79.000000 
10.176605 -180.188904 22.737797 67.000000 
10.172203 -180.176605 22.732393 66.000000 
10.171111 -180.162964 22.728889 72.000000 
9.987211 -180.198715 22.731936 65.000000 
10.183162 -180.144073 22.732952 77.000000 
9.991071 -180.182617 22.730959 67.000000 
9.984999 -180.170395 22.724588 69.000000 
9.992149 -180.152390 22.725273 66.000000 
9.804505 -180.185791 22.734127 81.000000 
10.006161 -180.132599 22.729881 76.000000 
9.801750 -180.171768 22.729456 83.000000 
10.000224 -180.120377 22.723600 76.000000 
9.805805 -180.155273 22.728304 78.000000 
9.826842 -180.132767 22.735958 76.000000 
9.824496 -180.120193 22.731853 78.000000 
9.598845 -180.161285 22.728931 71.000000 
9.825322 -180.105042 22.729080 87.000000 
9.603038 -180.144318 22.727552 92.000000 
9.819283 -180.091537 22.722588 75.000000 
9.605435 -180.127243 22.725140 86.000000 
9.601133 -180.113205 22.719622 100.000000 
9.612370 -180.094055 22.721750 99.000000 
9.408417 -180.122253 22.737942 63.000000 
9.616776 -180.077225 22.720541 100.000000 
9.400608 -180.108749 22.730740 67.000000 
9.628133 -180.058228 22.722780 92.000000 
9.394586 -180.094635 22.724361 81.000000 
9.402581 -180.076218 22.724512 81.000000 
9.415881 -180.056259 22.727160 92.000000 
9.153652 -180.097366 22.725872 107.000000 
9.423998 -180.037979 22.727421 100.000000 
9.152927 -180.080948 22.721775 116.000000 
9.173630 -180.059250 22.727301 117.000000 
9.181876 -180.040405 22.727198 118.000000 
9.175882 -180.024780 22.720648 122.000000 
8.916195 -180.057831 22.730556 103.000000 
9.170050 -180.009918 22.714357 123.000000 
8.910223 -180.042206 22.724134 121.000000 
8.913275 -180.024200 22.721466 124.000000 
8.919973 -180.005280 22.720337 126.000000 
8.921340 -179.987793 22.717007 127.000000 
8.929953 -179.968506 22.716722 127.000000 
8.629712 -180.004333 22.720798 120.000000 
8.947618 -179.947083 22.720261 122.000000 
8.629307 -179.986496 22.716516 124.000000 
8.639868 -179.966095 22.716558 126.000000 
8.934545 -179.916214 22.707100 111.000000 
8.648673 -179.946182 22.715942 125.000000 
8.937983 -179.898376 22.704727 121.000000 
8.648438 -179.928406 22.711788 128.000000 
8.648356 -179.911499 22.707914 130.000000 
8.668266 -179.889313 22.711769 65.000000 
8.680864 -179.867981 22.712572 68.000000 
8.675388 -179.851486 22.706419 68.000000 
12.369468 -180.550537 22.745977 78.000000 
12.359400 -180.545410 22.736032 77.000000 
12.356046 -180.535507 22.731823 83.000000 
12.355408 -180.523727 22.729935 83.000000 
12.360188 -180.508240 22.732691 86.000000 
12.248744 -180.541443 22.738005 64.000000 
12.363675 -180.493729 22.734339 90.000000 
12.244022 -180.532150 22.732620 68.000000 
12.360470 -180.483841 22.730232 94.000000 
12.246229 -180.518265 22.732874 68.000000 
12.358644 -180.473022 22.727303 97.000000 
12.248484 -180.504425 22.733168 65.000000 
12.357167 -180.463196 22.724804 74.000000 
12.252490 -180.490738 22.735044 73.000000 
12.127005 -180.530106 22.733807 64.000000 
12.355408 -180.452377 22.721920 60.000000 
12.245136 -180.483200 22.727484 78.000000 
12.127946 -180.516876 22.732792 73.000000 
12.244740 -180.471191 22.725601 86.000000 
12.128932 -180.503662 22.731812 81.000000 
12.241604 -180.460938 22.721472 68.000000 
12.125700 -180.493103 22.727554 84.000000 
12.250716 -180.441788 22.727215 60.000000 
12.125027 -180.479721 22.725105 81.000000 
12.013235 -180.506241 22.739317 69.000000 
12.349781 -180.407166 22.711386 68.000000 
12.127564 -180.465683 22.725327 89.000000 
12.007084 -180.497086 22.732845 81.000000 
12.136163 -180.449310 22.730444 92.000000 
12.004190 -180.487259 22.728964 83.000000 
12.137370 -180.436218 22.729635 71.000000 
12.006839 -180.472961 22.728981 74.000000 
12.131473 -180.427353 22.723284 61.000000 
12.018292 -180.453659 22.735519 76.000000 
11.875647 -180.494446 22.731960 88.000000 
12.018125 -180.441116 22.733463 83.000000 
11.878405 -180.479858 22.731770 78.000000 
12.020923 -180.426941 22.733606 88.000000 
11.890165 -180.460388 22.737915 68.000000 
12.012051 -180.419342 22.725088 67.000000 
11.888549 -180.448334 22.734661 72.000000 
11.883825 -180.437332 22.729111 70.000000 
11.752897 -180.468323 22.739243 74.000000 
11.882284 -180.425262 22.725903 72.000000 
11.745186 -180.459076 22.731783 90.000000 
11.886776 -180.410019 22.726957 81.000000 
11.735972 -180.450562 22.723309 92.000000 
11.885316 -180.397964 22.723808 62.000000 
11.740545 -180.434967 22.724062 85.000000 
11.743790 -180.420761 22.724049 85.000000 
11.604708 -180.451340 22.734333 60.000000 
11.754594 -180.402161 22.729008 92.000000 
11.595386 -180.442322 22.725916 66.000000 
11.751655 -180.390518 22.724739 92.000000 
11.601706 -180.425705 22.727453 70.000000 
11.609645 -180.408386 22.730040 79.000000 
11.617642 -180.391144 22.732679 75.000000 
11.450070 -180.431198 22.730701 70.000000 
11.611600 -180.380585 22.726351 83.000000 
11.451829 -180.416504 22.729103 84.000000 
11.608725 -180.368530 22.722046 86.000000 
11.452040 -180.402557 22.726574 82.000000 
11.449102 -180.390060 22.722137 88.000000 
11.302861 -180.411789 22.737749 66.000000 
11.754833 -180.310944 22.713167 79.000000 
11.446202 -180.377533 22.717722 91.000000 
11.298266 -180.399582 22.732275 72.000000 
11.459334 -180.357971 22.723072 88.000000 
11.303464 -180.383194 22.732445 66.000000 
11.466130 -180.341293 22.724585 82.000000 
11.302206 -180.369583 22.728901 67.000000 
11.312390 -180.351227 22.731977 72.000000 
11.309597 -180.338333 22.727562 72.000000 
11.123024 -180.377411 22.728268 71.000000 
11.310105 -180.324081 22.725063 74.000000 
11.129955 -180.359360 22.728916 73.000000 
11.130596 -180.345306 22.726429 69.000000 
11.131142 -180.330597 22.723747 66.000000 
10.954062 -180.361618 22.737087 65.000000 
11.128548 -180.317841 22.719494 76.000000 
10.956290 -180.345810 22.735077 69.000000 
11.132236 -180.300522 22.718262 78.000000 
10.955060 -180.330597 22.731123 75.000000 
10.948953 -180.317902 22.724789 75.000000 
10.959765 -180.299088 22.727289 76.000000 
10.751701 -180.335739 22.732008 77.000000 
10.974020 -180.279144 22.731619 87.000000 
10.731828 -180.327179 22.718864 92.000000 
10.964799 -180.268356 22.723833 75.000000 
10.748099 -180.306870 22.723719 86.000000 
10.760875 -180.287109 22.726713 78.000000 
10.763417 -180.270905 22.724667 86.000000 
10.542765 -180.307114 22.731915 63.000000 
10.759142 -180.257004 22.719250 89.000000 
10.545319 -180.290344 22.729593 72.000000 
10.758221 -180.241211 22.715338 83.000000 
10.542444 -180.273743 22.724400 77.000000 
10.543364 -180.257553 22.721340 81.000000 
10.542714 -180.242661 22.717730 84.000000 
10.312598 -180.276062 22.729818 112.000000 
10.557681 -180.222198 22.721308 87.000000 
10.306494 -180.261353 22.723433 120.000000 
10.581322 -180.198486 22.728840 61.000000 
10.312672 -180.242203 22.722305 118.000000 
10.326105 -180.221848 22.724609 115.000000 
10.330763 -180.204102 22.723043 119.000000 
10.052000 -180.244537 22.723454 103.000000 
10.339014 -180.185410 22.723099 119.000000 
10.058469 -180.225601 22.722282 120.000000 
10.072160 -180.204773 22.724161 125.000000 
10.082335 -180.185013 22.724604 124.000000 
10.090779 -180.165787 22.724348 125.000000 
10.079557 -180.151703 22.715836 127.000000 
9.796185 -180.185669 22.725084 122.000000 
10.102467 -180.128891 22.721724 115.000000 
9.784806 -180.170670 22.716566 126.000000 
9.789800 -180.151627 22.714521 125.000000 
9.803930 -180.130478 22.716127 126.000000 
9.827207 -180.107300 22.721407 130.000000 
9.823406 -180.091415 22.716152 122.000000 
9.830294 -180.054626 22.711067 64.000000 
13.506915 -180.706619 22.742514 74.000000 
13.499530 -180.699692 22.734879 86.000000 
13.496160 -180.689865 22.730711 80.000000 
13.495489 -180.678162 22.728876 86.000000 
13.497858 -180.665573 22.729799 86.000000 
13.384170 -180.701294 22.732149 64.000000 
13.503957 -180.649261 22.733835 90.000000 
13.379427 -180.692078 22.726788 63.000000 
13.501750 -180.637543 22.730526 107.000000 
13.386727 -180.673553 22.731199 68.000000 
13.501245 -180.625900 22.728817 97.000000 
13.391680 -180.657959 22.733826 65.000000 
13.494370 -180.619781 22.721685 82.000000 
13.394257 -180.645233 22.734638 68.000000 
13.272201 -180.683533 22.734713 64.000000 
13.502004 -180.602707 22.727049 74.000000 
13.384153 -180.639603 22.724829 73.000000 
13.270287 -180.672165 22.731558 76.000000 
13.380960 -180.629425 22.720715 73.000000 
13.268408 -180.660797 22.728426 81.000000 
13.390234 -180.611282 22.726912 68.000000 
13.267979 -180.648560 22.726429 81.000000 
13.162485 -180.672592 22.744299 61.000000 
13.498234 -180.569641 22.719889 64.000000 
13.398190 -180.594101 22.732025 68.000000 
13.266174 -180.637192 22.723347 87.000000 
13.160634 -180.660965 22.741079 78.000000 
13.499304 -180.557159 22.719521 60.000000 
13.274321 -180.619736 22.728086 92.000000 
13.151586 -180.653641 22.732489 72.000000 
13.279692 -180.604095 22.730650 89.000000 
13.148350 -180.642822 22.728224 70.000000 
13.278017 -180.592789 22.727669 76.000000 
13.145146 -180.631989 22.723976 74.000000 
13.026522 -180.660446 22.736855 89.000000 
13.271960 -180.583496 22.721144 74.000000 
13.159245 -180.610474 22.732574 74.000000 
13.023102 -180.648727 22.732292 82.000000 
13.161947 -180.596344 22.732752 79.000000 
13.022847 -180.635880 22.730072 75.000000 
13.162091 -180.584976 22.731199 81.000000 
13.028890 -180.620865 22.732534 84.000000 
13.159051 -180.574188 22.727074 66.000000 
13.031693 -180.606430 22.732496 75.000000 
12.892318 -180.643494 22.735697 90.000000 
13.158962 -180.561752 22.725159 62.000000 
13.025616 -180.596893 22.726137 78.000000 
12.896695 -180.627914 22.736431 89.000000 
13.022545 -180.585709 22.721914 81.000000 
12.890494 -180.617981 22.730026 89.000000 
13.031294 -180.567551 22.726023 81.000000 
12.887206 -180.605835 22.725473 85.000000 
13.038762 -180.550827 22.729330 72.000000 
12.885633 -180.593475 22.722189 96.000000 
12.753261 -180.622131 22.735760 74.000000 
12.893394 -180.576981 22.725344 102.000000 
12.753374 -180.609238 22.733553 75.000000 
12.910212 -180.555359 22.734552 103.000000 
12.754925 -180.594986 22.732157 86.000000 
12.907255 -180.543854 22.730349 73.000000 
12.764296 -180.576950 22.735802 79.000000 
12.603808 -180.615952 22.737059 63.000000 
12.904334 -180.532333 22.726164 69.000000 
12.776842 -180.557495 22.741512 81.000000 
12.602263 -180.602844 22.733538 82.000000 
13.039415 -180.487335 22.719690 61.000000 
12.764380 -180.549530 22.730982 89.000000 
12.600605 -180.589111 22.729820 94.000000 
12.767682 -180.534637 22.730743 104.000000 
12.610250 -180.570847 22.733152 85.000000 
12.764931 -180.523331 22.726713 69.000000 
12.613752 -180.556198 22.732870 76.000000 
12.471530 -180.577957 22.749132 61.000000 
12.762072 -180.511398 22.722494 67.000000 
12.613976 -180.542404 22.730453 88.000000 
12.462189 -180.568726 22.741116 65.000000 
12.608022 -180.532104 22.724375 88.000000 
12.459192 -180.555954 22.736643 72.000000 
12.611509 -180.516891 22.723974 82.000000 
12.452850 -180.543945 22.730085 72.000000 
12.461275 -180.526276 22.732275 77.000000 
12.287024 -180.562775 22.738546 74.000000 
12.474484 -180.505997 22.737143 86.000000 
12.280603 -180.550201 22.731943 77.000000 
12.471669 -180.493271 22.732800 92.000000 
12.289207 -180.532196 22.733791 76.000000 
12.465781 -180.482513 22.726789 65.000000 
12.296364 -180.515610 22.735003 73.000000 
12.296825 -180.501038 22.732374 78.000000 
12.110361 -180.536957 22.738884 73.000000 
12.300501 -180.484528 22.731396 85.000000 
12.115844 -180.519974 22.738680 67.000000 
12.294579 -180.473236 22.725378 71.000000 
12.118025 -180.504303 22.736759 78.000000 
12.125295 -180.486771 22.737526 78.000000 
12.119174 -180.474289 22.731262 85.000000 
11.922105 -180.509155 22.739794 77.000000 
12.119952 -180.459991 22.728786 87.000000 
11.914304 -180.497406 22.732832 89.000000 
11.911518 -180.483063 22.728205 83.000000 
11.924013 -180.462631 22.731045 78.000000 
11.935003 -180.443604 22.733326 78.000000 
11.710045 -180.483597 22.736538 69.000000 
11.935791 -180.428162 22.730526 92.000000 
11.717696 -180.465240 22.736727 81.000000 
11.926356 -180.416183 22.722609 67.000000 
11.730608 -180.445236 22.739426 75.000000 
11.729834 -180.430573 22.735849 70.000000 
11.734182 -180.413498 22.734541 77.000000 
11.499737 -180.450058 22.741997 105.000000 
11.729897 -180.399200 22.729155 68.000000 
11.495323 -180.435089 22.736452 110.000000 
11.497995 -180.417969 22.734077 114.000000 
11.497197 -180.401932 22.730167 119.000000 
11.505260 -180.383286 22.730242 116.000000 
11.255945 -180.418198 22.740887 119.000000 
11.518550 -180.362396 22.732517 111.000000 
11.238986 -180.405212 22.729799 122.000000 
11.250746 -180.384979 22.731016 123.000000 
11.262570 -180.364838 22.732296 123.000000 
11.265525 -180.347198 22.729847 125.000000 
10.970658 -180.388809 22.732546 121.000000 
11.270438 -180.329910 22.728430 125.000000 
10.986380 -180.367966 22.735050 124.000000 
11.266346 -180.314194 22.723019 111.000000 
10.987580 -180.350067 22.731611 125.000000 
10.996073 -180.330353 22.731102 125.000000 
10.990147 -180.314301 22.724854 125.000000 
11.283010 -180.259689 22.719215 61.000000 
10.996834 -180.294266 22.723475 127.000000 
14.646366 -180.855713 22.743736 68.000000 
14.642957 -180.846008 22.739578 78.000000 
14.630312 -180.842926 22.727316 86.000000 
14.630925 -180.830322 22.726662 90.000000 
14.635564 -180.814911 22.729536 101.000000 
14.523689 -180.850296 22.732296 67.000000 
14.644246 -180.796753 22.735960 94.000000 
14.516216 -180.843002 22.724682 78.000000 
14.638345 -180.788879 22.729576 97.000000 
14.521036 -180.827362 22.727299 75.000000 
14.635133 -180.779114 22.725544 94.000000 
14.532738 -180.807190 22.735659 73.000000 
14.636274 -180.767578 22.725454 74.000000 
14.525695 -180.800888 22.728523 75.000000 
14.410954 -180.835297 22.733559 66.000000 
14.637138 -180.755081 22.724997 86.000000 
14.519711 -180.792603 22.722120 71.000000 
14.411811 -180.822205 22.732645 80.000000 
14.641908 -180.739410 22.727911 71.000000 
14.516334 -180.781998 22.717813 75.000000 
14.411143 -180.809509 22.730440 87.000000 
14.524134 -180.764740 22.722921 75.000000 
14.410683 -180.797333 22.728477 84.000000 
14.401661 -180.789932 22.719633 84.000000 
14.303574 -180.809891 22.742151 60.000000 
14.537013 -180.731720 22.730803 61.000000 
14.412535 -180.770737 22.726667 81.000000 
14.300297 -180.799210 22.737902 69.000000 
14.417994 -180.755646 22.729488 84.000000 
14.291453 -180.792496 22.729536 70.000000 
14.417702 -180.743546 22.727654 78.000000 
14.296885 -180.776611 22.731850 70.000000 
14.302373 -180.760788 22.734211 74.000000 
14.172680 -180.796432 22.737246 64.000000 
14.299240 -180.750092 22.730057 72.000000 
14.170920 -180.784531 22.734013 65.000000 
14.301929 -180.736008 22.730309 70.000000 
14.179538 -180.766800 22.738232 67.000000 
14.294521 -180.727798 22.722906 61.000000 
14.173428 -180.757401 22.731873 65.000000 
14.039063 -180.792755 22.737251 79.000000 
14.170462 -180.746887 22.727867 77.000000 
14.040528 -180.779449 22.736204 90.000000 
14.165890 -180.736603 22.722603 84.000000 
14.041876 -180.765579 22.734970 89.000000 
14.174706 -180.719040 22.726988 81.000000 
14.037216 -180.754929 22.729633 82.000000 
14.035619 -180.742676 22.726389 89.000000 
13.903797 -180.772141 22.738909 66.000000 
14.176158 -180.692886 22.724106 65.000000 
14.041639 -180.726471 22.728363 89.000000 
13.903720 -180.758759 22.736528 72.000000 
14.050753 -180.708755 22.732470 85.000000 
13.892863 -180.750793 22.727144 75.000000 
13.902144 -180.732773 22.730850 75.000000 
13.909939 -180.715591 22.733604 77.000000 
13.743636 -180.758072 22.729683 95.000000 
13.916241 -180.699234 22.735403 75.000000 
13.751560 -180.740524 22.732061 85.000000 
13.907074 -180.690430 22.727110 77.000000 
13.754807 -180.725281 22.731564 85.000000 
13.897930 -180.681564 22.718819 63.000000 
13.754940 -180.711548 22.729149 76.000000 
14.054761 -180.629578 22.722443 61.000000 
13.755116 -180.697830 22.726765 76.000000 
13.605306 -180.724289 22.737465 69.000000 
13.752316 -180.686157 22.722660 82.000000 
13.599056 -180.713043 22.731121 72.000000 
13.765260 -180.666718 22.728220 79.000000 
13.596064 -180.700333 22.726690 69.000000 
13.606020 -180.682007 22.729889 72.000000 
13.612665 -180.664520 22.731026 74.000000 
13.422367 -180.707733 22.726444 77.000000 
13.613044 -180.650467 22.728607 74.000000 
13.427751 -180.691788 22.726742 73.000000 
13.431396 -180.675888 22.725941 67.000000 
13.435236 -180.660690 22.725401 69.000000 
13.438699 -180.643539 22.724241 76.000000 
13.259407 -180.678024 22.733217 60.000000 
13.436047 -180.631027 22.720079 71.000000 
13.258186 -180.663712 22.729563 67.000000 
13.260356 -180.648117 22.727715 78.000000 
13.254201 -180.635712 22.721447 81.000000 
13.059123 -180.671005 22.729902 82.000000 
13.264982 -180.617676 22.724358 90.000000 
13.058094 -180.656845 22.726353 92.000000 
13.272329 -180.600296 22.725311 85.000000 
13.058668 -180.641373 22.723459 81.000000 
13.271340 -180.586029 22.721825 68.000000 
13.066099 -180.623489 22.724035 71.000000 
13.076994 -180.604477 22.726383 78.000000 
12.861093 -180.642776 22.732519 76.000000 
13.075887 -180.588974 22.722527 83.000000 
12.861617 -180.626068 22.729246 84.000000 
13.073254 -180.574768 22.718061 75.000000 
12.877890 -180.604935 22.733673 77.000000 
13.072498 -180.560669 22.714710 67.000000 
12.882258 -180.588638 22.732611 77.000000 
12.884813 -180.572205 22.730532 87.000000 
12.645598 -180.611755 22.734192 107.000000 
12.877028 -180.559143 22.723505 83.000000 
12.649909 -180.594147 22.732618 104.000000 
12.886611 -180.540512 22.724825 60.000000 
12.649013 -180.578217 22.728712 72.000000 
12.642897 -180.563858 22.722452 106.000000 
12.652635 -180.544724 22.723387 114.000000 
12.403733 -180.581039 22.732628 121.000000 
12.658918 -180.526718 22.722778 116.000000 
12.402900 -180.564423 22.728582 123.000000 
12.667017 -180.508224 22.723021 69.000000 
12.407454 -180.546295 22.726851 123.000000 
12.426311 -180.524216 22.731262 123.000000 
12.427423 -180.507187 22.728109 126.000000 
12.138455 -180.548233 22.730846 122.000000 
12.426804 -180.490662 22.724228 122.000000 
12.148555 -180.528046 22.731041 123.000000 
12.422668 -180.475082 22.718843 120.000000 
12.147897 -180.510742 22.726933 125.000000 
12.147291 -180.493439 22.722858 126.000000 
12.146738 -180.476135 22.718821 126.000000 
12.431974 -180.422684 22.712133 109.000000 
12.164297 -180.454330 22.722141 123.000000 
12.444120 -180.403000 22.713856 107.000000 
12.174699 -180.434433 22.722599 106.000000 
12.170474 -180.401718 22.713581 62.000000 
12.159231 -180.386185 22.705080 64.000000 
15.763760 -180.988297 22.732927 74.000000 
15.752449 -180.984283 22.721815 90.000000 
15.755847 -180.970261 22.723730 86.000000 
15.760448 -180.954865 22.726652 83.000000 
15.762454 -180.941391 22.727280 86.000000 
15.650782 -180.976776 22.729401 70.000000 
15.761851 -180.929794 22.725594 86.000000 
15.658297 -180.959335 22.734365 68.000000 
15.753308 -180.923737 22.716873 83.000000 
15.657707 -180.947479 22.732527 65.000000 
15.763420 -180.904800 22.724663 80.000000 
15.644886 -180.943832 22.720407 73.000000 
15.768425 -180.890091 22.727989 71.000000 
15.651344 -180.927917 22.724548 68.000000 
15.539553 -180.960526 22.731195 66.000000 
15.765311 -180.880371 22.724058 74.000000 
15.650860 -180.916061 22.722784 65.000000 
15.532044 -180.952835 22.723660 76.000000 
15.662736 -180.896179 22.731426 73.000000 
15.530157 -180.941544 22.720602 78.000000 
15.663718 -180.883499 22.730896 65.000000 
15.533913 -180.926727 22.722052 76.000000 
15.420323 -180.956665 22.732130 61.000000 
15.761515 -180.847580 22.717138 71.000000 
15.537720 -180.911957 22.723547 81.000000 
15.421324 -180.943359 22.731153 78.000000 
15.770615 -180.829910 22.724035 63.000000 
15.652060 -180.866959 22.718328 60.000000 
15.540172 -180.898087 22.723957 81.000000 
15.418059 -180.932663 22.726940 66.000000 
15.534068 -180.888916 22.717434 81.000000 
15.426172 -180.914536 22.731285 67.000000 
15.532374 -180.877655 22.714516 66.000000 
15.425871 -180.902145 22.729322 70.000000 
15.296477 -180.938660 22.732185 83.000000 
15.420153 -180.894226 22.723406 67.000000 
15.299273 -180.924805 22.732380 72.000000 
15.422807 -180.880142 22.723690 70.000000 
15.300640 -180.911804 22.731546 72.000000 
15.425508 -180.866104 22.724012 74.000000 
15.292883 -180.902695 22.723917 75.000000 
15.428255 -180.852097 22.724375 66.000000 
15.291215 -180.890793 22.720787 72.000000 
15.167370 -180.920425 22.732956 90.000000 
15.295345 -180.875076 22.721762 81.000000 
15.162503 -180.909241 22.727404 85.000000 
15.301162 -180.859146 22.724066 81.000000 
15.156322 -180.899399 22.721045 85.000000 
15.295177 -180.849701 22.717800 68.000000 
15.162252 -180.883148 22.723026 85.000000 
15.301088 -180.833832 22.720182 64.000000 
15.171265 -180.865387 22.727144 89.000000 
15.022789 -180.903519 22.727720 74.000000 
15.174282 -180.850830 22.727137 85.000000 
15.030437 -180.886246 22.730442 72.000000 
15.169768 -180.840195 22.721928 82.000000 
15.042776 -180.866745 22.736254 70.000000 
15.036637 -180.856491 22.729965 68.000000 
14.878412 -180.895599 22.730383 87.000000 
15.030527 -180.846222 22.723690 72.000000 
14.884732 -180.878860 22.731855 84.000000 
15.025995 -180.835144 22.718445 75.000000 
14.884805 -180.865143 22.729454 76.000000 
15.040102 -180.815109 22.725468 68.000000 
14.877033 -180.855133 22.722164 73.000000 
15.175098 -180.773193 22.715200 61.000000 
14.880342 -180.839935 22.721785 73.000000 
14.732107 -180.865448 22.732771 61.000000 
14.882121 -180.825516 22.720457 82.000000 
14.722636 -180.855652 22.724548 65.000000 
14.891857 -180.807510 22.724119 85.000000 
14.726063 -180.840118 22.723957 74.000000 
14.885818 -180.796722 22.717913 62.000000 
14.735984 -180.821808 22.727232 72.000000 
14.562277 -180.859070 22.731573 65.000000 
14.733069 -180.809158 22.722902 74.000000 
14.555981 -180.847305 22.725241 77.000000 
14.733420 -180.795105 22.720516 74.000000 
14.567746 -180.828018 22.729065 76.000000 
14.732201 -180.781754 22.717199 64.000000 
14.564814 -180.814880 22.724634 69.000000 
14.568633 -180.799728 22.724155 69.000000 
14.562497 -180.787903 22.717924 71.000000 
14.386657 -180.821564 22.728207 72.000000 
14.569413 -180.770157 22.718937 69.000000 
14.383600 -180.807236 22.723473 81.000000 
14.384071 -180.792282 22.720776 78.000000 
14.391277 -180.774811 22.721699 78.000000 
14.196501 -180.810669 22.729328 77.000000 
14.401886 -180.756149 22.724468 83.000000 
14.195316 -180.795853 22.725601 78.000000 
14.406129 -180.741425 22.724131 69.000000 
14.202949 -180.779404 22.726662 75.000000 
14.205255 -180.763412 22.724728 78.000000 
14.207610 -180.747452 22.722834 83.000000 
13.997098 -180.784561 22.730740 74.000000 
14.204912 -180.733292 22.718376 83.000000 
14.011534 -180.763977 22.734373 68.000000 
14.207233 -180.716644 22.716331 63.000000 
14.019000 -180.745071 22.734531 68.000000 
14.012849 -180.731537 22.728317 73.000000 
14.020693 -180.714172 22.729015 73.000000 
13.781764 -180.754395 22.731804 105.000000 
13.777291 -180.739578 22.726316 104.000000 
13.776368 -180.723663 22.722450 72.000000 
13.778997 -180.706665 22.720213 104.000000 
13.788569 -180.686798 22.720995 110.000000 
13.525724 -180.727936 22.723253 121.000000 
13.807110 -180.665161 22.726078 61.000000 
13.537292 -180.707733 22.724583 123.000000 
13.545370 -180.688629 22.724443 124.000000 
13.553510 -180.669571 22.724358 124.000000 
13.556371 -180.652069 22.722019 125.000000 
13.267723 -180.694672 22.724180 121.000000 
13.801043 -180.602890 22.709860 63.000000 
13.552166 -180.636551 22.716642 121.000000 
13.270576 -180.676407 22.721529 124.000000 
13.268085 -180.659592 22.716724 125.000000 
13.271048 -180.641342 22.714153 125.000000 
13.277790 -180.623047 22.713329 126.000000 
13.297096 -180.600800 22.717472 122.000000 
13.298318 -180.582306 22.714077 103.000000 
13.286699 -180.550507 22.701933 68.000000 
16.887962 -181.119568 22.738804 63.000000 
16.889652 -181.105591 22.739182 78.000000 
16.894197 -181.090225 22.742142 90.000000 
16.894835 -181.077728 22.741632 94.000000 
16.888897 -181.069916 22.735279 94.000000 
16.788330 -181.098129 22.746191 72.000000 
16.885796 -181.060684 22.731489 97.000000 
16.782433 -181.090500 22.740011 70.000000 
16.893175 -181.043594 22.736956 94.000000 
16.773672 -181.084167 22.731340 78.000000 
16.900616 -181.026596 22.742479 97.000000 
16.775812 -181.070480 22.731859 79.000000 
16.893476 -181.019653 22.735025 91.000000 
16.778000 -181.056824 22.732416 70.000000 
16.665068 -181.090622 22.737606 71.000000 
16.887688 -181.011765 22.728762 67.000000 
16.782963 -181.041412 22.735319 75.000000 
16.658951 -181.082062 22.731224 83.000000 
16.883257 -181.002930 22.723694 71.000000 
16.783878 -181.028732 22.734800 73.000000 
16.662643 -181.067261 22.732702 78.000000 
16.779676 -181.020615 22.730074 79.000000 
16.668112 -181.052643 22.735758 81.000000 
16.544914 -181.089081 22.737713 64.000000 
16.892176 -180.974670 22.729513 68.000000 
16.662092 -181.044052 22.729435 81.000000 
16.553051 -181.071426 22.742243 75.000000 
16.892908 -180.961365 22.728922 80.000000 
16.661394 -181.030914 22.727236 81.000000 
16.552322 -181.057983 22.739855 72.000000 
16.881899 -180.956879 22.717951 71.000000 
16.661057 -181.018829 22.725471 81.000000 
16.549089 -181.047333 22.735718 67.000000 
16.879257 -180.948090 22.714556 71.000000 
16.668102 -181.003494 22.729801 76.000000 
16.543333 -181.039429 22.729813 69.000000 
16.670668 -180.989731 22.730375 61.000000 
16.545918 -181.025345 22.730114 69.000000 
16.426882 -181.055969 22.740065 64.000000 
16.663399 -180.981934 22.723017 64.000000 
16.548548 -181.011292 22.730453 76.000000 
16.420553 -181.046066 22.733522 72.000000 
16.554113 -180.995621 22.733042 81.000000 
16.414574 -181.037231 22.727411 78.000000 
16.551060 -180.984955 22.729029 66.000000 
16.420097 -181.020676 22.729475 81.000000 
16.292006 -181.053116 22.738159 90.000000 
16.662968 -180.945816 22.718153 64.000000 
16.545147 -180.975906 22.722813 69.000000 
16.425989 -181.005295 22.732002 81.000000 
16.287283 -181.042526 22.732862 89.000000 
16.422758 -180.993713 22.727701 90.000000 
16.293142 -181.026291 22.734871 72.000000 
16.416906 -180.984818 22.721668 81.000000 
16.299055 -181.010101 22.736929 75.000000 
16.549343 -180.936523 22.720995 61.000000 
16.413742 -180.973190 22.717405 64.000000 
16.300493 -180.996353 22.735897 79.000000 
16.156919 -181.032547 22.739100 74.000000 
16.660084 -180.899368 22.709755 66.000000 
16.546465 -180.925812 22.717096 62.000000 
16.295927 -180.985764 22.730707 72.000000 
16.164543 -181.015320 22.741898 72.000000 
16.291391 -180.975128 22.725533 85.000000 
16.164516 -181.002029 22.739677 72.000000 
16.430323 -180.927200 22.724060 61.000000 
16.162989 -180.989502 22.736471 75.000000 
16.014574 -181.025085 22.742647 81.000000 
16.421375 -180.918701 22.715557 67.000000 
16.309723 -180.940033 22.734226 62.000000 
16.152227 -180.981522 22.727180 79.000000 
16.009708 -181.013046 22.737106 73.000000 
16.164688 -180.962189 22.733202 77.000000 
16.003613 -181.002945 22.731031 67.000000 
16.168074 -180.948029 22.733356 73.000000 
16.000546 -180.990707 22.726727 68.000000 
16.013433 -180.971741 22.732540 67.000000 
15.855420 -181.000214 22.736732 66.000000 
16.019482 -180.953369 22.733612 68.000000 
15.850751 -180.988281 22.731403 65.000000 
16.016552 -180.941177 22.729412 71.000000 
15.860882 -180.971207 22.735132 72.000000 
15.861118 -180.957169 22.732733 69.000000 
15.859789 -180.943832 22.729406 66.000000 
15.702702 -180.974869 22.742695 71.000000 
15.855278 -180.931885 22.724182 69.000000 
15.693160 -180.964539 22.734596 66.000000 
15.693329 -180.949417 22.731844 64.000000 
15.687133 -180.937653 22.725630 60.000000 
15.690819 -180.921844 22.725018 64.000000 
15.511725 -180.956635 22.732922 72.000000 
15.707698 -180.900833 22.731907 60.000000 
15.505454 -180.944290 22.726671 75.000000 
15.519386 -180.924896 22.731413 78.000000 
15.529901 -180.906204 22.734203 83.000000 
15.316868 -180.949570 22.731773 77.000000 
15.527107 -180.892639 22.729849 81.000000 
15.325819 -180.931046 22.733255 78.000000 
15.526026 -180.878433 22.726423 66.000000 
15.328044 -180.915039 22.731339 81.000000 
15.328622 -180.899673 22.728596 78.000000 
15.329248 -180.884323 22.725887 78.000000 
15.139521 -180.914841 22.743479 69.000000 
15.326522 -180.870163 22.721476 81.000000 
15.136699 -180.900177 22.738911 70.000000 
15.137369 -180.884338 22.736032 70.000000 
15.139813 -180.867935 22.734026 68.000000 
15.138857 -180.852692 22.730387 70.000000 
14.901766 -180.892883 22.733786 74.000000 
15.148312 -180.834076 22.731802 60.000000 
14.899014 -180.877533 22.729141 75.000000 
14.908559 -180.858337 22.730122 106.000000 
14.923422 -180.837616 22.733561 116.000000 
14.662734 -180.879684 22.736290 109.000000 
14.920826 -180.822327 22.729038 116.000000 
14.663566 -180.862610 22.733078 120.000000 
14.927045 -180.804382 22.728567 75.000000 
14.675097 -180.842438 22.734489 122.000000 
14.679590 -180.824402 22.732895 125.000000 
14.673479 -180.809418 22.726736 125.000000 
14.406445 -180.846756 22.737505 121.000000 
14.676301 -180.791916 22.724451 123.000000 
14.403822 -180.830002 22.732702 122.000000 
14.691628 -180.770996 22.727613 121.000000 
14.399451 -180.813705 22.727200 125.000000 
14.400528 -180.795959 22.723923 125.000000 
14.405259 -180.777283 22.722155 126.000000 
14.433468 -180.752670 22.730009 124.000000 
14.431116 -180.735977 22.725405 121.000000 
14.421150 -180.703857 22.714064 68.000000 
18.012629 -181.215118 22.737106 68.000000 
18.003996 -181.209122 22.728415 78.000000 
17.995378 -181.203064 22.719723 94.000000 
18.003958 -181.184967 22.726431 97.000000 
18.009954 -181.168793 22.730827 88.000000 
17.887695 -181.211456 22.722723 64.000000 
18.006727 -181.159058 22.726946 91.000000 
18.002045 -181.149704 22.721699 97.000000 
17.894474 -181.181732 22.726082 64.000000 
17.998877 -181.139923 22.717852 94.000000 
17.895300 -181.168961 22.725603 68.000000 
18.002399 -181.125671 22.720007 65.000000 
17.889349 -181.160660 22.719341 68.000000 
17.776180 -181.194138 22.724121 66.000000 
18.005970 -181.111465 22.722206 68.000000 
17.887518 -181.149673 22.716585 73.000000 
17.774284 -181.182846 22.721210 76.000000 
17.889824 -181.136047 22.717356 73.000000 
17.769625 -181.173279 22.716057 84.000000 
17.885328 -181.126816 22.712311 71.000000 
17.769196 -181.161087 22.714323 78.000000 
17.659853 -181.188492 22.727072 64.000000 
17.991524 -181.085571 22.706123 65.000000 
17.774418 -181.145493 22.717175 81.000000 
17.663740 -181.173477 22.728504 64.000000 
17.993912 -181.072281 22.707233 68.000000 
17.782501 -181.128235 22.722355 78.000000 
17.656199 -181.165283 22.721130 66.000000 
17.771267 -181.123947 22.711977 89.000000 
17.660492 -181.151382 22.723032 62.000000 
17.772404 -181.110962 22.711506 67.000000 
17.667391 -181.134781 22.726791 66.000000 
17.529119 -181.175705 22.722122 83.000000 
17.766380 -181.101654 22.705137 71.000000 
17.664108 -181.123520 22.722614 72.000000 
17.527187 -181.163193 22.718870 65.000000 
17.661016 -181.112778 22.718658 72.000000 
17.531345 -181.147980 22.720169 72.000000 
17.785814 -181.065887 22.718168 62.000000 
17.652180 -181.105286 22.710251 72.000000 
17.528187 -181.136856 22.716101 81.000000 
17.393833 -181.172485 22.720455 90.000000 
17.780056 -181.057114 22.712072 62.000000 
17.652039 -181.092865 22.708563 67.000000 
17.528011 -181.124100 22.714220 81.000000 
17.399630 -181.156189 22.722563 96.000000 
17.660622 -181.075638 22.713638 63.000000 
17.521967 -181.114548 22.708023 78.000000 
17.387409 -181.149445 22.712112 92.000000 
17.524824 -181.100204 22.708372 84.000000 
17.397821 -181.130814 22.717445 85.000000 
17.536615 -181.081192 22.715305 64.000000 
17.391693 -181.120865 22.711237 89.000000 
17.267559 -181.146851 22.727890 69.000000 
17.533648 -181.070068 22.711370 75.000000 
17.396172 -181.105453 22.712440 92.000000 
17.258242 -181.138062 22.719614 83.000000 
17.408417 -181.086838 22.719189 96.000000 
17.256809 -181.125992 22.716665 77.000000 
17.405432 -181.075363 22.715181 79.000000 
17.262970 -181.109558 22.718658 77.000000 
17.118740 -181.142212 22.727591 69.000000 
17.526432 -181.035858 22.700790 63.000000 
17.275213 -181.089584 22.724606 69.000000 
17.102865 -181.135239 22.715202 100.000000 
17.535513 -181.018646 22.705759 65.000000 
17.270674 -181.078491 22.719500 75.000000 
17.110760 -181.117752 22.717901 88.000000 
17.267712 -181.066620 22.715443 79.000000 
17.126587 -181.096680 22.725626 85.000000 
17.414991 -181.018433 22.714157 60.000000 
17.120419 -181.085861 22.719471 88.000000 
16.972248 -181.111801 22.729918 67.000000 
17.120594 -181.072128 22.717327 91.000000 
16.964373 -181.101227 22.722767 72.000000 
17.111334 -181.062668 22.709206 85.000000 
16.967773 -181.085693 22.722376 69.000000 
17.114748 -181.047516 22.709116 61.000000 
16.951927 -181.078522 22.710428 69.000000 
16.804070 -181.105103 22.729475 65.000000 
16.965067 -181.058853 22.715904 72.000000 
16.796125 -181.093964 22.722351 74.000000 
16.978275 -181.039307 22.721445 69.000000 
16.786575 -181.083450 22.714308 73.000000 
16.793432 -181.066193 22.715618 73.000000 
16.810183 -181.045044 22.722595 76.000000 
16.619619 -181.085526 22.724152 64.000000 
16.807318 -181.031876 22.718384 83.000000 
16.621635 -181.069870 22.722467 72.000000 
16.807775 -181.017395 22.716078 67.000000 
16.625366 -181.053619 22.721725 81.000000 
16.629150 -181.037384 22.721024 78.000000 
16.422655 -181.078613 22.722157 77.000000 
16.626307 -181.023697 22.716742 81.000000 
16.429853 -181.060623 22.722895 92.000000 
16.623785 -181.011353 22.712910 87.000000 
16.427235 -181.047791 22.718912 78.000000 
16.634396 -180.992722 22.715954 61.000000 
16.429451 -181.031708 22.717125 72.000000 
16.426489 -181.016739 22.712540 72.000000 
16.231182 -181.048752 22.727674 73.000000 
16.438993 -180.997116 22.716072 78.000000 
16.223145 -181.035706 22.720675 70.000000 
16.446466 -180.979370 22.717037 71.000000 
16.225475 -181.019119 22.718712 73.000000 
16.630369 -180.934860 22.702805 60.000000 
16.440390 -180.966309 22.711025 64.000000 
16.233028 -181.000854 22.719305 68.000000 
16.247675 -180.981125 22.723532 75.000000 
15.996677 -181.027100 22.720652 103.000000 
16.244993 -180.966370 22.719177 68.000000 
16.007849 -181.007217 22.722507 66.000000 
16.442966 -180.920883 22.703920 68.000000 
16.010340 -180.990128 22.720398 69.000000 
16.452402 -180.902756 22.705980 63.000000 
16.016384 -180.971985 22.719944 75.000000 
16.013731 -180.956558 22.715496 104.000000 
15.766851 -180.994263 22.724405 120.000000 
16.005867 -180.942673 22.708649 61.000000 
15.767679 -180.977097 22.721334 121.000000 
15.768428 -180.959137 22.718073 117.000000 
15.769363 -180.941986 22.715076 119.000000 
15.494939 -180.981903 22.723116 62.000000 
15.777455 -180.922882 22.715219 121.000000 
15.492257 -180.964981 22.718399 121.000000 
15.783832 -180.904312 22.714640 113.000000 
15.491425 -180.947571 22.714449 123.000000 
15.790386 -180.886612 22.714325 60.000000 
15.499761 -180.928650 22.714455 124.000000 
15.508029 -180.908936 22.714281 125.000000 
15.780164 -180.855011 22.703018 115.000000 
15.501839 -180.892120 22.708006 125.000000 
15.513827 -180.871582 22.709410 118.000000 
19.112986 -181.327866 22.715347 74.000000 
19.113585 -181.315262 22.714970 83.000000 
19.126112 -181.294434 22.725342 83.000000 
19.114910 -181.290100 22.714312 86.000000 
19.114309 -181.278442 22.712835 86.000000 
19.016012 -181.304474 22.725533 70.000000 
19.112421 -181.267700 22.710190 90.000000 
19.008642 -181.297058 22.718100 73.000000 
19.114553 -181.254288 22.711166 94.000000 
19.002651 -181.288696 22.711834 73.000000 
19.124714 -181.235580 22.719397 85.000000 
19.003496 -181.275879 22.711426 65.000000 
18.888748 -181.310257 22.714996 64.000000 
19.005747 -181.262222 22.712219 65.000000 
18.886839 -181.298904 22.712120 80.000000 
19.012144 -181.245972 22.716574 83.000000 
18.887760 -181.285812 22.711548 78.000000 
19.013435 -181.234268 22.716656 71.000000 
18.884848 -181.276367 22.707979 81.000000 
18.895655 -181.257324 22.715471 84.000000 
18.773495 -181.292206 22.717720 69.000000 
18.892185 -181.245819 22.711176 81.000000 
18.778521 -181.275269 22.719957 69.000000 
18.889065 -181.235336 22.707293 92.000000 
18.781054 -181.261139 22.720419 70.000000 
18.885975 -181.224838 22.703428 78.000000 
18.780760 -181.248703 22.718685 69.000000 
18.780508 -181.236267 22.716982 74.000000 
18.774530 -181.227127 22.710823 70.000000 
18.647623 -181.260666 22.714401 72.000000 
18.777235 -181.213058 22.711414 74.000000 
18.644461 -181.249496 22.710375 75.000000 
18.641331 -181.238312 22.706369 75.000000 
18.521788 -181.265656 22.720953 84.000000 
18.644138 -181.223938 22.706753 78.000000 
18.512589 -181.257278 22.712633 90.000000 
18.653057 -181.207016 22.711748 87.000000 
18.508085 -181.247086 22.707697 89.000000 
18.653008 -181.194290 22.710024 78.000000 
18.517033 -181.229309 22.712114 89.000000 
18.650036 -181.183136 22.706131 64.000000 
18.524530 -181.212387 22.715528 92.000000 
18.374407 -181.251175 22.714041 66.000000 
18.521505 -181.200867 22.711540 96.000000 
18.383591 -181.233170 22.718132 72.000000 
18.516851 -181.189514 22.706306 89.000000 
18.392685 -181.214676 22.722078 70.000000 
18.651581 -181.143707 22.702122 63.000000 
18.391193 -181.202042 22.719057 75.000000 
18.225031 -181.244690 22.713369 95.000000 
18.383562 -181.192368 22.711922 79.000000 
18.232920 -181.227203 22.716164 79.000000 
18.530861 -181.143753 22.710636 66.000000 
18.386780 -181.177521 22.712055 89.000000 
18.229853 -181.214859 22.712009 79.000000 
18.529552 -181.131500 22.707861 64.000000 
18.233124 -181.199631 22.711889 71.000000 
18.086384 -181.224869 22.723232 61.000000 
18.520674 -181.122879 22.699722 62.000000 
18.230137 -181.187271 22.707790 76.000000 
18.078814 -181.215500 22.716536 67.000000 
18.236950 -181.171921 22.710157 82.000000 
18.078991 -181.201324 22.714272 82.000000 
18.237204 -181.158173 22.708132 65.000000 
18.079063 -181.186523 22.711832 81.000000 
18.533983 -181.078873 22.703712 74.000000 
18.088982 -181.168274 22.715475 83.000000 
17.903728 -181.210205 22.712183 77.000000 
18.089302 -181.154160 22.713324 83.000000 
17.908888 -181.193558 22.712597 69.000000 
18.086445 -181.141403 22.709248 64.000000 
17.915741 -181.176315 22.713997 71.000000 
17.915953 -181.161087 22.711470 69.000000 
17.913076 -181.147842 22.707300 69.000000 
17.737131 -181.181946 22.716810 65.000000 
17.916805 -181.131989 22.706938 73.000000 
17.735861 -181.167557 22.713423 67.000000 
17.734634 -181.153168 22.710066 76.000000 
17.731924 -181.140076 22.706039 76.000000 
17.535233 -181.177002 22.712196 94.000000 
17.732450 -181.125061 22.703651 83.000000 
17.534006 -181.162048 22.708691 75.000000 
17.748062 -181.104568 22.709528 66.000000 
17.532825 -181.147095 22.705217 81.000000 
17.538475 -181.129776 22.705284 72.000000 
17.334425 -181.164764 22.716099 73.000000 
17.549271 -181.110718 22.708036 83.000000 
17.326378 -181.151596 22.709131 81.000000 
17.546541 -181.096420 22.703796 72.000000 
17.330418 -181.134369 22.708073 81.000000 
17.535357 -181.084976 22.695166 63.000000 
17.346571 -181.113205 22.712963 75.000000 
17.342108 -181.098892 22.707777 77.000000 
17.106472 -181.139709 22.712280 112.000000 
17.337822 -181.085297 22.702831 75.000000 
17.119520 -181.120026 22.715263 114.000000 
17.549805 -181.035309 22.694418 63.000000 
17.116762 -181.104507 22.710804 117.000000 
17.550705 -181.019882 22.692108 61.000000 
17.115799 -181.088440 22.707184 115.000000 
16.884682 -181.122055 22.723288 107.000000 
17.120136 -181.070801 22.706038 116.000000 
16.867748 -181.110031 22.712542 121.000000 
17.113892 -181.055527 22.699829 102.000000 
16.879063 -181.088898 22.713947 121.000000 
16.865757 -181.075729 22.704786 123.000000 
16.875551 -181.055984 22.705738 124.000000 
16.600941 -181.095856 22.713648 123.000000 
16.887184 -181.035828 22.707525 124.000000 
16.596458 -181.079346 22.708258 123.000000 
16.886572 -181.019958 22.704124 109.000000 
16.601139 -181.061279 22.706825 124.000000 
16.620119 -181.038651 22.711142 124.000000 
16.610281 -181.022705 22.703411 125.000000 
16.607807 -181.005722 22.698908 122.000000 
16.665482 -180.995850 22.696550 113.000000 
16.682398 -180.956589 22.696711 114.000000 
16.680132 -180.939636 22.692358 120.000000 
16.683216 -180.920547 22.690084 63.000000 
16.677446 -180.904419 22.684292 122.000000 
20.239294 -181.441650 22.724804 63.000000 
20.241207 -181.428131 22.725632 78.000000 
20.241850 -181.415558 22.725306 86.000000 
20.241211 -181.403915 22.723814 86.000000 
20.232513 -181.397202 22.714972 86.000000 
20.136793 -181.421463 22.730000 70.000000 
20.231941 -181.385529 22.713522 86.000000 
20.129423 -181.414032 22.722559 73.000000 
20.235546 -181.371704 22.715899 90.000000 
20.126314 -181.404373 22.718824 73.000000 
20.244354 -181.353882 22.722946 94.000000 
20.124430 -181.393326 22.716082 70.000000 
20.245245 -181.341415 22.722809 88.000000 
20.122581 -181.382278 22.713366 73.000000 
20.007719 -181.416397 22.716696 71.000000 
20.131685 -181.364273 22.720078 75.000000 
20.001650 -181.407608 22.710423 76.000000 
20.128555 -181.354126 22.716248 79.000000 
20.005390 -181.392792 22.712166 84.000000 
20.128193 -181.342239 22.714796 79.000000 
20.013382 -181.375443 22.717390 87.000000 
19.893967 -181.408630 22.721828 67.000000 
20.013180 -181.363785 22.715975 84.000000 
19.902328 -181.391617 22.726912 75.000000 
20.007248 -181.354965 22.709789 78.000000 
19.899117 -181.380829 22.722921 67.000000 
20.001183 -181.345581 22.703419 89.000000 
19.898653 -181.367828 22.720987 69.000000 
20.010778 -181.327591 22.709965 60.000000 
19.895512 -181.357010 22.717043 66.000000 
19.771532 -181.389328 22.722895 83.000000 
19.889526 -181.347824 22.710871 67.000000 
19.768330 -181.378159 22.718847 72.000000 
19.897978 -181.330490 22.715963 72.000000 
19.765162 -181.366974 22.714823 84.000000 
19.900719 -181.316452 22.716602 69.000000 
19.759083 -181.357376 22.708633 78.000000 
19.640924 -181.383972 22.724264 72.000000 
19.764826 -181.341385 22.711210 81.000000 
19.625710 -181.378738 22.711702 95.000000 
19.770775 -181.326019 22.714031 90.000000 
19.621197 -181.368484 22.706753 85.000000 
19.764801 -181.316391 22.707912 84.000000 
19.634638 -181.348343 22.714367 82.000000 
19.638947 -181.332352 22.715462 89.000000 
19.494818 -181.368103 22.718107 69.000000 
19.637423 -181.320023 22.712534 79.000000 
19.488604 -181.357651 22.711914 79.000000 
19.628374 -181.311478 22.704285 92.000000 
19.502439 -181.337418 22.719160 77.000000 
19.628429 -181.298370 22.702469 62.000000 
19.502472 -181.323990 22.717163 75.000000 
19.342394 -181.363724 22.715549 81.000000 
19.499458 -181.312042 22.713120 73.000000 
19.342413 -181.349854 22.713356 89.000000 
19.642319 -181.265564 22.708612 61.000000 
19.490303 -181.303009 22.704943 83.000000 
19.340900 -181.336731 22.710192 76.000000 
19.502821 -181.283768 22.711353 83.000000 
19.344152 -181.321442 22.710068 79.000000 
19.339575 -181.309738 22.704952 73.000000 
19.192516 -181.334595 22.716330 63.000000 
19.344496 -181.293793 22.705906 76.000000 
19.184662 -181.323853 22.709209 69.000000 
19.354202 -181.275803 22.709938 79.000000 
19.191290 -181.306854 22.710865 69.000000 
19.197973 -181.289917 22.712568 69.000000 
19.195061 -181.277100 22.708454 74.000000 
19.012745 -181.317154 22.706970 68.000000 
19.190577 -181.264938 22.703382 77.000000 
19.019573 -181.299835 22.708368 60.000000 
19.026457 -181.282562 22.709816 69.000000 
19.020290 -181.270554 22.703745 76.000000 
18.849096 -181.302765 22.716145 64.000000 
19.021002 -181.257263 22.701895 76.000000 
18.848104 -181.289703 22.713182 65.000000 
18.845194 -181.275894 22.708906 65.000000 
18.847042 -181.258820 22.706972 67.000000 
18.645166 -181.297623 22.710453 77.000000 
18.842554 -181.245605 22.701841 76.000000 
18.642237 -181.283218 22.706068 85.000000 
18.854801 -181.226288 22.705906 66.000000 
18.635962 -181.270020 22.699953 81.000000 
18.643284 -181.252014 22.700899 78.000000 
18.657446 -181.231705 22.705421 71.000000 
18.427486 -181.274918 22.703220 72.000000 
18.659798 -181.215607 22.703823 83.000000 
18.441826 -181.254150 22.707220 75.000000 
18.459679 -181.232376 22.712980 84.000000 
18.456932 -181.217468 22.708637 87.000000 
18.210730 -181.261642 22.708197 105.000000 
18.655245 -181.171341 22.693035 63.000000 
18.452509 -181.203079 22.703474 87.000000 
18.220125 -181.242203 22.709349 106.000000 
18.226088 -181.223892 22.708933 105.000000 
18.223370 -181.208313 22.704500 105.000000 
18.217199 -181.193756 22.698467 118.000000 
17.978657 -181.228790 22.711451 121.000000 
18.221571 -181.176056 22.697357 66.000000 
17.974154 -181.213013 22.706118 124.000000 
17.966152 -181.198212 22.699257 122.000000 
17.975924 -181.178391 22.700214 124.000000 
17.688507 -181.221680 22.703146 66.000000 
17.996405 -181.155685 22.705917 124.000000 
17.691183 -181.203110 22.700691 121.000000 
17.988556 -181.140900 22.699163 109.000000 
17.697504 -181.183594 22.699764 123.000000 
17.711073 -181.162277 22.701864 123.000000 
17.764990 -181.152374 22.697756 124.000000 
18.053713 -181.094910 22.693659 103.000000 
17.760700 -181.135757 22.692490 125.000000 
17.754660 -181.119553 22.686504 119.000000 
17.764864 -181.099319 22.687302 113.000000 
17.776934 -181.078735 22.688910 117.000000 
17.778257 -181.060806 22.686052 66.000000 
21.358646 -181.541702 22.718513 78.000000 
21.357933 -181.529999 22.716986 94.000000 
21.371754 -181.508301 22.728661 91.000000 
21.365858 -181.500290 22.722416 101.000000 
21.252762 -181.536499 22.721985 72.000000 
21.363951 -181.489548 22.719784 97.000000 
21.260260 -181.519180 22.727381 70.000000 
21.356783 -181.482391 22.712358 91.000000 
21.251553 -181.512604 22.718777 68.000000 
21.361565 -181.467178 22.715799 88.000000 
21.245575 -181.504196 22.712521 68.000000 
21.367727 -181.451157 22.720497 97.000000 
21.239620 -181.495758 22.706272 61.000000 
21.132950 -181.524841 22.716534 66.000000 
21.244902 -181.481323 22.709848 63.000000 
21.125803 -181.517975 22.709513 80.000000 
21.252640 -181.464203 22.715441 65.000000 
21.123926 -181.506577 22.706682 81.000000 
21.252247 -181.452301 22.713995 65.000000 
21.129066 -181.490891 22.709618 84.000000 
21.019468 -181.518356 22.721975 61.000000 
21.359854 -181.410141 22.709690 74.000000 
21.134262 -181.475250 22.712601 84.000000 
21.017618 -181.506699 22.719067 72.000000 
21.358223 -181.399399 22.707254 65.000000 
21.133911 -181.463058 22.711018 81.000000 
21.011513 -181.497543 22.712826 70.000000 
21.357965 -181.387833 22.706064 74.000000 
21.127989 -181.454208 22.704844 84.000000 
21.016893 -181.481689 22.715561 69.000000 
21.126305 -181.442825 22.702150 76.000000 
21.019461 -181.467545 22.716097 69.000000 
20.888166 -181.504227 22.716425 76.000000 
21.016329 -181.456711 22.712172 63.000000 
20.893728 -181.488144 22.718906 67.000000 
21.013229 -181.445847 22.708267 66.000000 
20.890537 -181.476959 22.714882 67.000000 
21.018805 -181.430145 22.711161 66.000000 
20.887381 -181.465744 22.710880 67.000000 
20.755806 -181.499786 22.716803 65.000000 
21.131207 -181.390839 22.700956 60.000000 
21.017223 -181.418503 22.708441 61.000000 
20.884256 -181.454529 22.706898 67.000000 
20.748083 -181.490585 22.709513 95.000000 
21.122648 -181.383484 22.692558 60.000000 
20.890007 -181.438553 22.709530 67.000000 
20.744890 -181.478958 22.705420 92.000000 
20.886810 -181.426788 22.705406 77.000000 
20.740070 -181.467514 22.700077 89.000000 
20.888229 -181.413223 22.704811 84.000000 
20.744476 -181.452011 22.701361 92.000000 
20.613832 -181.481110 22.713606 63.000000 
20.755116 -181.434067 22.707167 89.000000 
20.600073 -181.475021 22.702444 83.000000 
20.753593 -181.421707 22.704258 92.000000 
20.604614 -181.459213 22.703489 81.000000 
20.750599 -181.410095 22.700304 79.000000 
20.619982 -181.438232 22.711838 83.000000 
20.620018 -181.424774 22.709867 79.000000 
20.456675 -181.465836 22.706045 82.000000 
20.887075 -181.350220 22.695662 63.000000 
20.613779 -181.413651 22.703562 83.000000 
20.456541 -181.451309 22.703667 89.000000 
20.762899 -181.364319 22.703497 66.000000 
20.610807 -181.401642 22.699558 92.000000 
20.461319 -181.435257 22.704552 85.000000 
20.756893 -181.353607 22.697304 60.000000 
20.610817 -181.387573 22.697472 75.000000 
20.461281 -181.420761 22.702250 88.000000 
20.881655 -181.314407 22.686520 61.000000 
20.455143 -181.409729 22.696140 85.000000 
20.303410 -181.437820 22.704895 60.000000 
20.465086 -181.392899 22.700583 91.000000 
20.298767 -181.425613 22.699726 67.000000 
20.758003 -181.315643 22.692818 66.000000 
20.471642 -181.376297 22.702642 88.000000 
20.308601 -181.407227 22.703382 69.000000 
20.607491 -181.337097 22.687452 61.000000 
20.318497 -181.388916 22.707094 74.000000 
20.121540 -181.435410 22.696983 77.000000 
20.312380 -181.377411 22.701042 74.000000 
20.129944 -181.417343 22.699322 78.000000 
20.311123 -181.363876 22.697956 77.000000 
20.140041 -181.398666 22.702660 71.000000 
20.140387 -181.384003 22.700367 71.000000 
19.957529 -181.421097 22.706350 65.000000 
20.134228 -181.371933 22.694307 76.000000 
19.964508 -181.403397 22.707500 72.000000 
20.131382 -181.358551 22.690168 76.000000 
19.961569 -181.389557 22.703224 78.000000 
19.958668 -181.375687 22.698971 75.000000 
19.949144 -181.364288 22.691074 72.000000 
19.757072 -181.399200 22.699919 100.000000 
19.962997 -181.344238 22.696062 83.000000 
19.754148 -181.384750 22.695553 83.000000 
19.971636 -181.324738 22.697937 66.000000 
19.745903 -181.370621 22.688137 89.000000 
19.760004 -181.350220 22.692669 89.000000 
19.546980 -181.387939 22.699169 66.000000 
19.774448 -181.331360 22.697689 92.000000 
19.537504 -181.376694 22.691790 75.000000 
19.773413 -181.316376 22.694353 75.000000 
19.548401 -181.357040 22.694157 75.000000 
19.555922 -181.338608 22.694881 75.000000 
19.560057 -181.321350 22.693953 84.000000 
19.306595 -181.367493 22.690248 109.000000 
19.553913 -181.307419 22.687946 84.000000 
19.315979 -181.347946 22.691439 110.000000 
19.332409 -181.326324 22.695946 108.000000 
19.319214 -181.313828 22.686628 117.000000 
19.080444 -181.349289 22.699898 104.000000 
19.320036 -181.297073 22.683872 118.000000 
19.061743 -181.337540 22.688318 121.000000 
19.060772 -181.320587 22.684540 124.000000 
19.070478 -181.300613 22.685490 122.000000 
19.078217 -181.279587 22.685266 125.000000 
18.792311 -181.322037 22.688852 121.000000 
19.095148 -181.257813 22.689476 121.000000 
18.778854 -181.307693 22.679733 123.000000 
18.852520 -181.291977 22.683138 125.000000 
18.867876 -181.270096 22.686047 126.000000 
18.858280 -181.255630 22.678747 125.000000 
18.853992 -181.238876 22.673496 106.000000 
18.869186 -181.201279 22.673340 113.000000 
18.870451 -181.183228 22.670465 61.000000 
22.511890 -181.628342 22.729168 81.000000 
22.503286 -181.622253 22.720541 94.000000 
22.498623 -181.613358 22.715527 91.000000 
22.499233 -181.600815 22.715355 94.000000 
22.393179 -181.633301 22.720360 64.000000 
22.505142 -181.584686 22.720058 88.000000 
22.393833 -181.620499 22.720011 73.000000 
22.501896 -181.574890 22.716324 88.000000 
22.386442 -181.613052 22.712624 73.000000 
22.501316 -181.563293 22.715038 88.000000 
22.393919 -181.595810 22.718231 73.000000 
22.502092 -181.550827 22.714996 94.000000 
22.397406 -181.581299 22.720346 79.000000 
22.273569 -181.622650 22.714668 71.000000 
22.494978 -181.543625 22.707670 65.000000 
22.391460 -181.572937 22.714203 71.000000 
22.284073 -181.603485 22.722275 80.000000 
22.503771 -181.525955 22.715008 71.000000 
22.384182 -181.565399 22.706881 73.000000 
22.279387 -181.593918 22.717257 84.000000 
22.387787 -181.550934 22.709085 70.000000 
22.270559 -181.586899 22.708786 78.000000 
22.398241 -181.532242 22.717295 65.000000 
22.264530 -181.578110 22.702635 81.000000 
22.166580 -181.599380 22.723349 72.000000 
22.275244 -181.559143 22.710417 78.000000 
22.160444 -181.590302 22.717194 70.000000 
22.495634 -181.484070 22.704338 68.000000 
22.279051 -181.544479 22.712450 74.000000 
22.151482 -181.582855 22.708792 70.000000 
22.504683 -181.466660 22.711895 68.000000 
22.274527 -181.534851 22.707537 78.000000 
22.156813 -181.567062 22.711693 70.000000 
22.037579 -181.598083 22.720196 83.000000 
22.495098 -181.460999 22.702221 61.000000 
22.388777 -181.490036 22.705112 61.000000 
22.272825 -181.523544 22.704971 60.000000 
22.162199 -181.551315 22.714642 76.000000 
22.028460 -181.590210 22.711849 72.000000 
22.159365 -181.541611 22.711210 74.000000 
22.031372 -181.576920 22.712694 81.000000 
22.159113 -181.529190 22.709690 74.000000 
22.034004 -181.562531 22.713181 78.000000 
21.905970 -181.595993 22.720461 69.000000 
22.033756 -181.549789 22.711500 78.000000 
21.896719 -181.587662 22.712183 100.000000 
22.273705 -181.475342 22.701195 68.000000 
22.030613 -181.538620 22.707636 75.000000 
21.908426 -181.568253 22.718884 89.000000 
22.269079 -181.464584 22.696041 62.000000 
22.031603 -181.523972 22.706736 72.000000 
21.898922 -181.558716 22.710249 85.000000 
22.027067 -181.513580 22.701813 68.000000 
21.898754 -181.545624 22.708458 85.000000 
21.773336 -181.573502 22.722881 69.000000 
21.894127 -181.534851 22.703470 92.000000 
21.773182 -181.560089 22.720940 75.000000 
21.895538 -181.520996 22.702814 85.000000 
21.762354 -181.551987 22.711737 73.000000 
22.153826 -181.443726 22.696037 61.000000 
21.907528 -181.501877 22.709755 75.000000 
21.759207 -181.540070 22.707756 75.000000 
21.616661 -181.573044 22.716553 87.000000 
22.153887 -181.431366 22.694744 62.000000 
21.768370 -181.522171 22.712166 75.000000 
21.611891 -181.561447 22.711458 100.000000 
22.025537 -181.450729 22.693140 61.000000 
21.771452 -181.507324 22.712439 71.000000 
21.604029 -181.551285 22.704361 82.000000 
22.151222 -181.408157 22.689928 61.000000 
22.034527 -181.433594 22.698456 63.000000 
21.765356 -181.496887 22.706448 73.000000 
21.613407 -181.533096 22.708420 82.000000 
21.901762 -181.452789 22.698956 74.000000 
21.619717 -181.516434 22.710505 76.000000 
21.457333 -181.549911 22.711018 69.000000 
21.616673 -181.504105 22.706533 71.000000 
21.463764 -181.532898 22.712793 72.000000 
21.613665 -181.491745 22.702585 79.000000 
21.463867 -181.518738 22.710690 74.000000 
21.607552 -181.480774 22.696615 61.000000 
21.457621 -181.507339 22.704678 74.000000 
21.306711 -181.536591 22.720541 68.000000 
21.457806 -181.493164 22.702629 74.000000 
21.295477 -181.526764 22.711655 74.000000 
21.461237 -181.477646 22.702591 72.000000 
21.285894 -181.516190 22.703724 76.000000 
21.289370 -181.500229 22.703423 76.000000 
21.292898 -181.484314 22.703161 71.000000 
21.115601 -181.520828 22.710875 68.000000 
21.299740 -181.467148 22.704855 69.000000 
21.109232 -181.508347 22.704845 69.000000 
21.296837 -181.453888 22.700846 67.000000 
21.104557 -181.495193 22.699757 73.000000 
21.121492 -181.473801 22.706669 73.000000 
20.910131 -181.518265 22.703665 79.000000 
21.118572 -181.460052 22.702570 75.000000 
20.910458 -181.502670 22.701159 89.000000 
21.112370 -181.447510 22.696648 81.000000 
20.914204 -181.485855 22.700460 83.000000 
20.916315 -181.469696 22.698915 81.000000 
20.910034 -181.456528 22.692961 81.000000 
20.718090 -181.488815 22.708693 74.000000 
20.913931 -181.439774 22.692375 81.000000 
20.713415 -181.474487 22.703543 81.000000 
20.921261 -181.421906 22.693621 78.000000 
20.710497 -181.459564 22.699272 81.000000 
20.707623 -181.444626 22.695030 77.000000 
20.494778 -181.480331 22.709307 61.000000 
20.711660 -181.427414 22.694246 77.000000 
20.481409 -181.468124 22.700027 109.000000 
20.918177 -181.377106 22.684166 63.000000 
20.727777 -181.406357 22.699526 73.000000 
20.478512 -181.452545 22.695671 114.000000 
20.480883 -181.435303 22.693810 116.000000 
20.492020 -181.415421 22.696100 115.000000 
20.231083 -181.459641 22.697653 119.000000 
20.494503 -181.398254 22.694328 117.000000 
20.237034 -181.440720 22.697128 121.000000 
20.241280 -181.422379 22.695866 122.000000 
20.249115 -181.403046 22.696226 122.000000 
20.241100 -181.388290 22.689531 124.000000 
19.970186 -181.429016 22.697708 123.000000 
20.241974 -181.371017 22.686815 124.000000 
19.970980 -181.410980 22.694714 123.000000 
19.962877 -181.395386 22.688002 125.000000 
20.020330 -181.384171 22.684713 125.000000 
20.022936 -181.364822 22.682367 126.000000 
20.029318 -181.345444 22.681801 113.000000 
23.653826 -181.730209 22.720020 73.000000 
23.652996 -181.718643 22.718664 81.000000 
23.657406 -181.703415 22.722179 94.000000 
23.650482 -181.697418 22.715189 97.000000 
23.653671 -181.683151 22.717558 88.000000 
23.547010 -181.717148 22.720308 85.000000 
23.647768 -181.675232 22.711441 104.000000 
23.546299 -181.705338 22.718885 78.000000 
23.652351 -181.660126 22.715096 101.000000 
23.540264 -181.697098 22.712744 71.000000 
23.656990 -181.645065 22.718798 82.000000 
23.540962 -181.684387 22.712557 73.000000 
23.656429 -181.633591 22.717644 74.000000 
23.533638 -181.676971 22.705254 71.000000 
23.426664 -181.708405 22.712763 71.000000 
23.651964 -181.624756 22.712835 62.000000 
23.546528 -181.656418 22.715864 71.000000 
23.420547 -181.699768 22.706621 80.000000 
23.643576 -181.618500 22.704350 71.000000 
23.546011 -181.644653 22.714586 67.000000 
23.421354 -181.686768 22.706301 84.000000 
23.651020 -181.601822 22.710649 74.000000 
23.542830 -181.634613 22.710939 64.000000 
23.429113 -181.669510 22.711834 78.000000 
23.425865 -181.659134 22.708092 78.000000 
23.306007 -181.694641 22.709547 69.000000 
23.421261 -181.649597 22.703197 76.000000 
23.311188 -181.678879 22.712511 74.000000 
23.422235 -181.636673 22.703005 84.000000 
23.305077 -181.669846 22.706429 66.000000 
23.642942 -181.560242 22.700401 68.000000 
23.423250 -181.623764 22.702845 66.000000 
23.304668 -181.657440 22.704912 72.000000 
23.190279 -181.686691 22.715803 69.000000 
23.642662 -181.548798 22.699446 63.000000 
23.304302 -181.645065 22.703424 72.000000 
23.179720 -181.679733 22.706404 82.000000 
23.432377 -181.593933 22.708509 64.000000 
23.301126 -181.634323 22.699680 70.000000 
23.179354 -181.667023 22.704756 78.000000 
23.309391 -181.617096 22.705118 69.000000 
23.176115 -181.655930 22.700918 81.000000 
23.057365 -181.685257 22.713808 76.000000 
23.177282 -181.642426 22.700438 72.000000 
23.046637 -181.677811 22.704506 100.000000 
23.184334 -181.625763 22.704449 75.000000 
23.041880 -181.667130 22.699514 92.000000 
23.178289 -181.616257 22.698462 78.000000 
23.052059 -181.648605 22.705345 85.000000 
23.175198 -181.605148 22.694725 81.000000 
23.056335 -181.633270 22.706907 79.000000 
22.910238 -181.672714 22.705532 69.000000 
23.047215 -181.624908 22.698750 79.000000 
22.916121 -181.656281 22.707865 79.000000 
23.176447 -181.579056 22.692928 63.000000 
23.051579 -181.609619 22.700377 72.000000 
22.920532 -181.640656 22.709196 73.000000 
23.301325 -181.534821 22.690180 61.000000 
23.045511 -181.599670 22.694426 75.000000 
22.920420 -181.627335 22.707413 77.000000 
22.767694 -181.666397 22.707790 75.000000 
23.043968 -181.587418 22.691761 63.000000 
22.911184 -181.618484 22.699333 69.000000 
22.769123 -181.651932 22.706842 94.000000 
23.174953 -181.541885 22.687647 62.000000 
23.058971 -181.567001 22.701143 63.000000 
22.914204 -181.603668 22.699713 70.000000 
22.762815 -181.641144 22.700834 79.000000 
23.173550 -181.530014 22.685188 61.000000 
22.917273 -181.588898 22.700130 68.000000 
22.772123 -181.623047 22.705055 76.000000 
22.924988 -181.571976 22.703770 63.000000 
22.765890 -181.612244 22.699097 82.000000 
22.618235 -181.640213 22.707491 69.000000 
22.762812 -181.599960 22.695204 67.000000 
22.602360 -181.633163 22.695576 82.000000 
23.056410 -181.516830 22.693138 60.000000 
22.769150 -181.583435 22.697500 70.000000 
22.611950 -181.614822 22.699503 81.000000 
23.059641 -181.502533 22.693964 60.000000 
22.766153 -181.571167 22.693668 71.000000 
22.618420 -181.597961 22.701500 74.000000 
22.443832 -181.638458 22.701746 65.000000 
22.760059 -181.560257 22.687794 65.000000 
22.624945 -181.581161 22.703547 72.000000 
22.445538 -181.623230 22.700542 74.000000 
22.612379 -181.572571 22.693680 75.000000 
22.448915 -181.607361 22.700336 67.000000 
22.609415 -181.559845 22.689806 74.000000 
22.452341 -181.591522 22.700171 67.000000 
22.612885 -181.544434 22.689959 60.000000 
22.446074 -181.579681 22.694269 63.000000 
22.272589 -181.615891 22.702602 64.000000 
22.443090 -181.566483 22.690315 66.000000 
22.271149 -181.601578 22.699432 72.000000 
22.443401 -181.551971 22.688320 66.000000 
22.271408 -181.586624 22.697220 75.000000 
22.258482 -181.576736 22.687605 73.000000 
22.074297 -181.612228 22.697868 71.000000 
22.611206 -181.489594 22.680885 60.000000 
22.272062 -181.556732 22.692898 73.000000 
22.074579 -181.596756 22.695486 82.000000 
22.279083 -181.539307 22.694521 75.000000 
22.069868 -181.583115 22.690456 81.000000 
22.071924 -181.567032 22.689034 75.000000 
22.080763 -181.548553 22.691242 78.000000 
21.872433 -181.587982 22.696735 76.000000 
22.081240 -181.533142 22.689005 68.000000 
21.876257 -181.570816 22.695978 75.000000 
22.078392 -181.518890 22.684999 66.000000 
21.895519 -181.548477 22.703022 70.000000 
21.890911 -181.534317 22.698046 68.000000 
21.656376 -181.578735 22.699591 72.000000 
21.886347 -181.520111 22.693096 70.000000 
21.656862 -181.562195 22.696976 103.000000 
21.883535 -181.505325 22.689039 64.000000 
21.653931 -181.546768 22.692743 104.000000 
21.654518 -181.530228 22.690199 104.000000 
21.651680 -181.514771 22.686028 104.000000 
21.414188 -181.553513 22.696201 121.000000 
21.655842 -181.497177 22.685219 108.000000 
21.413042 -181.536880 22.692680 122.000000 
21.406664 -181.521790 22.686815 123.000000 
21.414425 -181.502548 22.687336 124.000000 
21.427536 -181.481857 22.690298 124.000000 
21.130701 -181.531693 22.684856 122.000000 
21.650375 -181.433746 22.671501 65.000000 
21.419544 -181.467270 22.683739 122.000000 
21.136787 -181.512283 22.684263 124.000000 
21.139362 -181.493912 22.682201 124.000000 
21.467436 -181.441940 22.672766 61.000000 
21.198696 -181.481598 22.679014 124.000000 
21.715229 -181.388702 22.666170 65.000000 
21.468403 -181.424805 22.670298 109.000000 
21.196012 -181.464676 22.674753 125.000000 
21.485334 -181.403427 22.675117 113.000000 
21.202322 -181.445419 22.674345 110.000000 
21.202589 -181.410202 22.668304 104.000000 
21.203697 -181.392380 22.665726 120.000000 
21.197105 -181.358932 22.656820 108.000000 
21.210928 -181.338135 22.659769 63.000000 
24.794973 -181.804047 22.709364 73.000000 
24.803179 -181.786087 22.716619 86.000000 
24.804981 -181.772781 22.717834 86.000000 
24.797752 -181.765869 22.710524 90.000000 
24.687536 -181.803162 22.709030 78.000000 
24.795736 -181.755295 22.708118 86.000000 
24.697422 -181.784180 22.717201 73.000000 
24.792450 -181.745621 22.704506 83.000000 
24.690054 -181.776917 22.709915 70.000000 
24.795708 -181.731476 22.707064 94.000000 
24.689379 -181.765167 22.708614 71.000000 
24.800478 -181.716980 22.711071 101.000000 
24.680882 -181.759216 22.700333 70.000000 
24.578480 -181.788635 22.710604 82.000000 
24.798607 -181.706436 22.708773 64.000000 
24.685623 -181.743942 22.703876 71.000000 
24.573730 -181.779205 22.705679 83.000000 
24.793001 -181.698990 22.702963 80.000000 
24.690580 -181.729233 22.707647 70.000000 
24.569174 -181.770279 22.700954 78.000000 
24.784636 -181.692749 22.694510 83.000000 
24.692741 -181.715790 22.708870 71.000000 
24.574097 -181.754776 22.704256 84.000000 
24.460403 -181.787888 22.709665 61.000000 
24.792032 -181.676147 22.700947 83.000000 
24.686878 -181.707535 22.702885 62.000000 
24.573568 -181.742752 22.702909 84.000000 
24.459843 -181.775558 22.708141 64.000000 
24.799490 -181.659622 22.707439 60.000000 
24.683731 -181.697540 22.699329 61.000000 
24.575834 -181.729034 22.703943 89.000000 
24.455091 -181.765762 22.703224 66.000000 
24.688705 -181.682449 22.703064 61.000000 
24.569866 -181.720413 22.697947 81.000000 
24.463070 -181.748398 22.708609 66.000000 
24.691032 -181.669113 22.704416 61.000000 
24.569448 -181.708405 22.696682 84.000000 
24.459806 -181.737778 22.704887 69.000000 
24.325800 -181.779327 22.699314 76.000000 
24.562149 -181.700546 22.689533 60.000000 
24.456573 -181.727142 22.701187 83.000000 
24.329678 -181.764191 22.701042 88.000000 
24.574274 -181.681122 22.698973 70.000000 
24.447704 -181.719757 22.692905 79.000000 
24.330713 -181.750732 22.700581 87.000000 
24.576756 -181.667526 22.700174 70.000000 
24.450203 -181.705811 22.693844 81.000000 
24.330343 -181.738098 22.699039 81.000000 
24.213612 -181.767395 22.712099 95.000000 
24.569553 -181.659637 22.693090 60.000000 
24.318409 -181.731903 22.688576 81.000000 
24.207335 -181.757660 22.706079 89.000000 
24.456760 -181.677216 22.696987 64.000000 
24.323914 -181.716049 22.691559 75.000000 
24.209972 -181.743134 22.706583 85.000000 
24.452278 -181.667343 22.692249 66.000000 
24.330929 -181.699463 22.695711 72.000000 
24.205242 -181.732574 22.701691 82.000000 
24.329266 -181.687668 22.693163 68.000000 
24.207968 -181.718094 22.702261 79.000000 
24.068491 -181.755295 22.704149 72.000000 
24.329096 -181.675079 22.691769 78.000000 
24.207767 -181.705185 22.700689 69.000000 
24.063694 -181.744308 22.699211 72.000000 
24.564472 -181.601761 22.683994 64.000000 
24.322975 -181.665024 22.685705 75.000000 
24.207451 -181.691727 22.698959 79.000000 
24.064838 -181.729660 22.698326 75.000000 
24.322880 -181.652435 22.684361 70.000000 
24.204353 -181.680359 22.695255 69.000000 
24.072269 -181.712601 22.701906 81.000000 
23.912350 -181.756302 22.696196 93.000000 
24.201441 -181.669556 22.691757 69.000000 
24.069269 -181.701447 22.698301 77.000000 
23.926270 -181.736526 22.703714 68.000000 
24.205877 -181.654419 22.693592 72.000000 
24.066143 -181.689697 22.694527 81.000000 
23.930796 -181.720688 22.704947 73.000000 
24.210367 -181.639328 22.695473 65.000000 
24.066099 -181.676437 22.692904 81.000000 
23.915195 -181.714386 22.692856 70.000000 
23.777460 -181.739319 22.706547 69.000000 
24.323036 -181.602722 22.679453 64.000000 
24.066099 -181.663208 22.691313 61.000000 
23.918251 -181.699295 22.693119 70.000000 
23.772644 -181.727478 22.701593 67.000000 
24.072252 -181.647079 22.694029 68.000000 
23.915134 -181.687088 22.689291 70.000000 
23.772610 -181.713455 22.699646 67.000000 
24.067753 -181.636047 22.689293 63.000000 
23.921396 -181.670609 22.691694 71.000000 
23.767866 -181.701569 22.694738 61.000000 
23.927713 -181.654190 22.694143 61.000000 
23.769501 -181.686859 22.693850 67.000000 
23.609934 -181.722153 22.701740 74.000000 
24.203478 -181.578812 22.683260 62.000000 
23.929405 -181.639923 22.693525 62.000000 
23.783886 -181.666641 22.701006 61.000000 
23.601910 -181.711151 22.694862 69.000000 
23.605221 -181.695343 22.694754 67.000000 
23.615051 -181.676895 22.698555 77.000000 
23.427578 -181.720688 22.697330 73.000000 
24.068789 -181.570145 22.682108 63.000000 
23.611996 -181.663849 22.694660 77.000000 
23.421114 -181.708420 22.691416 81.000000 
23.608980 -181.650787 22.690788 77.000000 
23.437714 -181.686981 22.698572 78.000000 
23.930700 -181.572296 22.685719 62.000000 
23.434631 -181.673431 22.694590 83.000000 
23.924807 -181.561432 22.680050 61.000000 
23.428293 -181.661148 22.688761 75.000000 
23.238125 -181.700363 22.693985 77.000000 
23.425289 -181.647552 22.684828 75.000000 
23.235008 -181.686249 22.689899 78.000000 
23.433878 -181.629562 22.687498 65.000000 
23.228582 -181.673340 22.684042 75.000000 
23.230574 -181.657333 22.682716 78.000000 
23.232615 -181.641342 22.681429 75.000000 
23.036655 -181.677826 22.691875 72.000000 
23.248140 -181.620590 22.687431 71.000000 
23.031900 -181.663712 22.686895 75.000000 
23.037409 -181.646057 22.687149 70.000000 
23.233995 -181.595291 22.675068 71.000000 
23.046385 -181.627304 22.689190 73.000000 
22.807199 -181.674820 22.686974 75.000000 
23.040064 -181.613770 22.683437 73.000000 
22.804159 -181.659470 22.682779 108.000000 
23.040611 -181.597931 22.681200 68.000000 
22.823652 -181.636826 22.689451 115.000000 
23.247595 -181.545364 22.675423 60.000000 
23.041208 -181.582108 22.678997 68.000000 
22.817255 -181.622620 22.683668 115.000000 
23.243237 -181.531784 22.670736 63.000000 
22.821293 -181.605087 22.682930 115.000000 
22.577429 -181.647491 22.688330 112.000000 
22.808050 -181.593002 22.673849 115.000000 
22.567444 -181.633606 22.680912 123.000000 
22.822594 -181.572296 22.678225 102.000000 
22.571550 -181.615463 22.679911 123.000000 
23.240288 -181.486237 22.661985 60.000000 
23.043812 -181.517426 22.670166 61.000000 
22.570152 -181.597290 22.676134 122.000000 
22.307602 -181.639816 22.684252 66.000000 
22.576130 -181.578690 22.676023 124.000000 
22.292212 -181.626572 22.674604 122.000000 
22.598278 -181.557175 22.683611 113.000000 
22.296721 -181.609421 22.673796 125.000000 
22.808397 -181.511887 22.660776 76.000000 
22.300997 -181.590622 22.672604 125.000000 
22.369360 -181.576752 22.674356 125.000000 
22.896595 -181.476456 22.670588 65.000000 
22.617069 -181.523392 22.657463 109.000000 
22.361265 -181.561401 22.667879 125.000000 
22.637409 -181.501038 22.664043 113.000000 
22.365702 -181.542694 22.666819 121.000000 
22.364029 -181.508148 22.660191 113.000000 
22.381142 -181.486328 22.664682 114.000000 
22.376865 -181.470001 22.659922 105.000000 
22.379795 -181.451904 22.658302 117.000000 
25.922352 -181.871918 22.710129 73.000000 
25.926678 -181.856735 22.713774 81.000000 
25.920713 -181.848907 22.707672 90.000000 
25.916067 -181.840118 22.702806 97.000000 
25.911444 -181.831314 22.697952 104.000000 
25.808918 -181.862930 22.703526 78.000000 
25.917238 -181.815338 22.702961 97.000000 
25.809521 -181.850250 22.703407 78.000000 
25.922930 -181.798935 22.707842 104.000000 
25.803333 -181.841507 22.697140 71.000000 
25.923628 -181.786621 22.708010 94.000000 
25.805347 -181.827957 22.698280 70.000000 
25.696100 -181.861771 22.702536 76.000000 
25.917841 -181.778687 22.702021 94.000000 
25.810085 -181.812683 22.701866 70.000000 
25.691345 -181.852310 22.697617 83.000000 
25.915997 -181.768112 22.699760 67.000000 
25.814877 -181.797485 22.705500 71.000000 
25.692101 -181.839371 22.697403 81.000000 
25.914341 -181.758026 22.697697 71.000000 
25.809147 -181.789719 22.699684 75.000000 
25.695812 -181.825241 22.699755 76.000000 
25.575033 -181.862625 22.699337 64.000000 
25.797903 -181.784821 22.688856 75.000000 
25.693905 -181.814056 22.697258 84.000000 
25.575865 -181.849411 22.698969 64.000000 
25.912127 -181.736008 22.694534 64.000000 
25.800123 -181.771362 22.690153 62.000000 
25.693409 -181.802017 22.695961 84.000000 
25.580963 -181.833679 22.702068 64.000000 
25.909098 -181.726273 22.691118 61.000000 
25.813166 -181.751205 22.701208 63.000000 
25.690197 -181.791672 22.692333 81.000000 
25.576246 -181.823853 22.697187 66.000000 
25.812792 -181.739532 22.700159 61.000000 
25.692535 -181.777969 22.693457 89.000000 
25.572971 -181.813171 22.693470 69.000000 
25.456036 -181.844788 22.701302 76.000000 
25.696304 -181.763474 22.695803 71.000000 
25.566898 -181.804108 22.687473 83.000000 
25.449812 -181.835403 22.695269 82.000000 
25.695969 -181.751495 22.694628 76.000000 
25.566513 -181.791748 22.686098 76.000000 
25.449394 -181.822739 22.693718 84.000000 
25.692898 -181.741150 22.691099 74.000000 
25.577507 -181.772919 22.693996 81.000000 
25.443228 -181.813293 22.687717 81.000000 
25.329205 -181.840988 22.703041 100.000000 
25.682915 -181.734818 22.681633 69.000000 
25.442884 -181.800613 22.686218 87.000000 
25.324400 -181.830414 22.698114 82.000000 
25.682678 -181.722809 22.680523 60.000000 
25.575541 -181.749146 22.690268 64.000000 
25.457096 -181.780014 22.695992 81.000000 
25.319626 -181.819809 22.693203 89.000000 
25.569481 -181.739487 22.684200 62.000000 
25.450882 -181.770020 22.689882 87.000000 
25.319166 -181.806244 22.691393 89.000000 
25.190054 -181.838333 22.700945 72.000000 
25.569298 -181.727203 22.682978 62.000000 
25.453581 -181.755844 22.690742 66.000000 
25.336723 -181.783966 22.702915 85.000000 
25.186737 -181.826569 22.697056 83.000000 
25.441914 -181.750000 22.680515 68.000000 
25.327772 -181.776260 22.694998 85.000000 
25.191191 -181.811539 22.698677 77.000000 
25.449062 -181.733536 22.684828 72.000000 
25.326120 -181.764099 22.692381 82.000000 
25.203115 -181.792175 22.705446 77.000000 
25.037210 -181.839371 22.695452 87.000000 
25.456270 -181.717133 22.689188 75.000000 
25.320038 -181.754227 22.686497 63.000000 
25.196890 -181.781967 22.699532 83.000000 
25.043169 -181.822678 22.697659 84.000000 
25.325911 -181.738281 22.689430 67.000000 
25.193733 -181.770203 22.695761 81.000000 
25.049183 -181.806046 22.699913 76.000000 
25.331841 -181.722412 22.692411 69.000000 
25.187569 -181.759918 22.689878 75.000000 
25.044411 -181.794601 22.695011 73.000000 
24.897303 -181.824310 22.702606 61.000000 
25.328854 -181.711029 22.688808 69.000000 
25.190571 -181.745193 22.690422 75.000000 
25.044321 -181.780960 22.693220 73.000000 
24.890869 -181.813156 22.696651 69.000000 
25.570679 -181.641205 22.676577 69.000000 
25.196672 -181.729034 22.693146 77.000000 
25.036512 -181.770920 22.686295 76.000000 
24.889206 -181.799820 22.693701 77.000000 
25.196720 -181.715836 22.691624 75.000000 
25.045828 -181.752975 22.690771 79.000000 
24.882839 -181.788589 22.687782 83.000000 
25.187639 -181.706924 22.683687 75.000000 
25.045868 -181.739349 22.689075 68.000000 
24.892336 -181.770325 22.691887 75.000000 
24.729568 -181.807449 22.697847 68.000000 
25.327755 -181.660355 22.682409 62.000000 
25.050625 -181.723648 22.690533 73.000000 
24.898727 -181.753525 22.694044 77.000000 
24.719898 -181.797134 22.689995 65.000000 
25.321941 -181.650345 22.676699 62.000000 
25.039841 -181.714935 22.681616 70.000000 
24.895653 -181.740921 22.690220 86.000000 
24.719929 -181.782639 22.687952 61.000000 
25.036880 -181.702713 22.677921 71.000000 
24.892618 -181.728287 22.686420 67.000000 
24.732920 -181.762756 22.693687 69.000000 
24.894388 -181.713623 22.685671 69.000000 
24.729820 -181.749680 22.689785 69.000000 
24.542202 -181.793442 22.688492 77.000000 
24.896206 -181.698990 22.684956 66.000000 
24.726761 -181.736588 22.685905 66.000000 
24.552158 -181.774551 22.691925 87.000000 
24.552317 -181.759659 22.689802 83.000000 
25.042639 -181.646317 22.674942 62.000000 
24.549229 -181.746063 22.685839 85.000000 
24.357403 -181.786453 22.690180 89.000000 
25.036739 -181.635406 22.669279 64.000000 
24.542887 -181.733719 22.680021 83.000000 
24.355911 -181.771667 22.686991 78.000000 
24.546471 -181.717560 22.679873 76.000000 
24.351120 -181.758133 22.682028 78.000000 
24.561653 -181.697067 22.686365 66.000000 
24.348040 -181.743942 22.677994 81.000000 
24.158867 -181.779022 22.692255 69.000000 
25.047529 -181.590912 22.671446 64.000000 
24.560394 -181.682877 22.683475 61.000000 
24.346678 -181.729141 22.674891 86.000000 
24.154026 -181.764908 22.687243 73.000000 
25.044926 -181.578690 22.668003 64.000000 
24.357098 -181.710098 22.678175 86.000000 
24.156027 -181.748398 22.685726 70.000000 
24.362547 -181.692932 22.678785 71.000000 
24.158079 -181.731888 22.684248 73.000000 
24.349575 -181.682327 22.669418 78.000000 
24.165291 -181.713669 22.685425 73.000000 
23.917507 -181.764725 22.679075 74.000000 
24.353439 -181.665771 22.669188 70.000000 
24.164042 -181.698380 22.682285 70.000000 
23.919592 -181.747589 22.677366 106.000000 
24.563036 -181.608932 22.674246 60.000000 
24.159426 -181.684235 22.677425 66.000000 
23.930367 -181.727661 22.679873 106.000000 
24.156557 -181.669510 22.673468 66.000000 
23.932564 -181.710617 22.678255 108.000000 
23.692207 -181.753204 22.685692 109.000000 
23.940004 -181.691940 22.679193 111.000000 
23.694399 -181.735535 22.683819 120.000000 
23.940577 -181.675491 22.676821 70.000000 
23.691385 -181.719498 22.679588 121.000000 
23.932537 -181.661743 22.670275 81.000000 
23.690172 -181.702911 22.676189 122.000000 
23.690765 -181.685791 22.673630 124.000000 
23.422935 -181.730667 22.679453 121.000000 
24.363346 -181.556900 22.658556 68.000000 
23.698437 -181.666626 22.674324 122.000000 
23.414608 -181.715378 22.672842 122.000000 
23.775051 -181.649323 22.681150 105.000000 
23.470036 -181.703522 22.669758 125.000000 
23.981644 -181.604355 22.656599 63.000000 
23.477802 -181.683670 22.670099 125.000000 
23.989450 -181.585892 22.657827 79.000000 
23.483852 -181.664383 22.669722 126.000000 
23.495308 -181.643677 22.671707 121.000000 
24.006981 -181.548660 22.661285 68.000000 
23.751961 -181.588715 22.659487 109.000000 
23.485439 -181.628799 22.664488 121.000000 
23.768776 -181.567368 22.664520 115.000000 
23.481886 -181.594666 22.657085 68.000000 
23.495359 -181.573700 22.660036 120.000000 
23.499971 -181.555084 22.659157 120.000000 
23.495701 -181.538727 22.654425 63.000000 
27.055126 -181.911469 22.711857 81.000000 
27.054352 -181.900009 22.710730 90.000000 
27.043097 -181.895233 22.699583 101.000000 
27.050159 -181.878403 22.705906 91.000000 
26.938690 -181.916214 22.702343 85.000000 
27.059879 -181.859879 22.714758 91.000000 
26.932661 -181.907974 22.696293 78.000000 
27.052767 -181.852875 22.707554 94.000000 
26.934650 -181.894424 22.697493 75.000000 
27.050879 -181.842331 22.705322 91.000000 
26.939354 -181.879181 22.701149 71.000000 
27.042501 -181.836105 22.696892 91.000000 
26.941439 -181.865723 22.702427 70.000000 
26.822868 -181.905258 22.697592 76.000000 
27.047356 -181.821716 22.701099 85.000000 
26.938375 -181.856232 22.699064 70.000000 
26.829292 -181.889435 22.702368 83.000000 
27.049490 -181.808609 22.702682 80.000000 
26.931156 -181.848770 22.691898 73.000000 
26.824629 -181.879974 22.697561 81.000000 
27.043653 -181.800125 22.696625 80.000000 
26.938568 -181.831467 22.697956 73.000000 
26.818455 -181.870804 22.691406 89.000000 
26.717279 -181.895996 22.706512 60.000000 
27.040617 -181.790405 22.693254 74.000000 
26.936789 -181.820602 22.695707 71.000000 
26.820726 -181.857101 22.692556 89.000000 
26.711153 -181.887039 22.700531 66.000000 
27.038921 -181.779831 22.691156 80.000000 
26.936386 -181.808914 22.694700 62.000000 
26.823044 -181.843414 22.693745 87.000000 
26.702234 -181.879700 22.692255 76.000000 
27.041210 -181.766785 22.692856 60.000000 
26.933325 -181.798889 22.691275 60.000000 
26.825407 -181.829773 22.694971 84.000000 
26.696152 -181.870651 22.686293 76.000000 
26.587830 -181.897308 22.700512 83.000000 
26.930294 -181.788849 22.687868 65.000000 
26.823669 -181.818619 22.692656 78.000000 
26.701399 -181.855042 22.689604 81.000000 
26.575859 -181.891174 22.690050 82.000000 
26.932703 -181.775543 22.689394 61.000000 
26.810894 -181.813934 22.680809 64.000000 
26.703869 -181.841095 22.690641 81.000000 
26.572569 -181.880112 22.686333 84.000000 
26.814753 -181.799500 22.683311 70.000000 
26.703554 -181.828796 22.689394 79.000000 
26.575098 -181.865845 22.687141 75.000000 
26.449400 -181.899918 22.693216 79.000000 
26.820049 -181.784317 22.687052 70.000000 
26.703278 -181.816513 22.688173 79.000000 
26.580574 -181.850037 22.690247 75.000000 
26.449039 -181.886932 22.691622 79.000000 
26.828178 -181.767609 22.693241 64.000000 
26.697357 -181.807388 22.682318 69.000000 
26.580299 -181.837418 22.688875 84.000000 
26.456121 -181.870041 22.695532 82.000000 
26.697151 -181.795105 22.681147 81.000000 
26.574257 -181.827927 22.682999 81.000000 
26.460299 -181.854782 22.697298 85.000000 
26.708376 -181.776611 22.689367 70.000000 
26.568241 -181.818405 22.677139 87.000000 
26.457108 -181.843414 22.693613 75.000000 
26.316116 -181.881287 22.693769 74.000000 
26.705408 -181.765930 22.685925 67.000000 
26.453953 -181.832016 22.689947 85.000000 
26.323452 -181.864197 22.697432 68.000000 
26.583981 -181.784775 22.687098 65.000000 
26.449343 -181.821381 22.685204 79.000000 
26.320236 -181.852432 22.693680 68.000000 
27.030441 -181.658844 22.677265 68.000000 
26.578074 -181.775238 22.681313 67.000000 
26.453697 -181.806198 22.687107 75.000000 
26.317055 -181.840668 22.689949 68.000000 
26.177155 -181.874573 22.697001 82.000000 
27.029146 -181.648285 22.675453 83.000000 
26.578035 -181.762680 22.680115 67.000000 
26.461082 -181.789597 22.691267 69.000000 
26.312389 -181.829605 22.685169 65.000000 
26.173910 -181.862411 22.693176 78.000000 
26.458078 -181.778214 22.687712 69.000000 
26.316881 -181.814133 22.686848 72.000000 
26.169153 -181.850937 22.688337 76.000000 
26.022205 -181.881210 22.695732 66.000000 
26.449282 -181.770309 22.679911 67.000000 
26.323097 -181.798569 22.689823 70.000000 
26.159935 -181.842224 22.680593 71.000000 
26.014210 -181.870728 22.688835 86.000000 
26.446339 -181.758881 22.676392 65.000000 
26.315498 -181.788956 22.682972 63.000000 
26.167652 -181.824966 22.684107 73.000000 
26.012560 -181.857376 22.685965 78.000000 
26.314026 -181.776443 22.680447 66.000000 
26.175428 -181.807785 22.687670 79.000000 
26.015692 -181.841919 22.686134 77.000000 
26.584457 -181.697723 22.679342 63.000000 
26.309538 -181.765320 22.675785 61.000000 
26.169266 -181.796997 22.681890 76.000000 
26.028217 -181.821701 22.692198 78.000000 
25.847923 -181.866348 22.686771 74.000000 
26.575699 -181.688950 22.671228 77.000000 
26.312580 -181.750092 22.676380 65.000000 
26.162983 -181.785538 22.675943 61.000000 
26.025124 -181.809097 22.688425 78.000000 
25.852760 -181.849808 22.687700 68.000000 
26.018898 -181.797836 22.682657 86.000000 
25.856039 -181.834000 22.687702 67.000000 
26.164850 -181.757614 22.673914 62.000000 
26.012701 -181.786530 22.676905 63.000000 
25.856140 -181.819565 22.685795 69.000000 
25.670252 -181.863037 22.685097 68.000000 
26.016069 -181.771179 22.677258 61.000000 
25.853058 -181.806458 22.681967 69.000000 
25.671967 -181.847427 22.683929 77.000000 
26.581301 -181.636993 22.670900 62.000000 
25.850164 -181.793991 22.678352 73.000000 
25.672091 -181.832504 22.681860 76.000000 
25.847157 -181.780869 22.674576 64.000000 
25.675699 -181.816986 22.681902 83.000000 
25.493965 -181.853973 22.691332 77.000000 
25.854052 -181.764511 22.676901 65.000000 
25.669336 -181.804626 22.676130 83.000000 
25.480770 -181.843643 22.681883 75.000000 
25.672884 -181.788452 22.676046 90.000000 
25.477621 -181.829453 22.677876 81.000000 
26.309103 -181.647873 22.662142 62.000000 
25.689665 -181.767334 22.683582 75.000000 
25.471170 -181.816498 22.672079 78.000000 
25.295736 -181.847885 22.693272 73.000000 
26.308054 -181.635361 22.659918 68.000000 
25.686731 -181.753754 22.679800 73.000000 
25.476469 -181.799225 22.672670 86.000000 
25.292572 -181.833206 22.689190 73.000000 
25.673933 -181.743820 22.670341 72.000000 
25.488522 -181.779587 22.676952 78.000000 
25.286057 -181.819702 22.683393 73.000000 
25.677536 -181.727066 22.670225 61.000000 
25.488762 -181.763519 22.674709 68.000000 
25.286222 -181.803070 22.680912 73.000000 
25.489197 -181.748169 22.672695 71.000000 
25.296795 -181.783661 22.683918 73.000000 
25.054211 -181.832748 22.679333 103.000000 
25.482965 -181.735168 22.667049 67.000000 
25.295519 -181.768387 22.680843 77.000000 
25.054543 -181.816223 22.676870 108.000000 
25.490210 -181.717514 22.668770 66.000000 
25.294289 -181.753113 22.677799 61.000000 
25.070461 -181.794617 22.681993 116.000000 
25.291397 -181.738403 22.673908 66.000000 
25.074362 -181.777054 22.681301 116.000000 
24.830782 -181.821335 22.686390 107.000000 
25.295376 -181.721451 22.673574 68.000000 
25.066217 -181.763382 22.674755 117.000000 
24.820698 -181.807510 22.678993 111.000000 
25.480289 -181.675491 22.656675 68.000000 
25.065029 -181.747467 22.671608 86.000000 
24.824659 -181.789307 22.678038 121.000000 
25.069082 -181.729950 22.671028 102.000000 
24.818165 -181.774323 22.672298 123.000000 
25.075062 -181.712692 22.671535 105.000000 
24.817118 -181.758530 22.669207 125.000000 
24.553083 -181.803818 22.676371 119.000000 
24.891926 -181.741409 22.674925 122.000000 
24.603176 -181.793320 22.670670 122.000000 
24.897858 -181.722839 22.674957 121.000000 
24.600185 -181.776489 22.666445 125.000000 
25.109617 -181.675781 22.653240 69.000000 
24.903849 -181.704315 22.675034 120.000000 
24.606131 -181.757126 22.666103 125.000000 
24.608580 -181.738815 22.664270 126.000000 
24.625320 -181.716644 22.668665 121.000000 
24.879923 -181.660690 22.655960 106.000000 
24.613644 -181.702240 22.660727 123.000000 
24.898445 -181.638855 22.661915 115.000000 
24.610914 -181.685410 22.656689 108.000000 
24.902945 -181.620941 22.661383 61.000000 
24.619873 -181.648026 22.654951 108.000000 
24.880346 -181.593491 22.645643 120.000000 
24.619083 -181.630753 22.651806 120.000000 
24.621918 -181.612579 22.650263 106.000000 
24.617659 -181.596191 22.645624 120.000000 
24.618811 -181.578476 22.643372 121.000000 
28.195200 -181.952774 22.715578 60.000000 
28.191849 -181.943161 22.712088 89.000000 
28.194979 -181.929092 22.714821 94.000000 
28.202038 -181.912399 22.721327 88.000000 
28.082029 -181.956650 22.708214 64.000000 
28.201389 -181.901077 22.720411 91.000000 
28.085308 -181.942322 22.710741 73.000000 
28.195587 -181.893234 22.714527 88.000000 
28.097942 -181.921951 22.721813 68.000000 
28.189808 -181.885345 22.708654 85.000000 
28.088018 -181.916397 22.712265 73.000000 
28.187792 -181.874374 22.706381 94.000000 
28.083275 -181.906845 22.707420 70.000000 
27.978828 -181.938065 22.713593 86.000000 
28.195093 -181.857910 22.713083 94.000000 
28.077385 -181.898605 22.701542 68.000000 
27.975521 -181.927841 22.710060 84.000000 
28.188095 -181.850830 22.706011 67.000000 
28.079544 -181.885254 22.703014 70.000000 
27.969503 -181.919281 22.704166 87.000000 
28.181114 -181.843704 22.698944 74.000000 
28.087105 -181.868591 22.709427 71.000000 
27.968994 -181.907333 22.703053 78.000000 
27.857197 -181.939590 22.707973 72.000000 
28.175457 -181.835693 22.693144 74.000000 
28.081310 -181.860321 22.703613 71.000000 
27.972643 -181.892914 22.705547 74.000000 
27.853886 -181.929001 22.704399 83.000000 
28.175068 -181.824326 22.692408 71.000000 
28.071508 -181.854492 22.694118 60.000000 
27.970839 -181.881821 22.703299 81.000000 
27.842169 -181.923325 22.693874 81.000000 
28.072632 -181.842529 22.694647 61.000000 
27.967852 -181.872070 22.700047 81.000000 
27.850336 -181.906693 22.699810 81.000000 
27.734037 -181.938644 22.706238 76.000000 
28.080378 -181.826035 22.701210 61.000000 
27.967491 -181.860168 22.699043 78.000000 
27.855581 -181.891220 22.703293 83.000000 
27.727850 -181.929321 22.700363 82.000000 
28.077391 -181.816071 22.697935 60.000000 
27.963028 -181.850677 22.694462 72.000000 
27.855234 -181.879013 22.702148 81.000000 
27.730341 -181.915161 22.701296 78.000000 
28.077135 -181.804489 22.697155 60.000000 
27.959972 -181.840378 22.691099 72.000000 
27.849270 -181.870010 22.696354 81.000000 
27.732878 -181.901047 22.702265 78.000000 
27.603477 -181.937881 22.703857 84.000000 
27.967876 -181.823196 22.697241 74.000000 
27.846004 -181.858856 22.692745 74.000000 
27.729521 -181.889542 22.698551 78.000000 
27.602961 -181.924438 22.702223 90.000000 
27.964899 -181.812912 22.693935 74.000000 
27.848598 -181.845078 22.694023 69.000000 
27.729250 -181.877029 22.697311 78.000000 
27.611515 -181.906921 22.707417 82.000000 
27.854078 -181.829788 22.697691 72.000000 
27.723223 -181.867599 22.691538 81.000000 
27.602383 -181.898712 22.699408 79.000000 
27.470943 -181.932755 22.705250 60.000000 
27.851082 -181.819168 22.694334 74.000000 
27.724476 -181.854309 22.691492 72.000000 
27.600672 -181.886627 22.696938 72.000000 
27.467653 -181.921066 22.701563 68.000000 
27.848118 -181.808548 22.691000 72.000000 
27.725773 -181.841034 22.691479 66.000000 
27.598999 -181.874542 22.694494 69.000000 
27.465910 -181.908615 22.698971 61.000000 
27.730022 -181.826279 22.693792 72.000000 
27.598846 -181.861710 22.693188 79.000000 
27.461180 -181.897659 22.694256 66.000000 
27.326347 -181.930130 22.703753 76.000000 
27.725729 -181.816605 22.689425 68.000000 
27.606319 -181.845718 22.697647 75.000000 
27.459667 -181.885773 22.691893 65.000000 
27.326317 -181.917175 22.702288 73.000000 
27.715483 -181.809326 22.680300 62.000000 
27.600304 -181.835876 22.691950 75.000000 
27.465614 -181.869629 22.694765 65.000000 
27.313808 -181.909439 22.692337 71.000000 
27.592825 -181.826736 22.685150 79.000000 
27.464027 -181.857178 22.692284 68.000000 
27.313683 -181.895844 22.690731 68.000000 
27.171684 -181.923828 22.700127 73.000000 
27.592825 -181.813904 22.683952 79.000000 
27.463997 -181.844009 22.690910 68.000000 
27.316694 -181.880829 22.691248 71.000000 
27.171574 -181.909866 22.698376 74.000000 
28.061655 -181.685867 22.676523 64.000000 
27.598837 -181.798218 22.687267 79.000000 
27.462486 -181.831573 22.688482 65.000000 
27.325953 -181.863007 22.695992 76.000000 
27.171509 -181.895920 22.696657 69.000000 
27.454920 -181.821945 22.681740 68.000000 
27.322866 -181.850891 22.692398 71.000000 
27.180956 -181.877808 22.701044 69.000000 
27.002895 -181.922729 22.695637 65.000000 
27.458052 -181.807373 22.682621 66.000000 
27.310497 -181.842941 22.682522 67.000000 
27.180986 -181.863907 22.699400 67.000000 
27.012491 -181.904236 22.699623 62.000000 
27.468864 -181.789352 22.688990 65.000000 
27.313688 -181.828003 22.683174 71.000000 
27.174578 -181.852142 22.693544 67.000000 
27.017168 -181.887207 22.700546 65.000000 
27.316780 -181.812485 22.683689 79.000000 
27.010792 -181.875580 22.694843 69.000000 
27.323185 -181.796265 22.686533 82.000000 
27.011049 -181.861893 22.693270 73.000000 
26.833897 -181.902588 22.696060 72.000000 
27.323553 -181.783401 22.685362 65.000000 
27.183125 -181.807785 22.694166 64.000000 
27.001516 -181.851517 22.685642 71.000000 
26.830698 -181.889069 22.692226 73.000000 
27.004923 -181.835861 22.685907 71.000000 
26.824263 -181.876846 22.686527 75.000000 
27.585588 -181.702972 22.667696 66.000000 
27.464029 -181.726639 22.678814 62.000000 
27.170942 -181.785339 22.683031 61.000000 
27.011612 -181.818954 22.688185 64.000000 
26.821140 -181.863297 22.682741 73.000000 
26.644766 -181.898926 22.693949 82.000000 
27.008652 -181.805923 22.684578 63.000000 
26.827913 -181.845932 22.684683 75.000000 
26.629911 -181.889267 22.683683 85.000000 
27.005732 -181.792892 22.680996 64.000000 
26.838030 -181.827377 22.688576 76.000000 
26.628426 -181.874542 22.680723 86.000000 
27.319016 -181.718735 22.674829 60.000000 
26.836693 -181.813248 22.685848 66.000000 
26.626984 -181.859802 22.677795 89.000000 
27.175669 -181.728699 22.679548 60.000000 
26.830460 -181.800949 22.680286 66.000000 
26.637283 -181.840820 22.681309 92.000000 
26.436832 -181.880737 22.687574 61.000000 
27.460144 -181.663956 22.669317 62.000000 
26.824114 -181.787933 22.674559 65.000000 
26.635788 -181.825424 22.678267 86.000000 
26.436939 -181.864166 22.685217 75.000000 
26.637838 -181.809540 22.677282 67.000000 
26.442343 -181.846573 22.685732 77.000000 
26.217583 -181.891846 22.688877 76.000000 
26.631561 -181.796616 22.671730 71.000000 
26.442705 -181.830780 22.683647 77.000000 
26.202374 -181.880585 22.678974 110.000000 
26.638733 -181.779007 22.673582 68.000000 
26.438017 -181.816711 22.678947 75.000000 
26.223360 -181.857315 22.686785 116.000000 
26.228916 -181.839264 22.687069 114.000000 
25.984137 -181.885437 22.690313 107.000000 
26.442383 -181.784012 22.676720 66.000000 
26.224178 -181.824570 22.682320 115.000000 
25.972260 -181.872253 22.682209 120.000000 
27.007263 -181.665771 22.665998 65.000000 
26.460117 -181.763443 22.683844 60.000000 
26.221355 -181.810074 22.678637 116.000000 
25.971058 -181.856537 22.679165 123.000000 
27.001482 -181.653824 22.660683 68.000000 
26.687777 -181.726883 22.661478 66.000000 
26.283766 -181.797119 22.679338 73.000000 
26.038719 -181.841446 22.681925 124.000000 
26.698557 -181.708359 22.665398 66.000000 
26.286066 -181.780258 22.678087 81.000000 
26.033958 -181.826035 22.677137 124.000000 
25.768618 -181.872650 22.682140 121.000000 
26.702662 -181.692078 22.665636 64.000000 
26.281498 -181.765533 22.673462 74.000000 
26.039749 -181.807449 22.677256 126.000000 
25.751345 -181.860062 22.671846 126.000000 
26.057865 -181.785309 22.683117 121.000000 
25.753605 -181.841751 22.670059 126.000000 
26.058521 -181.768402 22.680891 120.000000 
25.766565 -181.820450 22.672960 129.000000 
26.509153 -181.677994 22.667013 61.000000 
26.278450 -181.718124 22.664894 61.000000 
26.041677 -181.756531 22.670532 113.000000 
25.781372 -181.798767 22.676701 129.000000 
25.782040 -181.781097 22.674284 124.000000 
25.772091 -181.766327 22.667231 123.000000 
26.059891 -181.701355 22.671545 103.000000 
25.772856 -181.748657 22.664881 124.000000 
25.786161 -181.692932 22.662779 102.000000 
25.795767 -181.621323 22.656649 108.000000 
29.327717 -181.973038 22.719744 63.000000 
29.323105 -181.964325 22.715128 78.000000 
29.310602 -181.960358 22.702856 77.000000 
29.312500 -181.947205 22.704521 83.000000 
29.210779 -181.979004 22.708273 85.000000 
29.314444 -181.934097 22.706224 71.000000 
29.215420 -181.963898 22.712191 65.000000 
29.319029 -181.919312 22.710476 71.000000 
29.209467 -181.955688 22.706362 61.000000 
29.310661 -181.913071 22.702177 74.000000 
29.211533 -181.942337 22.707899 63.000000 
29.097715 -181.979721 22.705381 61.000000 
29.310123 -181.901718 22.701450 86.000000 
29.213644 -181.929031 22.709473 65.000000 
29.094381 -181.969452 22.701935 76.000000 
29.309774 -181.890854 22.700909 83.000000 
29.210611 -181.919586 22.706327 61.000000 
29.096716 -181.956345 22.703461 71.000000 
29.304081 -181.882843 22.695171 65.000000 
29.207447 -181.909637 22.703033 61.000000 
29.098932 -181.942749 22.704851 76.000000 
29.311340 -181.866043 22.701963 77.000000 
29.206837 -181.897537 22.702065 63.000000 
29.098288 -181.930328 22.703711 76.000000 
28.982460 -181.964981 22.704580 64.000000 
29.308329 -181.856384 22.698807 74.000000 
29.209108 -181.884293 22.703760 65.000000 
29.090971 -181.922501 22.696754 78.000000 
28.983385 -181.951935 22.704630 72.000000 
29.211426 -181.871094 22.705490 60.000000 
29.089178 -181.911392 22.694626 74.000000 
28.977316 -181.942947 22.698866 76.000000 
28.861160 -181.975159 22.704971 76.000000 
29.208399 -181.861145 22.702295 61.000000 
29.090178 -181.898666 22.694931 84.000000 
28.974089 -181.932327 22.695456 76.000000 
28.863600 -181.961029 22.706009 88.000000 
29.200006 -181.854385 22.694147 61.000000 
29.099501 -181.881180 22.702518 71.000000 
28.973717 -181.920105 22.694414 76.000000 
28.861761 -181.949295 22.703667 84.000000 
29.090918 -181.874069 22.694429 72.000000 
28.970556 -181.909454 22.691050 79.000000 
28.855629 -181.939926 22.697929 78.000000 
28.743959 -181.967606 22.712526 79.000000 
29.087887 -181.863754 22.691191 76.000000 
28.973085 -181.895676 22.692415 79.000000 
28.846630 -181.932068 22.689920 81.000000 
28.731812 -181.960999 22.702360 85.000000 
29.082113 -181.854996 22.685545 74.000000 
28.978497 -181.880371 22.696178 67.000000 
28.852119 -181.916428 22.693359 81.000000 
28.727057 -181.950439 22.697731 79.000000 
28.975449 -181.869751 22.692896 72.000000 
28.859112 -181.900070 22.697992 72.000000 
28.723810 -181.939117 22.694233 82.000000 
28.966747 -181.862152 22.684896 67.000000 
28.860361 -181.886841 22.698078 78.000000 
28.726517 -181.924728 22.695206 79.000000 
28.601162 -181.955673 22.704916 62.000000 
28.969444 -181.848450 22.686390 65.000000 
28.851482 -181.878891 22.690145 66.000000 
28.730755 -181.909637 22.697330 85.000000 
28.590345 -181.947723 22.695980 72.000000 
28.851349 -181.866394 22.689133 64.000000 
28.727623 -181.898315 22.693914 85.000000 
28.596182 -181.931564 22.698925 70.000000 
28.720068 -181.889175 22.687166 82.000000 
28.599045 -181.916931 22.699753 72.000000 
28.450634 -181.955948 22.699093 67.000000 
28.864323 -181.834839 22.697598 63.000000 
28.722948 -181.874878 22.688269 65.000000 
28.595892 -181.905228 22.696281 72.000000 
28.448915 -181.943115 22.696547 73.000000 
28.718430 -181.864243 22.683798 72.000000 
28.591257 -181.894241 22.691750 79.000000 
28.450329 -181.928833 22.696127 78.000000 
28.310200 -181.956467 22.706034 73.000000 
28.727356 -181.847107 22.689461 72.000000 
28.589691 -181.881790 22.689411 86.000000 
28.448690 -181.916000 22.693638 79.000000 
28.316383 -181.939758 22.708481 69.000000 
28.598812 -181.864395 22.694725 66.000000 
28.448641 -181.902466 22.692230 85.000000 
28.310013 -181.928665 22.702850 72.000000 
28.592764 -181.854080 22.689178 68.000000 
28.439331 -181.893112 22.684528 85.000000 
28.306828 -181.916153 22.699272 72.000000 
28.156157 -181.949692 22.710140 62.000000 
28.595892 -181.839569 22.690205 68.000000 
28.448669 -181.875412 22.689508 82.000000 
28.306839 -181.902267 22.697754 72.000000 
28.143438 -181.941467 22.700771 65.000000 
28.451855 -181.860535 22.690310 68.000000 
28.307047 -181.889008 22.696445 67.000000 
28.143433 -181.927139 22.699081 68.000000 
28.452126 -181.847656 22.689198 76.000000 
28.313475 -181.872452 22.699080 69.000000 
28.133976 -181.917465 22.691700 76.000000 
27.976412 -181.950394 22.705622 81.000000 
28.449173 -181.835526 22.685823 68.000000 
28.137112 -181.901138 22.691856 80.000000 
27.969894 -181.938248 22.700005 81.000000 
28.309048 -181.846771 22.693201 64.000000 
28.143837 -181.884857 22.694387 78.000000 
27.963409 -181.926056 22.694407 83.000000 
28.296425 -181.837509 22.683449 61.000000 
28.146931 -181.867981 22.694454 76.000000 
27.966635 -181.909317 22.694351 78.000000 
27.770760 -181.953476 22.694059 82.000000 
28.140841 -181.856918 22.689140 63.000000 
27.976631 -181.890747 22.698332 78.000000 
27.760849 -181.941925 22.686615 89.000000 
28.137714 -181.843246 22.685482 64.000000 
27.973557 -181.877289 22.694731 87.000000 
27.767632 -181.924103 22.688337 83.000000 
28.141397 -181.828369 22.686176 61.000000 
27.968878 -181.864426 22.690199 65.000000 
27.777809 -181.905106 22.691944 83.000000 
27.959301 -181.853378 22.682816 66.000000 
27.774696 -181.891068 22.688255 83.000000 
27.571367 -181.933868 22.692581 67.000000 
27.962923 -181.837402 22.683123 65.000000 
27.763271 -181.880020 22.679991 89.000000 
27.578339 -181.915665 22.694056 77.000000 
27.760233 -181.865906 22.676346 71.000000 
27.580282 -181.899292 22.692934 75.000000 
27.350580 -181.946655 22.692982 79.000000 
27.770624 -181.847076 22.680122 67.000000 
27.573793 -181.885864 22.687429 75.000000 
27.345633 -181.931976 22.688238 106.000000 
28.441917 -181.704910 22.667257 62.000000 
27.777874 -181.830200 22.682278 67.000000 
27.570889 -181.871964 22.683901 73.000000 
27.361530 -181.911194 22.693857 79.000000 
27.778330 -181.815002 22.680593 67.000000 
27.578072 -181.853897 22.685541 61.000000 
27.342905 -181.901047 22.682409 106.000000 
27.122602 -181.940552 22.697147 102.000000 
27.635103 -181.841614 22.683905 73.000000 
27.408485 -181.885406 22.684774 108.000000 
27.162067 -181.932724 22.686968 120.000000 
27.640686 -181.824203 22.684746 70.000000 
27.412333 -181.867950 22.684408 105.000000 
27.164122 -181.915131 22.685461 124.000000 
27.426739 -181.848007 22.689383 70.000000 
27.161144 -181.899979 22.681757 126.000000 
27.413431 -181.836029 22.680574 104.000000 
27.165049 -181.881882 22.681139 123.000000 
26.887764 -181.934250 22.680752 121.000000 
27.410524 -181.820770 22.676910 74.000000 
27.177759 -181.861191 22.684635 125.000000 
26.881041 -181.918533 22.675188 126.000000 
27.185286 -181.842163 22.685743 120.000000 
26.888531 -181.898682 22.675846 127.000000 
27.173597 -181.828827 22.677912 113.000000 
26.903175 -181.876877 22.679659 129.000000 
27.165453 -181.814392 22.671732 117.000000 
26.900152 -181.860153 22.675760 128.000000 
26.902504 -181.841949 22.674232 127.000000 
27.405319 -181.741760 22.663343 72.000000 
26.899584 -181.825241 22.670403 124.000000 
27.174494 -181.760757 22.668795 62.000000 
26.909010 -181.804306 22.671894 122.000000 
27.406912 -181.708405 22.659708 63.000000 
27.170046 -181.745285 22.664385 111.000000 
27.171051 -181.729156 22.662659 113.000000 
27.179012 -181.710373 22.664104 113.000000 
26.899069 -181.755432 22.660135 118.000000 
27.188795 -181.691208 22.666428 107.000000 
26.896399 -181.738678 22.656481 120.000000 
26.912607 -181.699844 22.658758 68.000000 
30.447525 -181.983810 22.699802 78.000000 
30.447142 -181.973389 22.699379 90.000000 
30.451632 -181.958588 22.703705 90.000000 
30.447115 -181.949799 22.699221 83.000000 
30.341589 -181.983948 22.698475 78.000000 
30.443920 -181.940155 22.696018 80.000000 
30.347599 -181.968079 22.703812 63.000000 
30.438156 -181.932159 22.690296 86.000000 
30.347012 -181.956467 22.703016 68.000000 
30.442816 -181.917465 22.694752 86.000000 
30.343796 -181.946533 22.699772 65.000000 
30.235540 -181.980301 22.701248 71.000000 
30.447218 -181.901855 22.698940 83.000000 
30.340294 -181.935593 22.696226 68.000000 
30.229198 -181.970673 22.695183 73.000000 
30.441549 -181.893845 22.693283 83.000000 
30.342487 -181.922363 22.697992 68.000000 
30.227314 -181.959564 22.693087 70.000000 
30.433592 -181.888382 22.685392 74.000000 
30.345036 -181.910141 22.700108 68.000000 
30.224415 -181.950302 22.690132 70.000000 
30.116976 -181.980133 22.697598 64.000000 
30.430574 -181.878662 22.682310 74.000000 
30.339272 -181.901810 22.694466 65.000000 
30.225338 -181.937576 22.690504 73.000000 
30.109488 -181.971954 22.690714 69.000000 
30.230427 -181.922485 22.694548 80.000000 
30.109043 -181.959732 22.689732 79.000000 
30.327806 -181.885040 22.683216 60.000000 
30.220430 -181.916168 22.685263 84.000000 
30.108637 -181.947510 22.688780 83.000000 
29.992542 -181.979492 22.694143 76.000000 
30.222692 -181.902176 22.686777 84.000000 
30.116570 -181.930069 22.694790 81.000000 
29.987663 -181.968781 22.689442 77.000000 
30.425224 -181.835220 22.676453 61.000000 
30.212736 -181.895767 22.677513 74.000000 
30.112020 -181.920242 22.690353 91.000000 
29.988743 -181.955475 22.689526 75.000000 
29.860996 -181.991806 22.691301 72.000000 
30.220907 -181.879730 22.684284 74.000000 
30.107655 -181.910919 22.686094 81.000000 
29.991468 -181.941971 22.690960 78.000000 
29.853432 -181.983337 22.684681 79.000000 
30.423624 -181.813858 22.674538 74.000000 
30.226219 -181.864792 22.688503 66.000000 
30.105988 -181.899506 22.684067 91.000000 
29.994080 -181.927963 22.692265 84.000000 
29.856047 -181.968918 22.685719 85.000000 
30.101524 -181.889618 22.679682 70.000000 
29.988056 -181.918518 22.686672 81.000000 
29.861662 -181.953049 22.689035 85.000000 
30.109854 -181.872925 22.686049 74.000000 
29.982058 -181.909027 22.681093 84.000000 
29.856983 -181.942459 22.684546 92.000000 
29.727160 -181.975769 22.690456 60.000000 
29.990587 -181.892075 22.687122 81.000000 
29.855295 -181.930359 22.682322 89.000000 
29.726913 -181.962570 22.689180 68.000000 
29.990465 -181.879623 22.686234 66.000000 
29.852161 -181.918991 22.678999 89.000000 
29.723686 -181.950851 22.685757 70.000000 
29.586060 -181.985245 22.692148 63.000000 
29.987474 -181.868652 22.683050 66.000000 
29.859446 -181.902512 22.683586 96.000000 
29.720495 -181.939117 22.682358 70.000000 
29.588930 -181.970261 22.692854 65.000000 
29.863817 -181.887558 22.685965 72.000000 
29.720366 -181.925934 22.681164 68.000000 
29.587223 -181.957443 22.690434 68.000000 
29.857681 -181.877075 22.680305 72.000000 
29.718607 -181.912888 22.678740 79.000000 
29.576134 -181.948257 22.681524 73.000000 
29.439112 -181.974594 22.693039 69.000000 
29.735252 -181.891968 22.689667 86.000000 
29.576042 -181.934692 22.680206 79.000000 
29.437424 -181.961380 22.690536 67.000000 
29.729187 -181.881668 22.684191 66.000000 
29.582180 -181.918365 22.683165 85.000000 
29.434202 -181.948837 22.687037 69.000000 
29.720108 -181.872711 22.676531 70.000000 
29.582180 -181.904846 22.681917 91.000000 
29.440475 -181.932205 22.689716 69.000000 
29.270670 -181.973984 22.688040 62.000000 
29.718664 -181.860260 22.674389 65.000000 
29.579119 -181.892700 22.678570 88.000000 
29.440493 -181.918320 22.688332 69.000000 
29.262600 -181.962982 22.681501 62.000000 
30.105804 -181.753677 22.676035 60.000000 
29.576096 -181.880554 22.675249 70.000000 
29.443865 -181.903748 22.689207 74.000000 
29.265961 -181.947937 22.682093 62.000000 
30.098991 -181.745575 22.669641 62.000000 
29.570147 -181.870316 22.669977 70.000000 
29.434483 -181.893860 22.681702 69.000000 
29.270815 -181.931610 22.683538 65.000000 
29.087427 -181.975800 22.681591 73.000000 
29.267525 -181.917938 22.679880 65.000000 
29.084005 -181.961578 22.677786 75.000000 
29.433067 -181.866150 22.677935 61.000000 
29.270872 -181.902313 22.680408 71.000000 
29.100418 -181.940353 22.685682 78.000000 
29.258301 -181.893753 22.671165 67.000000 
29.094141 -181.928787 22.680393 72.000000 
28.908253 -181.969254 22.684919 71.000000 
29.091015 -181.915253 22.676867 76.000000 
28.895033 -181.958923 22.675732 89.000000 
29.273287 -181.859467 22.677387 60.000000 
29.091209 -181.900467 22.675291 83.000000 
28.893488 -181.944199 22.673014 81.000000 
29.089808 -181.886307 22.672785 65.000000 
28.896986 -181.927658 22.673101 81.000000 
28.715477 -181.962555 22.688393 63.000000 
29.103237 -181.866684 22.679005 65.000000 
28.888865 -181.915344 22.666744 86.000000 
28.702108 -181.951538 22.679373 69.000000 
28.895796 -181.897644 22.668758 83.000000 
28.702305 -181.935715 22.677471 73.000000 
28.476231 -181.983337 22.678978 61.000000 
28.961250 -181.882385 22.671949 71.000000 
28.752590 -181.925293 22.672245 75.000000 
28.534941 -181.969498 22.677929 107.000000 
28.958261 -181.868301 22.668470 78.000000 
28.757956 -181.907745 22.673082 77.000000 
28.531704 -181.954224 22.674160 108.000000 
28.955315 -181.854202 22.665020 68.000000 
28.766769 -181.889099 22.675753 73.000000 
28.535387 -181.936661 22.673832 111.000000 
28.767159 -181.873337 22.674000 66.000000 
28.532246 -181.921371 22.670130 117.000000 
28.299824 -181.965042 22.678349 115.000000 
28.760796 -181.859818 22.668694 66.000000 
28.544643 -181.901108 22.674164 116.000000 
28.289627 -181.951263 22.671263 124.000000 
28.541603 -181.885849 22.670538 115.000000 
28.302147 -181.930435 22.674818 124.000000 
28.541904 -181.868729 22.668478 84.000000 
28.305853 -181.911560 22.674152 124.000000 
28.042973 -181.960541 22.678993 121.000000 
28.525152 -181.857697 22.658026 106.000000 
28.306276 -181.894562 22.672079 125.000000 
28.027391 -181.947495 22.669657 124.000000 
28.303556 -181.880219 22.668766 123.000000 
28.036917 -181.928848 22.671642 126.000000 
28.304075 -181.863235 22.666761 122.000000 
28.028490 -181.913651 22.665476 126.000000 
28.313110 -181.842148 22.668558 117.000000 
28.028656 -181.894226 22.662872 129.000000 
28.960823 -181.716644 22.652107 71.000000 
28.032730 -181.875519 22.662258 127.000000 
28.042477 -181.857056 22.664417 123.000000 
28.046665 -181.838425 22.663895 121.000000 
28.548462 -181.723587 22.653530 60.000000 
28.031961 -181.772461 22.647959 104.000000 
28.032286 -181.702728 22.638922 64.000000 
31.579189 -181.987823 22.708572 78.000000 
31.577364 -181.977814 22.706789 86.000000 
31.571526 -181.969879 22.701071 80.000000 
31.568136 -181.959732 22.697741 86.000000 
31.470537 -181.988785 22.704348 73.000000 
31.566235 -181.949219 22.695856 90.000000 
31.467255 -181.978851 22.701113 78.000000 
31.569565 -181.935364 22.699085 83.000000 
31.460007 -181.971375 22.694178 73.000000 
31.567738 -181.924866 22.697256 90.000000 
31.460779 -181.958908 22.694696 71.000000 
31.348293 -181.995117 22.692604 76.000000 
31.560726 -181.917648 22.690344 97.000000 
31.462927 -181.945648 22.696487 75.000000 
31.349100 -181.982361 22.692949 80.000000 
31.558956 -181.907120 22.688551 101.000000 
31.459770 -181.935669 22.693336 79.000000 
31.349949 -181.969604 22.693325 81.000000 
31.562599 -181.893845 22.692055 67.000000 
31.459476 -181.924561 22.692854 75.000000 
31.352369 -181.956589 22.695108 78.000000 
31.233841 -181.992889 22.692951 64.000000 
31.453697 -181.916153 22.687246 79.000000 
31.349182 -181.946304 22.691906 81.000000 
31.229147 -181.983047 22.688465 75.000000 
31.453161 -181.904053 22.686499 71.000000 
31.348618 -181.933884 22.690998 84.000000 
31.234163 -181.967117 22.692104 83.000000 
31.460890 -181.887711 22.693449 61.000000 
31.342741 -181.925140 22.685404 84.000000 
31.233763 -181.954910 22.691219 83.000000 
31.116287 -181.987686 22.695295 82.000000 
31.345163 -181.911682 22.687143 89.000000 
31.227760 -181.945816 22.685617 81.000000 
31.117334 -181.974396 22.695421 82.000000 
31.349010 -181.897476 22.690142 72.000000 
31.221781 -181.936691 22.680029 83.000000 
31.114096 -181.963425 22.692123 87.000000 
30.986408 -181.999771 22.693750 69.000000 
31.348759 -181.885620 22.689507 72.000000 
31.224312 -181.922943 22.681593 88.000000 
31.105114 -181.955505 22.684229 81.000000 
30.990467 -181.984634 22.695959 74.000000 
31.236799 -181.903900 22.691532 91.000000 
31.104826 -181.942963 22.683277 93.000000 
30.987202 -181.973312 22.692608 82.000000 
31.223837 -181.898544 22.680052 65.000000 
31.107473 -181.928940 22.684671 90.000000 
30.982491 -181.962708 22.688156 85.000000 
31.332952 -181.858368 22.674236 64.000000 
31.118866 -181.910507 22.693062 90.000000 
30.976330 -181.952835 22.682598 85.000000 
30.852480 -181.983185 22.692867 60.000000 
31.339924 -181.843307 22.679998 60.000000 
31.115961 -181.900085 22.690050 90.000000 
30.979240 -181.939072 22.683973 89.000000 
30.849382 -181.972061 22.689651 70.000000 
30.982038 -181.924789 22.685221 99.000000 
30.846153 -181.960312 22.686289 70.000000 
30.713146 -181.992569 22.695784 75.000000 
31.233469 -181.845322 22.685867 61.000000 
30.981913 -181.911972 22.684246 99.000000 
30.847500 -181.946411 22.686228 72.000000 
30.705236 -181.982605 22.689177 73.000000 
30.983315 -181.898453 22.684433 73.000000 
30.854948 -181.929688 22.690580 75.000000 
30.695808 -181.973297 22.681524 82.000000 
30.977322 -181.888504 22.678988 65.000000 
30.848808 -181.919373 22.685112 79.000000 
30.701845 -181.956894 22.684477 82.000000 
30.553885 -181.988174 22.688747 78.000000 
30.850285 -181.905533 22.685150 89.000000 
30.704847 -181.941956 22.685352 85.000000 
30.563042 -181.969467 22.693298 74.000000 
30.847095 -181.893204 22.681761 63.000000 
30.704645 -181.927811 22.683973 85.000000 
30.566122 -181.954193 22.693972 72.000000 
30.980253 -181.848206 22.678522 60.000000 
30.695347 -181.918381 22.676403 88.000000 
30.566101 -181.940323 22.692629 74.000000 
30.397945 -181.981430 22.691795 62.000000 
30.695377 -181.904831 22.675241 76.000000 
30.562962 -181.927780 22.689257 74.000000 
30.399508 -181.966415 22.691273 65.000000 
30.695452 -181.891281 22.674112 67.000000 
30.556700 -181.916550 22.683847 86.000000 
30.393084 -181.954727 22.685820 71.000000 
30.221182 -181.994812 22.690691 60.000000 
30.561543 -181.900696 22.685686 86.000000 
30.386692 -181.942993 22.680386 73.000000 
30.227692 -181.977417 22.692858 79.000000 
30.564854 -181.885544 22.686533 70.000000 
30.386768 -181.928635 22.678955 78.000000 
30.226086 -181.963287 22.690281 76.000000 
30.972219 -181.788498 22.667936 69.000000 
30.383669 -181.915558 22.675560 83.000000 
30.213064 -181.953568 22.681019 76.000000 
30.396887 -181.896805 22.682360 69.000000 
30.206776 -181.941940 22.675783 85.000000 
30.022404 -181.981766 22.681417 85.000000 
30.394026 -181.884430 22.679199 61.000000 
30.223312 -181.920914 22.683868 78.000000 
30.019154 -181.967667 22.677824 81.000000 
30.226646 -181.904251 22.684135 85.000000 
30.014120 -181.953461 22.673155 83.000000 
30.272100 -181.896088 22.676336 63.000000 
30.079342 -181.937515 22.676533 89.000000 
29.882853 -181.978653 22.683928 69.000000 
30.084558 -181.920425 22.677673 99.000000 
29.881302 -181.963409 22.681181 77.000000 
30.089832 -181.903381 22.678858 92.000000 
29.881491 -181.947586 22.679356 81.000000 
29.663853 -181.991653 22.684891 79.000000 
30.086954 -181.890015 22.675598 71.000000 
29.893745 -181.928452 22.683987 87.000000 
29.641850 -181.983444 22.671993 110.000000 
30.080622 -181.877075 22.670328 67.000000 
29.894037 -181.912689 22.682241 96.000000 
29.660936 -181.960724 22.679375 114.000000 
29.892529 -181.896759 22.679464 64.000000 
29.671349 -181.940201 22.682375 114.000000 
29.418327 -181.991180 22.680628 109.000000 
29.891220 -181.881577 22.676893 61.000000 
29.668217 -181.924942 22.678762 117.000000 
29.409824 -181.976837 22.674404 123.000000 
29.663561 -181.910980 22.674501 120.000000 
29.429424 -181.954605 22.681456 123.000000 
29.662239 -181.895142 22.671806 79.000000 
29.417528 -181.941330 22.673662 123.000000 
29.152868 -181.991577 22.678219 111.000000 
29.659239 -181.879837 22.668283 104.000000 
29.423130 -181.922699 22.674082 125.000000 
29.144295 -181.976395 22.672035 123.000000 
29.414808 -181.908279 22.667978 126.000000 
29.148138 -181.957565 22.671335 125.000000 
29.431011 -181.886612 22.673416 120.000000 
29.143192 -181.941315 22.666775 125.000000 
29.428036 -181.870667 22.669851 119.000000 
29.145378 -181.923019 22.665375 125.000000 
29.149389 -181.904266 22.664801 126.000000 
29.162327 -181.883087 22.668200 122.000000 
29.159363 -181.866364 22.664572 123.000000 
29.654184 -181.752075 22.649910 68.000000 
29.163977 -181.760361 22.653053 61.000000 
32.710350 -181.996964 22.706253 68.000000 
32.709602 -181.985626 22.705618 90.000000 
32.702442 -181.978561 22.698664 83.000000 
32.706921 -181.963837 22.703157 86.000000 
32.605717 -181.995911 22.705708 72.000000 
32.711452 -181.949158 22.707693 80.000000 
32.602394 -181.985992 22.702515 78.000000 
32.706970 -181.940384 22.703344 90.000000 
32.600433 -181.975220 22.700584 73.000000 
32.698616 -181.934067 22.695179 86.000000 
32.605152 -181.960327 22.704895 73.000000 
32.489101 -181.999542 22.698660 66.000000 
32.698074 -181.922745 22.694693 98.000000 
32.603264 -181.949585 22.703020 75.000000 
32.491226 -181.986008 22.700279 86.000000 
32.696266 -181.912262 22.692949 101.000000 
32.597408 -181.941284 22.697426 68.000000 
32.496132 -181.970871 22.704361 92.000000 
32.698402 -181.899338 22.695080 101.000000 
32.588902 -181.934570 22.689342 71.000000 
32.484676 -181.965485 22.693901 81.000000 
32.374767 -181.997482 22.698614 74.000000 
32.591110 -181.921371 22.691277 79.000000 
32.484184 -181.953598 22.693176 87.000000 
32.375648 -181.984497 22.698914 94.000000 
32.596046 -181.906601 22.695753 75.000000 
32.480988 -181.943314 22.690039 89.000000 
32.372364 -181.973923 22.695688 83.000000 
32.684116 -181.873444 22.681053 64.000000 
32.598351 -181.893494 22.697760 64.000000 
32.480572 -181.931442 22.689367 89.000000 
32.362083 -181.967255 22.686552 88.000000 
32.261955 -181.991180 22.704355 101.000000 
32.685081 -181.861343 22.681999 74.000000 
32.482941 -181.918015 22.691168 87.000000 
32.361664 -181.955048 22.685738 86.000000 
32.255775 -181.981857 22.698784 93.000000 
32.482754 -181.906677 22.690706 84.000000 
32.364262 -181.941833 22.687489 81.000000 
32.255539 -181.969925 22.698009 90.000000 
32.483829 -181.894089 22.691347 63.000000 
32.372383 -181.925064 22.693888 81.000000 
32.249413 -181.960541 22.692472 84.000000 
32.129322 -181.993332 22.699249 84.000000 
32.369267 -181.914459 22.690783 86.000000 
32.249084 -181.948059 22.691586 84.000000 
32.123070 -181.983566 22.693705 85.000000 
32.680260 -181.819016 22.677137 68.000000 
32.363354 -181.905350 22.685307 83.000000 
32.254570 -181.932602 22.695370 84.000000 
32.113895 -181.975250 22.685923 85.000000 
32.678631 -181.808014 22.675478 77.000000 
32.474689 -181.862656 22.682209 60.000000 
32.254169 -181.919632 22.694391 78.000000 
32.116383 -181.960358 22.687000 89.000000 
31.997389 -181.989136 22.700167 66.000000 
32.248177 -181.910172 22.688940 78.000000 
32.120556 -181.945343 22.689407 92.000000 
31.983547 -181.982620 22.689199 75.000000 
32.242203 -181.900665 22.683502 70.000000 
32.117386 -181.934006 22.686201 96.000000 
31.989319 -181.966537 22.692450 79.000000 
32.117210 -181.921219 22.685282 92.000000 
31.996658 -181.949799 22.696842 92.000000 
31.847235 -181.990295 22.693869 76.000000 
32.108177 -181.912750 22.677588 96.000000 
31.993473 -181.938141 22.693598 92.000000 
31.839317 -181.980331 22.687326 89.000000 
32.249180 -181.859802 22.687199 61.000000 
31.990322 -181.926468 22.690376 101.000000 
31.843756 -181.964676 22.689295 88.000000 
31.697895 -181.996628 22.694338 77.000000 
31.984331 -181.916763 22.685135 95.000000 
31.843777 -181.951782 22.688278 85.000000 
31.702433 -181.980652 22.696062 67.000000 
32.114082 -181.872147 22.679775 60.000000 
31.990343 -181.900864 22.688572 95.000000 
31.840590 -181.939667 22.684994 85.000000 
31.702305 -181.966782 22.694744 72.000000 
31.837437 -181.927536 22.681734 91.000000 
31.699076 -181.954285 22.691397 69.000000 
31.840513 -181.912674 22.682774 94.000000 
31.699032 -181.940414 22.690138 74.000000 
31.532665 -181.981201 22.689869 68.000000 
31.984358 -181.864380 22.681417 60.000000 
31.849834 -181.895157 22.688135 62.000000 
31.700607 -181.925888 22.689943 77.000000 
31.526352 -181.970184 22.684631 76.000000 
31.706814 -181.908798 22.692728 77.000000 
31.519581 -181.957169 22.678902 80.000000 
31.362427 -181.991745 22.692120 77.000000 
31.695845 -181.899567 22.684313 67.000000 
31.526182 -181.940872 22.681692 80.000000 
31.352598 -181.980850 22.684801 85.000000 
31.829830 -181.862793 22.671013 64.000000 
31.529461 -181.925278 22.682358 80.000000 
31.352760 -181.966721 22.683437 85.000000 
31.586578 -181.913712 22.681231 83.000000 
31.409678 -181.954117 22.681944 81.000000 
31.215805 -181.998734 22.681486 89.000000 
31.896536 -181.834518 22.675777 62.000000 
31.419577 -181.935593 22.686264 83.000000 
31.205845 -181.987137 22.674246 89.000000 
31.416435 -181.922104 22.682903 85.000000 
31.205887 -181.971802 22.672586 89.000000 
31.413334 -181.908615 22.679567 75.000000 
31.215958 -181.952820 22.676533 89.000000 
31.212772 -181.938736 22.673090 92.000000 
31.016459 -181.980347 22.680023 69.000000 
31.211294 -181.924057 22.670607 100.000000 
31.023335 -181.962173 22.681831 75.000000 
30.809494 -182.006195 22.688606 63.000000 
31.213196 -181.908188 22.670021 71.000000 
31.026888 -181.945221 22.681900 84.000000 
30.785587 -181.997910 22.674715 105.000000 
31.213629 -181.893616 22.668703 60.000000 
31.017109 -181.933655 22.675018 84.000000 
30.796164 -181.978806 22.678101 110.000000 
31.017366 -181.917862 22.673359 90.000000 
30.813507 -181.956757 22.684786 86.000000 
30.559156 -182.009598 22.681736 106.000000 
31.210836 -181.863556 22.663794 66.000000 
30.799841 -181.944138 22.675913 115.000000 
30.560865 -181.991211 22.680290 121.000000 
30.793242 -181.929977 22.670668 120.000000 
30.566278 -181.972549 22.680710 124.000000 
31.205019 -181.835312 22.657291 60.000000 
30.805614 -181.909775 22.674923 77.000000 
30.559553 -181.957703 22.675432 126.000000 
30.298803 -182.008194 22.681042 106.000000 
30.800831 -181.895065 22.670607 81.000000 
30.559843 -181.940689 22.673466 126.000000 
30.286642 -181.994141 22.673367 123.000000 
30.558441 -181.924210 22.670715 127.000000 
30.286873 -181.976379 22.671185 126.000000 
30.798286 -181.863464 22.665516 61.000000 
30.574553 -181.902542 22.676249 121.000000 
30.288927 -181.958115 22.669825 126.000000 
30.284122 -181.942719 22.665548 126.000000 
30.295128 -181.921967 22.668196 128.000000 
30.560467 -181.857086 22.663544 62.000000 
30.300890 -181.902786 22.668535 124.000000 
30.802549 -181.798508 22.660254 76.000000 
30.292536 -181.887558 22.662609 115.000000 
30.293840 -181.853012 22.658924 108.000000 
30.562193 -181.772903 22.654356 61.000000 
30.291311 -181.782913 22.649101 118.000000 
33.847504 -181.998016 22.700148 63.000000 
33.851974 -181.983734 22.704809 81.000000 
33.844784 -181.976730 22.697891 80.000000 
33.849171 -181.962021 22.702465 83.000000 
33.845890 -181.952438 22.699411 80.000000 
33.745007 -181.984940 22.701462 65.000000 
33.842636 -181.942841 22.696377 83.000000 
33.744305 -181.973373 22.700834 65.000000 
33.839413 -181.933212 22.693363 86.000000 
33.746288 -181.960175 22.702730 68.000000 
33.627960 -182.001816 22.693642 60.000000 
33.838802 -181.921936 22.692932 86.000000 
33.737709 -181.953583 22.694658 65.000000 
33.635429 -181.985001 22.700191 76.000000 
33.839523 -181.909851 22.693815 90.000000 
33.737110 -181.942032 22.694103 68.000000 
33.628006 -181.977249 22.693392 87.000000 
33.835094 -181.901031 22.689579 68.000000 
33.736549 -181.930496 22.693577 68.000000 
33.624687 -181.967026 22.690264 78.000000 
33.523476 -181.994949 22.701733 74.000000 
33.738686 -181.917343 22.695587 68.000000 
33.618668 -181.958389 22.684710 81.000000 
33.521496 -181.983627 22.699734 84.000000 
33.738205 -181.905838 22.695118 68.000000 
33.618134 -181.946503 22.684063 84.000000 
33.509781 -181.977890 22.689432 86.000000 
33.829777 -181.869659 22.684717 68.000000 
33.623108 -181.931473 22.688347 84.000000 
33.506458 -181.967316 22.686275 88.000000 
33.400978 -181.995178 22.699032 70.000000 
33.830677 -181.857620 22.685734 71.000000 
33.622654 -181.919647 22.687765 84.000000 
33.508770 -181.953583 22.687912 88.000000 
33.393314 -181.986664 22.692345 93.000000 
33.827698 -181.847946 22.682888 68.000000 
33.616756 -181.910950 22.682291 89.000000 
33.516735 -181.936783 22.694365 86.000000 
33.395699 -181.972656 22.693785 84.000000 
33.612255 -181.901443 22.678061 67.000000 
33.512127 -181.927002 22.690096 91.000000 
33.395264 -181.960220 22.692938 75.000000 
33.268307 -181.997711 22.693565 79.000000 
33.823135 -181.827789 22.678553 63.000000 
33.510357 -181.915665 22.688242 76.000000 
33.397736 -181.946274 22.694447 75.000000 
33.259064 -181.989517 22.685810 85.000000 
33.825634 -181.815521 22.681114 63.000000 
33.503143 -181.907898 22.681761 91.000000 
33.394665 -181.935944 22.691486 78.000000 
33.263218 -181.975006 22.688383 96.000000 
33.394344 -181.923538 22.690725 81.000000 
33.270195 -181.958481 22.693098 89.000000 
33.121803 -182.003113 22.683695 64.000000 
33.388138 -181.913589 22.685163 75.000000 
33.259407 -181.950378 22.684109 92.000000 
33.130249 -181.984924 22.689013 75.000000 
33.390774 -181.899704 22.686794 78.000000 
33.259113 -181.937607 22.683224 82.000000 
33.143433 -181.965195 22.697842 95.000000 
33.250008 -181.929230 22.675550 92.000000 
33.134132 -181.956512 22.690233 86.000000 
32.992706 -181.994400 22.692217 82.000000 
33.255692 -181.913559 22.679268 92.000000 
33.127861 -181.946304 22.684839 86.000000 
32.981670 -181.985947 22.683596 94.000000 
33.270458 -181.894196 22.690020 62.000000 
33.124794 -181.935226 22.681824 92.000000 
32.987713 -181.970200 22.686872 91.000000 
32.851452 -181.998367 22.697460 66.000000 
33.127632 -181.920715 22.683092 95.000000 
32.981339 -181.959549 22.681486 91.000000 
32.849640 -181.985245 22.695154 72.000000 
33.136566 -181.903427 22.688828 92.000000 
32.978073 -181.947449 22.678255 82.000000 
32.841599 -181.974884 22.688745 82.000000 
32.977928 -181.933960 22.677193 85.000000 
32.834984 -181.963150 22.683222 83.000000 
32.681751 -182.000076 22.690779 62.000000 
32.990002 -181.914398 22.684587 79.000000 
32.844273 -181.945221 22.688244 88.000000 
32.676941 -181.988480 22.686575 74.000000 
32.980686 -181.905045 22.677151 68.000000 
32.841209 -181.933380 22.685175 92.000000 
32.667202 -181.978195 22.679222 76.000000 
32.841164 -181.919556 22.684046 92.000000 
32.673649 -181.961899 22.682062 78.000000 
32.503872 -182.002289 22.686689 81.000000 
32.891735 -181.909485 22.678696 88.000000 
32.736717 -181.945511 22.684525 80.000000 
32.554150 -181.991425 22.681252 81.000000 
32.730446 -181.934525 22.679415 83.000000 
32.557304 -181.975372 22.681721 81.000000 
32.727093 -181.920898 22.676012 83.000000 
32.567028 -181.956802 22.686098 78.000000 
32.365543 -182.005981 22.680113 100.000000 
32.724091 -181.908569 22.672956 69.000000 
32.560505 -181.944641 22.680838 78.000000 
32.357178 -181.993866 22.673861 100.000000 
32.560387 -181.929276 22.679317 85.000000 
32.365250 -181.974777 22.676769 100.000000 
32.553940 -181.917053 22.674105 87.000000 
32.366920 -181.958923 22.676168 94.000000 
32.164516 -182.004913 22.678928 74.000000 
32.363819 -181.945618 22.672968 92.000000 
32.179813 -181.984421 22.685440 81.000000 
32.355606 -181.933395 22.666819 100.000000 
32.168049 -181.972885 22.677502 84.000000 
32.359074 -181.916962 22.667250 100.000000 
32.171494 -181.955948 22.677654 93.000000 
31.951216 -182.003281 22.680111 112.000000 
32.169930 -181.940811 22.675150 85.000000 
31.951250 -181.986938 22.678284 119.000000 
32.366161 -181.884201 22.668234 68.000000 
32.175167 -181.923355 22.676281 90.000000 
31.954758 -181.969467 22.678213 115.000000 
32.359776 -181.871323 22.663132 63.000000 
31.946325 -181.955994 22.672152 118.000000 
31.709564 -182.004196 22.676685 121.000000 
31.941196 -181.940582 22.667667 119.000000 
31.704269 -181.988083 22.672087 124.000000 
32.167351 -181.878372 22.667103 61.000000 
31.951723 -181.920929 22.671167 122.000000 
31.699188 -181.972733 22.667698 124.000000 
31.437086 -182.025558 22.671980 62.000000 
31.701273 -181.955994 22.666813 126.000000 
31.435570 -182.009201 22.669250 121.000000 
32.366383 -181.808975 22.660959 71.000000 
31.937019 -181.893967 22.660269 69.000000 
31.711952 -181.935806 22.669928 126.000000 
31.426884 -181.994125 22.663231 125.000000 
31.942549 -181.876053 22.661287 68.000000 
31.713987 -181.918335 22.668955 125.000000 
31.428818 -181.975845 22.661955 125.000000 
31.432570 -181.957092 22.661510 126.000000 
31.704254 -181.887589 22.660477 61.000000 
31.436380 -181.938354 22.661110 130.000000 
31.699455 -181.872177 22.656282 111.000000 
31.438484 -181.920166 22.659962 124.000000 
31.433884 -181.905655 22.656033 65.000000 
31.436087 -181.887497 22.654957 63.000000 
31.701351 -181.822983 22.651724 62.000000 
31.441887 -181.868378 22.655516 117.000000 
31.708990 -181.804138 22.653521 113.000000 
31.440660 -181.851227 22.652933 108.000000 
31.427076 -181.837372 22.644800 68.000000 
31.437284 -181.799759 22.645399 117.000000 
34.973217 -182.006256 22.709854 68.000000 
34.969917 -181.997162 22.706863 89.000000 
34.971592 -181.984100 22.708803 86.000000 
34.973312 -181.971069 22.710779 83.000000 
34.969944 -181.961502 22.707703 86.000000 
34.867908 -181.995636 22.709019 70.000000 
34.966602 -181.951920 22.704645 83.000000 
34.875019 -181.978943 22.715792 68.000000 
34.963287 -181.942307 22.701607 86.000000 
34.871624 -181.969116 22.712679 65.000000 
34.959999 -181.932693 22.698586 83.000000 
34.865612 -181.960938 22.707098 68.000000 
34.759533 -181.995636 22.709408 76.000000 
34.961910 -181.919739 22.700701 80.000000 
34.862274 -181.951050 22.704021 65.000000 
34.754738 -181.986282 22.705027 73.000000 
34.963867 -181.906815 22.702850 86.000000 
34.861618 -181.939499 22.703459 68.000000 
34.749966 -181.976898 22.700663 87.000000 
34.862324 -181.927139 22.704172 73.000000 
34.746582 -181.966675 22.697529 92.000000 
34.641308 -181.997543 22.705839 78.000000 
34.857750 -181.918060 22.699911 79.000000 
34.745956 -181.954819 22.696850 89.000000 
34.635075 -181.988632 22.700277 83.000000 
34.854534 -181.908127 22.696917 68.000000 
34.748093 -181.941345 22.698639 89.000000 
34.626076 -181.981308 22.692358 86.000000 
34.747547 -181.929504 22.698019 95.000000 
34.633865 -181.964325 22.698683 79.000000 
34.520054 -181.997482 22.704786 82.000000 
34.744297 -181.919266 22.694981 98.000000 
34.636116 -181.950592 22.700306 83.000000 
34.519470 -181.985031 22.703871 77.000000 
34.742451 -181.908234 22.693186 76.000000 
34.632809 -181.940048 22.697201 83.000000 
34.517494 -181.973373 22.701830 75.000000 
34.632339 -181.927917 22.696503 86.000000 
34.522728 -181.957809 22.705597 78.000000 
34.382847 -182.002914 22.696461 85.000000 
34.626282 -181.918900 22.691055 94.000000 
34.520832 -181.946182 22.703613 72.000000 
34.383789 -181.989334 22.696568 82.000000 
34.514660 -181.936844 22.698175 72.000000 
34.386238 -181.975006 22.697832 92.000000 
34.509953 -181.926697 22.693913 78.000000 
34.387272 -181.961472 22.698008 85.000000 
34.258400 -181.996994 22.703407 66.000000 
34.515366 -181.911270 22.697815 87.000000 
34.380993 -181.951706 22.692575 85.000000 
34.259460 -181.983124 22.703409 79.000000 
34.376209 -181.941162 22.688288 92.000000 
34.260563 -181.969284 22.703442 86.000000 
34.380306 -181.926163 22.690809 102.000000 
34.254196 -181.959152 22.698034 83.000000 
34.117477 -181.995529 22.703739 70.000000 
34.394791 -181.906082 22.701303 94.000000 
34.247852 -181.948959 22.692642 89.000000 
34.106377 -181.987137 22.695143 84.000000 
34.256611 -181.931519 22.698252 95.000000 
34.102966 -181.975067 22.691856 79.000000 
33.966709 -182.003845 22.703075 66.000000 
34.259396 -181.917023 22.699511 89.000000 
34.102665 -181.961548 22.690722 85.000000 
33.961685 -181.992096 22.698702 69.000000 
34.253162 -181.906815 22.694195 89.000000 
34.102409 -181.948059 22.689617 88.000000 
33.958263 -181.979630 22.695377 69.000000 
34.502388 -181.830429 22.683979 63.000000 
34.108353 -181.931763 22.692810 88.000000 
33.961147 -181.964371 22.696196 69.000000 
34.108189 -181.918320 22.691774 98.000000 
34.020473 -181.949707 22.698092 69.000000 
33.845142 -181.996613 22.691963 68.000000 
34.152084 -181.910873 22.683214 85.000000 
34.017166 -181.937241 22.694853 69.000000 
33.851460 -181.980225 22.694725 73.000000 
34.020351 -181.922684 22.695934 72.000000 
33.857662 -181.963242 22.697365 73.000000 
33.678589 -182.009201 22.696901 73.000000 
34.017120 -181.910202 22.692749 94.000000 
33.854485 -181.950958 22.694231 76.000000 
33.676739 -181.995102 22.694431 79.000000 
33.847641 -181.938034 22.688631 78.000000 
33.681274 -181.977692 22.695663 73.000000 
33.844532 -181.925705 22.685543 71.000000 
33.677891 -181.964264 22.692299 75.000000 
33.478077 -182.013718 22.688213 89.000000 
33.844349 -181.910767 22.684160 73.000000 
33.677807 -181.949524 22.690887 73.000000 
33.481213 -181.997131 22.688433 100.000000 
33.674503 -181.936066 22.687580 83.000000 
33.486061 -181.979965 22.689617 100.000000 
33.668133 -181.924530 22.682529 81.000000 
33.479523 -181.967911 22.684525 100.000000 
33.299065 -182.006805 22.699772 66.000000 
33.677990 -181.906052 22.687016 73.000000 
33.477829 -181.953247 22.682068 94.000000 
33.285496 -181.995972 22.690941 74.000000 
33.481167 -181.936768 22.682432 99.000000 
33.278690 -181.982605 22.685678 84.000000 
33.492874 -181.917297 22.687496 100.000000 
33.287102 -181.963806 22.688465 81.000000 
33.080624 -182.007401 22.698660 87.000000 
33.287136 -181.948044 22.686836 77.000000 
33.056629 -181.999313 22.684879 118.000000 
33.290600 -181.931122 22.687031 81.000000 
33.060036 -181.981750 22.684763 117.000000 
33.287350 -181.916565 22.683681 77.000000 
33.061787 -181.964798 22.683832 119.000000 
32.826900 -182.013550 22.690161 115.000000 
33.072163 -181.945038 22.687229 115.000000 
32.813000 -182.001053 22.681652 125.000000 
33.072308 -181.928726 22.685524 86.000000 
32.823460 -181.980667 22.684608 126.000000 
32.832249 -181.960907 22.686802 125.000000 
32.542252 -182.023041 22.679049 121.000000 
32.820213 -181.947754 22.679193 127.000000 
32.544033 -182.004715 22.677702 127.000000 
33.048954 -181.887436 22.668539 79.000000 
32.827374 -181.928619 22.680649 132.000000 
32.558208 -181.982697 22.681862 128.000000 
32.556747 -181.966339 22.679222 128.000000 
32.549873 -181.950714 22.674086 130.000000 
32.553806 -181.932800 22.673862 129.000000 
32.816891 -181.847458 22.666258 62.000000 
32.564735 -181.892746 22.674425 66.000000 
32.815636 -181.831009 22.663811 62.000000 
36.105644 -181.998169 22.724045 84.000000 
36.097172 -181.992661 22.716009 83.000000 
36.098751 -181.979553 22.717913 77.000000 
36.102936 -181.964737 22.722378 80.000000 
35.994667 -182.004272 22.718050 70.000000 
36.102047 -181.953461 22.721823 80.000000 
35.998985 -181.989197 22.722256 65.000000 
36.098629 -181.943909 22.718758 83.000000 
36.000729 -181.975906 22.724035 63.000000 
36.093948 -181.935211 22.714441 94.000000 
35.999882 -181.964355 22.723379 65.000000 
35.883369 -182.006973 22.716562 66.000000 
36.093159 -181.923920 22.713955 101.000000 
35.996433 -181.954529 22.720272 63.000000 
35.889263 -181.990829 22.721775 73.000000 
36.100151 -181.907578 22.721138 104.000000 
35.993011 -181.944672 22.717186 68.000000 
35.884384 -181.981522 22.717388 84.000000 
36.095570 -181.898865 22.716888 60.000000 
35.993591 -181.932281 22.717844 73.000000 
35.878174 -181.973022 22.711809 84.000000 
35.778732 -182.001572 22.725351 60.000000 
35.999523 -181.916595 22.723509 78.000000 
35.874702 -181.962814 22.708662 89.000000 
35.766838 -181.996078 22.715078 72.000000 
35.988235 -181.911713 22.713022 82.000000 
35.876701 -181.949295 22.710381 87.000000 
35.763302 -181.985565 22.711864 79.000000 
35.878750 -181.935806 22.712135 92.000000 
35.759792 -181.975037 22.708670 83.000000 
35.653282 -182.005234 22.721210 76.000000 
35.880840 -181.922348 22.713924 95.000000 
35.761898 -181.961243 22.710217 79.000000 
35.641163 -181.999252 22.711084 98.000000 
35.874779 -181.913773 22.708445 95.000000 
35.771042 -181.943451 22.717714 91.000000 
35.639042 -181.987564 22.708984 87.000000 
35.760822 -181.937469 22.708838 94.000000 
35.644283 -181.972427 22.712814 75.000000 
35.519173 -182.011032 22.715780 74.000000 
35.764462 -181.922958 22.711670 91.000000 
35.649406 -181.956818 22.716528 78.000000 
35.512672 -182.001389 22.710257 79.000000 
35.759563 -181.912689 22.707260 79.000000 
35.648678 -181.943863 22.715517 90.000000 
35.513332 -181.987228 22.710169 82.000000 
35.636673 -181.937668 22.705456 78.000000 
35.517147 -181.972107 22.712513 89.000000 
35.636181 -181.925217 22.704645 96.000000 
35.516613 -181.959320 22.711538 85.000000 
35.380512 -181.999603 22.712027 64.000000 
35.641483 -181.909714 22.708496 96.000000 
35.505836 -181.951904 22.702738 92.000000 
35.385956 -181.983414 22.715240 75.000000 
35.502430 -181.940613 22.699560 92.000000 
35.383953 -181.971054 22.713064 83.000000 
35.509365 -181.924057 22.704285 99.000000 
35.377487 -181.960938 22.707647 86.000000 
35.245502 -181.996048 22.717186 70.000000 
35.374222 -181.949890 22.704586 92.000000 
35.232956 -181.989090 22.707714 78.000000 
35.379848 -181.933807 22.707941 101.000000 
35.234039 -181.974838 22.707575 85.000000 
35.099415 -182.003265 22.720125 73.000000 
35.385368 -181.917221 22.711184 98.000000 
35.227325 -181.963638 22.702023 85.000000 
35.089607 -181.993729 22.712687 72.000000 
35.385075 -181.904175 22.710245 66.000000 
35.233105 -181.947235 22.705120 94.000000 
35.086254 -181.981888 22.709511 69.000000 
35.292759 -181.932663 22.706732 98.000000 
35.148899 -181.964981 22.712778 67.000000 
34.991444 -182.005951 22.718380 65.000000 
35.295559 -181.917786 22.707787 94.000000 
35.154678 -181.947708 22.715477 67.000000 
34.982918 -181.994522 22.711855 74.000000 
35.151276 -181.935287 22.712229 69.000000 
34.973000 -181.984360 22.704527 80.000000 
35.148243 -181.924088 22.709326 72.000000 
34.989010 -181.964478 22.713379 76.000000 
34.807037 -182.013123 22.711639 65.000000 
35.140190 -181.913681 22.703033 61.000000 
34.982361 -181.952927 22.708082 76.000000 
34.818066 -181.993622 22.716763 82.000000 
34.982147 -181.938660 22.706776 73.000000 
34.822659 -181.976898 22.718126 83.000000 
34.972359 -181.928375 22.699532 78.000000 
34.822430 -181.962219 22.716665 85.000000 
34.626480 -182.011902 22.714798 67.000000 
34.809208 -181.952774 22.707581 85.000000 
34.616283 -182.000580 22.707647 92.000000 
34.802532 -181.940643 22.702337 83.000000 
34.617699 -181.984665 22.706947 83.000000 
34.812046 -181.921387 22.706553 90.000000 
34.615677 -181.969360 22.704269 78.000000 
34.433758 -182.009476 22.718952 63.000000 
34.608898 -181.956635 22.699028 89.000000 
34.420090 -181.998764 22.710144 74.000000 
34.608963 -181.942078 22.697672 100.000000 
34.415215 -181.986298 22.706114 81.000000 
34.620537 -181.922501 22.702660 100.000000 
34.415073 -181.970520 22.704416 77.000000 
34.208912 -182.015625 22.715395 87.000000 
34.414814 -181.954025 22.702581 81.000000 
34.186340 -182.006363 22.702333 116.000000 
34.429966 -181.932861 22.708954 92.000000 
34.191330 -181.988174 22.703022 114.000000 
34.423397 -181.920273 22.703981 96.000000 
34.191418 -181.972565 22.701380 118.000000 
33.963833 -182.020706 22.711784 60.000000 
34.208511 -181.950378 22.708111 114.000000 
33.942879 -182.010651 22.700054 121.000000 
34.199959 -181.936966 22.702114 119.000000 
33.947983 -181.991882 22.700502 123.000000 
34.191444 -181.923492 22.696138 122.000000 
33.968792 -181.968094 22.708319 124.000000 
33.963425 -181.952042 22.703808 124.000000 
33.687809 -182.011047 22.702955 121.000000 
33.961758 -181.935638 22.701136 124.000000 
33.685993 -181.993866 22.700069 125.000000 
34.196922 -181.872116 22.693630 63.000000 
33.935749 -181.926865 22.687050 128.000000 
33.685993 -181.976151 22.697996 125.000000 
33.678989 -181.960556 22.692850 125.000000 
33.969421 -181.883514 22.699236 105.000000 
33.672199 -181.945770 22.687910 126.000000 
33.675880 -181.926987 22.687498 127.000000 
33.690655 -181.888336 22.690113 108.000000 
37.238304 -181.973236 22.718328 68.000000 
37.234676 -181.963715 22.715206 85.000000 
37.234890 -181.951508 22.715893 83.000000 
37.237698 -181.937561 22.719141 90.000000 
37.125801 -181.980515 22.711092 78.000000 
37.232895 -181.928894 22.714823 80.000000 
37.130009 -181.965408 22.715340 73.000000 
37.229397 -181.919342 22.711790 83.000000 
37.130337 -181.952957 22.715921 79.000000 
37.223362 -181.911499 22.706232 80.000000 
37.129395 -181.941391 22.715298 86.000000 
37.022480 -181.978806 22.717012 70.000000 
37.222477 -181.900192 22.705776 77.000000 
37.123226 -181.933258 22.709742 82.000000 
37.026920 -181.963516 22.721075 73.000000 
37.221634 -181.888901 22.705349 83.000000 
37.119717 -181.923386 22.706680 86.000000 
37.017925 -181.956802 22.713108 76.000000 
37.220821 -181.877609 22.704947 77.000000 
37.118874 -181.911804 22.706125 82.000000 
37.012993 -181.947464 22.708773 87.000000 
36.906868 -181.981018 22.716446 64.000000 
37.120712 -181.898560 22.708088 86.000000 
37.009441 -181.937286 22.705664 87.000000 
36.907372 -181.968018 22.716780 78.000000 
37.208981 -181.861710 22.693975 68.000000 
37.119949 -181.887009 22.707590 86.000000 
37.014053 -181.922089 22.709852 92.000000 
36.895443 -181.962524 22.706543 86.000000 
37.013290 -181.910248 22.709225 95.000000 
36.891850 -181.951996 22.703384 79.000000 
36.786938 -181.982208 22.717144 96.000000 
37.009846 -181.900055 22.706192 95.000000 
36.895241 -181.937363 22.706156 91.000000 
36.781864 -181.972198 22.712782 82.000000 
37.003708 -181.891479 22.700739 92.000000 
36.898685 -181.922775 22.708967 94.000000 
36.772552 -181.964600 22.704990 84.000000 
36.899387 -181.909836 22.709446 107.000000 
36.774654 -181.950500 22.706408 81.000000 
36.651196 -181.989212 22.710583 84.000000 
36.895947 -181.899323 22.706392 106.000000 
36.782513 -181.933243 22.712469 78.000000 
36.646072 -181.978790 22.706213 79.000000 
36.888676 -181.892227 22.700094 89.000000 
36.782211 -181.921906 22.711967 90.000000 
36.648628 -181.965515 22.707773 89.000000 
36.775871 -181.912628 22.706560 93.000000 
36.649410 -181.951920 22.707924 82.000000 
36.519585 -181.990509 22.713005 63.000000 
36.772076 -181.900665 22.703175 96.000000 
36.644028 -181.940353 22.703306 85.000000 
36.514053 -181.978531 22.708315 79.000000 
36.772964 -181.887466 22.703596 105.000000 
36.637569 -181.930634 22.697903 89.000000 
36.520866 -181.961533 22.712664 89.000000 
36.990238 -181.814148 22.688793 62.000000 
36.634071 -181.919342 22.694765 89.000000 
36.517277 -181.949951 22.709444 92.000000 
36.370476 -181.994019 22.708546 76.000000 
36.639416 -181.903503 22.698408 102.000000 
36.513721 -181.938339 22.706247 95.000000 
36.369843 -181.980499 22.707340 84.000000 
36.501381 -181.931793 22.696680 98.000000 
36.366383 -181.969070 22.704220 88.000000 
36.512886 -181.912689 22.704449 89.000000 
36.365829 -181.955536 22.703072 88.000000 
36.228264 -181.986465 22.713696 65.000000 
36.630722 -181.868881 22.690353 60.000000 
36.516781 -181.896805 22.706646 101.000000 
36.355957 -181.945816 22.695442 91.000000 
36.279896 -181.974136 22.709488 66.000000 
36.421505 -181.927216 22.700830 98.000000 
36.279385 -181.960251 22.708237 64.000000 
36.424145 -181.912262 22.701897 94.000000 
36.278915 -181.946365 22.707016 77.000000 
36.108994 -181.994217 22.704853 65.000000 
36.417618 -181.901657 22.696623 91.000000 
36.283180 -181.930374 22.708902 74.000000 
36.108486 -181.979858 22.703461 65.000000 
36.279671 -181.917938 22.705694 86.000000 
36.114567 -181.963364 22.706224 68.000000 
36.561417 -181.835709 22.694849 62.000000 
36.277767 -181.904785 22.703539 92.000000 
36.110786 -181.949799 22.702757 76.000000 
35.927349 -182.000412 22.700371 79.000000 
36.559692 -181.823349 22.692982 68.000000 
36.107403 -181.937500 22.699642 80.000000 
35.934986 -181.982162 22.703634 76.000000 
36.110439 -181.922470 22.700527 83.000000 
35.944672 -181.964645 22.708237 78.000000 
35.941067 -181.951248 22.704903 90.000000 
35.735367 -182.006363 22.697947 89.000000 
36.408749 -181.825439 22.686016 70.000000 
35.937325 -181.937164 22.701429 90.000000 
35.743008 -181.987015 22.700750 89.000000 
35.932175 -181.924377 22.697189 96.000000 
35.739346 -181.973022 22.697338 86.000000 
35.730759 -181.960953 22.691187 92.000000 
35.552422 -182.001877 22.708323 63.000000 
35.723862 -181.948181 22.685978 92.000000 
35.542004 -181.989899 22.701315 69.000000 
35.730247 -181.930313 22.688187 100.000000 
35.540009 -181.974701 22.698748 77.000000 
35.743324 -181.909988 22.694149 68.000000 
35.533016 -181.961365 22.693552 77.000000 
35.330387 -182.006744 22.706663 84.000000 
35.537842 -181.943680 22.694593 87.000000 
35.311317 -181.997086 22.695515 110.000000 
35.551147 -181.922989 22.700125 96.000000 
35.311043 -181.980637 22.693707 116.000000 
35.315941 -181.962402 22.694485 118.000000 
35.081676 -182.014603 22.701942 112.000000 
35.314056 -181.946594 22.691900 120.000000 
35.064083 -182.003418 22.691875 124.000000 
35.319069 -181.928421 22.692760 123.000000 
35.079441 -181.981079 22.697250 124.000000 
35.082733 -181.962891 22.696991 124.000000 
34.804005 -182.025833 22.695282 106.000000 
35.077404 -181.947571 22.692699 126.000000 
34.803745 -182.008026 22.693180 124.000000 
35.075592 -181.931107 22.690069 127.000000 
34.807056 -181.989105 22.692665 127.000000 
34.808670 -181.970779 22.691420 129.000000 
34.805054 -181.954102 22.687881 129.000000 
34.794441 -181.939560 22.681259 131.000000 
34.810318 -181.916992 22.686367 60.000000 
34.796936 -181.850983 22.673008 104.000000 
38.370056 -181.948181 22.725540 71.000000 
38.365078 -181.939590 22.721149 80.000000 
38.359222 -181.932816 22.715826 83.000000 
38.363171 -181.917908 22.720291 86.000000 
38.264446 -181.952881 22.725000 70.000000 
38.366814 -181.902100 22.724495 83.000000 
38.260349 -181.942093 22.721527 65.000000 
38.359413 -181.895233 22.717657 90.000000 
38.260574 -181.929642 22.722086 73.000000 
38.353298 -181.887436 22.712093 90.000000 
38.260838 -181.917191 22.722675 68.000000 
38.139469 -181.965103 22.711477 82.000000 
38.352318 -181.876114 22.711618 91.000000 
38.257217 -181.907364 22.719587 65.000000 
38.147789 -181.947098 22.719090 83.000000 
38.354286 -181.864044 22.714012 91.000000 
38.250042 -181.901108 22.713112 73.000000 
38.148483 -181.935364 22.719851 84.000000 
38.245152 -181.892105 22.708815 79.000000 
38.142117 -181.926941 22.714298 84.000000 
38.027935 -181.966492 22.715303 64.000000 
38.350887 -181.841385 22.711630 68.000000 
38.246517 -181.877823 22.710440 82.000000 
38.140800 -181.914047 22.713276 81.000000 
38.033455 -181.949005 22.719967 75.000000 
38.248287 -181.864563 22.712402 82.000000 
38.137188 -181.903870 22.710176 84.000000 
38.026978 -181.940216 22.714430 86.000000 
38.139019 -181.890320 22.711939 84.000000 
38.023293 -181.929703 22.711260 88.000000 
37.908726 -181.966599 22.717304 96.000000 
38.138184 -181.878464 22.711313 84.000000 
38.016865 -181.920853 22.705753 88.000000 
37.912045 -181.951614 22.719776 82.000000 
38.134674 -181.868271 22.708282 81.000000 
38.018787 -181.906998 22.707340 88.000000 
37.905487 -181.942444 22.714275 90.000000 
38.336731 -181.791687 22.699776 61.000000 
38.022152 -181.892380 22.710144 91.000000 
37.898952 -181.933228 22.708788 84.000000 
37.779999 -181.970474 22.716791 79.000000 
38.334770 -181.781235 22.698238 80.000000 
38.021385 -181.880219 22.709436 91.000000 
37.903824 -181.917480 22.712500 90.000000 
37.776226 -181.959274 22.713522 85.000000 
38.010899 -181.873718 22.700457 79.000000 
37.908752 -181.901794 22.716255 90.000000 
37.768124 -181.950470 22.706932 79.000000 
37.905533 -181.892044 22.713453 81.000000 
37.770603 -181.937149 22.708485 82.000000 
37.645332 -181.974365 22.717386 60.000000 
37.901985 -181.881180 22.710360 96.000000 
37.774220 -181.921936 22.710865 89.000000 
37.634117 -181.966721 22.708685 75.000000 
37.888100 -181.874725 22.698893 62.000000 
37.773144 -181.908020 22.709614 89.000000 
37.635937 -181.950806 22.709402 75.000000 
38.018150 -181.819626 22.706312 60.000000 
37.766624 -181.898331 22.704226 89.000000 
37.642658 -181.933746 22.713739 70.000000 
37.493042 -181.980545 22.711264 81.000000 
37.761597 -181.887833 22.699974 96.000000 
37.637497 -181.922897 22.709435 75.000000 
37.493805 -181.966202 22.711075 84.000000 
37.633865 -181.911285 22.706236 75.000000 
37.496136 -181.951126 22.711969 79.000000 
37.628765 -181.900391 22.701971 79.000000 
37.492420 -181.939102 22.708694 82.000000 
37.356758 -181.970963 22.720940 69.000000 
37.696835 -181.879990 22.710165 81.000000 
37.548462 -181.924393 22.707998 82.000000 
37.408115 -181.958191 22.717049 69.000000 
37.948742 -181.794876 22.701073 76.000000 
37.538700 -181.915329 22.700550 82.000000 
37.401257 -181.947235 22.711697 69.000000 
37.544262 -181.898819 22.703684 88.000000 
37.397915 -181.936020 22.708729 69.000000 
37.242607 -181.979355 22.716314 80.000000 
37.547173 -181.885056 22.705061 91.000000 
37.403591 -181.919205 22.711586 69.000000 
37.232460 -181.969345 22.709000 85.000000 
37.408966 -181.901199 22.714165 69.000000 
37.231483 -181.953674 22.707268 78.000000 
37.403824 -181.889481 22.709936 77.000000 
37.230934 -181.939301 22.705906 76.000000 
37.066895 -181.982285 22.715454 85.000000 
37.236794 -181.922134 22.708529 78.000000 
37.055000 -181.972366 22.707291 87.000000 
37.233154 -181.909195 22.705257 78.000000 
37.057693 -181.956146 22.707693 85.000000 
37.226723 -181.898926 22.700352 78.000000 
37.064045 -181.939926 22.710375 90.000000 
36.856995 -181.997360 22.703209 77.000000 
37.061977 -181.925827 22.707996 96.000000 
36.859726 -181.980637 22.703384 82.000000 
37.058147 -181.911713 22.704525 100.000000 
36.863972 -181.962570 22.704346 89.000000 
37.044788 -181.902252 22.695503 81.000000 
36.855270 -181.950546 22.698183 99.000000 
36.668823 -181.996140 22.711523 63.000000 
36.853390 -181.936554 22.695883 100.000000 
36.671860 -181.979721 22.711704 69.000000 
36.853020 -181.921204 22.694363 100.000000 
36.663033 -181.967102 22.705587 77.000000 
36.852512 -181.905151 22.692713 100.000000 
36.659081 -181.951797 22.701965 81.000000 
36.449955 -182.001297 22.712315 79.000000 
36.653679 -181.937836 22.697660 84.000000 
36.439285 -181.988632 22.705389 114.000000 
36.663631 -181.918945 22.701517 96.000000 
36.435650 -181.974167 22.702034 117.000000 
36.676830 -181.898163 22.707027 60.000000 
36.428455 -181.960159 22.696842 118.000000 
36.203022 -182.011169 22.709337 118.000000 
36.433247 -181.941864 22.697605 120.000000 
36.192219 -181.997696 22.702499 122.000000 
36.446636 -181.920593 22.702660 120.000000 
36.191826 -181.980560 22.700527 123.000000 
36.186108 -181.964417 22.695990 126.000000 
35.923309 -182.024277 22.702509 106.000000 
36.196217 -181.943802 22.698957 126.000000 
35.908867 -182.011047 22.694210 123.000000 
36.654167 -181.826340 22.687916 64.000000 
36.194256 -181.927292 22.696291 127.000000 
35.911999 -181.992004 22.693636 126.000000 
35.923977 -181.970169 22.696968 126.000000 
36.430641 -181.843842 22.686853 79.000000 
35.922150 -181.953735 22.694345 131.000000 
35.913151 -181.938675 22.688478 132.000000 
35.912907 -181.849518 22.679064 68.000000 
39.512341 -181.916519 22.730347 81.000000 
39.509964 -181.906631 22.728619 83.000000 
39.513714 -181.891678 22.733040 80.000000 
39.507442 -181.884064 22.727434 71.000000 
39.402802 -181.924744 22.726042 72.000000 
39.501190 -181.876419 22.721838 77.000000 
39.497482 -181.866928 22.718777 80.000000 
39.402924 -181.899811 22.727097 60.000000 
39.501404 -181.852081 22.723324 86.000000 
39.399147 -181.890045 22.723976 60.000000 
39.298271 -181.926025 22.730980 61.000000 
39.506836 -181.836868 22.729330 90.000000 
39.395588 -181.880768 22.721029 61.000000 
39.293282 -181.917358 22.726753 70.000000 
39.498154 -181.830933 22.721275 101.000000 
39.394478 -181.869217 22.720415 61.000000 
39.290791 -181.906418 22.724783 73.000000 
39.400879 -181.851456 22.726946 65.000000 
39.279934 -181.899689 22.715305 78.000000 
39.488121 -181.812698 22.712515 63.000000 
39.399860 -181.839951 22.726400 68.000000 
39.281521 -181.886078 22.716988 87.000000 
39.169151 -181.925751 22.719139 75.000000 
39.393814 -181.832397 22.721067 65.000000 
39.286030 -181.871292 22.721272 81.000000 
39.165497 -181.915833 22.716095 83.000000 
39.488964 -181.788956 22.714468 61.000000 
39.282337 -181.861191 22.718191 87.000000 
39.167179 -181.901962 22.717604 81.000000 
39.053158 -181.940201 22.723730 89.000000 
39.275982 -181.852768 22.712709 95.000000 
39.171669 -181.886414 22.721497 83.000000 
39.049271 -181.929428 22.720480 93.000000 
39.272346 -181.842621 22.709665 84.000000 
39.170692 -181.874298 22.720724 88.000000 
39.051052 -181.915283 22.721817 87.000000 
39.164230 -181.865524 22.715265 88.000000 
39.058533 -181.897812 22.727764 81.000000 
38.926033 -181.944839 22.724386 76.000000 
39.280048 -181.813126 22.717010 60.000000 
39.155018 -181.858383 22.707457 98.000000 
39.051937 -181.888733 22.722311 84.000000 
38.926464 -181.931213 22.724436 85.000000 
39.161072 -181.842117 22.712664 76.000000 
39.051029 -181.876312 22.721457 93.000000 
38.928383 -181.916809 22.725630 85.000000 
39.045906 -181.866348 22.717186 99.000000 
38.917324 -181.909760 22.716846 92.000000 
39.049335 -181.851501 22.719837 90.000000 
38.916428 -181.896973 22.715868 92.000000 
38.787258 -181.937744 22.721378 66.000000 
39.051392 -181.837494 22.721375 93.000000 
38.909760 -181.887421 22.710453 96.000000 
38.790779 -181.922211 22.723495 75.000000 
39.263916 -181.761017 22.703468 76.000000 
38.907295 -181.874847 22.708248 99.000000 
38.785271 -181.910904 22.719002 83.000000 
38.654392 -181.949966 22.729221 69.000000 
38.916702 -181.856537 22.715189 112.000000 
38.781471 -181.899368 22.715773 86.000000 
38.647453 -181.939636 22.723804 70.000000 
38.924908 -181.839645 22.721216 77.000000 
38.777889 -181.888382 22.712727 86.000000 
38.640736 -181.929871 22.718569 78.000000 
38.786064 -181.870605 22.718235 92.000000 
38.635361 -181.918686 22.714233 79.000000 
38.495327 -181.953842 22.723406 73.000000 
38.900009 -181.826050 22.701448 60.000000 
38.785175 -181.856949 22.717108 101.000000 
38.631348 -181.906113 22.710806 85.000000 
38.494495 -181.939941 22.722080 74.000000 
39.040180 -181.766708 22.711418 67.000000 
38.778542 -181.846924 22.711807 83.000000 
38.642769 -181.886505 22.718096 91.000000 
38.552135 -181.923630 22.721527 66.000000 
38.828770 -181.835037 22.706249 64.000000 
38.692848 -181.874298 22.712515 82.000000 
38.554489 -181.908264 22.722300 61.000000 
38.689144 -181.862320 22.709335 98.000000 
38.552425 -181.895782 22.720215 67.000000 
38.956192 -181.772934 22.699476 64.000000 
38.685654 -181.850937 22.706337 62.000000 
38.548656 -181.883423 22.716974 69.000000 
38.390572 -181.928543 22.721962 68.000000 
38.541626 -181.871872 22.711552 74.000000 
38.380188 -181.917999 22.714533 78.000000 
38.817600 -181.787079 22.696257 60.000000 
38.544159 -181.856567 22.712454 72.000000 
38.379524 -181.903687 22.713194 78.000000 
38.216278 -181.948807 22.722715 79.000000 
38.375736 -181.890808 22.709913 76.000000 
38.210747 -181.936188 22.718374 83.000000 
38.375160 -181.876495 22.708635 83.000000 
38.203636 -181.924255 22.713104 87.000000 
38.374809 -181.862854 22.707550 69.000000 
38.196754 -181.912949 22.708023 83.000000 
38.014744 -181.961761 22.714754 94.000000 
38.205868 -181.893997 22.712322 83.000000 
38.009148 -181.948547 22.710394 86.000000 
38.214867 -181.874481 22.716509 90.000000 
38.001751 -181.935272 22.704971 83.000000 
38.201439 -181.865219 22.707527 61.000000 
38.002808 -181.919281 22.704327 100.000000 
38.015438 -181.898621 22.710142 100.000000 
37.811306 -181.952744 22.713156 67.000000 
38.010017 -181.885361 22.705902 100.000000 
37.810719 -181.936920 22.711458 77.000000 
38.009579 -181.870102 22.704449 77.000000 
37.823566 -181.915894 22.716843 81.000000 
37.586456 -181.978333 22.712364 107.000000 
37.818069 -181.902084 22.712580 84.000000 
37.579063 -181.964462 22.707142 114.000000 
37.810932 -181.888885 22.707455 92.000000 
37.595490 -181.941681 22.713753 117.000000 
37.593292 -181.925934 22.711132 119.000000 
37.354908 -181.983963 22.716654 112.000000 
37.594551 -181.908936 22.710238 118.000000 
37.350895 -181.968170 22.713070 123.000000 
37.583935 -181.896286 22.703445 118.000000 
37.353825 -181.949905 22.712748 124.000000 
37.348377 -181.935501 22.708599 125.000000 
37.084690 -181.998367 22.713928 106.000000 
37.586876 -181.863068 22.701996 65.000000 
37.342773 -181.920258 22.704302 124.000000 
37.071892 -181.984756 22.706438 124.000000 
37.583389 -181.848663 22.698851 69.000000 
37.349510 -181.901657 22.705885 126.000000 
37.071579 -181.967789 22.704533 126.000000 
37.071117 -181.949997 22.702486 130.000000 
37.338348 -181.870331 22.697281 111.000000 
37.072266 -181.930801 22.701073 131.000000 
37.345066 -181.851013 22.698816 115.000000 
37.082443 -181.909637 22.703749 131.000000 
37.334671 -181.838211 22.692396 105.000000 
37.084103 -181.892181 22.702774 68.000000 
37.082111 -181.875031 22.700113 68.000000 
37.067852 -181.861710 22.692045 63.000000 
37.079784 -181.821655 22.693741 120.000000 
40.664040 -181.874252 22.727976 71.000000 
40.658859 -181.865845 22.723591 74.000000 
40.654747 -181.856018 22.720322 71.000000 
40.650860 -181.846619 22.717228 74.000000 
40.558308 -181.880402 22.726807 64.000000 
40.649498 -181.835373 22.716675 71.000000 
40.555630 -181.869827 22.724880 63.000000 
40.650677 -181.822296 22.718676 83.000000 
40.549137 -181.861984 22.719288 63.000000 
40.649769 -181.812027 22.718481 80.000000 
40.548195 -181.851440 22.718945 65.000000 
40.444012 -181.891586 22.722166 76.000000 
40.646008 -181.802612 22.715473 86.000000 
40.552052 -181.836319 22.723249 61.000000 
40.437386 -181.883423 22.716579 86.000000 
40.642090 -181.792725 22.712336 86.000000 
40.550610 -181.824371 22.722502 65.000000 
40.433224 -181.872894 22.713247 87.000000 
40.639645 -181.782394 22.710638 63.000000 
40.544228 -181.816467 22.716984 68.000000 
40.437237 -181.857498 22.717314 89.000000 
40.325745 -181.899094 22.719296 79.000000 
40.639759 -181.770279 22.711508 65.000000 
40.539158 -181.807648 22.712715 73.000000 
40.436001 -181.845718 22.716602 89.000000 
40.324451 -181.886978 22.718418 94.000000 
40.539303 -181.795273 22.713430 68.000000 
40.429485 -181.837448 22.711090 89.000000 
40.323196 -181.874893 22.717569 87.000000 
40.425652 -181.827408 22.708008 89.000000 
40.321983 -181.862793 22.716749 86.000000 
40.208748 -181.902649 22.722528 89.000000 
40.429852 -181.812119 22.712212 92.000000 
40.313984 -181.855057 22.710075 91.000000 
40.211704 -181.887650 22.724993 98.000000 
40.433926 -181.796402 22.716305 98.000000 
40.314011 -181.841568 22.710323 86.000000 
40.211720 -181.873886 22.725054 90.000000 
40.318386 -181.826050 22.714298 94.000000 
40.210583 -181.861526 22.724163 93.000000 
40.091793 -181.902710 22.730459 69.000000 
40.320072 -181.812286 22.715954 91.000000 
40.201073 -181.854279 22.716423 96.000000 
40.077755 -181.897675 22.719439 90.000000 
40.319061 -181.800247 22.715277 88.000000 
40.205620 -181.838516 22.720171 96.000000 
40.070885 -181.888306 22.713974 92.000000 
40.207790 -181.825562 22.721970 96.000000 
40.064434 -181.880020 22.708845 92.000000 
40.203991 -181.814911 22.718885 96.000000 
40.064796 -181.866440 22.708982 102.000000 
39.943634 -181.904892 22.719709 66.000000 
40.194584 -181.807526 22.711210 87.000000 
40.078159 -181.845444 22.719206 108.000000 
39.938145 -181.894302 22.715357 83.000000 
40.072865 -181.835220 22.714949 110.000000 
39.938560 -181.880402 22.715353 89.000000 
40.061626 -181.827667 22.706074 114.000000 
39.946194 -181.861908 22.720642 89.000000 
39.793644 -181.914627 22.714474 76.000000 
40.059273 -181.815750 22.704092 97.000000 
39.939342 -181.852097 22.715284 92.000000 
39.791096 -181.901962 22.712215 89.000000 
39.932518 -181.842255 22.709944 95.000000 
39.791599 -181.887695 22.712084 91.000000 
39.931633 -181.829193 22.708975 101.000000 
39.793652 -181.872665 22.713037 91.000000 
39.660492 -181.906342 22.725655 69.000000 
39.933563 -181.814011 22.710064 77.000000 
39.792545 -181.858643 22.711761 88.000000 
39.653389 -181.895676 22.720316 72.000000 
39.785633 -181.848328 22.706455 91.000000 
39.649391 -181.883423 22.717031 72.000000 
39.840324 -181.833649 22.703613 101.000000 
39.705570 -181.867691 22.715075 72.000000 
39.847099 -181.816391 22.707876 65.000000 
39.703575 -181.855881 22.713184 77.000000 
39.538490 -181.907089 22.712891 68.000000 
39.708946 -181.839081 22.716112 82.000000 
39.534451 -181.894333 22.709560 69.000000 
39.701817 -181.827698 22.710730 88.000000 
39.533394 -181.879440 22.708063 71.000000 
39.369358 -181.927658 22.716305 75.000000 
39.837566 -181.780548 22.699816 62.000000 
39.535732 -181.863708 22.708740 83.000000 
39.363659 -181.915161 22.711964 66.000000 
39.535168 -181.850113 22.707638 85.000000 
39.361401 -181.901840 22.709717 72.000000 
39.845676 -181.749969 22.704575 62.000000 
39.531288 -181.837341 22.704420 71.000000 
39.373413 -181.881348 22.715900 76.000000 
39.163303 -181.945786 22.705299 94.000000 
39.366238 -181.869568 22.710695 81.000000 
39.164047 -181.929810 22.704594 99.000000 
39.365520 -181.854889 22.709332 85.000000 
39.171368 -181.911026 22.707588 89.000000 
39.348560 -181.846588 22.698267 73.000000 
39.168751 -181.895828 22.704958 99.000000 
38.978699 -181.947174 22.714708 69.000000 
39.164745 -181.881989 22.701609 100.000000 
38.976204 -181.932129 22.712116 84.000000 
39.155869 -181.870209 22.695526 100.000000 
38.978741 -181.915039 22.712194 93.000000 
39.163414 -181.851578 22.698683 74.000000 
38.976341 -181.900009 22.709669 87.000000 
38.762379 -181.957840 22.715954 87.000000 
38.970661 -181.886307 22.705408 100.000000 
38.748077 -181.946869 22.707376 114.000000 
38.973351 -181.869263 22.705597 100.000000 
38.755749 -181.927231 22.709793 116.000000 
38.976093 -181.852264 22.705828 93.000000 
38.744892 -181.914841 22.702951 116.000000 
38.524570 -181.969833 22.716211 60.000000 
39.151436 -181.794739 22.687660 82.000000 
38.747604 -181.897217 22.702908 119.000000 
38.503220 -181.960602 22.704578 120.000000 
39.162556 -181.775009 22.692881 70.000000 
38.753761 -181.878342 22.704605 120.000000 
38.502460 -181.943604 22.702644 122.000000 
38.756592 -181.860794 22.704647 81.000000 
38.518932 -181.920319 22.708839 122.000000 
38.521935 -181.902939 22.708786 125.000000 
38.245251 -181.973053 22.706665 121.000000 
38.967354 -181.777191 22.695221 61.000000 
38.514473 -181.888504 22.703730 124.000000 
38.235806 -181.958435 22.700748 124.000000 
38.510490 -181.872803 22.700323 124.000000 
38.247311 -181.936478 22.704123 126.000000 
38.751640 -181.797791 22.696829 72.000000 
38.248428 -181.918228 22.702911 128.000000 
38.238922 -181.902710 22.696918 129.000000 
38.514172 -181.819504 22.697489 111.000000 
38.234901 -181.886215 22.693453 128.000000 
38.510578 -181.804581 22.694384 102.000000 
38.231323 -181.871353 22.690363 113.000000 
38.242477 -181.814407 22.690414 113.000000 
41.814713 -181.827057 22.727606 81.000000 
41.804733 -181.823074 22.718328 83.000000 
41.808060 -181.808029 22.722702 83.000000 
41.808983 -181.794952 22.724604 83.000000 
41.802555 -181.787567 22.718981 83.000000 
41.701775 -181.828964 22.719614 65.000000 
41.798615 -181.778259 22.715893 77.000000 
41.705326 -181.813736 22.723803 68.000000 
41.794704 -181.768936 22.712822 86.000000 
41.703850 -181.802292 22.723110 68.000000 
41.595276 -181.847610 22.721256 64.000000 
41.797020 -181.754959 22.716099 94.000000 
41.697323 -181.794571 22.717518 68.000000 
41.595078 -181.834930 22.721622 76.000000 
41.799393 -181.741043 22.719414 107.000000 
41.693363 -181.784958 22.714405 68.000000 
41.589695 -181.825958 22.717218 84.000000 
41.795586 -181.731720 22.716417 64.000000 
41.693264 -181.772598 22.715019 73.000000 
41.588264 -181.814209 22.716434 81.000000 
41.690651 -181.762054 22.713188 78.000000 
41.579002 -181.807922 22.708456 81.000000 
41.484097 -181.839828 22.724348 78.000000 
41.685501 -181.753326 22.708899 102.000000 
41.580265 -181.794342 22.710129 87.000000 
41.474625 -181.833237 22.716440 81.000000 
41.685516 -181.740967 22.709595 68.000000 
41.584209 -181.778992 22.714251 87.000000 
41.465168 -181.826584 22.708536 76.000000 
41.360699 -181.862610 22.721182 63.000000 
41.681709 -181.731308 22.706589 65.000000 
41.582932 -181.767273 22.713577 84.000000 
41.469219 -181.810944 22.712385 79.000000 
41.355167 -181.852936 22.716761 82.000000 
41.674061 -181.724289 22.699862 60.000000 
41.576408 -181.759094 22.708086 92.000000 
41.470623 -181.797119 22.713924 79.000000 
41.352425 -181.841461 22.714638 82.000000 
41.571228 -181.750000 22.703819 64.000000 
41.469368 -181.785095 22.713142 81.000000 
41.359413 -181.823822 22.720543 84.000000 
41.224297 -181.877228 22.713455 61.000000 
41.675640 -181.698746 22.702681 61.000000 
41.570049 -181.738266 22.703215 62.000000 
41.464081 -181.775711 22.708845 91.000000 
41.355373 -181.813263 22.717340 78.000000 
41.221519 -181.865387 22.711239 90.000000 
41.461536 -181.764542 22.706930 94.000000 
41.354141 -181.800934 22.716450 84.000000 
41.220200 -181.852661 22.710161 92.000000 
41.352951 -181.788620 22.715590 84.000000 
41.226028 -181.835648 22.714674 85.000000 
41.349010 -181.778030 22.712456 93.000000 
41.219105 -181.826401 22.709204 85.000000 
41.092834 -181.869934 22.715345 66.000000 
41.347893 -181.765717 22.711647 93.000000 
41.219334 -181.812866 22.709330 79.000000 
41.095936 -181.854355 22.717421 75.000000 
41.216755 -181.801025 22.707253 85.000000 
41.088894 -181.844711 22.711967 75.000000 
41.211349 -181.790863 22.702963 92.000000 
41.092091 -181.829178 22.714111 79.000000 
40.958157 -181.874054 22.720451 76.000000 
41.216003 -181.774857 22.706539 96.000000 
41.090958 -181.816177 22.713043 83.000000 
40.943546 -181.868134 22.709774 89.000000 
41.086941 -181.804825 22.709829 83.000000 
40.946838 -181.852249 22.711689 88.000000 
41.091751 -181.788559 22.713167 79.000000 
40.939732 -181.842117 22.706287 88.000000 
40.808762 -181.877396 22.719994 69.000000 
41.090748 -181.775604 22.712191 86.000000 
40.944614 -181.825470 22.709324 91.000000 
40.799999 -181.867661 22.713583 72.000000 
40.949562 -181.808884 22.712408 82.000000 
40.801941 -181.852295 22.714310 67.000000 
40.945564 -181.797134 22.709194 62.000000 
40.806988 -181.835373 22.717110 69.000000 
40.934090 -181.789307 22.700714 62.000000 
40.858318 -181.821243 22.712318 77.000000 
40.695881 -181.874588 22.712872 62.000000 
40.855804 -181.808289 22.710083 74.000000 
40.699268 -181.857437 22.714245 65.000000 
40.847195 -181.798416 22.703777 77.000000 
40.695328 -181.845444 22.711065 63.000000 
40.522495 -181.899902 22.712982 77.000000 
40.846291 -181.784668 22.702616 66.000000 
40.687885 -181.833694 22.705601 69.000000 
40.530930 -181.880692 22.717125 83.000000 
40.680878 -181.823166 22.700487 71.000000 
40.529896 -181.866074 22.715616 78.000000 
40.689163 -181.803818 22.704973 78.000000 
40.519356 -181.855972 22.708427 78.000000 
40.344116 -181.907700 22.716890 82.000000 
40.515213 -181.842819 22.705069 76.000000 
40.331734 -181.897751 22.708838 100.000000 
40.521091 -181.826553 22.707796 81.000000 
40.324657 -181.886902 22.703890 100.000000 
40.526619 -181.809021 22.710236 85.000000 
40.320431 -181.873199 22.700451 94.000000 
40.329231 -181.853699 22.704386 96.000000 
40.130348 -181.912231 22.708372 77.000000 
40.329975 -181.837860 22.703773 100.000000 
40.122749 -181.899399 22.703102 92.000000 
40.327312 -181.822769 22.701189 100.000000 
40.138088 -181.875946 22.710028 100.000000 
39.921597 -181.937485 22.713968 63.000000 
40.143810 -181.857529 22.711893 100.000000 
39.905495 -181.927490 22.704487 109.000000 
40.143181 -181.842651 22.710434 100.000000 
39.914787 -181.907837 22.707859 118.000000 
40.132450 -181.831161 22.703518 105.000000 
39.920578 -181.888870 22.709414 117.000000 
39.924541 -181.869904 22.709995 115.000000 
39.678051 -181.938126 22.709164 121.000000 
39.913628 -181.857727 22.703156 120.000000 
39.678795 -181.920593 22.707985 125.000000 
39.907799 -181.843506 22.698883 121.000000 
39.686420 -181.900452 22.710083 125.000000 
39.673611 -181.888184 22.702499 126.000000 
39.420700 -181.954590 22.710257 105.000000 
39.673012 -181.872086 22.700794 126.000000 
39.418232 -181.938492 22.707548 121.000000 
39.912724 -181.793030 22.697510 65.000000 
39.672253 -181.855240 22.698950 127.000000 
39.405197 -181.925354 22.700056 123.000000 
39.685051 -181.832565 22.703495 109.000000 
39.404118 -181.906937 22.697821 125.000000 
39.899570 -181.764359 22.688221 72.000000 
39.408512 -181.887482 22.698130 126.000000 
39.418610 -181.867874 22.701166 125.000000 
39.402264 -181.855820 22.692232 113.000000 
39.408165 -181.834198 22.693100 114.000000 
39.398861 -181.819641 22.687336 105.000000 
39.409187 -181.800186 22.690538 120.000000 
39.412193 -181.781509 22.690321 121.000000 
42.957474 -181.771194 22.725834 68.000000 
42.955723 -181.760040 22.725105 64.000000 
42.949959 -181.750900 22.720324 77.000000 
42.945847 -181.741684 22.717134 80.000000 
42.939323 -181.734375 22.711449 80.000000 
42.940147 -181.721268 22.713327 83.000000 
42.938969 -181.711029 22.713030 80.000000 
42.839771 -181.752197 22.714725 61.000000 
42.939880 -181.697968 22.714970 86.000000 
42.733807 -181.784286 22.715816 60.000000 
42.930607 -181.691544 22.706518 83.000000 
42.843781 -181.722672 22.720337 68.000000 
42.729183 -181.773453 22.712214 60.000000 
42.839752 -181.713150 22.717196 68.000000 
42.728893 -181.760773 22.712557 66.000000 
42.833412 -181.705963 22.711758 78.000000 
42.732750 -181.745789 22.716694 70.000000 
42.619869 -181.791885 22.715992 81.000000 
42.826889 -181.698242 22.706173 75.000000 
42.728657 -181.735947 22.713497 68.000000 
42.626293 -181.774292 22.722036 83.000000 
42.720474 -181.728348 22.706543 73.000000 
42.627247 -181.759949 22.723289 81.000000 
42.919861 -181.638474 22.700266 61.000000 
42.716427 -181.718445 22.703381 73.000000 
42.617760 -181.753479 22.715364 72.000000 
42.508461 -181.794128 22.723038 88.000000 
42.722878 -181.701263 22.709908 76.000000 
42.616322 -181.741486 22.714491 76.000000 
42.512444 -181.778198 22.726555 82.000000 
42.612240 -181.731293 22.711290 76.000000 
42.506882 -181.768646 22.722134 72.000000 
42.372543 -181.823776 22.714991 61.000000 
42.611076 -181.719818 22.710627 79.000000 
42.498806 -181.761383 22.715605 78.000000 
42.381073 -181.805359 22.721731 95.000000 
42.615135 -181.704254 22.714548 74.000000 
42.501549 -181.746414 22.718077 72.000000 
42.373997 -181.796310 22.716166 92.000000 
42.494694 -181.737686 22.712564 72.000000 
42.366943 -181.787201 22.710615 92.000000 
42.500294 -181.720993 22.717400 78.000000 
42.362728 -181.776306 22.707302 92.000000 
42.248528 -181.814377 22.722069 66.000000 
42.493500 -181.712234 22.711933 81.000000 
42.367027 -181.760147 22.710695 92.000000 
42.245678 -181.802277 22.719769 83.000000 
42.374218 -181.742310 22.716364 92.000000 
42.237091 -181.793655 22.713177 89.000000 
42.363045 -181.735748 22.707554 99.000000 
42.244434 -181.775513 22.718489 83.000000 
42.105335 -181.825485 22.720444 76.000000 
42.368919 -181.718842 22.712181 97.000000 
42.248947 -181.759155 22.721685 83.000000 
42.092152 -181.818970 22.710758 94.000000 
42.247513 -181.745682 22.720427 89.000000 
42.099472 -181.799942 22.715569 91.000000 
42.243420 -181.734467 22.717188 83.000000 
42.107079 -181.781570 22.720602 85.000000 
42.230824 -181.728790 22.707600 104.000000 
42.100121 -181.772202 22.715343 76.000000 
41.971386 -181.807938 22.729424 65.000000 
42.095955 -181.760544 22.712038 82.000000 
41.961060 -181.799240 22.721973 72.000000 
42.091816 -181.748871 22.708755 94.000000 
41.950748 -181.790466 22.714531 69.000000 
42.093678 -181.733932 22.709723 94.000000 
41.946526 -181.778397 22.711178 69.000000 
41.801552 -181.824203 22.722330 80.000000 
41.951466 -181.761475 22.713972 74.000000 
41.846344 -181.812042 22.713446 73.000000 
42.011757 -181.741669 22.715265 82.000000 
41.848244 -181.796326 22.713963 76.000000 
42.007660 -181.729614 22.712000 81.000000 
41.847092 -181.782211 22.712545 73.000000 
41.690975 -181.831146 22.723663 75.000000 
42.140434 -181.680161 22.700686 60.000000 
41.849094 -181.766541 22.713137 83.000000 
41.677155 -181.822861 22.714497 76.000000 
41.843376 -181.754791 22.708818 96.000000 
41.679150 -181.806747 22.714842 81.000000 
41.488758 -181.868378 22.713776 63.000000 
41.840801 -181.741470 22.706503 70.000000 
41.687531 -181.787598 22.719036 83.000000 
41.485909 -181.854050 22.711124 92.000000 
41.683304 -181.774612 22.715651 85.000000 
41.481495 -181.840485 22.707588 89.000000 
41.682289 -181.760117 22.714203 87.000000 
41.499676 -181.816360 22.716906 89.000000 
41.668610 -181.751587 22.705130 75.000000 
41.490532 -181.805084 22.710693 86.000000 
41.297321 -181.863144 22.716652 77.000000 
41.483025 -181.792999 22.705418 99.000000 
41.309490 -181.842407 22.722054 84.000000 
41.478786 -181.779404 22.702003 100.000000 
41.300190 -181.830536 22.715883 81.000000 
41.479446 -181.763626 22.701385 94.000000 
41.299129 -181.815002 22.714144 77.000000 
41.086857 -181.877213 22.719049 84.000000 
41.284958 -181.805206 22.705366 77.000000 
41.082378 -181.862518 22.715433 108.000000 
41.292423 -181.786789 22.708284 87.000000 
41.086510 -181.845016 22.716249 102.000000 
41.078781 -181.831711 22.711004 81.000000 
40.857010 -181.893341 22.721155 102.000000 
41.077560 -181.814865 22.709002 106.000000 
40.852257 -181.877228 22.717304 121.000000 
41.086662 -181.794632 22.712309 84.000000 
40.847782 -181.861862 22.713669 122.000000 
41.082420 -181.779922 22.708860 68.000000 
40.841648 -181.847153 22.709251 124.000000 
40.852562 -181.825714 22.712982 124.000000 
40.581829 -181.901947 22.711063 121.000000 
40.851856 -181.809784 22.711254 125.000000 
40.579231 -181.885941 22.708309 123.000000 
40.847569 -181.794403 22.707754 124.000000 
40.593708 -181.862595 22.713142 124.000000 
40.591000 -181.845856 22.710289 123.000000 
40.586613 -181.829727 22.706694 124.000000 
40.578812 -181.814850 22.701574 126.000000 
40.847984 -181.726395 22.702267 103.000000 
40.579712 -181.796799 22.700378 110.000000 
40.587601 -181.776276 22.702345 108.000000 
40.576473 -181.762573 22.695763 105.000000 
40.577744 -181.745377 22.694855 66.000000 
44.108353 -181.706833 22.724651 85.000000 
44.104053 -181.697739 22.721354 90.000000 
44.096195 -181.691635 22.714329 101.000000 
44.091942 -181.682480 22.711061 101.000000 
43.997208 -181.722977 22.716969 85.000000 
44.090324 -181.671783 22.710482 101.000000 
43.993080 -181.714020 22.713797 68.000000 
44.088535 -181.660629 22.709764 101.000000 
43.991234 -181.702591 22.712919 65.000000 
44.086578 -181.649033 22.708916 101.000000 
43.989216 -181.690689 22.711908 68.000000 
44.081238 -181.640808 22.704475 107.000000 
43.993652 -181.674393 22.717216 73.000000 
43.881195 -181.726334 22.710577 71.000000 
44.077332 -181.632065 22.701468 94.000000 
43.980949 -181.672226 22.705544 82.000000 
43.879612 -181.715103 22.709780 73.000000 
43.979248 -181.660797 22.704767 82.000000 
43.881683 -181.700485 22.712427 87.000000 
43.977581 -181.649368 22.704018 86.000000 
43.874844 -181.692642 22.706732 84.000000 
43.771683 -181.733734 22.714426 74.000000 
44.068821 -181.601456 22.695883 61.000000 
43.970943 -181.641769 22.698360 86.000000 
43.870590 -181.682846 22.703447 89.000000 
43.771252 -181.720795 22.714546 81.000000 
44.067268 -181.590286 22.695335 64.000000 
43.863789 -181.674927 22.697779 92.000000 
43.764282 -181.712616 22.708862 88.000000 
44.059631 -181.583847 22.688457 80.000000 
43.869896 -181.657532 22.704159 92.000000 
43.759972 -181.702515 22.705530 79.000000 
43.656513 -181.741028 22.717974 89.000000 
43.868530 -181.646332 22.703516 103.000000 
43.753258 -181.694763 22.700039 79.000000 
43.650986 -181.732086 22.713610 88.000000 
43.751648 -181.682739 22.699087 88.000000 
43.645264 -181.722595 22.709091 90.000000 
43.762020 -181.662384 22.708738 91.000000 
43.639568 -181.713074 22.704590 72.000000 
43.753860 -181.655029 22.701975 94.000000 
43.642056 -181.697998 22.706953 70.000000 
43.513702 -181.750809 22.704237 90.000000 
43.641663 -181.684280 22.706907 72.000000 
43.511845 -181.737595 22.702852 92.000000 
43.638794 -181.672913 22.704767 78.000000 
43.508862 -181.725861 22.700560 89.000000 
43.637123 -181.660110 22.703638 84.000000 
43.512676 -181.709045 22.703680 85.000000 
43.389023 -181.754776 22.710712 60.000000 
43.509777 -181.697327 22.701450 82.000000 
43.383167 -181.744492 22.706188 83.000000 
43.497101 -181.691803 22.691437 96.000000 
43.391644 -181.725296 22.712471 83.000000 
43.495659 -181.679138 22.690361 92.000000 
43.387295 -181.714142 22.709085 83.000000 
43.245846 -181.767578 22.708921 76.000000 
43.382980 -181.702957 22.705721 86.000000 
43.244305 -181.754257 22.707531 94.000000 
43.378700 -181.691757 22.702379 81.000000 
43.236946 -181.744400 22.701981 88.000000 
43.380211 -181.677078 22.703405 86.000000 
43.235485 -181.731049 22.700642 85.000000 
43.112976 -181.765182 22.719082 61.000000 
43.486061 -181.631104 22.682974 62.000000 
43.237003 -181.716003 22.701437 88.000000 
43.104244 -181.756409 22.712727 63.000000 
43.232903 -181.704956 22.698227 98.000000 
43.095306 -181.746964 22.706211 72.000000 
43.240417 -181.686569 22.703306 91.000000 
43.096695 -181.730988 22.706657 72.000000 
43.240406 -181.671875 22.702991 73.000000 
43.102875 -181.713135 22.710373 77.000000 
43.362392 -181.619171 22.689373 60.000000 
43.095547 -181.702805 22.704948 77.000000 
42.931171 -181.760712 22.702888 60.000000 
43.091267 -181.690796 22.701586 82.000000 
42.937485 -181.742493 22.706289 68.000000 
43.284794 -181.632919 22.692862 66.000000 
42.986919 -181.727692 22.700516 71.000000 
43.289616 -181.616379 22.696022 64.000000 
42.988934 -181.712601 22.701204 64.000000 
42.978657 -181.703934 22.694012 66.000000 
42.821453 -181.739395 22.703325 61.000000 
42.652412 -181.792648 22.713829 94.000000 
42.819981 -181.724228 22.701591 61.000000 
42.634857 -181.784805 22.702742 89.000000 
42.821922 -181.708145 22.701975 65.000000 
42.633530 -181.769760 22.700998 78.000000 
42.629044 -181.756271 22.697454 81.000000 
42.457806 -181.807449 22.715027 63.000000 
42.632618 -181.738937 22.698536 83.000000 
42.443447 -181.798035 22.706112 74.000000 
42.641064 -181.719376 22.702425 83.000000 
42.442142 -181.782486 22.704260 75.000000 
42.636723 -181.705902 22.698982 83.000000 
42.444149 -181.765472 22.704208 75.000000 
42.240910 -181.826599 22.713154 79.000000 
42.452744 -181.745514 22.707735 84.000000 
42.231297 -181.814209 22.706932 106.000000 
42.623322 -181.681091 22.689398 60.000000 
42.448330 -181.731506 22.704227 92.000000 
42.230003 -181.798111 22.704960 115.000000 
42.630596 -181.663101 22.692694 61.000000 
42.442535 -181.718918 22.700031 78.000000 
42.235630 -181.779861 22.706594 102.000000 
42.239429 -181.761658 22.707245 111.000000 
41.999954 -181.833298 22.707670 121.000000 
42.233082 -181.747025 22.702660 115.000000 
42.016979 -181.808044 22.714296 121.000000 
42.215332 -181.738022 22.692312 86.000000 
42.007324 -181.794922 22.708193 117.000000 
42.006378 -181.779037 22.706360 121.000000 
41.745274 -181.855255 22.707853 113.000000 
42.000175 -181.764450 22.701935 124.000000 
41.742264 -181.838562 22.704845 124.000000 
42.004177 -181.745728 22.702435 125.000000 
41.735870 -181.823212 22.700321 125.000000 
41.729523 -181.807831 22.695827 125.000000 
41.736961 -181.787094 22.697582 126.000000 
41.989368 -181.700470 22.691080 61.000000 
41.741035 -181.767746 22.697832 126.000000 
41.729450 -181.753494 22.690924 124.000000 
41.733635 -181.734177 22.691256 121.000000 
41.726021 -181.720184 22.686327 120.000000 
41.716499 -181.705978 22.680462 115.000000 
45.240543 -181.660110 22.724201 79.000000 
45.234882 -181.652084 22.719551 83.000000 
45.230194 -181.642532 22.715982 77.000000 
45.230488 -181.629288 22.717566 80.000000 
45.229866 -181.617569 22.718107 74.000000 
45.128262 -181.665466 22.717245 70.000000 
45.225502 -181.608459 22.714777 77.000000 
45.128643 -181.651978 22.718657 63.000000 
45.225925 -181.595276 22.716455 80.000000 
45.126625 -181.640549 22.717678 60.000000 
45.219238 -181.588165 22.710672 77.000000 
45.127098 -181.627106 22.719158 61.000000 
45.018932 -181.677948 22.717007 71.000000 
45.219742 -181.574997 22.712406 77.000000 
45.120251 -181.619705 22.713367 60.000000 
45.019436 -181.664200 22.718275 73.000000 
45.115879 -181.610275 22.710026 61.000000 
45.014942 -181.654495 22.714836 76.000000 
45.116257 -181.596390 22.711426 63.000000 
45.008987 -181.645279 22.710060 78.000000 
45.119377 -181.581024 22.715477 68.000000 
45.003277 -181.636505 22.705469 74.000000 
44.902931 -181.676941 22.716209 75.000000 
45.001621 -181.625259 22.704639 76.000000 
44.893417 -181.671341 22.708282 79.000000 
45.006153 -181.608627 22.709637 81.000000 
44.891514 -181.659302 22.707140 70.000000 
44.784332 -181.702316 22.717062 63.000000 
44.999264 -181.600815 22.703918 84.000000 
44.892262 -181.645309 22.708347 72.000000 
44.781067 -181.690964 22.714657 82.000000 
44.996227 -181.590042 22.701805 72.000000 
44.895676 -181.629425 22.711918 79.000000 
44.769798 -181.685394 22.705509 93.000000 
44.891281 -181.619354 22.708542 76.000000 
44.770615 -181.671112 22.706532 81.000000 
44.889545 -181.607361 22.707521 76.000000 
44.779552 -181.651138 22.714380 75.000000 
44.651863 -181.706024 22.712488 79.000000 
44.879940 -181.601044 22.699512 70.000000 
44.771049 -181.643570 22.707552 72.000000 
44.647251 -181.695267 22.708941 85.000000 
44.765266 -181.634079 22.703003 78.000000 
44.649567 -181.679764 22.710913 92.000000 
44.763561 -181.621750 22.701883 75.000000 
44.646412 -181.668060 22.708519 89.000000 
44.764614 -181.607559 22.703074 75.000000 
44.639137 -181.659119 22.702841 89.000000 
44.524258 -181.700882 22.717119 69.000000 
44.878796 -181.549301 22.700481 60.000000 
44.634659 -181.648300 22.699389 89.000000 
44.521076 -181.688843 22.714642 83.000000 
44.639942 -181.631042 22.703709 96.000000 
44.517929 -181.676788 22.712191 89.000000 
44.638329 -181.618408 22.702532 92.000000 
44.510559 -181.667465 22.706547 89.000000 
44.378151 -181.717361 22.713591 76.000000 
44.511749 -181.652664 22.707367 86.000000 
44.366249 -181.710342 22.704813 89.000000 
44.515850 -181.636108 22.710381 95.000000 
44.365990 -181.696060 22.704357 94.000000 
44.514294 -181.623169 22.709122 86.000000 
44.367233 -181.680893 22.704975 91.000000 
44.228649 -181.726273 22.712973 77.000000 
44.371449 -181.664001 22.707722 94.000000 
44.232903 -181.709015 22.715395 77.000000 
44.366955 -181.652420 22.704239 88.000000 
44.235733 -181.692703 22.716854 72.000000 
44.362495 -181.640839 22.700781 88.000000 
44.234142 -181.679016 22.715324 74.000000 
44.361004 -181.627487 22.699444 67.000000 
44.231102 -181.666214 22.712816 77.000000 
44.073578 -181.723373 22.715607 77.000000 
44.219120 -181.658524 22.704250 72.000000 
44.067394 -181.711823 22.711008 83.000000 
44.219143 -181.643967 22.703817 77.000000 
44.065819 -181.697693 22.709364 80.000000 
44.355312 -181.588348 22.694561 62.000000 
44.058174 -181.686935 22.703835 80.000000 
43.907642 -181.737167 22.718634 79.000000 
44.114933 -181.667679 22.703512 88.000000 
43.958130 -181.720901 22.714323 85.000000 
44.122673 -181.648575 22.707855 88.000000 
43.947231 -181.711319 22.706909 78.000000 
43.951946 -181.693451 22.708963 87.000000 
43.769176 -181.756195 22.712111 79.000000 
43.962978 -181.672394 22.714853 87.000000 
43.758060 -181.746002 22.704756 100.000000 
43.958447 -181.659515 22.711313 92.000000 
43.761265 -181.728500 22.705601 92.000000 
44.111195 -181.595490 22.698038 62.000000 
43.939854 -181.653824 22.699242 65.000000 
43.767715 -181.709427 22.708315 86.000000 
43.755112 -181.699936 22.700121 89.000000 
43.571068 -181.758423 22.711195 77.000000 
43.748909 -181.687225 22.695595 99.000000 
43.579250 -181.738159 22.714455 87.000000 
43.739544 -181.676041 22.689262 89.000000 
43.572910 -181.724960 22.709877 72.000000 
43.561737 -181.714050 22.702692 77.000000 
43.368977 -181.773331 22.717798 107.000000 
43.756138 -181.636612 22.696882 60.000000 
43.561966 -181.697708 22.701681 87.000000 
43.355919 -181.762573 22.709816 114.000000 
43.761337 -181.618561 22.698929 68.000000 
43.570389 -181.677612 22.705116 69.000000 
43.359386 -181.744186 22.710258 102.000000 
43.353001 -181.730316 22.705690 108.000000 
43.139233 -181.793945 22.719540 104.000000 
43.351616 -181.714203 22.703680 114.000000 
43.124294 -181.783142 22.710875 122.000000 
43.563416 -181.632553 22.698013 61.000000 
43.356911 -181.695160 22.705091 118.000000 
43.116096 -181.769333 22.705444 123.000000 
43.126419 -181.747498 22.708912 123.000000 
43.346107 -181.666611 22.697016 72.000000 
43.130093 -181.728638 22.709204 123.000000 
42.861099 -181.811142 22.707760 121.000000 
43.339931 -181.652649 22.692595 61.000000 
43.125404 -181.713379 22.705494 126.000000 
42.866413 -181.790863 22.708477 122.000000 
42.866673 -181.772751 22.706934 124.000000 
42.866993 -181.754654 22.705431 123.000000 
43.111832 -181.668243 22.694727 106.000000 
42.862469 -181.739441 22.701839 125.000000 
43.127628 -181.644669 22.700930 102.000000 
42.850899 -181.726120 22.694990 126.000000 
42.867344 -181.683899 22.699238 61.000000 
42.859573 -181.669998 22.694223 117.000000 
46.361652 -181.587387 22.712547 84.000000 
46.363987 -181.571915 22.716475 102.000000 
46.368721 -181.554398 22.722914 107.000000 
46.365330 -181.544281 22.720751 101.000000 
46.360802 -181.535202 22.717373 91.000000 
46.265572 -181.579163 22.723051 77.000000 
46.353943 -181.528183 22.711531 101.000000 
46.262150 -181.568771 22.720806 78.000000 
46.354176 -181.514938 22.713156 101.000000 
46.257549 -181.559402 22.717373 82.000000 
46.354458 -181.501709 22.714817 104.000000 
46.251762 -181.551041 22.712746 73.000000 
46.150059 -181.598114 22.717190 73.000000 
46.351234 -181.491577 22.712770 111.000000 
46.248432 -181.540604 22.710562 70.000000 
46.146626 -181.587387 22.714870 90.000000 
46.348042 -181.481430 22.710747 67.000000 
46.252453 -181.524063 22.715696 73.000000 
46.141972 -181.577682 22.711395 87.000000 
46.244312 -181.517685 22.708698 70.000000 
46.139854 -181.565933 22.710304 87.000000 
46.241081 -181.507233 22.706587 89.000000 
46.145321 -181.548126 22.716356 87.000000 
46.030083 -181.601898 22.713484 64.000000 
46.235432 -181.498779 22.702055 68.000000 
46.138264 -181.540421 22.710585 84.000000 
46.031845 -181.586853 22.715736 75.000000 
46.131218 -181.532669 22.704823 81.000000 
46.024609 -181.578812 22.709946 83.000000 
46.129253 -181.520920 22.703840 87.000000 
46.022572 -181.566757 22.708796 83.000000 
45.914379 -181.611801 22.717886 76.000000 
46.127327 -181.509171 22.702885 78.000000 
46.017979 -181.556686 22.705355 76.000000 
45.914974 -181.597488 22.718843 82.000000 
46.013416 -181.546585 22.701933 76.000000 
45.907631 -181.589081 22.713083 78.000000 
46.016708 -181.530640 22.705513 88.000000 
45.902973 -181.578690 22.709591 81.000000 
45.786507 -181.627396 22.717199 72.000000 
46.020061 -181.514755 22.709137 79.000000 
45.898346 -181.568283 22.706121 78.000000 
45.783108 -181.615707 22.714720 79.000000 
45.893749 -181.557846 22.702671 81.000000 
45.777008 -181.605911 22.710072 82.000000 
45.907982 -181.534027 22.715117 87.000000 
45.769562 -181.597061 22.704344 79.000000 
45.900791 -181.525528 22.709465 90.000000 
45.774506 -181.579605 22.708527 75.000000 
45.654446 -181.626556 22.718950 63.000000 
45.775387 -181.565048 22.709455 85.000000 
45.638435 -181.623001 22.706848 68.000000 
45.769421 -181.555206 22.704903 96.000000 
45.639317 -181.608078 22.707544 68.000000 
45.764862 -181.544403 22.701471 92.000000 
45.645901 -181.589462 22.712553 68.000000 
45.498192 -181.651215 22.708689 67.000000 
45.891209 -181.478195 22.702997 62.000000 
45.635586 -181.582016 22.704763 68.000000 
45.500568 -181.635025 22.710220 73.000000 
45.636620 -181.567169 22.705564 72.000000 
45.504452 -181.617966 22.712830 82.000000 
45.630379 -181.556335 22.700855 79.000000 
45.499477 -181.605850 22.709082 82.000000 
45.364258 -181.651077 22.719591 66.000000 
45.756466 -181.494110 22.695595 63.000000 
45.488976 -181.597900 22.701378 82.000000 
45.359665 -181.639740 22.716127 67.000000 
45.487434 -181.585068 22.700106 82.000000 
45.357826 -181.626007 22.714516 66.000000 
45.488609 -181.569885 22.700775 88.000000 
45.348621 -181.616714 22.707903 67.000000 
45.352798 -181.599426 22.710377 72.000000 
45.357040 -181.582184 22.712896 69.000000 
45.186268 -181.648712 22.707428 62.000000 
45.350918 -181.571091 22.708380 77.000000 
45.187748 -181.633408 22.707855 62.000000 
45.187527 -181.618378 22.707165 65.000000 
45.017384 -181.681625 22.710428 73.000000 
45.189110 -181.603119 22.707664 69.000000 
45.012466 -181.668686 22.706705 75.000000 
45.178089 -181.593430 22.700016 73.000000 
45.019978 -181.648956 22.710527 72.000000 
45.068752 -181.632690 22.705208 75.000000 
44.886395 -181.697678 22.709379 63.000000 
45.070171 -181.616394 22.705349 69.000000 
44.878258 -181.685867 22.703798 89.000000 
45.059196 -181.606750 22.697968 75.000000 
44.879631 -181.669052 22.703671 86.000000 
45.063591 -181.588165 22.699890 73.000000 
44.876072 -181.654053 22.700678 78.000000 
44.871220 -181.640549 22.696993 71.000000 
44.694233 -181.698685 22.712751 66.000000 
44.872990 -181.624451 22.697159 81.000000 
44.681446 -181.689407 22.704802 72.000000 
45.062443 -181.543381 22.697126 60.000000 
44.868217 -181.610916 22.693533 99.000000 
44.678104 -181.674545 22.701908 87.000000 
44.687725 -181.653336 22.706039 78.000000 
44.483810 -181.719803 22.715929 66.000000 
44.690960 -181.635376 22.706726 90.000000 
44.459087 -181.714584 22.702063 109.000000 
44.853909 -181.569519 22.682642 63.000000 
44.690777 -181.618301 22.705521 87.000000 
44.458740 -181.696823 22.700558 119.000000 
44.471855 -181.673660 22.705994 118.000000 
44.467190 -181.659729 22.702435 118.000000 
44.237072 -181.732956 22.709154 118.000000 
44.465618 -181.643539 22.700403 122.000000 
44.237007 -181.715378 22.707682 125.000000 
44.460552 -181.628113 22.696535 68.000000 
44.245113 -181.693314 22.710075 126.000000 
44.241821 -181.677277 22.707083 125.000000 
44.467587 -181.591309 22.697727 76.000000 
44.225163 -181.667099 22.697678 126.000000 
43.981918 -181.741135 22.709101 123.000000 
44.228672 -181.648102 22.697973 127.000000 
43.966618 -181.729416 22.700598 127.000000 
43.964954 -181.711884 22.698254 128.000000 
43.968460 -181.692215 22.698254 129.000000 
44.226093 -181.596985 22.692635 117.000000 
43.970325 -181.673294 22.697531 131.000000 
43.968834 -181.655792 22.695307 119.000000 
43.957378 -181.643250 22.688663 64.000000 
47.500843 -181.494934 22.723324 79.000000 
47.499542 -181.482651 22.723492 102.000000 
47.497124 -181.471451 22.722466 107.000000 
47.490105 -181.464539 22.716543 97.000000 
47.490082 -181.451202 22.718025 94.000000 
47.390259 -181.500488 22.719549 77.000000 
47.493603 -181.434723 22.723249 91.000000 
47.380688 -181.495361 22.711220 83.000000 
47.489010 -181.425659 22.719862 85.000000 
47.384327 -181.478577 22.716129 79.000000 
47.483269 -181.417618 22.715254 94.000000 
47.385632 -181.463943 22.718678 73.000000 
47.273163 -181.521606 22.713112 67.000000 
47.477551 -181.409546 22.710659 104.000000 
47.383369 -181.452484 22.717642 73.000000 
47.275753 -181.505630 22.716581 90.000000 
47.375095 -181.446198 22.710585 75.000000 
47.278404 -181.489700 22.720095 92.000000 
47.370239 -181.436295 22.707001 79.000000 
47.273418 -181.479538 22.716413 92.000000 
47.370506 -181.422760 22.708462 75.000000 
47.266205 -181.471878 22.710567 87.000000 
47.167690 -181.513611 22.723499 60.000000 
47.464146 -181.368362 22.702257 61.000000 
47.364727 -181.414337 22.703876 60.000000 
47.256508 -181.466217 22.702368 81.000000 
47.156471 -181.508728 22.714205 75.000000 
47.261848 -181.448334 22.708380 92.000000 
47.151669 -181.498688 22.710655 88.000000 
47.262470 -181.435028 22.709871 78.000000 
47.141987 -181.493164 22.702696 86.000000 
47.036438 -181.537369 22.714943 76.000000 
47.255360 -181.427277 22.704098 84.000000 
47.142384 -181.479034 22.703791 88.000000 
47.026279 -181.531006 22.706860 88.000000 
47.145420 -181.462952 22.707233 86.000000 
47.022736 -181.519577 22.704380 84.000000 
47.138157 -181.454834 22.701460 86.000000 
47.023201 -181.505157 22.705290 75.000000 
46.904125 -181.557144 22.711653 65.000000 
47.137402 -181.441757 22.701496 91.000000 
47.026375 -181.488800 22.708487 78.000000 
46.903255 -181.543411 22.711260 95.000000 
47.021629 -181.478378 22.704971 84.000000 
46.901073 -181.530685 22.709808 79.000000 
47.019581 -181.465973 22.703733 93.000000 
46.903023 -181.515015 22.711664 72.000000 
47.018906 -181.452606 22.703655 99.000000 
46.899567 -181.503281 22.709185 79.000000 
46.771347 -181.557343 22.714046 63.000000 
47.010017 -181.444519 22.696644 75.000000 
46.895912 -181.490982 22.706554 75.000000 
46.771748 -181.541794 22.714437 72.000000 
46.892532 -181.479233 22.704128 79.000000 
46.766853 -181.530655 22.710806 70.000000 
46.889423 -181.468002 22.701902 85.000000 
46.762234 -181.520050 22.707376 70.000000 
46.629021 -181.573975 22.714882 75.000000 
46.894367 -181.450562 22.706137 79.000000 
46.757401 -181.508881 22.703789 70.000000 
46.619740 -181.565262 22.708097 94.000000 
46.755413 -181.495789 22.702356 72.000000 
46.617649 -181.551804 22.706470 85.000000 
46.763336 -181.476196 22.708439 79.000000 
46.615601 -181.538345 22.704876 85.000000 
46.757217 -181.465942 22.703867 92.000000 
46.613598 -181.524887 22.703314 85.000000 
46.466583 -181.578568 22.706697 86.000000 
46.614521 -181.509598 22.703852 88.000000 
46.471882 -181.560135 22.709969 86.000000 
46.609718 -181.497986 22.700279 91.000000 
46.477249 -181.541763 22.713291 83.000000 
46.604950 -181.486359 22.696730 88.000000 
46.469402 -181.531586 22.707644 78.000000 
46.306488 -181.596008 22.708509 68.000000 
46.464539 -181.519577 22.704020 81.000000 
46.313480 -181.576370 22.712477 77.000000 
46.459465 -181.506927 22.700241 86.000000 
46.306732 -181.564178 22.707605 78.000000 
46.602253 -181.443649 22.694407 60.000000 
46.466541 -181.487793 22.704731 92.000000 
46.301773 -181.551712 22.703909 73.000000 
46.294071 -181.541580 22.698477 76.000000 
46.134720 -181.600082 22.709373 85.000000 
46.295238 -181.525574 22.698721 76.000000 
46.125042 -181.589722 22.702797 92.000000 
46.296463 -181.509583 22.699003 78.000000 
46.120014 -181.576706 22.699041 85.000000 
46.184246 -181.551926 22.703083 83.000000 
45.995819 -181.621811 22.704556 67.000000 
46.188339 -181.533173 22.704849 81.000000 
45.982563 -181.611832 22.696028 89.000000 
46.186550 -181.518509 22.703081 87.000000 
45.983749 -181.594879 22.695818 83.000000 
45.991550 -181.575302 22.699453 86.000000 
45.983387 -181.563400 22.693899 83.000000 
45.803078 -181.623917 22.708702 67.000000 
45.976837 -181.550644 22.689274 92.000000 
45.804352 -181.606567 22.708323 81.000000 
45.973484 -181.536209 22.686489 78.000000 
45.800861 -181.591690 22.705378 75.000000 
45.795559 -181.576904 22.701406 75.000000 
45.582256 -181.650482 22.707588 79.000000 
45.790550 -181.562790 22.697653 84.000000 
45.568867 -181.639771 22.699518 112.000000 
45.784214 -181.550156 22.693237 77.000000 
45.578667 -181.618622 22.703325 108.000000 
45.573536 -181.603897 22.699478 114.000000 
45.570091 -181.588379 22.696499 120.000000 
45.340141 -181.663422 22.704487 109.000000 
45.569981 -181.571289 22.695229 117.000000 
45.324894 -181.652634 22.695755 122.000000 
45.331604 -181.632614 22.697620 123.000000 
45.344795 -181.608856 22.702543 123.000000 
45.068066 -181.699814 22.699762 106.000000 
45.339443 -181.592697 22.698517 125.000000 
45.055672 -181.685791 22.692486 123.000000 
45.339413 -181.575058 22.697124 113.000000 
45.065605 -181.662903 22.695349 124.000000 
45.065441 -181.644516 22.693686 124.000000 
45.319382 -181.548584 22.684776 106.000000 
45.061943 -181.627579 22.690533 124.000000 
45.049988 -181.614243 22.683577 126.000000 
45.055092 -181.593689 22.684332 68.000000 
45.060390 -181.554855 22.683678 120.000000 
48.632183 -181.407074 22.715765 84.000000 
48.621559 -181.403519 22.706100 94.000000 
48.628082 -181.383514 22.714804 91.000000 
48.633545 -181.364700 22.722342 94.000000 
48.626446 -181.357849 22.716415 94.000000 
48.522373 -181.412811 22.713537 77.000000 
48.620514 -181.349869 22.711731 101.000000 
48.528095 -181.393753 22.720753 78.000000 
48.616909 -181.339722 22.709528 97.000000 
48.519653 -181.387650 22.713625 73.000000 
48.615658 -181.327438 22.709818 101.000000 
48.512405 -181.380432 22.707705 73.000000 
48.411270 -181.430008 22.713339 70.000000 
48.617931 -181.312012 22.713854 104.000000 
48.503979 -181.374222 22.700590 75.000000 
48.409962 -181.417145 22.713245 86.000000 
48.610954 -181.305038 22.708012 65.000000 
48.506332 -181.358459 22.704340 75.000000 
48.400101 -181.411713 22.704979 84.000000 
48.511147 -181.340652 22.710552 79.000000 
48.400089 -181.397781 22.706110 84.000000 
48.597267 -181.291412 22.696526 68.000000 
48.505447 -181.332779 22.706091 102.000000 
48.400375 -181.384369 22.707453 87.000000 
48.293346 -181.434753 22.712845 60.000000 
48.598541 -181.277069 22.699436 65.000000 
48.402939 -181.368423 22.711014 89.000000 
48.283279 -181.428909 22.704655 66.000000 
48.395649 -181.360794 22.705173 84.000000 
48.273216 -181.423004 22.696468 74.000000 
48.393349 -181.348999 22.704075 81.000000 
48.286076 -181.398483 22.708946 81.000000 
48.165501 -181.456451 22.708019 76.000000 
48.495045 -181.287384 22.700953 61.000000 
48.382130 -181.343887 22.694538 76.000000 
48.278385 -181.389999 22.702927 79.000000 
48.154961 -181.449661 22.699718 88.000000 
48.273514 -181.379929 22.699402 74.000000 
48.161705 -181.430054 22.706120 87.000000 
48.268673 -181.369843 22.695898 79.000000 
48.156719 -181.419662 22.702513 81.000000 
48.036774 -181.474228 22.708279 69.000000 
48.266426 -181.357727 22.694725 83.000000 
48.149136 -181.411270 22.696682 84.000000 
48.037041 -181.459457 22.708918 100.000000 
48.149475 -181.396805 22.697603 84.000000 
48.031971 -181.448715 22.705248 89.000000 
48.147228 -181.384369 22.696312 90.000000 
48.029636 -181.435959 22.703777 89.000000 
48.153198 -181.366516 22.701984 87.000000 
48.022179 -181.427689 22.698153 85.000000 
47.903912 -181.476532 22.711193 69.000000 
48.141766 -181.361008 22.692860 62.000000 
48.026688 -181.409988 22.702196 82.000000 
47.898792 -181.465424 22.707485 83.000000 
48.032623 -181.391373 22.707382 82.000000 
47.892323 -181.455261 22.702744 77.000000 
48.130890 -181.341003 22.684809 62.000000 
48.026390 -181.381592 22.702753 85.000000 
47.895603 -181.438248 22.705439 79.000000 
47.748737 -181.503662 22.703232 75.000000 
48.135502 -181.323730 22.689323 65.000000 
47.896168 -181.423233 22.706057 86.000000 
47.747807 -181.489182 22.702539 94.000000 
47.891201 -181.412079 22.702456 83.000000 
47.745502 -181.475677 22.700859 82.000000 
47.888821 -181.398438 22.700832 83.000000 
47.750111 -181.456833 22.704165 73.000000 
48.015186 -181.332092 22.695284 64.000000 
47.881126 -181.389160 22.695147 83.000000 
47.747910 -181.443359 22.702557 73.000000 
47.606060 -181.496735 22.709587 86.000000 
47.738846 -181.435181 22.695997 79.000000 
47.602345 -181.483826 22.706829 91.000000 
47.739582 -181.419830 22.696508 79.000000 
47.592823 -181.474640 22.700109 86.000000 
47.734631 -181.408203 22.692911 71.000000 
47.587715 -181.462601 22.696400 83.000000 
47.440113 -181.519943 22.707825 68.000000 
47.591442 -181.445038 22.698721 81.000000 
47.439358 -181.504745 22.706909 74.000000 
47.595234 -181.427521 22.701090 83.000000 
47.428177 -181.495941 22.699278 73.000000 
47.587315 -181.417313 22.695465 81.000000 
47.423008 -181.483429 22.695522 69.000000 
47.432884 -181.461914 22.701475 69.000000 
47.251347 -181.535980 22.698830 77.000000 
47.427811 -181.449432 22.697786 73.000000 
47.252178 -181.519409 22.698713 92.000000 
47.422775 -181.436935 22.694126 73.000000 
47.256130 -181.501099 22.700506 87.000000 
47.250946 -181.488113 22.696735 81.000000 
47.064659 -181.559525 22.699938 63.000000 
47.245800 -181.475098 22.692993 90.000000 
47.067116 -181.541626 22.700531 85.000000 
47.294147 -181.457932 22.687294 87.000000 
47.110558 -181.526611 22.692074 86.000000 
47.302937 -181.437119 22.692064 63.000000 
47.103714 -181.513901 22.687338 89.000000 
47.105007 -181.497559 22.687328 92.000000 
46.921997 -181.562119 22.701260 69.000000 
47.104527 -181.481415 22.686264 99.000000 
46.916622 -181.548035 22.697350 70.000000 
47.105671 -181.464447 22.686144 100.000000 
46.916073 -181.531387 22.696064 68.000000 
46.913982 -181.515610 22.693951 73.000000 
46.699699 -181.592850 22.700310 61.000000 
46.915142 -181.498169 22.693613 75.000000 
46.684490 -181.583054 22.691359 107.000000 
46.914761 -181.481583 22.692444 77.000000 
46.679054 -181.568253 22.687401 108.000000 
46.689949 -181.545334 22.691797 118.000000 
46.686249 -181.529755 22.688751 119.000000 
46.450333 -181.611023 22.694624 121.000000 
46.679337 -181.515762 22.684065 121.000000 
46.453094 -181.591599 22.694580 124.000000 
46.672459 -181.501724 22.679407 115.000000 
46.449291 -181.575363 22.691397 125.000000 
46.442219 -181.560684 22.686653 126.000000 
46.440170 -181.543625 22.684336 126.000000 
46.184032 -181.628143 22.691950 122.000000 
46.441505 -181.525055 22.683659 127.000000 
46.172009 -181.615784 22.685055 122.000000 
46.164799 -181.600281 22.680262 126.000000 
46.166073 -181.580978 22.679312 125.000000 
46.430843 -181.476227 22.674633 61.000000 
46.172482 -181.559464 22.680700 126.000000 
46.174423 -181.541855 22.680233 127.000000 
46.155090 -181.512100 22.668461 64.000000 
49.771957 -181.294510 22.721821 73.000000 
49.769176 -181.283325 22.720673 90.000000 
49.774338 -181.264359 22.728098 97.000000 
49.769386 -181.255417 22.724575 97.000000 
49.767868 -181.243149 22.724745 101.000000 
49.669239 -181.295029 22.726778 77.000000 
49.755009 -181.241852 22.712673 94.000000 
49.664200 -181.285797 22.723192 83.000000 
49.760399 -181.223038 22.720261 101.000000 
49.660362 -181.275436 22.720821 79.000000 
49.763584 -181.206467 22.725445 97.000000 
49.648319 -181.272675 22.710085 75.000000 
49.553776 -181.318085 22.721834 64.000000 
49.756504 -181.199646 22.719568 97.000000 
49.651608 -181.255783 22.714949 73.000000 
49.548672 -181.308502 22.718203 86.000000 
49.745979 -181.195984 22.709995 67.000000 
49.657333 -181.236801 22.722265 82.000000 
49.543598 -181.298904 22.714588 89.000000 
49.652462 -181.227509 22.718796 82.000000 
49.543419 -181.284988 22.715675 84.000000 
49.645237 -181.220337 22.712933 82.000000 
49.548176 -181.266846 22.721491 81.000000 
49.425739 -181.332413 22.712038 69.000000 
49.741077 -181.160339 22.709835 74.000000 
49.638031 -181.213104 22.707079 70.000000 
49.538326 -181.261490 22.713263 81.000000 
49.430630 -181.313950 22.717493 69.000000 
49.534611 -181.250793 22.710920 81.000000 
49.425541 -181.304016 22.713869 81.000000 
49.529701 -181.241135 22.707422 84.000000 
49.420479 -181.294052 22.710264 81.000000 
49.313423 -181.343018 22.720785 76.000000 
49.529747 -181.227295 22.708670 87.000000 
49.417969 -181.281982 22.708971 86.000000 
49.300491 -181.339035 22.710436 98.000000 
49.526138 -181.216583 22.706402 64.000000 
49.410442 -181.274063 22.703114 79.000000 
49.304401 -181.321426 22.714550 90.000000 
49.410542 -181.259903 22.704170 83.000000 
49.296692 -181.313187 22.708679 87.000000 
49.184093 -181.364075 22.720053 62.000000 
49.522747 -181.192062 22.705502 68.000000 
49.413239 -181.243729 22.707569 88.000000 
49.291607 -181.302841 22.705055 96.000000 
49.184185 -181.349319 22.720650 95.000000 
49.291771 -181.288406 22.705929 96.000000 
49.172325 -181.343811 22.711538 89.000000 
49.299831 -181.267883 22.713566 102.000000 
49.171162 -181.330063 22.711105 79.000000 
49.399937 -181.212631 22.698339 61.000000 
49.290943 -181.260590 22.706663 98.000000 
49.171387 -181.315323 22.711794 82.000000 
49.042995 -181.373703 22.716362 63.000000 
49.278122 -181.256256 22.696394 67.000000 
49.170322 -181.301620 22.711433 85.000000 
49.041851 -181.359634 22.715773 75.000000 
49.167961 -181.288925 22.710014 85.000000 
49.038006 -181.347580 22.713108 68.000000 
49.164291 -181.277237 22.707531 96.000000 
49.041088 -181.330551 22.715752 66.000000 
49.156605 -181.268494 22.701788 67.000000 
49.038712 -181.317520 22.714207 72.000000 
48.896877 -181.381393 22.714954 88.000000 
49.033611 -181.306458 22.710573 70.000000 
48.900063 -181.364044 22.717329 84.000000 
49.027161 -181.296356 22.705900 79.000000 
48.892006 -181.354538 22.711550 79.000000 
49.148621 -181.231323 22.696754 64.000000 
49.029064 -181.280396 22.707630 89.000000 
48.886803 -181.343048 22.707840 76.000000 
48.747055 -181.397217 22.716110 77.000000 
49.029884 -181.265991 22.708511 66.000000 
48.881889 -181.332108 22.704338 82.000000 
48.741734 -181.385330 22.712315 82.000000 
48.888123 -181.312927 22.708921 82.000000 
48.739342 -181.371506 22.710529 77.000000 
48.888737 -181.297623 22.709427 85.000000 
48.742805 -181.353897 22.712761 77.000000 
48.585857 -181.419693 22.717327 62.000000 
48.880840 -181.288010 22.703762 64.000000 
48.743164 -181.337616 22.712856 83.000000 
48.580200 -181.406738 22.713293 74.000000 
48.738010 -181.325714 22.709181 86.000000 
48.571880 -181.396225 22.707556 67.000000 
48.866299 -181.267136 22.693342 62.000000 
48.735813 -181.311920 22.707533 88.000000 
48.578453 -181.376389 22.711466 69.000000 
48.573193 -181.364014 22.707710 73.000000 
48.401684 -181.434845 22.710905 73.000000 
48.570946 -181.349777 22.705915 85.000000 
48.408394 -181.414642 22.714455 81.000000 
48.562767 -181.339188 22.700275 76.000000 
48.396942 -181.405411 22.706903 83.000000 
48.400730 -181.387100 22.708679 85.000000 
48.392387 -181.375992 22.703035 81.000000 
48.206902 -181.449219 22.706203 89.000000 
48.391708 -181.360397 22.702085 96.000000 
48.199879 -181.436646 22.701405 83.000000 
48.391079 -181.344818 22.701172 78.000000 
48.191338 -181.424927 22.695732 83.000000 
48.251759 -181.399704 22.697123 83.000000 
48.072823 -181.464752 22.712856 69.000000 
48.255768 -181.380981 22.698713 83.000000 
48.062534 -181.453369 22.706324 75.000000 
48.251766 -181.365967 22.695650 92.000000 
48.059929 -181.436920 22.703930 73.000000 
48.060825 -181.419479 22.703497 75.000000 
48.058868 -181.404449 22.701567 75.000000 
47.839016 -181.487122 22.704506 75.000000 
48.236374 -181.326065 22.684671 85.000000 
48.058285 -181.387878 22.700344 77.000000 
47.844727 -181.466583 22.706306 110.000000 
47.847279 -181.447784 22.706501 117.000000 
47.838551 -181.434799 22.700924 118.000000 
48.050716 -181.342270 22.693602 61.000000 
47.826607 -181.423416 22.693705 121.000000 
47.599766 -181.502838 22.703550 121.000000 
47.827694 -181.405441 22.693176 117.000000 
47.600712 -181.484253 22.702698 126.000000 
47.593475 -181.469711 22.697914 125.000000 
47.828411 -181.370377 22.691410 60.000000 
47.591228 -181.452744 22.695547 126.000000 
47.341591 -181.538834 22.705706 121.000000 
47.603928 -181.428650 22.700403 125.000000 
47.324120 -181.528259 22.696308 124.000000 
47.326794 -181.508209 22.696022 126.000000 
47.326176 -181.489746 22.694263 126.000000 
47.569492 -181.391052 22.680031 111.000000 
47.330662 -181.468994 22.694834 129.000000 
47.320065 -181.455139 22.688583 131.000000 
50.916183 -181.154144 22.728344 79.000000 
50.914425 -181.141876 22.728424 86.000000 
50.909359 -181.133011 22.724876 102.000000 
50.902069 -181.126343 22.718901 97.000000 
50.808495 -181.175003 22.726040 72.000000 
50.907169 -181.107407 22.726408 91.000000 
50.809116 -181.160248 22.728382 77.000000 
50.906708 -181.094086 22.727837 101.000000 
50.803993 -181.151062 22.724798 83.000000 
50.901775 -181.085190 22.724384 104.000000 
50.795410 -181.145172 22.717646 79.000000 
50.896870 -181.076263 22.720951 104.000000 
50.804325 -181.122772 22.728466 75.000000 
50.690372 -181.187759 22.719893 67.000000 
50.893124 -181.066238 22.718767 97.000000 
50.800480 -181.112488 22.726158 73.000000 
50.691177 -181.172745 22.722084 80.000000 
50.791981 -181.106537 22.719063 82.000000 
50.692039 -181.157776 22.724316 84.000000 
50.885731 -181.046143 22.714470 63.000000 
50.787010 -181.097290 22.715588 71.000000 
50.686924 -181.148254 22.720737 92.000000 
50.883224 -181.035019 22.713596 61.000000 
50.789143 -181.081573 22.719370 79.000000 
50.681839 -181.138718 22.717178 89.000000 
50.581051 -181.187134 22.727179 64.000000 
50.679207 -181.126999 22.715988 92.000000 
50.572124 -181.180527 22.720125 66.000000 
50.676613 -181.115295 22.714827 89.000000 
50.561958 -181.174927 22.711937 86.000000 
50.678932 -181.099350 22.718407 92.000000 
50.559296 -181.162888 22.710613 81.000000 
50.451477 -181.213959 22.719997 76.000000 
50.671543 -181.091888 22.712585 89.000000 
50.559177 -181.148727 22.711611 83.000000 
50.441071 -181.207993 22.711868 88.000000 
50.561626 -181.132492 22.714943 88.000000 
50.439674 -181.194565 22.711533 87.000000 
50.664173 -181.070587 22.708086 70.000000 
50.554066 -181.124680 22.709116 88.000000 
50.439610 -181.180115 22.712341 87.000000 
50.321041 -181.237350 22.718187 65.000000 
50.552834 -181.111618 22.709064 91.000000 
50.444771 -181.161514 22.717657 90.000000 
50.315704 -181.226761 22.714455 100.000000 
50.439648 -181.151276 22.714075 93.000000 
50.320988 -181.207840 22.719404 75.000000 
50.431957 -181.143082 22.708273 93.000000 
50.321041 -181.193130 22.720070 79.000000 
50.428185 -181.131760 22.705851 99.000000 
50.315826 -181.182556 22.716425 79.000000 
50.186798 -181.243195 22.719769 66.000000 
50.420540 -181.123489 22.700081 77.000000 
50.310642 -181.171936 22.712803 79.000000 
50.192337 -181.224075 22.724443 68.000000 
50.306828 -181.160294 22.710293 89.000000 
50.182941 -181.216171 22.717577 65.000000 
50.309994 -181.144135 22.713451 89.000000 
50.177925 -181.205734 22.714071 75.000000 
50.303581 -181.134506 22.708811 79.000000 
50.176788 -181.191727 22.713579 72.000000 
50.041191 -181.252991 22.718426 88.000000 
50.174068 -181.178177 22.711880 70.000000 
50.032742 -181.243027 22.712431 76.000000 
50.295963 -181.110657 22.703806 60.000000 
50.178528 -181.160217 22.715704 79.000000 
50.030193 -181.229630 22.710741 79.000000 
50.169273 -181.152176 22.708935 86.000000 
50.030502 -181.214264 22.711136 85.000000 
49.888268 -181.271179 22.717094 69.000000 
50.030869 -181.198914 22.711569 79.000000 
49.890022 -181.254486 22.718258 86.000000 
50.028465 -181.185547 22.709980 85.000000 
49.888958 -181.239761 22.717478 78.000000 
50.017616 -181.177963 22.702225 85.000000 
49.886497 -181.226013 22.715738 78.000000 
49.722954 -181.298141 22.715370 65.000000 
50.015282 -181.164566 22.700686 67.000000 
49.881195 -181.214172 22.712034 86.000000 
49.727749 -181.279160 22.718237 68.000000 
50.015835 -181.149246 22.701250 61.000000 
49.873028 -181.204224 22.706356 81.000000 
49.722294 -181.266876 22.714428 67.000000 
49.876492 -181.186661 22.708704 83.000000 
49.719830 -181.252686 22.712570 79.000000 
49.711487 -181.242249 22.706884 73.000000 
49.546711 -181.311020 22.713795 77.000000 
49.706139 -181.229889 22.703152 73.000000 
49.538147 -181.300064 22.708067 83.000000 
49.715679 -181.208267 22.709127 78.000000 
49.532631 -181.287216 22.704220 85.000000 
49.710426 -181.195938 22.705462 66.000000 
49.533211 -181.270691 22.704123 85.000000 
49.356312 -181.341675 22.711992 63.000000 
49.539909 -181.250534 22.707800 87.000000 
49.344517 -181.331955 22.704487 82.000000 
49.537575 -181.235886 22.705923 90.000000 
49.348171 -181.313141 22.705952 86.000000 
49.529198 -181.224838 22.700331 75.000000 
49.348804 -181.296158 22.705669 99.000000 
49.343304 -181.282776 22.701832 99.000000 
49.151268 -181.358215 22.709803 73.000000 
49.524479 -181.194855 22.696543 63.000000 
49.389458 -181.264343 22.694651 100.000000 
49.214474 -181.329590 22.712044 73.000000 
49.390236 -181.247375 22.694477 100.000000 
49.210430 -181.314789 22.708992 70.000000 
49.200390 -181.304169 22.702709 73.000000 
48.997303 -181.380249 22.713945 66.000000 
49.400028 -181.209869 22.698971 63.000000 
49.199589 -181.287598 22.701445 77.000000 
48.988331 -181.367432 22.708281 103.000000 
49.197254 -181.271896 22.699352 81.000000 
48.977776 -181.355423 22.701811 110.000000 
48.973694 -181.339966 22.698677 118.000000 
48.980942 -181.318604 22.701395 117.000000 
48.756897 -181.400055 22.711946 104.000000 
49.187370 -181.226501 22.691538 61.000000 
48.983429 -181.299820 22.701670 120.000000 
48.736343 -181.392334 22.700769 114.000000 
48.982746 -181.282730 22.700325 105.000000 
48.732182 -181.376205 22.697531 123.000000 
48.751057 -181.348587 22.705458 125.000000 
48.950726 -181.264130 22.681831 76.000000 
48.745380 -181.333328 22.701511 125.000000 
48.480145 -181.430008 22.703741 121.000000 
48.739750 -181.318054 22.697598 127.000000 
48.474239 -181.413986 22.699636 123.000000 
48.470341 -181.397934 22.696526 126.000000 
48.727249 -181.289001 22.689253 109.000000 
48.462856 -181.382660 22.691725 126.000000 
48.734966 -181.267334 22.691851 119.000000 
48.462109 -181.364212 22.690001 130.000000 
48.464771 -181.344208 22.689844 129.000000 
48.461903 -181.308151 22.685844 118.000000 
51.186981 -181.127350 22.714645 75.000000 
51.179798 -181.116501 22.709682 84.000000 
51.177086 -181.103165 22.708006 79.000000 
51.179993 -181.085815 22.710472 79.000000 
51.177380 -181.072495 22.708864 85.000000 
51.043083 -181.125961 22.719273 78.000000 
51.174812 -181.059174 22.707289 88.000000 
51.034714 -181.116226 22.713541 74.000000 
51.166679 -181.049789 22.701607 91.000000 
51.033241 -181.100967 22.712624 77.000000 
51.161114 -181.037842 22.697834 88.000000 
51.030659 -181.087280 22.710930 83.000000 
50.878513 -181.154877 22.716969 62.000000 
51.025791 -181.076706 22.707630 83.000000 
50.870552 -181.145859 22.711630 71.000000 
51.031918 -181.057220 22.712008 86.000000 
50.862049 -181.135574 22.705925 82.000000 
51.020569 -181.048721 22.704206 75.000000 
50.864758 -181.116379 22.707594 73.000000 
50.868088 -181.098434 22.709686 76.000000 
50.681953 -181.183182 22.701855 85.000000 
50.862648 -181.086227 22.706007 80.000000 
50.692753 -181.160049 22.708250 85.000000 
50.857246 -181.073990 22.702351 83.000000 
50.696144 -181.141708 22.710051 85.000000 
50.690586 -181.128998 22.706289 85.000000 
50.511719 -181.203705 22.711544 71.000000 
50.685062 -181.116272 22.702557 87.000000 
50.496796 -181.196014 22.702286 89.000000 
50.678337 -181.105072 22.698095 96.000000 
50.489830 -181.184311 22.697720 89.000000 
50.487225 -181.169174 22.695684 89.000000 
50.478226 -181.156982 22.689882 89.000000 
50.313232 -181.218399 22.712065 66.000000 
50.480328 -181.139114 22.690622 100.000000 
50.299625 -181.209091 22.703846 64.000000 
50.491486 -181.115280 22.696653 96.000000 
50.295158 -181.193649 22.700642 75.000000 
50.353752 -181.168243 22.700706 77.000000 
50.147213 -181.249802 22.708906 66.000000 
50.534420 -181.084534 22.687422 64.000000 
50.353374 -181.153137 22.699886 84.000000 
50.125950 -181.245575 22.697048 103.000000 
50.350910 -181.137527 22.697849 87.000000 
50.126465 -181.227570 22.696417 114.000000 
50.137955 -181.202835 22.701458 116.000000 
50.138607 -181.184937 22.700924 119.000000 
49.901073 -181.276474 22.703485 112.000000 
50.129688 -181.172165 22.695419 120.000000 
49.901619 -181.257935 22.702656 124.000000 
50.125626 -181.156815 22.692450 79.000000 
49.895706 -181.242798 22.698687 126.000000 
50.123222 -181.140610 22.690351 65.000000 
49.896366 -181.224274 22.697939 124.000000 
49.890545 -181.209106 22.694036 124.000000 
49.639381 -181.301163 22.701544 121.000000 
49.888046 -181.192276 22.691769 126.000000 
49.621735 -181.291016 22.692179 124.000000 
49.614063 -181.275864 22.687393 126.000000 
49.883205 -181.158600 22.687344 111.000000 
49.616417 -181.255829 22.687214 126.000000 
49.627167 -181.231827 22.690907 129.000000 
49.633003 -181.210327 22.692366 123.000000 
49.618874 -181.198334 22.684664 61.000000 
49.606441 -181.185471 22.677750 119.000000 
51.214863 -181.126984 22.708887 63.000000 
51.260475 -181.108017 22.702862 103.000000 
51.255482 -181.091232 22.699320 112.000000 
51.255917 -181.073257 22.698700 120.000000 
51.247417 -181.061966 22.693521 122.000000 
51.042694 -181.138000 22.712749 107.000000 
51.243156 -181.046600 22.690474 122.000000 
51.020405 -181.131577 22.700802 120.000000 
51.256561 -181.021774 22.696644 79.000000 
51.011101 -181.118149 22.695206 123.000000 
51.011589 -181.099564 22.694407 126.000000 
51.016727 -181.077728 22.695848 127.000000 
50.754993 -181.178406 22.698669 121.000000 
51.015717 -181.060059 22.694345 127.000000 
50.743847 -181.165009 22.692308 123.000000 
50.744621 -181.146561 22.691486 126.000000 
50.741837 -181.128967 22.688984 126.000000 
50.742123 -181.108948 22.687845 130.000000 
50.737793 -181.092178 22.684662 129.000000 
50.743793 -181.071381 22.686300 111.000000 
