ply
format ascii 1.0
comment Created by CloudCompare v2.14.alpha (Sep  7 2025)
comment Created 2025-11-10T17:09:04
obj_info Generated by CloudCompare!
element vertex 15146
property float x
property float y
property float z
property float intensity
end_header
52.058887 -181.018143 22.724636 79.000000 
52.053673 -181.009354 22.721067 90.000000 
52.046280 -181.002808 22.715073 104.000000 
52.051060 -180.983780 22.722551 97.000000 
52.051491 -180.969330 22.725182 88.000000 
51.945152 -181.032486 22.717409 77.000000 
52.048641 -180.958282 22.724171 104.000000 
51.947906 -181.015488 22.722179 78.000000 
52.040863 -180.950790 22.717918 91.000000 
51.946774 -181.000992 22.723055 79.000000 
52.032482 -180.945251 22.710787 97.000000 
51.945065 -180.988541 22.723124 73.000000 
51.834370 -181.052780 22.716743 58.000000 
52.035831 -180.929535 22.716352 104.000000 
51.934673 -180.985870 22.713963 75.000000 
51.839069 -181.035385 22.722811 86.000000 
52.035370 -180.916275 22.717911 65.000000 
51.933025 -180.973389 22.714075 73.000000 
51.833805 -181.025970 22.719217 89.000000 
52.024807 -180.912857 22.708355 68.000000 
51.931419 -180.960938 22.714220 75.000000 
51.828571 -181.016510 22.715643 84.000000 
51.933350 -180.945221 22.718019 86.000000 
51.824558 -181.005951 22.713263 74.000000 
51.725708 -181.054611 22.724257 58.000000 
51.925510 -180.937302 22.711842 71.000000 
51.822456 -180.992264 22.712902 84.000000 
51.712490 -181.050430 22.713421 66.000000 
51.915848 -180.932404 22.703594 50.000000 
51.822124 -180.978439 22.714108 81.000000 
51.704720 -181.042801 22.707518 79.000000 
51.819939 -180.967743 22.713337 84.000000 
51.707371 -181.027466 22.711143 79.000000 
51.814869 -180.958252 22.709879 92.000000 
51.709560 -181.011215 22.714453 83.000000 
51.588692 -181.075256 22.711004 76.000000 
51.799892 -180.956772 22.696798 58.000000 
51.699142 -181.005173 22.706141 83.000000 
51.583050 -181.064575 22.707159 93.000000 
51.696457 -180.993195 22.704916 83.000000 
51.590446 -181.043762 22.714676 84.000000 
51.691315 -180.983337 22.701414 86.000000 
51.585163 -181.033600 22.711075 81.000000 
51.466118 -181.093124 22.715343 84.000000 
51.577343 -181.025543 22.705256 90.000000 
51.469860 -181.075241 22.719234 85.000000 
51.698410 -180.948425 22.710505 51.000000 
51.569283 -181.016907 22.699270 90.000000 
51.468155 -181.061096 22.718653 82.000000 
51.574368 -180.998352 22.704720 93.000000 
51.460190 -181.052689 22.712847 82.000000 
51.576946 -180.981934 22.707970 75.000000 
51.452244 -181.044235 22.707054 79.000000 
51.334648 -181.097916 22.718561 69.000000 
51.565376 -180.976883 22.698854 58.000000 
51.456207 -181.026474 22.711103 85.000000 
51.327862 -181.088074 22.713806 72.000000 
51.452820 -181.015961 22.708994 92.000000 
51.325695 -181.076218 22.712610 72.000000 
51.448940 -181.004395 22.706551 89.000000 
51.323032 -181.063278 22.711075 72.000000 
51.444843 -180.992279 22.703959 58.000000 
51.326939 -181.044724 22.714695 79.000000 
51.442368 -180.979691 22.702669 58.000000 
51.323013 -181.032806 22.712168 95.000000 
51.315033 -181.023895 22.706470 95.000000 
51.307068 -181.014938 22.700788 77.000000 
51.318314 -180.992081 22.710089 54.000000 
53.182877 -180.887207 22.718290 56.000000 
53.180798 -180.874954 22.718313 85.000000 
53.179588 -180.861115 22.719408 94.000000 
53.183075 -180.843155 22.725595 91.000000 
53.179214 -180.833679 22.723459 97.000000 
53.074493 -180.896896 22.717339 61.000000 
53.172924 -180.826035 22.718723 88.000000 
53.078186 -180.878677 22.723227 78.000000 
53.167500 -180.816788 22.715052 101.000000 
53.070332 -180.871429 22.717062 71.000000 
53.165680 -180.804596 22.715260 97.000000 
53.065033 -180.862320 22.713480 68.000000 
52.964005 -180.918777 22.717104 50.000000 
53.167492 -180.789490 22.719360 97.000000 
53.061169 -180.852524 22.711290 73.000000 
52.961189 -180.907578 22.715940 76.000000 
53.160198 -180.782883 22.713472 111.000000 
53.061653 -180.837799 22.713741 82.000000 
52.959320 -180.894806 22.715784 80.000000 
53.147083 -180.781342 22.701248 65.000000 
53.058491 -180.825989 22.712454 67.000000 
52.947788 -180.890488 22.706144 84.000000 
53.057930 -180.812408 22.713776 71.000000 
52.947170 -180.876572 22.707205 81.000000 
53.051903 -180.804825 22.709280 73.000000 
52.949242 -180.860947 22.710823 81.000000 
52.842140 -180.918121 22.714117 64.000000 
53.044479 -180.797836 22.703417 59.000000 
52.951115 -180.844879 22.714310 84.000000 
52.835491 -180.909470 22.709312 66.000000 
52.941120 -180.839813 22.706083 81.000000 
52.837425 -180.893097 22.712511 66.000000 
52.933521 -180.832489 22.700216 89.000000 
52.834522 -180.881149 22.711182 69.000000 
52.712849 -180.947601 22.707180 67.000000 
52.935532 -180.816467 22.703796 84.000000 
52.824276 -180.875702 22.703011 83.000000 
52.713634 -180.932022 22.709009 93.000000 
52.933994 -180.803726 22.703876 59.000000 
52.818970 -180.865860 22.699432 81.000000 
52.713219 -180.917557 22.709768 87.000000 
52.818630 -180.851715 22.700470 88.000000 
52.707790 -180.907425 22.706112 78.000000 
52.595585 -180.962845 22.716387 59.000000 
52.824543 -180.832260 22.707302 91.000000 
52.702393 -180.897263 22.702475 84.000000 
52.591328 -180.951324 22.713726 95.000000 
52.812889 -180.827240 22.697870 58.000000 
52.699299 -180.884445 22.700916 84.000000 
52.590736 -180.936050 22.714148 82.000000 
52.813946 -180.812088 22.700167 51.000000 
52.704170 -180.865799 22.706285 87.000000 
52.578735 -180.930878 22.705042 85.000000 
52.701710 -180.854034 22.705154 96.000000 
52.580078 -180.915604 22.706976 82.000000 
52.691338 -180.848038 22.697130 90.000000 
52.585144 -180.896698 22.712032 82.000000 
52.449303 -180.966003 22.708889 74.000000 
52.682255 -180.840927 22.690237 58.000000 
52.578461 -180.887238 22.707336 89.000000 
52.454475 -180.946777 22.713575 75.000000 
52.574440 -180.875687 22.704838 92.000000 
52.455696 -180.930710 22.715149 81.000000 
52.566490 -180.867203 22.699085 96.000000 
52.447533 -180.921921 22.709364 81.000000 
52.309132 -180.989136 22.711195 70.000000 
52.567822 -180.851501 22.701017 55.000000 
52.444798 -180.908981 22.707830 86.000000 
52.313156 -180.970657 22.714569 73.000000 
52.436417 -180.899567 22.701902 81.000000 
52.304535 -180.960876 22.708591 82.000000 
52.439186 -180.882538 22.704676 86.000000 
52.294830 -180.952606 22.701792 73.000000 
52.169235 -181.001373 22.718853 66.000000 
52.436581 -180.869598 22.703236 77.000000 
52.293468 -180.938248 22.701170 76.000000 
52.159321 -180.992722 22.712084 86.000000 
52.293549 -180.922882 22.701614 85.000000 
52.149426 -180.984009 22.705326 83.000000 
52.293686 -180.907547 22.702097 85.000000 
52.152344 -180.966293 22.707533 88.000000 
52.288284 -180.896210 22.698483 88.000000 
52.155331 -180.948639 22.709789 77.000000 
51.993179 -181.023743 22.709251 74.000000 
52.281521 -180.885818 22.693855 53.000000 
52.149815 -180.936905 22.706099 77.000000 
51.995010 -181.007263 22.710411 68.000000 
52.147469 -180.923798 22.704617 86.000000 
51.989330 -180.995071 22.706612 71.000000 
52.133427 -180.917862 22.694963 65.000000 
51.986885 -180.981537 22.704952 79.000000 
51.814465 -181.058990 22.706100 54.000000 
52.135181 -180.901215 22.696358 51.000000 
51.980999 -180.968719 22.701019 85.000000 
51.817566 -181.040512 22.707767 77.000000 
51.981567 -180.953262 22.701355 78.000000 
51.814774 -181.025894 22.705769 78.000000 
51.975765 -180.940399 22.697481 76.000000 
51.809040 -181.013199 22.701941 83.000000 
51.803345 -181.000473 22.698141 83.000000 
51.632393 -181.071869 22.708523 67.000000 
51.800682 -180.985840 22.696234 92.000000 
51.620434 -181.062393 22.701033 85.000000 
51.811581 -180.962830 22.702784 100.000000 
51.606964 -181.053787 22.692659 86.000000 
51.610039 -181.034241 22.693985 86.000000 
51.618073 -181.012680 22.698256 92.000000 
51.429119 -181.090714 22.706787 66.000000 
51.612377 -180.999390 22.694466 100.000000 
51.423203 -181.076920 22.702850 73.000000 
51.614407 -180.981567 22.695221 82.000000 
51.428253 -181.056763 22.704988 77.000000 
51.601379 -180.973434 22.687153 63.000000 
51.425854 -181.041855 22.703043 81.000000 
51.474880 -181.021606 22.698767 84.000000 
51.465424 -181.008148 22.692839 84.000000 
51.477001 -180.984589 22.698629 51.000000 
51.255627 -181.004730 22.695354 71.000000 
54.303402 -180.761765 22.728100 56.000000 
54.305431 -180.744736 22.732840 81.000000 
54.303207 -180.732468 22.732809 98.000000 
54.303200 -180.717880 22.735226 101.000000 
54.297810 -180.709137 22.731632 88.000000 
54.202396 -180.764435 22.736221 58.000000 
54.291355 -180.701523 22.726845 94.000000 
54.199120 -180.753082 22.734900 70.000000 
54.290390 -180.688110 22.728142 97.000000 
54.192505 -180.745193 22.730061 83.000000 
54.291672 -180.672440 22.731909 94.000000 
54.187038 -180.736115 22.726419 73.000000 
54.286674 -180.664093 22.728582 94.000000 
54.183002 -180.726334 22.724163 68.000000 
54.079937 -180.786148 22.726505 66.000000 
54.280334 -180.656418 22.723875 91.000000 
54.184406 -180.710373 22.727682 64.000000 
54.076687 -180.774445 22.725094 86.000000 
54.272648 -180.649414 22.717787 59.000000 
54.187885 -180.691757 22.733450 68.000000 
54.073200 -180.762283 22.723526 87.000000 
54.268562 -180.639420 22.715559 68.000000 
54.178001 -180.687180 22.725149 65.000000 
54.070030 -180.750595 22.722174 81.000000 
54.174992 -180.675812 22.724012 63.000000 
54.069260 -180.736649 22.723167 78.000000 
53.962547 -180.795227 22.727682 69.000000 
54.172020 -180.664444 22.722904 61.000000 
54.066177 -180.724960 22.721872 87.000000 
53.964203 -180.778732 22.730715 72.000000 
54.058399 -180.717743 22.715954 81.000000 
53.958641 -180.769012 22.727020 76.000000 
54.062508 -180.699387 22.721703 84.000000 
53.950672 -180.761490 22.721083 74.000000 
53.838131 -180.821747 22.726204 50.000000 
54.061932 -180.685501 22.722834 87.000000 
53.942719 -180.753922 22.715158 74.000000 
53.838699 -180.806107 22.727919 76.000000 
54.050667 -180.681534 22.713469 61.000000 
53.944569 -180.737503 22.718327 81.000000 
53.826790 -180.801544 22.718679 88.000000 
54.052563 -180.665466 22.716997 62.000000 
53.946487 -180.721115 22.721540 79.000000 
53.819908 -180.792496 22.713846 90.000000 
53.938629 -180.713501 22.715683 74.000000 
53.824387 -180.773590 22.718964 93.000000 
53.708626 -180.833389 22.727106 84.000000 
53.938187 -180.699341 22.716688 66.000000 
53.826416 -180.756912 22.721924 90.000000 
53.697742 -180.827286 22.719040 108.000000 
53.934090 -180.688431 22.714296 58.000000 
53.823452 -180.744614 22.720499 84.000000 
53.698517 -180.811356 22.720623 102.000000 
53.812908 -180.738770 22.712440 87.000000 
53.707146 -180.789001 22.728691 82.000000 
53.806187 -180.729645 22.707724 99.000000 
53.704163 -180.776398 22.727146 92.000000 
53.576847 -180.841034 22.731674 62.000000 
53.804592 -180.716232 22.707479 58.000000 
53.692081 -180.771240 22.718082 85.000000 
53.577778 -180.824875 22.733086 90.000000 
53.809441 -180.697540 22.712851 57.000000 
53.686543 -180.760712 22.714420 99.000000 
53.574757 -180.811920 22.731409 86.000000 
53.688900 -180.743851 22.717270 102.000000 
53.566422 -180.803192 22.725582 83.000000 
53.429939 -180.871109 22.729864 63.000000 
53.690006 -180.728058 22.719082 72.000000 
53.560795 -180.792328 22.721865 86.000000 
53.424114 -180.859863 22.726019 101.000000 
53.681957 -180.719620 22.713335 58.000000 
53.563267 -180.775162 22.724463 89.000000 
53.421070 -180.846497 22.724218 91.000000 
53.563110 -180.760132 22.725006 89.000000 
53.418068 -180.833130 22.722450 98.000000 
53.557602 -180.749252 22.721373 89.000000 
53.412354 -180.821823 22.718681 85.000000 
53.274410 -180.881042 22.728010 66.000000 
53.545353 -180.743469 22.712486 55.000000 
53.420494 -180.800232 22.725113 82.000000 
53.264328 -180.872406 22.721212 86.000000 
53.417641 -180.786911 22.723450 85.000000 
53.271221 -180.851501 22.726217 81.000000 
53.409283 -180.777634 22.717730 88.000000 
53.268288 -180.837769 22.724390 77.000000 
53.111034 -180.911926 22.728458 50.000000 
53.398159 -180.770325 22.709976 76.000000 
53.259720 -180.828049 22.718647 75.000000 
53.109432 -180.896744 22.727392 74.000000 
53.396805 -180.755936 22.709412 55.000000 
53.259708 -180.812286 22.718851 81.000000 
53.102085 -180.885559 22.722565 69.000000 
53.254051 -180.800522 22.715134 83.000000 
53.099129 -180.871368 22.720615 71.000000 
53.251286 -180.786758 22.713425 61.000000 
53.093304 -180.859146 22.716789 73.000000 
52.936348 -180.929031 22.728951 54.000000 
53.093342 -180.842987 22.716810 71.000000 
52.924431 -180.920288 22.721354 77.000000 
53.096359 -180.824890 22.718786 69.000000 
52.918468 -180.907578 22.717440 83.000000 
53.093594 -180.810715 22.716972 73.000000 
52.921467 -180.889023 22.719074 81.000000 
53.076218 -180.806183 22.705578 54.000000 
52.921558 -180.872437 22.718912 85.000000 
52.731476 -180.957993 22.719160 79.000000 
52.921707 -180.855881 22.718792 87.000000 
52.731480 -180.940887 22.718721 78.000000 
52.912933 -180.845047 22.713156 92.000000 
52.728500 -180.925720 22.716551 83.000000 
52.905689 -180.833237 22.708466 65.000000 
52.725571 -180.910553 22.714415 83.000000 
52.716583 -180.899124 22.708754 86.000000 
52.544720 -180.968018 22.728411 74.000000 
52.715267 -180.882996 22.707571 89.000000 
52.538620 -180.954224 22.724424 73.000000 
52.712475 -180.867798 22.705532 92.000000 
52.537231 -180.937653 22.723028 70.000000 
52.718941 -180.847107 22.708899 60.000000 
52.532776 -180.922913 22.719959 75.000000 
52.319469 -181.012619 22.726229 57.000000 
52.526810 -180.909073 22.716064 75.000000 
52.306911 -181.001816 22.718903 107.000000 
52.531826 -180.888885 22.718208 81.000000 
52.299129 -180.988220 22.714046 106.000000 
52.577877 -180.871002 22.712938 59.000000 
52.359177 -180.961716 22.716141 106.000000 
52.359436 -180.943649 22.715454 119.000000 
52.123051 -181.039398 22.720783 107.000000 
52.359459 -180.924881 22.714613 120.000000 
52.121258 -181.020813 22.718811 121.000000 
52.359844 -180.906860 22.714012 86.000000 
52.126312 -180.999512 22.720221 123.000000 
52.124966 -180.981735 22.718542 125.000000 
52.118801 -180.966568 22.714544 125.000000 
51.863998 -181.065613 22.722448 121.000000 
52.111057 -180.952240 22.709789 126.000000 
51.854301 -181.051407 22.716805 122.000000 
52.119633 -180.929352 22.712961 61.000000 
51.846294 -181.036316 22.711937 125.000000 
51.841629 -181.019485 22.708597 125.000000 
51.841976 -181.000153 22.707548 127.000000 
51.844666 -180.981598 22.707697 131.000000 
51.855095 -180.957382 22.711266 116.000000 
55.437477 -180.605209 22.737518 81.000000 
55.436119 -180.591736 22.738604 90.000000 
55.427055 -180.586182 22.731140 94.000000 
55.423637 -180.575089 22.729877 94.000000 
55.419456 -180.565613 22.727617 88.000000 
55.326550 -180.619659 22.735241 78.000000 
55.417191 -180.553329 22.727612 97.000000 
55.317558 -180.614197 22.727997 78.000000 
55.417133 -180.538727 22.730055 101.000000 
55.309685 -180.607483 22.721930 75.000000 
55.409534 -180.532303 22.724060 101.000000 
55.308533 -180.593735 22.722939 70.000000 
55.404125 -180.523514 22.720501 104.000000 
55.310795 -180.576523 22.727520 73.000000 
55.197884 -180.647995 22.720072 76.000000 
55.399834 -180.513550 22.718176 55.000000 
55.309757 -180.562820 22.728607 73.000000 
55.202541 -180.628128 22.726624 80.000000 
55.397766 -180.501266 22.718309 63.000000 
55.300877 -180.557205 22.721443 71.000000 
55.202652 -180.612976 22.728634 84.000000 
55.399044 -180.485596 22.722134 61.000000 
55.289738 -180.553833 22.711912 73.000000 
55.197014 -180.603607 22.724930 87.000000 
55.089653 -180.664841 22.729137 50.000000 
55.288807 -180.540115 22.713074 60.000000 
55.191399 -180.594208 22.721245 92.000000 
55.091042 -180.648254 22.732050 74.000000 
55.188152 -180.582504 22.719889 92.000000 
55.081703 -180.641998 22.724920 76.000000 
55.293949 -180.505966 22.722660 51.000000 
55.182598 -180.573074 22.716248 84.000000 
55.078384 -180.630005 22.723413 76.000000 
55.184128 -180.556854 22.719585 84.000000 
55.070286 -180.622528 22.717434 70.000000 
54.961788 -180.680664 22.726608 50.000000 
55.177467 -180.548538 22.714832 64.000000 
55.071873 -180.605988 22.720484 76.000000 
54.958435 -180.668335 22.724972 67.000000 
55.170830 -180.540176 22.710094 55.000000 
55.073532 -180.589508 22.723581 74.000000 
54.950153 -180.660507 22.718987 77.000000 
55.165398 -180.530670 22.706537 54.000000 
55.067959 -180.579758 22.719933 81.000000 
54.948112 -180.647034 22.718494 87.000000 
55.062412 -180.569977 22.716305 83.000000 
54.949871 -180.630249 22.721329 87.000000 
54.832047 -180.693573 22.727964 90.000000 
55.058121 -180.559082 22.713833 52.000000 
54.941677 -180.622345 22.715408 87.000000 
54.823616 -180.685349 22.721998 105.000000 
55.055084 -180.547073 22.712523 56.000000 
54.936012 -180.612198 22.711704 90.000000 
54.834465 -180.660553 22.732037 88.000000 
54.935406 -180.597656 22.712439 93.000000 
54.826118 -180.652328 22.726128 85.000000 
54.932335 -180.585312 22.710999 84.000000 
54.819077 -180.642960 22.721302 92.000000 
54.701317 -180.701401 22.734013 79.000000 
54.934364 -180.568634 22.714022 55.000000 
54.809467 -180.635727 22.714348 89.000000 
54.695423 -180.690598 22.730167 87.000000 
54.925049 -180.561691 22.707092 59.000000 
54.808952 -180.620895 22.714926 99.000000 
54.688240 -180.680862 22.725307 83.000000 
54.814995 -180.600708 22.720922 92.000000 
54.682407 -180.670013 22.721506 79.000000 
54.543602 -180.741608 22.724724 63.000000 
54.805481 -180.593414 22.714035 55.000000 
54.681934 -180.654861 22.721893 81.000000 
54.541676 -180.727142 22.723825 95.000000 
54.801205 -180.581802 22.711479 58.000000 
54.681515 -180.639740 22.722319 73.000000 
54.534351 -180.716934 22.718935 91.000000 
54.681152 -180.624634 22.722782 86.000000 
54.531147 -180.703506 22.717089 82.000000 
54.675484 -180.613754 22.719091 77.000000 
54.541676 -180.679565 22.725376 82.000000 
54.388947 -180.751846 22.724539 61.000000 
54.661777 -180.609116 22.709127 61.000000 
54.530361 -180.672485 22.717539 82.000000 
54.391312 -180.733871 22.726467 72.000000 
54.661537 -180.594009 22.709677 54.000000 
54.527302 -180.659088 22.715794 91.000000 
54.385330 -180.722168 22.722580 74.000000 
54.521530 -180.647751 22.712046 94.000000 
54.379379 -180.710449 22.718718 74.000000 
54.515797 -180.636398 22.708324 70.000000 
54.373463 -180.698700 22.714880 74.000000 
54.223579 -180.769043 22.724640 55.000000 
54.521160 -180.616837 22.712784 61.000000 
54.374641 -180.681824 22.715981 82.000000 
54.216057 -180.757889 22.719751 77.000000 
54.380127 -180.661942 22.720079 92.000000 
54.205685 -180.748703 22.712992 69.000000 
54.371513 -180.652222 22.714363 67.000000 
54.205437 -180.732422 22.712883 69.000000 
54.211033 -180.712143 22.716616 64.000000 
54.033875 -180.797348 22.716652 60.000000 
54.208012 -180.697922 22.714689 66.000000 
54.030659 -180.782608 22.714491 72.000000 
54.202133 -180.685669 22.710890 71.000000 
54.039322 -180.759964 22.719685 78.000000 
54.190464 -180.677338 22.703289 52.000000 
54.033264 -180.747238 22.715773 75.000000 
54.024277 -180.736450 22.710049 76.000000 
53.855598 -180.809921 22.723700 100.000000 
54.024235 -180.719788 22.709866 83.000000 
53.844868 -180.799591 22.717060 92.000000 
54.021271 -180.705063 22.707880 83.000000 
53.835670 -180.788223 22.711317 89.000000 
54.030296 -180.682693 22.713320 58.000000 
53.835602 -180.771088 22.710901 81.000000 
53.650421 -180.850418 22.723860 54.000000 
53.829514 -180.757767 22.706982 89.000000 
53.642567 -180.837555 22.718950 88.000000 
53.837166 -180.735901 22.711082 86.000000 
53.631653 -180.826523 22.712368 87.000000 
53.829655 -180.723526 22.706345 78.000000 
53.639347 -180.804184 22.716002 78.000000 
53.823704 -180.710175 22.702520 63.000000 
53.642475 -180.784729 22.717142 81.000000 
53.412323 -180.886398 22.715439 75.000000 
53.641014 -180.768082 22.715769 90.000000 
53.410641 -180.869110 22.713758 116.000000 
53.630264 -180.756973 22.709305 87.000000 
53.418491 -180.846329 22.717007 117.000000 
53.614857 -180.748535 22.700287 54.000000 
53.415356 -180.830002 22.714600 118.000000 
53.466961 -180.806366 22.711432 119.000000 
53.237495 -180.900391 22.720856 104.000000 
53.457569 -180.793625 22.705818 119.000000 
53.227795 -180.887024 22.715153 122.000000 
53.452980 -180.778168 22.702690 118.000000 
53.219738 -180.872696 22.710255 123.000000 
53.467552 -180.752045 22.709473 53.000000 
53.216564 -180.855682 22.707731 124.000000 
53.219913 -180.835159 22.708378 125.000000 
52.952469 -180.943253 22.711538 121.000000 
53.223331 -180.814682 22.709074 125.000000 
52.947506 -180.926376 22.708073 124.000000 
53.220341 -180.797714 22.706676 120.000000 
52.947521 -180.906891 22.706879 124.000000 
52.957481 -180.882309 22.710213 125.000000 
52.952698 -180.865448 22.706871 125.000000 
52.941364 -180.851974 22.700567 126.000000 
52.933365 -180.836746 22.695789 119.000000 
56.578075 -180.440826 22.742266 73.000000 
56.571590 -180.433884 22.737522 98.000000 
56.567986 -180.422852 22.736193 97.000000 
56.563370 -180.413025 22.733692 91.000000 
56.555607 -180.406784 22.727612 91.000000 
56.466644 -180.458450 22.738970 85.000000 
56.556633 -180.391373 22.731344 88.000000 
56.461159 -180.449997 22.735395 78.000000 
56.558514 -180.374390 22.736143 97.000000 
56.448818 -180.448212 22.724627 82.000000 
56.552979 -180.365738 22.732542 94.000000 
56.445274 -180.436859 22.723234 75.000000 
56.349136 -180.493576 22.732405 52.000000 
56.544247 -180.360596 22.725328 101.000000 
56.455029 -180.411301 22.735975 79.000000 
56.343262 -180.484314 22.728584 71.000000 
56.539555 -180.350281 22.722790 51.000000 
56.444672 -180.406616 22.727415 75.000000 
56.339397 -180.472198 22.726879 83.000000 
56.537327 -180.338058 22.722881 64.000000 
56.441269 -180.395279 22.726120 71.000000 
56.342724 -180.453506 22.732267 76.000000 
56.541649 -180.318878 22.730299 65.000000 
56.431213 -180.390930 22.717758 82.000000 
56.335815 -180.445404 22.727379 78.000000 
56.230469 -180.506897 22.732887 56.000000 
56.434578 -180.372604 22.723612 75.000000 
56.332378 -180.433762 22.725956 78.000000 
56.239895 -180.482101 22.743544 69.000000 
56.324368 -180.426758 22.719952 78.000000 
56.226952 -180.479538 22.733053 76.000000 
56.430294 -180.347626 22.723591 52.000000 
56.323307 -180.412796 22.720884 78.000000 
56.225864 -180.465302 22.733749 74.000000 
56.326939 -180.394257 22.726480 87.000000 
56.217690 -180.457993 22.727753 72.000000 
56.107754 -180.519852 22.734684 50.000000 
56.315533 -180.390640 22.717066 64.000000 
56.211918 -180.448349 22.724014 70.000000 
56.101807 -180.509903 22.730831 67.000000 
56.314617 -180.376709 22.718098 58.000000 
56.213352 -180.431839 22.727053 79.000000 
56.090977 -180.504517 22.722641 77.000000 
56.307903 -180.368454 22.713350 66.000000 
56.212452 -180.417648 22.727880 79.000000 
56.093681 -180.486542 22.726469 84.000000 
56.201981 -180.412506 22.719704 70.000000 
56.092758 -180.472000 22.727062 78.000000 
55.968315 -180.543686 22.727432 84.000000 
56.197544 -180.401672 22.717190 56.000000 
56.089420 -180.459747 22.725502 75.000000 
55.966091 -180.529953 22.726727 85.000000 
56.196770 -180.387482 22.718103 61.000000 
56.083641 -180.449738 22.721771 78.000000 
55.970264 -180.510590 22.731367 85.000000 
56.075405 -180.441925 22.715862 81.000000 
55.965614 -180.499130 22.728611 79.000000 
56.077438 -180.425705 22.718971 66.000000 
55.952366 -180.495956 22.718603 79.000000 
55.844395 -180.548172 22.738886 72.000000 
56.080505 -180.407913 22.723045 57.000000 
55.950321 -180.482224 22.718019 75.000000 
55.840981 -180.535263 22.737064 83.000000 
56.072090 -180.399567 22.717026 67.000000 
55.954441 -180.462479 22.722637 85.000000 
55.833378 -180.525131 22.731979 79.000000 
55.957649 -180.444412 22.726425 82.000000 
55.824787 -180.516586 22.726070 75.000000 
55.688358 -180.588959 22.730427 52.000000 
55.948051 -180.437286 22.719513 53.000000 
55.829380 -180.497101 22.730556 75.000000 
55.688934 -180.572342 22.731480 88.000000 
55.942337 -180.426849 22.715841 64.000000 
55.828777 -180.482010 22.730938 75.000000 
55.677448 -180.565536 22.723551 76.000000 
55.937950 -180.415314 22.713270 51.000000 
55.822937 -180.471252 22.727186 73.000000 
55.679474 -180.547867 22.725676 82.000000 
55.817127 -180.460480 22.723459 77.000000 
55.684277 -180.528076 22.729862 76.000000 
55.539505 -180.597061 22.734009 66.000000 
55.806030 -180.453949 22.715567 61.000000 
55.678303 -180.516922 22.726034 79.000000 
55.540264 -180.580154 22.734913 78.000000 
55.804264 -180.439926 22.715019 59.000000 
55.669643 -180.507843 22.720203 71.000000 
55.535530 -180.567535 22.731966 77.000000 
55.669182 -180.492401 22.720469 76.000000 
55.526665 -180.558060 22.726120 81.000000 
55.656479 -180.486420 22.711637 58.000000 
55.526184 -180.542236 22.726156 86.000000 
55.377499 -180.614563 22.735775 74.000000 
55.664322 -180.464706 22.718063 57.000000 
55.522968 -180.528519 22.724272 83.000000 
55.361317 -180.609833 22.725212 73.000000 
55.522598 -180.512741 22.724382 92.000000 
55.357964 -180.595657 22.723133 71.000000 
55.516670 -180.501099 22.720598 72.000000 
55.354965 -180.582092 22.721285 69.000000 
55.510777 -180.489441 22.716837 57.000000 
55.362865 -180.559113 22.726652 69.000000 
55.184158 -180.648758 22.724812 60.000000 
55.506325 -180.476730 22.714088 54.000000 
55.359978 -180.545593 22.724880 76.000000 
55.186611 -180.630035 22.726246 75.000000 
55.353657 -180.532883 22.720854 67.000000 
55.189137 -180.611359 22.727726 85.000000 
55.185860 -180.596771 22.725603 85.000000 
55.179695 -180.584167 22.721682 87.000000 
55.003300 -180.665863 22.729893 100.000000 
55.176510 -180.569550 22.719620 85.000000 
54.995438 -180.653748 22.724970 89.000000 
55.174847 -180.553955 22.718512 68.000000 
54.989109 -180.640594 22.720951 78.000000 
55.173241 -180.538361 22.717440 57.000000 
54.987328 -180.624481 22.719604 83.000000 
54.984097 -180.609344 22.717413 86.000000 
54.798779 -180.692322 22.729450 77.000000 
54.985439 -180.591309 22.717911 92.000000 
54.790806 -180.679581 22.724527 77.000000 
54.985336 -180.574265 22.717566 67.000000 
54.793617 -180.660080 22.725557 77.000000 
54.976204 -180.562988 22.711929 63.000000 
54.798038 -180.639664 22.727486 73.000000 
54.570740 -180.742844 22.726318 59.000000 
54.791752 -180.625961 22.723513 84.000000 
54.568848 -180.725647 22.724590 112.000000 
54.788593 -180.610352 22.721273 73.000000 
54.570148 -180.706558 22.724525 117.000000 
54.774654 -180.601288 22.713091 55.000000 
54.573090 -180.686584 22.725321 117.000000 
54.566669 -180.672241 22.721275 118.000000 
54.338661 -180.769287 22.730587 55.000000 
54.552414 -180.662460 22.713173 119.000000 
54.330410 -180.755188 22.725620 122.000000 
54.560261 -180.639786 22.716545 114.000000 
54.328590 -180.737396 22.723793 124.000000 
54.569775 -180.616257 22.720797 68.000000 
54.373466 -180.716370 22.716782 124.000000 
54.370140 -180.699463 22.714245 124.000000 
54.383266 -180.674332 22.719776 126.000000 
54.107937 -180.791519 22.718086 121.000000 
54.375240 -180.660156 22.714975 125.000000 
54.109341 -180.771225 22.717577 124.000000 
54.373386 -180.641647 22.713150 111.000000 
54.110485 -180.750168 22.716908 124.000000 
54.103851 -180.734314 22.712765 124.000000 
54.100544 -180.716690 22.710152 125.000000 
54.090725 -180.702515 22.704578 124.000000 
54.099346 -180.679672 22.707493 118.000000 
57.700462 -180.286163 22.728647 52.000000 
57.702843 -180.267746 22.734379 68.000000 
57.698048 -180.257980 22.731823 98.000000 
57.691200 -180.250641 22.726900 104.000000 
57.687508 -180.239624 22.725580 88.000000 
57.683849 -180.228592 22.724287 104.000000 
57.592201 -180.284821 22.732235 67.000000 
57.688923 -180.208359 22.732813 91.000000 
57.579037 -180.284882 22.720482 78.000000 
57.681152 -180.202179 22.726778 104.000000 
57.581844 -180.266312 22.726070 79.000000 
57.674450 -180.194748 22.721958 97.000000 
57.582554 -180.250214 22.729368 75.000000 
57.473816 -180.322342 22.724709 50.000000 
57.666702 -180.188477 22.715942 94.000000 
57.577866 -180.240128 22.726843 73.000000 
57.474571 -180.305923 22.727713 64.000000 
57.666424 -180.173889 22.718407 67.000000 
57.573208 -180.230026 22.724340 82.000000 
57.474266 -180.290756 22.729624 80.000000 
57.668339 -180.156967 22.723337 65.000000 
57.565285 -180.223450 22.718323 79.000000 
57.469501 -180.280365 22.726997 81.000000 
57.563992 -180.209778 22.719402 82.000000 
57.461365 -180.273499 22.720957 84.000000 
57.562752 -180.196121 22.720516 75.000000 
57.456654 -180.263062 22.718372 76.000000 
57.361069 -180.315933 22.732851 64.000000 
57.456539 -180.247925 22.720413 87.000000 
57.352757 -180.308762 22.726812 66.000000 
57.457634 -180.231659 22.723648 89.000000 
57.347984 -180.298035 22.724138 64.000000 
57.449898 -180.225174 22.717871 95.000000 
57.350609 -180.280777 22.728395 66.000000 
57.445335 -180.214722 22.715393 76.000000 
57.347107 -180.268906 22.726904 66.000000 
57.225697 -180.343231 22.722795 64.000000 
57.441685 -180.202652 22.713917 58.000000 
57.343349 -180.256546 22.725256 69.000000 
57.220562 -180.331650 22.719845 77.000000 
57.332798 -180.251541 22.717064 72.000000 
57.227951 -180.309036 22.728022 78.000000 
57.329395 -180.239624 22.715645 79.000000 
57.217113 -180.303711 22.719870 84.000000 
57.102070 -180.368668 22.727905 79.000000 
57.327232 -180.226563 22.715387 53.000000 
57.211182 -180.293747 22.716103 84.000000 
57.104733 -180.350403 22.731434 95.000000 
57.208027 -180.281998 22.714737 90.000000 
57.093941 -180.345200 22.723534 82.000000 
57.204617 -180.269745 22.713215 87.000000 
57.084106 -180.338287 22.716509 85.000000 
57.208370 -180.250244 22.718143 75.000000 
57.082829 -180.322922 22.716759 85.000000 
56.967690 -180.382996 22.730930 63.000000 
57.200115 -180.242493 22.712278 51.000000 
57.083179 -180.306961 22.718304 92.000000 
56.965420 -180.368988 22.730124 79.000000 
57.193111 -180.233582 22.707529 57.000000 
57.088673 -180.286591 22.724169 89.000000 
56.958000 -180.359436 22.725220 79.000000 
57.080238 -180.278488 22.718307 99.000000 
56.951908 -180.348740 22.721371 73.000000 
57.073395 -180.269760 22.713717 67.000000 
56.961819 -180.325302 22.730171 79.000000 
56.814240 -180.408691 22.725170 88.000000 
57.064995 -180.261566 22.707882 58.000000 
56.955822 -180.314636 22.726389 77.000000 
56.810680 -180.395386 22.723240 94.000000 
56.949562 -180.303406 22.722443 81.000000 
56.812218 -180.377136 22.725161 82.000000 
56.943630 -180.292679 22.718704 77.000000 
56.808762 -180.363846 22.723301 76.000000 
56.675587 -180.425644 22.735477 66.000000 
56.937729 -180.281937 22.714991 63.000000 
56.805351 -180.350571 22.721474 76.000000 
56.661060 -180.420654 22.725706 77.000000 
56.939789 -180.264709 22.717579 55.000000 
56.796585 -180.341583 22.715639 79.000000 
56.657860 -180.407547 22.723906 86.000000 
56.798962 -180.324539 22.718100 82.000000 
56.651634 -180.395996 22.719994 77.000000 
56.791615 -180.314438 22.713324 53.000000 
56.650974 -180.380157 22.720009 81.000000 
56.497330 -180.458328 22.726177 74.000000 
56.792442 -180.297958 22.714659 54.000000 
56.661465 -180.355881 22.727886 86.000000 
56.495193 -180.443130 22.724998 74.000000 
56.649826 -180.348541 22.720156 92.000000 
56.488865 -180.431122 22.721033 73.000000 
56.638191 -180.341156 22.712435 58.000000 
56.496761 -180.408615 22.726524 69.000000 
56.639133 -180.324310 22.713575 56.000000 
56.487686 -180.398682 22.720737 67.000000 
56.318535 -180.483978 22.724669 60.000000 
56.481483 -180.386642 22.716862 78.000000 
56.320793 -180.465256 22.726089 72.000000 
56.477867 -180.371902 22.714716 78.000000 
56.316990 -180.450058 22.723719 78.000000 
56.470306 -180.360840 22.709942 50.000000 
56.313557 -180.435471 22.721582 76.000000 
56.479992 -180.337540 22.716625 51.000000 
56.307247 -180.422928 22.717651 76.000000 
56.130196 -180.507492 22.725229 94.000000 
56.300976 -180.410370 22.713745 78.000000 
56.123684 -180.494431 22.721174 78.000000 
56.307934 -180.388733 22.718124 66.000000 
56.118698 -180.480347 22.718025 75.000000 
56.306168 -180.373169 22.717047 58.000000 
56.119728 -180.462250 22.718426 78.000000 
55.933670 -180.547974 22.729778 54.000000 
56.122326 -180.443192 22.719753 81.000000 
55.924004 -180.536331 22.723980 77.000000 
56.115997 -180.430099 22.715826 89.000000 
55.923504 -180.518738 22.723265 75.000000 
56.106701 -180.418930 22.710157 57.000000 
55.933743 -180.494324 22.728508 70.000000 
56.097427 -180.407715 22.704508 64.000000 
55.928799 -180.479736 22.725349 68.000000 
55.706024 -180.584045 22.726202 57.000000 
55.926964 -180.463196 22.723917 70.000000 
55.708622 -180.563980 22.726892 107.000000 
55.914440 -180.453400 22.716572 70.000000 
55.703506 -180.548752 22.723579 106.000000 
55.911156 -180.437790 22.714352 54.000000 
55.701557 -180.531616 22.721924 111.000000 
55.687164 -180.522049 22.713802 116.000000 
55.467968 -180.616745 22.727468 58.000000 
55.695026 -180.499954 22.717304 117.000000 
55.463074 -180.601608 22.724251 121.000000 
55.701084 -180.478149 22.719847 66.000000 
55.454704 -180.587570 22.719307 123.000000 
55.691193 -180.464996 22.714064 66.000000 
55.454002 -180.568100 22.718069 124.000000 
55.458488 -180.546661 22.719423 124.000000 
55.456665 -180.528915 22.717707 125.000000 
55.187019 -180.645340 22.718319 121.000000 
55.507767 -180.503860 22.713846 117.000000 
55.249199 -180.613251 22.719387 125.000000 
55.495148 -180.493195 22.706917 111.000000 
55.241074 -180.599197 22.714674 125.000000 
55.234272 -180.583405 22.710522 126.000000 
55.228806 -180.565918 22.706945 126.000000 
55.236794 -180.542145 22.709591 121.000000 
55.243233 -180.519348 22.711550 120.000000 
58.843998 -180.106995 22.730228 54.000000 
58.848156 -180.086044 22.738258 68.000000 
58.838173 -180.082611 22.729715 94.000000 
58.833286 -180.072922 22.727125 97.000000 
58.830479 -180.060730 22.726942 85.000000 
58.830513 -180.044449 22.730192 104.000000 
58.730324 -180.112930 22.727476 61.000000 
58.830910 -180.028610 22.733677 91.000000 
58.722202 -180.106628 22.721317 78.000000 
58.826481 -180.019348 22.731386 94.000000 
58.722923 -180.090912 22.724689 71.000000 
58.817635 -180.014511 22.724125 104.000000 
58.725559 -180.072357 22.730255 70.000000 
58.616833 -180.147171 22.724421 50.000000 
58.811924 -180.005981 22.720484 104.000000 
58.717533 -180.066010 22.724167 70.000000 
58.614056 -180.134399 22.723946 62.000000 
58.812511 -179.990204 22.724100 85.000000 
58.713829 -180.054779 22.722780 71.000000 
58.619087 -180.113144 22.731474 80.000000 
58.812119 -179.975677 22.726553 64.000000 
58.709084 -180.044739 22.720243 73.000000 
58.611980 -180.105286 22.726517 81.000000 
58.806519 -179.967148 22.722990 54.000000 
58.706539 -180.032303 22.720087 75.000000 
58.603779 -180.098572 22.720432 84.000000 
58.711658 -180.011520 22.728222 75.000000 
58.597828 -180.089432 22.716648 78.000000 
58.505283 -180.141098 22.733313 55.000000 
58.599758 -180.071915 22.720915 76.000000 
58.502674 -180.128098 22.732792 75.000000 
58.599514 -180.056824 22.722935 84.000000 
58.492012 -180.123459 22.724501 74.000000 
58.595940 -180.045303 22.721539 89.000000 
58.488308 -180.111633 22.722916 74.000000 
58.590141 -180.036148 22.717861 84.000000 
58.489300 -180.095078 22.725834 72.000000 
58.364212 -180.175766 22.717356 62.000000 
58.580956 -180.030457 22.710733 59.000000 
58.485695 -180.083267 22.724314 74.000000 
58.367615 -180.156494 22.722132 82.000000 
58.581184 -180.015869 22.713062 54.000000 
58.480080 -180.074265 22.720760 74.000000 
58.366604 -180.142487 22.722805 84.000000 
58.474197 -180.064774 22.717039 83.000000 
58.362934 -180.130325 22.721144 87.000000 
58.246445 -180.199127 22.726944 66.000000 
58.470406 -180.052444 22.715410 69.000000 
58.356590 -180.119995 22.717134 84.000000 
58.251022 -180.177979 22.732311 106.000000 
58.472851 -180.034851 22.719646 61.000000 
58.348156 -180.112457 22.711147 90.000000 
58.238647 -180.173645 22.723120 92.000000 
58.351875 -180.093353 22.716141 90.000000 
58.239941 -180.156540 22.725592 92.000000 
58.353249 -180.076614 22.718992 93.000000 
58.232578 -180.147522 22.720673 89.000000 
58.115898 -180.211349 22.732523 51.000000 
58.344913 -180.069031 22.713079 70.000000 
58.231483 -180.132736 22.721094 85.000000 
58.113461 -180.197403 22.731657 79.000000 
58.337822 -180.060272 22.708282 62.000000 
58.241730 -180.107758 22.731155 82.000000 
58.104668 -180.189163 22.725674 83.000000 
58.230728 -180.102127 22.723122 96.000000 
58.104885 -180.172928 22.726931 83.000000 
58.223507 -180.093048 22.718306 85.000000 
58.111603 -180.151108 22.733400 81.000000 
57.960117 -180.240952 22.724167 65.000000 
58.211254 -180.088409 22.709211 62.000000 
58.102921 -180.142822 22.727499 81.000000 
57.960358 -180.224365 22.725172 100.000000 
58.096844 -180.132248 22.723686 81.000000 
57.965954 -180.203339 22.730225 79.000000 
58.088203 -180.123886 22.717815 81.000000 
57.963684 -180.189056 22.729317 73.000000 
58.084782 -180.111053 22.716129 83.000000 
57.953487 -180.181412 22.722414 85.000000 
57.818455 -180.246796 22.732237 67.000000 
58.094456 -180.087234 22.724918 52.000000 
57.947300 -180.170410 22.718544 82.000000 
57.808002 -180.238724 22.725342 74.000000 
57.946487 -180.155014 22.718733 79.000000 
57.801334 -180.226746 22.721178 72.000000 
57.950787 -180.134720 22.722818 88.000000 
57.803223 -180.208786 22.723080 72.000000 
57.653629 -180.286758 22.730783 50.000000 
57.938023 -180.129135 22.713972 58.000000 
57.807926 -180.188705 22.726982 74.000000 
57.652729 -180.270584 22.730492 68.000000 
57.929291 -180.120224 22.708178 52.000000 
57.800346 -180.178375 22.722137 77.000000 
57.653290 -180.253372 22.731176 77.000000 
57.798607 -180.164307 22.721422 86.000000 
57.648624 -180.241043 22.728340 69.000000 
57.785568 -180.158173 22.712694 59.000000 
57.645081 -180.227066 22.726274 71.000000 
57.638767 -180.215195 22.722349 71.000000 
57.476543 -180.298004 22.729300 73.000000 
57.629662 -180.205399 22.716555 76.000000 
57.470028 -180.285645 22.725252 77.000000 
57.623405 -180.193451 22.712677 69.000000 
57.463547 -180.273270 22.721231 78.000000 
57.628532 -180.173172 22.716433 51.000000 
57.462875 -180.256699 22.720888 87.000000 
57.456474 -180.244293 22.716927 85.000000 
57.279083 -180.331741 22.723083 82.000000 
57.464611 -180.221588 22.722153 92.000000 
57.276894 -180.315735 22.721624 75.000000 
57.453953 -180.212250 22.715508 65.000000 
57.273281 -180.300751 22.719326 81.000000 
57.446224 -180.200821 22.710716 54.000000 
57.274162 -180.282730 22.719702 86.000000 
57.084789 -180.373444 22.727844 56.000000 
57.269173 -180.268768 22.716593 89.000000 
57.084087 -180.355927 22.727064 69.000000 
57.259766 -180.257813 22.710863 89.000000 
57.089493 -180.334427 22.729704 68.000000 
57.256023 -180.242157 22.708500 63.000000 
57.085903 -180.318985 22.727324 75.000000 
57.252647 -180.227158 22.706369 66.000000 
57.074776 -180.308487 22.720741 77.000000 
56.872944 -180.401581 22.731400 65.000000 
57.071270 -180.292999 22.718424 77.000000 
56.858421 -180.392426 22.723175 110.000000 
57.069336 -180.276535 22.716991 68.000000 
56.859364 -180.373413 22.723070 117.000000 
57.075401 -180.255890 22.720058 59.000000 
56.856064 -180.358047 22.720781 117.000000 
56.847828 -180.344864 22.715876 120.000000 
56.634686 -180.438980 22.730991 109.000000 
56.855164 -180.322067 22.719158 121.000000 
56.623043 -180.427109 22.724442 120.000000 
56.861031 -180.300293 22.721682 70.000000 
56.617737 -180.411362 22.721020 122.000000 
56.847946 -180.289246 22.714231 61.000000 
56.626373 -180.386353 22.724430 124.000000 
56.622780 -180.369675 22.721874 125.000000 
56.363403 -180.485809 22.725706 121.000000 
56.619568 -180.353745 22.719557 125.000000 
56.358311 -180.470123 22.722376 123.000000 
56.617664 -180.336151 22.717855 111.000000 
56.357750 -180.450867 22.721090 125.000000 
56.611042 -180.321320 22.713839 102.000000 
56.345959 -180.438049 22.714645 124.000000 
56.400223 -180.410675 22.712114 125.000000 
56.399490 -180.390656 22.710745 126.000000 
56.410519 -180.365128 22.714869 115.000000 
56.399246 -180.353012 22.708759 105.000000 
59.980774 -179.915131 22.740093 54.000000 
59.974724 -179.906799 22.736208 71.000000 
59.967697 -179.899719 22.731159 98.000000 
59.962288 -179.892181 22.727692 107.000000 
59.964371 -179.873734 22.733349 97.000000 
59.966957 -179.853256 22.739872 91.000000 
59.860378 -179.931671 22.729221 64.000000 
59.960068 -179.846146 22.734922 97.000000 
59.862659 -179.912979 22.734579 83.000000 
59.957272 -179.834030 22.734760 101.000000 
59.861870 -179.898087 22.736515 86.000000 
59.947357 -179.830551 22.726257 104.000000 
59.853760 -179.891891 22.730354 75.000000 
59.750114 -179.963013 22.729481 50.000000 
59.945946 -179.817612 22.727526 101.000000 
59.848072 -179.883621 22.726725 70.000000 
59.751858 -179.945770 22.733637 62.000000 
59.946354 -179.801834 22.731045 71.000000 
59.844234 -179.872437 22.725254 79.000000 
59.746815 -179.935547 22.730852 86.000000 
59.937527 -179.797043 22.723783 68.000000 
59.840435 -179.861237 22.723810 79.000000 
59.745090 -179.921616 22.731495 81.000000 
59.929733 -179.790985 22.717730 65.000000 
59.845234 -179.840302 22.731770 82.000000 
59.736820 -179.915054 22.725353 87.000000 
59.842903 -179.828369 22.731758 89.000000 
59.733280 -179.904007 22.723970 89.000000 
59.636841 -179.961517 22.736343 60.000000 
59.831718 -179.825668 22.722185 51.000000 
59.733902 -179.887665 22.726990 87.000000 
59.631798 -179.950989 22.733517 64.000000 
59.825134 -179.818527 22.717505 51.000000 
59.730450 -179.876648 22.725668 89.000000 
59.627094 -179.940903 22.730909 69.000000 
59.722279 -179.869980 22.719601 89.000000 
59.623260 -179.929138 22.729240 74.000000 
59.718002 -179.857574 22.717762 92.000000 
59.618858 -179.916428 22.727215 76.000000 
59.504051 -179.988968 22.727793 62.000000 
59.713234 -179.847260 22.715178 60.000000 
59.617409 -179.902267 22.727835 79.000000 
59.507553 -179.970154 22.732658 72.000000 
59.716961 -179.829559 22.721056 58.000000 
59.607376 -179.898575 22.719933 81.000000 
59.501656 -179.960938 22.728922 75.000000 
59.606007 -179.884399 22.720608 86.000000 
59.495785 -179.951706 22.725201 78.000000 
59.385838 -180.015381 22.736355 69.000000 
59.609043 -179.865067 22.725624 69.000000 
59.489017 -179.940994 22.720917 75.000000 
59.374306 -180.009583 22.727943 95.000000 
59.603138 -179.855652 22.721886 65.000000 
59.487675 -179.926514 22.721399 84.000000 
59.374107 -179.993607 22.729210 89.000000 
59.486385 -179.912064 22.721918 90.000000 
59.367836 -179.983521 22.725245 85.000000 
59.482750 -179.899963 22.720289 90.000000 
59.367744 -179.967575 22.726585 82.000000 
59.244267 -180.039703 22.732517 54.000000 
59.477947 -179.889008 22.717594 58.000000 
59.376366 -179.943512 22.735384 82.000000 
59.237862 -180.029266 22.728476 79.000000 
59.471973 -179.879211 22.713825 59.000000 
59.367760 -179.935760 22.729397 79.000000 
59.242889 -180.008347 22.733679 72.000000 
59.360104 -179.926315 22.724295 89.000000 
59.246422 -179.988144 22.737717 66.000000 
59.355267 -179.915039 22.721531 82.000000 
59.240166 -179.977722 22.733780 70.000000 
59.100033 -180.060165 22.732975 65.000000 
59.351715 -179.902603 22.719862 60.000000 
59.233940 -179.967270 22.729864 72.000000 
59.102703 -180.041306 22.735868 89.000000 
59.354465 -179.884506 22.723574 54.000000 
59.227741 -179.956787 22.725971 70.000000 
59.100224 -180.027039 22.734831 85.000000 
59.229889 -179.940536 22.728695 72.000000 
59.094490 -180.017273 22.731234 82.000000 
58.949692 -180.093597 22.733713 50.000000 
59.225056 -179.928925 22.725893 65.000000 
59.085522 -180.008652 22.725256 76.000000 
58.949524 -180.076111 22.734213 69.000000 
59.219955 -179.916763 22.722925 55.000000 
59.084164 -179.992706 22.725109 82.000000 
58.936287 -180.070435 22.725311 82.000000 
59.085823 -179.975098 22.727209 79.000000 
58.943291 -180.047943 22.730919 77.000000 
59.079605 -179.964188 22.723318 79.000000 
58.942276 -180.032211 22.730776 75.000000 
59.070759 -179.955475 22.717432 61.000000 
58.938610 -180.018692 22.728731 72.000000 
58.785683 -180.101257 22.733593 68.000000 
59.065926 -179.943405 22.714594 52.000000 
58.932266 -180.007370 22.724771 77.000000 
58.790192 -180.080719 22.736965 68.000000 
58.923229 -179.998199 22.718885 78.000000 
58.778118 -180.073364 22.729153 67.000000 
58.925140 -179.980286 22.720833 60.000000 
58.771618 -180.061569 22.725103 63.000000 
58.923012 -179.965668 22.719889 51.000000 
58.770737 -180.045441 22.724842 64.000000 
58.616528 -180.124680 22.736670 68.000000 
58.769913 -180.029327 22.724621 69.000000 
58.604187 -180.116745 22.728924 69.000000 
58.771950 -180.011108 22.726330 77.000000 
58.598991 -180.103409 22.725716 76.000000 
58.600990 -180.084717 22.727076 78.000000 
58.603062 -180.066086 22.728485 81.000000 
58.415218 -180.164001 22.727663 82.000000 
58.593712 -180.055908 22.722651 87.000000 
58.414307 -180.146973 22.726969 82.000000 
58.590466 -180.042114 22.720686 83.000000 
58.410862 -180.132706 22.724771 86.000000 
58.586941 -180.027695 22.718554 57.000000 
58.411533 -180.114670 22.725031 81.000000 
58.227722 -180.204422 22.735952 54.000000 
58.400505 -180.104935 22.718313 86.000000 
58.232811 -180.182831 22.738413 74.000000 
58.395393 -180.091019 22.715128 100.000000 
58.226002 -180.169510 22.734213 73.000000 
58.403282 -180.067261 22.719707 70.000000 
58.221897 -180.153458 22.731518 75.000000 
58.215172 -180.140091 22.727379 73.000000 
58.010254 -180.239182 22.736019 58.000000 
58.216019 -180.121658 22.727495 81.000000 
58.006344 -180.223206 22.733345 74.000000 
58.206364 -180.110260 22.721727 81.000000 
57.993290 -180.213226 22.725866 108.000000 
58.214886 -180.086884 22.726168 57.000000 
57.994072 -180.194229 22.725681 116.000000 
57.999538 -180.172287 22.727972 120.000000 
57.765854 -180.282608 22.732195 56.000000 
57.994305 -180.157303 22.724636 121.000000 
57.765015 -180.264008 22.730938 117.000000 
57.990654 -180.141312 22.722147 111.000000 
57.757977 -180.249344 22.726637 123.000000 
57.990154 -180.123398 22.721323 70.000000 
57.768242 -180.223984 22.730886 123.000000 
57.756599 -180.212219 22.724335 126.000000 
57.507755 -180.324814 22.732811 62.000000 
57.754436 -180.194641 22.722473 125.000000 
57.508526 -180.304657 22.732105 120.000000 
57.757061 -180.174210 22.722990 122.000000 
57.491779 -180.294937 22.723320 126.000000 
57.767662 -180.149124 22.727468 103.000000 
57.489456 -180.276642 22.721212 126.000000 
57.487198 -180.258347 22.719147 126.000000 
57.493031 -180.235428 22.720840 127.000000 
57.495735 -180.214417 22.721102 123.000000 
57.544987 -180.189529 22.716818 119.000000 
61.100666 -179.742310 22.728071 52.000000 
61.094463 -179.734009 22.724100 71.000000 
61.089268 -179.724411 22.721321 80.000000 
61.092003 -179.704544 22.727993 94.000000 
61.092850 -179.687302 22.732367 94.000000 
61.084812 -179.681534 22.726139 97.000000 
60.989029 -179.748672 22.727804 59.000000 
61.078785 -179.673187 22.722292 94.000000 
60.988991 -179.732437 22.730745 63.000000 
61.074078 -179.663971 22.719839 104.000000 
60.985195 -179.721725 22.729315 78.000000 
61.074139 -179.648056 22.723171 88.000000 
60.976974 -179.715622 22.723085 82.000000 
60.880341 -179.780502 22.729572 50.000000 
61.071949 -179.634262 22.723976 101.000000 
60.973667 -179.702759 22.722467 73.000000 
60.872643 -179.772400 22.724228 62.000000 
61.066051 -179.625870 22.720224 104.000000 
60.968624 -179.692841 22.719755 70.000000 
60.867432 -179.762177 22.721355 68.000000 
61.058441 -179.620361 22.714283 65.000000 
60.973351 -179.672150 22.727728 70.000000 
60.867962 -179.746155 22.724348 86.000000 
61.053604 -179.610672 22.711761 74.000000 
60.965244 -179.665970 22.721582 75.000000 
60.861748 -179.737183 22.720400 84.000000 
61.053345 -179.594009 22.714905 80.000000 
60.956551 -179.658859 22.715067 67.000000 
60.865814 -179.714905 22.727421 89.000000 
60.758888 -179.785934 22.728996 57.000000 
60.954823 -179.645218 22.715965 82.000000 
60.859692 -179.705948 22.723536 84.000000 
60.759289 -179.769241 22.731592 64.000000 
60.950554 -179.636124 22.713757 60.000000 
60.850918 -179.701523 22.716640 74.000000 
60.761509 -179.752274 22.735735 75.000000 
60.954258 -179.616425 22.720596 58.000000 
60.845932 -179.691269 22.713926 78.000000 
60.753025 -179.745468 22.729578 81.000000 
60.846481 -179.674911 22.716949 81.000000 
60.749077 -179.733749 22.727863 76.000000 
60.633934 -179.808945 22.727749 59.000000 
60.844891 -179.661026 22.717730 84.000000 
60.736088 -179.731735 22.717293 72.000000 
60.632206 -179.794434 22.728006 67.000000 
60.839729 -179.650314 22.714914 64.000000 
60.736443 -179.714645 22.719875 72.000000 
60.623199 -179.786743 22.721638 88.000000 
60.834904 -179.640045 22.712313 68.000000 
60.741749 -179.693237 22.727160 72.000000 
60.618042 -179.775864 22.718721 84.000000 
60.512516 -179.837662 22.733740 59.000000 
60.731407 -179.689178 22.719057 79.000000 
60.616764 -179.761841 22.719273 87.000000 
60.502754 -179.831818 22.726727 69.000000 
60.725353 -179.679810 22.715242 62.000000 
60.619942 -179.742554 22.723999 87.000000 
60.491463 -179.826614 22.718466 92.000000 
60.720184 -179.668762 22.712379 61.000000 
60.611065 -179.734772 22.717726 78.000000 
60.494400 -179.806488 22.722605 96.000000 
60.607258 -179.722687 22.716013 81.000000 
60.498955 -179.785736 22.728056 85.000000 
60.598732 -179.715317 22.709967 84.000000 
60.495071 -179.773361 22.726187 89.000000 
60.373512 -179.845428 22.733252 60.000000 
60.594994 -179.703201 22.708303 52.000000 
60.486336 -179.765686 22.720123 89.000000 
60.377029 -179.825623 22.737329 68.000000 
60.599678 -179.682892 22.714333 65.000000 
60.483746 -179.752090 22.719364 92.000000 
60.369339 -179.816452 22.732269 79.000000 
60.483665 -179.736176 22.720762 89.000000 
60.359150 -179.809570 22.725174 69.000000 
60.227428 -179.886749 22.731030 63.000000 
60.483650 -179.720291 22.722202 79.000000 
60.347713 -179.803802 22.717064 71.000000 
60.227264 -179.870132 22.731833 70.000000 
60.477512 -179.710220 22.718357 65.000000 
60.353989 -179.781754 22.723356 71.000000 
60.220703 -179.859344 22.727724 100.000000 
60.471401 -179.700119 22.714535 58.000000 
60.355286 -179.764404 22.725592 79.000000 
60.212872 -179.849686 22.722645 91.000000 
60.351566 -179.751678 22.723742 79.000000 
60.216766 -179.829651 22.726542 82.000000 
60.064590 -179.914169 22.723522 50.000000 
60.340237 -179.745789 22.715714 73.000000 
60.212921 -179.816544 22.724510 82.000000 
60.072548 -179.890350 22.729912 65.000000 
60.335308 -179.734161 22.712875 57.000000 
60.211739 -179.801147 22.724508 82.000000 
60.075600 -179.871719 22.732727 82.000000 
60.330719 -179.723038 22.710255 50.000000 
60.203068 -179.793106 22.718735 76.000000 
60.071709 -179.858231 22.730564 86.000000 
60.201977 -179.777725 22.718800 82.000000 
60.067863 -179.844757 22.728434 77.000000 
59.919960 -179.925797 22.736509 54.000000 
60.195675 -179.766846 22.714878 61.000000 
60.050613 -179.842468 22.716646 81.000000 
59.917351 -179.910797 22.735121 74.000000 
60.194683 -179.751480 22.715012 54.000000 
60.057610 -179.820007 22.722324 75.000000 
59.905174 -179.903580 22.727242 78.000000 
60.056591 -179.804291 22.722231 78.000000 
59.898518 -179.891876 22.723110 71.000000 
60.050217 -179.792999 22.718277 64.000000 
59.894653 -179.877930 22.720875 76.000000 
60.039799 -179.784973 22.711416 51.000000 
59.901909 -179.855194 22.726181 73.000000 
59.725945 -179.953400 22.723654 64.000000 
59.898167 -179.841293 22.724028 78.000000 
59.726212 -179.935715 22.723953 75.000000 
59.891685 -179.829544 22.720020 76.000000 
59.733620 -179.912628 22.728817 83.000000 
59.871300 -179.828583 22.706594 54.000000 
59.726940 -179.900436 22.724689 83.000000 
59.544449 -179.997406 22.727102 59.000000 
59.881615 -179.803848 22.713974 51.000000 
59.720291 -179.888199 22.720587 81.000000 
59.544762 -179.979309 22.727171 78.000000 
59.713676 -179.875946 22.716511 87.000000 
59.537888 -179.966553 22.722937 83.000000 
59.718525 -179.855164 22.719751 76.000000 
59.531052 -179.953796 22.718727 83.000000 
59.714870 -179.840790 22.717567 57.000000 
59.527164 -179.938873 22.716293 83.000000 
59.355820 -180.021866 22.734360 56.000000 
59.529167 -179.919769 22.717398 83.000000 
59.351795 -180.006500 22.731735 69.000000 
59.523922 -179.905914 22.714161 89.000000 
59.341873 -179.995300 22.725796 68.000000 
59.526054 -179.886856 22.715353 71.000000 
59.346874 -179.973694 22.728275 68.000000 
59.519444 -179.874039 22.711306 63.000000 
59.345989 -179.956253 22.727444 73.000000 
59.119293 -180.072708 22.724157 55.000000 
59.339184 -179.942947 22.723282 75.000000 
59.122791 -180.051575 22.725414 105.000000 
59.333576 -179.927917 22.719788 81.000000 
59.121449 -180.032852 22.724096 110.000000 
59.323849 -179.916595 22.713989 58.000000 
59.125099 -180.011826 22.725460 117.000000 
59.123066 -179.995560 22.723852 115.000000 
58.894997 -180.105042 22.730682 53.000000 
59.105434 -179.988602 22.713970 117.000000 
58.892426 -180.087463 22.728592 120.000000 
59.103134 -179.971603 22.712212 119.000000 
58.882137 -180.074844 22.722687 121.000000 
59.116264 -179.944717 22.718634 73.000000 
58.876553 -180.059219 22.719122 124.000000 
58.878826 -180.038666 22.719467 125.000000 
58.626194 -180.156525 22.726082 53.000000 
58.882740 -180.017197 22.720638 126.000000 
58.620403 -180.140182 22.722353 121.000000 
58.877327 -180.001587 22.717196 125.000000 
58.616253 -180.122864 22.719395 125.000000 
58.878246 -179.982101 22.716908 111.000000 
58.616932 -180.102661 22.718691 124.000000 
58.611305 -180.086288 22.715075 125.000000 
58.602531 -180.071808 22.710011 126.000000 
58.596642 -180.054626 22.706247 127.000000 
58.610401 -180.026978 22.711683 116.000000 
62.220177 -179.530823 22.722492 54.000000 
62.221657 -179.512177 22.727890 74.000000 
62.210579 -179.510406 22.718060 83.000000 
62.207294 -179.498245 22.717648 94.000000 
62.200134 -179.491226 22.712545 97.000000 
62.115818 -179.545273 22.727333 51.000000 
62.203819 -179.470108 22.720469 97.000000 
62.106461 -179.540573 22.719883 61.000000 
62.203651 -179.454178 22.723717 97.000000 
62.099140 -179.533264 22.714741 73.000000 
62.197601 -179.445877 22.719885 94.000000 
62.097980 -179.518280 22.716534 78.000000 
62.188583 -179.441330 22.712498 101.000000 
62.098938 -179.500778 22.720684 73.000000 
61.989067 -179.582947 22.712523 58.000000 
62.182869 -179.433380 22.708883 101.000000 
62.093060 -179.492599 22.716969 73.000000 
61.992519 -179.563034 22.718782 76.000000 
62.180885 -179.419983 22.709875 104.000000 
62.087933 -179.482712 22.714235 79.000000 
61.991482 -179.547791 22.720396 89.000000 
62.182987 -179.401611 22.715693 77.000000 
62.079723 -179.476563 22.708036 75.000000 
61.985165 -179.538879 22.716408 89.000000 
62.181126 -179.388275 22.716766 59.000000 
62.077774 -179.462891 22.708841 82.000000 
61.976727 -179.532440 22.710175 89.000000 
61.888836 -179.583313 22.731064 55.000000 
62.081108 -179.443024 22.715523 89.000000 
61.972603 -179.520981 22.708487 87.000000 
61.882420 -179.574127 22.727018 62.000000 
62.076138 -179.433121 22.712902 75.000000 
61.977161 -179.499557 22.715914 92.000000 
61.877136 -179.563660 22.724094 75.000000 
62.068035 -179.426895 22.706783 52.000000 
61.975315 -179.485641 22.716576 87.000000 
61.868546 -179.556915 22.717884 79.000000 
61.969173 -179.476685 22.712715 89.000000 
61.866673 -179.542694 22.718317 76.000000 
61.965240 -179.465225 22.711157 95.000000 
61.867100 -179.526031 22.721004 74.000000 
61.750145 -179.604599 22.718822 59.000000 
61.953682 -179.462326 22.701612 63.000000 
61.860844 -179.516769 22.717077 72.000000 
61.750916 -179.588089 22.721407 77.000000 
61.954800 -179.446884 22.705065 58.000000 
61.855236 -179.508408 22.713560 79.000000 
61.748280 -179.575302 22.720804 90.000000 
61.620895 -179.661545 22.716112 52.000000 
61.849030 -179.499084 22.709671 76.000000 
61.742203 -179.566177 22.716995 84.000000 
61.624969 -179.640564 22.721334 74.000000 
61.848526 -179.483688 22.711386 83.000000 
61.735512 -179.556061 22.712807 78.000000 
61.626747 -179.622086 22.724529 90.000000 
61.848087 -179.468338 22.713140 61.000000 
61.731827 -179.544464 22.711206 87.000000 
61.616627 -179.615768 22.717304 99.000000 
61.726921 -179.530930 22.708843 87.000000 
61.613071 -179.601151 22.715977 97.000000 
61.728020 -179.514542 22.711653 96.000000 
61.607807 -179.589951 22.712990 85.000000 
61.496517 -179.653717 22.728752 57.000000 
61.723846 -179.501999 22.709757 87.000000 
61.603786 -179.577545 22.711082 85.000000 
61.483711 -179.649384 22.719536 66.000000 
61.716782 -179.493973 22.705000 58.000000 
61.609512 -179.555618 22.717655 89.000000 
61.479588 -179.636642 22.717459 90.000000 
61.606819 -179.542053 22.716883 96.000000 
61.480488 -179.619141 22.719498 89.000000 
61.596859 -179.535568 22.709780 99.000000 
61.483952 -179.599319 22.723635 79.000000 
61.339188 -179.691055 22.718737 62.000000 
61.589981 -179.527679 22.705202 67.000000 
61.480637 -179.587646 22.722071 83.000000 
61.343033 -179.671387 22.722675 78.000000 
61.591076 -179.510590 22.707701 58.000000 
61.476719 -179.574936 22.720135 83.000000 
61.340546 -179.657654 22.721714 88.000000 
61.469685 -179.563522 22.715773 86.000000 
61.340645 -179.638275 22.722946 82.000000 
61.470898 -179.546158 22.718025 98.000000 
61.328911 -179.632141 22.714891 79.000000 
61.192997 -179.703949 22.723625 63.000000 
61.464584 -179.535751 22.714117 64.000000 
61.319767 -179.623642 22.708838 85.000000 
61.186237 -179.692749 22.719440 82.000000 
61.455765 -179.527618 22.708157 56.000000 
61.326202 -179.601303 22.714792 88.000000 
61.180180 -179.682663 22.715696 92.000000 
61.328178 -179.584702 22.717203 88.000000 
61.184105 -179.662277 22.719275 77.000000 
61.319149 -179.576157 22.711231 85.000000 
61.185120 -179.643677 22.720770 78.000000 
61.025520 -179.736115 22.720602 57.000000 
61.308510 -179.568161 22.704073 59.000000 
61.181202 -179.630203 22.718647 77.000000 
61.021732 -179.722763 22.718449 71.000000 
61.177002 -179.616165 22.716354 83.000000 
61.025158 -179.700897 22.721296 73.000000 
61.162441 -179.611633 22.706512 83.000000 
61.021481 -179.687576 22.719219 69.000000 
61.158630 -179.598099 22.704468 58.000000 
61.011688 -179.677536 22.713017 69.000000 
60.857372 -179.760880 22.724617 58.000000 
61.169704 -179.572372 22.713203 56.000000 
61.010838 -179.661957 22.712872 66.000000 
60.860252 -179.740982 22.726667 85.000000 
61.009708 -179.645813 22.712563 76.000000 
60.849522 -179.732758 22.719963 85.000000 
61.011730 -179.628098 22.714378 67.000000 
60.842678 -179.720596 22.715773 81.000000 
60.999321 -179.620148 22.706398 55.000000 
60.841511 -179.704025 22.715231 75.000000 
60.665375 -179.798065 22.721289 71.000000 
60.846058 -179.683136 22.718361 76.000000 
60.661224 -179.783188 22.718731 96.000000 
60.839359 -179.670944 22.714272 87.000000 
60.658566 -179.767242 22.717079 83.000000 
60.828434 -179.661957 22.707472 63.000000 
60.661736 -179.746994 22.718954 81.000000 
60.820370 -179.650757 22.702513 59.000000 
60.657753 -179.732147 22.716511 81.000000 
60.468388 -179.830994 22.723688 64.000000 
60.646561 -179.722610 22.709723 75.000000 
60.476017 -179.807129 22.727718 77.000000 
60.641201 -179.708771 22.706461 89.000000 
60.470444 -179.792847 22.724274 73.000000 
60.643169 -179.689682 22.707630 64.000000 
60.466396 -179.777496 22.721699 75.000000 
60.643749 -179.671677 22.707964 59.000000 
60.462399 -179.762146 22.719160 73.000000 
60.254242 -179.867188 22.725407 62.000000 
60.455471 -179.748871 22.714968 73.000000 
60.245514 -179.854370 22.720234 108.000000 
60.454548 -179.731430 22.714186 75.000000 
60.238686 -179.841171 22.716106 117.000000 
60.450695 -179.716064 22.711752 66.000000 
60.243668 -179.819046 22.718245 114.000000 
60.008934 -179.936066 22.721647 50.000000 
60.245697 -179.799026 22.718822 111.000000 
60.012306 -179.914383 22.722549 106.000000 
60.238670 -179.785126 22.714590 121.000000 
60.012676 -179.894775 22.721970 122.000000 
60.235909 -179.767487 22.712614 84.000000 
60.018944 -179.870438 22.724302 124.000000 
60.232025 -179.751541 22.710073 63.000000 
60.014816 -179.853912 22.721508 123.000000 
60.000221 -179.845047 22.713537 125.000000 
59.753208 -179.961929 22.722353 104.000000 
60.002399 -179.824524 22.713909 125.000000 
59.748875 -179.944656 22.719337 123.000000 
60.009335 -179.801086 22.716669 115.000000 
59.741436 -179.929337 22.714886 125.000000 
60.000740 -179.787491 22.711687 109.000000 
59.734035 -179.914001 22.710466 126.000000 
59.734249 -179.893021 22.709564 126.000000 
59.738079 -179.870926 22.710417 130.000000 
59.738808 -179.850784 22.709837 125.000000 
59.738014 -179.831635 22.708559 116.000000 
63.343643 -179.330505 22.717484 52.000000 
63.337265 -179.322296 22.713411 61.000000 
63.336639 -179.306213 22.716385 90.000000 
63.340881 -179.283630 22.725275 107.000000 
63.333672 -179.276733 22.720121 101.000000 
63.324547 -179.272385 22.712624 107.000000 
63.237629 -179.330948 22.723936 61.000000 
63.321243 -179.260239 22.712215 91.000000 
63.229244 -179.325043 22.717585 63.000000 
63.319935 -179.245529 22.714205 94.000000 
63.225899 -179.312637 22.716991 83.000000 
63.317711 -179.232132 22.715054 97.000000 
63.214520 -179.310516 22.707212 82.000000 
63.124886 -179.369476 22.720949 50.000000 
63.319473 -179.213669 22.720692 97.000000 
63.214279 -179.294250 22.710129 75.000000 
63.114220 -179.365784 22.712351 64.000000 
63.308495 -179.211731 22.710903 104.000000 
63.216145 -179.275452 22.715408 79.000000 
63.111931 -179.351791 22.712734 70.000000 
63.303139 -179.201736 22.708078 64.000000 
63.211655 -179.263916 22.713589 86.000000 
63.112537 -179.333542 22.716328 80.000000 
63.295139 -179.195908 22.701881 68.000000 
63.205463 -179.255310 22.709671 79.000000 
63.111431 -179.318329 22.717924 87.000000 
63.007851 -179.389114 22.722303 50.000000 
63.201969 -179.245041 22.708490 79.000000 
63.105721 -179.310349 22.714312 81.000000 
63.005226 -179.377060 22.721865 60.000000 
63.197899 -179.233902 22.706945 82.000000 
63.099400 -179.301453 22.710318 81.000000 
63.006371 -179.359039 22.725431 62.000000 
63.195938 -179.220261 22.707766 51.000000 
63.094166 -179.291275 22.707478 76.000000 
63.005402 -179.343597 22.726852 69.000000 
63.093254 -179.276093 22.709208 87.000000 
62.994583 -179.339462 22.718397 76.000000 
63.093475 -179.259689 22.712118 89.000000 
62.985970 -179.332748 22.712154 76.000000 
62.882034 -179.398865 22.722221 56.000000 
63.085140 -179.253235 22.705944 84.000000 
62.984016 -179.318542 22.712559 70.000000 
62.876602 -179.388092 22.719154 67.000000 
63.076817 -179.246735 22.699781 52.000000 
62.984344 -179.301865 22.715219 72.000000 
62.866631 -179.382294 22.711817 82.000000 
62.978050 -179.292633 22.711262 70.000000 
62.862396 -179.370239 22.709867 78.000000 
62.743660 -179.448822 22.712721 63.000000 
62.972897 -179.282150 22.708435 79.000000 
62.862801 -179.353256 22.712257 75.000000 
62.739300 -179.436432 22.710587 85.000000 
62.964409 -179.275299 22.702288 66.000000 
62.856358 -179.343658 22.708216 81.000000 
62.740898 -179.417877 22.713705 92.000000 
62.957058 -179.267197 22.697268 58.000000 
62.853413 -179.330383 22.707439 81.000000 
62.742569 -179.399368 22.716875 99.000000 
62.844711 -179.323196 22.701275 87.000000 
62.737186 -179.388229 22.713806 82.000000 
62.609444 -179.470215 22.715508 54.000000 
62.847664 -179.303848 22.705992 81.000000 
62.728256 -179.380722 22.707611 89.000000 
62.617325 -179.445328 22.723440 64.000000 
62.724129 -179.368317 22.705639 85.000000 
62.611847 -179.433853 22.720266 68.000000 
62.723965 -179.352814 22.707066 92.000000 
62.604282 -179.425278 22.715290 83.000000 
62.724747 -179.335632 22.709391 92.000000 
62.598866 -179.413757 22.712162 77.000000 
62.464485 -179.496994 22.715544 69.000000 
62.720768 -179.323273 22.707523 65.000000 
62.592255 -179.403427 22.708038 79.000000 
62.465214 -179.479095 22.717188 78.000000 
62.600536 -179.378784 22.716240 75.000000 
62.457150 -179.469574 22.711966 82.000000 
62.596184 -179.365585 22.714039 79.000000 
62.456390 -179.452362 22.712494 73.000000 
62.587215 -179.357590 22.707952 81.000000 
62.459862 -179.432190 22.716255 73.000000 
62.314262 -179.514847 22.717390 55.000000 
62.575760 -179.351898 22.699816 67.000000 
62.453197 -179.421463 22.712116 73.000000 
62.316505 -179.495483 22.719812 60.000000 
62.579346 -179.332138 22.704092 54.000000 
62.445282 -179.411880 22.707003 82.000000 
62.307041 -179.486694 22.713648 77.000000 
62.438671 -179.401077 22.702906 91.000000 
62.304161 -179.472046 22.712307 74.000000 
62.439819 -179.383331 22.704840 88.000000 
62.300350 -179.459106 22.710249 72.000000 
62.156197 -179.540558 22.720819 55.000000 
62.437492 -179.369614 22.704014 58.000000 
62.298889 -179.443314 22.709946 74.000000 
62.149570 -179.529556 22.716722 65.000000 
62.298809 -179.426392 22.710651 82.000000 
62.144981 -179.515060 22.714083 74.000000 
62.297462 -179.410629 22.710430 86.000000 
62.143837 -179.499466 22.713766 76.000000 
62.285538 -179.403961 22.702469 61.000000 
62.142063 -179.482697 22.713066 71.000000 
61.970619 -179.582443 22.713133 56.000000 
62.141033 -179.467133 22.712828 76.000000 
61.970455 -179.564667 22.713253 72.000000 
62.133595 -179.454315 22.708252 78.000000 
61.974174 -179.542953 22.715904 90.000000 
62.124466 -179.445465 22.702444 80.000000 
61.972763 -179.526367 22.715223 81.000000 
62.117764 -179.433762 22.698330 54.000000 
61.966179 -179.514847 22.711182 83.000000 
61.798012 -179.605209 22.721815 68.000000 
61.959278 -179.502716 22.706953 87.000000 
61.789429 -179.593704 22.716564 85.000000 
61.958019 -179.486130 22.706379 81.000000 
61.780880 -179.582169 22.711334 83.000000 
61.962444 -179.465210 22.709486 78.000000 
61.775219 -179.568405 22.707869 78.000000 
61.955685 -179.453049 22.705357 57.000000 
61.775333 -179.550262 22.707922 86.000000 
61.596615 -179.642853 22.721151 67.000000 
61.775517 -179.532166 22.708023 81.000000 
61.587891 -179.630753 22.715887 84.000000 
61.768570 -179.519470 22.703789 89.000000 
61.586517 -179.613235 22.714828 84.000000 
61.764542 -179.504608 22.701336 68.000000 
61.589611 -179.592529 22.716328 81.000000 
61.757668 -179.491867 22.697159 64.000000 
61.585434 -179.577209 22.713682 81.000000 
61.365166 -179.694687 22.713217 68.000000 
61.575409 -179.566101 22.707701 87.000000 
61.372723 -179.670258 22.716736 110.000000 
61.574272 -179.548615 22.706806 87.000000 
61.371384 -179.652237 22.715502 116.000000 
61.573196 -179.531174 22.705954 55.000000 
61.368607 -179.635269 22.713505 118.000000 
61.356846 -179.624542 22.706703 119.000000 
61.139645 -179.731979 22.718670 62.000000 
61.351147 -179.609619 22.703157 118.000000 
61.132133 -179.717499 22.714132 121.000000 
61.354561 -179.588516 22.704510 120.000000 
61.129261 -179.699905 22.711935 121.000000 
61.367149 -179.561340 22.710796 79.000000 
61.126453 -179.682312 22.709780 121.000000 
61.129864 -179.660690 22.710764 123.000000 
60.873096 -179.787231 22.714504 66.000000 
61.121006 -179.647171 22.705593 125.000000 
60.871685 -179.767960 22.712835 120.000000 
61.116825 -179.630600 22.702785 127.000000 
60.871910 -179.747696 22.711948 122.000000 
61.114246 -179.613037 22.700792 121.000000 
60.867493 -179.730453 22.708897 125.000000 
60.858032 -179.715393 22.703440 125.000000 
60.853722 -179.698120 22.700462 126.000000 
60.851410 -179.680618 22.698486 126.000000 
60.867783 -179.650742 22.705275 121.000000 
64.448288 -179.088470 22.723753 54.000000 
64.438057 -179.085541 22.715044 64.000000 
64.436409 -179.070740 22.716873 86.000000 
64.437698 -179.052048 22.722265 83.000000 
64.429443 -179.046417 22.715954 86.000000 
64.425697 -179.036392 22.714758 86.000000 
64.340897 -179.092773 22.728693 64.000000 
64.417480 -179.030685 22.708469 83.000000 
64.337463 -179.080383 22.728109 68.000000 
64.417404 -179.012543 22.712450 90.000000 
64.328407 -179.073608 22.721413 68.000000 
64.420967 -178.991440 22.720430 85.000000 
64.320000 -179.067627 22.715124 63.000000 
64.411507 -178.989090 22.712227 101.000000 
64.318321 -179.054779 22.716166 68.000000 
64.409302 -178.975677 22.713158 67.000000 
64.322151 -179.033432 22.723785 68.000000 
64.210915 -179.119171 22.713444 71.000000 
64.399918 -178.970718 22.705587 74.000000 
64.311485 -179.029526 22.715052 65.000000 
64.211426 -179.100891 22.717056 86.000000 
64.306244 -179.019653 22.712320 73.000000 
64.207077 -179.089462 22.715290 98.000000 
64.104584 -179.159454 22.721306 52.000000 
64.299294 -179.012726 22.707478 70.000000 
64.202019 -179.079727 22.712624 100.000000 
64.103722 -179.144363 22.722864 59.000000 
64.297211 -178.999054 22.708284 55.000000 
64.196678 -179.069550 22.709780 89.000000 
64.106972 -179.123779 22.728643 72.000000 
64.188171 -179.063110 22.703558 78.000000 
64.098251 -179.117142 22.722399 79.000000 
64.183952 -179.051636 22.701891 84.000000 
64.089539 -179.110458 22.716164 65.000000 
63.982464 -179.181076 22.723635 50.000000 
64.180092 -179.040588 22.700447 78.000000 
64.083374 -179.101685 22.712347 65.000000 
63.979507 -179.168259 22.722904 56.000000 
64.083549 -179.084946 22.714981 66.000000 
63.973988 -179.157471 22.719858 67.000000 
64.169685 -179.020081 22.694965 52.000000 
64.079353 -179.073196 22.713232 66.000000 
63.965084 -179.150406 22.713621 67.000000 
64.165619 -179.008560 22.693405 54.000000 
64.077423 -179.058990 22.713730 69.000000 
63.964199 -179.134613 22.714918 72.000000 
63.842159 -179.217438 22.715031 63.000000 
64.071083 -179.049713 22.709818 63.000000 
63.963379 -179.118835 22.716257 67.000000 
63.835361 -179.207489 22.710840 79.000000 
64.064766 -179.040405 22.705925 52.000000 
63.959167 -179.106781 22.714403 67.000000 
63.835678 -179.190125 22.712929 102.000000 
63.946911 -179.103287 22.705008 72.000000 
63.846725 -179.161743 22.724470 94.000000 
63.942757 -179.091187 22.703196 81.000000 
63.840088 -179.151840 22.720390 88.000000 
63.711388 -179.235580 22.721441 54.000000 
63.940971 -179.076660 22.703585 55.000000 
63.828716 -179.146759 22.712133 89.000000 
63.711861 -179.217957 22.723314 64.000000 
63.938072 -179.063354 22.702925 59.000000 
63.819733 -179.139191 22.705984 89.000000 
63.705067 -179.207657 22.719145 79.000000 
63.822746 -179.119522 22.710386 89.000000 
63.699528 -179.196121 22.716015 81.000000 
63.824646 -179.101120 22.713789 82.000000 
63.695255 -179.183365 22.713932 83.000000 
63.567284 -179.261124 22.722784 60.000000 
63.819389 -179.089920 22.710894 52.000000 
63.693493 -179.168213 22.713921 89.000000 
63.557842 -179.252808 22.716585 73.000000 
63.694267 -179.150696 22.715998 81.000000 
63.553478 -179.239670 22.714346 91.000000 
63.695114 -179.133209 22.718122 83.000000 
63.551697 -179.224136 22.714115 82.000000 
63.683578 -179.127563 22.710014 83.000000 
63.552521 -179.206268 22.715906 85.000000 
63.411457 -179.283676 22.721148 60.000000 
63.670143 -179.121994 22.700481 60.000000 
63.550190 -179.189713 22.715351 79.000000 
63.410999 -179.266632 22.721678 86.000000 
63.539635 -179.182449 22.708279 73.000000 
63.411301 -179.250732 22.722673 81.000000 
63.532326 -179.173874 22.703619 85.000000 
63.399166 -179.244232 22.714649 77.000000 
63.251652 -179.330750 22.723530 50.000000 
63.530800 -179.158386 22.703566 64.000000 
63.392296 -179.233017 22.710480 78.000000 
63.249546 -179.313904 22.722692 57.000000 
63.534496 -179.138290 22.707560 65.000000 
63.393368 -179.214859 22.712122 74.000000 
63.241489 -179.304031 22.717699 80.000000 
63.394512 -179.196732 22.713812 78.000000 
63.230053 -179.295227 22.710440 80.000000 
63.390430 -179.183228 22.711676 72.000000 
63.234200 -179.274963 22.713850 78.000000 
63.383732 -179.171982 22.707630 63.000000 
63.235027 -179.255875 22.715033 71.000000 
63.070629 -179.350601 22.720303 60.000000 
63.231186 -179.242508 22.712944 78.000000 
63.068993 -179.333923 22.719559 72.000000 
63.223976 -179.230225 22.708601 83.000000 
63.070194 -179.315018 22.720652 78.000000 
63.214756 -179.221344 22.702818 57.000000 
63.060341 -179.305130 22.714598 78.000000 
62.882568 -179.404465 22.720276 67.000000 
63.058872 -179.288483 22.713968 81.000000 
62.882339 -179.386215 22.720184 78.000000 
63.046291 -179.280746 22.706156 83.000000 
62.877911 -179.371323 22.717546 83.000000 
63.044918 -179.264084 22.705595 87.000000 
62.872105 -179.357529 22.714077 81.000000 
63.050629 -179.241974 22.709614 66.000000 
62.863483 -179.345901 22.708902 75.000000 
62.682476 -179.442551 22.721962 59.000000 
62.864918 -179.326599 22.709841 75.000000 
62.679409 -179.426025 22.720007 69.000000 
62.870731 -179.304077 22.713444 78.000000 
62.672024 -179.412766 22.715595 87.000000 
62.861904 -179.291794 22.708162 83.000000 
62.668697 -179.395584 22.713495 76.000000 
62.850571 -179.282257 22.701361 55.000000 
62.678989 -179.369400 22.719177 76.000000 
62.457336 -179.488739 22.718929 65.000000 
62.672485 -179.357468 22.715307 78.000000 
62.450527 -179.476242 22.714880 104.000000 
62.665295 -179.344177 22.711037 76.000000 
62.463928 -179.447464 22.721594 108.000000 
62.656666 -179.331924 22.705950 66.000000 
62.456482 -179.433594 22.717176 105.000000 
62.449078 -179.419693 22.712790 114.000000 
62.233856 -179.527557 22.726807 102.000000 
62.439835 -179.406113 22.707407 116.000000 
62.221218 -179.515442 22.719749 120.000000 
62.444569 -179.383850 22.709530 116.000000 
62.218170 -179.497772 22.717533 125.000000 
62.448238 -179.363373 22.711115 63.000000 
62.212494 -179.482895 22.714046 123.000000 
62.215698 -179.461121 22.714987 124.000000 
61.958256 -179.591187 22.719812 66.000000 
62.218987 -179.439407 22.715982 124.000000 
61.945332 -179.578156 22.712772 122.000000 
62.217731 -179.420776 22.714714 125.000000 
61.951584 -179.553696 22.714767 127.000000 
62.208450 -179.406479 22.709402 121.000000 
61.957550 -179.528549 22.716599 128.000000 
61.954582 -179.510239 22.714310 128.000000 
61.947342 -179.495667 22.710075 129.000000 
61.938183 -179.481293 22.704910 130.000000 
61.944469 -179.456299 22.706957 123.000000 
61.992516 -179.429382 22.703083 52.000000 
65.569481 -178.866364 22.723345 61.000000 
65.562019 -178.859543 22.718128 80.000000 
65.559288 -178.846085 22.718777 86.000000 
65.557556 -178.831314 22.720633 90.000000 
65.557152 -178.815674 22.723906 90.000000 
65.549820 -178.808792 22.718784 94.000000 
65.456734 -178.877777 22.722446 64.000000 
65.548256 -178.794083 22.720755 88.000000 
65.454140 -178.864075 22.722980 83.000000 
65.540016 -178.788467 22.714491 91.000000 
65.449608 -178.852997 22.721254 73.000000 
65.536613 -178.776337 22.714159 97.000000 
65.445122 -178.841904 22.719557 73.000000 
65.539070 -178.756516 22.720980 104.000000 
65.435669 -178.837280 22.712122 68.000000 
65.339447 -178.906342 22.718220 60.000000 
65.530922 -178.750839 22.714777 85.000000 
65.435257 -178.820999 22.715092 71.000000 
65.336952 -178.892349 22.718618 83.000000 
65.434914 -178.804764 22.718107 79.000000 
65.331398 -178.882233 22.715685 87.000000 
65.430595 -178.793671 22.716528 67.000000 
65.326920 -178.870834 22.713902 78.000000 
65.228203 -178.937958 22.723398 50.000000 
65.418182 -178.792740 22.705675 79.000000 
65.324570 -178.856857 22.714403 78.000000 
65.223633 -178.926270 22.721457 64.000000 
65.411873 -178.784119 22.701803 50.000000 
65.322281 -178.842896 22.714941 84.000000 
65.224510 -178.908188 22.725021 81.000000 
65.315826 -178.834030 22.710987 89.000000 
65.222206 -178.893967 22.725346 76.000000 
65.309395 -178.825134 22.707050 84.000000 
65.217781 -178.882294 22.723507 67.000000 
65.305115 -178.813705 22.705410 81.000000 
65.211220 -178.873138 22.719494 76.000000 
65.106979 -178.941940 22.728895 56.000000 
65.308647 -178.793945 22.711967 63.000000 
65.202820 -178.866943 22.713488 79.000000 
65.099464 -178.934219 22.723919 67.000000 
65.205086 -178.847717 22.718363 72.000000 
65.093880 -178.923477 22.720894 72.000000 
65.200829 -178.836029 22.716639 74.000000 
65.081535 -178.920227 22.711452 65.000000 
64.969406 -178.994186 22.720152 66.000000 
65.192184 -178.829285 22.710499 63.000000 
65.083946 -178.900696 22.715994 67.000000 
64.962524 -178.984329 22.715961 95.000000 
65.186882 -178.818802 22.707708 61.000000 
65.083031 -178.884949 22.717360 72.000000 
64.952164 -178.978165 22.708666 99.000000 
65.077606 -178.874161 22.714445 65.000000 
64.957047 -178.955826 22.714949 89.000000 
65.068764 -178.867050 22.708309 65.000000 
64.956154 -178.939758 22.716068 92.000000 
64.824440 -179.028458 22.714422 54.000000 
65.064545 -178.854996 22.706524 67.000000 
64.950607 -178.928604 22.713037 89.000000 
64.823502 -179.012009 22.715248 69.000000 
65.060371 -178.842941 22.704767 61.000000 
64.945091 -178.917450 22.710032 82.000000 
64.829903 -178.988220 22.722204 83.000000 
64.939613 -178.906281 22.707050 89.000000 
64.826683 -178.974304 22.721098 75.000000 
64.937744 -178.891449 22.707262 85.000000 
64.819862 -178.964035 22.716974 81.000000 
64.687645 -179.047867 22.721972 60.000000 
64.941902 -178.870621 22.712799 60.000000 
64.813065 -178.953735 22.712870 75.000000 
64.683113 -179.034775 22.719694 73.000000 
64.808746 -178.940994 22.710835 79.000000 
64.673607 -179.026505 22.713503 76.000000 
64.811859 -178.921066 22.714981 69.000000 
64.669151 -179.013382 22.711277 91.000000 
64.808884 -178.907166 22.714046 79.000000 
64.669785 -178.995468 22.713043 91.000000 
64.532578 -179.072922 22.720909 50.000000 
64.798538 -178.900391 22.706970 53.000000 
64.673019 -178.975204 22.716841 85.000000 
64.529358 -179.058243 22.719507 58.000000 
64.663651 -178.966858 22.710754 85.000000 
64.531372 -179.038834 22.721970 66.000000 
64.654297 -178.958450 22.704681 91.000000 
64.525314 -179.025986 22.718519 69.000000 
64.649734 -178.944778 22.702415 71.000000 
64.518341 -179.014847 22.714348 67.000000 
64.371063 -179.101746 22.722897 54.000000 
64.509132 -179.006561 22.708479 72.000000 
64.365570 -179.089584 22.719742 74.000000 
64.510078 -178.988388 22.710142 74.000000 
64.353065 -179.082657 22.711763 71.000000 
64.513733 -178.967957 22.713789 67.000000 
64.351295 -179.066376 22.711227 69.000000 
64.509560 -178.954468 22.711674 54.000000 
64.349586 -179.050125 22.710732 67.000000 
64.356026 -179.027008 22.715878 71.000000 
64.346344 -179.017670 22.709864 73.000000 
64.167168 -179.125580 22.705036 64.000000 
64.336685 -179.008270 22.703867 57.000000 
64.172333 -179.103180 22.708818 60.000000 
63.995266 -179.204208 22.714981 50.000000 
64.165138 -179.091019 22.704557 65.000000 
63.996235 -179.184769 22.715717 71.000000 
64.155205 -179.081070 22.698517 63.000000 
64.001518 -179.162003 22.719093 89.000000 
64.150856 -179.066589 22.696112 63.000000 
63.992744 -179.150497 22.713882 81.000000 
63.985420 -179.137817 22.709560 81.000000 
64.149284 -179.032104 22.695946 51.000000 
63.979549 -179.124023 22.706133 75.000000 
63.798767 -179.221222 22.718975 59.000000 
64.149292 -179.014359 22.696383 50.000000 
63.982273 -179.103592 22.707964 71.000000 
63.791241 -179.208008 22.714548 83.000000 
63.982224 -179.085419 22.708101 75.000000 
63.792465 -179.188202 22.715147 81.000000 
63.973648 -179.073792 22.703037 67.000000 
63.789768 -179.172363 22.713509 75.000000 
63.966541 -179.061050 22.698872 66.000000 
63.792591 -179.151535 22.715038 70.000000 
63.565735 -179.276703 22.711683 71.000000 
63.789650 -179.135071 22.713266 73.000000 
63.568447 -179.255280 22.712778 116.000000 
63.779438 -179.123962 22.707331 73.000000 
63.574219 -179.231766 22.715527 108.000000 
63.773655 -179.109604 22.703945 54.000000 
63.572628 -179.213654 22.714327 114.000000 
63.560642 -179.202957 22.707544 115.000000 
63.342983 -179.314346 22.720152 106.000000 
63.555408 -179.189392 22.704437 117.000000 
63.339012 -179.299194 22.717606 121.000000 
63.550972 -179.173355 22.701735 108.000000 
63.329742 -179.285706 22.712341 124.000000 
63.556381 -179.148636 22.704306 72.000000 
63.325844 -179.266571 22.709732 123.000000 
63.078686 -179.392792 22.719486 50.000000 
63.322777 -179.248886 22.707611 122.000000 
63.073772 -179.375473 22.716307 118.000000 
63.325897 -179.227112 22.708622 124.000000 
63.062702 -179.362228 22.710245 123.000000 
63.316818 -179.213547 22.703497 123.000000 
63.068787 -179.337723 22.712265 126.000000 
63.317383 -179.194580 22.703268 120.000000 
63.075359 -179.314056 22.714573 124.000000 
63.069134 -179.297760 22.710831 124.000000 
63.054741 -179.285690 22.703213 125.000000 
63.051739 -179.267334 22.701014 124.000000 
63.100689 -179.242279 22.696890 108.000000 
66.694122 -178.625488 22.735191 56.000000 
66.688461 -178.616104 22.732302 71.000000 
66.685616 -178.602692 22.732935 94.000000 
66.679100 -178.594620 22.728928 104.000000 
66.673218 -178.584793 22.725910 94.000000 
66.668633 -178.574036 22.724291 97.000000 
66.575264 -178.645248 22.726921 59.000000 
66.668182 -178.558426 22.727604 94.000000 
66.572853 -178.631989 22.727627 68.000000 
66.666527 -178.543747 22.729586 91.000000 
66.569191 -178.619629 22.727022 73.000000 
66.654785 -178.543839 22.718801 101.000000 
66.567863 -178.605087 22.728945 68.000000 
66.650345 -178.533051 22.717287 101.000000 
66.565292 -178.591446 22.729557 68.000000 
66.459908 -178.674530 22.724270 62.000000 
66.651703 -178.514496 22.722919 74.000000 
66.558807 -178.583023 22.725595 68.000000 
66.461357 -178.655334 22.729111 76.000000 
66.548363 -178.579742 22.717031 78.000000 
66.453667 -178.647903 22.723921 87.000000 
66.543907 -178.568665 22.715412 75.000000 
66.447021 -178.639160 22.719870 81.000000 
66.547508 -178.547318 22.723101 75.000000 
66.440399 -178.630371 22.715836 87.000000 
66.349617 -178.689148 22.732965 58.000000 
66.540146 -178.540100 22.718069 56.000000 
66.440018 -178.613846 22.718590 84.000000 
66.347122 -178.674957 22.733223 72.000000 
66.441795 -178.594803 22.723650 78.000000 
66.336121 -178.671051 22.724758 83.000000 
66.431122 -178.591110 22.715176 84.000000 
66.331558 -178.659409 22.722879 74.000000 
66.426735 -178.579727 22.713514 92.000000 
66.333504 -178.640091 22.727627 74.000000 
66.220062 -178.721451 22.727497 56.000000 
66.419228 -178.572144 22.708466 58.000000 
66.329048 -178.628464 22.725821 70.000000 
66.220985 -178.703094 22.730812 65.000000 
66.320282 -178.621887 22.719624 66.000000 
66.218651 -178.688614 22.730972 67.000000 
66.313713 -178.612732 22.715651 72.000000 
66.209648 -178.681732 22.724743 67.000000 
66.085838 -178.770737 22.721926 55.000000 
66.311539 -178.598541 22.716133 72.000000 
66.202911 -178.672287 22.720673 67.000000 
66.089211 -178.749557 22.727037 69.000000 
66.315559 -178.579041 22.722601 57.000000 
66.196861 -178.663757 22.717026 67.000000 
66.087593 -178.735718 22.727430 95.000000 
66.193565 -178.650497 22.716228 72.000000 
66.079536 -178.727173 22.722235 89.000000 
66.191444 -178.636017 22.716543 82.000000 
66.073830 -178.716095 22.719143 79.000000 
66.187111 -178.624023 22.714733 84.000000 
66.065826 -178.707489 22.713985 89.000000 
65.946617 -178.784729 22.722588 64.000000 
66.177917 -178.616470 22.708416 55.000000 
66.071548 -178.683502 22.721220 92.000000 
65.941635 -178.771530 22.720175 79.000000 
66.065971 -178.672424 22.718225 89.000000 
65.943054 -178.752655 22.723078 86.000000 
66.058411 -178.664261 22.713348 92.000000 
65.948524 -178.730667 22.729288 81.000000 
66.055267 -178.650696 22.712509 72.000000 
65.944061 -178.718018 22.727207 77.000000 
65.801567 -178.813873 22.723085 67.000000 
66.050980 -178.638351 22.710646 54.000000 
65.934792 -178.710251 22.721077 77.000000 
65.801895 -178.795929 22.724731 100.000000 
65.930405 -178.697586 22.719049 81.000000 
65.798569 -178.781662 22.723471 91.000000 
65.923279 -178.686813 22.714802 77.000000 
65.786194 -178.775345 22.715122 82.000000 
65.923866 -178.669312 22.716940 64.000000 
65.784195 -178.759842 22.714909 79.000000 
65.646645 -178.840057 22.722034 58.000000 
65.919952 -178.657150 22.715210 54.000000 
65.782600 -178.744904 22.714943 82.000000 
65.644592 -178.824203 22.721579 74.000000 
65.785759 -178.724655 22.718782 82.000000 
65.642601 -178.808365 22.721165 74.000000 
65.776367 -178.716354 22.712719 82.000000 
65.640663 -178.792526 22.720791 74.000000 
65.766991 -178.708008 22.706669 64.000000 
65.636200 -178.779083 22.718534 69.000000 
65.479431 -178.877151 22.719854 54.000000 
65.629181 -178.767975 22.714384 72.000000 
65.484062 -178.854996 22.723864 74.000000 
65.622192 -178.756851 22.710258 74.000000 
65.482140 -178.838791 22.723299 69.000000 
65.620461 -178.741028 22.710026 72.000000 
65.472290 -178.829590 22.717201 66.000000 
65.624023 -178.720581 22.713711 55.000000 
65.465126 -178.818024 22.712984 69.000000 
65.314056 -178.904495 22.726477 57.000000 
65.463356 -178.801788 22.712523 64.000000 
65.308044 -178.891327 22.723036 72.000000 
65.466660 -178.780411 22.715637 71.000000 
65.297974 -178.881607 22.716932 81.000000 
65.459633 -178.768814 22.711517 67.000000 
65.298889 -178.862656 22.718037 78.000000 
65.445900 -178.762894 22.702726 50.000000 
65.297134 -178.846039 22.717388 81.000000 
65.104042 -178.961578 22.712584 77.000000 
65.292679 -178.831696 22.714975 78.000000 
65.107727 -178.939865 22.715076 100.000000 
65.285515 -178.819611 22.710789 83.000000 
65.114319 -178.915970 22.719360 86.000000 
65.283920 -178.803009 22.710253 61.000000 
65.106911 -178.903381 22.715040 86.000000 
65.102364 -178.888519 22.712486 83.000000 
64.922432 -178.987076 22.725132 63.000000 
65.090790 -178.879227 22.705612 72.000000 
64.916267 -178.972839 22.721540 83.000000 
65.094841 -178.857697 22.708353 75.000000 
64.907257 -178.960800 22.716314 84.000000 
65.094711 -178.839539 22.708527 63.000000 
64.904060 -178.944321 22.714451 83.000000 
64.899475 -178.928925 22.711790 74.000000 
64.691483 -179.043335 22.718454 103.000000 
64.908020 -178.903748 22.716713 68.000000 
64.686668 -179.027359 22.715563 114.000000 
64.899193 -178.891647 22.711618 64.000000 
64.687828 -179.007065 22.715906 114.000000 
64.888939 -178.880585 22.705706 54.000000 
64.690544 -178.985718 22.717104 115.000000 
64.690369 -178.966568 22.716747 114.000000 
64.451126 -179.095627 22.717546 109.000000 
64.679840 -178.954895 22.710802 118.000000 
64.465889 -179.065201 22.724472 123.000000 
64.669334 -178.943161 22.704876 105.000000 
64.453514 -179.053940 22.717684 122.000000 
64.660355 -178.930328 22.699783 53.000000 
64.448753 -179.037369 22.714758 123.000000 
64.439476 -179.023911 22.709558 123.000000 
64.437866 -179.005219 22.708246 123.000000 
64.187592 -179.133255 22.715612 121.000000 
64.442429 -178.982407 22.710075 121.000000 
64.178017 -179.119034 22.710312 124.000000 
64.447075 -178.959671 22.711962 105.000000 
64.174690 -179.100677 22.707975 127.000000 
64.176094 -179.079269 22.707891 128.000000 
64.176010 -179.058914 22.707123 127.000000 
64.219032 -179.034805 22.700546 122.000000 
67.811081 -178.391190 22.733253 54.000000 
67.802582 -178.385880 22.726862 68.000000 
67.802322 -178.368454 22.730974 86.000000 
67.798462 -178.356400 22.730463 90.000000 
67.795578 -178.343033 22.731155 91.000000 
67.789963 -178.333664 22.728365 94.000000 
67.700226 -178.401810 22.734476 59.000000 
67.780647 -178.329559 22.720892 101.000000 
67.694473 -178.392166 22.731556 73.000000 
67.781624 -178.310913 22.726385 91.000000 
67.687790 -178.383820 22.727516 73.000000 
67.777374 -178.300598 22.725044 104.000000 
67.681465 -178.375885 22.723694 73.000000 
67.774727 -178.287247 22.725901 101.000000 
67.673851 -178.368805 22.718540 71.000000 
67.580994 -178.437149 22.727144 62.000000 
67.768341 -178.279129 22.722052 67.000000 
67.677017 -178.347290 22.726067 71.000000 
67.576202 -178.425842 22.725273 73.000000 
67.672424 -178.336288 22.724428 71.000000 
67.572464 -178.413223 22.724550 84.000000 
67.665901 -178.327866 22.720505 75.000000 
67.573853 -178.394073 22.729471 87.000000 
67.657417 -178.322021 22.714279 79.000000 
67.566139 -178.386688 22.724329 76.000000 
67.468758 -178.455490 22.733738 60.000000 
67.652924 -178.310974 22.712709 50.000000 
67.558449 -178.379272 22.719200 84.000000 
67.469284 -178.437393 22.737263 62.000000 
67.552826 -178.369232 22.716343 76.000000 
67.465645 -178.424545 22.736462 75.000000 
67.551369 -178.354034 22.718037 81.000000 
67.454628 -178.420731 22.728022 76.000000 
67.555161 -178.332458 22.725441 84.000000 
67.449989 -178.409134 22.726175 69.000000 
67.344917 -178.482590 22.733732 54.000000 
67.545525 -178.327530 22.718142 61.000000 
67.443260 -178.400085 22.722153 70.000000 
67.339073 -178.471970 22.730654 63.000000 
67.443001 -178.383362 22.724771 67.000000 
67.333267 -178.461334 22.727598 72.000000 
67.440651 -178.369202 22.725227 70.000000 
67.326393 -178.451965 22.723499 81.000000 
67.210175 -178.534531 22.727144 55.000000 
67.434036 -178.360138 22.721289 70.000000 
67.330650 -178.429855 22.730145 84.000000 
67.205368 -178.522247 22.724998 74.000000 
67.319740 -178.426010 22.722012 75.000000 
67.202095 -178.509186 22.724129 90.000000 
67.317436 -178.411545 22.722292 78.000000 
67.206558 -178.486771 22.730366 92.000000 
67.306206 -178.407135 22.713980 75.000000 
67.200752 -178.475784 22.727287 85.000000 
67.306236 -178.390152 22.716482 81.000000 
67.191528 -178.468536 22.721098 85.000000 
67.073204 -178.546936 22.729652 62.000000 
67.188103 -178.455002 22.720156 82.000000 
67.075584 -178.526794 22.733524 65.000000 
67.183563 -178.442703 22.718201 82.000000 
67.068520 -178.516693 22.729349 87.000000 
67.187241 -178.421753 22.723637 89.000000 
67.065063 -178.502838 22.728243 81.000000 
66.932182 -178.591797 22.731472 57.000000 
67.183983 -178.408249 22.722809 79.000000 
67.058067 -178.492706 22.724119 77.000000 
66.926163 -178.580048 22.728180 70.000000 
67.058311 -178.475143 22.726133 81.000000 
66.916489 -178.571976 22.721968 89.000000 
67.056221 -178.460083 22.726152 81.000000 
66.920395 -178.550354 22.726599 85.000000 
67.046928 -178.452362 22.720070 73.000000 
66.925636 -178.527557 22.732275 79.000000 
67.036430 -178.445786 22.712973 60.000000 
66.913605 -178.521896 22.724178 71.000000 
66.785561 -178.594406 22.737646 58.000000 
66.904068 -178.513748 22.718069 79.000000 
66.775757 -178.585922 22.731495 67.000000 
66.902031 -178.498306 22.717930 82.000000 
66.763420 -178.579788 22.723446 77.000000 
66.902557 -178.480469 22.719822 85.000000 
66.760048 -178.565170 22.722107 69.000000 
66.615822 -178.653839 22.731934 50.000000 
66.894371 -178.471054 22.714781 50.000000 
66.755440 -178.551758 22.719847 74.000000 
66.611015 -178.640030 22.729450 57.000000 
66.759888 -178.529999 22.724352 77.000000 
66.599686 -178.632172 22.722382 77.000000 
66.755402 -178.516617 22.722170 70.000000 
66.598907 -178.614746 22.722731 80.000000 
66.747070 -178.506760 22.717121 74.000000 
66.604805 -178.591461 22.727766 73.000000 
66.597557 -178.580017 22.723566 67.000000 
66.437119 -178.677933 22.729954 56.000000 
66.585030 -178.573196 22.715664 67.000000 
66.441803 -178.655472 22.733656 75.000000 
66.580498 -178.559341 22.713373 76.000000 
66.431664 -178.645889 22.727575 76.000000 
66.573334 -178.547791 22.709242 57.000000 
66.426979 -178.631622 22.725100 78.000000 
66.251991 -178.735687 22.730938 50.000000 
66.419617 -178.619659 22.720858 76.000000 
66.245720 -178.722076 22.727388 68.000000 
66.412285 -178.607651 22.716642 78.000000 
66.239494 -178.708450 22.723867 92.000000 
66.415962 -178.586487 22.719677 87.000000 
66.226334 -178.700516 22.716061 81.000000 
66.416977 -178.567657 22.720961 59.000000 
66.231361 -178.677719 22.719517 83.000000 
66.233688 -178.657272 22.721300 78.000000 
66.039192 -178.770020 22.724747 59.000000 
66.229065 -178.642487 22.718790 72.000000 
66.041451 -178.749069 22.726124 74.000000 
66.218849 -178.632187 22.712828 75.000000 
66.043785 -178.728165 22.727554 70.000000 
66.210068 -178.620712 22.707758 66.000000 
66.039024 -178.712875 22.724873 70.000000 
66.038628 -178.694260 22.724731 75.000000 
65.826180 -178.815140 22.727940 68.000000 
66.022430 -178.687790 22.715427 75.000000 
65.830025 -178.792648 22.729839 112.000000 
66.023590 -178.668076 22.716198 75.000000 
65.813393 -178.785568 22.720615 115.000000 
66.020470 -178.651672 22.714497 55.000000 
65.799698 -178.776199 22.712999 116.000000 
65.805206 -178.752640 22.715830 111.000000 
65.583595 -178.872131 22.725445 109.000000 
65.813782 -178.727020 22.720331 115.000000 
65.569542 -178.862061 22.717854 124.000000 
65.807625 -178.712219 22.716843 117.000000 
65.576576 -178.836914 22.720995 123.000000 
65.797066 -178.700607 22.710960 64.000000 
65.580696 -178.813980 22.722668 123.000000 
65.572815 -178.799591 22.718248 124.000000 
65.316566 -178.936066 22.722300 53.000000 
65.564980 -178.785156 22.713860 122.000000 
65.319092 -178.913544 22.722801 121.000000 
65.555656 -178.771759 22.708729 124.000000 
65.309387 -178.899460 22.717508 125.000000 
65.553978 -178.753098 22.707497 121.000000 
65.308983 -178.879074 22.716642 124.000000 
65.297821 -178.865967 22.710684 124.000000 
65.297539 -178.845596 22.709906 124.000000 
65.298874 -178.824234 22.709915 125.000000 
65.348221 -178.796082 22.706322 121.000000 
68.916748 -178.141556 22.740362 51.000000 
68.907288 -178.137650 22.732803 61.000000 
68.905327 -178.120728 22.735310 94.000000 
68.895897 -178.116745 22.727779 97.000000 
68.894470 -178.102798 22.729998 101.000000 
68.895203 -178.084061 22.735365 104.000000 
68.795273 -178.167511 22.729330 56.000000 
68.887695 -178.077347 22.730234 97.000000 
68.794182 -178.151138 22.732061 73.000000 
68.879272 -178.071915 22.723942 94.000000 
68.793167 -178.134811 22.734842 73.000000 
68.872391 -178.063400 22.719814 94.000000 
68.787071 -178.124725 22.731749 78.000000 
68.869614 -178.050003 22.720625 94.000000 
68.779404 -178.117691 22.726587 73.000000 
68.683846 -178.190536 22.732174 56.000000 
68.876305 -178.023529 22.733297 53.000000 
68.773689 -178.107971 22.723738 79.000000 
68.677956 -178.180557 22.729166 70.000000 
68.768990 -178.096939 22.722061 75.000000 
68.672104 -178.170563 22.726181 80.000000 
68.768578 -178.081085 22.725224 71.000000 
68.664604 -178.163605 22.721186 81.000000 
68.765938 -178.067444 22.725924 79.000000 
68.663879 -178.147018 22.723850 84.000000 
68.567612 -178.215103 22.734957 58.000000 
68.752151 -178.067673 22.713726 59.000000 
68.662888 -178.130035 22.726358 84.000000 
68.560310 -178.205673 22.730604 72.000000 
68.658218 -178.118698 22.724615 89.000000 
68.557587 -178.191437 22.730844 88.000000 
68.649475 -178.112549 22.718384 81.000000 
68.557037 -178.174622 22.733309 83.000000 
68.642807 -178.103760 22.714424 81.000000 
68.550194 -178.165604 22.729246 76.000000 
68.438751 -178.247467 22.730965 50.000000 
68.643036 -178.088135 22.717674 52.000000 
68.539795 -178.162628 22.721216 76.000000 
68.441154 -178.228683 22.735699 59.000000 
68.537262 -178.148392 22.721582 74.000000 
68.437454 -178.215469 22.734749 72.000000 
68.532295 -178.136292 22.719584 70.000000 
68.427940 -178.208221 22.728292 63.000000 
68.536324 -178.114441 22.726650 70.000000 
68.423218 -178.196274 22.726334 63.000000 
68.302551 -178.284317 22.726156 63.000000 
68.418877 -178.184784 22.724604 61.000000 
68.298035 -178.272491 22.724215 90.000000 
68.418678 -178.167740 22.726994 65.000000 
68.292046 -178.261444 22.721054 89.000000 
68.411514 -178.157852 22.722776 67.000000 
68.290337 -178.244812 22.721869 96.000000 
68.403603 -178.149643 22.717703 72.000000 
68.289040 -178.228714 22.722937 85.000000 
68.283195 -178.217651 22.719872 96.000000 
68.160110 -178.301422 22.724857 60.000000 
68.275070 -178.209076 22.714741 85.000000 
68.165947 -178.277451 22.731737 87.000000 
68.269287 -178.197968 22.711723 92.000000 
68.157623 -178.268570 22.726549 77.000000 
68.270531 -178.179398 22.715034 85.000000 
68.152901 -178.255905 22.724419 79.000000 
68.146179 -178.246231 22.720491 75.000000 
68.143929 -178.231079 22.720453 75.000000 
68.017944 -178.312256 22.729723 63.000000 
68.146561 -178.211029 22.724537 75.000000 
68.000854 -178.311539 22.717644 76.000000 
68.139618 -178.200821 22.720495 73.000000 
67.994858 -178.299683 22.714420 89.000000 
68.001282 -178.275604 22.721100 82.000000 
67.868050 -178.353363 22.731365 60.000000 
67.999123 -178.260117 22.720921 82.000000 
67.861603 -178.340607 22.727844 72.000000 
67.991684 -178.248947 22.716610 85.000000 
67.854286 -178.329590 22.723608 72.000000 
67.982124 -178.240677 22.710541 64.000000 
67.849564 -178.316132 22.721312 67.000000 
67.701408 -178.408813 22.728928 52.000000 
67.842316 -178.305069 22.717127 69.000000 
67.699509 -178.393112 22.728491 62.000000 
67.838959 -178.290405 22.715851 82.000000 
67.685112 -178.387039 22.719360 68.000000 
67.842102 -178.269806 22.719425 83.000000 
67.680664 -178.373703 22.717136 69.000000 
67.681168 -178.355042 22.718435 73.000000 
67.523468 -178.451523 22.727728 51.000000 
67.679466 -178.339355 22.718138 71.000000 
67.515839 -178.439529 22.723349 64.000000 
67.674446 -178.324875 22.715599 80.000000 
67.521759 -178.415787 22.727911 69.000000 
67.667534 -178.313889 22.711645 73.000000 
67.515587 -178.402634 22.724497 75.000000 
67.513527 -178.385971 22.723801 72.000000 
67.327469 -178.499832 22.723469 59.000000 
67.503365 -178.376266 22.717758 75.000000 
67.323868 -178.483810 22.721613 82.000000 
67.492844 -178.365906 22.711523 76.000000 
67.322708 -178.464859 22.721298 92.000000 
67.492302 -178.348068 22.711832 68.000000 
67.312248 -178.454575 22.715214 78.000000 
67.303596 -178.443741 22.710228 83.000000 
67.129341 -178.542267 22.727011 56.000000 
67.304390 -178.424286 22.711111 83.000000 
67.117180 -178.532562 22.720060 67.000000 
67.317902 -178.394714 22.719856 81.000000 
67.111778 -178.516495 22.717047 81.000000 
67.304794 -178.386627 22.712158 70.000000 
67.109688 -178.498810 22.715952 77.000000 
67.119141 -178.472214 22.721558 81.000000 
66.892311 -178.605453 22.718149 62.000000 
67.107140 -178.462402 22.714725 84.000000 
66.890091 -178.587204 22.716780 108.000000 
67.103798 -178.445892 22.712927 81.000000 
66.902580 -178.557907 22.723408 114.000000 
67.097626 -178.431580 22.709492 52.000000 
66.896111 -178.543045 22.719755 115.000000 
66.894104 -178.524872 22.718533 116.000000 
66.665375 -178.651016 22.725426 58.000000 
66.884789 -178.512161 22.713348 111.000000 
66.661674 -178.633331 22.723125 120.000000 
66.879944 -178.496155 22.710598 117.000000 
66.650520 -178.621033 22.717054 125.000000 
66.646919 -178.603302 22.714828 125.000000 
66.646385 -178.583435 22.714172 124.000000 
66.651970 -178.559357 22.716633 124.000000 
66.380447 -178.707123 22.714397 118.000000 
66.647057 -178.542740 22.713776 124.000000 
66.381294 -178.685516 22.714134 123.000000 
66.640686 -178.527176 22.710184 105.000000 
66.389915 -178.658691 22.717571 126.000000 
66.378609 -178.645523 22.711575 125.000000 
66.373512 -178.628159 22.708534 126.000000 
66.362282 -178.614914 22.702595 126.000000 
66.421860 -178.578720 22.704374 121.000000 
70.005501 -177.882523 22.734892 52.000000 
70.002281 -177.869110 22.735424 68.000000 
69.998207 -177.857056 22.734831 83.000000 
69.995094 -177.843658 22.735435 83.000000 
69.986565 -177.838348 22.729080 83.000000 
69.981705 -177.827621 22.727406 86.000000 
69.896980 -177.890030 22.740019 56.000000 
69.979645 -177.812881 22.729273 90.000000 
69.889191 -177.883087 22.734789 68.000000 
69.978569 -177.796844 22.732353 90.000000 
69.882370 -177.874786 22.730713 65.000000 
69.971390 -177.790512 22.727448 83.000000 
69.879745 -177.861526 22.731422 68.000000 
69.962044 -177.786377 22.720001 90.000000 
69.880692 -177.842560 22.736542 68.000000 
69.776695 -177.927826 22.732130 56.000000 
69.956429 -177.776932 22.717281 58.000000 
69.875923 -177.831573 22.734842 65.000000 
69.775726 -177.911209 22.734659 80.000000 
69.863426 -177.831131 22.723978 65.000000 
69.769829 -177.901245 22.731667 84.000000 
69.853828 -177.826675 22.716557 83.000000 
69.766983 -177.887299 22.732048 78.000000 
69.668121 -177.960037 22.740170 50.000000 
69.854019 -177.809067 22.720675 68.000000 
69.760147 -177.878632 22.727991 81.000000 
69.667320 -177.943176 22.742495 57.000000 
69.749290 -177.875183 22.719469 84.000000 
69.661369 -177.932938 22.739435 75.000000 
69.751648 -177.854706 22.725554 76.000000 
69.654411 -177.923981 22.735312 79.000000 
69.752052 -177.836884 22.729446 84.000000 
69.645378 -177.917603 22.729027 76.000000 
69.744339 -177.829468 22.724365 61.000000 
69.642677 -177.903381 22.729311 69.000000 
69.536926 -177.979263 22.736639 54.000000 
69.642159 -177.886581 22.731825 69.000000 
69.532013 -177.967346 22.734571 82.000000 
69.639580 -177.872406 22.732189 74.000000 
69.528229 -177.954117 22.733597 72.000000 
69.628525 -177.868515 22.723791 76.000000 
69.526695 -177.938324 22.734785 75.000000 
69.401062 -178.033737 22.729803 63.000000 
69.620674 -177.860718 22.718700 51.000000 
69.519714 -177.928970 22.730682 78.000000 
69.397194 -178.020157 22.728632 74.000000 
69.512764 -177.919601 22.726601 78.000000 
69.399048 -178.000137 22.732656 96.000000 
69.505844 -177.910202 22.722538 78.000000 
69.391899 -177.990433 22.728462 92.000000 
69.503395 -177.895691 22.722792 75.000000 
69.387054 -177.978134 22.726362 96.000000 
69.503235 -177.878662 22.725235 50.000000 
69.381104 -177.967102 22.723251 85.000000 
69.264374 -178.045425 22.733755 60.000000 
69.378639 -177.952255 22.723293 85.000000 
69.260620 -178.031525 22.732515 83.000000 
69.377380 -177.936172 22.724417 96.000000 
69.254562 -178.020157 22.729296 92.000000 
69.369255 -177.927628 22.719307 99.000000 
69.254456 -178.002472 22.731152 89.000000 
69.256805 -177.982330 22.735077 83.000000 
69.111031 -178.086060 22.728149 67.000000 
69.249702 -177.972214 22.730949 83.000000 
69.108505 -178.070511 22.727757 100.000000 
69.240234 -177.964554 22.724812 86.000000 
69.117058 -178.043793 22.736210 88.000000 
69.235580 -177.951889 22.722759 86.000000 
69.107330 -178.035751 22.730032 85.000000 
69.100075 -178.025192 22.725834 79.000000 
68.977371 -178.094025 22.744114 60.000000 
69.092850 -178.014603 22.721657 76.000000 
68.966164 -178.086807 22.736984 74.000000 
69.090607 -177.999100 22.721453 82.000000 
68.956238 -178.078308 22.730816 72.000000 
69.090904 -177.981186 22.723267 70.000000 
68.953941 -178.062454 22.730377 74.000000 
68.802589 -178.159851 22.735611 50.000000 
68.953712 -178.046494 22.731352 77.000000 
68.795746 -178.149582 22.731672 57.000000 
68.948982 -178.033096 22.729080 83.000000 
68.793381 -178.133301 22.730991 71.000000 
68.941010 -178.020981 22.724508 83.000000 
68.795555 -178.111084 22.733603 71.000000 
68.788086 -178.099640 22.729326 78.000000 
68.785912 -178.083405 22.728771 78.000000 
68.632813 -178.176987 22.740694 58.000000 
68.773247 -178.076675 22.720846 73.000000 
68.626503 -178.163895 22.737211 69.000000 
68.771164 -178.060425 22.720358 71.000000 
68.620232 -178.150803 22.733759 75.000000 
68.609955 -178.141205 22.727661 73.000000 
68.435585 -178.247025 22.734818 50.000000 
68.607819 -178.124542 22.726942 72.000000 
68.430481 -178.232208 22.732061 71.000000 
68.608459 -178.105576 22.728054 81.000000 
68.417145 -178.224380 22.724205 92.000000 
68.603729 -178.091263 22.725628 73.000000 
68.420441 -178.202560 22.726654 81.000000 
68.423828 -178.180817 22.729164 81.000000 
68.420341 -178.164856 22.727421 83.000000 
68.232300 -178.274948 22.735422 63.000000 
68.409927 -178.154617 22.721395 86.000000 
68.230042 -178.257339 22.734245 74.000000 
68.402328 -178.142044 22.717123 83.000000 
68.222160 -178.244278 22.729809 84.000000 
68.215744 -178.230057 22.726229 74.000000 
68.203644 -178.220306 22.719360 84.000000 
68.210205 -178.195969 22.723322 73.000000 
68.005455 -178.312759 22.731821 75.000000 
68.211121 -178.176147 22.724014 58.000000 
67.990112 -178.304611 22.723362 112.000000 
67.993805 -178.281998 22.725248 115.000000 
67.999054 -178.258331 22.727989 108.000000 
67.754608 -178.397583 22.726652 109.000000 
67.989693 -178.245697 22.722805 120.000000 
67.747818 -178.382065 22.722805 124.000000 
67.983315 -178.230835 22.719248 63.000000 
67.759026 -178.353439 22.728107 125.000000 
67.758362 -178.333618 22.727396 124.000000 
67.744255 -178.323502 22.719866 124.000000 
67.502571 -178.452805 22.732292 62.000000 
67.742203 -178.304733 22.718472 126.000000 
67.495659 -178.436584 22.728359 120.000000 
67.744743 -178.282791 22.719419 123.000000 
67.479614 -178.426743 22.720110 124.000000 
67.480446 -178.405151 22.719875 124.000000 
67.476753 -178.386765 22.717506 124.000000 
67.480812 -178.363144 22.718834 124.000000 
67.476120 -178.346603 22.716047 124.000000 
71.128204 -177.606903 22.745308 54.000000 
71.122429 -177.595520 22.743132 71.000000 
71.115593 -177.587646 22.739071 90.000000 
71.105209 -177.585190 22.730375 101.000000 
71.101990 -177.571823 22.731001 101.000000 
71.015388 -177.639465 22.740292 53.000000 
71.101295 -177.556564 22.734400 101.000000 
71.008186 -177.633453 22.735449 63.000000 
71.095482 -177.547272 22.731590 107.000000 
71.005920 -177.618484 22.737022 73.000000 
71.090843 -177.534485 22.730757 101.000000 
71.003975 -177.601349 22.739372 73.000000 
71.082352 -177.529160 22.724474 101.000000 
70.997124 -177.593124 22.735331 73.000000 
71.083374 -177.510895 22.730173 65.000000 
70.990631 -177.585297 22.731506 73.000000 
70.896301 -177.659622 22.737183 60.000000 
70.983826 -177.577026 22.727499 73.000000 
70.891251 -177.648407 22.735275 80.000000 
70.977997 -177.567398 22.724659 78.000000 
70.883278 -177.641190 22.730055 87.000000 
70.980843 -177.545837 22.732199 82.000000 
70.876312 -177.632614 22.725964 87.000000 
70.789360 -177.691742 22.746120 50.000000 
70.877670 -177.613831 22.731041 84.000000 
70.778519 -177.688705 22.737825 57.000000 
70.876770 -177.597305 22.733732 87.000000 
70.776558 -177.673203 22.739096 81.000000 
70.867584 -177.590912 22.727283 89.000000 
70.767082 -177.666534 22.732586 81.000000 
70.860764 -177.582275 22.723297 95.000000 
70.768341 -177.647079 22.737200 74.000000 
70.652077 -177.738937 22.732872 50.000000 
70.854973 -177.572311 22.720455 72.000000 
70.763435 -177.635559 22.735312 76.000000 
70.654465 -177.717834 22.738161 64.000000 
70.853271 -177.557129 22.722160 50.000000 
70.756493 -177.626648 22.731262 76.000000 
70.654800 -177.699417 22.741392 77.000000 
70.749916 -177.618164 22.727432 72.000000 
70.646950 -177.691986 22.736389 78.000000 
70.747223 -177.604004 22.727819 88.000000 
70.641998 -177.680130 22.734385 78.000000 
70.527473 -177.765182 22.738628 55.000000 
70.632027 -177.675232 22.727283 72.000000 
70.524971 -177.750870 22.738712 74.000000 
70.632584 -177.656876 22.730669 75.000000 
70.514343 -177.745178 22.731398 95.000000 
70.625229 -177.647110 22.726408 81.000000 
70.504478 -177.737640 22.724913 92.000000 
70.622635 -177.632660 22.726664 87.000000 
70.501740 -177.722824 22.724874 96.000000 
70.501320 -177.705444 22.726954 92.000000 
70.371712 -177.800491 22.725250 62.000000 
70.499840 -177.689392 22.728039 89.000000 
70.378235 -177.775070 22.733027 87.000000 
70.488541 -177.685272 22.719978 85.000000 
70.384079 -177.751526 22.740084 89.000000 
70.483727 -177.673019 22.717989 85.000000 
70.376808 -177.741531 22.735899 89.000000 
70.234871 -177.844803 22.731182 51.000000 
70.366844 -177.733551 22.729506 79.000000 
70.241364 -177.818619 22.738323 70.000000 
70.359619 -177.723480 22.725363 81.000000 
70.226662 -177.815796 22.728184 100.000000 
70.357498 -177.708893 22.725508 73.000000 
70.225616 -177.799576 22.729017 94.000000 
70.359818 -177.688797 22.729557 67.000000 
70.215775 -177.791611 22.722816 91.000000 
70.349991 -177.680710 22.723263 56.000000 
70.217743 -177.770615 22.726248 82.000000 
70.088402 -177.848297 22.738777 60.000000 
70.220169 -177.750198 22.729946 79.000000 
70.079597 -177.838699 22.733528 72.000000 
70.212891 -177.739716 22.725805 91.000000 
70.082092 -177.817932 22.736847 74.000000 
70.203194 -177.731674 22.719711 62.000000 
70.074997 -177.807617 22.732819 74.000000 
70.067558 -177.796738 22.728601 72.000000 
69.919724 -177.892975 22.735367 55.000000 
70.060150 -177.785812 22.724407 74.000000 
69.914619 -177.879196 22.732855 71.000000 
70.054039 -177.773651 22.721195 77.000000 
69.904396 -177.870285 22.726696 73.000000 
69.904175 -177.851059 22.727716 73.000000 
69.899216 -177.837265 22.725304 67.000000 
69.744476 -177.934967 22.735537 60.000000 
69.902130 -177.816269 22.728481 71.000000 
69.739334 -177.920731 22.732924 72.000000 
69.892052 -177.807266 22.722433 67.000000 
69.736908 -177.904099 22.732124 73.000000 
69.737602 -177.885696 22.733364 73.000000 
69.735306 -177.869110 22.732649 72.000000 
69.544395 -177.991821 22.728073 77.000000 
69.721939 -177.861374 22.724602 75.000000 
69.551086 -177.965805 22.732817 96.000000 
69.712997 -177.850632 22.719469 65.000000 
69.548691 -177.948715 22.731848 81.000000 
69.538490 -177.939285 22.725981 81.000000 
69.533440 -177.924515 22.723362 81.000000 
69.349396 -178.034424 22.733135 72.000000 
69.528046 -177.909134 22.720562 78.000000 
69.345131 -178.017334 22.730898 84.000000 
69.528633 -177.889740 22.721476 81.000000 
69.338509 -178.003204 22.727274 77.000000 
69.340408 -177.982178 22.728649 75.000000 
69.339561 -177.963470 22.728418 77.000000 
69.122139 -178.094543 22.729090 105.000000 
69.338783 -177.944794 22.728233 84.000000 
69.116768 -178.078644 22.726126 116.000000 
69.326683 -177.935196 22.721432 50.000000 
69.124481 -178.052582 22.730335 117.000000 
69.121109 -178.036285 22.728477 115.000000 
68.891869 -178.168900 22.734282 50.000000 
69.115929 -178.020416 22.725641 116.000000 
68.901115 -178.141220 22.738712 109.000000 
69.104965 -178.009003 22.719646 116.000000 
68.889771 -178.129211 22.732615 126.000000 
69.102798 -177.990891 22.718473 54.000000 
68.884392 -178.112717 22.729576 125.000000 
68.875664 -178.097702 22.724829 124.000000 
68.879318 -178.074615 22.726442 123.000000 
68.629196 -178.215042 22.733591 111.000000 
68.877502 -178.056671 22.725279 124.000000 
68.617996 -178.202942 22.727715 124.000000 
68.870857 -178.041260 22.721636 111.000000 
68.613983 -178.184647 22.725256 125.000000 
68.624825 -178.154816 22.729881 124.000000 
68.616402 -178.139786 22.725342 124.000000 
68.611488 -178.123337 22.722519 125.000000 
68.598557 -178.111404 22.715847 121.000000 
72.229637 -177.341476 22.729494 52.000000 
72.231369 -177.319885 22.737013 71.000000 
72.226204 -177.309326 22.735296 90.000000 
72.218437 -177.302856 22.730110 83.000000 
72.211563 -177.294983 22.726107 83.000000 
72.204720 -177.287094 22.722118 83.000000 
72.123184 -177.348526 22.736898 61.000000 
72.203247 -177.271057 22.725183 83.000000 
72.116188 -177.340408 22.732830 78.000000 
72.202522 -177.255844 22.728687 86.000000 
72.107124 -177.337143 22.725760 73.000000 
72.194885 -177.249268 22.723602 90.000000 
72.102951 -177.324890 22.725147 71.000000 
72.008461 -177.401810 22.729931 56.000000 
72.191788 -177.235977 22.724430 82.000000 
72.103500 -177.305908 22.730297 70.000000 
72.002274 -177.391983 22.726900 70.000000 
72.098503 -177.295029 22.728613 75.000000 
72.000000 -177.376740 22.728346 80.000000 
72.091652 -177.286819 22.724657 79.000000 
71.997787 -177.361526 22.729834 92.000000 
72.081039 -177.283905 22.716108 79.000000 
71.992706 -177.350357 22.728010 81.000000 
71.891426 -177.430527 22.731653 57.000000 
72.081833 -177.265015 22.721420 65.000000 
71.983734 -177.344498 22.721731 84.000000 
71.894310 -177.408310 22.738340 62.000000 
71.976746 -177.335953 22.717709 84.000000 
71.890190 -177.395523 22.737478 81.000000 
71.977699 -177.316772 22.722708 81.000000 
71.878975 -177.392059 22.729021 79.000000 
71.974770 -177.302917 22.723253 78.000000 
71.871849 -177.383224 22.724934 67.000000 
71.770355 -177.459396 22.734703 56.000000 
71.972885 -177.287781 22.724966 66.000000 
71.868866 -177.369064 22.725245 72.000000 
71.766907 -177.444489 22.734539 64.000000 
71.870064 -177.349670 22.729982 69.000000 
71.757874 -177.438431 22.728464 82.000000 
71.862373 -177.342560 22.725082 76.000000 
71.754883 -177.423981 22.728573 78.000000 
71.859550 -177.328445 22.725504 83.000000 
71.754440 -177.407379 22.731058 78.000000 
71.629448 -177.506256 22.724674 63.000000 
71.746918 -177.397720 22.726770 78.000000 
71.624199 -177.494080 22.722494 85.000000 
71.742287 -177.386353 22.725052 81.000000 
71.627846 -177.471420 22.728617 102.000000 
71.732658 -177.379242 22.718666 84.000000 
71.629379 -177.451462 22.732733 88.000000 
71.732437 -177.362686 22.721296 87.000000 
71.619858 -177.444504 22.726521 94.000000 
71.507462 -177.522980 22.738899 54.000000 
71.614815 -177.432327 22.724482 88.000000 
71.493088 -177.520859 22.728630 64.000000 
71.613190 -177.416306 22.725605 97.000000 
71.489044 -177.507050 22.727413 90.000000 
71.612755 -177.399002 22.727816 97.000000 
71.481598 -177.497086 22.723207 92.000000 
71.604477 -177.390686 22.722740 85.000000 
71.483437 -177.476868 22.727108 89.000000 
71.348709 -177.575607 22.727510 57.000000 
71.487686 -177.454147 22.733093 86.000000 
71.341866 -177.563446 22.723967 70.000000 
71.480392 -177.444199 22.728992 89.000000 
71.340218 -177.546707 22.724579 105.000000 
71.470779 -177.436737 22.722876 98.000000 
71.342232 -177.526169 22.728174 98.000000 
71.463524 -177.426712 22.718815 86.000000 
71.334724 -177.515793 22.723970 98.000000 
71.458656 -177.414169 22.716816 50.000000 
71.329659 -177.502869 22.721758 91.000000 
71.203568 -177.579330 22.736118 63.000000 
71.322220 -177.492447 22.717604 94.000000 
71.195915 -177.568573 22.731846 77.000000 
71.323296 -177.473267 22.720392 101.000000 
71.190773 -177.555283 22.729502 77.000000 
71.319588 -177.459106 22.719271 67.000000 
71.185669 -177.541992 22.727190 88.000000 
71.037766 -177.641327 22.733135 50.000000 
71.185608 -177.523758 22.728731 88.000000 
71.029930 -177.630096 22.728788 55.000000 
71.180618 -177.510468 22.726492 97.000000 
71.028519 -177.612656 22.729061 77.000000 
71.170647 -177.502075 22.720444 92.000000 
71.029747 -177.592789 22.731224 76.000000 
71.022049 -177.581528 22.726974 71.000000 
71.016968 -177.567795 22.724602 78.000000 
70.867249 -177.663376 22.737251 64.000000 
71.009338 -177.556473 22.720404 80.000000 
70.865952 -177.645584 22.737349 75.000000 
71.006935 -177.540314 22.719952 71.000000 
70.850174 -177.641113 22.727697 78.000000 
70.844994 -177.626923 22.725187 76.000000 
70.845177 -177.607925 22.726290 73.000000 
70.662186 -177.726501 22.725946 77.000000 
70.842773 -177.591370 22.725649 83.000000 
70.652748 -177.715363 22.720678 96.000000 
70.835083 -177.579559 22.721455 76.000000 
70.652870 -177.695877 22.721445 89.000000 
70.655807 -177.674072 22.723986 89.000000 
70.646507 -177.662888 22.718817 83.000000 
70.470512 -177.768723 22.732605 66.000000 
70.642731 -177.647003 22.717131 89.000000 
70.467903 -177.751175 22.731464 77.000000 
70.637634 -177.632278 22.714615 75.000000 
70.462563 -177.735977 22.728710 84.000000 
70.453461 -177.724884 22.723724 81.000000 
70.442574 -177.714264 22.717712 77.000000 
70.244453 -177.831818 22.728657 103.000000 
70.445816 -177.692108 22.720047 77.000000 
70.236084 -177.818298 22.724152 118.000000 
70.444901 -177.673431 22.719934 50.000000 
70.227745 -177.804749 22.719675 117.000000 
70.226646 -177.785492 22.719208 116.000000 
70.232841 -177.760590 22.722780 115.000000 
69.997276 -177.900452 22.724314 106.000000 
70.227966 -177.745453 22.720236 120.000000 
69.997955 -177.880188 22.724524 121.000000 
69.999748 -177.858124 22.725315 124.000000 
69.990875 -177.843185 22.720602 124.000000 
69.991348 -177.822281 22.720732 123.000000 
69.745575 -177.962952 22.729300 62.000000 
69.977066 -177.812424 22.713251 125.000000 
69.744354 -177.942505 22.728298 121.000000 
69.982117 -177.788254 22.715769 117.000000 
69.731140 -177.930847 22.721533 125.000000 
69.725502 -177.913666 22.718431 124.000000 
69.725975 -177.892136 22.718287 123.000000 
69.731514 -177.868164 22.720613 124.000000 
69.719994 -177.855316 22.714714 120.000000 
73.332878 -177.047592 22.735746 51.000000 
73.324997 -177.041199 22.730553 68.000000 
73.320251 -177.028885 22.729824 83.000000 
73.318527 -177.012848 22.732826 86.000000 
73.310196 -177.008148 22.726727 80.000000 
73.305054 -176.997589 22.725119 86.000000 
73.220421 -177.065063 22.735342 56.000000 
73.296402 -176.992432 22.718845 83.000000 
73.214272 -177.055603 22.732447 65.000000 
73.294884 -176.976410 22.721985 86.000000 
73.209068 -177.044769 22.730715 68.000000 
73.293434 -176.960434 22.725170 86.000000 
73.200203 -177.039337 22.724436 65.000000 
73.288460 -176.949844 22.723680 60.000000 
73.198784 -177.023071 22.727335 68.000000 
73.102852 -177.103012 22.729645 60.000000 
73.197197 -177.009003 22.729527 73.000000 
73.096390 -177.095428 22.725977 80.000000 
73.191223 -176.999481 22.726759 68.000000 
73.094070 -177.080215 22.727499 81.000000 
73.181175 -176.994888 22.719210 83.000000 
73.094383 -177.060577 22.732220 78.000000 
73.179031 -176.979996 22.721104 65.000000 
73.088303 -177.050781 22.729353 74.000000 
72.988487 -177.129974 22.733875 58.000000 
73.078331 -177.046295 22.722015 81.000000 
72.991333 -177.107819 22.740662 75.000000 
73.071312 -177.037766 22.718061 84.000000 
72.980087 -177.104416 22.732250 81.000000 
73.068268 -177.023926 22.718636 78.000000 
72.972908 -177.095627 22.728209 76.000000 
73.070251 -177.003510 22.724899 56.000000 
72.963707 -177.089462 22.721998 74.000000 
72.959641 -177.076645 22.721283 72.000000 
72.863281 -177.145859 22.735878 76.000000 
72.964905 -177.052002 22.730499 74.000000 
72.854919 -177.138062 22.730726 65.000000 
72.956505 -177.046677 22.724754 70.000000 
72.852623 -177.124573 22.731327 63.000000 
72.851791 -177.107544 22.733694 65.000000 
72.730988 -177.203369 22.730358 69.000000 
72.843880 -177.097488 22.729284 67.000000 
72.727180 -177.187668 22.729919 95.000000 
72.836723 -177.088303 22.725298 67.000000 
72.726387 -177.170319 22.732008 92.000000 
72.828140 -177.082596 22.719578 67.000000 
72.720863 -177.160461 22.729359 85.000000 
72.711296 -177.153519 22.723204 89.000000 
72.599243 -177.232483 22.735601 54.000000 
72.707321 -177.140060 22.722275 79.000000 
72.598564 -177.214828 22.737457 79.000000 
72.703392 -177.126617 22.721380 85.000000 
72.591072 -177.204971 22.733313 83.000000 
72.706261 -177.105499 22.726805 96.000000 
72.582451 -177.196350 22.728178 81.000000 
72.581940 -177.178741 22.730150 81.000000 
72.447380 -177.277466 22.730116 65.000000 
72.581505 -177.161163 22.732170 79.000000 
72.438522 -177.268433 22.724915 89.000000 
72.576492 -177.148697 22.730171 77.000000 
72.439209 -177.249161 22.727568 85.000000 
72.569183 -177.138748 22.726162 75.000000 
72.441177 -177.228683 22.731256 76.000000 
72.438431 -177.213287 22.731066 82.000000 
72.309448 -177.294418 22.742472 58.000000 
72.428535 -177.205460 22.725000 76.000000 
72.296806 -177.288773 22.734461 72.000000 
72.423477 -177.192581 22.722900 82.000000 
72.294037 -177.273010 22.734062 69.000000 
72.417252 -177.180939 22.719841 73.000000 
72.281418 -177.267258 22.726082 67.000000 
72.281227 -177.248993 22.727659 69.000000 
72.132545 -177.350174 22.732611 55.000000 
72.281113 -177.230774 22.729282 72.000000 
72.123390 -177.340210 22.727421 77.000000 
72.278198 -177.214523 22.728834 74.000000 
72.121521 -177.322220 22.727560 71.000000 
72.123962 -177.301132 22.730728 71.000000 
72.119171 -177.288010 22.728611 67.000000 
71.962341 -177.391968 22.736076 64.000000 
72.111465 -177.276749 22.724464 69.000000 
71.966156 -177.369293 22.739759 75.000000 
72.103798 -177.265457 22.720345 69.000000 
71.955589 -177.360046 22.733719 81.000000 
71.947678 -177.348328 22.729479 78.000000 
71.783226 -177.452927 22.740805 55.000000 
71.942055 -177.333588 22.726841 83.000000 
71.771950 -177.442535 22.734507 77.000000 
71.939529 -177.317017 22.726240 76.000000 
71.766510 -177.427887 22.731871 100.000000 
71.939735 -177.298080 22.727478 81.000000 
71.758400 -177.415619 22.727552 86.000000 
71.753052 -177.400940 22.724981 83.000000 
71.758095 -177.379211 22.728903 78.000000 
71.564072 -177.503494 22.731352 55.000000 
71.752861 -177.364563 22.726412 89.000000 
71.568260 -177.480042 22.734358 59.000000 
71.743568 -177.353424 22.721357 72.000000 
71.571159 -177.457825 22.736603 72.000000 
71.567169 -177.441513 22.734766 84.000000 
71.357712 -177.571518 22.738661 50.000000 
71.560425 -177.427521 22.731310 87.000000 
71.360588 -177.548798 22.740492 74.000000 
71.555130 -177.412354 22.728718 87.000000 
71.355003 -177.533081 22.737640 121.000000 
71.552704 -177.394867 22.727825 57.000000 
71.348030 -177.518494 22.734030 119.000000 
71.336800 -177.507324 22.728067 120.000000 
71.338539 -177.485840 22.729296 118.000000 
71.118629 -177.615952 22.738617 109.000000 
71.344681 -177.461014 22.732973 118.000000 
71.107063 -177.604111 22.732609 126.000000 
71.337524 -177.445740 22.729303 54.000000 
71.109764 -177.580231 22.733990 125.000000 
71.112999 -177.557114 22.735655 124.000000 
71.101578 -177.545212 22.729752 125.000000 
70.853935 -177.689819 22.737003 101.000000 
71.102005 -177.524384 22.729986 127.000000 
70.854080 -177.668289 22.736778 123.000000 
71.088127 -177.515335 22.722826 120.000000 
70.856247 -177.646439 22.737555 126.000000 
70.841499 -177.635956 22.730173 123.000000 
70.832802 -177.621048 22.725719 126.000000 
70.836243 -177.597397 22.727137 125.000000 
70.833290 -177.577377 22.725470 124.000000 
70.824760 -177.562424 22.721134 57.000000 
74.452309 -176.753983 22.758327 55.000000 
74.434258 -176.764511 22.739241 54.000000 
74.432312 -176.748459 22.742064 71.000000 
74.424438 -176.742126 22.736826 86.000000 
74.420891 -176.728851 22.737406 83.000000 
74.422585 -176.707336 22.745001 86.000000 
74.413948 -176.702347 22.738676 83.000000 
74.323601 -176.779877 22.740837 53.000000 
74.407066 -176.694580 22.734695 86.000000 
74.321930 -176.763596 22.743532 73.000000 
74.398453 -176.689499 22.728390 86.000000 
74.317596 -176.751465 22.742867 65.000000 
74.396896 -176.673523 22.731476 86.000000 
74.305099 -176.751617 22.731981 68.000000 
74.396637 -176.656601 22.735979 57.000000 
74.303925 -176.735764 22.734983 78.000000 
74.208549 -176.816269 22.737360 56.000000 
74.298790 -176.724945 22.733255 71.000000 
74.205147 -176.802444 22.737650 83.000000 
74.293694 -176.714142 22.731556 71.000000 
74.197021 -176.795441 22.732420 92.000000 
74.290497 -176.700623 22.732180 79.000000 
74.195633 -176.778900 22.735001 84.000000 
74.192383 -176.765106 22.735397 81.000000 
74.094070 -176.843506 22.741077 52.000000 
74.185326 -176.756683 22.731356 87.000000 
74.092773 -176.826706 22.743412 75.000000 
74.180229 -176.745575 22.729576 89.000000 
74.089546 -176.812637 22.743622 70.000000 
74.171272 -176.739792 22.723330 84.000000 
74.080338 -176.806641 22.737339 69.000000 
74.075172 -176.795242 22.735430 70.000000 
74.066002 -176.789154 22.729177 70.000000 
73.970093 -176.858856 22.743731 70.000000 
74.064980 -176.772400 22.731697 72.000000 
73.965912 -176.845825 22.742748 72.000000 
74.061989 -176.758331 22.732071 72.000000 
73.954414 -176.842087 22.734364 75.000000 
73.843987 -176.927017 22.740791 63.000000 
73.951355 -176.827698 22.734497 75.000000 
73.836464 -176.917618 22.736532 85.000000 
73.951538 -176.809372 22.737869 72.000000 
73.828964 -176.908188 22.732294 99.000000 
73.946480 -176.797653 22.735949 72.000000 
73.828049 -176.890823 22.734270 89.000000 
73.936119 -176.792465 22.728703 75.000000 
73.826111 -176.874802 22.735260 92.000000 
73.822777 -176.862366 22.734634 85.000000 
73.706848 -176.947159 22.742840 50.000000 
73.817650 -176.850281 22.732588 89.000000 
73.709465 -176.925598 22.747601 79.000000 
73.809975 -176.840317 22.728283 85.000000 
73.699303 -176.917953 22.741163 79.000000 
73.809372 -176.823044 22.730467 72.000000 
73.695229 -176.904236 22.739985 79.000000 
73.568611 -176.996338 22.745947 57.000000 
73.685478 -176.897003 22.733795 79.000000 
73.562065 -176.984879 22.742601 62.000000 
73.687233 -176.876846 22.737732 83.000000 
73.553200 -176.975967 22.737335 94.000000 
73.688705 -176.856247 22.741522 77.000000 
73.547516 -176.962646 22.734804 88.000000 
73.676758 -176.851517 22.733383 63.000000 
73.546997 -176.944702 22.736431 76.000000 
73.546928 -176.927307 22.738317 76.000000 
73.416069 -177.011688 22.747696 55.000000 
73.541794 -176.914520 22.736109 71.000000 
73.414413 -176.994720 22.748123 67.000000 
73.531914 -176.906784 22.729992 79.000000 
73.403030 -176.987915 22.741011 72.000000 
73.522049 -176.898987 22.723888 61.000000 
73.397789 -176.974731 22.738659 74.000000 
73.387665 -176.966568 22.732531 69.000000 
73.252197 -177.056015 22.746603 55.000000 
73.389915 -176.945847 22.735960 72.000000 
73.241791 -177.047440 22.740429 71.000000 
73.387299 -176.930161 22.735620 74.000000 
73.236458 -177.033829 22.737942 71.000000 
73.236244 -177.015244 22.739168 71.000000 
73.236115 -176.996674 22.740444 66.000000 
73.076233 -177.105240 22.744915 60.000000 
73.228775 -176.986099 22.736435 71.000000 
73.072510 -177.090530 22.743399 67.000000 
73.218529 -176.977386 22.730385 66.000000 
73.072365 -177.071564 22.744364 67.000000 
73.062729 -177.060608 22.738939 75.000000 
73.057449 -177.046539 22.736425 76.000000 
72.893532 -177.151596 22.747215 71.000000 
73.049591 -177.034882 22.732159 78.000000 
72.884033 -177.140701 22.741934 92.000000 
73.044403 -177.020782 22.729708 73.000000 
72.879936 -177.124939 22.740099 72.000000 
72.867805 -177.116394 22.733156 78.000000 
72.869217 -177.095810 22.734825 75.000000 
72.697639 -177.201431 22.749989 59.000000 
72.873421 -177.072906 22.738272 71.000000 
72.682434 -177.194717 22.741411 74.000000 
72.866844 -177.059540 22.734871 72.000000 
72.681076 -177.176086 22.741079 70.000000 
72.688110 -177.150375 22.745750 66.000000 
72.684128 -177.134155 22.743870 70.000000 
72.471558 -177.268936 22.744814 62.000000 
72.671837 -177.124954 22.737049 73.000000 
72.471573 -177.248596 22.745012 114.000000 
72.658157 -177.116852 22.729414 54.000000 
72.468819 -177.230637 22.743681 111.000000 
72.460434 -177.217316 22.739222 108.000000 
72.453522 -177.202805 22.735586 115.000000 
72.247551 -177.323776 22.751369 58.000000 
72.454224 -177.183212 22.736185 115.000000 
72.234978 -177.313965 22.744751 122.000000 
72.221985 -177.303406 22.737923 122.000000 
72.230499 -177.275040 22.742279 123.000000 
72.227844 -177.256516 22.740849 123.000000 
71.977921 -177.404083 22.745804 101.000000 
72.222328 -177.240250 22.737934 125.000000 
71.975006 -177.384872 22.744032 123.000000 
72.210968 -177.228439 22.731998 55.000000 
71.976631 -177.362305 22.744476 125.000000 
71.970871 -177.345367 22.741352 124.000000 
71.965157 -177.328400 22.738264 124.000000 
71.951988 -177.316925 22.731573 125.000000 
71.952393 -177.295532 22.731478 122.000000 
75.542847 -176.453415 22.752756 81.000000 
75.534973 -176.447205 22.747494 98.000000 
75.526749 -176.440582 22.742041 104.000000 
75.518044 -176.435699 22.735647 101.000000 
75.516190 -176.419678 22.738548 104.000000 
75.431717 -176.489563 22.747726 67.000000 
75.517860 -176.398178 22.746153 101.000000 
75.421898 -176.485809 22.740191 78.000000 
75.506996 -176.397751 22.736532 107.000000 
75.416916 -176.475464 22.738525 82.000000 
75.502724 -176.385895 22.736052 104.000000 
75.420616 -176.450912 22.748026 82.000000 
75.407799 -176.450806 22.736935 79.000000 
75.317711 -176.525116 22.745007 64.000000 
75.406219 -176.434570 22.739710 79.000000 
75.315163 -176.509964 22.746347 80.000000 
75.397758 -176.429672 22.733597 82.000000 
75.309265 -176.500748 22.743509 92.000000 
75.393539 -176.417542 22.733013 73.000000 
75.298302 -176.497925 22.734940 87.000000 
75.214317 -176.558136 22.756178 51.000000 
75.293037 -176.486862 22.733040 84.000000 
75.206978 -176.549591 22.751959 59.000000 
75.291634 -176.470352 22.735626 84.000000 
75.204597 -176.534210 22.753157 81.000000 
75.292229 -176.451172 22.740496 89.000000 
75.191391 -176.533798 22.742498 83.000000 
75.283264 -176.445526 22.734228 95.000000 
75.192078 -176.514328 22.747009 81.000000 
75.191208 -176.498032 22.749611 79.000000 
75.077927 -176.593018 22.745043 54.000000 
75.184044 -176.489426 22.745518 76.000000 
75.077713 -176.574600 22.748169 77.000000 
75.176903 -176.480774 22.741446 72.000000 
75.075500 -176.558929 22.749237 87.000000 
75.169785 -176.472107 22.737392 76.000000 
75.066086 -176.552658 22.742943 75.000000 
74.952225 -176.643784 22.745256 61.000000 
75.058762 -176.543671 22.738779 81.000000 
74.951073 -176.626419 22.747087 57.000000 
75.055656 -176.529327 22.738886 81.000000 
74.947853 -176.611771 22.746918 100.000000 
75.048401 -176.520309 22.734772 78.000000 
74.938202 -176.605118 22.740616 99.000000 
75.049622 -176.500687 22.739216 81.000000 
74.930733 -176.595764 22.736385 85.000000 
75.040329 -176.494278 22.733023 50.000000 
74.929817 -176.578445 22.738377 89.000000 
74.931160 -176.558517 22.742485 89.000000 
74.810310 -176.650421 22.745359 74.000000 
74.927109 -176.545212 22.741465 82.000000 
74.809456 -176.632813 22.747084 79.000000 
74.914307 -176.542358 22.732157 85.000000 
74.809807 -176.613922 22.749861 79.000000 
74.671402 -176.721420 22.745085 75.000000 
74.802315 -176.604218 22.745651 79.000000 
74.675209 -176.698212 22.750385 62.000000 
74.794846 -176.594482 22.741465 75.000000 
74.670967 -176.684204 22.748960 105.000000 
74.787407 -176.584717 22.737297 79.000000 
74.667946 -176.668900 22.748545 88.000000 
74.786865 -176.567184 22.739227 75.000000 
74.655602 -176.663971 22.740368 82.000000 
74.526718 -176.748383 22.751112 50.000000 
74.645615 -176.656372 22.734152 88.000000 
74.523659 -176.732712 22.750481 60.000000 
74.647438 -176.635910 22.737741 88.000000 
74.515831 -176.722183 22.746120 77.000000 
74.649353 -176.615479 22.741388 79.000000 
74.515305 -176.703949 22.747450 77.000000 
74.639473 -176.607849 22.735256 65.000000 
74.517281 -176.683212 22.750721 78.000000 
74.361961 -176.795685 22.749155 50.000000 
74.509590 -176.672668 22.746462 77.000000 
74.360184 -176.778336 22.749269 54.000000 
74.504379 -176.659576 22.744125 77.000000 
74.363472 -176.755951 22.753080 71.000000 
74.496758 -176.648987 22.739918 75.000000 
74.353073 -176.747498 22.746891 69.000000 
74.345200 -176.736481 22.742552 69.000000 
74.342400 -176.720428 22.741913 67.000000 
74.196236 -176.817688 22.755384 55.000000 
74.337914 -176.707993 22.739901 71.000000 
74.188972 -176.807388 22.751394 72.000000 
74.337761 -176.689484 22.741180 60.000000 
74.175751 -176.800873 22.743450 83.000000 
74.174713 -176.780777 22.743937 76.000000 
74.179771 -176.756927 22.748466 78.000000 
74.003685 -176.875519 22.750475 57.000000 
74.171867 -176.745422 22.744160 85.000000 
73.996773 -176.862289 22.746836 96.000000 
74.158760 -176.738770 22.736309 73.000000 
74.003258 -176.836823 22.751757 75.000000 
73.996468 -176.823593 22.748199 71.000000 
73.985695 -176.813980 22.742100 78.000000 
73.820557 -176.916016 22.760422 56.000000 
73.976288 -176.803116 22.736879 72.000000 
73.812202 -176.903503 22.755905 74.000000 
73.974998 -176.785004 22.736845 70.000000 
73.805260 -176.889755 22.752237 75.000000 
73.796982 -176.877197 22.747778 66.000000 
73.601212 -177.001068 22.757847 52.000000 
73.797028 -176.857452 22.748297 66.000000 
73.592621 -176.987930 22.753227 62.000000 
73.802689 -176.833023 22.752172 66.000000 
73.585472 -176.973572 22.749422 114.000000 
73.581192 -176.956833 22.747229 116.000000 
73.591110 -176.928360 22.752975 114.000000 
73.582726 -176.915176 22.748503 114.000000 
73.357849 -177.054031 22.753330 50.000000 
73.575798 -176.900803 22.744854 116.000000 
73.366432 -177.026245 22.757719 121.000000 
73.362114 -177.008972 22.755383 121.000000 
73.356400 -176.992844 22.752333 124.000000 
73.343468 -176.982422 22.745525 124.000000 
73.339302 -176.965088 22.743299 124.000000 
73.103592 -177.103668 22.754396 121.000000 
73.346886 -176.938721 22.747217 61.000000 
73.088776 -177.093613 22.746836 125.000000 
73.088234 -177.074814 22.746262 125.000000 
73.092834 -177.050095 22.748169 125.000000 
73.084724 -177.032898 22.743874 125.000000 
73.080528 -177.014923 22.741529 121.000000 
76.627586 -176.161804 22.730230 78.000000 
76.623810 -176.148560 22.730766 94.000000 
76.621414 -176.132172 22.733459 91.000000 
76.614372 -176.124512 22.729422 91.000000 
76.603935 -176.122360 22.720736 91.000000 
76.523102 -176.187210 22.734497 56.000000 
76.597771 -176.113266 22.717892 97.000000 
76.515900 -176.179291 22.730381 73.000000 
76.598862 -176.093521 22.724638 91.000000 
76.511749 -176.167572 22.729898 68.000000 
76.595383 -176.080307 22.725376 101.000000 
76.503708 -176.160980 22.724686 73.000000 
76.500175 -176.147476 22.725195 73.000000 
76.403885 -176.231995 22.725397 58.000000 
76.497597 -176.132614 22.726889 68.000000 
76.397484 -176.222321 22.722340 80.000000 
76.488731 -176.127319 22.720594 78.000000 
76.392990 -176.209885 22.721531 89.000000 
76.481697 -176.119263 22.716608 82.000000 
76.393250 -176.190613 22.726328 87.000000 
76.386398 -176.182709 22.722450 81.000000 
76.287941 -176.263794 22.727198 54.000000 
76.381104 -176.171646 22.720625 87.000000 
76.292274 -176.238785 22.736013 78.000000 
76.371674 -176.165573 22.714140 84.000000 
76.278656 -176.237930 22.725143 83.000000 
76.370277 -176.149078 22.716860 81.000000 
76.275261 -176.223862 22.725361 81.000000 
76.269936 -176.212494 22.723434 86.000000 
76.266647 -176.198441 22.723724 79.000000 
76.163452 -176.280167 22.729708 88.000000 
76.267410 -176.179031 22.728436 79.000000 
76.157013 -176.269852 22.726583 77.000000 
76.262245 -176.167679 22.726614 70.000000 
76.151642 -176.258163 22.724545 72.000000 
76.148087 -176.246048 22.724014 81.000000 
76.031067 -176.341507 22.723043 63.000000 
76.144882 -176.231689 22.724169 78.000000 
76.029846 -176.324112 22.724962 100.000000 
76.137184 -176.222198 22.719883 75.000000 
76.029396 -176.304947 22.727755 96.000000 
76.129883 -176.213135 22.715820 84.000000 
76.021858 -176.295593 22.723562 96.000000 
76.015427 -176.284882 22.720428 89.000000 
76.007942 -176.275482 22.716280 85.000000 
75.901573 -176.350876 22.732546 79.000000 
76.005219 -176.261261 22.716528 89.000000 
75.892044 -176.344284 22.726503 87.000000 
76.006561 -176.241348 22.720785 85.000000 
75.887764 -176.330597 22.725302 92.000000 
75.762123 -176.424362 22.731480 57.000000 
75.884285 -176.315109 22.724934 83.000000 
75.755005 -176.412430 22.727892 62.000000 
75.885765 -176.294907 22.728865 81.000000 
75.741371 -176.408813 22.718700 105.000000 
75.883171 -176.280441 22.729002 86.000000 
75.743225 -176.388718 22.722424 98.000000 
75.871147 -176.275848 22.720839 77.000000 
75.744781 -176.368164 22.725990 91.000000 
75.741356 -176.352310 22.725479 91.000000 
75.616203 -176.433197 22.738766 52.000000 
75.733681 -176.342133 22.721285 88.000000 
75.610298 -176.422440 22.735826 67.000000 
75.724442 -176.335495 22.715557 88.000000 
75.601219 -176.413193 22.730587 74.000000 
75.721542 -176.320145 22.715353 64.000000 
75.595016 -176.399002 22.727793 74.000000 
75.588425 -176.387131 22.724506 77.000000 
75.440826 -176.492874 22.728678 55.000000 
75.587959 -176.368912 22.726021 82.000000 
75.436089 -176.477478 22.726831 77.000000 
75.582687 -176.355774 22.723757 81.000000 
75.429703 -176.465714 22.723623 76.000000 
75.433838 -176.441498 22.728296 76.000000 
75.426308 -176.430984 22.724236 78.000000 
75.273582 -176.534775 22.733189 57.000000 
75.423447 -176.414917 22.723686 78.000000 
75.277374 -176.512589 22.736975 75.000000 
75.410538 -176.408783 22.715761 85.000000 
75.266670 -176.503586 22.730833 81.000000 
75.258163 -176.491486 22.726274 83.000000 
75.255280 -176.474976 22.725527 78.000000 
75.089966 -176.584610 22.734652 52.000000 
75.247261 -176.463409 22.721245 85.000000 
75.072357 -176.581177 22.724220 96.000000 
75.247093 -176.444473 22.722364 75.000000 
75.069351 -176.564194 22.723213 89.000000 
75.070404 -176.543549 22.724825 86.000000 
75.067535 -176.526581 22.723907 86.000000 
74.882248 -176.647736 22.730076 55.000000 
75.062042 -176.512054 22.721308 83.000000 
74.881920 -176.627853 22.730507 77.000000 
75.055260 -176.498718 22.717878 89.000000 
74.884407 -176.605591 22.732637 84.000000 
74.879181 -176.591217 22.730089 84.000000 
74.674042 -176.724533 22.734766 52.000000 
74.870827 -176.578568 22.725695 75.000000 
74.676498 -176.701767 22.736481 54.000000 
74.863472 -176.564072 22.721943 81.000000 
74.674408 -176.681961 22.735657 109.000000 
74.860733 -176.546646 22.720938 64.000000 
74.661583 -176.672287 22.728771 116.000000 
74.654839 -176.658508 22.725304 117.000000 
74.651947 -176.640533 22.724031 114.000000 
74.440262 -176.770020 22.736103 102.000000 
74.652946 -176.618423 22.724976 116.000000 
74.428085 -176.757767 22.729753 121.000000 
74.651619 -176.599319 22.724598 60.000000 
74.425026 -176.739197 22.728207 122.000000 
74.430717 -176.713715 22.731270 122.000000 
74.424919 -176.697510 22.728302 123.000000 
74.179710 -176.845963 22.734764 55.000000 
74.419167 -176.681274 22.725370 124.000000 
74.182434 -176.822189 22.735872 68.000000 
74.404732 -176.671860 22.717880 122.000000 
74.173424 -176.807571 22.731243 124.000000 
74.168907 -176.789536 22.728825 125.000000 
74.155533 -176.778229 22.722078 124.000000 
74.158554 -176.754547 22.723385 124.000000 
74.149742 -176.739838 22.718897 124.000000 
77.737694 -175.856918 22.735107 51.000000 
77.730049 -175.851151 22.730045 74.000000 
77.720406 -175.847778 22.722471 83.000000 
77.713249 -175.840149 22.718388 83.000000 
77.709457 -175.826920 22.718983 86.000000 
77.707047 -175.810532 22.721750 83.000000 
77.618042 -175.889877 22.723909 64.000000 
77.699997 -175.802872 22.717745 86.000000 
77.611641 -175.880569 22.720913 68.000000 
77.692467 -175.796951 22.712782 90.000000 
77.611794 -175.861923 22.726116 68.000000 
77.686302 -175.787842 22.709984 83.000000 
77.602829 -175.856766 22.719759 65.000000 
77.596001 -175.849197 22.715899 78.000000 
77.509323 -175.920532 22.727215 62.000000 
77.588837 -175.841202 22.711853 75.000000 
77.500114 -175.915070 22.720835 76.000000 
77.584923 -175.827301 22.712219 75.000000 
77.497032 -175.899506 22.722054 87.000000 
77.585037 -175.808350 22.717430 68.000000 
77.487869 -175.893997 22.715710 84.000000 
77.484680 -175.880630 22.716291 84.000000 
77.395393 -175.950012 22.730707 64.000000 
77.483063 -175.864136 22.718946 81.000000 
77.388916 -175.940094 22.727615 84.000000 
77.473969 -175.858551 22.712664 81.000000 
77.379547 -175.934265 22.721281 83.000000 
77.469627 -175.846130 22.712017 76.000000 
77.379967 -175.914780 22.725866 70.000000 
77.371635 -175.907547 22.720671 72.000000 
77.269150 -175.990280 22.726740 62.000000 
77.366287 -175.896210 22.718775 70.000000 
77.265648 -175.975937 22.726763 82.000000 
77.355026 -175.892960 22.710321 76.000000 
77.260170 -175.964310 22.724701 75.000000 
77.352707 -175.877548 22.711771 59.000000 
77.253700 -175.954025 22.721603 72.000000 
77.244186 -175.947754 22.715330 72.000000 
77.135078 -176.034561 22.721531 69.000000 
77.239838 -175.934738 22.714417 75.000000 
77.128448 -176.023911 22.718304 100.000000 
77.236580 -175.920395 22.714605 84.000000 
77.120789 -176.014587 22.714069 99.000000 
77.231293 -175.908707 22.712687 75.000000 
77.118500 -175.998566 22.715042 96.000000 
77.119865 -175.979034 22.719383 96.000000 
76.999992 -176.072784 22.722467 57.000000 
77.112335 -175.969681 22.715240 92.000000 
76.992188 -176.063095 22.718176 74.000000 
77.102669 -175.962952 22.709030 96.000000 
76.995506 -176.040131 22.723982 79.000000 
76.988922 -176.029129 22.720768 81.000000 
76.981628 -176.019897 22.716778 81.000000 
76.859795 -176.110214 22.725552 62.000000 
76.978462 -176.004898 22.716656 79.000000 
76.849594 -176.102768 22.719282 100.000000 
76.970482 -175.994659 22.712299 83.000000 
76.849388 -176.082977 22.721621 94.000000 
76.974197 -175.971878 22.718359 54.000000 
76.836929 -176.078079 22.713436 88.000000 
76.838402 -176.057526 22.717056 82.000000 
76.711304 -176.141876 22.728424 55.000000 
76.837639 -176.039612 22.718765 85.000000 
76.706894 -176.127502 22.726940 63.000000 
76.829933 -176.029449 22.714594 79.000000 
76.702530 -176.113113 22.725491 74.000000 
76.694626 -176.102585 22.721220 72.000000 
76.684334 -176.094589 22.715063 72.000000 
76.549232 -176.187988 22.728161 62.000000 
76.678886 -176.081436 22.712749 74.000000 
76.541107 -176.177032 22.723793 80.000000 
76.675919 -176.065750 22.712385 69.000000 
76.529297 -176.169846 22.716686 78.000000 
76.523712 -176.156281 22.714209 78.000000 
76.523155 -176.137650 22.715462 80.000000 
76.376526 -176.237991 22.728109 56.000000 
76.523071 -176.119614 22.716974 78.000000 
76.366127 -176.229630 22.722145 79.000000 
76.512634 -176.111053 22.710894 57.000000 
76.364281 -176.211868 22.722206 78.000000 
76.363380 -176.192307 22.722988 85.000000 
76.355247 -176.180817 22.718674 81.000000 
76.182755 -176.299026 22.722515 57.000000 
76.352310 -176.164337 22.717968 78.000000 
76.183525 -176.278351 22.724047 96.000000 
76.344254 -176.152786 22.713713 61.000000 
76.179108 -176.262634 22.722198 83.000000 
76.164154 -176.256744 22.713501 89.000000 
76.155830 -176.244659 22.709126 81.000000 
75.991379 -176.348740 22.727818 56.000000 
76.155533 -176.225235 22.709965 81.000000 
75.981445 -176.337402 22.722492 83.000000 
76.155304 -176.205841 22.710854 64.000000 
75.975616 -176.322388 22.719671 81.000000 
75.972557 -176.304947 22.718542 77.000000 
75.979134 -176.279114 22.723274 84.000000 
75.759315 -176.426453 22.718599 56.000000 
75.969383 -176.267700 22.718082 81.000000 
75.765839 -176.400055 22.722738 116.000000 
75.766891 -176.378510 22.723770 118.000000 
75.765228 -176.359375 22.723265 116.000000 
75.753807 -176.348526 22.717222 116.000000 
75.745651 -176.335938 22.713022 115.000000 
75.537315 -176.463943 22.726171 122.000000 
75.525543 -176.452423 22.720072 126.000000 
75.517662 -176.436661 22.716057 125.000000 
75.517471 -176.415787 22.716127 125.000000 
75.277496 -176.562454 22.724752 103.000000 
75.531815 -176.383438 22.723911 125.000000 
75.272713 -176.544403 22.722240 122.000000 
75.514442 -176.376434 22.714886 55.000000 
75.270920 -176.524048 22.721226 126.000000 
75.278046 -176.496887 22.724632 125.000000 
75.269043 -176.482285 22.720076 124.000000 
75.260086 -176.467651 22.715551 124.000000 
75.249680 -176.454117 22.710323 121.000000 
78.817299 -175.566528 22.724203 54.000000 
78.818489 -175.545181 22.731804 78.000000 
78.812065 -175.536224 22.728844 83.000000 
78.804123 -175.527893 22.724337 80.000000 
78.796928 -175.520294 22.720259 83.000000 
78.789757 -175.512665 22.716196 83.000000 
78.709602 -175.578674 22.730188 61.000000 
78.784271 -175.502228 22.714489 86.000000 
78.703995 -175.568024 22.728310 68.000000 
78.784569 -175.484207 22.720232 83.000000 
78.695671 -175.563721 22.722324 63.000000 
78.777496 -175.476547 22.716246 86.000000 
78.690125 -175.553024 22.720490 60.000000 
78.689880 -175.533981 22.725531 65.000000 
78.593788 -175.621262 22.724735 64.000000 
78.681786 -175.527435 22.720335 73.000000 
78.589066 -175.608887 22.723869 80.000000 
78.673347 -175.520462 22.714952 78.000000 
78.587685 -175.590546 22.727278 84.000000 
78.663490 -175.516586 22.707485 73.000000 
78.578468 -175.585098 22.720921 84.000000 
78.662956 -175.499374 22.711735 50.000000 
78.571480 -175.577255 22.717012 84.000000 
78.481560 -175.648682 22.730684 64.000000 
78.566002 -175.566223 22.715153 81.000000 
78.478821 -175.633270 22.731895 78.000000 
78.562431 -175.552460 22.715565 87.000000 
78.467468 -175.630249 22.723375 74.000000 
78.561729 -175.534607 22.719385 76.000000 
78.458046 -175.624420 22.717031 86.000000 
78.452148 -175.612656 22.714855 76.000000 
78.351898 -175.693436 22.723606 69.000000 
78.458382 -175.584991 22.726036 79.000000 
78.348633 -175.679520 22.723797 82.000000 
78.445877 -175.585388 22.715796 74.000000 
78.347443 -175.662888 22.726143 72.000000 
78.444420 -175.568649 22.718313 70.000000 
78.344299 -175.648987 22.726412 75.000000 
78.337402 -175.638275 22.723108 72.000000 
78.221603 -175.735382 22.722273 69.000000 
78.329247 -175.631134 22.718109 78.000000 
78.220116 -175.717987 22.724165 95.000000 
78.323433 -175.619034 22.715921 75.000000 
78.212387 -175.708710 22.719912 92.000000 
78.314285 -175.613159 22.709888 75.000000 
78.205734 -175.698074 22.716713 89.000000 
78.196983 -175.690079 22.711464 96.000000 
78.088272 -175.771317 22.725273 51.000000 
78.191460 -175.678055 22.709352 96.000000 
78.083672 -175.757645 22.723967 74.000000 
78.193100 -175.656235 22.714355 99.000000 
78.071030 -175.752838 22.715446 75.000000 
78.187683 -175.644226 22.712320 75.000000 
78.073128 -175.731171 22.720240 81.000000 
78.074600 -175.711349 22.724298 73.000000 
77.938644 -175.819794 22.720589 57.000000 
78.066887 -175.701675 22.720106 77.000000 
77.938591 -175.800446 22.723051 82.000000 
78.061043 -175.688843 22.717756 81.000000 
77.934799 -175.784592 22.722422 89.000000 
78.051147 -175.681717 22.711580 67.000000 
77.928024 -175.773178 22.719112 88.000000 
77.920525 -175.763580 22.715061 85.000000 
77.798470 -175.843597 22.730732 52.000000 
77.914963 -175.750824 22.712786 85.000000 
77.793526 -175.828705 22.728994 67.000000 
77.911377 -175.734955 22.712301 88.000000 
77.779533 -175.824707 22.719925 69.000000 
77.909409 -175.718323 22.713058 58.000000 
77.779045 -175.806931 22.721527 72.000000 
77.775841 -175.791245 22.721058 74.000000 
77.630363 -175.897217 22.726177 50.000000 
77.772697 -175.775558 22.720631 74.000000 
77.620888 -175.887558 22.720854 62.000000 
77.763596 -175.766281 22.715458 77.000000 
77.621284 -175.867584 22.722898 74.000000 
77.612717 -175.856064 22.718336 73.000000 
77.607063 -175.842499 22.715862 71.000000 
77.462204 -175.942596 22.729883 54.000000 
77.601852 -175.829483 22.713633 67.000000 
77.461853 -175.924118 22.730980 77.000000 
77.596291 -175.815903 22.711224 66.000000 
77.448448 -175.917755 22.723026 73.000000 
77.440140 -175.906265 22.718641 72.000000 
77.436989 -175.889755 22.717850 75.000000 
77.439018 -175.868256 22.720675 78.000000 
77.259148 -175.994705 22.719509 94.000000 
77.432144 -175.855499 22.717285 68.000000 
77.251930 -175.981445 22.715891 83.000000 
77.253548 -175.958878 22.718096 83.000000 
77.245117 -175.946838 22.713696 86.000000 
77.063850 -176.068085 22.722063 50.000000 
77.237152 -175.935364 22.709539 86.000000 
77.074409 -176.038940 22.729258 83.000000 
77.228790 -175.923248 22.705193 86.000000 
77.061707 -176.030075 22.722284 87.000000 
77.054443 -176.016266 22.718637 87.000000 
77.041779 -176.007294 22.711704 90.000000 
77.048195 -175.981354 22.716417 81.000000 
76.845329 -176.115158 22.721804 112.000000 
77.050636 -175.959122 22.718704 54.000000 
76.839241 -176.099548 22.718819 119.000000 
76.838768 -176.079147 22.719046 116.000000 
76.838379 -176.058762 22.719324 115.000000 
76.837639 -176.037766 22.719435 116.000000 
76.613075 -176.181396 22.723803 115.000000 
76.609726 -176.162811 22.722218 125.000000 
76.609299 -176.141891 22.722197 124.000000 
76.603226 -176.125671 22.719181 123.000000 
76.358315 -176.278671 22.725475 53.000000 
76.590462 -176.115967 22.712606 125.000000 
76.358200 -176.257828 22.725321 54.000000 
76.591675 -176.093903 22.713484 121.000000 
76.351852 -176.240921 22.722086 122.000000 
76.335304 -176.232071 22.713804 126.000000 
76.337852 -176.208221 22.715004 125.000000 
76.343437 -176.182159 22.717726 125.000000 
76.331429 -176.169769 22.711731 126.000000 
79.915276 -175.235184 22.734734 58.000000 
79.906792 -175.228729 22.729231 78.000000 
79.898674 -175.222626 22.723946 83.000000 
79.893372 -175.212631 22.722363 83.000000 
79.891014 -175.196609 22.725254 80.000000 
79.883804 -175.189041 22.721199 86.000000 
79.801575 -175.259781 22.731699 67.000000 
79.874954 -175.184219 22.714823 86.000000 
79.798462 -175.244919 22.733223 68.000000 
79.871094 -175.171005 22.715481 86.000000 
79.789391 -175.239899 22.726830 68.000000 
79.865623 -175.160583 22.713829 86.000000 
79.778595 -175.237625 22.718166 63.000000 
79.778221 -175.218582 22.723204 65.000000 
79.687035 -175.299469 22.728035 62.000000 
79.770943 -175.210678 22.719145 65.000000 
79.679527 -175.291306 22.723848 73.000000 
79.772835 -175.189301 22.726772 63.000000 
79.674232 -175.280762 22.722113 76.000000 
79.761223 -175.188293 22.717026 73.000000 
79.669518 -175.268387 22.721310 81.000000 
79.669067 -175.248703 22.725922 84.000000 
79.564613 -175.342880 22.722031 77.000000 
79.659859 -175.243240 22.719601 81.000000 
79.562683 -175.326050 22.724306 78.000000 
79.652512 -175.235001 22.715536 78.000000 
79.560829 -175.309250 22.726631 70.000000 
79.643326 -175.229462 22.709240 81.000000 
79.557137 -175.295227 22.726828 76.000000 
79.547127 -175.291229 22.719627 79.000000 
79.452408 -175.365753 22.733551 62.000000 
79.539642 -175.282669 22.715506 79.000000 
79.444717 -175.356934 22.729317 82.000000 
79.533752 -175.270920 22.713392 76.000000 
79.437668 -175.346283 22.725952 72.000000 
79.536087 -175.248734 22.720301 66.000000 
79.430023 -175.337418 22.721762 72.000000 
79.426826 -175.323517 22.722059 72.000000 
79.313614 -175.418625 22.723337 63.000000 
79.424324 -175.307846 22.723255 81.000000 
79.304726 -175.410751 22.718018 90.000000 
79.418831 -175.296234 22.721283 81.000000 
79.304230 -175.391998 22.720980 89.000000 
79.409286 -175.289993 22.715054 70.000000 
79.298553 -175.380035 22.718817 89.000000 
79.292931 -175.368057 22.716684 89.000000 
79.177216 -175.459396 22.723328 51.000000 
79.287338 -175.356079 22.714582 85.000000 
79.176857 -175.440353 22.726030 74.000000 
79.277542 -175.349426 22.708342 89.000000 
79.168953 -175.430740 22.721746 79.000000 
79.276299 -175.332092 22.710470 72.000000 
79.168739 -175.411743 22.724539 81.000000 
79.156517 -175.407425 22.716274 79.000000 
79.033348 -175.502045 22.723579 62.000000 
79.157524 -175.387131 22.720161 81.000000 
79.025261 -175.492020 22.719225 89.000000 
79.156418 -175.369522 22.722078 83.000000 
79.018341 -175.480637 22.715870 88.000000 
79.148712 -175.359848 22.717941 67.000000 
79.019432 -175.459976 22.719398 79.000000 
79.016830 -175.445648 22.719484 79.000000 
78.890663 -175.531723 22.731266 55.000000 
79.011200 -175.432953 22.717215 79.000000 
78.890724 -175.512115 22.733528 63.000000 
79.001015 -175.425446 22.711031 88.000000 
78.876717 -175.508224 22.724461 72.000000 
78.994293 -175.414001 22.707827 58.000000 
78.870979 -175.495148 22.722052 69.000000 
78.862915 -175.484650 22.717768 72.000000 
78.728088 -175.581726 22.730608 50.000000 
78.858849 -175.467911 22.716906 69.000000 
78.717316 -175.570496 22.724628 62.000000 
78.858040 -175.449646 22.718426 72.000000 
78.703346 -175.566559 22.715874 68.000000 
78.702019 -175.547318 22.716820 66.000000 
78.704056 -175.526642 22.720095 73.000000 
78.548164 -175.638626 22.725811 56.000000 
78.697960 -175.512573 22.717445 71.000000 
78.548508 -175.618271 22.727564 77.000000 
78.682419 -175.509171 22.707624 58.000000 
78.545151 -175.601791 22.726707 75.000000 
78.541855 -175.585312 22.725891 78.000000 
78.530991 -175.576401 22.719761 78.000000 
78.366310 -175.690598 22.728409 50.000000 
78.523529 -175.566071 22.715868 83.000000 
78.363754 -175.674835 22.727787 94.000000 
78.516533 -175.553314 22.712465 63.000000 
78.351273 -175.666656 22.720757 86.000000 
78.333565 -175.663391 22.710306 89.000000 
78.339439 -175.637695 22.715353 86.000000 
78.156273 -175.762619 22.722069 54.000000 
78.338013 -175.617050 22.715721 86.000000 
78.149246 -175.746338 22.718704 77.000000 
78.329605 -175.605011 22.711386 75.000000 
78.145836 -175.728851 22.717484 84.000000 
78.151917 -175.702789 22.722097 85.000000 
78.148666 -175.685364 22.720976 76.000000 
78.137352 -175.675232 22.714911 85.000000 
77.943474 -175.802979 22.725121 112.000000 
78.134209 -175.657791 22.713865 58.000000 
77.937294 -175.787415 22.722145 116.000000 
77.929787 -175.773041 22.718410 117.000000 
77.916763 -175.763443 22.711523 115.000000 
77.921341 -175.740784 22.714678 111.000000 
77.711662 -175.873932 22.726929 115.000000 
77.694016 -175.867264 22.717754 125.000000 
77.693420 -175.846298 22.717720 124.000000 
77.697182 -175.821823 22.720028 122.000000 
77.688194 -175.807983 22.715515 125.000000 
77.445251 -175.960709 22.722332 66.000000 
77.682098 -175.791748 22.712566 120.000000 
77.448952 -175.935638 22.724165 122.000000 
77.434334 -175.923096 22.716871 125.000000 
77.427971 -175.906174 22.713711 126.000000 
77.416267 -175.894577 22.707893 125.000000 
77.415878 -175.873032 22.707733 124.000000 
80.998177 -174.934036 22.726601 54.000000 
80.992310 -174.923706 22.724741 54.000000 
80.997635 -174.893433 22.739100 78.000000 
80.989502 -174.887390 22.733854 86.000000 
80.978958 -174.885559 22.725134 80.000000 
80.970024 -174.880844 22.718742 80.000000 
80.969238 -174.862030 22.724022 86.000000 
80.883247 -174.940369 22.728907 59.000000 
80.965271 -174.848862 22.724682 86.000000 
80.874077 -174.935394 22.722500 63.000000 
80.959709 -174.838501 22.723038 83.000000 
80.870033 -174.921936 22.722925 63.000000 
80.952530 -174.830902 22.719072 86.000000 
80.872917 -174.897263 22.732508 68.000000 
80.943703 -174.826050 22.712772 54.000000 
80.862122 -174.895020 22.723890 63.000000 
80.767822 -174.982132 22.724411 54.000000 
80.854782 -174.887161 22.719851 68.000000 
80.767410 -174.962784 22.729115 76.000000 
80.848694 -174.878265 22.717176 73.000000 
80.759354 -174.956451 22.724072 81.000000 
80.842270 -174.868958 22.714323 79.000000 
80.753647 -174.945511 22.722178 78.000000 
80.743423 -174.941483 22.714727 76.000000 
80.657974 -175.008514 22.732996 64.000000 
80.740517 -174.926346 22.716236 87.000000 
80.647484 -175.004242 22.725555 84.000000 
80.739700 -174.906265 22.720753 84.000000 
80.639069 -174.994919 22.720964 83.000000 
80.730476 -174.900787 22.714487 92.000000 
80.635246 -174.980881 22.721169 76.000000 
80.727562 -174.887878 22.715391 53.000000 
80.636078 -174.962204 22.726187 76.000000 
80.532082 -175.051132 22.729511 59.000000 
80.630463 -174.950943 22.724287 81.000000 
80.527267 -175.038193 22.728462 82.000000 
80.621033 -174.945145 22.718029 83.000000 
80.523491 -175.023880 22.728506 75.000000 
80.615486 -174.933853 22.716177 83.000000 
80.517784 -175.012314 22.726463 70.000000 
80.510109 -175.003464 22.722321 75.000000 
80.401535 -175.093796 22.727894 66.000000 
80.502457 -174.994583 22.718199 78.000000 
80.393623 -175.084625 22.723633 95.000000 
80.498878 -174.980255 22.718374 78.000000 
80.385742 -175.075409 22.719395 92.000000 
80.495354 -174.965927 22.718590 81.000000 
80.378929 -175.064804 22.716211 89.000000 
80.374901 -175.049667 22.715960 85.000000 
80.374489 -175.030975 22.719078 92.000000 
80.253761 -175.129440 22.720528 69.000000 
80.367531 -175.022629 22.715364 96.000000 
80.254143 -175.111359 22.723719 75.000000 
80.360878 -175.011993 22.712301 72.000000 
80.252716 -175.093704 22.725525 75.000000 
80.252457 -175.074738 22.728390 83.000000 
80.115562 -175.187546 22.722849 57.000000 
80.238022 -175.073120 22.718149 83.000000 
80.113007 -175.170853 22.723385 89.000000 
80.229782 -175.062973 22.713783 77.000000 
80.107864 -175.156357 22.721796 88.000000 
80.230804 -175.042709 22.717783 77.000000 
80.104301 -175.141006 22.721439 94.000000 
80.096664 -175.131470 22.717409 88.000000 
79.972038 -175.217010 22.730457 58.000000 
80.090927 -175.118759 22.715157 88.000000 
79.964951 -175.205292 22.727060 69.000000 
80.092102 -175.098190 22.718847 94.000000 
79.959068 -175.192230 22.724640 67.000000 
80.081886 -175.090714 22.712719 68.000000 
79.957535 -175.173416 22.725843 69.000000 
79.947037 -175.165558 22.719685 72.000000 
79.801476 -175.274673 22.724243 54.000000 
79.939331 -175.155594 22.715662 69.000000 
79.801949 -175.255203 22.726486 74.000000 
79.931244 -175.145065 22.711452 69.000000 
79.793579 -175.244308 22.722132 76.000000 
79.785248 -175.233383 22.717800 76.000000 
79.776939 -175.222412 22.713495 76.000000 
79.636871 -175.320511 22.730631 51.000000 
79.775612 -175.203186 22.714550 71.000000 
79.629143 -175.307297 22.726873 77.000000 
79.774780 -175.184540 22.715870 69.000000 
79.620628 -175.295898 22.722481 72.000000 
79.621811 -175.273727 22.725018 78.000000 
79.620979 -175.254715 22.726048 76.000000 
79.440300 -175.386414 22.723658 55.000000 
79.610916 -175.246964 22.720398 73.000000 
79.436310 -175.371887 22.722189 96.000000 
79.601295 -175.236771 22.715235 65.000000 
79.434097 -175.353638 22.722023 83.000000 
79.426750 -175.340424 22.718470 89.000000 
79.419441 -175.327194 22.714947 83.000000 
79.409554 -175.316406 22.709730 92.000000 
79.238632 -175.430771 22.724094 74.000000 
79.410202 -175.295700 22.711452 72.000000 
79.235107 -175.413300 22.722902 75.000000 
79.224953 -175.402008 22.717621 70.000000 
79.220200 -175.385757 22.715675 75.000000 
79.223587 -175.362167 22.718754 81.000000 
79.008560 -175.510742 22.716587 112.000000 
79.223022 -175.342300 22.719398 57.000000 
79.010460 -175.487808 22.718359 120.000000 
79.013832 -175.463715 22.720984 114.000000 
79.014549 -175.442108 22.722078 116.000000 
79.001495 -175.432556 22.715258 111.000000 
78.795334 -175.564590 22.729448 115.000000 
78.988449 -175.422928 22.708452 55.000000 
78.779022 -175.556808 22.721066 124.000000 
78.775459 -175.538208 22.719538 125.000000 
78.769127 -175.521988 22.716532 124.000000 
78.764267 -175.504562 22.714327 123.000000 
78.523529 -175.657608 22.722452 59.000000 
78.766594 -175.481277 22.715992 121.000000 
78.518356 -175.639511 22.719954 122.000000 
78.509872 -175.623032 22.715815 125.000000 
78.512100 -175.599121 22.717039 125.000000 
78.508591 -175.579880 22.715406 126.000000 
78.496368 -175.567566 22.709429 125.000000 
82.098793 -174.587463 22.749805 55.000000 
82.083900 -174.594849 22.734358 56.000000 
82.080338 -174.580261 22.735968 71.000000 
82.073685 -174.571411 22.732998 80.000000 
82.067856 -174.561111 22.731209 77.000000 
82.065262 -174.545120 22.734091 80.000000 
82.057922 -174.537643 22.730040 83.000000 
81.970871 -174.619583 22.732925 59.000000 
82.050598 -174.530136 22.726006 83.000000 
81.974205 -174.593369 22.743477 73.000000 
82.044922 -174.519791 22.724325 83.000000 
81.962517 -174.592728 22.733694 86.000000 
82.039276 -174.509445 22.722673 74.000000 
81.955040 -174.584961 22.729589 79.000000 
82.035316 -174.496292 22.723394 80.000000 
81.944176 -174.582779 22.720945 71.000000 
81.859138 -174.656631 22.733068 54.000000 
82.032600 -174.482132 22.725525 57.000000 
81.942230 -174.566925 22.723919 70.000000 
81.855400 -174.643326 22.733513 76.000000 
81.944283 -174.543701 22.732454 73.000000 
81.846886 -174.636642 22.728241 87.000000 
81.934349 -174.540054 22.725014 65.000000 
81.842857 -174.622925 22.728539 81.000000 
81.750816 -174.702133 22.738430 50.000000 
81.928757 -174.529419 22.723320 65.000000 
81.840683 -174.606430 22.731104 81.000000 
81.740242 -174.697983 22.730955 60.000000 
81.833168 -174.598297 22.727018 78.000000 
81.736191 -174.683960 22.731052 87.000000 
81.828392 -174.585983 22.726309 76.000000 
81.735947 -174.664383 22.735523 86.000000 
81.822754 -174.575058 22.724510 74.000000 
81.728264 -174.655960 22.731365 76.000000 
81.627029 -174.743317 22.737394 56.000000 
81.818985 -174.561356 22.724987 67.000000 
81.720604 -174.647522 22.727224 74.000000 
81.627892 -174.722046 22.742596 51.000000 
81.714867 -174.636276 22.725285 74.000000 
81.622978 -174.709167 22.741529 76.000000 
81.711082 -174.622284 22.725561 76.000000 
81.611244 -174.705978 22.733097 93.000000 
81.709267 -174.605545 22.728067 81.000000 
81.605415 -174.694443 22.731022 78.000000 
81.497757 -174.786026 22.737103 52.000000 
81.700790 -174.598404 22.722935 57.000000 
81.604591 -174.676025 22.734287 72.000000 
81.486671 -174.781067 22.729717 55.000000 
81.600632 -174.664001 22.733761 75.000000 
81.482529 -174.768707 22.728935 90.000000 
81.592949 -174.655197 22.729654 81.000000 
81.479683 -174.752701 22.729818 99.000000 
81.584526 -174.645477 22.725159 81.000000 
81.481285 -174.728958 22.735487 94.000000 
81.574883 -174.639313 22.718952 70.000000 
81.477570 -174.714371 22.735435 94.000000 
81.350616 -174.823776 22.730192 51.000000 
81.468056 -174.708389 22.729412 91.000000 
81.351433 -174.803818 22.734083 69.000000 
81.462334 -174.696487 22.727346 91.000000 
81.348724 -174.787506 22.734808 83.000000 
81.463348 -174.676971 22.731766 88.000000 
81.342171 -174.777115 22.731771 86.000000 
81.455627 -174.667770 22.727684 50.000000 
81.334160 -174.767563 22.727541 89.000000 
81.207954 -174.869446 22.731384 55.000000 
81.332306 -174.749451 22.729177 86.000000 
81.201500 -174.856308 22.728750 78.000000 
81.328735 -174.734512 22.729052 86.000000 
81.198853 -174.839645 22.729288 94.000000 
81.323044 -174.722260 22.726936 92.000000 
81.195160 -174.824326 22.728895 88.000000 
81.315193 -174.712646 22.722822 50.000000 
81.196030 -174.803696 22.732454 88.000000 
81.186089 -174.796875 22.726479 88.000000 
81.069031 -174.875153 22.745138 63.000000 
81.178032 -174.786880 22.722269 91.000000 
81.057266 -174.868820 22.737984 74.000000 
81.169991 -174.776840 22.718082 88.000000 
81.046669 -174.861115 22.731787 72.000000 
81.042694 -174.844940 22.731091 72.000000 
81.039200 -174.829300 22.730650 74.000000 
80.890823 -174.943161 22.732357 71.000000 
81.036163 -174.814178 22.730459 74.000000 
80.882767 -174.932861 22.728191 78.000000 
81.025688 -174.806351 22.724361 69.000000 
80.879150 -174.916779 22.727501 73.000000 
80.880447 -174.895523 22.730532 73.000000 
80.874542 -174.882065 22.728090 73.000000 
80.722893 -174.993896 22.736122 68.000000 
80.868683 -174.868591 22.725679 76.000000 
80.725487 -174.970963 22.739666 72.000000 
80.855515 -174.862808 22.717747 57.000000 
80.716934 -174.959671 22.735291 73.000000 
80.705902 -174.950897 22.729164 75.000000 
80.697403 -174.939514 22.724834 75.000000 
80.530151 -175.059570 22.731443 82.000000 
80.701134 -174.914856 22.729250 81.000000 
80.524765 -175.043289 22.729307 92.000000 
80.692734 -174.903458 22.724993 56.000000 
80.509544 -175.037720 22.720589 83.000000 
80.516762 -175.011246 22.726675 83.000000 
80.511986 -174.995544 22.724878 89.000000 
80.327660 -175.125168 22.730289 72.000000 
80.505531 -174.980515 22.722044 92.000000 
80.322197 -175.108337 22.728003 87.000000 
80.499557 -174.966064 22.719461 63.000000 
80.327873 -175.082153 22.732571 85.000000 
80.327446 -175.062881 22.733303 83.000000 
80.315956 -175.052902 22.727247 85.000000 
80.117142 -175.189728 22.734201 103.000000 
80.309410 -175.037323 22.724306 83.000000 
80.108871 -175.174789 22.730190 116.000000 
80.106575 -175.155579 22.729605 117.000000 
80.097946 -175.143143 22.725328 111.000000 
80.095779 -175.123947 22.724827 116.000000 
79.880959 -175.266251 22.734133 50.000000 
80.096924 -175.099838 22.726322 116.000000 
79.869225 -175.252365 22.728285 121.000000 
79.869705 -175.230164 22.728985 125.000000 
79.874512 -175.204407 22.732021 125.000000 
79.862457 -175.193039 22.725990 125.000000 
79.856110 -175.176880 22.723036 125.000000 
79.622063 -175.326477 22.734051 121.000000 
79.612488 -175.312012 22.729399 126.000000 
79.601990 -175.299408 22.724285 126.000000 
79.593948 -175.283691 22.720421 125.000000 
79.592743 -175.261398 22.720009 126.000000 
79.590637 -175.241028 22.719149 61.000000 
83.177048 -174.254440 22.735668 51.000000 
83.176872 -174.234528 22.742140 78.000000 
83.169403 -174.227188 22.738045 90.000000 
83.164726 -174.213745 22.738405 90.000000 
83.157318 -174.206360 22.734356 90.000000 
83.148712 -174.202148 22.728195 90.000000 
83.068916 -174.273315 22.739985 59.000000 
83.145325 -174.187637 22.730015 86.000000 
83.062172 -174.264236 22.736990 73.000000 
83.142799 -174.171722 22.733046 86.000000 
83.052124 -174.260834 22.729475 79.000000 
83.134705 -174.165665 22.727915 94.000000 
83.049599 -174.244614 22.732210 79.000000 
83.133102 -174.148376 22.732197 62.000000 
83.047142 -174.228424 22.734993 82.000000 
82.956169 -174.314163 22.737644 58.000000 
83.039696 -174.220703 22.730963 79.000000 
82.949348 -174.304764 22.734591 76.000000 
83.030571 -174.215744 22.724659 82.000000 
82.947838 -174.286880 22.738228 89.000000 
83.026566 -174.202362 22.725252 82.000000 
82.940224 -174.278885 22.734123 87.000000 
83.020782 -174.193954 22.722828 57.000000 
82.933388 -174.271652 22.730444 81.000000 
82.846573 -174.344223 22.745234 55.000000 
82.924026 -174.266388 22.724136 84.000000 
82.839722 -174.334549 22.742140 78.000000 
82.922745 -174.248535 22.727924 76.000000 
82.830116 -174.329041 22.735813 86.000000 
82.921539 -174.230728 22.731766 78.000000 
82.820526 -174.323486 22.729498 83.000000 
82.912430 -174.223206 22.726259 69.000000 
82.819511 -174.303131 22.733683 81.000000 
82.712204 -174.400711 22.731750 50.000000 
82.815605 -174.289200 22.733969 72.000000 
82.712402 -174.381302 22.736183 67.000000 
82.807800 -174.283035 22.729221 81.000000 
82.708801 -174.367493 22.736433 77.000000 
82.803986 -174.269104 22.729568 76.000000 
82.705254 -174.353699 22.736719 72.000000 
82.788994 -174.269440 22.717457 50.000000 
82.697266 -174.342316 22.733025 78.000000 
82.584251 -174.442688 22.732340 63.000000 
82.690475 -174.332199 22.729979 72.000000 
82.583282 -174.423950 22.735287 90.000000 
82.682510 -174.325699 22.725227 75.000000 
82.574043 -174.418564 22.729416 96.000000 
82.678757 -174.311447 22.725435 70.000000 
82.568092 -174.406723 22.727272 92.000000 
82.675064 -174.297195 22.725681 68.000000 
82.557053 -174.401718 22.719973 99.000000 
82.557350 -174.381653 22.724110 89.000000 
82.440369 -174.479385 22.727722 62.000000 
82.559814 -174.358917 22.730387 85.000000 
82.436455 -174.464447 22.727461 79.000000 
82.549911 -174.352493 22.724209 89.000000 
82.437935 -174.442734 22.732271 75.000000 
82.546280 -174.337936 22.724318 50.000000 
82.440582 -174.419708 22.738152 79.000000 
82.304558 -174.536087 22.731613 55.000000 
82.430443 -174.412949 22.731968 75.000000 
82.298431 -174.523514 22.729223 78.000000 
82.422066 -174.402985 22.727617 73.000000 
82.301910 -174.498291 22.735435 91.000000 
82.414116 -174.393448 22.723495 71.000000 
82.291466 -174.491119 22.729218 88.000000 
82.409851 -174.380371 22.722652 60.000000 
82.285912 -174.479050 22.727150 79.000000 
82.275505 -174.471786 22.720968 79.000000 
82.156700 -174.553665 22.737700 63.000000 
82.274101 -174.453857 22.722677 82.000000 
82.147171 -174.544739 22.732441 72.000000 
82.276154 -174.431976 22.727394 73.000000 
82.145340 -174.525955 22.733637 67.000000 
82.265457 -174.424164 22.721090 53.000000 
82.139366 -174.513000 22.731287 67.000000 
81.989067 -174.632935 22.730480 50.000000 
82.136169 -174.497925 22.731089 72.000000 
81.986847 -174.616104 22.730877 68.000000 
82.124451 -174.491516 22.724030 64.000000 
81.985451 -174.597443 22.732016 80.000000 
82.116249 -174.481125 22.719852 66.000000 
81.976952 -174.586670 22.727688 78.000000 
81.968483 -174.575882 22.723385 76.000000 
81.964867 -174.559845 22.722801 69.000000 
81.824692 -174.660583 22.738501 73.000000 
81.961311 -174.543808 22.722258 64.000000 
81.818489 -174.646759 22.735886 75.000000 
81.962257 -174.522095 22.725258 60.000000 
81.807365 -174.638107 22.729752 76.000000 
81.803726 -174.621674 22.728979 73.000000 
81.628967 -174.752502 22.729471 55.000000 
81.802643 -174.602692 22.730034 75.000000 
81.617477 -174.743286 22.723276 78.000000 
81.794128 -174.591385 22.725769 75.000000 
81.620049 -174.719925 22.726509 100.000000 
81.790665 -174.574966 22.725117 57.000000 
81.621437 -174.697891 22.728945 99.000000 
81.617790 -174.681000 22.728004 96.000000 
81.436218 -174.811279 22.734114 51.000000 
81.603897 -174.674225 22.720217 88.000000 
81.433670 -174.792603 22.733694 69.000000 
81.589996 -174.667374 22.712437 86.000000 
81.427246 -174.777740 22.730852 92.000000 
81.591667 -174.645416 22.715054 67.000000 
81.427475 -174.756592 22.732172 87.000000 
81.417198 -174.745468 22.726931 90.000000 
81.227898 -174.876877 22.738646 52.000000 
81.414467 -174.726227 22.726467 81.000000 
81.211380 -174.869537 22.729902 74.000000 
81.414925 -174.705139 22.727934 93.000000 
81.199394 -174.859024 22.723770 121.000000 
81.202377 -174.834885 22.726379 119.000000 
81.201370 -174.814484 22.726667 119.000000 
81.202271 -174.793533 22.728024 117.000000 
80.979042 -174.946075 22.731472 61.000000 
81.187729 -174.785400 22.720432 117.000000 
80.984863 -174.919006 22.735193 122.000000 
80.976372 -174.903488 22.731169 125.000000 
80.966995 -174.889816 22.726646 125.000000 
80.956261 -174.877335 22.721392 123.000000 
80.726608 -175.027023 22.733978 101.000000 
80.956810 -174.855209 22.722281 125.000000 
80.715454 -175.013855 22.728592 122.000000 
80.960732 -174.831436 22.724976 109.000000 
80.704819 -175.001358 22.723463 126.000000 
80.708092 -174.976227 22.725397 124.000000 
80.714348 -174.948792 22.728851 125.000000 
80.700516 -174.937912 22.722157 125.000000 
80.691040 -174.923447 22.717676 126.000000 
84.259041 -173.880936 22.748716 74.000000 
84.249229 -173.877960 22.741177 86.000000 
84.240189 -173.873489 22.734798 83.000000 
84.237411 -173.857574 22.737732 83.000000 
84.233917 -173.843094 22.739546 90.000000 
84.146584 -173.928940 22.739820 56.000000 
84.228111 -173.832870 22.737900 90.000000 
84.141418 -173.917023 22.739107 68.000000 
84.220749 -173.825485 22.733940 91.000000 
84.139603 -173.899414 22.742971 73.000000 
84.211014 -173.822281 22.726480 107.000000 
84.134544 -173.887512 22.742334 65.000000 
84.210922 -173.802185 22.733124 77.000000 
84.123695 -173.885513 22.733744 68.000000 
84.037415 -173.964661 22.742104 58.000000 
84.117027 -173.876404 22.730867 73.000000 
84.030548 -173.955307 22.739073 76.000000 
84.110382 -173.867279 22.728014 65.000000 
84.023712 -173.945923 22.736069 89.000000 
84.112144 -173.846283 22.735912 78.000000 
84.016800 -173.938736 22.732380 87.000000 
84.106453 -173.835770 22.734276 52.000000 
84.012665 -173.925110 22.732765 89.000000 
83.920799 -174.006653 22.741152 54.000000 
84.012131 -173.905869 22.737658 84.000000 
83.914772 -173.995560 22.739145 78.000000 
84.004562 -173.897858 22.733644 87.000000 
83.908791 -173.984451 22.737167 81.000000 
83.997025 -173.889816 22.729650 87.000000 
83.908394 -173.964935 22.741745 81.000000 
83.988594 -173.883118 22.724550 63.000000 
83.902519 -173.953842 22.739840 83.000000 
83.892952 -173.948288 22.733593 81.000000 
83.803261 -174.020966 22.750601 82.000000 
83.885262 -173.939926 22.729548 72.000000 
83.793434 -174.015167 22.744331 88.000000 
83.882309 -173.924622 22.731005 79.000000 
83.784592 -174.007935 22.739136 78.000000 
83.881310 -173.906586 22.734705 52.000000 
83.776733 -173.999268 22.735016 78.000000 
83.669266 -174.093323 22.739616 63.000000 
83.770859 -173.987808 22.733051 81.000000 
83.659157 -174.087097 22.733322 100.000000 
83.770927 -173.968094 22.737522 81.000000 
83.654106 -174.073914 22.732195 96.000000 
83.763184 -173.959396 22.733488 87.000000 
83.650124 -174.059357 22.732138 92.000000 
83.753479 -173.953384 22.727329 54.000000 
83.650284 -174.039307 22.736263 92.000000 
83.640282 -174.032990 22.730064 92.000000 
83.530228 -174.123077 22.739681 66.000000 
83.635437 -174.019806 22.729078 85.000000 
83.531555 -174.101364 22.744478 87.000000 
83.628975 -174.009796 22.726246 96.000000 
83.524902 -174.091095 22.741497 86.000000 
83.516808 -174.081696 22.737324 92.000000 
83.393318 -174.183792 22.741741 57.000000 
83.507935 -174.071304 22.732759 89.000000 
83.387421 -174.168961 22.739933 70.000000 
83.504196 -174.056442 22.732683 83.000000 
83.375793 -174.163223 22.732738 94.000000 
83.505623 -174.037155 22.737114 89.000000 
83.370537 -174.151657 22.730865 94.000000 
83.366699 -174.136414 22.730556 91.000000 
83.242546 -174.225479 22.742529 52.000000 
83.369209 -174.112656 22.735968 94.000000 
83.242065 -174.205872 22.744822 67.000000 
83.361053 -174.102783 22.731817 94.000000 
83.239792 -174.189484 22.745487 74.000000 
83.355568 -174.090729 22.729868 88.000000 
83.231422 -174.179276 22.741241 72.000000 
83.220772 -174.171692 22.735117 74.000000 
83.217079 -174.156113 22.734724 74.000000 
83.079811 -174.261307 22.743587 68.000000 
83.211128 -174.143188 22.732462 72.000000 
83.067665 -174.254608 22.736517 77.000000 
83.211052 -174.123672 22.735018 66.000000 
83.060295 -174.242569 22.733133 85.000000 
83.058952 -174.223953 22.734383 85.000000 
83.057686 -174.205353 22.735680 83.000000 
82.904053 -174.323090 22.740744 73.000000 
83.049263 -174.194611 22.731478 80.000000 
82.905136 -174.301468 22.743462 77.000000 
83.040871 -174.183823 22.727299 51.000000 
82.898918 -174.287704 22.740910 85.000000 
82.894783 -174.270767 22.739958 76.000000 
82.883698 -174.262131 22.733913 76.000000 
82.717003 -174.385620 22.739267 77.000000 
82.872620 -174.253448 22.727884 75.000000 
82.709343 -174.372620 22.735710 92.000000 
82.871559 -174.234482 22.729038 57.000000 
82.700447 -174.360870 22.731325 92.000000 
82.693298 -174.348389 22.728043 83.000000 
82.696014 -174.325150 22.731455 78.000000 
82.517502 -174.453354 22.739056 59.000000 
82.689392 -174.310226 22.728678 78.000000 
82.506615 -174.441711 22.733549 77.000000 
82.683250 -174.295898 22.726152 71.000000 
82.500145 -174.426849 22.730761 84.000000 
82.506050 -174.401291 22.735662 81.000000 
82.304184 -174.546310 22.739525 50.000000 
82.503685 -174.382706 22.735447 84.000000 
82.292099 -174.535919 22.733395 103.000000 
82.496086 -174.369125 22.731956 83.000000 
82.298927 -174.507996 22.738335 114.000000 
82.487198 -174.356750 22.727669 50.000000 
82.293709 -174.491348 22.736231 116.000000 
82.288086 -174.474045 22.733944 108.000000 
82.278893 -174.461090 22.729536 105.000000 
82.063309 -174.608643 22.737152 106.000000 
82.275200 -174.443192 22.728344 111.000000 
82.053734 -174.595047 22.732573 122.000000 
82.270210 -174.426529 22.726397 53.000000 
82.051155 -174.575317 22.731813 125.000000 
82.044472 -174.559235 22.728827 122.000000 
82.051819 -174.531052 22.733488 123.000000 
81.796219 -174.704987 22.732279 101.000000 
82.041069 -174.518616 22.728304 123.000000 
81.799187 -174.679779 22.734119 122.000000 
82.038780 -174.498947 22.727736 122.000000 
81.795120 -174.660614 22.732407 127.000000 
81.786835 -174.645050 22.728563 129.000000 
81.782898 -174.625885 22.726936 126.000000 
81.776154 -174.609100 22.723900 126.000000 
81.772346 -174.589951 22.722361 124.000000 
85.333115 -173.546982 22.739798 58.000000 
85.332397 -173.526733 22.746124 74.000000 
85.326767 -173.516953 22.744595 94.000000 
85.317719 -173.512527 22.738243 104.000000 
85.309845 -173.504822 22.734026 101.000000 
85.302368 -173.497467 22.730028 101.000000 
85.228157 -173.560822 22.748621 67.000000 
85.300415 -173.480148 22.734236 97.000000 
85.220520 -173.553253 22.744549 73.000000 
85.300926 -173.458618 22.742012 97.000000 
85.205521 -173.558487 22.730251 79.000000 
85.290764 -173.457260 22.733604 97.000000 
85.204872 -173.539841 22.735519 86.000000 
85.119110 -173.619614 22.744001 50.000000 
85.286621 -173.444214 22.734415 56.000000 
85.199791 -173.527924 22.734928 89.000000 
85.112167 -173.610291 22.740969 71.000000 
85.193916 -173.517441 22.733221 89.000000 
85.104393 -173.602386 22.736851 76.000000 
85.188080 -173.506927 22.731544 89.000000 
85.102715 -173.584518 22.740540 87.000000 
85.178062 -173.503418 22.724144 71.000000 
85.095016 -173.576584 22.736475 87.000000 
85.001915 -173.661606 22.742746 59.000000 
85.175674 -173.487274 22.727119 53.000000 
85.089088 -173.565796 22.734665 87.000000 
85.001244 -173.642044 22.747232 78.000000 
85.081436 -173.557800 22.730642 92.000000 
84.991554 -173.636642 22.740932 83.000000 
85.077354 -173.544189 22.731129 95.000000 
84.980042 -173.634018 22.732464 79.000000 
85.074219 -173.529190 22.732779 74.000000 
84.979553 -173.614487 22.737072 88.000000 
85.069351 -173.516998 22.732214 54.000000 
84.975464 -173.600601 22.737370 79.000000 
84.875252 -173.691193 22.741955 88.000000 
84.971428 -173.586716 22.737703 74.000000 
84.867798 -173.680771 22.738628 88.000000 
84.967453 -173.572845 22.738077 83.000000 
84.865028 -173.665604 22.739988 75.000000 
84.956970 -173.568665 22.730797 61.000000 
84.860565 -173.650986 22.739914 81.000000 
84.855011 -173.639999 22.738157 75.000000 
84.749619 -173.731262 22.744413 84.000000 
84.844620 -173.635925 22.731092 78.000000 
84.742310 -173.723206 22.740633 95.000000 
84.837158 -173.627670 22.727240 78.000000 
84.734215 -173.714233 22.736452 96.000000 
84.833855 -173.611649 22.728363 72.000000 
84.728165 -173.702469 22.734364 92.000000 
84.832382 -173.595139 22.731007 57.000000 
84.721138 -173.692062 22.731266 89.000000 
84.621048 -173.770523 22.750067 60.000000 
84.715164 -173.680283 22.729237 89.000000 
84.605484 -173.770859 22.738825 74.000000 
84.712311 -173.664383 22.730362 96.000000 
84.597252 -173.761490 22.734612 83.000000 
84.711578 -173.645782 22.733620 53.000000 
84.596436 -173.742523 22.737471 83.000000 
84.596771 -173.722229 22.741392 79.000000 
84.466629 -173.834915 22.738985 70.000000 
84.592934 -173.707413 22.741323 81.000000 
84.456696 -173.826019 22.733517 94.000000 
84.584885 -173.698013 22.737238 81.000000 
84.457069 -173.805344 22.737072 88.000000 
84.574707 -173.691284 22.731142 52.000000 
84.455345 -173.787430 22.738728 82.000000 
84.444855 -173.780334 22.732582 85.000000 
84.327225 -173.863693 22.749357 66.000000 
84.432152 -173.775864 22.724485 79.000000 
84.313049 -173.860275 22.740351 69.000000 
84.435036 -173.752594 22.730188 91.000000 
84.304138 -173.849564 22.735874 67.000000 
84.429794 -173.738220 22.728840 54.000000 
84.302551 -173.831299 22.737337 72.000000 
84.299164 -173.816254 22.737152 74.000000 
84.153191 -173.933105 22.738857 57.000000 
84.295418 -173.800705 22.736799 72.000000 
84.146851 -173.919785 22.736351 74.000000 
84.283623 -173.794403 22.729790 77.000000 
84.150032 -173.895844 22.741222 76.000000 
84.139069 -173.887817 22.735119 76.000000 
84.132881 -173.874481 22.732719 73.000000 
83.990845 -173.981461 22.746126 64.000000 
84.124352 -173.863739 22.728506 73.000000 
83.985672 -173.966400 22.744419 72.000000 
84.118248 -173.850372 22.726168 71.000000 
83.976883 -173.955261 22.740089 81.000000 
83.968124 -173.944107 22.735785 73.000000 
83.963898 -173.927155 22.734856 76.000000 
83.795471 -174.054428 22.738756 67.000000 
83.965118 -173.905594 22.737757 75.000000 
83.783905 -174.045334 22.732628 96.000000 
83.958176 -173.893677 22.734659 66.000000 
83.781662 -174.027725 22.732727 99.000000 
83.780319 -174.008286 22.733509 86.000000 
83.773064 -173.992798 22.730474 99.000000 
83.597885 -174.119659 22.740032 59.000000 
83.768036 -173.977219 22.728769 89.000000 
83.596474 -174.099762 22.740499 83.000000 
83.755356 -173.969238 22.721920 72.000000 
83.589920 -174.084961 22.737722 77.000000 
83.583412 -174.070145 22.734982 81.000000 
83.573914 -174.060333 22.730228 84.000000 
83.387207 -174.192337 22.742935 62.000000 
83.576714 -174.036697 22.733355 83.000000 
83.371071 -174.185776 22.734478 116.000000 
83.365685 -174.169098 22.732355 122.000000 
83.364410 -174.148697 22.732649 118.000000 
83.367264 -174.124588 22.735376 115.000000 
83.364807 -174.105484 22.734983 117.000000 
83.143105 -174.260162 22.738503 118.000000 
83.347450 -174.099930 22.725861 64.000000 
83.141769 -174.239227 22.738503 127.000000 
83.137749 -174.220764 22.737038 125.000000 
83.128227 -174.207184 22.732574 125.000000 
83.120148 -174.192352 22.728903 124.000000 
82.890625 -174.345535 22.740871 106.000000 
83.116753 -174.171295 22.727886 122.000000 
82.876930 -174.332245 22.734367 125.000000 
82.865669 -174.319107 22.729074 126.000000 
82.864433 -174.297546 22.728895 125.000000 
82.866135 -174.273636 22.730225 125.000000 
82.857903 -174.258072 22.726503 126.000000 
82.845398 -174.246033 22.720625 50.000000 
86.418694 -173.184418 22.751867 51.000000 
86.411819 -173.175781 22.748951 81.000000 
86.401939 -173.172882 22.741423 83.000000 
86.396248 -173.163116 22.739902 83.000000 
86.390213 -173.152954 22.738207 83.000000 
86.388466 -173.133850 22.743338 83.000000 
86.300529 -173.223618 22.741407 70.000000 
86.379433 -173.129395 22.737040 83.000000 
86.297630 -173.207443 22.744116 68.000000 
86.372734 -173.120651 22.734261 90.000000 
86.295609 -173.189865 22.748009 73.000000 
86.363716 -173.116119 22.727985 94.000000 
86.287148 -173.183731 22.742840 79.000000 
86.276237 -173.181839 22.734261 75.000000 
86.194199 -173.256317 22.747219 64.000000 
86.356804 -173.087219 22.731953 64.000000 
86.268616 -173.174194 22.730257 75.000000 
86.185509 -173.249893 22.741999 76.000000 
86.267189 -173.157028 22.734491 73.000000 
86.178940 -173.240982 22.739216 89.000000 
86.264641 -173.140900 22.737431 73.000000 
86.169426 -173.235916 22.732912 84.000000 
86.166847 -173.219482 22.735546 87.000000 
86.077690 -173.299271 22.746201 69.000000 
86.166092 -173.200241 22.740465 87.000000 
86.069733 -173.291092 22.742056 78.000000 
86.154907 -173.197922 22.731991 87.000000 
86.065422 -173.277206 22.742271 86.000000 
86.148994 -173.187134 22.730253 84.000000 
86.061165 -173.263351 22.742527 79.000000 
86.053307 -173.255112 22.738459 79.000000 
85.955162 -173.343246 22.745211 63.000000 
86.135513 -173.168304 22.724611 52.000000 
86.045471 -173.246841 22.734409 79.000000 
85.953712 -173.324844 22.748432 82.000000 
86.037666 -173.238541 22.730381 74.000000 
85.945679 -173.316315 22.744291 88.000000 
86.035439 -173.221863 22.732954 70.000000 
85.936722 -173.309143 22.739111 81.000000 
85.930656 -173.297760 22.737135 75.000000 
85.823235 -173.394485 22.740860 63.000000 
85.928490 -173.280792 22.739454 75.000000 
85.817986 -173.381378 22.739729 90.000000 
85.924461 -173.266632 22.739685 81.000000 
85.804802 -173.379395 22.730379 89.000000 
85.914650 -173.260757 22.733528 84.000000 
85.802620 -173.362076 22.732405 89.000000 
85.803947 -173.341080 22.737791 89.000000 
85.796875 -173.330704 22.734724 96.000000 
85.682693 -173.429047 22.739429 69.000000 
85.788826 -173.321701 22.730642 96.000000 
85.683746 -173.407288 22.744240 75.000000 
85.779778 -173.314026 22.725538 85.000000 
85.678619 -173.393845 22.743078 81.000000 
85.780983 -173.292679 22.730902 58.000000 
85.670395 -173.384521 22.738924 73.000000 
85.550163 -173.485336 22.745489 63.000000 
85.662193 -173.375153 22.734793 77.000000 
85.547089 -173.468781 22.746080 82.000000 
85.659966 -173.357117 22.736555 79.000000 
85.531708 -173.466797 22.735777 89.000000 
85.656105 -173.342300 22.736544 77.000000 
85.524353 -173.455658 22.732525 82.000000 
85.522942 -173.438217 22.734406 82.000000 
85.403603 -173.525177 22.749573 50.000000 
85.523384 -173.417603 22.738091 82.000000 
85.396133 -173.513718 22.746231 69.000000 
85.515083 -173.407822 22.733959 82.000000 
85.395485 -173.494125 22.748596 77.000000 
85.506821 -173.397995 22.729853 67.000000 
85.385834 -173.485336 22.743425 72.000000 
85.497459 -173.389481 22.724779 52.000000 
85.377350 -173.475174 22.739223 74.000000 
85.243820 -173.579697 22.750366 56.000000 
85.366600 -173.467636 22.733139 74.000000 
85.231552 -173.573151 22.743301 77.000000 
85.367348 -173.446747 22.736620 74.000000 
85.223984 -173.561188 22.739914 83.000000 
85.365891 -173.428574 22.738245 54.000000 
85.212921 -173.553207 22.733801 85.000000 
85.359879 -173.415695 22.736080 51.000000 
85.211334 -173.534576 22.735065 83.000000 
85.067596 -173.645294 22.747023 56.000000 
85.211777 -173.512802 22.738018 83.000000 
85.063057 -173.628357 22.745968 79.000000 
85.203209 -173.502121 22.733841 85.000000 
85.052948 -173.618591 22.740746 81.000000 
85.194664 -173.491409 22.729687 54.000000 
85.058731 -173.591705 22.747084 81.000000 
85.049934 -173.580612 22.742821 81.000000 
84.875031 -173.716995 22.741724 59.000000 
85.040741 -173.568909 22.738371 81.000000 
84.879211 -173.690430 22.746454 100.000000 
85.029541 -173.560333 22.732372 81.000000 
84.865105 -173.684006 22.738659 99.000000 
85.024185 -173.547653 22.730391 52.000000 
84.855698 -173.674789 22.733881 92.000000 
84.849190 -173.660507 22.731260 89.000000 
84.847816 -173.641068 22.732117 92.000000 
84.671135 -173.771988 22.740332 74.000000 
84.847794 -173.620377 22.733883 83.000000 
84.661827 -173.759766 22.735889 87.000000 
84.837639 -173.609924 22.728792 55.000000 
84.669464 -173.730911 22.742182 83.000000 
84.668106 -173.711060 22.742773 76.000000 
84.464851 -173.860367 22.744976 50.000000 
84.660683 -173.695068 22.739676 76.000000 
84.459663 -173.841202 22.743151 109.000000 
84.654221 -173.680298 22.737045 65.000000 
84.458176 -173.820801 22.743401 117.000000 
84.453224 -173.804855 22.741550 115.000000 
84.441139 -173.794495 22.735556 115.000000 
84.433990 -173.778473 22.732540 115.000000 
84.229622 -173.919800 22.745773 112.000000 
84.431427 -173.759354 22.732172 111.000000 
84.215767 -173.910049 22.738972 124.000000 
84.207039 -173.897858 22.734911 125.000000 
84.205658 -173.876907 22.734982 125.000000 
84.212677 -173.848633 22.739670 124.000000 
83.963829 -174.022629 22.741117 66.000000 
84.204536 -173.833878 22.736042 124.000000 
83.958038 -174.004715 22.738663 122.000000 
84.193657 -173.821518 22.730921 51.000000 
83.956551 -173.983139 22.738419 126.000000 
83.949478 -173.966446 22.735331 127.000000 
83.943878 -173.948517 22.733007 128.000000 
83.931213 -173.936584 22.727085 128.000000 
83.925232 -173.917923 22.724619 113.000000 
87.500481 -172.815826 22.746489 52.000000 
87.495781 -172.802902 22.747074 71.000000 
87.488899 -172.794312 22.744211 83.000000 
87.485802 -172.778488 22.747192 86.000000 
87.479752 -172.768448 22.745554 86.000000 
87.469177 -172.766983 22.736927 86.000000 
87.393860 -172.835739 22.751741 64.000000 
87.461639 -172.759750 22.732985 83.000000 
87.385345 -172.829758 22.746561 68.000000 
87.460289 -172.741089 22.738453 86.000000 
87.379234 -172.819427 22.744816 78.000000 
87.458252 -172.723877 22.742800 90.000000 
87.369141 -172.816238 22.737387 73.000000 
87.363899 -172.804428 22.736830 75.000000 
87.284409 -172.876602 22.751480 58.000000 
87.362762 -172.785522 22.742041 75.000000 
87.270668 -172.878891 22.739622 76.000000 
87.356819 -172.775146 22.740412 75.000000 
87.268753 -172.861084 22.743359 84.000000 
87.349640 -172.767975 22.736700 65.000000 
87.263046 -172.850830 22.741762 81.000000 
87.258698 -172.837341 22.742231 81.000000 
87.168800 -172.920578 22.750029 69.000000 
87.249245 -172.832336 22.736006 84.000000 
87.167953 -172.901108 22.754620 78.000000 
87.241531 -172.824463 22.732038 84.000000 
87.154686 -172.901550 22.744022 74.000000 
87.239914 -172.806732 22.735975 69.000000 
87.148567 -172.890594 22.742147 76.000000 
87.140686 -172.882446 22.738113 74.000000 
87.047188 -172.965637 22.748594 76.000000 
87.138268 -172.865845 22.740675 79.000000 
87.042839 -172.951553 22.748703 77.000000 
87.137756 -172.846466 22.745480 72.000000 
87.033844 -172.944519 22.743538 75.000000 
87.129082 -172.839691 22.740437 59.000000 
87.029587 -172.930435 22.743711 75.000000 
87.026344 -172.914948 22.744991 72.000000 
86.914268 -173.020844 22.741711 74.000000 
87.019341 -172.905060 22.742037 78.000000 
86.910919 -173.005005 22.742697 95.000000 
87.011421 -172.896545 22.738033 75.000000 
86.906654 -172.990585 22.742693 92.000000 
87.000633 -172.892151 22.730831 58.000000 
86.903442 -172.974777 22.743763 102.000000 
86.899300 -172.960388 22.743839 91.000000 
86.793709 -173.050049 22.754938 57.000000 
86.891220 -172.951523 22.739784 88.000000 
86.785378 -173.040909 22.750761 74.000000 
86.885170 -172.939880 22.737841 85.000000 
86.770882 -173.040054 22.740559 75.000000 
86.883202 -172.922729 22.740110 55.000000 
86.766716 -173.025299 22.740448 75.000000 
86.762611 -173.010544 22.740376 75.000000 
86.643456 -173.112244 22.746273 82.000000 
86.765877 -172.986206 22.747440 79.000000 
86.631729 -173.106796 22.739115 111.000000 
86.757721 -172.976974 22.743399 69.000000 
86.631836 -173.086182 22.742729 85.000000 
86.746437 -172.971786 22.736322 60.000000 
86.629875 -173.068344 22.744440 88.000000 
86.623657 -173.055984 22.742266 79.000000 
86.505493 -173.143845 22.756538 66.000000 
86.615303 -173.046341 22.738155 82.000000 
86.498009 -173.132523 22.753260 65.000000 
86.604790 -173.039368 22.732092 79.000000 
86.487198 -173.125244 22.747158 74.000000 
86.474144 -173.120605 22.739166 74.000000 
86.474648 -173.099762 22.742632 72.000000 
86.337662 -173.210663 22.749308 68.000000 
86.474113 -173.080292 22.745197 77.000000 
86.328873 -173.200211 22.745029 74.000000 
86.464546 -173.071548 22.740150 72.000000 
86.324760 -173.184357 22.744452 76.000000 
86.323051 -173.165833 22.745760 73.000000 
86.316734 -173.152664 22.743423 71.000000 
86.171959 -173.267090 22.752544 60.000000 
86.308105 -173.142136 22.739265 73.000000 
86.169014 -173.249527 22.752666 72.000000 
86.298004 -173.135284 22.733690 61.000000 
86.161003 -173.239685 22.748816 78.000000 
86.154549 -173.226074 22.746344 78.000000 
86.142403 -173.216614 22.739912 83.000000 
85.988586 -173.333267 22.751816 77.000000 
86.140900 -173.197723 22.741081 81.000000 
85.975716 -173.325745 22.744894 100.000000 
86.141922 -173.176254 22.744093 58.000000 
85.969086 -173.311630 22.742273 86.000000 
86.131996 -173.166534 22.739071 51.000000 
85.966263 -173.293594 22.742266 81.000000 
85.968529 -173.270386 22.745747 83.000000 
85.784355 -173.411606 22.746914 56.000000 
85.964600 -173.253693 22.744976 75.000000 
85.777550 -173.396973 22.744146 77.000000 
85.946838 -173.251160 22.734730 66.000000 
85.784958 -173.368134 22.750490 77.000000 
85.935394 -173.242126 22.728819 56.000000 
85.778305 -173.353531 22.747814 81.000000 
85.766510 -173.344025 22.741859 77.000000 
85.583603 -173.477554 22.754442 57.000000 
85.759933 -173.329376 22.739248 81.000000 
85.575371 -173.463669 22.750784 112.000000 
85.758621 -173.309631 22.740002 55.000000 
85.567184 -173.449753 22.747160 117.000000 
85.560371 -173.434555 22.744362 111.000000 
85.554543 -173.420609 22.742033 111.000000 
85.349464 -173.566711 22.752834 50.000000 
85.555847 -173.397858 22.744087 111.000000 
85.338295 -173.554688 22.747564 121.000000 
85.546936 -173.382629 22.740179 52.000000 
85.334366 -173.533783 22.746426 124.000000 
85.338333 -173.507996 22.749586 125.000000 
85.331436 -173.492188 22.746716 125.000000 
85.321838 -173.478836 22.742357 125.000000 
85.095184 -173.635498 22.753216 121.000000 
85.310898 -173.466690 22.737263 121.000000 
85.087982 -173.619034 22.750137 123.000000 
85.308289 -173.447144 22.736797 101.000000 
85.078026 -173.604996 22.745644 124.000000 
85.069519 -173.589706 22.741911 125.000000 
85.068115 -173.568314 22.741859 127.000000 
85.065376 -173.548157 22.741127 126.000000 
85.058464 -173.531647 22.738249 117.000000 
88.584724 -172.411224 22.760309 58.000000 
88.571983 -172.414383 22.748165 74.000000 
88.562149 -172.411652 22.740664 86.000000 
88.551567 -172.410309 22.731997 80.000000 
88.549919 -172.391632 22.737370 83.000000 
88.472137 -172.466751 22.747377 51.000000 
88.546860 -172.375854 22.740454 80.000000 
88.464371 -172.459396 22.743317 67.000000 
88.539345 -172.368698 22.736534 80.000000 
88.458969 -172.447662 22.742699 68.000000 
88.534889 -172.355804 22.737343 83.000000 
88.457573 -172.428757 22.747829 78.000000 
88.526657 -172.350021 22.732288 55.000000 
88.449112 -172.422791 22.742704 73.000000 
88.360550 -172.512817 22.743576 52.000000 
88.439064 -172.419632 22.735296 70.000000 
88.357613 -172.496490 22.746161 71.000000 
88.431419 -172.412155 22.731344 79.000000 
88.349754 -172.488800 22.742098 83.000000 
88.428650 -172.396133 22.734327 70.000000 
88.342758 -172.479645 22.739172 89.000000 
88.337013 -172.469437 22.737591 81.000000 
88.253006 -172.544769 22.751753 56.000000 
88.334312 -172.453140 22.740328 84.000000 
88.247643 -172.532501 22.750908 78.000000 
88.327507 -172.441757 22.738216 87.000000 
88.235367 -172.529404 22.742060 81.000000 
88.321510 -172.431137 22.736530 87.000000 
88.232719 -172.512833 22.744549 79.000000 
88.315941 -172.420898 22.735065 52.000000 
88.230553 -172.496674 22.747284 74.000000 
88.222694 -172.488617 22.743282 72.000000 
88.121666 -172.584976 22.743464 89.000000 
88.213448 -172.483765 22.737297 69.000000 
88.123230 -172.562836 22.750185 72.000000 
88.203819 -172.478455 22.731125 63.000000 
88.111458 -172.560135 22.741840 78.000000 
88.101547 -172.554550 22.735636 81.000000 
88.008537 -172.634476 22.751925 62.000000 
88.095398 -172.543304 22.733723 75.000000 
87.995445 -172.632858 22.742588 100.000000 
88.092125 -172.527847 22.735060 72.000000 
87.987198 -172.624115 22.738434 89.000000 
88.092720 -172.506821 22.740740 68.000000 
87.980927 -172.612549 22.736378 89.000000 
87.974693 -172.600967 22.734350 85.000000 
87.976402 -172.578232 22.740700 85.000000 
87.859253 -172.685226 22.739199 74.000000 
87.970688 -172.567108 22.738953 75.000000 
87.861458 -172.662598 22.745302 79.000000 
87.965614 -172.554153 22.738081 63.000000 
87.862328 -172.640976 22.750250 79.000000 
87.853645 -172.631409 22.745937 79.000000 
87.728226 -172.743744 22.744394 51.000000 
87.847466 -172.619522 22.743885 81.000000 
87.730247 -172.720367 22.749931 95.000000 
87.835114 -172.615860 22.735756 75.000000 
87.720688 -172.712280 22.744753 88.000000 
87.835236 -172.595703 22.739868 66.000000 
87.716484 -172.697250 22.744505 85.000000 
87.703766 -172.693207 22.736420 85.000000 
87.699646 -172.678162 22.736233 82.000000 
87.578041 -172.772614 22.746449 67.000000 
87.704651 -172.652710 22.744200 82.000000 
87.571617 -172.759964 22.744125 77.000000 
87.694176 -172.645859 22.738163 62.000000 
87.570793 -172.740479 22.746601 72.000000 
87.564476 -172.727829 22.744350 72.000000 
87.427902 -172.841690 22.749792 53.000000 
87.555962 -172.717865 22.740217 72.000000 
87.431236 -172.815918 22.755402 68.000000 
87.545212 -172.710556 22.734188 74.000000 
87.420609 -172.808807 22.749529 71.000000 
87.408676 -172.800095 22.743038 66.000000 
87.398064 -172.792892 22.737198 69.000000 
87.398239 -172.771225 22.740231 69.000000 
87.256622 -172.883698 22.750414 64.000000 
87.397041 -172.753311 22.741877 61.000000 
87.245277 -172.875534 22.744343 67.000000 
87.243523 -172.856674 22.745430 67.000000 
87.240654 -172.839172 22.745674 76.000000 
87.234665 -172.826187 22.743481 76.000000 
87.072014 -172.954208 22.747482 100.000000 
87.228287 -172.812653 22.741112 69.000000 
87.072723 -172.932281 22.750017 86.000000 
87.062386 -172.922241 22.744860 81.000000 
87.053314 -172.910843 22.740587 78.000000 
87.046768 -172.896805 22.738073 81.000000 
86.889328 -173.013474 22.755302 74.000000 
87.042770 -172.880157 22.737326 71.000000 
86.873634 -173.008102 22.746801 77.000000 
86.865128 -172.994278 22.743067 75.000000 
86.862267 -172.975861 22.742903 77.000000 
86.868942 -172.949066 22.748829 81.000000 
86.660576 -173.108673 22.743979 109.000000 
86.855927 -172.940948 22.742094 60.000000 
86.661484 -173.085861 22.745890 108.000000 
86.663811 -173.061829 22.748655 115.000000 
86.659630 -173.044205 22.747494 115.000000 
86.646233 -173.035461 22.740780 117.000000 
86.447586 -173.177521 22.753487 121.000000 
86.642159 -173.017822 22.739693 61.000000 
86.441841 -173.160599 22.751295 124.000000 
86.426674 -173.152451 22.743807 123.000000 
86.418304 -173.137985 22.740156 122.000000 
86.423622 -173.111023 22.744200 123.000000 
86.191582 -173.275757 22.750511 62.000000 
86.416748 -173.095306 22.741402 123.000000 
86.181511 -173.261871 22.745968 121.000000 
86.422272 -173.068466 22.745565 56.000000 
86.177040 -173.243011 22.744370 124.000000 
86.174042 -173.222916 22.743547 125.000000 
86.165016 -173.207047 22.739628 125.000000 
86.156540 -173.191849 22.735966 125.000000 
86.153740 -173.171768 22.735277 63.000000 
89.644478 -172.032898 22.744595 73.000000 
89.635750 -172.029129 22.738443 71.000000 
89.628090 -172.022079 22.734436 90.000000 
89.621185 -172.013550 22.731619 83.000000 
89.615044 -172.003555 22.729996 86.000000 
89.539886 -172.074661 22.743177 58.000000 
89.607071 -171.996063 22.725851 83.000000 
89.530167 -172.069870 22.736643 61.000000 
89.604744 -171.978867 22.730175 90.000000 
89.519279 -172.068283 22.728027 65.000000 
89.600990 -171.964569 22.732187 97.000000 
89.514633 -172.055115 22.728590 68.000000 
89.596542 -171.951706 22.733057 62.000000 
89.513191 -172.036224 22.733791 78.000000 
89.424988 -172.126633 22.734402 50.000000 
89.507103 -172.025940 22.732134 71.000000 
89.420334 -172.113205 22.734779 66.000000 
89.578613 -171.942978 22.720646 51.000000 
89.497055 -172.022781 22.724733 73.000000 
89.414909 -172.101212 22.734074 80.000000 
89.488991 -172.017090 22.719845 79.000000 
89.406609 -172.095337 22.729115 92.000000 
89.484581 -172.003922 22.720572 52.000000 
89.403763 -172.079041 22.731838 87.000000 
89.394669 -172.074539 22.725794 81.000000 
89.309029 -172.152924 22.737411 69.000000 
89.390251 -172.061096 22.726334 92.000000 
89.302757 -172.142075 22.735512 69.000000 
89.387589 -172.044830 22.729174 84.000000 
89.294777 -172.134064 22.731447 72.000000 
89.292107 -172.117493 22.733997 79.000000 
89.289513 -172.100952 22.736593 74.000000 
89.184380 -172.204865 22.731102 96.000000 
89.281654 -172.092911 22.732616 81.000000 
89.185410 -172.182312 22.737654 67.000000 
89.273811 -172.084824 22.728661 70.000000 
89.182861 -172.165482 22.739990 67.000000 
89.172028 -172.161362 22.732723 72.000000 
89.067055 -172.260117 22.735086 62.000000 
89.165855 -172.150162 22.730835 72.000000 
89.061623 -172.247192 22.734026 100.000000 
89.160667 -172.137543 22.730055 67.000000 
89.058167 -172.231445 22.735079 82.000000 
89.152695 -172.129105 22.726070 65.000000 
89.047020 -172.226944 22.727835 85.000000 
89.040741 -172.215378 22.725821 85.000000 
89.038422 -172.198227 22.728027 85.000000 
88.934723 -172.287521 22.739450 66.000000 
89.038147 -172.178329 22.732382 85.000000 
88.922279 -172.284042 22.731234 70.000000 
89.030464 -172.169983 22.728579 51.000000 
88.920403 -172.267044 22.733377 66.000000 
88.920227 -172.246826 22.737396 70.000000 
88.910507 -172.238647 22.732096 75.000000 
88.791534 -172.342819 22.735941 88.000000 
88.903282 -172.228134 22.729057 86.000000 
88.785095 -172.330582 22.733707 85.000000 
88.890923 -172.224457 22.720928 69.000000 
88.778694 -172.318314 22.731504 82.000000 
88.772346 -172.306046 22.729334 79.000000 
88.656372 -172.393997 22.743954 55.000000 
88.761757 -172.299240 22.723232 85.000000 
88.645493 -172.386902 22.737812 65.000000 
88.761909 -172.278748 22.727072 82.000000 
88.632843 -172.382980 22.729984 67.000000 
88.755028 -172.268280 22.724205 55.000000 
88.633011 -172.362122 22.733442 69.000000 
88.631744 -172.342178 22.735794 66.000000 
88.491821 -172.460205 22.737812 53.000000 
88.619850 -172.336304 22.728785 69.000000 
88.482933 -172.449875 22.733528 77.000000 
88.612434 -172.324982 22.725643 61.000000 
88.482086 -172.430038 22.735748 78.000000 
88.475586 -172.416977 22.733385 73.000000 
88.464508 -172.409286 22.727333 71.000000 
88.329384 -172.516068 22.742033 54.000000 
88.458084 -172.396179 22.725027 76.000000 
88.321526 -172.503937 22.738613 69.000000 
88.451698 -172.383057 22.722752 51.000000 
88.313698 -172.491791 22.735224 81.000000 
88.302338 -172.483612 22.729174 76.000000 
88.300552 -172.464752 22.730331 81.000000 
88.298851 -172.445923 22.731539 83.000000 
88.129333 -172.582596 22.729982 100.000000 
88.290001 -172.435043 22.727379 51.000000 
88.129921 -172.560654 22.732546 86.000000 
88.131836 -172.537430 22.736034 81.000000 
88.121490 -172.527374 22.730909 72.000000 
87.954277 -172.655090 22.741055 51.000000 
88.114899 -172.513367 22.728416 72.000000 
87.951157 -172.636688 22.740803 74.000000 
88.097145 -172.511047 22.718117 57.000000 
87.944313 -172.622208 22.738106 66.000000 
87.934967 -172.610321 22.733776 73.000000 
87.929131 -172.597000 22.731573 68.000000 
87.749397 -172.731537 22.743790 50.000000 
87.924973 -172.579895 22.730648 68.000000 
87.739738 -172.719086 22.739344 109.000000 
87.726540 -172.707932 22.732891 114.000000 
87.723503 -172.689011 22.732502 115.000000 
87.724495 -172.666275 22.734570 116.000000 
87.720299 -172.648666 22.733479 116.000000 
87.504898 -172.808121 22.735519 118.000000 
87.710876 -172.636124 22.729208 51.000000 
87.507133 -172.783569 22.737928 121.000000 
87.501381 -172.766632 22.735800 121.000000 
87.491623 -172.753479 22.731409 121.000000 
87.487328 -172.735275 22.730127 119.000000 
87.260056 -172.897232 22.738119 111.000000 
87.473572 -172.725800 22.723488 61.000000 
87.251312 -172.882141 22.734324 123.000000 
87.243996 -172.865784 22.731295 124.000000 
87.240021 -172.847626 22.729994 124.000000 
87.234207 -172.830017 22.727781 125.000000 
87.227066 -172.813629 22.724871 123.000000 
90.712952 -171.623077 22.746786 68.000000 
90.702431 -171.621918 22.738111 78.000000 
90.690056 -171.623230 22.726885 90.000000 
90.684586 -171.611832 22.726442 97.000000 
90.608307 -171.686310 22.737114 51.000000 
90.681740 -171.596451 22.729765 94.000000 
90.600868 -171.679382 22.733259 67.000000 
90.677109 -171.583618 22.730574 97.000000 
90.592293 -171.673523 22.728071 68.000000 
90.668083 -171.579376 22.724314 97.000000 
90.587578 -171.660385 22.728651 78.000000 
90.664284 -171.565094 22.726368 71.000000 
90.584480 -171.644394 22.731573 75.000000 
90.656799 -171.557953 22.722521 57.000000 
90.576759 -171.637024 22.727610 75.000000 
90.491302 -171.723389 22.731155 64.000000 
90.567497 -171.632492 22.721350 82.000000 
90.487442 -171.708557 22.732702 76.000000 
90.561775 -171.622574 22.719934 82.000000 
90.480759 -171.699860 22.729990 81.000000 
90.555710 -171.612274 22.718351 52.000000 
90.471237 -171.695053 22.723717 81.000000 
90.390472 -171.766998 22.740734 50.000000 
90.466690 -171.681625 22.724234 84.000000 
90.383270 -171.757645 22.737726 69.000000 
90.462204 -171.668228 22.724789 81.000000 
90.378685 -171.743988 22.738035 72.000000 
90.457764 -171.654816 22.725380 92.000000 
90.367226 -171.741760 22.729582 76.000000 
90.452545 -171.642838 22.724873 59.000000 
90.366203 -171.722366 22.734358 74.000000 
90.361374 -171.708313 22.734571 70.000000 
90.258720 -171.809952 22.730829 64.000000 
90.355247 -171.697479 22.732811 79.000000 
90.253265 -171.797379 22.729923 65.000000 
90.345612 -171.692276 22.726643 70.000000 
90.250603 -171.780548 22.732271 67.000000 
90.333305 -171.691238 22.717152 55.000000 
90.247093 -171.765167 22.733593 72.000000 
90.140938 -171.867340 22.733385 65.000000 
90.236671 -171.761475 22.726532 87.000000 
90.135864 -171.854889 22.732546 90.000000 
90.228622 -171.753113 22.722519 90.000000 
90.128502 -171.844818 22.729445 85.000000 
90.222458 -171.741898 22.720690 66.000000 
90.119255 -171.837555 22.724277 96.000000 
90.116776 -171.820419 22.726465 96.000000 
90.018776 -171.903564 22.742817 50.000000 
90.108002 -171.813538 22.721550 99.000000 
90.007759 -171.899277 22.735802 79.000000 
90.109535 -171.790848 22.728027 99.000000 
89.999329 -171.890274 22.731636 79.000000 
90.103355 -171.779343 22.726131 56.000000 
89.995941 -171.874237 22.732584 92.000000 
89.995651 -171.854050 22.736637 83.000000 
89.873596 -171.964844 22.736181 81.000000 
89.988953 -171.841782 22.734407 95.000000 
89.864540 -171.954987 22.731745 100.000000 
89.980682 -171.832718 22.730362 95.000000 
89.863266 -171.935837 22.734455 79.000000 
89.968750 -171.829590 22.722431 51.000000 
89.859352 -171.921356 22.734459 88.000000 
89.846634 -171.917435 22.726357 85.000000 
89.731880 -172.004227 22.741343 58.000000 
89.837715 -171.907471 22.722033 94.000000 
89.719887 -171.998581 22.734241 65.000000 
89.837753 -171.886993 22.725906 85.000000 
89.711601 -171.989243 22.730236 72.000000 
89.828705 -171.879318 22.721054 57.000000 
89.708389 -171.972519 22.730852 77.000000 
89.707436 -171.953094 22.733438 72.000000 
89.568314 -172.071960 22.734961 68.000000 
89.697746 -171.944595 22.728354 77.000000 
89.563904 -172.056244 22.734390 74.000000 
89.689178 -171.934692 22.724257 58.000000 
89.561829 -172.037811 22.735718 66.000000 
89.550720 -172.030228 22.729645 66.000000 
89.546478 -172.014511 22.729189 69.000000 
89.413353 -172.120743 22.744112 60.000000 
89.535416 -172.006866 22.723162 69.000000 
89.401939 -172.112762 22.738024 69.000000 
89.389366 -172.106064 22.731054 83.000000 
89.380341 -172.095276 22.726797 83.000000 
89.380829 -172.073792 22.729788 85.000000 
89.223442 -172.199936 22.735729 82.000000 
89.383789 -172.049683 22.734646 76.000000 
89.212936 -172.190018 22.730511 92.000000 
89.209763 -172.172089 22.730516 75.000000 
89.211548 -172.148880 22.734045 78.000000 
89.204857 -172.134964 22.731539 81.000000 
89.037346 -172.265015 22.740095 73.000000 
89.190826 -172.128906 22.723829 70.000000 
89.035400 -172.245346 22.740707 75.000000 
89.026772 -172.231674 22.736979 77.000000 
89.026230 -172.210724 22.738522 68.000000 
89.014847 -172.202118 22.732782 75.000000 
88.834808 -172.338989 22.743309 107.000000 
89.003006 -172.192856 22.726849 58.000000 
88.822540 -172.329239 22.737282 106.000000 
88.806389 -172.323318 22.728868 111.000000 
88.798050 -172.309586 22.725290 115.000000 
88.808037 -172.277863 22.733027 117.000000 
88.602112 -172.431519 22.739182 107.000000 
88.798523 -172.265427 22.728731 68.000000 
88.596161 -172.414673 22.736992 121.000000 
88.593788 -172.393341 22.736929 117.000000 
88.586632 -172.377762 22.734058 119.000000 
88.577324 -172.365356 22.729900 117.000000 
88.363022 -172.519913 22.743425 58.000000 
88.564865 -172.354767 22.724003 107.000000 
88.354195 -172.504959 22.739618 120.000000 
88.339920 -172.495010 22.732908 122.000000 
88.329788 -172.481232 22.728428 125.000000 
88.325218 -172.462448 22.726931 125.000000 
88.326263 -172.438721 22.728437 123.000000 
91.740562 -171.225220 22.728699 68.000000 
91.731400 -171.221039 22.722399 74.000000 
91.721458 -171.216080 22.715712 90.000000 
91.716713 -171.203186 22.716520 104.000000 
91.713509 -171.187439 22.719738 104.000000 
91.632225 -171.270264 22.723333 64.000000 
91.702164 -171.187408 22.709942 107.000000 
91.629036 -171.254242 22.726276 77.000000 
91.697182 -171.176285 22.709848 101.000000 
91.621628 -171.247223 22.722527 73.000000 
91.694130 -171.160538 22.713169 91.000000 
91.612282 -171.242645 22.716284 73.000000 
91.691154 -171.144821 22.716536 85.000000 
91.602142 -171.239456 22.708889 86.000000 
91.526695 -171.307129 22.727459 58.000000 
91.687492 -171.130539 22.718750 50.000000 
91.598351 -171.224854 22.710798 92.000000 
91.512985 -171.309464 22.715569 62.000000 
91.595421 -171.208832 22.713915 102.000000 
91.506683 -171.298859 22.713839 76.000000 
91.593376 -171.191437 22.718245 70.000000 
91.497917 -171.292511 22.708736 84.000000 
91.500053 -171.267685 22.718403 87.000000 
91.408577 -171.356461 22.722055 69.000000 
91.490532 -171.262726 22.712225 92.000000 
91.402229 -171.345566 22.720230 78.000000 
91.482697 -171.254898 22.708334 92.000000 
91.401169 -171.326157 22.725061 72.000000 
91.477448 -171.242844 22.707890 72.000000 
91.391411 -171.320938 22.718882 76.000000 
91.472237 -171.230774 22.707478 54.000000 
91.381653 -171.315659 22.712713 81.000000 
91.290970 -171.397339 22.724531 89.000000 
91.375450 -171.304718 22.711000 81.000000 
91.282768 -171.388962 22.720484 82.000000 
91.373657 -171.288971 22.714157 79.000000 
91.277245 -171.378586 22.719015 78.000000 
91.267235 -171.372971 22.712852 78.000000 
91.171776 -171.458115 22.725740 62.000000 
91.264275 -171.355698 22.715158 84.000000 
91.155312 -171.460251 22.713068 95.000000 
91.261795 -171.338852 22.717712 84.000000 
91.146919 -171.451462 22.708969 96.000000 
91.253754 -171.330383 22.713793 87.000000 
91.145325 -171.432861 22.712244 99.000000 
91.140907 -171.418472 22.712414 99.000000 
91.141838 -171.397568 22.718096 103.000000 
91.027306 -171.502747 22.718151 69.000000 
91.125778 -171.399857 22.705671 110.000000 
91.025856 -171.483841 22.721176 75.000000 
91.127007 -171.376724 22.712097 72.000000 
91.017998 -171.472870 22.717918 71.000000 
91.119843 -171.366486 22.709236 51.000000 
91.011604 -171.460938 22.715916 79.000000 
90.898125 -171.559036 22.724972 87.000000 
91.007721 -171.446701 22.716196 83.000000 
90.883598 -171.558334 22.715090 94.000000 
90.999374 -171.437500 22.712200 95.000000 
90.877037 -171.546021 22.712925 82.000000 
90.868401 -171.536453 22.708805 88.000000 
90.868286 -171.515869 22.712671 94.000000 
90.746895 -171.611267 22.722633 69.000000 
90.866142 -171.498077 22.714600 94.000000 
90.741364 -171.597229 22.721336 74.000000 
90.857643 -171.488464 22.710577 82.000000 
90.739845 -171.577225 22.723717 77.000000 
90.845520 -171.482422 22.703375 54.000000 
90.730019 -171.568634 22.718645 72.000000 
90.724648 -171.554581 22.717457 82.000000 
90.589310 -171.667740 22.723255 62.000000 
90.713768 -171.547287 22.711462 88.000000 
90.579193 -171.658722 22.718119 68.000000 
90.570244 -171.648300 22.713936 73.000000 
90.561317 -171.637848 22.709776 78.000000 
90.559769 -171.619843 22.711466 78.000000 
90.423592 -171.728638 22.725340 68.000000 
90.560158 -171.598663 22.714872 67.000000 
90.410904 -171.721802 22.718405 72.000000 
90.408875 -171.702896 22.719593 73.000000 
90.406929 -171.684006 22.720831 78.000000 
90.400291 -171.670441 22.718498 85.000000 
90.236191 -171.802948 22.720621 94.000000 
90.390106 -171.660843 22.713478 65.000000 
90.232933 -171.784927 22.720673 75.000000 
90.226067 -171.770874 22.718164 86.000000 
90.211876 -171.764709 22.710463 99.000000 
90.060013 -171.877823 22.731205 54.000000 
90.206322 -171.749298 22.708883 94.000000 
90.045410 -171.871201 22.723536 77.000000 
90.202057 -171.732590 22.708220 55.000000 
90.035851 -171.859268 22.719217 84.000000 
90.025536 -171.849197 22.714304 77.000000 
90.024933 -171.828110 22.715912 87.000000 
89.845665 -171.963898 22.728544 59.000000 
90.024414 -171.807053 22.717573 81.000000 
89.828072 -171.959167 22.719349 109.000000 
89.823463 -171.941452 22.718182 114.000000 
89.823662 -171.917969 22.720060 111.000000 
89.816582 -171.902832 22.717377 117.000000 
89.610123 -172.056656 22.724878 104.000000 
89.804314 -171.892776 22.711502 114.000000 
89.608047 -172.035812 22.725027 121.000000 
89.602043 -172.018829 22.722923 123.000000 
89.590721 -172.006882 22.717779 123.000000 
89.582123 -171.992386 22.714207 122.000000 
89.578979 -171.972824 22.713764 121.000000 
89.350952 -172.137604 22.721548 122.000000 
89.337883 -172.126175 22.715609 123.000000 
89.338646 -172.102234 22.717051 125.000000 
89.336731 -172.080826 22.717077 124.000000 
89.326576 -172.066849 22.712721 125.000000 
89.312286 -172.056534 22.706175 53.000000 
92.786415 -170.828430 22.728796 73.000000 
92.780807 -170.817001 22.728369 86.000000 
92.777435 -170.801254 22.731510 86.000000 
92.769005 -170.795593 22.726431 90.000000 
92.685791 -170.883347 22.727039 53.000000 
92.761314 -170.788452 22.722548 101.000000 
92.683998 -170.864410 22.732225 67.000000 
92.752159 -170.784134 22.716311 104.000000 
92.676888 -170.855591 22.729406 68.000000 
92.748985 -170.768387 22.719587 104.000000 
92.670586 -170.845322 22.727764 68.000000 
92.745514 -170.754440 22.721909 107.000000 
92.663147 -170.838272 22.724033 73.000000 
92.740211 -170.742981 22.721695 71.000000 
92.655334 -170.830826 22.720123 73.000000 
92.572845 -170.911697 22.728661 66.000000 
92.653488 -170.811600 22.725327 83.000000 
92.563606 -170.905060 22.723330 76.000000 
92.644157 -170.806961 22.719147 89.000000 
92.558083 -170.893036 22.722731 89.000000 
92.634422 -170.804077 22.712002 86.000000 
92.555489 -170.877121 22.725754 92.000000 
92.628311 -170.793701 22.710508 52.000000 
92.544235 -170.875046 22.717293 89.000000 
92.459694 -170.952805 22.730228 74.000000 
92.539673 -170.861588 22.717916 92.000000 
92.455894 -170.937637 22.731707 78.000000 
92.530106 -170.856598 22.711750 98.000000 
92.444321 -170.935303 22.723303 76.000000 
92.525627 -170.843109 22.712437 78.000000 
92.437988 -170.924393 22.721531 81.000000 
92.344078 -171.012375 22.729506 50.000000 
92.528877 -170.817017 22.723442 57.000000 
92.431686 -170.913483 22.719788 81.000000 
92.343048 -170.992645 22.733999 82.000000 
92.425438 -170.902542 22.718073 86.000000 
92.333893 -170.985718 22.728886 82.000000 
92.428123 -170.877563 22.727507 83.000000 
92.323822 -170.980179 22.722712 75.000000 
92.412148 -170.882034 22.713617 56.000000 
92.319305 -170.966110 22.723021 81.000000 
92.218437 -171.060074 22.729797 62.000000 
92.316696 -170.949265 22.725529 81.000000 
92.204262 -171.059830 22.719427 95.000000 
92.310432 -170.938034 22.723751 87.000000 
92.199661 -171.045441 22.719517 96.000000 
92.302338 -170.929565 22.719835 96.000000 
92.198006 -171.026825 22.722792 99.000000 
92.292786 -170.924286 22.713957 64.000000 
92.192986 -171.014297 22.722115 112.000000 
92.083824 -171.113220 22.727928 57.000000 
92.184669 -171.005493 22.718113 106.000000 
92.083237 -171.092911 22.731920 74.000000 
92.176796 -170.997116 22.714329 110.000000 
92.071106 -171.089859 22.723955 83.000000 
92.176384 -170.977173 22.718826 73.000000 
92.065613 -171.076538 22.722931 89.000000 
92.058723 -171.064148 22.720718 95.000000 
91.950645 -171.155716 22.735106 81.000000 
92.056381 -171.046661 22.722839 101.000000 
91.931480 -171.160141 22.721083 100.000000 
92.056580 -171.026917 22.727259 104.000000 
91.924240 -171.149689 22.718132 94.000000 
92.046181 -171.020493 22.721245 75.000000 
91.921860 -171.131836 22.719959 88.000000 
92.037437 -171.010803 22.717112 54.000000 
91.923370 -171.108032 22.725605 88.000000 
91.796936 -171.210724 22.730892 61.000000 
91.914795 -171.098465 22.721563 98.000000 
91.795708 -171.191193 22.733429 60.000000 
91.903038 -171.092972 22.714550 101.000000 
91.787994 -171.179916 22.730255 72.000000 
91.893425 -171.084686 22.709547 60.000000 
91.778107 -171.171341 22.725182 77.000000 
91.767143 -171.164078 22.719164 86.000000 
91.638062 -171.271454 22.730402 57.000000 
91.767273 -171.143219 22.722832 92.000000 
91.624031 -171.266006 22.722273 74.000000 
91.760818 -171.130508 22.720741 72.000000 
91.615448 -171.256104 22.718290 80.000000 
91.613304 -171.237549 22.719719 83.000000 
91.615120 -171.215500 22.724203 88.000000 
91.467209 -171.337738 22.729094 73.000000 
91.606499 -171.202667 22.720644 92.000000 
91.459869 -171.323654 22.726431 72.000000 
91.592316 -171.199387 22.712097 50.000000 
91.457764 -171.304718 22.727612 75.000000 
91.453819 -171.289032 22.727247 76.000000 
91.286751 -171.426620 22.727530 55.000000 
91.444725 -171.278137 22.723103 81.000000 
91.277260 -171.415237 22.723206 100.000000 
91.436859 -171.265869 22.719889 68.000000 
91.273895 -171.397171 22.723238 92.000000 
91.262047 -171.388397 22.717245 100.000000 
91.254646 -171.373718 22.714537 92.000000 
91.104713 -171.486633 22.736916 54.000000 
91.252693 -171.354340 22.715561 96.000000 
91.081268 -171.489258 22.723429 72.000000 
91.251274 -171.335556 22.716843 56.000000 
91.073341 -171.476563 22.720142 84.000000 
91.071289 -171.456711 22.720846 84.000000 
91.074371 -171.431671 22.724947 95.000000 
90.887283 -171.575317 22.733021 59.000000 
91.069954 -171.414505 22.724081 96.000000 
90.867035 -171.573196 22.722235 109.000000 
90.870903 -171.545746 22.726433 116.000000 
90.866287 -171.528015 22.725307 119.000000 
90.847374 -171.524414 22.715384 121.000000 
90.664948 -171.655823 22.737661 107.000000 
90.845459 -171.504074 22.715937 108.000000 
90.646820 -171.650360 22.728634 121.000000 
90.635353 -171.638428 22.723450 124.000000 
90.623924 -171.626450 22.718292 124.000000 
90.622429 -171.606232 22.718769 126.000000 
90.403847 -171.765549 22.732367 107.000000 
90.628601 -171.577805 22.723707 121.000000 
90.392029 -171.752914 22.727123 121.000000 
90.375595 -171.743301 22.719490 125.000000 
90.384483 -171.711777 22.725306 126.000000 
90.373672 -171.697113 22.720686 126.000000 
90.360641 -171.685577 22.714848 119.000000 
93.856216 -170.416870 22.734047 56.000000 
93.849106 -170.408432 22.731281 78.000000 
93.840591 -170.402863 22.726181 83.000000 
93.839287 -170.382813 22.732912 90.000000 
93.830833 -170.377213 22.727859 97.000000 
93.823120 -170.370132 22.724009 97.000000 
93.747215 -170.445114 22.734497 64.000000 
93.814308 -170.364105 22.718794 101.000000 
93.738159 -170.438889 22.729208 68.000000 
93.810326 -170.349838 22.720934 111.000000 
93.730270 -170.431549 22.725288 65.000000 
93.811623 -170.327759 22.730654 88.000000 
93.720100 -170.430664 22.717138 65.000000 
93.642326 -170.505112 22.731300 52.000000 
93.804054 -170.320633 22.726908 80.000000 
93.716888 -170.414673 22.720215 78.000000 
93.633446 -170.498947 22.726177 66.000000 
93.715324 -170.395844 22.725670 75.000000 
93.624580 -170.492737 22.721069 76.000000 
93.707558 -170.388443 22.721844 86.000000 
93.620605 -170.477890 22.722767 84.000000 
93.699814 -170.380997 22.718039 75.000000 
93.617531 -170.461639 22.725643 89.000000 
93.527168 -170.551620 22.729433 56.000000 
93.689697 -170.377762 22.710737 59.000000 
93.609573 -170.453949 22.721745 87.000000 
93.519814 -170.542252 22.726513 78.000000 
93.601639 -170.446228 22.717865 95.000000 
93.516777 -170.525696 22.729136 83.000000 
93.595398 -170.435654 22.716288 92.000000 
93.513817 -170.509171 22.731806 86.000000 
93.590866 -170.422241 22.717026 84.000000 
93.505730 -170.501190 22.727873 81.000000 
93.409119 -170.595444 22.731001 56.000000 
93.588928 -170.404617 22.721239 57.000000 
93.490692 -170.504517 22.715075 76.000000 
93.404381 -170.581467 22.731258 76.000000 
93.489624 -170.485153 22.720066 81.000000 
93.396088 -170.573181 22.727245 72.000000 
93.492180 -170.460205 22.729574 88.000000 
93.386909 -170.566269 22.722174 72.000000 
93.476257 -170.464783 22.715691 55.000000 
93.381401 -170.553680 22.721445 78.000000 
93.276535 -170.655396 22.722673 66.000000 
93.380531 -170.534042 22.726170 81.000000 
93.268028 -170.646713 22.718590 90.000000 
93.372780 -170.526093 22.722458 84.000000 
93.267570 -170.627151 22.723125 92.000000 
93.364639 -170.517700 22.718569 90.000000 
93.263924 -170.611420 22.724358 89.000000 
93.351860 -170.516235 22.709248 58.000000 
93.256500 -170.601318 22.721418 92.000000 
93.149094 -170.699539 22.727879 60.000000 
93.248146 -170.592575 22.717447 92.000000 
93.145424 -170.683472 22.728874 74.000000 
93.237457 -170.586166 22.711185 96.000000 
93.138397 -170.671188 22.726646 79.000000 
93.233040 -170.571808 22.711496 82.000000 
93.128853 -170.663528 22.721582 83.000000 
93.237892 -170.545441 22.721605 52.000000 
93.120743 -170.654877 22.717762 86.000000 
93.014366 -170.745789 22.732859 87.000000 
93.118294 -170.637436 22.719931 86.000000 
92.993172 -170.753113 22.716854 105.000000 
93.119980 -170.614487 22.726267 89.000000 
92.988541 -170.738068 22.716705 94.000000 
93.109558 -170.608124 22.720282 71.000000 
92.986069 -170.720245 22.718588 94.000000 
93.101181 -170.598969 22.716379 51.000000 
92.985779 -170.699692 22.722511 94.000000 
92.862244 -170.800476 22.729416 69.000000 
92.979256 -170.687439 22.720497 85.000000 
92.858292 -170.783234 22.729879 77.000000 
92.970222 -170.677444 22.716312 94.000000 
92.849426 -170.773376 22.725777 88.000000 
92.956329 -170.674713 22.707336 51.000000 
92.841019 -170.763992 22.721899 86.000000 
92.834396 -170.751343 22.719778 92.000000 
92.701248 -170.864532 22.726618 68.000000 
92.830009 -170.735962 22.719629 92.000000 
92.691017 -170.855591 22.721514 77.000000 
92.827904 -170.717880 22.721462 75.000000 
92.678551 -170.849319 22.714560 80.000000 
92.682648 -170.822128 22.721449 83.000000 
92.678215 -170.806366 22.721117 83.000000 
92.532776 -170.928711 22.726704 77.000000 
92.673157 -170.792450 22.720085 88.000000 
92.526291 -170.915741 22.724508 78.000000 
92.524071 -170.896851 22.725744 81.000000 
92.519585 -170.880676 22.725222 83.000000 
92.508080 -170.872513 22.719301 81.000000 
92.353607 -170.997299 22.727680 100.000000 
92.501320 -170.858978 22.717033 85.000000 
92.342918 -170.987335 22.722570 89.000000 
92.499367 -170.840118 22.718439 52.000000 
92.329819 -170.979980 22.715742 99.000000 
92.319168 -170.969910 22.710676 100.000000 
92.173279 -171.079285 22.735008 51.000000 
92.323204 -170.943954 22.716125 100.000000 
92.152359 -171.079407 22.723200 77.000000 
92.320000 -170.925964 22.716385 96.000000 
92.142639 -171.067505 22.718910 87.000000 
92.310715 -170.914551 22.712299 52.000000 
92.145500 -171.042450 22.723030 93.000000 
92.143433 -171.022690 22.723856 90.000000 
91.948936 -171.177322 22.725975 54.000000 
92.138931 -171.005569 22.723047 100.000000 
91.938942 -171.164856 22.721607 112.000000 
92.126892 -170.996246 22.717220 69.000000 
91.943169 -171.138046 22.726105 117.000000 
91.937164 -171.121674 22.724230 115.000000 
91.923439 -171.113052 22.717558 121.000000 
91.732872 -171.254745 22.733778 102.000000 
91.916229 -171.097916 22.714945 123.000000 
91.718697 -171.245544 22.727077 121.000000 
91.911674 -171.080231 22.713989 52.000000 
91.705849 -171.234985 22.721165 126.000000 
91.699684 -171.217987 22.719133 125.000000 
91.693581 -171.200974 22.717142 126.000000 
91.696915 -171.175095 22.720613 126.000000 
91.459679 -171.352310 22.722513 121.000000 
91.686928 -171.161896 22.716389 105.000000 
91.449188 -171.338440 22.718077 122.000000 
91.452423 -171.311935 22.721035 124.000000 
91.446159 -171.294281 22.718895 125.000000 
91.434456 -171.281616 22.713837 126.000000 
91.418633 -171.272629 22.706583 116.000000 
94.926933 -169.977386 22.745613 63.000000 
94.919167 -169.970520 22.741718 78.000000 
94.905792 -169.975220 22.728371 90.000000 
94.900856 -169.962479 22.729237 94.000000 
94.900253 -169.941086 22.737268 104.000000 
94.816597 -170.033997 22.733150 64.000000 
94.891533 -169.937347 22.731268 101.000000 
94.812790 -170.019897 22.735189 70.000000 
94.885315 -169.927490 22.729856 101.000000 
94.810913 -170.001114 22.740549 68.000000 
94.878754 -169.917267 22.728283 104.000000 
94.800415 -169.997864 22.732996 73.000000 
94.872620 -169.907379 22.726927 77.000000 
94.795631 -169.984863 22.733789 73.000000 
94.715034 -170.066772 22.741186 58.000000 
94.870216 -169.892502 22.730770 71.000000 
94.784782 -169.985489 22.724504 71.000000 
94.706223 -170.062927 22.735369 86.000000 
94.781609 -169.969604 22.727686 86.000000 
94.696602 -170.058289 22.729164 81.000000 
94.780060 -169.950897 22.733253 75.000000 
94.688599 -170.050735 22.725243 81.000000 
94.770798 -169.946426 22.727146 65.000000 
94.685463 -170.034561 22.728172 84.000000 
94.602715 -170.113449 22.740042 64.000000 
94.761543 -169.941910 22.721048 64.000000 
94.682404 -170.018402 22.731148 81.000000 
94.595406 -170.104202 22.737171 78.000000 
94.674515 -170.010803 22.727312 87.000000 
94.588966 -170.093506 22.735435 86.000000 
94.669151 -169.996750 22.727695 92.000000 
94.586868 -170.073441 22.740000 79.000000 
94.658836 -169.993347 22.720465 69.000000 
94.580536 -170.062744 22.738337 81.000000 
94.481514 -170.163116 22.736080 69.000000 
94.654289 -169.982208 22.720516 53.000000 
94.569878 -170.061340 22.730398 74.000000 
94.478493 -170.148621 22.737875 82.000000 
94.563599 -170.050583 22.728777 81.000000 
94.468445 -170.143311 22.731739 81.000000 
94.555214 -170.042252 22.724754 72.000000 
94.459785 -170.134689 22.727585 75.000000 
94.363617 -170.225800 22.736477 55.000000 
94.556885 -170.018829 22.733282 61.000000 
94.451561 -170.126450 22.723650 78.000000 
94.361656 -170.207321 22.739769 90.000000 
94.448807 -170.109726 22.726265 81.000000 
94.347618 -170.207352 22.729437 96.000000 
94.447952 -170.090195 22.731108 90.000000 
94.340126 -170.197388 22.726479 99.000000 
94.438835 -170.085571 22.725464 81.000000 
94.341064 -170.176956 22.732393 97.000000 
94.432594 -170.074478 22.723824 66.000000 
94.339363 -170.158539 22.735853 91.000000 
94.226425 -170.267151 22.733866 69.000000 
94.333527 -170.145340 22.734926 82.000000 
94.222305 -170.250763 22.734724 75.000000 
94.319519 -170.145142 22.724665 92.000000 
94.220650 -170.232025 22.737883 77.000000 
94.313194 -170.133713 22.722918 62.000000 
94.214134 -170.220322 22.735950 75.000000 
94.092979 -170.334518 22.733974 57.000000 
94.199707 -170.219772 22.725807 73.000000 
94.094406 -170.311203 22.739790 88.000000 
94.196808 -170.201981 22.727852 71.000000 
94.086281 -170.300095 22.736513 89.000000 
94.198441 -170.179138 22.734282 79.000000 
94.077583 -170.290802 22.732470 73.000000 
94.190506 -170.170624 22.730602 61.000000 
94.067284 -170.284729 22.726650 73.000000 
93.952454 -170.376785 22.739521 55.000000 
94.063828 -170.268448 22.727654 76.000000 
93.939278 -170.372681 22.731546 65.000000 
94.061493 -170.250793 22.729706 76.000000 
93.938957 -170.351883 22.735178 74.000000 
94.052933 -170.241425 22.725769 76.000000 
93.934860 -170.337143 22.735191 74.000000 
94.039566 -170.239334 22.717016 58.000000 
93.926064 -170.327423 22.731161 72.000000 
93.794495 -170.441711 22.736895 59.000000 
93.917297 -170.317657 22.727156 72.000000 
93.794281 -170.420578 22.740213 77.000000 
93.909637 -170.306503 22.724148 77.000000 
93.781906 -170.414581 22.733294 76.000000 
93.903336 -170.291626 22.722727 57.000000 
93.771988 -170.403397 22.728792 73.000000 
93.760750 -170.395905 22.722847 78.000000 
93.631653 -170.501740 22.739344 56.000000 
93.765327 -170.369400 22.730108 76.000000 
93.618927 -170.495239 22.732458 75.000000 
93.756432 -170.359177 22.726112 73.000000 
93.609680 -170.484619 22.728300 78.000000 
93.743904 -170.355347 22.718752 51.000000 
93.606026 -170.469604 22.728209 81.000000 
93.606178 -170.448166 22.731382 87.000000 
93.441528 -170.587769 22.729767 67.000000 
93.603638 -170.428909 22.732586 90.000000 
93.435127 -170.572037 22.727936 89.000000 
93.587524 -170.426254 22.723089 78.000000 
93.437653 -170.547455 22.732468 86.000000 
93.581284 -170.413391 22.721111 51.000000 
93.427521 -170.538193 22.727644 89.000000 
93.421768 -170.523010 22.726145 86.000000 
93.263794 -170.647934 22.739447 63.000000 
93.410019 -170.514465 22.720287 99.000000 
93.251648 -170.638962 22.733519 74.000000 
93.405571 -170.497925 22.719734 83.000000 
93.241989 -170.627274 22.729290 73.000000 
93.238586 -170.608963 22.729307 77.000000 
93.232758 -170.593292 22.727678 75.000000 
93.049919 -170.738541 22.734705 101.000000 
93.235756 -170.568451 22.732016 75.000000 
93.041252 -170.724976 22.731207 107.000000 
93.225044 -170.558029 22.727085 55.000000 
93.033913 -170.710068 22.728548 108.000000 
93.033829 -170.686722 22.730574 117.000000 
93.027893 -170.670532 22.728811 119.000000 
92.827141 -170.825058 22.736135 109.000000 
93.018150 -170.658203 22.724649 120.000000 
92.822212 -170.806992 22.734879 121.000000 
93.009727 -170.644547 22.721333 58.000000 
92.817352 -170.788925 22.733665 122.000000 
92.807266 -170.776001 22.729395 124.000000 
92.797218 -170.763046 22.725153 125.000000 
92.576881 -170.928284 22.733736 54.000000 
92.793861 -170.743683 22.724840 126.000000 
92.566399 -170.914673 22.729330 121.000000 
92.798584 -170.716736 22.729259 101.000000 
92.557312 -170.899765 22.725698 126.000000 
92.552345 -170.881027 22.724325 125.000000 
92.548820 -170.861023 22.723740 126.000000 
92.542633 -170.843552 22.721714 130.000000 
92.533760 -170.828583 22.718239 117.000000 
95.977142 -169.540665 22.745960 73.000000 
95.965614 -169.542923 22.735180 81.000000 
95.954346 -169.543304 22.725380 86.000000 
95.952881 -169.523361 22.732218 94.000000 
95.950806 -169.504913 22.737925 101.000000 
95.867004 -169.599564 22.732264 70.000000 
95.943138 -169.498001 22.734138 88.000000 
95.862762 -169.585144 22.734142 73.000000 
95.936203 -169.489639 22.731567 97.000000 
95.860085 -169.567841 22.738388 78.000000 
95.929298 -169.481247 22.729017 91.000000 
95.853737 -169.557800 22.736862 75.000000 
95.924591 -169.468552 22.730093 82.000000 
95.844406 -169.553482 22.730698 79.000000 
95.762680 -169.638626 22.735565 71.000000 
95.921410 -169.453033 22.733610 71.000000 
95.835831 -169.547699 22.725710 73.000000 
95.756210 -169.628281 22.733898 80.000000 
95.909470 -169.454529 22.722710 51.000000 
95.831863 -169.533279 22.727766 82.000000 
95.748978 -169.619370 22.731125 87.000000 
95.827179 -169.520325 22.728689 53.000000 
95.742577 -169.608994 22.729513 84.000000 
95.663795 -169.682617 22.745596 56.000000 
95.824112 -169.504517 22.732002 54.000000 
95.737816 -169.595749 22.730213 78.000000 
95.654793 -169.676361 22.740528 78.000000 
95.736351 -169.576782 22.735527 89.000000 
95.644958 -169.671478 22.734365 74.000000 
95.726036 -169.573532 22.728287 76.000000 
95.638496 -169.660828 22.732658 69.000000 
95.718956 -169.566727 22.724878 61.000000 
95.636261 -169.645218 22.735819 70.000000 
95.539749 -169.743454 22.735674 50.000000 
95.714386 -169.553467 22.725708 62.000000 
95.631592 -169.631699 22.736406 70.000000 
95.536667 -169.726746 22.738144 70.000000 
95.623566 -169.623871 22.732561 74.000000 
95.531898 -169.712921 22.738499 77.000000 
95.613838 -169.618866 22.726496 70.000000 
95.522751 -169.706253 22.733469 78.000000 
95.608894 -169.604919 22.726984 62.000000 
95.514091 -169.697708 22.729347 84.000000 
95.426819 -169.776276 22.747219 76.000000 
95.603539 -169.592804 22.726576 53.000000 
95.505875 -169.689529 22.725441 84.000000 
95.413765 -169.775024 22.737951 106.000000 
95.503082 -169.672852 22.728104 90.000000 
95.402542 -169.770859 22.730791 92.000000 
95.498550 -169.659012 22.728626 81.000000 
95.393173 -169.763779 22.725752 89.000000 
95.494087 -169.645187 22.729185 66.000000 
95.389458 -169.748184 22.727085 92.000000 
95.289696 -169.839142 22.738489 66.000000 
95.391464 -169.724167 22.734829 85.000000 
95.278160 -169.834595 22.731369 83.000000 
95.384529 -169.714676 22.732201 96.000000 
95.278755 -169.813492 22.736776 73.000000 
95.374359 -169.708939 22.726208 62.000000 
95.278038 -169.793396 22.741014 75.000000 
95.363777 -169.702713 22.720034 58.000000 
95.269127 -169.784119 22.736864 69.000000 
95.152718 -169.893127 22.738329 93.000000 
95.262642 -169.772476 22.734999 70.000000 
95.148003 -169.878311 22.738239 94.000000 
95.253639 -169.765427 22.730255 83.000000 
95.139709 -169.869583 22.734398 82.000000 
95.244225 -169.757904 22.725332 61.000000 
95.130997 -169.860352 22.730379 79.000000 
95.243431 -169.737442 22.729591 54.000000 
95.119820 -169.853409 22.724178 82.000000 
95.008698 -169.941757 22.739565 72.000000 
95.117355 -169.835770 22.726225 82.000000 
94.990677 -169.945175 22.726982 77.000000 
95.119553 -169.813110 22.732542 82.000000 
94.992409 -169.921631 22.732592 83.000000 
95.104744 -169.812073 22.722593 62.000000 
94.991669 -169.900436 22.736126 78.000000 
94.858925 -170.018356 22.739550 56.000000 
95.098907 -169.798141 22.721540 51.000000 
94.982880 -169.890778 22.732132 81.000000 
94.850899 -170.006943 22.736338 80.000000 
94.976265 -169.878357 22.730112 83.000000 
94.849533 -169.987244 22.738779 78.000000 
94.965363 -169.871384 22.724215 67.000000 
94.840492 -169.977188 22.734699 76.000000 
94.833710 -169.964371 22.732527 80.000000 
94.700012 -170.077911 22.743885 54.000000 
94.824730 -169.954254 22.728500 76.000000 
94.688431 -170.070190 22.737909 75.000000 
94.820267 -169.938675 22.728277 76.000000 
94.679153 -170.059677 22.733763 78.000000 
94.815865 -169.923111 22.728096 57.000000 
94.669907 -170.049118 22.729643 83.000000 
94.667625 -170.030411 22.731007 85.000000 
94.514671 -170.158905 22.736946 67.000000 
94.665421 -170.011734 22.732420 87.000000 
94.501587 -170.151962 22.730112 89.000000 
94.658630 -169.998444 22.730227 87.000000 
94.500389 -170.131439 22.732035 78.000000 
94.651894 -169.985153 22.728067 61.000000 
94.498100 -170.112320 22.733135 78.000000 
94.489639 -170.102356 22.729429 81.000000 
94.327866 -170.233749 22.738958 66.000000 
94.480263 -170.091263 22.725336 78.000000 
94.327927 -170.211502 22.741425 84.000000 
94.470924 -170.080124 22.721268 78.000000 
94.323174 -170.194626 22.740582 75.000000 
94.464027 -170.066315 22.718996 59.000000 
94.312309 -170.184402 22.735561 77.000000 
94.300507 -170.172974 22.730154 73.000000 
94.125160 -170.312820 22.740746 72.000000 
94.303360 -170.148148 22.734507 73.000000 
94.115196 -170.300705 22.736458 104.000000 
94.297302 -170.135071 22.732536 59.000000 
94.106255 -170.289764 22.732622 75.000000 
94.101440 -170.272324 22.731632 104.000000 
94.094437 -170.254990 22.729454 106.000000 
93.894905 -170.410919 22.736393 53.000000 
94.089760 -170.237549 22.728550 110.000000 
93.887268 -170.395523 22.733593 120.000000 
94.087723 -170.217545 22.729322 63.000000 
93.891457 -170.368423 22.737808 121.000000 
93.882645 -170.354340 22.734324 124.000000 
93.875191 -170.338943 22.731651 124.000000 
93.654167 -170.508957 22.738247 55.000000 
93.862503 -170.328659 22.725897 124.000000 
93.644989 -170.494202 22.734591 121.000000 
93.865410 -170.305557 22.729179 117.000000 
93.631516 -170.485901 22.728445 125.000000 
93.622398 -170.471069 22.724848 126.000000 
93.619576 -170.449188 22.724794 126.000000 
93.617363 -170.428009 22.725006 127.000000 
93.616600 -170.405594 22.726019 119.000000 
97.028107 -169.117630 22.743187 63.000000 
97.017555 -169.116684 22.734556 78.000000 
97.009438 -169.111649 22.729681 83.000000 
97.003006 -169.101883 22.728189 83.000000 
96.927605 -169.181335 22.735720 51.000000 
96.999092 -169.088089 22.730492 90.000000 
96.922173 -169.170227 22.735435 70.000000 
96.995544 -169.072540 22.733837 88.000000 
96.912010 -169.167496 22.728024 83.000000 
96.990349 -169.061676 22.733829 97.000000 
96.906639 -169.156342 22.727787 75.000000 
96.982681 -169.054764 22.730068 62.000000 
96.904617 -169.137604 22.733212 75.000000 
96.971405 -169.052856 22.721146 71.000000 
96.897430 -169.126846 22.731302 71.000000 
96.814644 -169.215393 22.733845 66.000000 
96.966637 -169.040161 22.722225 68.000000 
96.887329 -169.123978 22.723959 73.000000 
96.808876 -169.203629 22.733295 83.000000 
96.965553 -169.020370 22.729372 57.000000 
96.881737 -169.112442 22.723654 71.000000 
96.803154 -169.191864 22.732779 87.000000 
96.875443 -169.102341 22.722208 61.000000 
96.798264 -169.178635 22.733435 81.000000 
96.876442 -169.079773 22.731565 51.000000 
96.782738 -169.185928 22.718332 89.000000 
96.705605 -169.257050 22.736727 79.000000 
96.869484 -169.071106 22.729013 63.000000 
96.779495 -169.169800 22.721321 87.000000 
96.697380 -169.249329 22.732756 81.000000 
96.781136 -169.145111 22.731234 87.000000 
96.692505 -169.235809 22.733252 76.000000 
96.770805 -169.141876 22.723988 66.000000 
96.686012 -169.225189 22.731556 74.000000 
96.764526 -169.131485 22.722502 72.000000 
96.684593 -169.205948 22.736588 74.000000 
96.585861 -169.308777 22.732841 83.000000 
96.755020 -169.126724 22.716431 63.000000 
96.676521 -169.198166 22.732729 72.000000 
96.579659 -169.298233 22.731205 72.000000 
96.667168 -169.193604 22.726837 74.000000 
96.573067 -169.287277 22.729401 72.000000 
96.656555 -169.190002 22.719643 54.000000 
96.568695 -169.273865 22.729994 75.000000 
96.470535 -169.369827 22.734995 59.000000 
96.656242 -169.169388 22.725956 52.000000 
96.559128 -169.266754 22.724785 72.000000 
96.465652 -169.355713 22.735159 106.000000 
96.650856 -169.157288 22.725565 55.000000 
96.550392 -169.260422 22.719984 78.000000 
96.458984 -169.344437 22.733250 89.000000 
96.547112 -169.243332 22.722469 84.000000 
96.447739 -169.340286 22.726082 96.000000 
96.542931 -169.229904 22.723194 50.000000 
96.440208 -169.330399 22.723162 89.000000 
96.535278 -169.219879 22.720278 63.000000 
96.434563 -169.317642 22.722391 92.000000 
96.338890 -169.403275 22.737741 66.000000 
96.438354 -169.290787 22.732298 85.000000 
96.327354 -169.398773 22.730621 75.000000 
96.429092 -169.283707 22.727352 63.000000 
96.325516 -169.380066 22.733809 69.000000 
96.417946 -169.279388 22.720287 53.000000 
96.322784 -169.362793 22.736013 75.000000 
96.197990 -169.485291 22.728472 51.000000 
96.411560 -169.268021 22.718584 64.000000 
96.312302 -169.356796 22.729996 73.000000 
96.200172 -169.460571 22.735325 88.000000 
96.307732 -169.342331 22.730209 81.000000 
96.193390 -169.448593 22.733257 88.000000 
96.293762 -169.342285 22.720272 67.000000 
96.189117 -169.434250 22.733423 82.000000 
96.293221 -169.322235 22.724701 51.000000 
96.178352 -169.427841 22.727407 79.000000 
96.068871 -169.515488 22.743563 66.000000 
96.171684 -169.415817 22.725426 82.000000 
96.052559 -169.515762 22.732691 72.000000 
96.169174 -169.398224 22.727507 91.000000 
96.044212 -169.504303 22.729372 82.000000 
96.160118 -169.388489 22.723383 65.000000 
96.043762 -169.483566 22.733091 83.000000 
96.155663 -169.373672 22.723526 64.000000 
96.039597 -169.468887 22.733170 81.000000 
95.903999 -169.591461 22.733492 65.000000 
96.032913 -169.456512 22.731134 83.000000 
95.897469 -169.579178 22.731430 77.000000 
96.019386 -169.451874 22.723064 65.000000 
95.892914 -169.561234 22.731602 71.000000 
96.012756 -169.439423 22.721081 64.000000 
95.886482 -169.548935 22.729610 69.000000 
95.876976 -169.538361 22.725355 69.000000 
95.751495 -169.642761 22.742912 56.000000 
95.868401 -169.528763 22.721531 73.000000 
95.736496 -169.639191 22.734222 72.000000 
95.863869 -169.513168 22.721319 56.000000 
95.727646 -169.629227 22.730291 76.000000 
95.867691 -169.488617 22.727995 53.000000 
95.718369 -169.618698 22.726177 78.000000 
95.716011 -169.600006 22.727568 81.000000 
95.558807 -169.734497 22.729685 79.000000 
95.716049 -169.578629 22.730835 81.000000 
95.548050 -169.724854 22.724594 85.000000 
95.704597 -169.570770 22.724993 59.000000 
95.552689 -169.697571 22.730928 78.000000 
95.547966 -169.681168 22.730303 81.000000 
95.534958 -169.674149 22.723551 83.000000 
95.375992 -169.803406 22.734488 73.000000 
95.525543 -169.663071 22.719465 86.000000 
95.373535 -169.783829 22.735304 84.000000 
95.519760 -169.647949 22.718060 68.000000 
95.369942 -169.765625 22.735327 70.000000 
95.514038 -169.632828 22.716692 52.000000 
95.357819 -169.756760 22.729467 70.000000 
95.183327 -169.897720 22.739904 52.000000 
95.354332 -169.738541 22.729568 75.000000 
95.172028 -169.886993 22.734787 107.000000 
95.342270 -169.729599 22.723763 61.000000 
95.164536 -169.872253 22.732122 108.000000 
95.342628 -169.707443 22.726500 58.000000 
95.153297 -169.861435 22.727060 116.000000 
95.147163 -169.845322 22.725277 118.000000 
95.147446 -169.822662 22.727612 118.000000 
94.940758 -169.987167 22.729372 115.000000 
95.146545 -169.801346 22.729187 84.000000 
94.938248 -169.966553 22.729691 123.000000 
95.136292 -169.788559 22.724880 52.000000 
94.937920 -169.942734 22.731403 124.000000 
94.929054 -169.928650 22.727928 125.000000 
94.916801 -169.919083 22.722355 125.000000 
94.706383 -170.078857 22.734451 121.000000 
94.913269 -169.899796 22.722076 121.000000 
94.691818 -170.069305 22.727846 122.000000 
94.909813 -169.880524 22.721844 53.000000 
94.682625 -170.054535 22.724237 125.000000 
94.669434 -170.043579 22.718428 124.000000 
94.667068 -170.022369 22.718620 126.000000 
94.672897 -169.993591 22.723356 127.000000 
94.662575 -169.980042 22.719160 107.000000 
98.060577 -168.699081 22.738241 68.000000 
98.051285 -168.695206 22.731995 74.000000 
98.042679 -168.689819 22.726944 86.000000 
98.033394 -168.685852 22.720716 86.000000 
98.027565 -168.674591 22.720459 90.000000 
97.955688 -168.747116 22.734148 58.000000 
98.023575 -168.660797 22.722815 86.000000 
97.945839 -168.744720 22.726955 67.000000 
98.018555 -168.648087 22.723822 98.000000 
97.937035 -168.739029 22.721899 68.000000 
98.012886 -168.636841 22.723667 101.000000 
97.933403 -168.723145 22.725014 68.000000 
98.003700 -168.632736 22.717535 71.000000 
97.927620 -168.711624 22.724672 73.000000 
97.844925 -168.800812 22.727810 58.000000 
97.993790 -168.630005 22.710209 68.000000 
97.922623 -168.698654 22.725533 73.000000 
97.835922 -168.794830 22.722734 62.000000 
97.990372 -168.614426 22.713743 77.000000 
97.914688 -168.691437 22.721741 73.000000 
97.832382 -168.778656 22.725637 80.000000 
97.991386 -168.590363 22.724575 77.000000 
97.907524 -168.682755 22.719143 68.000000 
97.825005 -168.769730 22.722889 87.000000 
97.985222 -168.580505 22.723370 52.000000 
97.899628 -168.675476 22.715389 56.000000 
97.818436 -168.759354 22.721304 84.000000 
97.737495 -168.838242 22.734495 64.000000 
97.897873 -168.656799 22.721092 63.000000 
97.810326 -168.751831 22.717459 81.000000 
97.732452 -168.824722 22.734987 72.000000 
97.894676 -168.640991 22.724483 65.000000 
97.808617 -168.732819 22.722809 81.000000 
97.720856 -168.822739 22.726622 76.000000 
97.881866 -168.643951 22.712715 50.000000 
97.805000 -168.718521 22.724957 76.000000 
97.714638 -168.812454 22.725138 72.000000 
97.798622 -168.708115 22.723501 66.000000 
97.704704 -168.807510 22.719021 67.000000 
97.613602 -168.898132 22.726030 58.000000 
97.784569 -168.710083 22.711502 68.000000 
97.706139 -168.782120 22.728384 69.000000 
97.609016 -168.882431 22.727261 76.000000 
97.778229 -168.699615 22.710085 68.000000 
97.697960 -168.774277 22.724564 76.000000 
97.603172 -168.870010 22.726563 67.000000 
97.774361 -168.687088 22.711380 52.000000 
97.688919 -168.770050 22.718897 67.000000 
97.601738 -168.852676 22.730639 72.000000 
97.679070 -168.764969 22.712858 65.000000 
97.592484 -168.845978 22.725657 67.000000 
97.492912 -168.945587 22.729136 69.000000 
97.673965 -168.750992 22.713409 67.000000 
97.583710 -168.837402 22.721590 67.000000 
97.482925 -168.938156 22.723875 90.000000 
97.671059 -168.734604 22.716444 65.000000 
97.575371 -168.829208 22.717737 65.000000 
97.475227 -168.928253 22.720949 85.000000 
97.567543 -168.819153 22.714809 67.000000 
97.468979 -168.915054 22.719971 79.000000 
97.566475 -168.799637 22.719790 61.000000 
97.458557 -168.909348 22.713915 79.000000 
97.366722 -168.989975 22.734184 66.000000 
97.556427 -168.794189 22.713820 63.000000 
97.456558 -168.890900 22.717451 89.000000 
97.347389 -168.996811 22.718870 79.000000 
97.548210 -168.785904 22.710066 65.000000 
97.456512 -168.869659 22.723169 79.000000 
97.345352 -168.978012 22.722063 81.000000 
97.538597 -168.780777 22.704309 51.000000 
97.444740 -168.867142 22.715250 58.000000 
97.340935 -168.963928 22.722410 81.000000 
97.438210 -168.855743 22.713566 69.000000 
97.340042 -168.943787 22.726732 77.000000 
97.218094 -169.062439 22.722801 75.000000 
97.429817 -168.847107 22.709766 60.000000 
97.333366 -168.932098 22.724894 75.000000 
97.206100 -169.057434 22.715744 94.000000 
97.322792 -168.925980 22.718937 77.000000 
97.207245 -169.034088 22.721703 76.000000 
97.313217 -168.918427 22.714033 58.000000 
97.198349 -169.024811 22.717703 82.000000 
97.310608 -168.901108 22.716440 63.000000 
97.193558 -169.009918 22.717743 79.000000 
97.082237 -169.101257 22.732899 55.000000 
97.312492 -168.878738 22.723261 61.000000 
97.185165 -169.001053 22.713993 82.000000 
97.070000 -169.095840 22.725939 60.000000 
97.182533 -168.983383 22.716120 71.000000 
97.060478 -169.085693 22.721701 66.000000 
97.177475 -168.968033 22.716082 62.000000 
97.054619 -169.071838 22.720610 67.000000 
97.171883 -168.954529 22.715261 66.000000 
97.053696 -169.050583 22.724236 72.000000 
96.911377 -169.181885 22.719643 68.000000 
97.160690 -168.947418 22.709213 55.000000 
97.046898 -169.038116 22.722252 72.000000 
96.908630 -169.163467 22.721174 74.000000 
97.040138 -169.025635 22.720299 51.000000 
96.908173 -169.142288 22.724636 73.000000 
97.025871 -169.022720 22.711506 56.000000 
96.903389 -169.126678 22.724380 66.000000 
97.021339 -169.007462 22.711571 56.000000 
96.889793 -169.122009 22.716606 69.000000 
96.758514 -169.233765 22.730433 73.000000 
96.878418 -169.114548 22.710735 67.000000 
96.751335 -169.220490 22.728136 65.000000 
96.740768 -169.211288 22.723145 67.000000 
96.879272 -169.071014 22.719013 50.000000 
96.727928 -169.204773 22.716351 78.000000 
96.725456 -169.185974 22.717796 81.000000 
96.569237 -169.319550 22.721676 82.000000 
96.725372 -169.164505 22.721121 72.000000 
96.557167 -169.311172 22.715763 89.000000 
96.721207 -169.149002 22.721029 52.000000 
96.553886 -169.293823 22.716221 81.000000 
96.707329 -169.143707 22.713425 57.000000 
96.557327 -169.267868 22.721796 75.000000 
96.544899 -169.258865 22.715776 72.000000 
96.382164 -169.392624 22.725077 66.000000 
96.540154 -169.242340 22.715279 75.000000 
96.378357 -169.374283 22.725105 77.000000 
96.522247 -169.240463 22.705086 60.000000 
96.369720 -169.361313 22.721802 75.000000 
96.521202 -169.219910 22.707314 52.000000 
96.361122 -169.348312 22.718529 70.000000 
96.356262 -169.331314 22.717833 81.000000 
96.172485 -169.481613 22.723404 114.000000 
96.347755 -169.318283 22.714628 58.000000 
96.161049 -169.470703 22.718363 115.000000 
96.350479 -169.293381 22.719131 52.000000 
96.155968 -169.453156 22.717407 115.000000 
96.150955 -169.435608 22.716496 116.000000 
96.148560 -169.415451 22.717258 116.000000 
95.944267 -169.577866 22.721777 109.000000 
96.137299 -169.404449 22.712351 64.000000 
95.937721 -169.561066 22.719828 121.000000 
96.132469 -169.386902 22.711565 54.000000 
95.937759 -169.537750 22.721811 124.000000 
95.926125 -169.526138 22.716835 124.000000 
95.921074 -169.508026 22.715792 124.000000 
95.699913 -169.678726 22.723099 122.000000 
95.906876 -169.498917 22.709312 120.000000 
95.693199 -169.661270 22.721003 121.000000 
95.903252 -169.479492 22.709133 109.000000 
95.681175 -169.648956 22.715975 124.000000 
95.665138 -169.640411 22.708738 124.000000 
95.670708 -169.611435 22.713470 124.000000 
95.669647 -169.588882 22.714533 120.000000 
95.657806 -169.576462 22.709650 59.000000 
99.095131 -168.268433 22.734215 52.000000 
99.087120 -168.261642 22.730309 71.000000 
99.079407 -168.252991 22.727411 83.000000 
99.074165 -168.240311 22.728304 80.000000 
99.065254 -168.236679 22.722271 83.000000 
99.057327 -168.229767 22.718441 83.000000 
98.985428 -168.302490 22.732220 61.000000 
99.053589 -168.214172 22.721811 83.000000 
98.975868 -168.298294 22.725988 65.000000 
99.049927 -168.198578 22.725227 86.000000 
98.963394 -168.299835 22.715107 65.000000 
99.042114 -168.191635 22.721481 80.000000 
98.964096 -168.275238 22.725229 68.000000 
98.883919 -168.360489 22.731989 52.000000 
99.034317 -168.184647 22.717752 80.000000 
98.961975 -168.256500 22.730747 68.000000 
98.874878 -168.354538 22.726900 64.000000 
99.025101 -168.180496 22.711632 77.000000 
98.951019 -168.255066 22.722256 78.000000 
98.865845 -168.348541 22.721825 73.000000 
99.020210 -168.167755 22.712767 80.000000 
98.941544 -168.250687 22.716114 79.000000 
98.863815 -168.329468 22.727022 73.000000 
98.933571 -168.243408 22.712334 52.000000 
98.857971 -168.317657 22.726566 81.000000 
98.769218 -168.411469 22.728769 64.000000 
98.931686 -168.224701 22.718004 58.000000 
98.849815 -168.310165 22.722710 81.000000 
98.770576 -168.386322 22.738100 75.000000 
98.926842 -168.211700 22.719006 58.000000 
98.840103 -168.305496 22.716581 84.000000 
98.758957 -168.384384 22.729719 76.000000 
98.921295 -168.200134 22.718859 51.000000 
98.836754 -168.289352 22.719652 81.000000 
98.748962 -168.379486 22.723568 76.000000 
98.831482 -168.277878 22.719503 67.000000 
98.741043 -168.372070 22.719856 70.000000 
98.655319 -168.454468 22.733574 89.000000 
98.825043 -168.267456 22.718046 72.000000 
98.737740 -168.355621 22.722675 69.000000 
98.645058 -168.449295 22.727415 82.000000 
98.818253 -168.256638 22.716431 72.000000 
98.734093 -168.338806 22.725351 69.000000 
98.636101 -168.440781 22.723238 75.000000 
98.725876 -168.330963 22.721529 65.000000 
98.629333 -168.429779 22.721457 75.000000 
98.717239 -168.324890 22.716793 59.000000 
98.629166 -168.409149 22.727526 72.000000 
98.523567 -168.519333 22.723824 79.000000 
98.711624 -168.312729 22.716391 52.000000 
98.618111 -168.405273 22.720360 75.000000 
98.515747 -168.509430 22.720842 90.000000 
98.707359 -168.297333 22.718092 59.000000 
98.611938 -168.392410 22.719570 75.000000 
98.512085 -168.491943 22.722971 92.000000 
98.600899 -168.388443 22.712435 62.000000 
98.504349 -168.482025 22.720055 89.000000 
98.597008 -168.373123 22.714090 56.000000 
98.493881 -168.476334 22.713976 89.000000 
98.403160 -168.555984 22.735535 63.000000 
98.596794 -168.352203 22.720188 65.000000 
98.486191 -168.466370 22.711103 96.000000 
98.387650 -168.557190 22.724312 79.000000 
98.587135 -168.347153 22.714409 53.000000 
98.487350 -168.444077 22.718044 96.000000 
98.384041 -168.541687 22.725632 81.000000 
98.485390 -168.425644 22.721647 52.000000 
98.377174 -168.529999 22.723701 77.000000 
98.263657 -168.638260 22.728413 57.000000 
98.373787 -168.512192 22.725735 79.000000 
98.254135 -168.628616 22.724104 88.000000 
98.464272 -168.413635 22.709520 64.000000 
98.370918 -168.494873 22.728016 86.000000 
98.242096 -168.623627 22.717028 89.000000 
98.362694 -168.486435 22.724314 79.000000 
98.240540 -168.604935 22.720167 85.000000 
98.355042 -168.476120 22.721476 57.000000 
98.241653 -168.581604 22.726162 88.000000 
98.124809 -168.679840 22.736307 54.000000 
98.341064 -168.473679 22.712225 66.000000 
98.232300 -168.571869 22.721979 82.000000 
98.119789 -168.664642 22.736076 65.000000 
98.338409 -168.456360 22.714649 56.000000 
98.225456 -168.559784 22.720034 85.000000 
98.111115 -168.655533 22.732212 74.000000 
98.211937 -168.557892 22.711254 56.000000 
98.097794 -168.651505 22.724281 72.000000 
98.213356 -168.534653 22.717438 62.000000 
98.090797 -168.639038 22.722198 74.000000 
97.965317 -168.750519 22.732357 59.000000 
98.208710 -168.519760 22.717611 61.000000 
98.084900 -168.625183 22.721123 77.000000 
97.949425 -168.748856 22.722599 77.000000 
98.082253 -168.607162 22.723015 77.000000 
97.938950 -168.740143 22.717535 76.000000 
98.074341 -168.596054 22.720060 55.000000 
97.936150 -168.721680 22.719078 71.000000 
98.061096 -168.591797 22.712227 52.000000 
97.937820 -168.697739 22.724442 73.000000 
97.792671 -168.828491 22.726826 63.000000 
98.056465 -168.576523 22.712265 55.000000 
97.930786 -168.684845 22.722311 78.000000 
97.788696 -168.811035 22.727175 72.000000 
97.919365 -168.677429 22.716427 60.000000 
97.785927 -168.792221 22.728476 75.000000 
97.909073 -168.668594 22.711508 52.000000 
97.776421 -168.781662 22.724367 75.000000 
97.904373 -168.652924 22.711363 55.000000 
97.766945 -168.771072 22.720285 81.000000 
97.617317 -168.899002 22.729103 52.000000 
97.757500 -168.760437 22.716230 78.000000 
97.608673 -168.886597 22.725769 100.000000 
97.754288 -168.743530 22.716978 63.000000 
97.594688 -168.881516 22.718294 83.000000 
97.754150 -168.722031 22.720320 54.000000 
97.582573 -168.873108 22.712379 83.000000 
97.743683 -168.712723 22.715446 61.000000 
97.583466 -168.849762 22.716156 81.000000 
97.427467 -168.978012 22.730356 54.000000 
97.584465 -168.826477 22.719995 83.000000 
97.406540 -168.978607 22.718542 72.000000 
97.571289 -168.819351 22.713295 66.000000 
97.406212 -168.956161 22.721056 77.000000 
97.564087 -168.805481 22.711037 66.000000 
97.404770 -168.935120 22.722782 73.000000 
97.551659 -168.796356 22.705067 66.000000 
97.399246 -168.917526 22.721815 75.000000 
97.208916 -169.077255 22.723108 57.000000 
97.388153 -168.907181 22.716856 70.000000 
97.208595 -169.054352 22.725277 107.000000 
97.381271 -168.893387 22.714678 55.000000 
97.203873 -169.037430 22.724472 108.000000 
97.376411 -168.876373 22.714033 59.000000 
97.192406 -169.026520 22.719440 116.000000 
97.183487 -169.012924 22.716063 111.000000 
96.990364 -169.166336 22.727631 53.000000 
97.174614 -168.999298 22.712717 111.000000 
96.969482 -169.164063 22.717100 121.000000 
97.177223 -168.973862 22.716757 61.000000 
96.957619 -169.152451 22.712006 124.000000 
97.168472 -168.960236 22.713493 58.000000 
96.961349 -169.125107 22.716272 122.000000 
96.958702 -169.104340 22.716709 122.000000 
96.948296 -169.091400 22.712511 124.000000 
96.727654 -169.263184 22.720423 121.000000 
96.939240 -169.077118 22.709127 103.000000 
96.724792 -169.241806 22.720510 123.000000 
96.926285 -169.066681 22.703424 102.000000 
96.712669 -169.229492 22.715452 126.000000 
96.704048 -169.212585 22.712440 125.000000 
96.691994 -169.200180 22.707445 126.000000 
96.687241 -169.182053 22.706429 101.000000 
96.687424 -169.158157 22.708246 114.000000 
100.130020 -167.803802 22.745237 58.000000 
100.118675 -167.804382 22.735435 71.000000 
100.114021 -167.790268 22.737509 83.000000 
100.109161 -167.777969 22.738625 86.000000 
100.103951 -167.765335 22.739584 86.000000 
100.025780 -167.853027 22.741472 64.000000 
100.094284 -167.761047 22.733221 86.000000 
100.022957 -167.833908 22.746666 67.000000 
100.086395 -167.754181 22.729452 86.000000 
100.014145 -167.828323 22.741638 68.000000 
100.082703 -167.738632 22.732901 86.000000 
100.004616 -167.824127 22.735460 68.000000 
100.077682 -167.725967 22.733988 71.000000 
99.998009 -167.814102 22.733963 63.000000 
99.919800 -167.896652 22.742817 66.000000 
100.069893 -167.719055 22.730297 83.000000 
99.994377 -167.798279 22.737175 63.000000 
99.906181 -167.899506 22.730947 76.000000 
100.064255 -167.707809 22.730242 57.000000 
99.990829 -167.782486 22.740433 65.000000 
99.902512 -167.883362 22.733860 76.000000 
99.983276 -167.775681 22.736874 60.000000 
99.897003 -167.871964 22.733591 84.000000 
99.816879 -167.951736 22.746979 50.000000 
99.973846 -167.771362 22.730791 65.000000 
99.895020 -167.852951 22.738874 84.000000 
99.806839 -167.947006 22.740805 74.000000 
99.965927 -167.764130 22.727077 61.000000 
99.886871 -167.845520 22.735054 78.000000 
99.800858 -167.934967 22.740189 86.000000 
99.878746 -167.838058 22.731253 81.000000 
99.797371 -167.918579 22.742943 81.000000 
99.873009 -167.826263 22.730919 67.000000 
99.790680 -167.907974 22.741287 79.000000 
99.866531 -167.815887 22.729465 69.000000 
99.782379 -167.900253 22.737427 76.000000 
99.694763 -167.987183 22.747450 69.000000 
99.863297 -167.799820 22.732656 66.000000 
99.774094 -167.892487 22.733585 79.000000 
99.687958 -167.976303 22.745665 63.000000 
99.770844 -167.876114 22.736492 69.000000 
99.677734 -167.971161 22.739567 65.000000 
99.765144 -167.864044 22.736073 61.000000 
99.669250 -167.963104 22.735657 63.000000 
99.574226 -168.058044 22.743631 65.000000 
99.760345 -167.850540 22.736813 56.000000 
99.666016 -167.946426 22.738304 67.000000 
99.560097 -168.058350 22.733299 85.000000 
99.659813 -167.933655 22.737532 65.000000 
99.551826 -168.048096 22.730152 79.000000 
99.649673 -167.928375 22.731516 67.000000 
99.548576 -168.031052 22.732519 79.000000 
99.641724 -167.920639 22.727894 61.000000 
99.549492 -168.008759 22.739370 82.000000 
99.631592 -167.915283 22.721905 63.000000 
99.540894 -168.000320 22.735468 82.000000 
99.530479 -167.994705 22.729460 82.000000 
99.521919 -167.986221 22.725595 62.000000 
99.407616 -168.101242 22.720699 51.000000 
99.520851 -167.966400 22.730299 63.000000 
99.302116 -168.176865 22.738712 69.000000 
99.517998 -167.949448 22.732918 63.000000 
99.290077 -168.172012 22.731655 76.000000 
99.283997 -168.158569 22.730598 66.000000 
99.276978 -168.146545 22.728577 68.000000 
99.274010 -168.128876 22.730595 66.000000 
99.152855 -168.235092 22.736115 61.000000 
99.269112 -168.114029 22.730654 78.000000 
99.148804 -168.218475 22.736864 63.000000 
99.261230 -168.103378 22.727732 67.000000 
99.146904 -168.199066 22.739597 67.000000 
99.250320 -168.096909 22.721811 64.000000 
99.135674 -168.192291 22.733641 69.000000 
99.244537 -168.083420 22.720959 68.000000 
99.128662 -168.179886 22.731592 72.000000 
99.002060 -168.295074 22.739882 62.000000 
99.239830 -168.068558 22.721153 59.000000 
99.120781 -168.166489 22.729181 69.000000 
98.992317 -168.282181 22.736097 71.000000 
99.113853 -168.154053 22.727200 58.000000 
98.981247 -168.275452 22.730345 71.000000 
99.115318 -168.132904 22.732496 59.000000 
98.974533 -168.263107 22.728373 69.000000 
99.102097 -168.128723 22.724701 59.000000 
98.970055 -168.248001 22.728315 78.000000 
98.838341 -168.362091 22.741377 68.000000 
98.966904 -168.229126 22.729786 73.000000 
98.827614 -168.353012 22.736336 65.000000 
98.960342 -168.216766 22.727917 56.000000 
98.822556 -168.337006 22.735859 65.000000 
98.954018 -168.202026 22.726635 60.000000 
98.817551 -168.320999 22.735420 65.000000 
98.658531 -168.462250 22.736282 55.000000 
98.937538 -168.201935 22.716274 51.000000 
98.809204 -168.309097 22.732290 69.000000 
98.650970 -168.448517 22.733812 89.000000 
98.802032 -168.295822 22.730103 63.000000 
98.645782 -168.432037 22.733128 78.000000 
98.789177 -168.289322 22.723372 59.000000 
98.635979 -168.421021 22.728981 81.000000 
98.781143 -168.274918 22.720846 60.000000 
98.629929 -168.403412 22.727961 81.000000 
98.480812 -168.525742 22.746326 54.000000 
98.619026 -168.393692 22.723000 86.000000 
98.467148 -168.518341 22.739582 72.000000 
98.613838 -168.379639 22.721991 59.000000 
98.456894 -168.509338 22.734959 73.000000 
98.618431 -168.352356 22.728563 57.000000 
98.449295 -168.495071 22.732470 75.000000 
98.606705 -168.341476 22.723303 61.000000 
98.439529 -168.480988 22.728756 77.000000 
98.265015 -168.625702 22.739971 105.000000 
98.439346 -168.458649 22.731421 70.000000 
98.247208 -168.621674 22.730850 114.000000 
98.434364 -168.441696 22.730747 54.000000 
98.243103 -168.602814 22.730633 115.000000 
98.242821 -168.579956 22.732891 116.000000 
98.242401 -168.559708 22.734812 114.000000 
98.044151 -168.720947 22.742224 109.000000 
98.228455 -168.551498 22.728231 69.000000 
98.032249 -168.709549 22.737127 121.000000 
98.213509 -168.542007 22.721260 54.000000 
98.027031 -168.688889 22.736277 125.000000 
98.209724 -168.523163 22.721258 58.000000 
98.012627 -168.680054 22.729696 126.000000 
98.005997 -168.663284 22.727804 124.000000 
97.792236 -168.831726 22.738932 107.000000 
98.003326 -168.642578 22.728292 120.000000 
97.778656 -168.820892 22.733078 121.000000 
98.003075 -168.621887 22.730024 105.000000 
97.766190 -168.811340 22.727682 125.000000 
97.995346 -168.606430 22.727480 113.000000 
97.765923 -168.787415 22.729290 125.000000 
97.768425 -168.760925 22.732443 125.000000 
97.755013 -168.749969 22.726727 122.000000 
97.745644 -168.735107 22.723272 119.000000 
97.732277 -168.724045 22.717611 120.000000 
101.184166 -167.331573 22.736839 68.000000 
101.170959 -167.336700 22.723490 78.000000 
101.161636 -167.332962 22.717276 90.000000 
101.154686 -167.325104 22.714842 97.000000 
101.149368 -167.312531 22.715832 107.000000 
101.076973 -167.390656 22.725491 58.000000 
101.150146 -167.286880 22.727652 91.000000 
101.068100 -167.385178 22.720451 67.000000 
101.140244 -167.284500 22.720324 94.000000 
101.062767 -167.372330 22.721266 73.000000 
101.132278 -167.275589 22.717447 91.000000 
101.055969 -167.360260 22.720566 71.000000 
101.123741 -167.270218 22.712549 62.000000 
101.052902 -167.343063 22.724976 73.000000 
100.964745 -167.448181 22.715940 64.000000 
101.117294 -167.260513 22.711294 74.000000 
101.039825 -167.346191 22.712982 71.000000 
100.960152 -167.433578 22.717733 76.000000 
101.114365 -167.243637 22.716120 63.000000 
101.033226 -167.336227 22.711573 71.000000 
100.955620 -167.418991 22.719568 84.000000 
101.027466 -167.326950 22.710564 75.000000 
100.945168 -167.418243 22.711525 81.000000 
100.868271 -167.494370 22.727814 50.000000 
101.024612 -167.309784 22.715117 57.000000 
100.936913 -167.410889 22.707684 81.000000 
100.860603 -167.485367 22.724991 69.000000 
101.018890 -167.298355 22.714981 56.000000 
100.937889 -167.386154 22.717657 84.000000 
100.855347 -167.471970 22.725536 69.000000 
100.932823 -167.373032 22.718489 81.000000 
100.843750 -167.470200 22.717186 74.000000 
100.922363 -167.369965 22.711281 71.000000 
100.838570 -167.456772 22.717787 66.000000 
100.915817 -167.359680 22.709860 71.000000 
100.838318 -167.434677 22.725153 67.000000 
100.741005 -167.541260 22.720289 70.000000 
100.830437 -167.427429 22.721540 70.000000 
100.736206 -167.527924 22.720894 65.000000 
100.822166 -167.419769 22.717758 67.000000 
100.732727 -167.511322 22.723518 67.000000 
100.808548 -167.420288 22.707041 62.000000 
100.723793 -167.502975 22.719446 77.000000 
100.626442 -167.604553 22.722494 69.000000 
100.807755 -167.399689 22.713453 55.000000 
100.714447 -167.496445 22.714495 75.000000 
100.617661 -167.596313 22.718506 85.000000 
100.705536 -167.490280 22.709749 72.000000 
100.613792 -167.581223 22.720036 82.000000 
100.701408 -167.475098 22.711420 84.000000 
100.606865 -167.570068 22.718225 82.000000 
100.699966 -167.455643 22.716434 64.000000 
100.594589 -167.567505 22.710058 82.000000 
100.502792 -167.652847 22.727808 66.000000 
100.691605 -167.447601 22.712683 54.000000 
100.590424 -167.551987 22.711493 89.000000 
100.490158 -167.650024 22.719690 72.000000 
100.589058 -167.532211 22.716177 85.000000 
100.480316 -167.642822 22.714672 75.000000 
100.585045 -167.516754 22.717705 63.000000 
100.479889 -167.621262 22.720013 70.000000 
100.574684 -167.511215 22.711763 63.000000 
100.476730 -167.604034 22.722303 72.000000 
100.355537 -167.727997 22.715834 88.000000 
100.469849 -167.592529 22.720490 68.000000 
100.348351 -167.716095 22.713787 94.000000 
100.464920 -167.578171 22.720785 68.000000 
100.351997 -167.688507 22.722805 73.000000 
100.452385 -167.575104 22.712784 55.000000 
100.340027 -167.683746 22.715820 79.000000 
100.449997 -167.556061 22.716085 61.000000 
100.328590 -167.677048 22.709656 76.000000 
100.221886 -167.765915 22.727125 61.000000 
100.321587 -167.665115 22.707741 79.000000 
100.209587 -167.760788 22.720175 67.000000 
100.320625 -167.644714 22.711926 68.000000 
100.196251 -167.756989 22.712263 77.000000 
100.314743 -167.631378 22.711098 59.000000 
100.193680 -167.739532 22.714319 82.000000 
100.071404 -167.851532 22.724667 59.000000 
100.308342 -167.619888 22.709482 55.000000 
100.192802 -167.718811 22.718178 83.000000 
100.059219 -167.846436 22.717953 71.000000 
100.187866 -167.703720 22.718172 83.000000 
100.053543 -167.830444 22.717436 69.000000 
100.178802 -167.694214 22.714281 59.000000 
100.052681 -167.809341 22.720938 71.000000 
100.163010 -167.692535 22.704313 59.000000 
100.042854 -167.798965 22.716730 71.000000 
99.906769 -167.923523 22.723711 63.000000 
100.035675 -167.786255 22.714645 71.000000 
99.902611 -167.906235 22.724127 72.000000 
100.018166 -167.787903 22.703295 60.000000 
99.891235 -167.899231 22.718414 75.000000 
100.015388 -167.769592 22.705061 58.000000 
99.883842 -167.886108 22.716167 73.000000 
99.873779 -167.875214 22.711922 76.000000 
99.729988 -168.001297 22.722515 71.000000 
99.868713 -167.859283 22.711571 81.000000 
99.715492 -167.996033 22.714846 89.000000 
99.869827 -167.837006 22.716051 65.000000 
99.709541 -167.981567 22.713545 92.000000 
99.856987 -167.830704 22.709351 60.000000 
99.704308 -167.965195 22.712955 92.000000 
99.709091 -167.935944 22.720146 86.000000 
99.538071 -168.087158 22.720243 66.000000 
99.697037 -167.927811 22.714354 72.000000 
99.531487 -168.071701 22.718575 67.000000 
99.686165 -167.918259 22.709465 63.000000 
99.529724 -168.050766 22.720331 60.000000 
99.675316 -167.908661 22.704599 59.000000 
99.524460 -168.033951 22.719595 66.000000 
99.511353 -168.027191 22.713158 70.000000 
99.333763 -168.179047 22.719955 75.000000 
99.502571 -168.014389 22.709938 58.000000 
99.323349 -168.167099 22.715712 104.000000 
99.501091 -167.993500 22.711872 57.000000 
99.315430 -168.152420 22.713121 104.000000 
99.497276 -167.975327 22.712149 59.000000 
99.305084 -168.140411 22.708941 108.000000 
99.297256 -168.125687 22.706421 108.000000 
99.106949 -168.282166 22.717014 107.000000 
99.298195 -168.101608 22.709665 72.000000 
99.094971 -168.270905 22.711943 120.000000 
99.287994 -168.089554 22.705591 69.000000 
99.093193 -168.248932 22.713131 121.000000 
99.091507 -168.227005 22.714375 123.000000 
99.083511 -168.211716 22.711760 123.000000 
98.857513 -168.396851 22.713362 118.000000 
99.074287 -168.197723 22.708399 120.000000 
98.859535 -168.370331 22.716436 120.000000 
99.061234 -168.187637 22.702715 111.000000 
98.849884 -168.355713 22.712879 123.000000 
99.057251 -168.168350 22.702568 56.000000 
98.840271 -168.341064 22.709358 124.000000 
98.829391 -168.327698 22.705126 125.000000 
98.826477 -168.306488 22.705421 120.000000 
98.823654 -168.285309 22.705767 121.000000 
98.808937 -168.275742 22.699392 68.000000 
102.227844 -166.868881 22.726728 55.000000 
102.212830 -166.878540 22.709759 78.000000 
102.206459 -166.869308 22.708488 90.000000 
102.203598 -166.850937 22.714239 88.000000 
102.198235 -166.838455 22.715244 85.000000 
102.118584 -166.934708 22.710245 51.000000 
102.190300 -166.831802 22.711477 85.000000 
102.116531 -166.914566 22.716867 73.000000 
102.183037 -166.823654 22.708933 94.000000 
102.108383 -166.907684 22.713009 78.000000 
102.177139 -166.812607 22.708826 91.000000 
102.100945 -166.899307 22.710342 73.000000 
102.173294 -166.797211 22.712378 80.000000 
102.089333 -166.899658 22.700644 71.000000 
102.164124 -166.793365 22.706282 77.000000 
102.085434 -166.883942 22.703901 79.000000 
102.006577 -166.971924 22.708204 71.000000 
102.157669 -166.783722 22.705051 74.000000 
102.080200 -166.871140 22.704844 71.000000 
101.996780 -166.967636 22.702019 83.000000 
102.148514 -166.779785 22.698982 80.000000 
102.075027 -166.858353 22.705822 70.000000 
101.992180 -166.953094 22.703880 89.000000 
102.067024 -166.851318 22.702099 61.000000 
101.991394 -166.931274 22.711536 89.000000 
101.903656 -167.029648 22.710135 56.000000 
102.060493 -166.841400 22.700769 63.000000 
101.981682 -166.926926 22.705423 84.000000 
101.900635 -167.011902 22.714024 66.000000 
102.054329 -166.829666 22.700472 50.000000 
101.973076 -166.919266 22.701443 78.000000 
101.893356 -167.001114 22.712168 70.000000 
101.966431 -166.909058 22.699986 81.000000 
101.884956 -166.993576 22.708294 70.000000 
101.960991 -166.897766 22.699903 71.000000 
101.878586 -166.983490 22.706881 69.000000 
101.791107 -167.074799 22.713713 56.000000 
101.957512 -166.881805 22.703150 63.000000 
101.870232 -166.975906 22.703049 67.000000 
101.783325 -167.065521 22.710855 59.000000 
101.948662 -166.875870 22.698296 66.000000 
101.863510 -166.965424 22.701494 67.000000 
101.773071 -167.060577 22.704744 63.000000 
101.861679 -166.946289 22.706758 70.000000 
101.766174 -167.049789 22.703028 67.000000 
101.854248 -166.937225 22.704142 58.000000 
101.759315 -167.038986 22.701340 65.000000 
101.665970 -167.135239 22.708078 84.000000 
101.846024 -166.929565 22.700415 56.000000 
101.757576 -167.019547 22.706284 67.000000 
101.655441 -167.129944 22.701971 92.000000 
101.838646 -166.920456 22.697845 52.000000 
101.747414 -167.014496 22.700258 65.000000 
101.650185 -167.115936 22.702272 82.000000 
101.738968 -167.006516 22.696455 67.000000 
101.647636 -167.097610 22.705818 85.000000 
101.730545 -166.998520 22.692673 63.000000 
101.638069 -167.090805 22.700851 82.000000 
101.540512 -167.186676 22.710533 69.000000 
101.725601 -166.984802 22.693344 65.000000 
101.632980 -167.076797 22.701265 79.000000 
101.536186 -167.170929 22.711718 66.000000 
101.623894 -167.070343 22.696537 85.000000 
101.531448 -167.157059 22.712105 70.000000 
101.621605 -167.052063 22.700247 65.000000 
101.520744 -167.151352 22.706095 68.000000 
101.413948 -167.256073 22.713182 57.000000 
101.618080 -167.034805 22.702740 60.000000 
101.515213 -167.136612 22.706154 68.000000 
101.406288 -167.243851 22.710949 88.000000 
101.608665 -167.027893 22.697901 55.000000 
101.507362 -167.126572 22.703316 63.000000 
101.393333 -167.240662 22.702906 79.000000 
101.506592 -167.107010 22.708021 65.000000 
101.382759 -167.235001 22.697086 76.000000 
101.496941 -167.099777 22.703154 54.000000 
101.381485 -167.214600 22.701197 85.000000 
101.266640 -167.317139 22.709194 58.000000 
101.489204 -167.089691 22.700403 63.000000 
101.380318 -167.194244 22.705360 79.000000 
101.259354 -167.304962 22.707087 67.000000 
101.376282 -167.178162 22.706535 73.000000 
101.258186 -167.284256 22.710878 82.000000 
101.364410 -167.173370 22.699614 64.000000 
101.248978 -167.274918 22.706886 86.000000 
101.351532 -167.169937 22.691683 62.000000 
101.241386 -167.262253 22.704683 81.000000 
101.119934 -167.374786 22.713953 65.000000 
101.349190 -167.150574 22.694805 53.000000 
101.230186 -167.255661 22.698774 81.000000 
101.109421 -167.366470 22.708933 71.000000 
101.225174 -167.240601 22.698801 75.000000 
101.097870 -167.359512 22.702986 71.000000 
101.222305 -167.222763 22.700844 58.000000 
101.088448 -167.349701 22.698956 76.000000 
101.216385 -167.209122 22.699963 58.000000 
101.083313 -167.334259 22.698759 73.000000 
100.954475 -167.451050 22.710381 56.000000 
101.086800 -167.307663 22.706234 71.000000 
100.940422 -167.446457 22.702612 69.000000 
101.073227 -167.303375 22.698486 66.000000 
100.936249 -167.429214 22.703106 76.000000 
101.059639 -167.299026 22.690748 54.000000 
100.935455 -167.407791 22.706402 76.000000 
100.925896 -167.397522 22.702387 81.000000 
100.773987 -167.535416 22.704672 79.000000 
100.918594 -167.384460 22.700245 78.000000 
100.770889 -167.516357 22.705822 82.000000 
100.908455 -167.376022 22.695559 65.000000 
100.764938 -167.501999 22.704571 71.000000 
100.752823 -167.494003 22.698715 71.000000 
100.744164 -167.481827 22.695547 72.000000 
100.596191 -167.607742 22.711025 67.000000 
100.741318 -167.462769 22.696865 72.000000 
100.584892 -167.597885 22.706003 68.000000 
100.737396 -167.445114 22.697338 63.000000 
100.573608 -167.587982 22.701006 70.000000 
100.571846 -167.567123 22.702871 73.000000 
100.395691 -167.720322 22.708540 54.000000 
100.573257 -167.541656 22.707157 75.000000 
100.378647 -167.714752 22.699995 107.000000 
100.560921 -167.533066 22.701412 59.000000 
100.375526 -167.694717 22.700672 104.000000 
100.549805 -167.523056 22.696547 56.000000 
100.376160 -167.670670 22.703859 106.000000 
100.367081 -167.657440 22.700537 114.000000 
100.355576 -167.646881 22.695601 116.000000 
100.163879 -167.806946 22.703020 118.000000 
100.349037 -167.630936 22.693991 61.000000 
100.156960 -167.790436 22.701109 123.000000 
100.342560 -167.614960 22.692421 51.000000 
100.151367 -167.772598 22.700026 124.000000 
100.140762 -167.760071 22.695835 124.000000 
99.926666 -167.936264 22.702240 50.000000 
100.130196 -167.747513 22.691677 123.000000 
99.915604 -167.923111 22.697887 121.000000 
100.138802 -167.715103 22.699413 120.000000 
99.908463 -167.905945 22.695816 121.000000 
100.123772 -167.708435 22.692375 107.000000 
99.903236 -167.888107 22.694754 123.000000 
99.904053 -167.863022 22.697285 125.000000 
99.890038 -167.851761 22.691368 125.000000 
99.883148 -167.834564 22.689470 121.000000 
99.874466 -167.817993 22.686651 118.000000 
103.259216 -166.385910 22.730412 68.000000 
103.249954 -166.382370 22.724190 81.000000 
103.237755 -166.384354 22.712990 90.000000 
103.231651 -166.373367 22.712782 97.000000 
103.226639 -166.361252 22.713997 94.000000 
103.153587 -166.444550 22.719156 64.000000 
103.224510 -166.341507 22.721088 101.000000 
103.145409 -166.437729 22.715286 67.000000 
103.215576 -166.336029 22.715973 97.000000 
103.137520 -166.429092 22.712418 68.000000 
103.208359 -166.327942 22.713480 88.000000 
103.137611 -166.404648 22.722713 78.000000 
103.201561 -166.320175 22.711193 60.000000 
103.129257 -166.399612 22.717939 73.000000 
103.048561 -166.493912 22.717081 82.000000 
103.193726 -166.313492 22.707527 80.000000 
103.117722 -166.400009 22.708265 71.000000 
103.045303 -166.476517 22.721216 80.000000 
103.193970 -166.289520 22.718489 83.000000 
103.111061 -166.390167 22.706871 71.000000 
103.033386 -166.476730 22.711613 81.000000 
103.184196 -166.287125 22.711227 63.000000 
103.103027 -166.383224 22.703135 67.000000 
103.027313 -166.465179 22.711218 76.000000 
103.102821 -166.360367 22.712488 57.000000 
103.018326 -166.459457 22.706242 81.000000 
102.942581 -166.536224 22.721342 74.000000 
103.097023 -166.349075 22.712385 61.000000 
103.015305 -166.442078 22.710527 76.000000 
102.934914 -166.527359 22.718563 72.000000 
103.090614 -166.341370 22.710291 50.000000 
103.013924 -166.423996 22.716400 76.000000 
102.924232 -166.526505 22.710577 69.000000 
103.005798 -166.416779 22.712664 72.000000 
102.920502 -166.510300 22.713461 72.000000 
102.996178 -166.412415 22.706621 71.000000 
102.916847 -166.494095 22.716391 74.000000 
102.826118 -166.593018 22.717041 70.000000 
102.985031 -166.410889 22.698261 61.000000 
102.910103 -166.483719 22.714848 72.000000 
102.817123 -166.587128 22.712212 82.000000 
102.984604 -166.389236 22.706242 62.000000 
102.901810 -166.476196 22.711067 74.000000 
102.813049 -166.570221 22.714684 90.000000 
102.891129 -166.472977 22.703905 61.000000 
102.804932 -166.562820 22.710999 87.000000 
102.713051 -166.657852 22.718094 69.000000 
102.886887 -166.458221 22.705843 61.000000 
102.795982 -166.554611 22.706947 81.000000 
102.707710 -166.643951 22.718376 100.000000 
102.883522 -166.442047 22.708961 58.000000 
102.791260 -166.541397 22.707716 87.000000 
102.698097 -166.637329 22.713362 92.000000 
102.784904 -166.528824 22.707035 90.000000 
102.691101 -166.626312 22.711573 92.000000 
102.779015 -166.516647 22.706577 62.000000 
102.685028 -166.613846 22.710884 89.000000 
102.588516 -166.710373 22.720001 50.000000 
102.774033 -166.503036 22.707264 62.000000 
102.676361 -166.605682 22.707010 89.000000 
102.579575 -166.701950 22.716007 85.000000 
102.761391 -166.502243 22.697979 66.000000 
102.676559 -166.583145 22.713917 89.000000 
102.573395 -166.689178 22.715155 83.000000 
102.668869 -166.573532 22.711184 79.000000 
102.569099 -166.673508 22.716419 79.000000 
102.660316 -166.565338 22.707396 67.000000 
102.565796 -166.656403 22.718771 77.000000 
102.450516 -166.775955 22.714815 93.000000 
102.649986 -166.559937 22.701468 65.000000 
102.558868 -166.645065 22.716988 77.000000 
102.444252 -166.762817 22.713816 94.000000 
102.644180 -166.547409 22.700972 50.000000 
102.546394 -166.642273 22.708946 79.000000 
102.440903 -166.745361 22.715885 82.000000 
102.535774 -166.636551 22.703012 67.000000 
102.431870 -166.736511 22.711924 85.000000 
102.323120 -166.832687 22.724119 50.000000 
102.533615 -166.618042 22.706560 61.000000 
102.424789 -166.724792 22.710016 82.000000 
102.314835 -166.822083 22.721050 72.000000 
102.530609 -166.600967 22.709103 63.000000 
102.415802 -166.715881 22.706106 82.000000 
102.302589 -166.817184 22.714090 77.000000 
102.412704 -166.698456 22.708334 82.000000 
102.293343 -166.807938 22.710087 74.000000 
102.405754 -166.686691 22.706524 68.000000 
102.292191 -166.787308 22.713980 77.000000 
102.165733 -166.909286 22.716911 59.000000 
102.394905 -166.680542 22.700653 68.000000 
102.289116 -166.769547 22.715956 78.000000 
102.161423 -166.892548 22.717564 71.000000 
102.381096 -166.678558 22.691723 56.000000 
102.277969 -166.763092 22.710075 83.000000 
102.147797 -166.888580 22.709713 66.000000 
102.266838 -166.756592 22.704214 67.000000 
102.144638 -166.870422 22.711390 63.000000 
102.259819 -166.744431 22.702333 66.000000 
102.139450 -166.855087 22.711206 64.000000 
102.005470 -166.981293 22.716501 51.000000 
102.256516 -166.726196 22.704271 59.000000 
102.129631 -166.844894 22.707043 67.000000 
102.001770 -166.962250 22.717682 68.000000 
102.120308 -166.835144 22.703104 60.000000 
101.988861 -166.956375 22.710850 77.000000 
102.118942 -166.816101 22.706102 53.000000 
101.981880 -166.943939 22.708838 78.000000 
102.116119 -166.797989 22.707994 57.000000 
101.974472 -166.930984 22.706654 78.000000 
101.830582 -167.061615 22.713669 52.000000 
101.969299 -166.915222 22.706354 81.000000 
101.819519 -167.052429 22.708633 82.000000 
101.967506 -166.895325 22.708876 63.000000 
101.807350 -167.044586 22.702734 78.000000 
101.956932 -166.886505 22.704021 61.000000 
101.805389 -167.024200 22.704857 81.000000 
101.947487 -166.876251 22.700121 57.000000 
101.797829 -167.010773 22.702578 78.000000 
101.645302 -167.144714 22.713060 66.000000 
101.792595 -166.994553 22.702118 78.000000 
101.643288 -167.123917 22.714849 77.000000 
101.785141 -166.981094 22.699911 71.000000 
101.641373 -167.103149 22.716690 75.000000 
101.777725 -166.967621 22.697739 67.000000 
101.627792 -167.096161 22.710020 70.000000 
101.770363 -166.954132 22.695601 56.000000 
101.621292 -167.080887 22.708517 66.000000 
101.449867 -167.230774 22.715508 68.000000 
101.613174 -167.066406 22.705994 68.000000 
101.440140 -167.217163 22.711905 106.000000 
101.605591 -167.052475 22.703705 60.000000 
101.427338 -167.208191 22.706079 116.000000 
101.602135 -167.035019 22.704243 57.000000 
101.421150 -167.192963 22.704601 114.000000 
101.414490 -167.177124 22.702955 116.000000 
101.235558 -167.326431 22.716532 122.000000 
101.420135 -167.147812 22.709616 77.000000 
101.217392 -167.322281 22.707563 120.000000 
101.401352 -167.145447 22.699780 81.000000 
101.209213 -167.307236 22.704906 123.000000 
101.204849 -167.288162 22.704659 125.000000 
101.203079 -167.266418 22.706041 126.000000 
100.989120 -167.444977 22.710142 116.000000 
101.196350 -167.250031 22.704306 123.000000 
100.979378 -167.430649 22.706583 122.000000 
101.184608 -167.238953 22.699430 121.000000 
100.973549 -167.412308 22.705320 125.000000 
100.961319 -167.400589 22.700329 126.000000 
100.950409 -167.387512 22.696121 126.000000 
100.952560 -167.361237 22.699532 121.000000 
100.948296 -167.341568 22.699205 110.000000 
104.291649 -165.926926 22.709557 54.000000 
104.290863 -165.902740 22.720148 85.000000 
104.284050 -165.893356 22.718773 90.000000 
104.277893 -165.882492 22.718628 94.000000 
104.268654 -165.878937 22.712473 94.000000 
104.197281 -165.961426 22.718266 64.000000 
104.260033 -165.873886 22.707537 104.000000 
104.192375 -165.947342 22.720324 73.000000 
104.256279 -165.858917 22.711294 101.000000 
104.180618 -165.949783 22.709633 78.000000 
104.251556 -165.845108 22.713696 97.000000 
104.171089 -165.945953 22.703470 79.000000 
104.245613 -165.834198 22.713701 80.000000 
104.166962 -165.930359 22.706795 79.000000 
104.091408 -166.016663 22.712528 64.000000 
104.236450 -165.830505 22.707636 74.000000 
104.163589 -165.913330 22.711353 73.000000 
104.078789 -166.018478 22.701752 86.000000 
104.227287 -165.826767 22.701582 82.000000 
104.157562 -165.902145 22.711205 70.000000 
104.077530 -165.996704 22.709444 89.000000 
104.222092 -165.814362 22.702885 74.000000 
104.146751 -165.901108 22.702749 82.000000 
104.070648 -165.986710 22.707947 78.000000 
104.139687 -165.890991 22.701271 67.000000 
104.063385 -165.976349 22.706287 95.000000 
103.981888 -166.067093 22.710669 67.000000 
104.134460 -165.878311 22.702400 65.000000 
104.054390 -165.970688 22.701361 76.000000 
103.977905 -166.050934 22.713552 78.000000 
104.129379 -165.867783 22.702728 60.000000 
104.047699 -165.962814 22.699150 78.000000 
103.971802 -166.041397 22.712347 74.000000 
104.123550 -165.856552 22.702724 52.000000 
104.042419 -165.949844 22.700087 84.000000 
103.963356 -166.034042 22.708525 74.000000 
104.038612 -165.931839 22.704199 63.000000 
103.952545 -166.028824 22.702074 74.000000 
103.871483 -166.112534 22.714529 76.000000 
104.032715 -165.920334 22.704048 68.000000 
103.950340 -166.009766 22.707376 81.000000 
103.856407 -166.116608 22.701838 88.000000 
104.023506 -165.916367 22.698248 64.000000 
103.942398 -166.002716 22.703815 74.000000 
103.850601 -166.104904 22.701454 87.000000 
104.012375 -165.914841 22.689924 50.000000 
103.935631 -165.992355 22.702366 70.000000 
103.845222 -166.091354 22.702015 78.000000 
103.755600 -166.186234 22.709938 55.000000 
103.927315 -165.984879 22.698662 70.000000 
103.841537 -166.074905 22.704828 87.000000 
103.748428 -166.175323 22.708134 100.000000 
103.921410 -165.973068 22.698410 57.000000 
103.834641 -166.064270 22.703253 84.000000 
103.739601 -166.167313 22.704212 102.000000 
103.911545 -165.968384 22.692459 61.000000 
103.824471 -166.059387 22.697260 84.000000 
103.737640 -166.147659 22.708918 88.000000 
103.817627 -166.048706 22.695734 84.000000 
103.730614 -166.136719 22.707212 91.000000 
103.811661 -166.036575 22.695353 62.000000 
103.722755 -166.127228 22.704458 82.000000 
103.630699 -166.218597 22.716969 79.000000 
103.809120 -166.018723 22.699476 66.000000 
103.714066 -166.119141 22.700647 92.000000 
103.621758 -166.210281 22.713049 83.000000 
103.797760 -166.016968 22.691515 55.000000 
103.710197 -166.104248 22.702467 99.000000 
103.614182 -166.200897 22.710394 79.000000 
103.707726 -166.086105 22.706310 60.000000 
103.603470 -166.195404 22.704422 73.000000 
103.497704 -166.303070 22.709232 75.000000 
103.696953 -166.080429 22.700226 62.000000 
103.597786 -166.180801 22.704580 75.000000 
103.490875 -166.289581 22.708092 94.000000 
103.690170 -166.069412 22.698704 65.000000 
103.592606 -166.166641 22.704971 73.000000 
103.476067 -166.289490 22.698036 76.000000 
103.587486 -166.152466 22.705400 75.000000 
103.478271 -166.263458 22.706316 70.000000 
103.578720 -166.144012 22.701637 66.000000 
103.473007 -166.248947 22.706503 68.000000 
103.360771 -166.353546 22.713129 69.000000 
103.567627 -166.140182 22.694904 65.000000 
103.469200 -166.233459 22.707943 73.000000 
103.350464 -166.345886 22.708160 86.000000 
103.564499 -166.123154 22.697550 61.000000 
103.455406 -166.231766 22.698986 71.000000 
103.343651 -166.332001 22.706963 81.000000 
103.444031 -166.225311 22.692923 67.000000 
103.338356 -166.317139 22.706989 77.000000 
103.438934 -166.210754 22.693237 68.000000 
103.327133 -166.310806 22.701107 81.000000 
103.211845 -166.419403 22.712839 68.000000 
103.437805 -166.190567 22.697716 67.000000 
103.327950 -166.287430 22.707165 77.000000 
103.201302 -166.411301 22.707878 71.000000 
103.321274 -166.275864 22.705513 74.000000 
103.190208 -166.405060 22.702181 71.000000 
103.312164 -166.266632 22.701702 63.000000 
103.184883 -166.389801 22.702057 66.000000 
103.303635 -166.255508 22.698729 57.000000 
103.183311 -166.368408 22.705624 66.000000 
103.043022 -166.505447 22.703392 68.000000 
103.176033 -166.355988 22.703663 67.000000 
103.032181 -166.496841 22.698418 72.000000 
103.162483 -166.351944 22.695944 56.000000 
103.035355 -166.469894 22.705511 75.000000 
103.154205 -166.340851 22.693069 52.000000 
103.027855 -166.457047 22.703392 76.000000 
103.152328 -166.321396 22.696039 51.000000 
103.020393 -166.444183 22.701307 76.000000 
102.879944 -166.573013 22.708967 94.000000 
103.006439 -166.439667 22.693663 73.000000 
102.863297 -166.570938 22.699549 92.000000 
103.001099 -166.426376 22.692955 63.000000 
102.855461 -166.560059 22.696802 86.000000 
103.003639 -166.400986 22.699379 57.000000 
102.845535 -166.549500 22.692783 83.000000 
102.707054 -166.669678 22.712055 51.000000 
102.841911 -166.530045 22.693981 86.000000 
102.695168 -166.659561 22.706869 69.000000 
102.839996 -166.509781 22.696329 78.000000 
102.686127 -166.647171 22.703634 70.000000 
102.831352 -166.497787 22.693319 72.000000 
102.679436 -166.631989 22.702156 75.000000 
102.822739 -166.485779 22.690338 70.000000 
102.676300 -166.612671 22.703308 75.000000 
102.504211 -166.767059 22.707699 69.000000 
102.666901 -166.599686 22.699982 77.000000 
102.490799 -166.757690 22.701677 103.000000 
102.653343 -166.592682 22.693419 66.000000 
102.486305 -166.739227 22.701677 112.000000 
102.645683 -166.578812 22.691219 66.000000 
102.481880 -166.720779 22.701723 117.000000 
102.467888 -166.713257 22.695169 120.000000 
102.299187 -166.854813 22.713394 102.000000 
102.461159 -166.697510 22.693632 117.000000 
102.277344 -166.854950 22.702084 120.000000 
102.452057 -166.684464 22.690464 102.000000 
102.264114 -166.845474 22.696325 124.000000 
102.456207 -166.659088 22.696083 79.000000 
102.259415 -166.829041 22.695776 123.000000 
102.256203 -166.808685 22.696447 123.000000 
102.050514 -166.982697 22.703417 101.000000 
102.255035 -166.785065 22.698565 124.000000 
102.026131 -166.982666 22.691380 123.000000 
102.249489 -166.767456 22.697742 121.000000 
102.023926 -166.960342 22.692455 126.000000 
102.239716 -166.753220 22.694361 120.000000 
102.025658 -166.934052 22.695869 126.000000 
102.013397 -166.922455 22.690966 125.000000 
102.002243 -166.912109 22.686499 125.000000 
101.997772 -166.892487 22.686241 122.000000 
101.992302 -166.871582 22.685629 120.000000 
105.309792 -165.438644 22.712797 68.000000 
105.302864 -165.429276 22.711393 81.000000 
105.295151 -165.423141 22.707792 94.000000 
105.289520 -165.410797 22.708857 104.000000 
105.279808 -165.406906 22.702499 104.000000 
105.212418 -165.480957 22.715492 70.000000 
105.273628 -165.395996 22.702412 97.000000 
105.199577 -165.484589 22.703402 83.000000 
105.268532 -165.383957 22.703754 94.000000 
105.192375 -165.476700 22.700954 86.000000 
105.265625 -165.365768 22.709827 97.000000 
105.185455 -165.466980 22.699524 79.000000 
105.258331 -165.357773 22.707405 91.000000 
105.179901 -165.454330 22.700497 79.000000 
105.103836 -165.542511 22.705103 71.000000 
105.246544 -165.359848 22.696440 71.000000 
105.177101 -165.435837 22.706268 79.000000 
105.093994 -165.538437 22.698929 83.000000 
105.238876 -165.351440 22.693867 83.000000 
105.171280 -165.422867 22.707140 75.000000 
105.088676 -165.523666 22.700680 89.000000 
105.233589 -165.339035 22.695181 80.000000 
105.163185 -165.416031 22.703455 75.000000 
105.083855 -165.509262 22.702665 74.000000 
105.151367 -165.418198 22.692791 61.000000 
105.080231 -165.493774 22.706045 76.000000 
104.998337 -165.586349 22.709150 69.000000 
105.147438 -165.402634 22.696325 61.000000 
105.070488 -165.489594 22.699963 69.000000 
104.994278 -165.570221 22.712061 69.000000 
105.144989 -165.384216 22.702309 63.000000 
105.062195 -165.482468 22.696224 76.000000 
104.985764 -165.562897 22.708225 79.000000 
105.136993 -165.377289 22.698715 54.000000 
105.058311 -165.466614 22.699522 72.000000 
104.975754 -165.558456 22.702141 74.000000 
105.050087 -165.459457 22.695837 61.000000 
104.967262 -165.551071 22.698339 70.000000 
104.884857 -165.638138 22.708565 76.000000 
105.046326 -165.443619 22.699213 76.000000 
104.961876 -165.537827 22.699116 72.000000 
104.872162 -165.637833 22.699160 82.000000 
105.035583 -165.442520 22.691057 67.000000 
104.958519 -165.522079 22.702398 70.000000 
104.863884 -165.630524 22.695478 87.000000 
104.948578 -165.517517 22.696392 74.000000 
104.860031 -165.614059 22.698269 84.000000 
104.772377 -165.706436 22.708284 69.000000 
104.941353 -165.506790 22.694796 66.000000 
104.855835 -165.597229 22.700916 81.000000 
104.759674 -165.703918 22.699860 100.000000 
104.933014 -165.499283 22.691118 63.000000 
104.847237 -165.589493 22.697128 84.000000 
104.754150 -165.690079 22.700243 89.000000 
104.929077 -165.484970 22.693392 58.000000 
104.840736 -165.579224 22.695780 87.000000 
104.752525 -165.670807 22.705173 85.000000 
104.828880 -165.577194 22.687571 66.000000 
104.745430 -165.659882 22.703482 89.000000 
104.648598 -165.760742 22.709833 60.000000 
104.825317 -165.560745 22.690554 66.000000 
104.736656 -165.651840 22.699654 85.000000 
104.645744 -165.742233 22.713207 79.000000 
104.821838 -165.544327 22.693581 68.000000 
104.727905 -165.643768 22.695850 72.000000 
104.637634 -165.732468 22.710344 77.000000 
104.811707 -165.539322 22.687674 55.000000 
104.721779 -165.631348 22.695326 79.000000 
104.626869 -165.727020 22.704357 69.000000 
104.718330 -165.614624 22.698105 62.000000 
104.617905 -165.718643 22.700489 71.000000 
104.515259 -165.822449 22.708269 88.000000 
104.713638 -165.598938 22.699654 72.000000 
104.612144 -165.704056 22.700670 73.000000 
104.503708 -165.816208 22.702066 94.000000 
104.702393 -165.595062 22.692686 60.000000 
104.608704 -165.687027 22.703196 79.000000 
104.496361 -165.804581 22.700157 79.000000 
104.598473 -165.681870 22.697487 67.000000 
104.491402 -165.790512 22.700516 76.000000 
104.376251 -165.899872 22.704266 55.000000 
104.594231 -165.666275 22.699028 59.000000 
104.489822 -165.770264 22.704813 79.000000 
104.372643 -165.882111 22.706169 78.000000 
104.581741 -165.663467 22.691048 63.000000 
104.478836 -165.764343 22.698910 82.000000 
104.368134 -165.865829 22.707132 82.000000 
104.577599 -165.647858 22.692656 53.000000 
104.471680 -165.752686 22.697132 70.000000 
104.364212 -165.847672 22.708935 77.000000 
104.458344 -165.749084 22.689018 64.000000 
104.350967 -165.844254 22.701057 81.000000 
104.232269 -165.959427 22.709021 51.000000 
104.451241 -165.737366 22.687294 65.000000 
104.342133 -165.835541 22.697359 77.000000 
104.225166 -165.947540 22.707109 74.000000 
104.452385 -165.714783 22.694056 61.000000 
104.336845 -165.820663 22.697475 78.000000 
104.220695 -165.930893 22.707905 74.000000 
104.329620 -165.808624 22.695637 61.000000 
104.202942 -165.932739 22.696259 67.000000 
104.325455 -165.792328 22.696829 55.000000 
104.197525 -165.917465 22.696156 69.000000 
104.070534 -166.038498 22.705431 58.000000 
104.315849 -165.782623 22.692867 58.000000 
104.197906 -165.893250 22.701683 73.000000 
104.053833 -166.036560 22.695616 75.000000 
104.188477 -165.883636 22.697809 64.000000 
104.048248 -166.020874 22.695284 78.000000 
104.175354 -165.880096 22.690279 60.000000 
104.049644 -165.997223 22.700768 83.000000 
104.168053 -165.867599 22.688385 50.000000 
104.042068 -165.984390 22.698666 81.000000 
103.892456 -166.126968 22.698456 79.000000 
104.028053 -165.979935 22.690998 83.000000 
103.888985 -166.108032 22.699722 89.000000 
104.018364 -165.969818 22.687080 69.000000 
103.875610 -166.101761 22.692976 89.000000 
104.016327 -165.949936 22.689749 65.000000 
103.868919 -166.087021 22.691629 83.000000 
104.014381 -165.930084 22.692469 61.000000 
103.856697 -166.079254 22.685827 83.000000 
103.718529 -166.200058 22.705120 76.000000 
103.853455 -166.060318 22.687252 86.000000 
103.705933 -166.191879 22.699286 84.000000 
103.851425 -166.040024 22.689631 70.000000 
103.692200 -166.185043 22.692610 83.000000 
103.845604 -166.023361 22.689154 66.000000 
103.690666 -166.162354 22.695265 85.000000 
103.831253 -166.018219 22.681658 64.000000 
103.687416 -166.143005 22.696447 83.000000 
103.508690 -166.306427 22.695829 107.000000 
103.680115 -166.129745 22.694403 76.000000 
103.498077 -166.294861 22.691668 108.000000 
103.674675 -166.113174 22.693935 64.000000 
103.501801 -166.266739 22.697498 108.000000 
103.659256 -166.109451 22.685856 59.000000 
103.491829 -166.255722 22.693621 114.000000 
103.482559 -166.242737 22.690401 115.000000 
103.300903 -166.400131 22.699820 118.000000 
103.475739 -166.226990 22.688885 79.000000 
103.290031 -166.387970 22.695631 122.000000 
103.461731 -166.219376 22.682388 84.000000 
103.281654 -166.373047 22.693064 124.000000 
103.461067 -166.196838 22.685135 71.000000 
103.269623 -166.362183 22.688143 124.000000 
103.265045 -166.343155 22.688046 125.000000 
103.057892 -166.521378 22.693710 121.000000 
103.269264 -166.314728 22.693605 120.000000 
103.039085 -166.516617 22.684906 122.000000 
103.258629 -166.302475 22.689602 120.000000 
103.034218 -166.496964 22.684492 125.000000 
103.033257 -166.473297 22.686419 125.000000 
103.026001 -166.456345 22.684578 124.000000 
103.014961 -166.443375 22.680481 121.000000 
103.011681 -166.422424 22.681025 120.000000 
103.000732 -166.409409 22.677000 50.000000 
106.329170 -164.946503 22.715857 51.000000 
106.321983 -164.938965 22.713461 81.000000 
106.316216 -164.926651 22.714529 94.000000 
106.311119 -164.912888 22.716848 97.000000 
106.305466 -164.900589 22.717993 97.000000 
106.294945 -164.899994 22.709435 94.000000 
106.229309 -164.971329 22.724428 73.000000 
106.286255 -164.894958 22.704536 101.000000 
106.218452 -164.970566 22.715919 65.000000 
106.283844 -164.875336 22.711872 97.000000 
106.212814 -164.957993 22.716917 68.000000 
106.278381 -164.863022 22.713142 94.000000 
106.201950 -164.957153 22.708426 65.000000 
106.129326 -165.039886 22.717415 58.000000 
106.273613 -164.849258 22.715679 77.000000 
106.197052 -164.943085 22.710672 73.000000 
106.118790 -165.037369 22.710119 71.000000 
106.261848 -164.851379 22.704739 77.000000 
106.193558 -164.926117 22.715351 78.000000 
106.111732 -165.027435 22.708632 83.000000 
106.252625 -164.847656 22.698715 71.000000 
106.182724 -164.925156 22.706909 75.000000 
106.105415 -165.016022 22.708338 84.000000 
106.177315 -164.912552 22.708065 62.000000 
106.099861 -165.003143 22.709242 78.000000 
106.018570 -165.096283 22.712236 58.000000 
106.169212 -164.905716 22.704449 60.000000 
106.092934 -164.993164 22.707848 84.000000 
106.014397 -165.080185 22.715189 69.000000 
106.162506 -164.895981 22.703260 58.000000 
106.086761 -164.981735 22.707651 76.000000 
106.007324 -165.069962 22.713648 72.000000 
106.161407 -164.874756 22.711750 56.000000 
106.074844 -164.981903 22.698112 87.000000 
105.998779 -165.062668 22.709860 66.000000 
106.071640 -164.964645 22.702662 69.000000 
105.991768 -165.052414 22.708372 72.000000 
105.906616 -165.147751 22.712963 67.000000 
106.066734 -164.952103 22.703913 71.000000 
105.983696 -165.045425 22.704817 72.000000 
105.896278 -165.143082 22.706890 88.000000 
106.059998 -164.942062 22.702662 64.000000 
105.976753 -165.035141 22.703381 72.000000 
105.888756 -165.134384 22.704348 81.000000 
105.972931 -165.019058 22.706558 76.000000 
105.876389 -165.132172 22.695892 81.000000 
105.793335 -165.217880 22.711361 52.000000 
105.966080 -165.008759 22.705189 63.000000 
105.875694 -165.109924 22.703215 81.000000 
105.788521 -165.202637 22.712835 100.000000 
105.955719 -165.003830 22.699066 69.000000 
105.871452 -165.093140 22.705952 87.000000 
105.770798 -165.208923 22.697977 102.000000 
105.947357 -164.996353 22.695442 62.000000 
105.862839 -165.085434 22.702221 84.000000 
105.771942 -165.183441 22.707077 91.000000 
105.854675 -165.078094 22.698696 78.000000 
105.768593 -165.167130 22.709940 91.000000 
105.846100 -165.070328 22.695007 70.000000 
105.760620 -165.157700 22.707232 80.000000 
105.664268 -165.258926 22.713203 69.000000 
105.840858 -165.056793 22.695833 70.000000 
105.753532 -165.146790 22.705635 92.000000 
105.660484 -165.241913 22.715618 75.000000 
105.835678 -165.043274 22.696695 70.000000 
105.745628 -165.137314 22.702980 85.000000 
105.651451 -165.233627 22.711763 79.000000 
105.734291 -165.133560 22.695986 56.000000 
105.639771 -165.229645 22.704765 79.000000 
105.536911 -165.335617 22.711376 63.000000 
105.735130 -165.109711 22.704311 62.000000 
105.632561 -165.218399 22.703064 77.000000 
105.527618 -165.326965 22.707436 101.000000 
105.728218 -165.098755 22.702841 62.000000 
105.629005 -165.201385 22.705627 83.000000 
105.518341 -165.318283 22.703518 88.000000 
105.621895 -165.190125 22.703995 77.000000 
105.509087 -165.309586 22.699623 79.000000 
105.614830 -165.178864 22.702393 66.000000 
105.506416 -165.290771 22.702936 73.000000 
105.394661 -165.396225 22.709305 69.000000 
105.605972 -165.170425 22.698690 58.000000 
105.500069 -165.277725 22.702187 70.000000 
105.384216 -165.388626 22.704363 86.000000 
105.596214 -165.163376 22.693945 59.000000 
105.492828 -165.266098 22.700443 76.000000 
105.381584 -165.369476 22.707388 83.000000 
105.481812 -165.260147 22.694603 65.000000 
105.374153 -165.357513 22.705488 78.000000 
105.474632 -165.248489 22.692913 65.000000 
105.362823 -165.351257 22.699633 83.000000 
105.247581 -165.462646 22.710262 80.000000 
105.467491 -165.236801 22.691256 68.000000 
105.355446 -165.339249 22.697790 83.000000 
105.237930 -165.453171 22.706297 78.000000 
105.465225 -165.218048 22.694820 51.000000 
105.350105 -165.324387 22.697981 81.000000 
105.224220 -165.449387 22.698503 76.000000 
105.346825 -165.306717 22.700218 64.000000 
105.216637 -165.436981 22.696508 80.000000 
105.339607 -165.294693 22.698483 64.000000 
105.213211 -165.418900 22.698414 73.000000 
105.085716 -165.541870 22.706379 68.000000 
105.213997 -165.395187 22.704243 71.000000 
105.066315 -165.544724 22.694016 72.000000 
105.204529 -165.385605 22.700428 66.000000 
105.064911 -165.523376 22.697481 73.000000 
105.186745 -165.387222 22.688862 63.000000 
105.065735 -165.499252 22.702871 78.000000 
105.179382 -165.374741 22.687031 61.000000 
105.055969 -165.489258 22.698971 75.000000 
104.911301 -165.626770 22.701986 94.000000 
105.046227 -165.479233 22.695097 76.000000 
104.905571 -165.610703 22.701551 89.000000 
105.036514 -165.469162 22.691248 59.000000 
104.896591 -165.598846 22.698460 86.000000 
105.031166 -165.453491 22.691191 61.000000 
104.888756 -165.585556 22.696299 83.000000 
104.745926 -165.714325 22.710846 54.000000 
105.023705 -165.440598 22.689287 56.000000 
104.876518 -165.577835 22.690559 83.000000 
104.733284 -165.706223 22.705050 69.000000 
104.868752 -165.564484 22.688461 83.000000 
104.725220 -165.692490 22.702736 73.000000 
104.866661 -165.544220 22.690933 70.000000 
104.716049 -165.680130 22.699589 70.000000 
104.859009 -165.530869 22.688913 71.000000 
104.710373 -165.663589 22.699081 70.000000 
104.543289 -165.815735 22.705791 72.000000 
104.850281 -165.518890 22.686016 52.000000 
104.703606 -165.648438 22.697746 75.000000 
104.524384 -165.813965 22.695868 106.000000 
104.695740 -165.634644 22.695580 60.000000 
104.518448 -165.796875 22.695103 106.000000 
104.689079 -165.619476 22.694319 64.000000 
104.518517 -165.772919 22.698551 108.000000 
104.680130 -165.607025 22.691347 54.000000 
104.513931 -165.754501 22.698717 116.000000 
104.327393 -165.919998 22.703754 109.000000 
104.503441 -165.742920 22.694744 115.000000 
104.320091 -165.903793 22.701996 120.000000 
104.494179 -165.729950 22.691639 77.000000 
104.310402 -165.890305 22.698681 122.000000 
104.480141 -165.722382 22.685204 84.000000 
104.301979 -165.875427 22.696203 124.000000 
104.292374 -165.861893 22.692959 124.000000 
104.093407 -166.032700 22.702705 111.000000 
104.290230 -165.840210 22.694569 122.000000 
104.072067 -166.030792 22.692419 122.000000 
104.287468 -165.820526 22.695625 122.000000 
104.060089 -166.019943 22.687695 126.000000 
104.276787 -165.808304 22.691694 122.000000 
104.057701 -165.997635 22.688913 125.000000 
104.056671 -165.974014 22.690952 126.000000 
104.049377 -165.957108 22.689209 122.000000 
104.037758 -165.943558 22.684996 121.000000 
104.026718 -165.930603 22.681017 121.000000 
107.338905 -164.443527 22.724560 74.000000 
107.331100 -164.437500 22.720970 94.000000 
107.325882 -164.423737 22.723267 97.000000 
107.323730 -164.402649 22.731676 97.000000 
107.313210 -164.402130 22.723120 94.000000 
107.240532 -164.491699 22.723877 72.000000 
107.305115 -164.395706 22.719439 94.000000 
107.237297 -164.473251 22.729563 68.000000 
107.297646 -164.387802 22.716995 104.000000 
107.230293 -164.463669 22.728180 68.000000 
107.290825 -164.378418 22.715799 101.000000 
107.222023 -164.457016 22.724443 68.000000 
107.288422 -164.358856 22.723209 64.000000 
107.211800 -164.454742 22.717150 73.000000 
107.138893 -164.539291 22.724876 76.000000 
107.279579 -164.355576 22.717350 74.000000 
107.207260 -164.441040 22.719603 71.000000 
107.130142 -164.534195 22.720097 83.000000 
107.270340 -164.351929 22.711321 74.000000 
107.203033 -164.425568 22.723106 75.000000 
107.119591 -164.531662 22.712816 84.000000 
107.263657 -164.342499 22.710232 71.000000 
107.193527 -164.421738 22.717066 70.000000 
107.116699 -164.512924 22.718353 78.000000 
107.183350 -164.419312 22.709833 59.000000 
107.112495 -164.497147 22.721611 78.000000 
107.028816 -164.596527 22.719866 69.000000 
107.178993 -164.405609 22.712414 60.000000 
107.101715 -164.496338 22.713409 78.000000 
107.026482 -164.577850 22.725296 72.000000 
107.173615 -164.393021 22.713648 65.000000 
107.096191 -164.483475 22.714396 78.000000 
107.019363 -164.567673 22.723770 74.000000 
107.170647 -164.374329 22.719572 56.000000 
107.087440 -164.476059 22.710539 81.000000 
107.009621 -164.561523 22.718672 72.000000 
107.081291 -164.464630 22.710415 61.000000 
107.001068 -164.554230 22.714916 67.000000 
106.916664 -164.648117 22.720379 70.000000 
107.079231 -164.446335 22.716393 73.000000 
106.991447 -164.550186 22.709084 72.000000 
106.908310 -164.640930 22.716724 77.000000 
107.071007 -164.439224 22.712803 71.000000 
106.987480 -164.534103 22.712236 67.000000 
106.897163 -164.637741 22.709568 81.000000 
107.060997 -164.436768 22.705866 51.000000 
106.980957 -164.524200 22.711027 74.000000 
106.890411 -164.627579 22.708168 75.000000 
106.807869 -164.713638 22.723433 62.000000 
106.974037 -164.513931 22.709665 67.000000 
106.884850 -164.614090 22.708836 75.000000 
106.794769 -164.713135 22.714153 100.000000 
106.967163 -164.503632 22.708330 65.000000 
106.883362 -164.593353 22.715122 72.000000 
106.785782 -164.705215 22.710276 85.000000 
106.955650 -164.501938 22.700104 63.000000 
106.873909 -164.587143 22.710285 78.000000 
106.783485 -164.685577 22.715076 85.000000 
106.864464 -164.580887 22.705465 62.000000 
106.780449 -164.667450 22.718849 79.000000 
106.856659 -164.571716 22.702906 64.000000 
106.773285 -164.656601 22.717241 82.000000 
106.673981 -164.764114 22.718870 79.000000 
106.849709 -164.561081 22.701496 68.000000 
106.761063 -164.654419 22.709131 79.000000 
106.671860 -164.744186 22.723402 79.000000 
106.844452 -164.547577 22.702372 55.000000 
106.753944 -164.643509 22.707571 82.000000 
106.663666 -164.734497 22.720612 81.000000 
106.743851 -164.636505 22.702578 54.000000 
106.654175 -164.725800 22.716602 79.000000 
106.549171 -164.836578 22.719927 57.000000 
106.743713 -164.614090 22.709831 62.000000 
106.643372 -164.720383 22.710690 71.000000 
106.542587 -164.823608 22.719063 82.000000 
106.736305 -164.604996 22.707457 60.000000 
106.640182 -164.703812 22.713463 79.000000 
106.533760 -164.815430 22.715361 78.000000 
106.636620 -164.686844 22.716091 75.000000 
106.521706 -164.811111 22.708412 70.000000 
106.624092 -164.684204 22.708124 63.000000 
106.520813 -164.789429 22.713800 73.000000 
106.406761 -164.899765 22.717014 66.000000 
106.617912 -164.671524 22.707628 59.000000 
106.514420 -164.776428 22.713072 71.000000 
106.396294 -164.889847 22.712685 77.000000 
106.607239 -164.663666 22.702528 58.000000 
106.502457 -164.769714 22.706844 67.000000 
106.392616 -164.872162 22.714741 77.000000 
106.493301 -164.760956 22.703081 62.000000 
106.387039 -164.859695 22.714241 72.000000 
106.487938 -164.748779 22.702818 61.000000 
106.379593 -164.847763 22.712389 69.000000 
106.264496 -164.961578 22.721991 68.000000 
106.482658 -164.734299 22.703253 61.000000 
106.368263 -164.841522 22.706570 69.000000 
106.258835 -164.946426 22.721889 68.000000 
106.359894 -164.830963 22.703772 59.000000 
106.245148 -164.942719 22.714121 71.000000 
106.361015 -164.805740 22.710857 58.000000 
106.232994 -164.935623 22.708097 69.000000 
106.350761 -164.798004 22.706125 66.000000 
106.229507 -164.917572 22.710030 71.000000 
106.100098 -165.043488 22.715696 68.000000 
106.226570 -164.900024 22.712200 69.000000 
106.083313 -165.044083 22.705400 72.000000 
106.083939 -165.019928 22.710762 76.000000 
106.078323 -165.004333 22.710579 76.000000 
106.198097 -164.871338 22.700867 51.000000 
106.072769 -164.988724 22.710438 85.000000 
105.925575 -165.131149 22.710512 82.000000 
106.060860 -164.981567 22.704706 83.000000 
105.921967 -165.112274 22.711895 78.000000 
106.050034 -164.972946 22.699934 63.000000 
105.910744 -165.103287 22.707020 78.000000 
106.047852 -164.953125 22.702723 61.000000 
105.901756 -165.091446 22.703974 72.000000 
105.760056 -165.221436 22.718641 54.000000 
105.888367 -165.085175 22.697342 78.000000 
105.749634 -165.210587 22.714584 74.000000 
105.883873 -165.067688 22.697975 72.000000 
105.742645 -165.195511 22.713154 77.000000 
105.881691 -165.047440 22.700472 71.000000 
105.728867 -165.188782 22.706553 73.000000 
105.869507 -165.039658 22.694832 70.000000 
105.724251 -165.170868 22.706930 77.000000 
105.555038 -165.326050 22.711683 75.000000 
105.722008 -165.150208 22.709099 75.000000 
105.538460 -165.321564 22.703426 106.000000 
105.708961 -165.141449 22.703262 60.000000 
105.536613 -165.298386 22.705811 115.000000 
105.698753 -165.130432 22.699396 59.000000 
105.534233 -165.277222 22.707623 117.000000 
105.691414 -165.117188 22.697500 52.000000 
105.530098 -165.259399 22.708012 115.000000 
105.335938 -165.435455 22.707287 115.000000 
105.511230 -165.257492 22.698187 111.000000 
105.334595 -165.412369 22.709528 123.000000 
105.510246 -165.234955 22.700970 79.000000 
105.324837 -165.398926 22.706228 125.000000 
105.491379 -165.232895 22.691183 81.000000 
105.310242 -165.390915 22.699762 124.000000 
105.303001 -165.374664 22.698132 124.000000 
105.102852 -165.549805 22.706579 106.000000 
105.299507 -165.354340 22.698956 125.000000 
105.087738 -165.541153 22.700108 122.000000 
105.304039 -165.326538 22.704861 120.000000 
105.075706 -165.530365 22.695396 126.000000 
105.289597 -165.318405 22.698526 121.000000 
105.070686 -165.510773 22.695103 125.000000 
105.065742 -165.491180 22.694859 125.000000 
105.058342 -165.474289 22.693121 125.000000 
105.047348 -165.458786 22.689489 123.000000 
105.089920 -165.419037 22.687605 122.000000 
108.354576 -163.951660 22.727518 68.000000 
108.348602 -163.939423 22.728556 78.000000 
108.339340 -163.934265 22.723385 98.000000 
108.334633 -163.919052 22.726913 97.000000 
108.326843 -163.913010 22.723377 94.000000 
108.257111 -163.997299 22.729155 72.000000 
108.318657 -163.906616 22.719671 97.000000 
108.249313 -163.989243 22.726528 67.000000 
108.312904 -163.894333 22.720867 97.000000 
108.238380 -163.988556 22.717991 73.000000 
108.308426 -163.879135 22.724546 94.000000 
108.230614 -163.980423 22.715401 71.000000 
108.299721 -163.874161 22.719694 65.000000 
108.226730 -163.963440 22.719986 73.000000 
108.151611 -164.054565 22.723307 64.000000 
108.291641 -163.867676 22.716084 90.000000 
108.222290 -163.947952 22.723427 73.000000 
108.138290 -164.058044 22.711351 80.000000 
108.280449 -163.868423 22.706341 86.000000 
108.213348 -163.942719 22.718540 70.000000 
108.135818 -164.037796 22.717976 84.000000 
108.278679 -163.847427 22.715076 86.000000 
108.205078 -163.936005 22.714865 71.000000 
108.128647 -164.027908 22.716511 84.000000 
108.273605 -163.835449 22.716644 80.000000 
108.196564 -163.931046 22.710192 59.000000 
108.123314 -164.015396 22.717596 78.000000 
108.044373 -164.106674 22.723078 69.000000 
108.264359 -163.831757 22.710653 74.000000 
108.191658 -163.916992 22.712566 65.000000 
108.115532 -164.006958 22.715023 74.000000 
108.042877 -164.084671 22.730564 66.000000 
108.191536 -163.892838 22.723419 68.000000 
108.106369 -164.001404 22.710133 78.000000 
108.034935 -164.076019 22.727890 62.000000 
108.180687 -163.891830 22.715027 63.000000 
108.099335 -163.991455 22.708776 81.000000 
108.024826 -164.071747 22.721827 62.000000 
108.171188 -163.887878 22.709055 54.000000 
108.095894 -163.974213 22.713324 69.000000 
108.015450 -164.065964 22.716913 75.000000 
107.933098 -164.157608 22.724854 76.000000 
108.088242 -163.965683 22.710857 81.000000 
108.008308 -164.055740 22.715445 70.000000 
107.921135 -164.156006 22.716562 67.000000 
108.080612 -163.957153 22.708416 76.000000 
108.004204 -164.039673 22.718584 76.000000 
107.913025 -164.146973 22.713820 72.000000 
108.070839 -163.952911 22.702454 76.000000 
107.995659 -164.032364 22.714888 65.000000 
107.907295 -164.133514 22.714439 72.000000 
107.815605 -164.237976 22.716911 65.000000 
108.063988 -163.942886 22.701237 66.000000 
107.988640 -164.022110 22.713511 65.000000 
107.903191 -164.117142 22.717323 72.000000 
107.804863 -164.233063 22.710833 100.000000 
107.977844 -164.019073 22.706406 59.000000 
107.892052 -164.113907 22.710211 77.000000 
107.801483 -164.214874 22.714483 82.000000 
107.972420 -164.005890 22.707382 59.000000 
107.887268 -164.098984 22.712051 81.000000 
107.797371 -164.198166 22.717106 79.000000 
107.968605 -163.989853 22.710707 58.000000 
107.876137 -164.095673 22.704973 62.000000 
107.790031 -164.187332 22.715439 79.000000 
107.694870 -164.290100 22.721907 54.000000 
107.872261 -164.079285 22.708004 72.000000 
107.781891 -164.177948 22.712715 85.000000 
107.690773 -164.273102 22.724276 79.000000 
107.870079 -164.060043 22.713329 72.000000 
107.771271 -164.172897 22.706753 89.000000 
107.679832 -164.267822 22.718277 75.000000 
107.861084 -164.054153 22.708752 68.000000 
107.768684 -164.155136 22.710804 79.000000 
107.673706 -164.255615 22.717754 86.000000 
107.847557 -164.055008 22.698368 52.000000 
107.764038 -164.139908 22.712534 54.000000 
107.659302 -164.256104 22.707571 81.000000 
107.561867 -164.356125 22.719734 81.000000 
107.758606 -164.126144 22.713209 64.000000 
107.660675 -164.230362 22.716427 77.000000 
107.550613 -164.350464 22.713741 89.000000 
107.748100 -164.120987 22.707348 85.000000 
107.656891 -164.213379 22.718994 79.000000 
107.538452 -164.346222 22.706739 76.000000 
107.735863 -164.118652 22.699301 51.000000 
107.643402 -164.212280 22.709929 58.000000 
107.534515 -164.328842 22.708973 70.000000 
107.638824 -164.196732 22.711504 58.000000 
107.530655 -164.311478 22.711254 76.000000 
107.418510 -164.419388 22.716709 66.000000 
107.623985 -164.196548 22.701210 50.000000 
107.525490 -164.295151 22.712364 73.000000 
107.415550 -164.400223 22.719692 69.000000 
107.624016 -164.173828 22.708193 60.000000 
107.513420 -164.290771 22.705462 68.000000 
107.402145 -164.397034 22.711792 67.000000 
107.500412 -164.287781 22.697536 67.000000 
107.392578 -164.387985 22.707886 69.000000 
107.494904 -164.273270 22.697901 68.000000 
107.385445 -164.376495 22.706192 74.000000 
107.272285 -164.487930 22.718142 68.000000 
107.491806 -164.256348 22.700563 68.000000 
107.381760 -164.358780 22.708338 74.000000 
107.260963 -164.481888 22.712439 68.000000 
107.484520 -164.244705 22.698929 67.000000 
107.374252 -164.346817 22.706522 67.000000 
107.246666 -164.477722 22.704428 69.000000 
107.369736 -164.330566 22.707750 64.000000 
107.245399 -164.457230 22.708408 69.000000 
107.356407 -164.327103 22.699970 66.000000 
107.237198 -164.444412 22.706249 66.000000 
107.105782 -164.576202 22.709892 60.000000 
107.349998 -164.313660 22.699251 55.000000 
107.230003 -164.432510 22.704512 69.000000 
107.096741 -164.564880 22.706804 69.000000 
107.216248 -164.428650 22.696785 54.000000 
107.094505 -164.545456 22.709541 78.000000 
107.214241 -164.409622 22.699963 60.000000 
107.086617 -164.532684 22.707460 78.000000 
106.939415 -164.678192 22.707533 52.000000 
107.207787 -164.393417 22.699699 62.000000 
107.076164 -164.522247 22.703344 81.000000 
106.933922 -164.660187 22.707733 100.000000 
107.064125 -164.515091 22.697577 75.000000 
106.925766 -164.646957 22.705488 81.000000 
107.063210 -164.494293 22.701418 59.000000 
106.914917 -164.638489 22.700775 72.000000 
107.055496 -164.481461 22.699471 59.000000 
106.905746 -164.626633 22.697689 71.000000 
106.761864 -164.760101 22.711164 54.000000 
106.901001 -164.609116 22.698252 72.000000 
106.753502 -164.746414 22.708796 77.000000 
106.896332 -164.591614 22.698860 71.000000 
106.739571 -164.739746 22.702129 77.000000 
106.881279 -164.586182 22.691151 68.000000 
106.734146 -164.721237 22.702225 68.000000 
106.873375 -164.572830 22.689106 67.000000 
106.735001 -164.696289 22.706919 68.000000 
106.554489 -164.868774 22.703207 59.000000 
106.725716 -164.683945 22.703831 70.000000 
106.547066 -164.853104 22.701555 105.000000 
106.714188 -164.674362 22.699030 58.000000 
106.545525 -164.830460 22.704111 106.000000 
106.700386 -164.667496 22.692503 56.000000 
106.535889 -164.817581 22.700880 104.000000 
106.691193 -164.655045 22.689503 51.000000 
106.525124 -164.806046 22.696846 104.000000 
106.346092 -164.966980 22.706711 55.000000 
106.511391 -164.799210 22.690527 72.000000 
106.334259 -164.956909 22.701950 121.000000 
106.507767 -164.779343 22.691584 61.000000 
106.325516 -164.942047 22.699408 121.000000 
106.501854 -164.762238 22.691010 72.000000 
106.314392 -164.929932 22.695299 124.000000 
106.308167 -164.912277 22.694433 123.000000 
106.098526 -165.099380 22.697309 50.000000 
106.308098 -164.887802 22.697632 124.000000 
106.090675 -165.082489 22.695370 121.000000 
106.300804 -164.871536 22.696056 109.000000 
106.084137 -165.064224 22.694235 121.000000 
106.279510 -164.869568 22.685446 111.000000 
106.075844 -165.046677 22.692175 124.000000 
106.066925 -165.031128 22.689598 124.000000 
106.108582 -164.993179 22.686995 124.000000 
106.095970 -164.981613 22.682180 122.000000 
106.090981 -164.961960 22.682032 121.000000 
109.353882 -163.429611 22.733353 68.000000 
109.345558 -163.423340 22.729610 81.000000 
109.334923 -163.422943 22.721027 90.000000 
109.331886 -163.403336 22.728268 97.000000 
109.321259 -163.402863 22.719713 97.000000 
109.254868 -163.480164 22.731539 73.000000 
109.314194 -163.393539 22.718491 97.000000 
109.244522 -163.478043 22.724216 73.000000 
109.309570 -163.378357 22.722193 97.000000 
109.236053 -163.471451 22.720469 73.000000 
109.304420 -163.364639 22.724712 104.000000 
109.228233 -163.463333 22.717934 71.000000 
109.153587 -163.555145 22.721552 50.000000 
109.296272 -163.358215 22.721132 69.000000 
109.221085 -163.453735 22.716618 82.000000 
109.145561 -163.546799 22.718893 71.000000 
109.287529 -163.353195 22.716337 83.000000 
109.216553 -163.438263 22.720119 82.000000 
109.136894 -163.539902 22.715097 83.000000 
109.279404 -163.346710 22.712790 80.000000 
109.210793 -163.425720 22.721268 79.000000 
109.131630 -163.525589 22.717146 81.000000 
109.274437 -163.332962 22.715437 94.000000 
109.202469 -163.419022 22.717646 68.000000 
109.128487 -163.506866 22.722738 84.000000 
109.273964 -163.309174 22.726789 82.000000 
109.191521 -163.418091 22.709227 62.000000 
109.121315 -163.496994 22.721369 84.000000 
109.041367 -163.591599 22.724499 64.000000 
109.260872 -163.314133 22.713417 88.000000 
109.188538 -163.399719 22.715282 68.000000 
109.114174 -163.487106 22.720028 84.000000 
109.040512 -163.568161 22.733208 72.000000 
109.255836 -163.302170 22.715103 80.000000 
109.184723 -163.384613 22.719152 65.000000 
109.103310 -163.486313 22.711853 84.000000 
109.026421 -163.573151 22.720526 67.000000 
109.176514 -163.377823 22.715628 61.000000 
109.098320 -163.472015 22.714083 74.000000 
109.019135 -163.562973 22.719057 66.000000 
108.938873 -163.652359 22.729425 54.000000 
109.167908 -163.370682 22.711946 60.000000 
109.096527 -163.450104 22.722065 72.000000 
109.008514 -163.558304 22.712854 70.000000 
108.929466 -163.644516 22.725403 76.000000 
109.158363 -163.366699 22.706032 63.000000 
109.084564 -163.450317 22.712585 78.000000 
109.004257 -163.542236 22.716019 86.000000 
108.919754 -163.638489 22.720484 77.000000 
109.076584 -163.443588 22.709192 81.000000 
109.001999 -163.523636 22.721706 86.000000 
108.908951 -163.635757 22.713543 81.000000 
109.068932 -163.435043 22.706827 74.000000 
108.991898 -163.519241 22.715767 67.000000 
108.904694 -163.619370 22.716454 81.000000 
108.817467 -163.716888 22.724306 90.000000 
109.063484 -163.422165 22.708048 69.000000 
108.981796 -163.514801 22.709837 67.000000 
108.898956 -163.605942 22.717176 90.000000 
108.802650 -163.719391 22.712885 89.000000 
109.055893 -163.413589 22.705736 54.000000 
108.976257 -163.501648 22.710844 70.000000 
108.890121 -163.598343 22.713463 87.000000 
108.798378 -163.702698 22.715530 89.000000 
108.967705 -163.494263 22.707264 62.000000 
108.882889 -163.587799 22.712011 87.000000 
108.795822 -163.683075 22.720392 85.000000 
108.963806 -163.478226 22.710655 50.000000 
108.873299 -163.581604 22.707222 72.000000 
108.785118 -163.678101 22.714441 85.000000 
108.694580 -163.774033 22.726278 69.000000 
108.952995 -163.475098 22.703648 58.000000 
108.870148 -163.563797 22.711449 70.000000 
108.776077 -163.670181 22.710684 89.000000 
108.688698 -163.759995 22.726620 83.000000 
108.865463 -163.548904 22.713470 72.000000 
108.767883 -163.660767 22.708036 96.000000 
108.682014 -163.747406 22.725946 81.000000 
108.855972 -163.542633 22.708761 75.000000 
108.766441 -163.639740 22.714161 75.000000 
108.672775 -163.739212 22.722139 77.000000 
108.847313 -163.534897 22.705198 68.000000 
108.760040 -163.627426 22.713774 82.000000 
108.658340 -163.739716 22.712004 86.000000 
108.560501 -163.841690 22.723091 95.000000 
108.836197 -163.531418 22.698259 60.000000 
108.751991 -163.617981 22.711226 75.000000 
108.656128 -163.719818 22.716713 86.000000 
108.548294 -163.837524 22.716133 94.000000 
108.739700 -163.615692 22.703207 75.000000 
108.655777 -163.697052 22.723602 92.000000 
108.538795 -163.828918 22.712261 88.000000 
108.729958 -163.609055 22.698500 79.000000 
108.641373 -163.697433 22.713522 63.000000 
108.532974 -163.814484 22.712524 85.000000 
108.420982 -163.925171 22.717525 58.000000 
108.731476 -163.583817 22.708151 69.000000 
108.634056 -163.686218 22.711971 66.000000 
108.532707 -163.791336 22.719002 79.000000 
108.419739 -163.903091 22.722521 69.000000 
108.621399 -163.683594 22.704042 68.000000 
108.521500 -163.785583 22.713167 88.000000 
108.413857 -163.888336 22.722607 74.000000 
108.620445 -163.662308 22.710035 63.000000 
108.512154 -163.776917 22.709414 76.000000 
108.399925 -163.884705 22.714569 69.000000 
108.614616 -163.647797 22.710546 63.000000 
108.502357 -163.767761 22.705500 73.000000 
108.392212 -163.872787 22.712723 67.000000 
108.280823 -163.983627 22.725779 65.000000 
108.606567 -163.637955 22.708052 54.000000 
108.495865 -163.754715 22.704906 67.000000 
108.385017 -163.861328 22.711100 69.000000 
108.270424 -163.976212 22.721079 74.000000 
108.496475 -163.732132 22.711807 68.000000 
108.379326 -163.846512 22.711321 69.000000 
108.254578 -163.975479 22.711384 73.000000 
108.485382 -163.726227 22.706091 67.000000 
108.378563 -163.824554 22.716602 59.000000 
108.246689 -163.963165 22.709417 69.000000 
108.471436 -163.724518 22.697262 55.000000 
108.366173 -163.819748 22.709869 69.000000 
108.240837 -163.947952 22.709419 69.000000 
108.114365 -164.074997 22.717093 58.000000 
108.356728 -163.810623 22.706177 69.000000 
108.241104 -163.924179 22.715281 76.000000 
108.103165 -164.066605 22.712189 69.000000 
108.349274 -163.798630 22.704525 69.000000 
108.233391 -163.911850 22.713430 73.000000 
108.098198 -164.049561 22.712904 78.000000 
108.339882 -163.789444 22.700884 55.000000 
108.221649 -163.905197 22.707722 63.000000 
108.096436 -164.028244 22.716465 76.000000 
108.209908 -163.898483 22.702030 63.000000 
108.088486 -164.015518 22.714466 76.000000 
107.941956 -164.161636 22.714390 77.000000 
108.204338 -163.883255 22.702219 60.000000 
108.078484 -164.005600 22.710623 76.000000 
107.936920 -164.144180 22.714886 78.000000 
108.205025 -163.859589 22.708323 51.000000 
108.068512 -163.995651 22.706808 69.000000 
107.926552 -164.133835 22.710920 72.000000 
108.060684 -163.982849 22.704903 78.000000 
107.920547 -164.117783 22.710596 75.000000 
108.055031 -163.967224 22.704918 75.000000 
107.910255 -164.107391 22.706694 75.000000 
107.765968 -164.242920 22.719114 69.000000 
108.049438 -163.951599 22.704971 69.000000 
107.907639 -164.087097 22.709162 81.000000 
107.751976 -164.236343 22.712502 75.000000 
107.904022 -164.068253 22.710773 68.000000 
107.748077 -164.217026 22.713720 66.000000 
107.886147 -164.067596 22.700611 72.000000 
107.739754 -164.203323 22.711508 66.000000 
107.879311 -164.052902 22.699566 71.000000 
107.741661 -164.177017 22.717175 64.000000 
107.556252 -164.357300 22.709055 109.000000 
107.869194 -164.042374 22.695818 63.000000 
107.730064 -164.167511 22.712429 66.000000 
107.547592 -164.343048 22.706657 105.000000 
107.716209 -164.160751 22.705961 54.000000 
107.550606 -164.314819 22.712643 114.000000 
107.708084 -164.147003 22.703894 59.000000 
107.542091 -164.300598 22.710335 114.000000 
107.700005 -164.133224 22.701860 56.000000 
107.531273 -164.289124 22.706390 105.000000 
107.348305 -164.456436 22.712893 118.000000 
107.518143 -164.280380 22.700796 66.000000 
107.338249 -164.443024 22.709606 121.000000 
107.509743 -164.266068 22.698589 104.000000 
107.330643 -164.426819 22.707956 121.000000 
107.504944 -164.247620 22.698948 106.000000 
107.319466 -164.414734 22.703941 121.000000 
107.310753 -164.399872 22.701565 122.000000 
107.103180 -164.586502 22.705145 121.000000 
107.316673 -164.368576 22.708889 120.000000 
107.090897 -164.575790 22.700453 123.000000 
107.297127 -164.365997 22.699345 115.000000 
107.086746 -164.554794 22.700941 123.000000 
107.333794 -164.330994 22.694386 113.000000 
107.130356 -164.511078 22.700485 124.000000 
107.122620 -164.494202 22.698772 125.000000 
107.111168 -164.481369 22.694790 123.000000 
107.103531 -164.464462 22.693155 122.000000 
107.098480 -164.444839 22.693110 110.000000 
110.352158 -162.916229 22.744202 68.000000 
110.338783 -162.921570 22.730587 74.000000 
110.329796 -162.916733 22.725634 86.000000 
110.326042 -162.898575 22.731636 86.000000 
110.317108 -162.893707 22.726732 90.000000 
110.249100 -162.975922 22.735386 64.000000 
110.308777 -162.887329 22.723063 90.000000 
110.241158 -162.967880 22.732803 67.000000 
110.301048 -162.879456 22.720634 86.000000 
110.232620 -162.961304 22.729055 73.000000 
110.296364 -162.864258 22.724350 98.000000 
110.223465 -162.956177 22.724136 65.000000 
110.291145 -162.850525 22.726887 69.000000 
110.216217 -162.946579 22.722811 68.000000 
110.141624 -163.038651 22.726688 66.000000 
110.283546 -162.842621 22.724546 77.000000 
110.210289 -162.934021 22.723906 65.000000 
110.133545 -163.030289 22.724051 80.000000 
110.274117 -162.839050 22.718534 80.000000 
110.204422 -162.921478 22.725037 68.000000 
110.125496 -163.021912 22.721434 78.000000 
110.267586 -162.829971 22.717644 86.000000 
110.199677 -162.907806 22.727585 73.000000 
110.118576 -163.012375 22.720198 78.000000 
110.261932 -162.817673 22.719074 80.000000 
110.187370 -162.909836 22.716768 51.000000 
110.117409 -162.989212 22.729309 74.000000 
110.032814 -163.094757 22.724936 79.000000 
110.258003 -162.802826 22.723190 80.000000 
110.178734 -162.904877 22.712147 65.000000 
110.107864 -162.985565 22.723465 71.000000 
110.028641 -163.079025 22.728117 81.000000 
110.251198 -162.793411 22.722214 60.000000 
110.175682 -162.886475 22.718216 68.000000 
110.099266 -162.978577 22.719790 74.000000 
110.024101 -163.062958 22.731155 72.000000 
110.240814 -162.790802 22.714886 61.000000 
110.172310 -162.867783 22.724165 65.000000 
110.088158 -162.975601 22.712429 78.000000 
110.016296 -163.052444 22.729494 72.000000 
110.162018 -162.865311 22.717024 73.000000 
110.087311 -162.952530 22.721729 74.000000 
110.006050 -163.048157 22.723486 70.000000 
109.925079 -163.139313 22.733068 70.000000 
110.151711 -162.862793 22.709890 75.000000 
110.080223 -162.942581 22.720490 74.000000 
109.994331 -163.046753 22.715199 65.000000 
109.913002 -163.137756 22.724819 77.000000 
110.143456 -162.855911 22.706409 68.000000 
110.070320 -162.938416 22.714556 74.000000 
109.988518 -163.033600 22.716085 65.000000 
109.904739 -163.128738 22.722128 70.000000 
110.061127 -162.932770 22.709814 81.000000 
109.985741 -163.014603 22.721600 62.000000 
109.896500 -163.119720 22.719460 72.000000 
109.810272 -163.216339 22.729013 59.000000 
110.052666 -162.925629 22.706276 81.000000 
109.980812 -163.000000 22.723719 64.000000 
109.889076 -163.109192 22.717934 72.000000 
109.800217 -163.210007 22.724068 84.000000 
110.048599 -162.909851 22.709877 78.000000 
109.973686 -162.989761 22.722422 61.000000 
109.884033 -163.094269 22.719786 70.000000 
109.786934 -163.209534 22.714817 99.000000 
110.042404 -162.898392 22.709959 74.000000 
109.963554 -162.985291 22.716537 59.000000 
109.875122 -163.086655 22.716087 75.000000 
109.786652 -163.185440 22.722891 82.000000 
109.956909 -162.975388 22.715467 62.000000 
109.867470 -163.077927 22.713715 62.000000 
109.777939 -163.177948 22.719288 92.000000 
109.952957 -162.959335 22.718882 62.000000 
109.856209 -163.074585 22.706690 75.000000 
109.769623 -163.168564 22.716604 85.000000 
109.673981 -163.273682 22.722599 79.000000 
109.941681 -162.955841 22.711721 62.000000 
109.850914 -163.059250 22.708492 72.000000 
109.760040 -163.160202 22.712671 89.000000 
109.669228 -163.256241 22.724854 79.000000 
109.848557 -163.039993 22.713902 72.000000 
109.750938 -163.152222 22.708948 89.000000 
109.664162 -163.240677 22.726295 77.000000 
109.838989 -163.033691 22.709204 70.000000 
109.744370 -163.139847 22.708527 79.000000 
109.651382 -163.238297 22.718275 81.000000 
109.554726 -163.339401 22.730963 87.000000 
109.828606 -163.028778 22.703390 78.000000 
109.743767 -163.117355 22.715803 82.000000 
109.642059 -163.230011 22.714491 81.000000 
109.536163 -163.345535 22.716860 105.000000 
109.820305 -163.021362 22.700031 75.000000 
109.733536 -163.112610 22.710159 82.000000 
109.638474 -163.213379 22.717283 86.000000 
109.532425 -163.328568 22.719301 94.000000 
109.725426 -163.103104 22.707645 85.000000 
109.634506 -163.196365 22.719931 86.000000 
109.521034 -163.322861 22.713396 88.000000 
109.715172 -163.096039 22.702776 79.000000 
109.624847 -163.187622 22.716057 71.000000 
109.516464 -163.305038 22.715532 85.000000 
109.408234 -163.410233 22.724985 66.000000 
109.709702 -163.082199 22.703619 79.000000 
109.613892 -163.182129 22.710257 61.000000 
109.510612 -163.290558 22.715851 85.000000 
109.395599 -163.405640 22.718102 72.000000 
109.604721 -163.173721 22.706608 70.000000 
109.504829 -163.276077 22.716208 82.000000 
109.393387 -163.384995 22.722164 74.000000 
109.604576 -163.150986 22.713688 68.000000 
109.489845 -163.276016 22.706272 62.000000 
109.385559 -163.373077 22.720306 72.000000 
109.599121 -163.136856 22.714394 66.000000 
109.486923 -163.257202 22.709795 78.000000 
109.374901 -163.365479 22.715487 77.000000 
109.256660 -163.486893 22.722370 74.000000 
109.587357 -163.132675 22.707619 59.000000 
109.478477 -163.246994 22.707146 79.000000 
109.367622 -163.353973 22.713877 82.000000 
109.249115 -163.475052 22.720558 77.000000 
109.477112 -163.227219 22.711977 85.000000 
109.359909 -163.341995 22.712109 65.000000 
109.238129 -163.467072 22.715693 80.000000 
109.467827 -163.218430 22.708355 82.000000 
109.358559 -163.319534 22.717211 72.000000 
109.223671 -163.462891 22.707758 67.000000 
109.454285 -163.214813 22.700403 65.000000 
109.344124 -163.317535 22.708483 77.000000 
109.223724 -163.439011 22.713572 73.000000 
109.095276 -163.569321 22.719912 73.000000 
109.336029 -163.307404 22.705988 74.000000 
109.224396 -163.415665 22.719637 80.000000 
109.086563 -163.558502 22.717083 69.000000 
109.324532 -163.301025 22.700310 67.000000 
109.210526 -163.411865 22.711981 64.000000 
109.079437 -163.544312 22.715950 78.000000 
109.318512 -163.285660 22.700535 58.000000 
109.200218 -163.401825 22.708038 64.000000 
109.070816 -163.531021 22.713728 78.000000 
108.926704 -163.675186 22.716541 57.000000 
109.188377 -163.395065 22.702360 63.000000 
109.064842 -163.515381 22.713606 81.000000 
108.918274 -163.661972 22.714315 100.000000 
109.185249 -163.377441 22.704699 63.000000 
109.055237 -163.505905 22.709965 72.000000 
108.916862 -163.640671 22.717712 86.000000 
109.177589 -163.364990 22.702984 54.000000 
109.043037 -163.498734 22.704281 72.000000 
108.906403 -163.630295 22.713766 83.000000 
109.041451 -163.477402 22.708027 69.000000 
108.897049 -163.618454 22.710749 89.000000 
108.754250 -163.753433 22.724979 73.000000 
109.037827 -163.458923 22.709940 76.000000 
108.885551 -163.609421 22.705956 99.000000 
108.737915 -163.749710 22.716635 81.000000 
109.030586 -163.444153 22.708885 66.000000 
108.877930 -163.594177 22.704615 68.000000 
108.732178 -163.731186 22.716755 73.000000 
108.878563 -163.569611 22.709856 70.000000 
108.714737 -163.728745 22.707584 73.000000 
108.868294 -163.559097 22.706072 70.000000 
108.712425 -163.708466 22.709913 70.000000 
108.546249 -163.865341 22.717287 107.000000 
108.858055 -163.548569 22.702314 70.000000 
108.709671 -163.687683 22.712097 84.000000 
108.530540 -163.859528 22.709896 112.000000 
108.843399 -163.543549 22.694939 67.000000 
108.703606 -163.671112 22.711716 61.000000 
108.524078 -163.842422 22.709179 115.000000 
108.688499 -163.665680 22.704386 58.000000 
108.523483 -163.818314 22.712671 108.000000 
108.677956 -163.654617 22.700575 68.000000 
108.516014 -163.802628 22.711212 116.000000 
108.332367 -163.972366 22.717999 109.000000 
108.676620 -163.632462 22.703810 60.000000 
108.503914 -163.792480 22.706446 105.000000 
108.319771 -163.961716 22.713104 122.000000 
108.495361 -163.778122 22.704222 105.000000 
108.314369 -163.942673 22.713024 125.000000 
108.486855 -163.763763 22.702034 66.000000 
108.300644 -163.933334 22.707396 124.000000 
108.484856 -163.743088 22.704285 72.000000 
108.293526 -163.917648 22.705996 123.000000 
108.089607 -164.103348 22.712534 116.000000 
108.478851 -163.725967 22.703863 50.000000 
108.285896 -163.901352 22.704437 122.000000 
108.076591 -164.091965 22.707623 123.000000 
108.278984 -163.883057 22.703527 122.000000 
108.061783 -164.081284 22.701775 124.000000 
108.319450 -163.844162 22.701298 121.000000 
108.111687 -164.030869 22.705442 124.000000 
108.308327 -163.831894 22.697439 121.000000 
108.107498 -164.009827 22.705997 124.000000 
108.098396 -163.994263 22.703535 121.000000 
108.086838 -163.981384 22.699574 122.000000 
108.071548 -163.972504 22.693335 122.000000 
108.066353 -163.952805 22.693295 118.000000 
111.358704 -162.388519 22.761784 68.000000 
111.344704 -162.397293 22.745966 78.000000 
111.334000 -162.397018 22.737383 94.000000 
111.326851 -162.385986 22.737106 97.000000 
111.320168 -162.375259 22.737049 101.000000 
111.251549 -162.460938 22.743490 58.000000 
111.315689 -162.360397 22.740860 101.000000 
111.243362 -162.454773 22.739897 67.000000 
111.307938 -162.352615 22.738432 107.000000 
111.234138 -162.449738 22.734947 68.000000 
111.299614 -162.346268 22.734806 111.000000 
111.231117 -162.429810 22.741896 73.000000 
111.290123 -162.342834 22.728748 94.000000 
111.223206 -162.421783 22.739378 65.000000 
111.146835 -162.520309 22.738634 71.000000 
111.286827 -162.322952 22.736015 82.000000 
111.211746 -162.420776 22.730736 78.000000 
111.137596 -162.513168 22.734634 80.000000 
111.280411 -162.312180 22.736147 94.000000 
111.204506 -162.411209 22.729450 75.000000 
111.132133 -162.498901 22.736652 87.000000 
111.276085 -162.299133 22.739124 82.000000 
111.199417 -162.399338 22.730951 71.000000 
111.121605 -162.498672 22.728619 81.000000 
111.267303 -162.294159 22.734388 52.000000 
111.114204 -162.488831 22.727201 87.000000 
111.042679 -162.568268 22.743755 67.000000 
111.252937 -162.302139 22.718548 80.000000 
111.186417 -162.377228 22.730928 58.000000 
111.110909 -162.470108 22.732817 78.000000 
111.033752 -162.561172 22.739941 81.000000 
111.249763 -162.284088 22.724958 80.000000 
111.178032 -162.370529 22.727354 58.000000 
111.104301 -162.458771 22.732639 76.000000 
111.022011 -162.559998 22.731609 86.000000 
111.245422 -162.268936 22.728943 83.000000 
111.170975 -162.360886 22.726210 60.000000 
111.097740 -162.447449 22.732492 89.000000 
111.015953 -162.546906 22.732376 79.000000 
111.237335 -162.262405 22.725521 77.000000 
111.164619 -162.349792 22.726301 73.000000 
111.089844 -162.439026 22.730034 57.000000 
111.012840 -162.527893 22.737736 76.000000 
110.924416 -162.636002 22.735249 83.000000 
111.158310 -162.338684 22.726425 67.000000 
111.077789 -162.439346 22.720543 68.000000 
111.005478 -162.517761 22.736303 79.000000 
110.919800 -162.619629 22.738039 72.000000 
111.151375 -162.329010 22.725370 71.000000 
111.074127 -162.422134 22.725185 76.000000 
110.998146 -162.507614 22.734900 76.000000 
110.910721 -162.612183 22.734228 81.000000 
111.141754 -162.325073 22.719482 68.000000 
111.068436 -162.409302 22.726339 66.000000 
110.984978 -162.509186 22.724361 72.000000 
110.901665 -162.604706 22.730440 81.000000 
110.813004 -162.707916 22.735884 59.000000 
111.059944 -162.402252 22.722799 83.000000 
110.978424 -162.497513 22.724148 55.000000 
110.894157 -162.594238 22.728897 75.000000 
110.805260 -162.697189 22.734148 100.000000 
111.052193 -162.393738 22.720465 84.000000 
110.977882 -162.474182 22.733162 52.000000 
110.886688 -162.583755 22.727383 81.000000 
110.795166 -162.690887 22.729208 96.000000 
111.040855 -162.392380 22.712219 78.000000 
110.969215 -162.466888 22.729576 69.000000 
110.880814 -162.570328 22.728130 75.000000 
110.785873 -162.683075 22.725367 96.000000 
111.036049 -162.378067 22.714678 66.000000 
110.957542 -162.465363 22.721394 70.000000 
110.875000 -162.556900 22.728918 64.000000 
110.779037 -162.670792 22.724794 85.000000 
110.947372 -162.460876 22.715527 70.000000 
110.866882 -162.547852 22.726379 57.000000 
110.771431 -162.659973 22.723171 85.000000 
110.676460 -162.765839 22.729507 79.000000 
110.942558 -162.446259 22.717779 67.000000 
110.856422 -162.543152 22.720501 63.000000 
110.767960 -162.641815 22.727009 79.000000 
110.665268 -162.760635 22.723522 83.000000 
110.940125 -162.427353 22.723551 69.000000 
110.845955 -162.538376 22.714634 65.000000 
110.758812 -162.633911 22.723280 82.000000 
110.661736 -162.742111 22.727018 81.000000 
110.841904 -162.522018 22.717794 72.000000 
110.749687 -162.625977 22.719574 60.000000 
110.659134 -162.722153 22.731619 83.000000 
110.549202 -162.847626 22.728165 63.000000 
110.836319 -162.508545 22.718742 78.000000 
110.743912 -162.612198 22.720259 65.000000 
110.651489 -162.711029 22.729940 77.000000 
110.543015 -162.833191 22.728304 101.000000 
110.825920 -162.503693 22.712944 66.000000 
110.734840 -162.604218 22.716602 82.000000 
110.640411 -162.705719 22.724060 79.000000 
110.535995 -162.820236 22.727465 101.000000 
110.817154 -162.495941 22.709423 54.000000 
110.732544 -162.584656 22.721743 79.000000 
110.632820 -162.694534 22.722435 81.000000 
110.530815 -162.804337 22.728704 94.000000 
110.721855 -162.579514 22.715950 67.000000 
110.623520 -162.686234 22.718718 66.000000 
110.517609 -162.801620 22.720766 98.000000 
110.418343 -162.894409 22.739532 61.000000 
110.712875 -162.571472 22.712374 65.000000 
110.621277 -162.666336 22.723532 70.000000 
110.509811 -162.790070 22.718996 94.000000 
110.404762 -162.891403 22.731659 65.000000 
110.705635 -162.560516 22.711023 67.000000 
110.613831 -162.655121 22.722008 72.000000 
110.503876 -162.775604 22.719313 98.000000 
110.391151 -162.888321 22.723795 74.000000 
110.602859 -162.649658 22.716242 70.000000 
110.499832 -162.758240 22.721731 85.000000 
110.386467 -162.870148 22.725679 74.000000 
110.595016 -162.637970 22.714590 72.000000 
110.488037 -162.752029 22.715752 65.000000 
110.378563 -162.858246 22.723824 74.000000 
110.255310 -162.989304 22.725307 62.000000 
110.590370 -162.622406 22.716366 65.000000 
110.482269 -162.737549 22.716181 82.000000 
110.373100 -162.843887 22.724186 72.000000 
110.245682 -162.980408 22.721546 74.000000 
110.582626 -162.612976 22.714066 53.000000 
110.469589 -162.734985 22.708542 71.000000 
110.362419 -162.836304 22.719402 82.000000 
110.243423 -162.959381 22.725294 71.000000 
110.463905 -162.720474 22.709032 64.000000 
110.352707 -162.827225 22.715637 68.000000 
110.231400 -162.952881 22.719475 73.000000 
110.468620 -162.690277 22.721004 66.000000 
110.345932 -162.813812 22.714909 67.000000 
110.221359 -162.943436 22.715599 76.000000 
110.100754 -163.064606 22.729061 63.000000 
110.457443 -162.684357 22.715342 64.000000 
110.344055 -162.793243 22.719236 67.000000 
110.211342 -162.933945 22.711752 76.000000 
110.091423 -163.053360 22.726011 61.000000 
110.335449 -162.782700 22.716576 66.000000 
110.209366 -162.912949 22.715675 60.000000 
110.081100 -163.043518 22.722065 63.000000 
110.324913 -162.774963 22.711924 67.000000 
110.068748 -163.036530 22.716280 61.000000 
110.312416 -162.770020 22.705273 66.000000 
110.064682 -163.018005 22.717981 63.000000 
109.920082 -163.164307 22.720184 79.000000 
110.184738 -162.877197 22.709272 60.000000 
110.060699 -162.999512 22.719730 63.000000 
109.904121 -163.161163 22.711691 92.000000 
110.181030 -162.859100 22.711432 59.000000 
110.046349 -162.995285 22.712158 59.000000 
109.899895 -163.142166 22.713078 78.000000 
110.168175 -162.853729 22.704838 65.000000 
110.040382 -162.979614 22.712109 63.000000 
109.893608 -163.126053 22.712715 78.000000 
110.028152 -162.972443 22.706457 61.000000 
109.887383 -163.109940 22.712395 78.000000 
109.737335 -163.255615 22.720999 73.000000 
110.022285 -162.956741 22.706478 61.000000 
109.879059 -163.096664 22.710312 81.000000 
109.728645 -163.241913 22.718685 87.000000 
110.017548 -162.939651 22.707485 67.000000 
109.866432 -163.089020 22.704645 67.000000 
109.721123 -163.226776 22.717274 76.000000 
110.011818 -162.923965 22.707588 68.000000 
109.863640 -163.068649 22.707155 72.000000 
109.712532 -163.213043 22.715034 74.000000 
109.858749 -163.051102 22.707901 71.000000 
109.697273 -163.207748 22.707623 77.000000 
109.537804 -163.358902 22.719961 114.000000 
109.847908 -163.040054 22.703959 71.000000 
109.689339 -163.191986 22.706120 75.000000 
109.522614 -163.351151 22.713202 119.000000 
109.837608 -163.029480 22.700230 71.000000 
109.691032 -163.165558 22.711824 64.000000 
109.511444 -163.339676 22.709160 116.000000 
109.821190 -163.027756 22.691236 61.000000 
109.684319 -163.150909 22.710800 61.000000 
109.506630 -163.321716 22.709511 114.000000 
109.670296 -163.144073 22.704374 64.000000 
109.505981 -163.297592 22.713043 116.000000 
109.311127 -163.482269 22.712385 121.000000 
109.660843 -163.131607 22.701473 61.000000 
109.498451 -163.281891 22.711620 68.000000 
109.300766 -163.468796 22.709064 125.000000 
109.653732 -163.116364 22.700359 57.000000 
109.482796 -163.275894 22.704376 75.000000 
109.299980 -163.444122 22.712152 124.000000 
109.473007 -163.262909 22.701344 110.000000 
109.290932 -163.429230 22.709713 124.000000 
109.465607 -163.247131 22.700026 111.000000 
109.279533 -163.417084 22.705711 125.000000 
109.078064 -163.600311 22.714184 122.000000 
109.464188 -163.224472 22.702963 108.000000 
109.269371 -163.403519 22.702543 117.000000 
109.063728 -163.590347 22.708515 123.000000 
109.309441 -163.364136 22.699558 119.000000 
109.098434 -163.555969 22.702261 125.000000 
109.312706 -163.335434 22.705313 121.000000 
109.090294 -163.538986 22.700464 126.000000 
109.301491 -163.323196 22.701462 121.000000 
109.088409 -163.515152 22.702534 127.000000 
109.290314 -163.310928 22.697643 109.000000 
109.085388 -163.492706 22.703896 123.000000 
109.078720 -163.474380 22.703009 122.000000 
109.063934 -163.466202 22.696976 123.000000 
109.048576 -163.457306 22.690769 121.000000 
112.356392 -161.872849 22.747047 55.000000 
112.347328 -161.868210 22.742102 78.000000 
112.338272 -161.863525 22.737171 86.000000 
112.330200 -161.857635 22.733654 86.000000 
112.321724 -161.851395 22.729971 83.000000 
112.257256 -161.928757 22.743559 51.000000 
112.314964 -161.840698 22.729967 90.000000 
112.250374 -161.917847 22.743366 73.000000 
112.310555 -161.824097 22.734886 97.000000 
112.239319 -161.917374 22.734880 78.000000 
112.302338 -161.816010 22.732327 104.000000 
112.229019 -161.913528 22.728592 82.000000 
112.298073 -161.799438 22.737333 97.000000 
112.221603 -161.904037 22.727278 79.000000 
112.152199 -161.988342 22.738274 55.000000 
112.291359 -161.790512 22.736420 55.000000 
112.220840 -161.880051 22.738131 75.000000 
112.143150 -161.983429 22.733522 71.000000 
112.280685 -161.790009 22.727964 80.000000 
112.211052 -161.876465 22.732100 82.000000 
112.135612 -161.973679 22.732088 80.000000 
112.274803 -161.777802 22.729380 80.000000 
112.202515 -161.869888 22.728479 75.000000 
112.130081 -161.959457 22.734180 84.000000 
112.269577 -161.764145 22.732069 90.000000 
112.192734 -161.866211 22.722473 79.000000 
112.122635 -161.949692 22.732811 87.000000 
112.044365 -162.046127 22.736570 71.000000 
112.260750 -161.759186 22.727369 83.000000 
112.186775 -161.853714 22.723705 50.000000 
112.113892 -161.942856 22.729128 84.000000 
112.041595 -162.025650 22.742992 81.000000 
112.252548 -161.752747 22.723925 86.000000 
112.184738 -161.832474 22.732216 58.000000 
112.105164 -161.936005 22.725466 87.000000 
112.032646 -162.018600 22.739237 79.000000 
112.247253 -161.740845 22.725639 86.000000 
112.179352 -161.820328 22.733709 68.000000 
112.099594 -161.923569 22.726704 84.000000 
112.022751 -162.014862 22.733410 72.000000 
112.239098 -161.734344 22.722239 80.000000 
112.167702 -161.820923 22.724163 73.000000 
112.098419 -161.900543 22.736031 71.000000 
112.010986 -162.013672 22.725122 74.000000 
111.933487 -162.101700 22.738312 96.000000 
112.236008 -161.716400 22.728830 83.000000 
112.160637 -161.811310 22.723106 73.000000 
112.087074 -161.899506 22.727743 67.000000 
112.006340 -161.997650 22.728279 72.000000 
111.922836 -162.097321 22.732290 88.000000 
112.153610 -161.801697 22.722078 73.000000 
112.078468 -161.892563 22.724184 72.000000 
112.004646 -161.975754 22.736065 69.000000 
111.914413 -162.088440 22.729610 84.000000 
112.145950 -161.793488 22.719860 64.000000 
112.069885 -161.885590 22.720642 72.000000 
111.995834 -161.968597 22.732431 79.000000 
111.906776 -162.078049 22.728071 81.000000 
112.138992 -161.783844 22.718885 64.000000 
112.062012 -161.877136 22.718307 78.000000 
111.983391 -161.968719 22.723068 56.000000 
111.903717 -162.058777 22.733250 75.000000 
111.807991 -162.177322 22.727379 90.000000 
112.059830 -161.857101 22.725492 74.000000 
111.979729 -161.951263 22.727531 51.000000 
111.894661 -162.051315 22.729546 81.000000 
111.799385 -162.168091 22.724619 99.000000 
112.051346 -161.850082 22.722034 76.000000 
111.972458 -161.941101 22.726273 51.000000 
111.884094 -162.046783 22.723627 81.000000 
111.801903 -162.138077 22.737041 97.000000 
112.041443 -161.845901 22.716211 76.000000 
111.967461 -161.926575 22.728514 62.000000 
111.875847 -162.037781 22.721083 72.000000 
111.791832 -162.131821 22.732193 91.000000 
112.032982 -161.838821 22.712786 66.000000 
111.958778 -161.919296 22.725002 58.000000 
111.782570 -162.124054 22.728449 88.000000 
111.696930 -162.215775 22.744915 72.000000 
111.950119 -161.911987 22.721510 62.000000 
111.865677 -162.008072 22.725075 59.000000 
111.768478 -162.125076 22.718191 99.000000 
111.680771 -162.219604 22.732676 87.000000 
111.941475 -161.904648 22.718040 61.000000 
111.857544 -161.999054 22.722624 72.000000 
111.764915 -162.106949 22.722116 96.000000 
111.673775 -162.207092 22.732023 92.000000 
111.934372 -161.894409 22.716919 59.000000 
111.845490 -161.997238 22.714554 70.000000 
111.662613 -162.201920 22.726126 89.000000 
111.562309 -162.313477 22.732826 56.000000 
111.838188 -161.986710 22.713274 78.000000 
111.752304 -162.080978 22.722450 64.000000 
111.661636 -162.179077 22.732941 92.000000 
111.553406 -162.303574 22.729958 95.000000 
111.830933 -161.976151 22.712025 75.000000 
111.743179 -162.073074 22.718832 85.000000 
111.655663 -162.165085 22.733459 95.000000 
111.539253 -162.302505 22.720978 98.000000 
111.830170 -161.954102 22.719887 81.000000 
111.734070 -162.065140 22.715235 85.000000 
111.646301 -162.156921 22.729765 98.000000 
111.538345 -162.279266 22.727379 98.000000 
111.818153 -161.952133 22.711889 70.000000 
111.727501 -162.052841 22.714964 79.000000 
111.633514 -162.154556 22.721836 51.000000 
111.532219 -162.264893 22.727680 91.000000 
111.422974 -162.376190 22.734156 61.000000 
111.728569 -162.027573 22.724653 82.000000 
111.625923 -162.143402 22.720314 70.000000 
111.520790 -162.259293 22.721848 104.000000 
111.416702 -162.361481 22.734232 69.000000 
111.714516 -162.028229 22.714523 79.000000 
111.621864 -162.126465 22.723095 72.000000 
111.511162 -162.250732 22.718092 112.000000 
111.405869 -162.354111 22.729382 82.000000 
111.708092 -162.015900 22.714354 72.000000 
111.619644 -162.106644 22.728062 68.000000 
111.501549 -162.242142 22.714359 83.000000 
111.397835 -162.342316 22.727537 83.000000 
111.608681 -162.101257 22.722361 70.000000 
111.497421 -162.224808 22.716862 62.000000 
111.386101 -162.336319 22.721733 92.000000 
111.273544 -162.453751 22.732676 65.000000 
111.594170 -162.101547 22.712379 68.000000 
111.497025 -162.201721 22.723557 73.000000 
111.380013 -162.321564 22.721947 97.000000 
111.254677 -162.457672 22.720114 71.000000 
111.587662 -162.088882 22.712080 65.000000 
111.486641 -162.194534 22.718887 68.000000 
111.379669 -162.298096 22.728207 100.000000 
111.246414 -162.445419 22.718138 73.000000 
111.583000 -162.073364 22.713972 58.000000 
111.475349 -162.188736 22.713198 64.000000 
111.364227 -162.297821 22.718477 63.000000 
111.236252 -162.436066 22.714266 73.000000 
111.465904 -162.180023 22.709608 68.000000 
111.356400 -162.285919 22.716789 66.000000 
111.239845 -162.406387 22.723957 78.000000 
111.104424 -162.551834 22.722019 63.000000 
111.462097 -162.162720 22.712311 64.000000 
111.343803 -162.281189 22.710098 69.000000 
111.227829 -162.399918 22.718225 83.000000 
111.101028 -162.531906 22.724577 72.000000 
111.458374 -162.145447 22.715057 64.000000 
111.340866 -162.262070 22.713512 61.000000 
111.215813 -162.393387 22.712511 73.000000 
111.094681 -162.516342 22.724392 78.000000 
111.337044 -162.244431 22.715965 66.000000 
111.084320 -162.506577 22.720514 76.000000 
111.326477 -162.236755 22.711374 69.000000 
111.202797 -162.364426 22.711855 57.000000 
111.071938 -162.499649 22.714792 81.000000 
110.935844 -162.637009 22.723152 55.000000 
111.317879 -162.226196 22.708836 61.000000 
111.200905 -162.343521 22.715977 57.000000 
111.065735 -162.484039 22.714714 78.000000 
110.925140 -162.626785 22.719183 94.000000 
111.190018 -162.335464 22.711351 71.000000 
111.057526 -162.471313 22.712797 75.000000 
110.910233 -162.622269 22.711643 92.000000 
111.172043 -162.337280 22.699890 67.000000 
111.055595 -162.449997 22.716560 58.000000 
110.902748 -162.607651 22.710426 83.000000 
111.162170 -162.327682 22.696280 57.000000 
111.043335 -162.442932 22.710953 63.000000 
110.895317 -162.593002 22.709249 81.000000 
110.746445 -162.739960 22.717743 73.000000 
111.031075 -162.435822 22.705364 65.000000 
110.894371 -162.569809 22.713539 83.000000 
110.728874 -162.737778 22.708551 92.000000 
111.021980 -162.424423 22.702633 67.000000 
110.878471 -162.566544 22.705196 63.000000 
110.729965 -162.711227 22.714102 78.000000 
111.013428 -162.413498 22.700113 63.000000 
110.872803 -162.550980 22.705225 64.000000 
110.725105 -162.693817 22.714703 69.000000 
111.011841 -162.392227 22.704088 56.000000 
110.864502 -162.537704 22.703287 68.000000 
110.714241 -162.682968 22.710804 73.000000 
110.542603 -162.852570 22.712801 107.000000 
110.858948 -162.522141 22.703392 66.000000 
110.703934 -162.672623 22.707127 68.000000 
110.528442 -162.846039 22.706469 121.000000 
110.852936 -162.506042 22.703352 75.000000 
110.696472 -162.657486 22.705904 54.000000 
110.526253 -162.823273 22.709114 121.000000 
110.844788 -162.492752 22.701523 71.000000 
110.687943 -162.643723 22.703844 67.000000 
110.513863 -162.813263 22.704306 119.000000 
110.689606 -162.617355 22.709713 60.000000 
110.508385 -162.794769 22.704542 118.000000 
110.332497 -162.959961 22.715967 109.000000 
110.675613 -162.608093 22.703854 66.000000 
110.491486 -162.787735 22.696894 121.000000 
110.309120 -162.959473 22.704323 121.000000 
110.664978 -162.597092 22.700153 60.000000 
110.493080 -162.760834 22.702251 69.000000 
110.295128 -162.950226 22.698679 123.000000 
110.650337 -162.592133 22.693138 51.000000 
110.488991 -162.740936 22.703466 112.000000 
110.295364 -162.924149 22.702665 123.000000 
110.475639 -162.732178 22.697990 74.000000 
110.294533 -162.899506 22.705914 125.000000 
110.079506 -163.103241 22.704399 66.000000 
110.462227 -162.725906 22.692068 68.000000 
110.285408 -162.887238 22.703186 124.000000 
110.069885 -163.090408 22.701450 121.000000 
110.453606 -162.711502 22.690018 54.000000 
110.273979 -162.875122 22.699293 120.000000 
110.060310 -163.074890 22.698889 124.000000 
110.310280 -162.839569 22.693895 121.000000 
110.103409 -163.030487 22.697969 123.000000 
110.304939 -162.820480 22.694107 117.000000 
110.089035 -163.020462 22.692427 125.000000 
110.303955 -162.795334 22.697416 115.000000 
110.079002 -163.004227 22.689785 125.000000 
110.291481 -162.784470 22.692862 52.000000 
110.074577 -162.983139 22.690464 122.000000 
110.072060 -162.961334 22.692158 122.000000 
110.056595 -162.952530 22.685984 124.000000 
110.045555 -162.937576 22.682739 121.000000 
110.032631 -162.925949 22.678173 68.000000 
113.338692 -161.326813 22.755836 63.000000 
113.327965 -161.326675 22.747303 78.000000 
113.322205 -161.313080 22.749710 98.000000 
113.314964 -161.302139 22.749542 101.000000 
113.308197 -161.291519 22.749588 97.000000 
113.243134 -161.371887 22.760426 72.000000 
113.299614 -161.287094 22.744955 101.000000 
113.231926 -161.373291 22.750984 83.000000 
113.292923 -161.276443 22.745054 94.000000 
113.220840 -161.372833 22.742544 89.000000 
113.287430 -161.262833 22.747639 101.000000 
113.215218 -161.358932 22.744844 82.000000 
113.282593 -161.247772 22.751492 101.000000 
113.207817 -161.349487 22.743599 82.000000 
113.134453 -161.444366 22.746195 66.000000 
113.271507 -161.247025 22.742905 74.000000 
113.201881 -161.335281 22.745796 89.000000 
113.124489 -161.438812 22.741121 76.000000 
113.264984 -161.236343 22.743126 53.000000 
113.195816 -161.322861 22.747015 92.000000 
113.117584 -161.427597 22.740911 78.000000 
113.257118 -161.230316 22.739847 80.000000 
113.187714 -161.316666 22.743639 92.000000 
113.115761 -161.406311 22.749090 81.000000 
113.252495 -161.215256 22.743837 74.000000 
113.177307 -161.314499 22.736492 67.000000 
113.107002 -161.399551 22.745453 81.000000 
113.030556 -161.493134 22.751301 69.000000 
113.244278 -161.208878 22.740433 86.000000 
113.172630 -161.299118 22.740206 62.000000 
113.096924 -161.395721 22.739489 84.000000 
113.027100 -161.474213 22.756670 66.000000 
113.234840 -161.205353 22.734564 86.000000 
113.168686 -161.282303 22.745173 73.000000 
113.086845 -161.391846 22.733538 92.000000 
113.018150 -161.467209 22.752981 66.000000 
113.226425 -161.200668 22.730118 90.000000 
113.162643 -161.271667 22.745520 68.000000 
113.082611 -161.376495 22.737185 84.000000 
113.008263 -161.463501 22.747213 66.000000 
112.929390 -161.556320 22.756844 50.000000 
113.221375 -161.187027 22.732992 54.000000 
113.151649 -161.270828 22.737240 78.000000 
113.078697 -161.359375 22.741875 69.000000 
112.996498 -161.462357 22.738989 72.000000 
112.918739 -161.552032 22.750872 67.000000 
113.141945 -161.267044 22.731388 67.000000 
113.072815 -161.346649 22.743073 69.000000 
112.991852 -161.446381 22.742218 66.000000 
112.911049 -161.541733 22.749352 67.000000 
113.136223 -161.254562 22.732849 68.000000 
113.061447 -161.345581 22.734850 74.000000 
112.988731 -161.427490 22.747789 72.000000 
112.897430 -161.543304 22.738966 65.000000 
113.134590 -161.233475 22.741659 64.000000 
113.053551 -161.337189 22.732552 84.000000 
112.976288 -161.427704 22.738470 53.000000 
112.891273 -161.529984 22.739716 65.000000 
112.804665 -161.632645 22.745981 90.000000 
113.047783 -161.324432 22.733837 78.000000 
112.973297 -161.408813 22.744122 55.000000 
112.886688 -161.513702 22.742733 63.000000 
112.792915 -161.629471 22.738951 89.000000 
113.042786 -161.310226 22.736347 74.000000 
112.965996 -161.398727 22.742905 64.000000 
112.880669 -161.500381 22.743563 67.000000 
112.785088 -161.618805 22.737339 89.000000 
113.034286 -161.303253 22.732946 74.000000 
112.958733 -161.388611 22.741716 64.000000 
112.870102 -161.495880 22.737709 77.000000 
112.784424 -161.594772 22.745510 82.000000 
113.023949 -161.298752 22.727009 55.000000 
112.951073 -161.378143 22.740383 62.000000 
112.858307 -161.492416 22.730566 56.000000 
112.773865 -161.588150 22.740534 85.000000 
112.683884 -161.689270 22.750793 72.000000 
112.942383 -161.370895 22.736935 59.000000 
112.853172 -161.477600 22.732607 63.000000 
112.763779 -161.581879 22.735760 92.000000 
112.679291 -161.672363 22.753305 87.000000 
112.934151 -161.363983 22.733677 61.000000 
112.849335 -161.461700 22.735991 65.000000 
112.756584 -161.571533 22.734457 96.000000 
112.667755 -161.669220 22.746574 86.000000 
112.923981 -161.359558 22.727940 61.000000 
112.838837 -161.457062 22.730217 77.000000 
112.753845 -161.552002 22.739553 65.000000 
112.659920 -161.658218 22.744940 79.000000 
112.555283 -161.779175 22.745430 69.000000 
112.830711 -161.448029 22.727848 81.000000 
112.746300 -161.541275 22.738138 79.000000 
112.645378 -161.658981 22.734880 77.000000 
112.548065 -161.766357 22.744638 88.000000 
112.824997 -161.434647 22.728901 68.000000 
112.737144 -161.533447 22.734564 62.000000 
112.642677 -161.639114 22.739647 89.000000 
112.536530 -161.760941 22.738773 88.000000 
112.817307 -161.423767 22.727551 66.000000 
112.730042 -161.520828 22.734125 75.000000 
112.643028 -161.613007 22.748531 95.000000 
112.524498 -161.755035 22.732735 88.000000 
112.811707 -161.410370 22.728674 53.000000 
112.720108 -161.514389 22.729500 82.000000 
112.521812 -161.734787 22.737162 88.000000 
112.416397 -161.842697 22.747044 61.000000 
112.717346 -161.496765 22.733883 72.000000 
112.621361 -161.602982 22.737230 50.000000 
112.519707 -161.714996 22.741827 98.000000 
112.407310 -161.832458 22.744183 67.000000 
112.712532 -161.481644 22.735931 63.000000 
112.612030 -161.594803 22.733646 50.000000 
112.508270 -161.709442 22.736063 88.000000 
112.399178 -161.820724 22.742344 77.000000 
112.701859 -161.476578 22.730280 56.000000 
112.606216 -161.580780 22.734360 60.000000 
112.500435 -161.698013 22.734444 76.000000 
112.389229 -161.811905 22.738548 77.000000 
112.602226 -161.563889 22.737255 66.000000 
112.490837 -161.689468 22.730785 62.000000 
112.381607 -161.798233 22.737577 74.000000 
112.264114 -161.925064 22.742794 80.000000 
112.593430 -161.553802 22.734657 63.000000 
112.487144 -161.670334 22.734221 78.000000 
112.372658 -161.787888 22.734835 77.000000 
112.257713 -161.909988 22.742760 78.000000 
112.586021 -161.542664 22.733335 59.000000 
112.482193 -161.654526 22.735813 68.000000 
112.366562 -161.773178 22.735121 78.000000 
112.245583 -161.903687 22.736996 80.000000 
112.472717 -161.645935 22.732252 68.000000 
112.362427 -161.755554 22.737452 56.000000 
112.235397 -161.894424 22.733177 73.000000 
112.461418 -161.640182 22.726631 67.000000 
112.356468 -161.740845 22.737822 66.000000 
112.229134 -161.879303 22.733244 73.000000 
112.109451 -162.003571 22.745539 73.000000 
112.446396 -161.640106 22.716854 65.000000 
112.341965 -161.739105 22.729177 67.000000 
112.226860 -161.858383 22.737223 73.000000 
112.097984 -161.995377 22.740723 69.000000 
112.332245 -161.730103 22.725578 74.000000 
112.086533 -161.987152 22.735929 78.000000 
112.329308 -161.711044 22.729071 77.000000 
112.208755 -161.836838 22.731749 65.000000 
112.084221 -161.965836 22.739546 78.000000 
111.939148 -162.118820 22.738991 68.000000 
112.325974 -161.693893 22.731775 70.000000 
112.197266 -161.830795 22.726320 65.000000 
112.074379 -161.956604 22.735937 83.000000 
111.935143 -162.100464 22.740597 100.000000 
112.314430 -161.687698 22.726248 64.000000 
112.195274 -161.809921 22.730469 66.000000 
112.066086 -161.943970 22.734035 85.000000 
111.930679 -162.081635 22.742054 86.000000 
112.193398 -161.789093 22.734674 66.000000 
112.059898 -161.928436 22.734041 58.000000 
111.914734 -162.078705 22.733685 92.000000 
112.181511 -161.782516 22.729151 67.000000 
112.047569 -161.921494 22.728455 59.000000 
111.907211 -162.064163 22.732519 86.000000 
111.768425 -162.200729 22.748020 73.000000 
112.167114 -161.778244 22.721512 63.000000 
112.046165 -161.898315 22.733053 69.000000 
111.893913 -162.056274 22.726698 99.000000 
111.753601 -162.193909 22.741276 81.000000 
112.038078 -161.885635 22.731295 66.000000 
111.890755 -162.035980 22.729214 67.000000 
111.739326 -162.187561 22.734749 84.000000 
112.022697 -161.882858 22.722961 72.000000 
111.882324 -162.022842 22.727261 59.000000 
111.728874 -162.177383 22.731030 84.000000 
112.014671 -161.870102 22.721258 69.000000 
111.876099 -162.006836 22.727154 68.000000 
111.725594 -162.156631 22.733208 76.000000 
111.560577 -162.319870 22.739359 109.000000 
111.868858 -161.992249 22.726181 82.000000 
111.726830 -162.130203 22.738911 90.000000 
111.541328 -162.318665 22.729559 118.000000 
111.859497 -161.980469 22.723425 71.000000 
111.534477 -162.301666 22.728888 122.000000 
111.849083 -161.970078 22.719788 70.000000 
111.706314 -162.107269 22.732214 64.000000 
111.536766 -162.273300 22.734909 118.000000 
111.846359 -161.949844 22.722572 72.000000 
111.692192 -162.100693 22.725853 68.000000 
111.528946 -162.257751 22.733505 120.000000 
111.344284 -162.437073 22.737688 109.000000 
111.687584 -162.083344 22.726696 70.000000 
111.517166 -162.248413 22.728998 121.000000 
111.336662 -162.421570 22.736231 122.000000 
111.680260 -162.068253 22.725645 73.000000 
111.508293 -162.234238 22.726830 61.000000 
111.322662 -162.412537 22.730635 126.000000 
111.672989 -162.053177 22.724632 64.000000 
111.500618 -162.218643 22.725536 72.000000 
111.314545 -162.396393 22.729048 124.000000 
111.495316 -162.200241 22.725960 63.000000 
111.302948 -162.384460 22.725107 125.000000 
111.106499 -162.570251 22.734743 66.000000 
111.486053 -162.185455 22.723724 66.000000 
111.296730 -162.364883 22.725004 127.000000 
111.091400 -162.559906 22.728939 123.000000 
111.473892 -162.175385 22.719183 72.000000 
111.294739 -162.341736 22.727547 109.000000 
111.074501 -162.552933 22.721848 126.000000 
111.510750 -162.141098 22.715000 72.000000 
111.335938 -162.301468 22.726542 113.000000 
111.121292 -162.505142 22.724411 124.000000 
111.326927 -162.286682 22.724360 111.000000 
111.117836 -162.482773 22.725767 125.000000 
111.312592 -162.276794 22.718805 115.000000 
111.104095 -162.470871 22.720869 126.000000 
111.301247 -162.264679 22.715080 111.000000 
111.089745 -162.460938 22.715433 110.000000 
111.303268 -162.237473 22.720282 51.000000 
111.084038 -162.441315 22.715393 121.000000 
111.073463 -162.427185 22.712328 122.000000 
111.074684 -162.401367 22.716419 123.000000 
111.060501 -162.391296 22.711123 122.000000 
114.317787 -160.788834 22.767822 51.000000 
114.308685 -160.784256 22.762941 78.000000 
114.301910 -160.771866 22.763958 90.000000 
114.296745 -160.756805 22.767626 90.000000 
114.288834 -160.749191 22.765249 86.000000 
114.219391 -160.841721 22.766745 64.000000 
114.279823 -160.744492 22.760454 90.000000 
114.218414 -160.815903 22.778484 73.000000 
114.273369 -160.735962 22.759695 90.000000 
114.207649 -160.817657 22.769268 73.000000 
114.267265 -160.723862 22.761057 94.000000 
114.197189 -160.815735 22.762066 61.000000 
114.261383 -160.709961 22.763504 97.000000 
114.188118 -160.808975 22.758268 68.000000 
114.122749 -160.886063 22.774956 61.000000 
114.256577 -160.694931 22.767397 64.000000 
114.182571 -160.795105 22.760645 73.000000 
114.107491 -160.894409 22.759668 76.000000 
114.245140 -160.697754 22.756737 83.000000 
114.177528 -160.781570 22.763241 70.000000 
114.099060 -160.888046 22.756166 76.000000 
114.235626 -160.694351 22.750826 86.000000 
114.171486 -160.769180 22.764498 82.000000 
114.093475 -160.873871 22.758322 81.000000 
114.231743 -160.676071 22.757109 71.000000 
114.161293 -160.765289 22.758408 70.000000 
114.089500 -160.854919 22.763840 81.000000 
114.011421 -160.953186 22.766388 69.000000 
114.227158 -160.661041 22.761139 80.000000 
114.151512 -160.761673 22.752504 65.000000 
114.079414 -160.851135 22.757902 87.000000 
114.006531 -160.937256 22.769480 69.000000 
114.217728 -160.657578 22.755299 74.000000 
114.146873 -160.746323 22.756258 67.000000 
114.073349 -160.838455 22.759005 81.000000 
113.998940 -160.927292 22.768074 70.000000 
114.207054 -160.656952 22.746984 71.000000 
114.141014 -160.733902 22.757641 64.000000 
114.061943 -160.837540 22.750755 87.000000 
113.991394 -160.917328 22.766697 74.000000 
113.904236 -161.028336 22.763145 54.000000 
114.135635 -160.721817 22.759230 58.000000 
114.058418 -160.820755 22.755617 67.000000 
113.984322 -160.907700 22.765528 76.000000 
113.902779 -161.006454 22.770624 64.000000 
114.124626 -160.721008 22.750984 58.000000 
114.053864 -160.805130 22.759171 74.000000 
113.973999 -160.903625 22.759636 74.000000 
113.892120 -161.002167 22.764692 72.000000 
114.116249 -160.714340 22.747601 58.000000 
114.045250 -160.798279 22.755693 76.000000 
113.969406 -160.887695 22.762915 76.000000 
113.883690 -160.993378 22.762100 67.000000 
114.038048 -160.788483 22.754597 69.000000 
113.961998 -160.877655 22.761650 69.000000 
113.873795 -160.987534 22.757311 72.000000 
113.792259 -161.081451 22.770180 95.000000 
114.026672 -160.787384 22.746428 60.000000 
113.953178 -160.870544 22.758116 67.000000 
113.866165 -160.977203 22.755878 72.000000 
113.777412 -161.084335 22.758881 92.000000 
114.023041 -160.770294 22.751305 70.000000 
113.942917 -160.866333 22.752302 69.000000 
113.860092 -160.963898 22.756706 87.000000 
113.766434 -161.079666 22.752970 92.000000 
114.017357 -160.757568 22.752668 68.000000 
113.934120 -160.859161 22.748806 65.000000 
113.854080 -160.950592 22.757572 84.000000 
113.764137 -161.058609 22.758961 85.000000 
113.929802 -160.843216 22.752260 65.000000 
113.845047 -160.943176 22.753996 68.000000 
113.761162 -161.039078 22.763929 89.000000 
113.665184 -161.152344 22.765799 69.000000 
113.924500 -160.830566 22.753614 72.000000 
113.831848 -160.944870 22.743893 78.000000 
113.750748 -161.034729 22.758284 85.000000 
113.659370 -161.138824 22.766396 79.000000 
113.917313 -160.820435 22.752518 62.000000 
113.830612 -160.922760 22.751579 78.000000 
113.743088 -161.024063 22.756817 99.000000 
113.655624 -161.120453 22.769993 75.000000 
113.824348 -160.909058 22.752401 84.000000 
113.734192 -161.014465 22.754110 79.000000 
113.645645 -161.112091 22.766090 73.000000 
113.539833 -161.236313 22.764639 56.000000 
113.817802 -160.897186 22.752308 72.000000 
113.726608 -161.003754 22.752703 79.000000 
113.634476 -161.107040 22.760288 79.000000 
113.541252 -161.208649 22.774029 82.000000 
113.807678 -160.890717 22.747561 64.000000 
113.723534 -160.983887 22.757704 79.000000 
113.626221 -161.095642 22.758543 79.000000 
113.527527 -161.205872 22.765982 89.000000 
113.796410 -160.887466 22.740740 62.000000 
113.715233 -160.974640 22.755274 85.000000 
113.623596 -161.075821 22.763363 89.000000 
113.518654 -161.196045 22.763239 76.000000 
113.706131 -160.966812 22.751772 72.000000 
113.615067 -161.066284 22.760813 60.000000 
113.506287 -161.192108 22.756430 79.000000 
113.404488 -161.293945 22.770218 61.000000 
113.695381 -160.961853 22.746094 72.000000 
113.610016 -161.050888 22.762539 68.000000 
113.501884 -161.174850 22.758858 85.000000 
113.392242 -161.290131 22.763624 67.000000 
113.691803 -160.945679 22.749409 75.000000 
113.599442 -161.046082 22.757036 70.000000 
113.498047 -161.158051 22.761515 85.000000 
113.386841 -161.274002 22.764767 74.000000 
113.591011 -161.036484 22.754566 63.000000 
113.484848 -161.155457 22.753746 65.000000 
113.380592 -161.259369 22.764961 74.000000 
113.259354 -161.394257 22.765591 59.000000 
113.582611 -161.026855 22.752125 70.000000 
113.475227 -161.146973 22.750109 64.000000 
113.371613 -161.249146 22.762217 77.000000 
113.250969 -161.382187 22.763618 80.000000 
113.582176 -161.004211 22.759336 68.000000 
113.468353 -161.134094 22.749594 73.000000 
113.357071 -161.247650 22.753529 74.000000 
113.245499 -161.365677 22.764549 76.000000 
113.569443 -161.001770 22.751606 56.000000 
113.464264 -161.116852 22.752213 73.000000 
113.350006 -161.234421 22.752821 64.000000 
113.241074 -161.347717 22.766481 80.000000 
113.459343 -161.101074 22.753845 68.000000 
113.344391 -161.217834 22.753965 55.000000 
113.226540 -161.343948 22.758669 83.000000 
113.109756 -161.465912 22.773045 58.000000 
113.447563 -161.094971 22.748075 68.000000 
113.345978 -161.191559 22.762342 72.000000 
113.218330 -161.331818 22.756832 85.000000 
113.098267 -161.457840 22.768234 69.000000 
113.434402 -161.092102 22.740421 62.000000 
113.330544 -161.191360 22.752741 72.000000 
113.212128 -161.316757 22.756954 80.000000 
113.088806 -161.446808 22.765297 73.000000 
113.320824 -161.182434 22.749168 67.000000 
113.202553 -161.307953 22.753437 51.000000 
113.074341 -161.443054 22.757755 76.000000 
113.313538 -161.171036 22.747808 69.000000 
113.202377 -161.284210 22.759436 65.000000 
113.070496 -161.425156 22.759701 81.000000 
112.932243 -161.569824 22.764753 82.000000 
113.308708 -161.154892 22.749327 64.000000 
113.191902 -161.276825 22.755014 62.000000 
113.066208 -161.406784 22.761505 85.000000 
112.916252 -161.567062 22.756371 85.000000 
113.179451 -161.269913 22.749279 59.000000 
113.059959 -161.391327 22.761490 73.000000 
112.910690 -161.549683 22.756927 72.000000 
113.174011 -161.255280 22.749762 60.000000 
113.046600 -161.385956 22.754980 68.000000 
112.909386 -161.526520 22.761105 67.000000 
112.761497 -161.678909 22.768429 51.000000 
113.171669 -161.234009 22.753824 59.000000 
113.032211 -161.381973 22.747549 68.000000 
112.902931 -161.510620 22.760860 71.000000 
112.751480 -161.666916 22.765305 77.000000 
113.028152 -161.363586 22.749504 68.000000 
112.888077 -161.506241 22.753475 81.000000 
112.745819 -161.649109 22.765642 77.000000 
113.029381 -161.338089 22.756203 69.000000 
112.875328 -161.498901 22.747902 67.000000 
112.738060 -161.634201 22.764305 73.000000 
113.017159 -161.331146 22.750736 72.000000 
112.873276 -161.477219 22.751362 68.000000 
112.728172 -161.622162 22.761286 77.000000 
112.565475 -161.784912 22.768574 61.000000 
113.006531 -161.320816 22.746994 55.000000 
112.867577 -161.459335 22.751986 72.000000 
112.718880 -161.608124 22.758970 77.000000 
112.555740 -161.770386 22.766010 109.000000 
112.856018 -161.450500 22.747410 70.000000 
112.712379 -161.591736 22.758614 57.000000 
112.543259 -161.760681 22.761211 115.000000 
112.845558 -161.440201 22.743765 70.000000 
112.708153 -161.572510 22.760029 57.000000 
112.528542 -161.753815 22.754787 114.000000 
112.836205 -161.428452 22.741055 75.000000 
112.699570 -161.558960 22.758022 64.000000 
112.524010 -161.734039 22.755831 117.000000 
112.346237 -161.907303 22.764603 109.000000 
112.690460 -161.547363 22.755367 60.000000 
112.524666 -161.709152 22.760433 118.000000 
112.330444 -161.901871 22.757605 121.000000 
112.681969 -161.533783 22.753426 61.000000 
112.523750 -161.685165 22.764072 54.000000 
112.322189 -161.885818 22.755949 123.000000 
112.671272 -161.522995 22.749777 61.000000 
112.500023 -161.689484 22.751123 54.000000 
112.318665 -161.864075 22.757500 122.000000 
112.492340 -161.673950 22.749846 69.000000 
112.316399 -161.840958 22.759897 123.000000 
112.105927 -162.046280 22.759829 122.000000 
112.484703 -161.658417 22.748606 63.000000 
112.301308 -161.833359 22.753611 124.000000 
112.103348 -162.022537 22.761755 122.000000 
112.480614 -161.638672 22.749916 104.000000 
112.289757 -161.821487 22.749735 113.000000 
112.096069 -162.004471 22.760719 125.000000 
112.473656 -161.623688 22.748943 69.000000 
112.288300 -161.798981 22.752464 113.000000 
112.081024 -161.996857 22.754637 125.000000 
112.332314 -161.753510 22.752913 117.000000 
112.122215 -161.953644 22.753181 125.000000 
112.321541 -161.739594 22.749763 115.000000 
112.112068 -161.937698 22.750553 125.000000 
112.308975 -161.729019 22.745234 119.000000 
112.108681 -161.915405 22.751966 121.000000 
112.294662 -161.719177 22.739742 60.000000 
112.098671 -161.899429 22.749430 121.000000 
112.089310 -161.884064 22.747128 122.000000 
112.071953 -161.878952 22.739695 123.000000 
112.066376 -161.859406 22.739758 124.000000 
115.311966 -160.212585 22.767622 73.000000 
115.305603 -160.200623 22.768915 85.000000 
115.293297 -160.205017 22.756800 86.000000 
115.285889 -160.195984 22.755692 83.000000 
115.277397 -160.189896 22.752157 80.000000 
115.212738 -160.272339 22.761362 72.000000 
115.272293 -160.174927 22.756016 83.000000 
115.204620 -160.264557 22.758949 73.000000 
115.266129 -160.162918 22.757456 83.000000 
115.192978 -160.265686 22.749374 71.000000 
115.258881 -160.153839 22.756466 86.000000 
115.187874 -160.250412 22.752993 70.000000 
115.250511 -160.147659 22.753031 86.000000 
115.182854 -160.235153 22.756657 64.000000 
115.109550 -160.333496 22.756102 61.000000 
115.239838 -160.147308 22.744665 71.000000 
115.176689 -160.222870 22.757956 63.000000 
115.100670 -160.326889 22.752472 83.000000 
115.234993 -160.132324 22.748697 77.000000 
115.169357 -160.213516 22.756882 63.000000 
115.096931 -160.308365 22.758234 76.000000 
115.230652 -160.117691 22.752943 71.000000 
115.158150 -160.214767 22.747549 73.000000 
115.085983 -160.307999 22.750147 76.000000 
115.223579 -160.108536 22.752085 74.000000 
115.152725 -160.200974 22.750143 68.000000 
115.078476 -160.298370 22.748934 72.000000 
115.009926 -160.377655 22.765671 64.000000 
115.214134 -160.105148 22.746273 74.000000 
115.149254 -160.182800 22.756414 65.000000 
115.069695 -160.291672 22.745396 71.000000 
115.000923 -160.370789 22.762049 61.000000 
115.203468 -160.104599 22.737974 71.000000 
115.142075 -160.173416 22.755451 65.000000 
115.062248 -160.281998 22.744236 72.000000 
114.991951 -160.363892 22.758448 62.000000 
115.131096 -160.172714 22.747219 58.000000 
115.061501 -160.257614 22.754925 74.000000 
114.981598 -160.359940 22.752571 55.000000 
115.123955 -160.163269 22.746298 58.000000 
115.051498 -160.253815 22.749107 67.000000 
114.976837 -160.344086 22.755899 56.000000 
114.893227 -160.449249 22.755718 63.000000 
115.113838 -160.159271 22.740356 60.000000 
115.041733 -160.248169 22.744316 78.000000 
114.970299 -160.330872 22.756796 61.000000 
114.880638 -160.447632 22.747423 62.000000 
115.033768 -160.239899 22.742088 71.000000 
114.962845 -160.320938 22.755600 64.000000 
114.875107 -160.432938 22.749374 67.000000 
115.028328 -160.227600 22.743624 69.000000 
114.953018 -160.317200 22.749983 61.000000 
114.870842 -160.417130 22.752668 65.000000 
114.785652 -160.520447 22.758057 72.000000 
115.022507 -160.214951 22.745028 67.000000 
114.942741 -160.313080 22.744205 59.000000 
114.861717 -160.409851 22.749096 65.000000 
114.775467 -160.514420 22.753284 85.000000 
115.016754 -160.202316 22.746464 69.000000 
114.938255 -160.297226 22.747715 62.000000 
114.854118 -160.399597 22.747791 65.000000 
114.771515 -160.496460 22.757233 82.000000 
114.932396 -160.284317 22.748945 59.000000 
114.843536 -160.395187 22.742012 67.000000 
114.763733 -160.485931 22.755781 60.000000 
114.921448 -160.281555 22.742069 62.000000 
114.837517 -160.381943 22.743015 65.000000 
114.755997 -160.475388 22.754360 69.000000 
114.665848 -160.580200 22.761612 63.000000 
114.911224 -160.277298 22.736366 59.000000 
114.834618 -160.362869 22.748573 67.000000 
114.745125 -160.470734 22.748594 69.000000 
114.657906 -160.569366 22.760035 72.000000 
114.904724 -160.265762 22.736513 50.000000 
114.824104 -160.358383 22.742867 77.000000 
114.737442 -160.460144 22.747225 67.000000 
114.650002 -160.558517 22.758490 70.000000 
114.817474 -160.346588 22.742842 66.000000 
114.737831 -160.434860 22.756861 65.000000 
114.636345 -160.558014 22.749550 63.000000 
114.806206 -160.343491 22.736036 62.000000 
114.725433 -160.433060 22.748974 67.000000 
114.633492 -160.538254 22.754429 65.000000 
114.532669 -160.655258 22.756886 82.000000 
114.801216 -160.328766 22.738340 66.000000 
114.716263 -160.425354 22.745499 65.000000 
114.627380 -160.524414 22.755100 61.000000 
114.516830 -160.657394 22.745983 73.000000 
114.707115 -160.417618 22.742044 67.000000 
114.621330 -160.510574 22.755812 63.000000 
114.512230 -160.640228 22.748461 61.000000 
114.699631 -160.406952 22.740824 62.000000 
114.612793 -160.501129 22.753355 56.000000 
114.512085 -160.615692 22.756140 64.000000 
114.399658 -160.735031 22.756388 58.000000 
114.696251 -160.386826 22.745939 65.000000 
114.596527 -160.502502 22.742012 63.000000 
114.502312 -160.605087 22.753191 64.000000 
114.395073 -160.717529 22.758627 67.000000 
114.684715 -160.383347 22.739244 52.000000 
114.593170 -160.484253 22.746031 66.000000 
114.492661 -160.596756 22.749599 64.000000 
114.387009 -160.708298 22.756290 74.000000 
114.587372 -160.472626 22.746145 59.000000 
114.485771 -160.586304 22.748461 78.000000 
114.375229 -160.702576 22.750612 74.000000 
114.581566 -160.458740 22.747023 63.000000 
114.473480 -160.582275 22.741800 64.000000 
114.366219 -160.692413 22.747955 64.000000 
114.257896 -160.808441 22.759974 68.000000 
114.569702 -160.454941 22.740393 52.000000 
114.477364 -160.552063 22.753883 66.000000 
114.359085 -160.679291 22.747334 69.000000 
114.244820 -160.803833 22.753332 68.000000 
114.467865 -160.543655 22.750410 62.000000 
114.356659 -160.658875 22.751774 72.000000 
114.232689 -160.797699 22.747669 69.000000 
114.454750 -160.541000 22.742781 61.000000 
114.348724 -160.647217 22.750225 57.000000 
114.228241 -160.779800 22.749775 73.000000 
114.441612 -160.538269 22.735163 57.000000 
114.338005 -160.639893 22.745682 64.000000 
114.225807 -160.759018 22.753868 71.000000 
114.096123 -160.901855 22.753664 58.000000 
114.435814 -160.523987 22.735935 50.000000 
114.321632 -160.641174 22.735096 67.000000 
114.215714 -160.749893 22.750238 78.000000 
114.087616 -160.889435 22.751753 65.000000 
114.320412 -160.619339 22.740707 59.000000 
114.207596 -160.737839 22.748583 67.000000 
114.082138 -160.872620 22.752682 69.000000 
114.318352 -160.598999 22.745361 64.000000 
114.191681 -160.737320 22.739151 57.000000 
114.074730 -160.858719 22.751781 78.000000 
113.934647 -161.008560 22.752823 55.000000 
114.190498 -160.715103 22.744389 59.000000 
114.064354 -160.849167 22.748104 78.000000 
113.931053 -160.988388 22.755287 82.000000 
114.186462 -160.697250 22.746744 53.000000 
114.054001 -160.839569 22.744450 83.000000 
113.918243 -160.981339 22.749697 78.000000 
114.176544 -160.688004 22.743259 55.000000 
114.050797 -160.819855 22.747417 65.000000 
113.908554 -160.969879 22.746836 78.000000 
114.166641 -160.678726 22.739801 53.000000 
114.045639 -160.803040 22.748549 72.000000 
113.897858 -160.959839 22.743099 78.000000 
113.764015 -161.093307 22.760191 73.000000 
114.035416 -160.793381 22.744995 72.000000 
113.892433 -160.942551 22.743919 86.000000 
113.751907 -161.084320 22.755491 77.000000 
114.023155 -160.786560 22.739574 55.000000 
113.886032 -160.926712 22.743879 83.000000 
113.743042 -161.070969 22.753420 70.000000 
114.010895 -160.779678 22.734173 63.000000 
113.876518 -160.915176 22.741150 70.000000 
113.733147 -161.059021 22.750515 73.000000 
113.864906 -160.906464 22.736631 75.000000 
113.730896 -161.037003 22.753738 73.000000 
113.560905 -161.212280 22.752710 75.000000 
113.852242 -160.899124 22.731222 72.000000 
113.720016 -161.026474 22.750036 75.000000 
113.550636 -161.199814 22.749672 106.000000 
113.846031 -160.883209 22.731321 75.000000 
113.709160 -161.015900 22.746363 59.000000 
113.547112 -161.178726 22.751667 114.000000 
113.842041 -160.864502 22.733292 75.000000 
113.699432 -161.003860 22.743593 64.000000 
113.538071 -161.164810 22.749538 117.000000 
113.359550 -161.342010 22.755049 104.000000 
113.689743 -160.991806 22.740854 73.000000 
113.526825 -161.153717 22.745771 118.000000 
113.352394 -161.324707 22.754303 121.000000 
113.682884 -160.974945 22.740608 68.000000 
113.521843 -161.133514 22.746881 68.000000 
113.345886 -161.305374 22.754202 121.000000 
113.675522 -160.960037 22.739702 70.000000 
113.506126 -161.128021 22.739826 104.000000 
113.330757 -161.298004 22.747952 121.000000 
113.499542 -161.111176 22.739521 75.000000 
113.319122 -161.286301 22.744125 121.000000 
113.131996 -161.465240 22.756832 107.000000 
113.488434 -161.099960 22.735886 108.000000 
113.315704 -161.264709 22.745945 125.000000 
113.113953 -161.460083 22.749071 120.000000 
113.487183 -161.075546 22.739706 102.000000 
113.316505 -161.236923 22.750849 113.000000 
113.101257 -161.447159 22.744944 122.000000 
113.469231 -161.072647 22.731066 102.000000 
113.299156 -161.232193 22.743118 117.000000 
113.092789 -161.430588 22.743340 125.000000 
113.290077 -161.217606 22.741053 121.000000 
113.089203 -161.408401 22.744839 126.000000 
113.323563 -161.184189 22.732897 119.000000 
113.126961 -161.368912 22.739691 126.000000 
113.316307 -161.168762 22.731892 121.000000 
113.120483 -161.351532 22.739176 122.000000 
113.103745 -161.344635 22.732353 123.000000 
113.095551 -161.327988 22.730953 125.000000 
113.096001 -161.301682 22.735006 122.000000 
113.091011 -161.282913 22.735430 122.000000 
116.303886 -159.636688 22.768602 63.000000 
116.292740 -159.638214 22.758940 74.000000 
116.283478 -159.637299 22.752085 65.000000 
116.280380 -159.616486 22.760897 77.000000 
116.211761 -159.712738 22.758455 52.000000 
116.271103 -159.609894 22.757084 77.000000 
116.203323 -159.702927 22.756922 72.000000 
116.265991 -159.595032 22.761059 68.000000 
116.198112 -159.687759 22.760586 70.000000 
116.256920 -159.592224 22.755337 80.000000 
116.194572 -159.669968 22.766880 68.000000 
116.246857 -159.590546 22.748211 57.000000 
116.185989 -159.663727 22.763393 61.000000 
116.177849 -159.657776 22.760099 65.000000 
116.107399 -159.751816 22.762060 70.000000 
116.168091 -159.654434 22.754229 56.000000 
116.098572 -159.745331 22.758505 76.000000 
116.161530 -159.641907 22.755478 58.000000 
116.086800 -159.744431 22.750074 74.000000 
116.077988 -159.737854 22.746552 64.000000 
116.072403 -159.723862 22.748964 66.000000 
115.999298 -159.815369 22.755653 64.000000 
116.068832 -159.705460 22.754974 68.000000 
115.991638 -159.805588 22.754381 64.000000 
116.060135 -159.698837 22.751535 64.000000 
115.984016 -159.795776 22.753138 61.000000 
115.979172 -159.780029 22.756542 64.000000 
115.897469 -159.884232 22.756666 63.000000 
115.969322 -159.776459 22.750910 56.000000 
115.890160 -159.874512 22.755482 69.000000 
115.959030 -159.772507 22.745117 59.000000 
115.882423 -159.864410 22.754147 67.000000 
115.951538 -159.762619 22.743979 58.000000 
115.873268 -159.857254 22.750589 77.000000 
115.864868 -159.848602 22.748180 81.000000 
115.785851 -159.941833 22.760319 95.000000 
115.855759 -159.841400 22.744667 78.000000 
115.774193 -159.938889 22.753429 69.000000 
115.846664 -159.834152 22.741175 81.000000 
115.763298 -159.934402 22.747644 79.000000 
115.842079 -159.818069 22.744503 81.000000 
115.754715 -159.925430 22.745165 72.000000 
115.675133 -160.013046 22.764612 54.000000 
115.751610 -159.906082 22.750404 75.000000 
115.662361 -160.011307 22.756723 74.000000 
115.747826 -159.888229 22.754597 79.000000 
115.651985 -160.005020 22.752033 72.000000 
115.738609 -159.880707 22.751118 79.000000 
115.648132 -159.986832 22.755894 79.000000 
115.641090 -159.974579 22.755529 75.000000 
115.538239 -160.098267 22.752909 88.000000 
115.633278 -159.963806 22.754129 77.000000 
115.532677 -160.082703 22.754404 78.000000 
115.623375 -159.955551 22.750443 77.000000 
115.526688 -160.066742 22.755760 68.000000 
115.613968 -159.947662 22.746952 71.000000 
115.516968 -160.058594 22.752155 68.000000 
115.418343 -160.160309 22.764948 66.000000 
115.609612 -159.930969 22.749941 54.000000 
115.505531 -160.053345 22.746498 68.000000 
115.405685 -160.156311 22.758268 69.000000 
115.603653 -159.917221 22.750820 66.000000 
115.500191 -160.037766 22.748142 73.000000 
115.395805 -160.150131 22.753973 66.000000 
115.594429 -159.911514 22.746677 63.000000 
115.494133 -160.025955 22.748093 79.000000 
115.386749 -160.140137 22.751341 69.000000 
115.585144 -159.903534 22.743294 63.000000 
115.485397 -160.016220 22.745636 58.000000 
115.380844 -160.123779 22.752586 66.000000 
115.264656 -160.255417 22.753756 68.000000 
115.574547 -159.896576 22.738682 56.000000 
115.482414 -159.995865 22.750357 64.000000 
115.377342 -160.104935 22.756075 67.000000 
115.255333 -160.245026 22.751017 74.000000 
115.467545 -159.996277 22.740633 59.000000 
115.367020 -160.095932 22.752357 72.000000 
115.246468 -160.232697 22.749096 64.000000 
115.457535 -159.987518 22.737040 59.000000 
115.355370 -160.090225 22.746820 69.000000 
115.243835 -160.211975 22.753239 61.000000 
115.451622 -159.973358 22.737848 57.000000 
115.345566 -160.081558 22.743328 58.000000 
115.235603 -160.200089 22.751579 61.000000 
115.111328 -160.338013 22.754068 58.000000 
115.337654 -160.069962 22.741892 57.000000 
115.223579 -160.194016 22.746038 66.000000 
115.102791 -160.325729 22.752226 72.000000 
115.333534 -160.052582 22.744560 50.000000 
115.217331 -160.179153 22.746395 66.000000 
115.092323 -160.316360 22.748535 76.000000 
115.327614 -160.038101 22.745235 58.000000 
115.207283 -160.170090 22.742867 54.000000 
115.085846 -160.301117 22.748638 73.000000 
115.206497 -160.148453 22.748386 55.000000 
115.074974 -160.293610 22.744244 63.000000 
114.947212 -160.428055 22.754045 67.000000 
115.196533 -160.139359 22.744921 56.000000 
115.068596 -160.278351 22.744421 67.000000 
114.929298 -160.428467 22.743963 71.000000 
115.184631 -160.133118 22.739510 55.000000 
115.064285 -160.260178 22.746531 67.000000 
114.919563 -160.417130 22.741152 71.000000 
115.173721 -160.125397 22.735106 51.000000 
115.057030 -160.246353 22.745840 61.000000 
114.917091 -160.395599 22.744738 71.000000 
115.047302 -160.237320 22.742508 65.000000 
114.911102 -160.380402 22.744915 68.000000 
114.766907 -160.530579 22.750875 64.000000 
115.035042 -160.230637 22.737122 63.000000 
114.902565 -160.367584 22.743124 78.000000 
114.761185 -160.512985 22.751480 68.000000 
115.027916 -160.214371 22.737137 60.000000 
114.890915 -160.356628 22.739180 70.000000 
114.755508 -160.492935 22.752638 60.000000 
114.880356 -160.346619 22.735622 67.000000 
114.749947 -160.475372 22.753340 64.000000 
114.584015 -160.649048 22.752571 59.000000 
114.874046 -160.330872 22.735765 66.000000 
114.738518 -160.466949 22.748999 61.000000 
114.572632 -160.638199 22.748762 71.000000 
114.874176 -160.306595 22.741470 68.000000 
114.725487 -160.459396 22.743618 66.000000 
114.564590 -160.622986 22.747499 106.000000 
114.859489 -160.302216 22.734331 67.000000 
114.718994 -160.443222 22.743551 66.000000 
114.556610 -160.607773 22.746277 104.000000 
114.714752 -160.424194 22.745289 66.000000 
114.545341 -160.596832 22.742567 87.000000 
114.388611 -160.749100 22.760994 102.000000 
114.708397 -160.408035 22.745308 60.000000 
114.536339 -160.582993 22.740576 104.000000 
114.366676 -160.750595 22.749950 120.000000 
114.693275 -160.403183 22.738276 61.000000 
114.533012 -160.562042 22.742847 81.000000 
114.353859 -160.740555 22.745346 122.000000 
114.523003 -160.549606 22.740088 87.000000 
114.352570 -160.716217 22.748835 124.000000 
114.508484 -160.542801 22.733965 84.000000 
114.349083 -160.694778 22.750767 124.000000 
114.147820 -160.895203 22.750671 106.000000 
114.499634 -160.531403 22.731619 74.000000 
114.337563 -160.685822 22.746643 126.000000 
114.133400 -160.888580 22.744890 122.000000 
114.497726 -160.509048 22.734911 63.000000 
114.335388 -160.662979 22.749474 117.000000 
114.130806 -160.865112 22.747206 124.000000 
114.307610 -160.668503 22.734941 119.000000 
114.119987 -160.848907 22.744576 124.000000 
114.304382 -160.647049 22.737041 113.000000 
114.104446 -160.840942 22.738506 125.000000 
114.304794 -160.621429 22.741640 113.000000 
114.094910 -160.825897 22.736326 126.000000 
114.297028 -160.605591 22.740582 50.000000 
114.139702 -160.777908 22.736597 124.000000 
114.137527 -160.754501 22.739166 124.000000 
114.128181 -160.739441 22.737122 120.000000 
114.115227 -160.728500 22.732775 115.000000 
117.281136 -159.077393 22.769600 63.000000 
117.273560 -159.070313 22.767477 74.000000 
117.268753 -159.054001 22.772591 74.000000 
117.257858 -159.051941 22.765068 86.000000 
117.249405 -159.045990 22.761608 86.000000 
117.188339 -159.122864 22.774471 78.000000 
117.240303 -159.043243 22.755861 86.000000 
117.179558 -159.118515 22.769917 73.000000 
117.234062 -159.031342 22.757393 86.000000 
117.170341 -159.113831 22.765202 68.000000 
117.162148 -159.107941 22.761883 65.000000 
117.154709 -159.098740 22.760830 60.000000 
117.084663 -159.193115 22.762686 67.000000 
117.149673 -159.083633 22.764658 60.000000 
117.073952 -159.191147 22.755592 80.000000 
117.142326 -159.074417 22.763668 63.000000 
117.068840 -159.175720 22.759132 72.000000 
117.065063 -159.157333 22.765085 74.000000 
117.053780 -159.156738 22.756868 74.000000 
116.982559 -159.245529 22.765553 64.000000 
117.045021 -159.150192 22.753405 64.000000 
116.975555 -159.234314 22.765450 66.000000 
117.040146 -159.134766 22.757095 80.000000 
116.967926 -159.224579 22.764227 72.000000 
116.955826 -159.223389 22.755917 72.000000 
116.946884 -159.216553 22.752420 69.000000 
116.871689 -159.307480 22.762455 83.000000 
116.941147 -159.204132 22.753761 70.000000 
116.862259 -159.302261 22.757936 67.000000 
116.851646 -159.298141 22.752131 65.000000 
116.758385 -159.421982 22.742439 51.000000 
116.846832 -159.282104 22.755369 61.000000 
116.765358 -159.381622 22.762814 72.000000 
116.840637 -159.269028 22.756392 61.000000 
116.754456 -159.377243 22.757015 84.000000 
116.831558 -159.261871 22.752918 63.000000 
116.749634 -159.360901 22.760008 69.000000 
116.744896 -159.344574 22.763046 63.000000 
116.732063 -159.342697 22.754942 60.000000 
116.645737 -159.443802 22.764177 54.000000 
116.724327 -159.332275 22.753641 63.000000 
116.640984 -159.427155 22.766964 62.000000 
116.715996 -159.325516 22.750507 60.000000 
116.634033 -159.417252 22.765881 61.000000 
116.622917 -159.412476 22.760187 61.000000 
116.521568 -159.535110 22.758307 69.000000 
116.610855 -159.406876 22.754156 61.000000 
116.518341 -159.512833 22.763594 100.000000 
116.606323 -159.390213 22.757088 63.000000 
116.506882 -159.507736 22.757900 73.000000 
116.601044 -159.375046 22.758989 53.000000 
116.493713 -159.505554 22.750143 71.000000 
116.487396 -159.491486 22.750721 68.000000 
116.481133 -159.477417 22.751339 68.000000 
116.376312 -159.589401 22.756552 66.000000 
116.475800 -159.461868 22.753038 59.000000 
116.373085 -159.570999 22.760155 72.000000 
116.365852 -159.558090 22.759590 66.000000 
116.355957 -159.549576 22.756025 66.000000 
116.244789 -159.673950 22.761490 68.000000 
116.343353 -159.545425 22.749447 69.000000 
116.235497 -159.663620 22.758801 59.000000 
116.224365 -159.656204 22.754189 65.000000 
116.213242 -159.648743 22.749599 59.000000 
116.098251 -159.774002 22.760448 54.000000 
116.206367 -159.633484 22.749752 52.000000 
116.082359 -159.771637 22.751850 60.000000 
116.201019 -159.617218 22.751104 57.000000 
116.066963 -159.769638 22.743444 72.000000 
116.063332 -159.750000 22.746382 63.000000 
116.059792 -159.730392 22.749371 65.000000 
116.048920 -159.722916 22.745005 67.000000 
115.914383 -159.867828 22.747946 71.000000 
116.039543 -159.712021 22.742382 60.000000 
115.907677 -159.852173 22.747873 75.000000 
115.894890 -159.845245 22.742373 81.000000 
115.885193 -159.833908 22.739632 86.000000 
115.754158 -159.967285 22.756067 69.000000 
115.869316 -159.831223 22.731430 89.000000 
115.743095 -159.957016 22.752321 70.000000 
115.866943 -159.809708 22.735161 78.000000 
115.732063 -159.946716 22.748604 70.000000 
115.721054 -159.936386 22.744915 70.000000 
115.717575 -159.915924 22.747416 75.000000 
115.554100 -160.087051 22.748014 103.000000 
115.708809 -159.902679 22.745560 75.000000 
115.538292 -160.081985 22.740868 108.000000 
115.540138 -160.053802 22.747227 114.000000 
115.533257 -160.037186 22.746897 108.000000 
115.523102 -160.024841 22.744072 115.000000 
115.353180 -160.194672 22.752209 106.000000 
115.513542 -160.010498 22.741945 86.000000 
115.339745 -160.184113 22.747421 119.000000 
115.501221 -160.000961 22.737490 79.000000 
115.332634 -160.166962 22.746895 119.000000 
115.492310 -159.987106 22.735615 74.000000 
115.320999 -160.155472 22.743170 119.000000 
115.483437 -159.973251 22.733776 104.000000 
115.305931 -160.148209 22.737043 121.000000 
115.119431 -160.329956 22.746754 111.000000 
115.311134 -160.117432 22.744942 117.000000 
115.099678 -160.328400 22.737719 122.000000 
115.294983 -160.111526 22.738068 111.000000 
115.091125 -160.311996 22.736235 124.000000 
115.290504 -160.091507 22.739374 115.000000 
115.080254 -160.298401 22.733242 123.000000 
115.273216 -160.086884 22.731737 119.000000 
115.083740 -160.267914 22.739601 123.000000 
115.263573 -160.071838 22.729675 58.000000 
115.068817 -160.257904 22.734180 122.000000 
115.054512 -160.248444 22.728975 122.000000 
115.099472 -160.200714 22.730650 122.000000 
115.086426 -160.189789 22.726290 123.000000 
115.083138 -160.167770 22.728226 59.000000 
118.258362 -158.508698 22.788122 63.000000 
118.249733 -158.504654 22.783554 85.000000 
118.237549 -158.509216 22.771442 98.000000 
118.232689 -158.492905 22.776571 101.000000 
118.167747 -158.582321 22.780149 52.000000 
118.227913 -158.476624 22.781750 97.000000 
118.158997 -158.576233 22.776585 85.000000 
118.221069 -158.466278 22.782030 91.000000 
118.151947 -158.565613 22.776649 83.000000 
118.210480 -158.466217 22.773670 80.000000 
118.147224 -158.549026 22.781565 79.000000 
118.138565 -158.542877 22.778080 82.000000 
118.128181 -158.541138 22.770985 60.000000 
118.063377 -158.623932 22.782511 67.000000 
118.120125 -158.533432 22.768742 65.000000 
118.055115 -158.616043 22.780144 80.000000 
118.116226 -158.515366 22.775019 61.000000 
118.046265 -158.609619 22.776621 76.000000 
118.034317 -158.610611 22.767212 81.000000 
118.029869 -158.593719 22.772003 69.000000 
117.959114 -158.682877 22.780817 62.000000 
118.024246 -158.579819 22.774473 78.000000 
117.946777 -158.683655 22.771509 66.000000 
117.942383 -158.666473 22.776035 64.000000 
117.936066 -158.653763 22.777145 62.000000 
117.854088 -158.761734 22.774923 63.000000 
117.927780 -158.645508 22.774820 66.000000 
117.849731 -158.744232 22.779175 83.000000 
117.917038 -158.641342 22.768871 66.000000 
117.840759 -158.735382 22.776556 88.000000 
117.830856 -158.729828 22.771891 78.000000 
117.823570 -158.720139 22.770800 70.000000 
117.744850 -158.815567 22.781664 106.000000 
117.812965 -158.716003 22.765045 70.000000 
117.736176 -158.806763 22.779161 92.000000 
117.727539 -158.797928 22.776686 89.000000 
117.716652 -158.793549 22.770941 85.000000 
117.632645 -158.892365 22.782669 57.000000 
117.711105 -158.778717 22.772907 82.000000 
117.625381 -158.880249 22.782227 69.000000 
117.706406 -158.762421 22.776016 79.000000 
117.615784 -158.872604 22.778622 75.000000 
117.607002 -158.863449 22.776110 79.000000 
117.600662 -158.849792 22.776827 79.000000 
117.594391 -158.836136 22.777582 83.000000 
117.493423 -158.958939 22.775562 94.000000 
117.583282 -158.831360 22.771944 67.000000 
117.486954 -158.944931 22.776079 70.000000 
117.477165 -158.936890 22.772488 76.000000 
117.469948 -158.924362 22.772036 73.000000 
117.370461 -159.029724 22.782513 69.000000 
117.457649 -158.920685 22.765373 76.000000 
117.358673 -159.024323 22.776867 77.000000 
117.346886 -159.018875 22.771238 75.000000 
117.342232 -159.001541 22.773685 72.000000 
117.335876 -158.987183 22.774160 67.000000 
117.222626 -159.116547 22.776827 60.000000 
117.214211 -159.104782 22.775114 60.000000 
117.209557 -159.087097 22.777330 56.000000 
117.199364 -159.078262 22.773737 59.000000 
117.187309 -159.072327 22.768211 60.000000 
117.066978 -159.206665 22.773270 73.000000 
117.057411 -159.195938 22.770533 69.000000 
117.047874 -159.185181 22.767824 75.000000 
117.037399 -159.175873 22.764202 72.000000 
116.914032 -159.307098 22.776602 57.000000 
117.032852 -159.157761 22.766283 69.000000 
116.900192 -159.301834 22.770163 71.000000 
116.884308 -159.299423 22.761925 71.000000 
116.876556 -159.285248 22.760977 75.000000 
116.876022 -159.260864 22.766449 64.000000 
116.729202 -159.418243 22.768717 63.000000 
116.725418 -159.397797 22.771082 59.000000 
116.722786 -159.375931 22.774374 59.000000 
116.710709 -159.367142 22.769831 61.000000 
116.558388 -159.526413 22.778311 63.000000 
116.699707 -159.356873 22.766190 59.000000 
116.549118 -159.512817 22.776199 79.000000 
116.534439 -159.506439 22.769928 106.000000 
116.519753 -159.500000 22.763676 104.000000 
116.507805 -159.488632 22.759787 104.000000 
116.504204 -159.467697 22.762024 60.000000 
116.328392 -159.647018 22.765575 117.000000 
116.312660 -159.641968 22.758753 121.000000 
116.312241 -159.616211 22.763046 115.000000 
116.305099 -159.599060 22.762556 115.000000 
116.300323 -159.579071 22.763727 53.000000 
116.095169 -159.786041 22.760241 119.000000 
116.085930 -159.771744 22.758142 122.000000 
116.077301 -159.755402 22.756660 123.000000 
116.067551 -159.740463 22.754448 121.000000 
116.059036 -159.724091 22.753048 63.000000 
119.217049 -157.945496 22.783766 60.000000 
119.209984 -157.935181 22.783966 85.000000 
119.198273 -157.938232 22.773096 90.000000 
119.188095 -157.936768 22.765924 83.000000 
119.181084 -157.926376 22.766188 90.000000 
119.119781 -158.005539 22.778345 85.000000 
119.174545 -157.916275 22.766653 83.000000 
119.109184 -158.005692 22.770185 78.000000 
119.171410 -157.895569 22.775671 74.000000 
119.100380 -157.999512 22.766685 79.000000 
119.096054 -157.983215 22.771851 73.000000 
119.091370 -157.966644 22.776890 67.000000 
119.021400 -158.063202 22.777756 52.000000 
119.082260 -157.960114 22.773306 70.000000 
119.009560 -158.062439 22.769337 71.000000 
119.071823 -157.958298 22.766260 60.000000 
119.006142 -158.042572 22.776470 86.000000 
118.993958 -158.045349 22.766066 81.000000 
118.986298 -158.035873 22.764975 78.000000 
118.918816 -158.117981 22.779871 69.000000 
118.977600 -158.027542 22.762552 71.000000 
118.907936 -158.113937 22.773863 76.000000 
118.971283 -158.015076 22.763897 66.000000 
118.898834 -158.107193 22.770355 76.000000 
118.888863 -158.103729 22.764729 74.000000 
118.816521 -158.191193 22.778698 65.000000 
118.882477 -158.090988 22.765896 70.000000 
118.806503 -158.185699 22.774014 76.000000 
118.877510 -158.075287 22.769426 79.000000 
118.792961 -158.187637 22.763716 77.000000 
118.785774 -158.176071 22.763569 93.000000 
118.701370 -158.284271 22.766281 52.000000 
118.782211 -158.157074 22.769108 84.000000 
118.696220 -158.267929 22.769228 79.000000 
118.772980 -158.149963 22.765642 81.000000 
118.691154 -158.251587 22.772221 106.000000 
118.762772 -158.146133 22.760099 66.000000 
118.684387 -158.240112 22.772141 92.000000 
118.675682 -158.231232 22.769716 85.000000 
118.661957 -158.230881 22.760532 92.000000 
118.584808 -158.316483 22.782135 56.000000 
118.654808 -158.218964 22.760357 75.000000 
118.572754 -158.313309 22.775366 74.000000 
118.564682 -158.302628 22.773952 79.000000 
118.554237 -158.296402 22.769358 75.000000 
118.544609 -158.288635 22.765854 69.000000 
118.448608 -158.403030 22.770597 94.000000 
118.541519 -158.269028 22.770973 71.000000 
118.436996 -158.397949 22.764927 82.000000 
118.430458 -158.383896 22.765509 82.000000 
118.423973 -158.369858 22.766130 71.000000 
118.321899 -158.480179 22.774008 57.000000 
118.415840 -158.358765 22.764704 70.000000 
118.314392 -158.467300 22.773411 78.000000 
118.304283 -158.458862 22.769825 74.000000 
118.294197 -158.450394 22.766264 69.000000 
118.282845 -158.445267 22.760881 74.000000 
118.179672 -158.558914 22.774954 77.000000 
118.278191 -158.427887 22.763443 51.000000 
118.166527 -158.554550 22.768406 73.000000 
118.153786 -158.548187 22.762669 69.000000 
118.147179 -158.533371 22.763002 67.000000 
118.032089 -158.661240 22.773443 60.000000 
118.138748 -158.521515 22.761414 60.000000 
118.019501 -158.654953 22.767893 58.000000 
118.006920 -158.648605 22.762360 72.000000 
118.004066 -158.627518 22.766294 75.000000 
117.998383 -158.610855 22.767443 68.000000 
117.860367 -158.764709 22.766346 83.000000 
117.984917 -158.605881 22.761051 56.000000 
117.858459 -158.741730 22.770830 89.000000 
117.845543 -158.734909 22.765358 75.000000 
117.830605 -158.730972 22.758083 81.000000 
117.821770 -158.718201 22.756304 81.000000 
117.691734 -158.852798 22.773237 76.000000 
117.684235 -158.838715 22.772352 81.000000 
117.670959 -158.831390 22.766937 70.000000 
117.661369 -158.817688 22.764875 70.000000 
117.654510 -158.801575 22.764793 64.000000 
117.493385 -158.972702 22.766758 105.000000 
117.479652 -158.964813 22.761351 106.000000 
117.475777 -158.943848 22.763552 108.000000 
117.465401 -158.931549 22.760740 119.000000 
117.289703 -159.086288 22.769278 117.000000 
117.276695 -159.076355 22.764732 122.000000 
117.267120 -159.062057 22.762642 123.000000 
117.251335 -159.056915 22.755913 122.000000 
117.048019 -159.238083 22.758364 122.000000 
117.035088 -159.225403 22.754393 124.000000 
117.025146 -159.210434 22.752188 125.000000 
117.019981 -159.189758 22.753117 126.000000 
120.180244 -157.365158 22.786140 60.000000 
120.169044 -157.366760 22.776495 78.000000 
120.161934 -157.356430 22.776745 86.000000 
120.156448 -157.341660 22.780745 94.000000 
120.148926 -157.332794 22.779823 82.000000 
120.082001 -157.428482 22.778273 78.000000 
120.141434 -157.323929 22.778927 74.000000 
120.076530 -157.413422 22.782043 73.000000 
120.131287 -157.322372 22.771832 64.000000 
120.067184 -157.408768 22.777374 68.000000 
120.059113 -157.399323 22.776190 65.000000 
120.049210 -157.396088 22.770342 61.000000 
119.984108 -157.481003 22.780731 67.000000 
120.042061 -157.387222 22.769548 60.000000 
119.973763 -157.479401 22.773863 76.000000 
119.961716 -157.480408 22.764456 81.000000 
119.956268 -157.466812 22.767101 74.000000 
119.886581 -157.555405 22.777449 66.000000 
119.952309 -157.448471 22.773182 67.000000 
119.876740 -157.550217 22.772762 74.000000 
119.943413 -157.441956 22.769779 67.000000 
119.868217 -157.542007 22.770407 72.000000 
119.863014 -157.526321 22.773872 74.000000 
119.853905 -157.519562 22.770416 66.000000 
119.775665 -157.620758 22.774015 58.000000 
119.844810 -157.512772 22.766981 66.000000 
119.770470 -157.604767 22.777241 70.000000 
119.836411 -157.504471 22.764730 61.000000 
119.757622 -157.605225 22.768082 82.000000 
119.749695 -157.595184 22.766850 75.000000 
119.667084 -157.700623 22.771538 52.000000 
119.738960 -157.591049 22.761108 78.000000 
119.660423 -157.687302 22.772346 79.000000 
119.731087 -157.580963 22.759926 66.000000 
119.647881 -157.685959 22.764397 100.000000 
119.727592 -157.561981 22.765598 53.000000 
119.637558 -157.680054 22.759758 96.000000 
119.632523 -157.663712 22.762861 82.000000 
119.628319 -157.645889 22.767115 75.000000 
119.538971 -157.755707 22.771353 69.000000 
119.620392 -157.635483 22.765882 72.000000 
119.532364 -157.742035 22.772076 79.000000 
119.525024 -157.729874 22.771765 73.000000 
119.515327 -157.722153 22.768265 75.000000 
119.414948 -157.846130 22.766830 96.000000 
119.505653 -157.714386 22.764788 69.000000 
119.412384 -157.824646 22.772581 95.000000 
119.491943 -157.713974 22.755943 57.000000 
119.398247 -157.824036 22.763813 88.000000 
119.388275 -157.815948 22.760265 79.000000 
119.378326 -157.807800 22.756742 76.000000 
119.279770 -157.912628 22.768898 66.000000 
119.371803 -157.793732 22.757427 68.000000 
119.266045 -157.910141 22.761267 82.000000 
119.262886 -157.889801 22.765779 77.000000 
119.256279 -157.875397 22.766294 68.000000 
119.140976 -158.010529 22.766657 56.000000 
119.245277 -157.868362 22.761774 74.000000 
119.135063 -157.994263 22.767900 68.000000 
119.129219 -157.978012 22.769190 74.000000 
119.116447 -157.971664 22.763483 69.000000 
119.107918 -157.959824 22.761902 67.000000 
118.995026 -158.085098 22.774145 58.000000 
119.092461 -157.960144 22.752663 53.000000 
118.977180 -158.088165 22.763140 75.000000 
118.968384 -158.075912 22.761412 81.000000 
118.955757 -158.069519 22.755926 72.000000 
118.816216 -158.227325 22.753626 57.000000 
118.951912 -158.049881 22.759005 68.000000 
118.811081 -158.208679 22.755371 86.000000 
118.807030 -158.188599 22.758074 100.000000 
118.801056 -158.171463 22.759003 81.000000 
118.798195 -158.149963 22.762720 81.000000 
118.654465 -158.305923 22.767286 59.000000 
118.785263 -158.143051 22.757324 81.000000 
118.641045 -158.298630 22.761831 73.000000 
118.640175 -158.273758 22.766935 73.000000 
118.628929 -158.263489 22.763304 75.000000 
118.615601 -158.256104 22.757936 68.000000 
118.602280 -158.248657 22.752594 50.000000 
118.451035 -158.407303 22.762524 106.000000 
118.436142 -158.400848 22.756300 111.000000 
118.424530 -158.389984 22.752634 114.000000 
118.417839 -158.371323 22.753056 115.000000 
118.237793 -158.532394 22.758587 124.000000 
118.229782 -158.517212 22.757486 125.000000 
118.223495 -158.498581 22.757862 123.000000 
118.216141 -158.481400 22.757471 121.000000 
118.013863 -158.661118 22.760256 122.000000 
117.998009 -158.653351 22.754204 124.000000 
117.990349 -158.635544 22.753603 122.000000 
117.978065 -158.623398 22.749941 120.000000 
121.146645 -156.778732 22.810207 63.000000 
121.138512 -156.771500 22.807997 85.000000 
121.128517 -156.766632 22.802998 86.000000 
121.119392 -156.762314 22.798357 90.000000 
121.110085 -156.761490 22.791592 86.000000 
121.051888 -156.835129 22.808422 78.000000 
121.105690 -156.743790 22.798140 102.000000 
121.040321 -156.836578 22.798933 65.000000 
121.100441 -156.727310 22.803331 65.000000 
121.032745 -156.825745 22.798946 65.000000 
121.028473 -156.807739 22.805220 63.000000 
121.019753 -156.801651 22.801836 61.000000 
120.949577 -156.901703 22.800177 67.000000 
120.941177 -156.893875 22.797884 80.000000 
120.936447 -156.877075 22.802715 78.000000 
120.926910 -156.872208 22.798113 67.000000 
120.917992 -156.865814 22.794712 67.000000 
120.849594 -156.952866 22.805859 72.000000 
120.907845 -156.862350 22.788956 69.000000 
120.839157 -156.949265 22.800081 81.000000 
120.830475 -156.942947 22.796801 76.000000 
120.821358 -156.936279 22.793369 72.000000 
120.749374 -157.025757 22.805962 58.000000 
120.816246 -156.920654 22.796919 62.000000 
120.737267 -157.024887 22.797960 70.000000 
120.809868 -156.908005 22.798189 69.000000 
120.727913 -157.017944 22.794472 77.000000 
120.722084 -157.003510 22.796648 81.000000 
120.717026 -156.987579 22.799995 78.000000 
120.632286 -157.099014 22.799782 90.000000 
120.707787 -156.980591 22.796593 64.000000 
120.624939 -157.087265 22.799551 85.000000 
120.619118 -157.072525 22.801550 65.000000 
120.611130 -157.062271 22.800291 65.000000 
120.600166 -157.057953 22.794651 58.000000 
120.519516 -157.153091 22.809431 66.000000 
120.589203 -157.053589 22.789024 58.000000 
120.510590 -157.144058 22.806990 65.000000 
120.499329 -157.139481 22.801367 63.000000 
120.490448 -157.130386 22.798973 66.000000 
120.478401 -157.127197 22.792313 59.000000 
120.386055 -157.237839 22.799992 84.000000 
120.376099 -157.229904 22.796461 76.000000 
120.366997 -157.220428 22.793993 73.000000 
120.361275 -157.205002 22.795717 71.000000 
120.259590 -157.317627 22.802334 73.000000 
120.349724 -157.199951 22.790180 67.000000 
120.253761 -157.301865 22.803812 77.000000 
120.242744 -157.295044 22.799286 72.000000 
120.230865 -157.289658 22.793770 67.000000 
120.124741 -157.411865 22.802816 56.000000 
120.223412 -157.276825 22.793327 61.000000 
120.115723 -157.402130 22.800379 59.000000 
120.105698 -157.391495 22.797611 68.000000 
120.089775 -157.391647 22.788214 66.000000 
120.084923 -157.373978 22.790562 61.000000 
120.078285 -157.359253 22.790995 54.000000 
119.951874 -157.507004 22.788744 68.000000 
119.943062 -157.494843 22.787033 69.000000 
119.940063 -157.473801 22.791021 68.000000 
119.796928 -157.639664 22.783888 52.000000 
119.932327 -157.460159 22.790335 72.000000 
119.794731 -157.616669 22.788364 83.000000 
119.790657 -157.596680 22.791080 77.000000 
119.778214 -157.590454 22.785841 78.000000 
119.770256 -157.576340 22.784998 71.000000 
119.641960 -157.712418 22.802017 56.000000 
119.756752 -157.569061 22.779451 68.000000 
119.626984 -157.706268 22.795551 73.000000 
119.615692 -157.696152 22.791914 75.000000 
119.604416 -157.686005 22.788303 73.000000 
119.595268 -157.672882 22.786478 68.000000 
119.591431 -157.652481 22.789085 54.000000 
119.425453 -157.833755 22.786045 112.000000 
119.417023 -157.818665 22.784893 117.000000 
119.412987 -157.797760 22.787149 116.000000 
119.406868 -157.779755 22.787769 114.000000 
119.230278 -157.966171 22.789564 109.000000 
119.224930 -157.946182 22.790667 112.000000 
119.214066 -157.933472 22.787792 122.000000 
119.198738 -157.926483 22.781723 124.000000 
119.189056 -157.912247 22.779720 121.000000 
118.987915 -158.093124 22.782928 122.000000 
118.974350 -158.082596 22.778442 126.000000 
118.968399 -158.064026 22.778799 124.000000 
118.967758 -158.037720 22.782883 123.000000 
122.104706 -156.183151 22.813038 66.000000 
122.094048 -156.183395 22.804718 85.000000 
122.085388 -156.177658 22.801363 90.000000 
122.081360 -156.158569 22.809214 83.000000 
122.070702 -156.158691 22.800936 68.000000 
122.007797 -156.247467 22.805082 78.000000 
122.063164 -156.149933 22.800140 77.000000 
122.003357 -156.229553 22.811409 73.000000 
122.049294 -156.158783 22.784382 71.000000 
121.990128 -156.235458 22.798336 64.000000 
122.047646 -156.133835 22.797382 55.000000 
121.985809 -156.217545 22.804733 60.000000 
121.975922 -156.214447 22.798985 56.000000 
121.908669 -156.308853 22.801733 70.000000 
121.967735 -156.206879 22.796913 51.000000 
121.903236 -156.293610 22.805464 76.000000 
121.891403 -156.292969 22.797176 71.000000 
121.884865 -156.280685 22.798594 74.000000 
121.877151 -156.271362 22.797659 67.000000 
121.806839 -156.364731 22.803726 75.000000 
121.868233 -156.264984 22.794363 60.000000 
121.796371 -156.361160 22.798014 76.000000 
121.859955 -156.257111 22.792282 50.000000 
121.792412 -156.342621 22.803936 70.000000 
121.784607 -156.333038 22.802927 65.000000 
121.707291 -156.436295 22.804693 58.000000 
121.773788 -156.333008 22.795277 65.000000 
121.703659 -156.419632 22.809528 76.000000 
121.766029 -156.323380 22.794310 65.000000 
121.690178 -156.421753 22.799345 82.000000 
121.679901 -156.414154 22.795631 78.000000 
121.608253 -156.500687 22.813997 72.000000 
121.670578 -156.407211 22.792276 70.000000 
121.598701 -156.493561 22.810560 84.000000 
121.665031 -156.395004 22.793829 66.000000 
121.587181 -156.493134 22.803078 69.000000 
121.576164 -156.488922 22.797466 69.000000 
121.570618 -156.472382 22.800550 56.000000 
121.567871 -156.451752 22.807171 55.000000 
121.481178 -156.560684 22.811525 72.000000 
121.556190 -156.448959 22.800531 58.000000 
121.473007 -156.550201 22.810253 72.000000 
121.462524 -156.544189 22.805786 63.000000 
121.454727 -156.531799 22.805479 66.000000 
121.361969 -156.646027 22.810417 89.000000 
121.445076 -156.524231 22.802137 66.000000 
121.354454 -156.633698 22.810089 82.000000 
121.344521 -156.625854 22.806667 79.000000 
121.332939 -156.620956 22.801180 68.000000 
121.240021 -156.720825 22.816484 63.000000 
121.323029 -156.613022 22.797802 65.000000 
121.228981 -156.714157 22.812012 69.000000 
121.315666 -156.600616 22.797592 59.000000 
121.213615 -156.714905 22.802505 72.000000 
121.212158 -156.691757 22.809208 72.000000 
121.209206 -156.673950 22.813261 61.000000 
121.096207 -156.809952 22.812355 79.000000 
121.197395 -156.668640 22.807878 64.000000 
121.087578 -156.798386 22.810831 71.000000 
121.082123 -156.780426 22.813087 71.000000 
121.073601 -156.768829 22.811636 67.000000 
121.060921 -156.762711 22.806118 63.000000 
120.949257 -156.890411 22.816227 68.000000 
120.940491 -156.878448 22.814644 69.000000 
120.926041 -156.875336 22.807407 65.000000 
120.913498 -156.869217 22.802082 67.000000 
120.801971 -156.989502 22.822102 55.000000 
120.780724 -156.996872 22.808748 82.000000 
120.762802 -156.997726 22.798862 89.000000 
120.760345 -156.976852 22.802868 83.000000 
120.755432 -156.958481 22.804918 75.000000 
120.620277 -157.106888 22.813602 59.000000 
120.610489 -157.093506 22.811647 67.000000 
120.608551 -157.070313 22.816057 68.000000 
120.596336 -157.061798 22.811718 70.000000 
120.453995 -157.215210 22.824503 57.000000 
120.437088 -157.212143 22.816734 84.000000 
120.419579 -157.208481 22.808802 110.000000 
120.416603 -157.186279 22.812042 86.000000 
120.400772 -157.181580 22.805183 102.000000 
120.253616 -157.332626 22.826004 60.000000 
120.224014 -157.345001 22.809526 112.000000 
120.207603 -157.339722 22.802729 124.000000 
120.211266 -157.308289 22.810522 121.000000 
120.209549 -157.286728 22.813868 117.000000 
120.017067 -157.490082 22.814432 107.000000 
119.994392 -157.491455 22.803881 121.000000 
119.985985 -157.473343 22.803192 126.000000 
119.979416 -157.454376 22.803503 123.000000 
119.964813 -157.445450 22.798435 108.000000 
123.062775 -155.577042 22.812634 60.000000 
123.050674 -155.581741 22.800570 79.000000 
123.041031 -155.578979 22.794741 94.000000 
123.035439 -155.564362 22.798929 80.000000 
123.030960 -155.546814 22.805670 74.000000 
122.960938 -155.656372 22.791834 85.000000 
123.021385 -155.543961 22.799908 67.000000 
122.957527 -155.635513 22.800676 68.000000 
123.013374 -155.536682 22.797930 58.000000 
122.952042 -155.620621 22.804686 61.000000 
123.003265 -155.535233 22.790936 63.000000 
122.944412 -155.611649 22.803837 54.000000 
122.933998 -155.610046 22.796873 51.000000 
122.868835 -155.700012 22.802422 67.000000 
122.924446 -155.609009 22.790245 52.000000 
122.861351 -155.692902 22.800594 83.000000 
122.919151 -155.594086 22.794380 56.000000 
122.849998 -155.692566 22.792465 67.000000 
122.843452 -155.680328 22.793936 74.000000 
122.834518 -155.673996 22.790636 66.000000 
122.765099 -155.766022 22.797239 69.000000 
122.830971 -155.656158 22.797148 62.000000 
122.753830 -155.765762 22.789362 69.000000 
122.820869 -155.652725 22.791494 58.000000 
122.748528 -155.750244 22.793026 70.000000 
122.742393 -155.734070 22.796402 65.000000 
122.663338 -155.841949 22.794027 62.000000 
122.733315 -155.727463 22.793110 65.000000 
122.655312 -155.832123 22.792902 64.000000 
122.724251 -155.720810 22.789837 70.000000 
122.649391 -155.817780 22.795229 67.000000 
122.641457 -155.807922 22.794168 57.000000 
122.558678 -155.918625 22.794001 82.000000 
122.630302 -155.807648 22.786598 61.000000 
122.557983 -155.895691 22.803104 74.000000 
122.623817 -155.794769 22.787874 67.000000 
122.546997 -155.891556 22.797489 79.000000 
122.618813 -155.778946 22.791483 61.000000 
122.538200 -155.882889 22.795225 67.000000 
122.527222 -155.878662 22.789646 67.000000 
122.448479 -155.973160 22.804550 66.000000 
122.519012 -155.866257 22.789331 55.000000 
122.438530 -155.963486 22.801868 66.000000 
122.517044 -155.844193 22.797209 57.000000 
122.425705 -155.961990 22.794149 66.000000 
122.418312 -155.949997 22.794022 65.000000 
122.411758 -155.936508 22.795012 63.000000 
122.314400 -156.059921 22.792923 84.000000 
122.403687 -155.925980 22.793867 61.000000 
122.310097 -156.041626 22.796831 73.000000 
122.305061 -156.024826 22.799738 73.000000 
122.201790 -156.144653 22.801044 52.000000 
122.294334 -156.018463 22.795317 68.000000 
122.198357 -156.124527 22.805696 77.000000 
122.279465 -156.019455 22.785639 65.000000 
122.191765 -156.112717 22.805656 69.000000 
122.274734 -156.004913 22.787920 56.000000 
122.176445 -156.113480 22.796127 69.000000 
122.168022 -156.102280 22.794775 67.000000 
122.161385 -156.088089 22.795498 58.000000 
122.055717 -156.212448 22.801819 62.000000 
122.157310 -156.067184 22.800028 58.000000 
122.044243 -156.203033 22.798025 59.000000 
122.035645 -156.191452 22.796579 57.000000 
122.028915 -156.176910 22.797146 55.000000 
121.916008 -156.308167 22.804630 51.000000 
122.020409 -156.165298 22.795769 55.000000 
121.905304 -156.299210 22.801151 77.000000 
121.898521 -156.286667 22.800905 66.000000 
121.888824 -156.276169 22.798437 60.000000 
121.875237 -156.269165 22.792788 59.000000 
121.756226 -156.401596 22.804501 89.000000 
121.740349 -156.399582 22.796415 99.000000 
121.733330 -156.384216 22.796637 86.000000 
121.718430 -156.380600 22.789513 83.000000 
121.715576 -156.361740 22.792913 70.000000 
121.587471 -156.502090 22.806023 56.000000 
121.571091 -156.499542 22.798100 67.000000 
121.569099 -156.476379 22.802616 68.000000 
121.567223 -156.453262 22.807188 57.000000 
121.402740 -156.637360 22.800526 107.000000 
121.397461 -156.618118 22.802080 104.000000 
121.392265 -156.598907 22.803682 108.000000 
121.387154 -156.579697 22.805332 68.000000 
121.375687 -156.569229 22.801901 50.000000 
121.209442 -156.746918 22.806499 120.000000 
121.199692 -156.733032 22.804583 122.000000 
121.198837 -156.707504 22.809237 123.000000 
121.181381 -156.701202 22.802151 122.000000 
120.987724 -156.880768 22.804840 121.000000 
120.975479 -156.871780 22.800854 124.000000 
120.967751 -156.854355 22.800442 121.000000 
120.963547 -156.832626 22.802423 123.000000 
124.009666 -154.990463 22.802847 66.000000 
124.000008 -154.987717 22.796999 85.000000 
123.993355 -154.976059 22.798683 90.000000 
123.986755 -154.964401 22.800402 94.000000 
123.918495 -155.069855 22.790251 65.000000 
123.979187 -154.955688 22.799641 77.000000 
123.912292 -155.056427 22.792980 85.000000 
123.969063 -154.954285 22.792608 60.000000 
123.909409 -155.034103 22.803108 83.000000 
123.959450 -154.951355 22.786842 65.000000 
123.900078 -155.029587 22.798557 68.000000 
123.889076 -155.029465 22.790331 61.000000 
123.827446 -155.110825 22.803148 54.000000 
123.879044 -155.028107 22.783504 51.000000 
123.815376 -155.113846 22.792753 70.000000 
123.806351 -155.107574 22.789385 83.000000 
123.799126 -155.096802 22.789644 78.000000 
123.789543 -155.091949 22.785120 67.000000 
123.722076 -155.179840 22.795277 69.000000 
123.784225 -155.076736 22.789055 63.000000 
123.712860 -155.173309 22.791887 69.000000 
123.774071 -155.073288 22.783367 56.000000 
123.703667 -155.166718 22.788517 74.000000 
123.697067 -155.154175 22.789871 69.000000 
123.689224 -155.144592 22.788906 70.000000 
123.612732 -155.246613 22.790974 76.000000 
123.678795 -155.140900 22.783253 67.000000 
123.606735 -155.232285 22.793297 72.000000 
123.670349 -155.132736 22.781157 56.000000 
123.595314 -155.229874 22.786491 72.000000 
123.512642 -155.340988 22.786411 50.000000 
123.586647 -155.221481 22.784288 64.000000 
123.510841 -155.317337 22.795179 79.000000 
123.577301 -155.214523 22.780962 64.000000 
123.501244 -155.310181 22.791759 85.000000 
123.572197 -155.198685 22.784565 64.000000 
123.490204 -155.305984 22.786131 72.000000 
123.481361 -155.297272 22.783869 62.000000 
123.400406 -155.396652 22.795567 52.000000 
123.471069 -155.291504 22.779394 54.000000 
123.389053 -155.392197 22.789953 66.000000 
123.469704 -155.267944 22.788393 58.000000 
123.382309 -155.378708 22.790863 72.000000 
123.373306 -155.369705 22.788549 63.000000 
123.367439 -155.354721 22.790617 56.000000 
123.267899 -155.483047 22.785322 100.000000 
123.358513 -155.345673 22.788366 63.000000 
123.260246 -155.470703 22.785013 89.000000 
123.348824 -155.338074 22.785049 63.000000 
123.252640 -155.458344 22.784740 68.000000 
123.243629 -155.451233 22.781672 65.000000 
123.150963 -155.551834 22.796440 52.000000 
123.236931 -155.437363 22.782516 68.000000 
123.139671 -155.542847 22.792624 69.000000 
123.224319 -155.431580 22.776705 68.000000 
123.126007 -155.540604 22.785088 66.000000 
123.109741 -155.542740 22.774488 67.000000 
123.109001 -155.518112 22.782368 59.000000 
122.998535 -155.652359 22.783167 64.000000 
123.106659 -155.496506 22.788252 56.000000 
122.991020 -155.637344 22.783459 57.000000 
122.983727 -155.624680 22.783144 59.000000 
122.978142 -155.606674 22.785501 53.000000 
122.969147 -155.596954 22.783272 51.000000 
122.844276 -155.745850 22.779152 77.000000 
122.958740 -155.588242 22.779903 51.000000 
122.841484 -155.725357 22.783484 81.000000 
122.831657 -155.714813 22.780977 66.000000 
122.822807 -155.702744 22.779463 63.000000 
122.697067 -155.846176 22.784998 78.000000 
122.809235 -155.698029 22.773167 60.000000 
122.683029 -155.841141 22.778696 71.000000 
122.670387 -155.832596 22.774086 71.000000 
122.662262 -155.818604 22.773382 68.000000 
122.532356 -155.962906 22.785479 56.000000 
122.655182 -155.803131 22.773645 67.000000 
122.526985 -155.944077 22.787233 57.000000 
122.648170 -155.787659 22.773949 61.000000 
122.513565 -155.937073 22.781919 61.000000 
122.506287 -155.921173 22.781977 68.000000 
122.501122 -155.902359 22.783859 66.000000 
122.486282 -155.898666 22.777018 58.000000 
122.329628 -156.071289 22.777769 106.000000 
122.329514 -156.044632 22.783617 108.000000 
122.319969 -156.031174 22.781818 75.000000 
122.308327 -156.020615 22.778337 65.000000 
122.131027 -156.186523 22.780798 124.000000 
122.123344 -156.169601 22.780516 121.000000 
122.113518 -156.155579 22.778633 113.000000 
122.102631 -156.142975 22.775965 109.000000 
121.917488 -156.338806 22.780376 120.000000 
121.898163 -156.335785 22.772058 126.000000 
121.895905 -156.311005 22.775528 122.000000 
121.894379 -156.286850 22.779232 121.000000 
121.878563 -156.279373 22.773367 63.000000 
124.935585 -154.404922 22.807096 60.000000 
124.929359 -154.391754 22.809994 81.000000 
124.917686 -154.393036 22.800245 86.000000 
124.908974 -154.387192 22.796932 86.000000 
124.847481 -154.472015 22.804747 60.000000 
124.898201 -154.387192 22.788614 80.000000 
124.838547 -154.465973 22.801365 67.000000 
124.891594 -154.375412 22.790365 74.000000 
124.831284 -154.455460 22.801678 65.000000 
124.886536 -154.361023 22.794832 68.000000 
124.819504 -154.458542 22.791149 65.000000 
124.813965 -154.443558 22.795191 63.000000 
124.750069 -154.529510 22.805090 54.000000 
124.809204 -154.425339 22.801577 60.000000 
124.733994 -154.539261 22.788376 71.000000 
124.796394 -154.429443 22.789684 50.000000 
124.728447 -154.523956 22.792181 80.000000 
124.791618 -154.412994 22.795073 56.000000 
124.722984 -154.508667 22.796032 74.000000 
124.648323 -154.613251 22.794065 50.000000 
124.713936 -154.502258 22.792711 64.000000 
124.642792 -154.597672 22.797642 67.000000 
124.705528 -154.494354 22.790615 54.000000 
124.639900 -154.576126 22.805943 72.000000 
124.697136 -154.486420 22.788544 58.000000 
124.629379 -154.572479 22.800243 70.000000 
124.616249 -154.574707 22.789862 67.000000 
124.544678 -154.665100 22.802101 69.000000 
124.607018 -154.567978 22.786531 66.000000 
124.535881 -154.656693 22.799824 69.000000 
124.602226 -154.552719 22.790451 62.000000 
124.526894 -154.650116 22.796600 70.000000 
124.513290 -154.652069 22.786364 77.000000 
124.439903 -154.742249 22.802759 72.000000 
124.505447 -154.640244 22.786270 66.000000 
124.426102 -154.742188 22.793592 100.000000 
124.501656 -154.621368 22.792120 66.000000 
124.410561 -154.746872 22.781265 99.000000 
124.491577 -154.615799 22.787672 58.000000 
124.409630 -154.721664 22.791201 75.000000 
124.405159 -154.703949 22.795628 65.000000 
124.316093 -154.818283 22.797138 57.000000 
124.394066 -154.699600 22.790047 62.000000 
124.308479 -154.806213 22.796923 72.000000 
124.385223 -154.690765 22.787840 72.000000 
124.303238 -154.789673 22.799988 83.000000 
124.294182 -154.780594 22.797678 71.000000 
124.191826 -154.913712 22.790325 64.000000 
124.279648 -154.781860 22.787792 63.000000 
124.189720 -154.890793 22.797312 100.000000 
124.271599 -154.773468 22.785858 63.000000 
124.178970 -154.886642 22.792099 89.000000 
124.264175 -154.761322 22.785791 51.000000 
124.168030 -154.880173 22.787607 76.000000 
124.159897 -154.867310 22.787180 73.000000 
124.150650 -154.857803 22.784849 62.000000 
124.047997 -154.972610 22.790035 69.000000 
124.145958 -154.838989 22.788725 53.000000 
124.037628 -154.964264 22.786575 77.000000 
124.035248 -154.944839 22.791658 59.000000 
123.920883 -155.085373 22.789675 56.000000 
124.027573 -154.932022 22.791332 56.000000 
123.914673 -155.069199 22.791071 68.000000 
124.013809 -154.929535 22.783861 52.000000 
123.913933 -155.044098 22.798431 71.000000 
123.896118 -155.047256 22.787071 63.000000 
123.881363 -155.043961 22.779499 53.000000 
123.776367 -155.160477 22.798063 60.000000 
123.875366 -155.027740 22.781040 55.000000 
123.762657 -155.155838 22.791685 77.000000 
123.749878 -155.149643 22.786280 76.000000 
123.739952 -155.138962 22.783764 68.000000 
123.731964 -155.125305 22.783195 61.000000 
123.598549 -155.279037 22.783531 82.000000 
123.587303 -155.269394 22.779984 78.000000 
123.581573 -155.252823 22.781248 70.000000 
123.576355 -155.234314 22.783302 67.000000 
123.443764 -155.381454 22.794701 50.000000 
123.564674 -155.224121 22.779684 64.000000 
123.424522 -155.381210 22.784754 73.000000 
123.423233 -155.356369 22.790068 73.000000 
123.413826 -155.343307 22.788336 61.000000 
123.396194 -155.341919 22.779520 60.000000 
123.245293 -155.506042 22.787180 105.000000 
123.230225 -155.499802 22.781034 106.000000 
123.218346 -155.489105 22.777468 106.000000 
123.205421 -155.479828 22.773077 75.000000 
123.198975 -155.461777 22.773846 72.000000 
123.029327 -155.643021 22.779409 121.000000 
123.014839 -155.634674 22.774162 122.000000 
123.003677 -155.621887 22.771391 121.000000 
123.000328 -155.598953 22.774385 117.000000 
122.799500 -155.786148 22.775881 121.000000 
122.792503 -155.766983 22.776142 123.000000 
122.776428 -155.759354 22.770199 122.000000 
122.760353 -155.751663 22.764282 122.000000 
125.852615 -153.792328 22.829397 57.000000 
125.839767 -153.798309 22.816076 81.000000 
125.826256 -153.807434 22.800407 90.000000 
125.821632 -153.789719 22.807072 94.000000 
125.760483 -153.871506 22.818041 60.000000 
125.817123 -153.772034 22.813787 101.000000 
125.749290 -153.871323 22.809771 67.000000 
125.810562 -153.760208 22.815535 74.000000 
125.740868 -153.863678 22.807610 78.000000 
125.798119 -153.764435 22.803486 71.000000 
125.734169 -153.851578 22.809145 71.000000 
125.725243 -153.845367 22.805813 71.000000 
125.659393 -153.934235 22.814064 64.000000 
125.717934 -153.836502 22.805120 64.000000 
125.650688 -153.928131 22.810831 90.000000 
125.709045 -153.830231 22.801832 58.000000 
125.641548 -153.921692 22.807447 87.000000 
125.628281 -153.923767 22.796732 87.000000 
125.562119 -154.005936 22.813311 63.000000 
125.621613 -153.911331 22.798176 78.000000 
125.553398 -153.997742 22.811041 79.000000 
125.616081 -153.897736 22.801022 69.000000 
125.544525 -153.991348 22.807802 72.000000 
125.610794 -153.882370 22.804943 59.000000 
125.534538 -153.986084 22.803246 61.000000 
125.530708 -153.965622 22.810238 62.000000 
125.448944 -154.076721 22.807121 58.000000 
125.522797 -153.955872 22.809252 53.000000 
125.438683 -154.071198 22.802540 62.000000 
125.516716 -153.943512 22.810806 61.000000 
125.433784 -154.055542 22.806116 67.000000 
125.428490 -154.039551 22.809566 67.000000 
125.415718 -154.038040 22.801470 59.000000 
125.328270 -154.154739 22.798477 79.000000 
125.407684 -154.027954 22.800413 59.000000 
125.325119 -154.133911 22.804987 74.000000 
125.317352 -154.123917 22.803953 79.000000 
125.304649 -154.122452 22.796110 82.000000 
125.226799 -154.212753 22.816132 50.000000 
125.296448 -154.112030 22.794954 63.000000 
125.212173 -154.214066 22.806208 66.000000 
125.292084 -154.094208 22.799406 51.000000 
125.201424 -154.207840 22.801678 75.000000 
125.191772 -154.198227 22.799156 72.000000 
125.099525 -154.310226 22.807783 67.000000 
125.186615 -154.181549 22.802246 68.000000 
125.084373 -154.311157 22.798004 88.000000 
125.183640 -154.162338 22.807718 56.000000 
125.071342 -154.309448 22.790497 105.000000 
125.067726 -154.289413 22.795404 91.000000 
124.965912 -154.403488 22.803291 65.000000 
125.065887 -154.266434 22.802467 76.000000 
124.962296 -154.383102 22.807856 58.000000 
125.052414 -154.264221 22.794859 61.000000 
124.953926 -154.369797 22.807224 65.000000 
124.943520 -154.361359 22.803755 69.000000 
124.932259 -154.354355 22.799292 61.000000 
124.824234 -154.480682 22.807226 62.000000 
124.919243 -154.350266 22.792810 58.000000 
124.813148 -154.473801 22.802885 74.000000 
124.802437 -154.464935 22.799372 66.000000 
124.790459 -154.459457 22.794090 63.000000 
124.676361 -154.589371 22.805412 65.000000 
124.782013 -154.445648 22.793411 50.000000 
124.665329 -154.580124 22.801832 72.000000 
124.650528 -154.576782 22.794481 73.000000 
124.644287 -154.560059 22.795704 66.000000 
124.504555 -154.723114 22.792418 57.000000 
124.643875 -154.534485 22.802685 61.000000 
124.501953 -154.699982 22.796989 71.000000 
124.632027 -154.526611 22.798279 51.000000 
124.491585 -154.688751 22.794304 94.000000 
124.491158 -154.662735 22.800810 75.000000 
124.478920 -154.654419 22.796366 68.000000 
124.467690 -154.644608 22.792868 63.000000 
124.332863 -154.792770 22.804834 76.000000 
124.318169 -154.786972 22.798595 81.000000 
124.303467 -154.781097 22.792376 75.000000 
124.293945 -154.767838 22.790596 61.000000 
124.145325 -154.927460 22.802614 105.000000 
124.128006 -154.924026 22.794741 112.000000 
124.119217 -154.908813 22.793655 105.000000 
124.109406 -154.895050 22.791761 63.000000 
124.101807 -154.878342 22.791605 54.000000 
123.921471 -155.072571 22.791565 122.000000 
123.915672 -155.052399 22.792744 124.000000 
123.911079 -155.030792 22.794785 120.000000 
123.895432 -155.023682 22.788748 105.000000 
123.690147 -155.214920 22.789877 124.000000 
123.681892 -155.197052 22.789272 126.000000 
123.664513 -155.190704 22.782509 124.000000 
123.652901 -155.177094 22.779650 122.000000 
126.798843 -153.179840 22.829344 55.000000 
126.786507 -153.184357 22.817286 68.000000 
126.777191 -153.179977 22.812746 74.000000 
126.767799 -153.177322 22.807127 80.000000 
126.762161 -153.162613 22.811422 77.000000 
126.698700 -153.251907 22.815762 51.000000 
126.759781 -153.139160 22.823322 71.000000 
126.689705 -153.245804 22.812447 64.000000 
126.746826 -153.144882 22.810043 68.000000 
126.682411 -153.235245 22.812838 60.000000 
126.737595 -153.140350 22.805601 83.000000 
126.678001 -153.217316 22.819414 61.000000 
126.611198 -153.310822 22.823456 50.000000 
126.669113 -153.211151 22.816179 60.000000 
126.597855 -153.314880 22.811739 62.000000 
126.657921 -153.210815 22.808025 61.000000 
126.591698 -153.301071 22.814417 64.000000 
126.650200 -153.201660 22.807297 60.000000 
126.582558 -153.294647 22.811125 66.000000 
126.574059 -153.286728 22.809057 76.000000 
126.506615 -153.373413 22.821384 56.000000 
126.566193 -153.277313 22.808220 60.000000 
126.497284 -153.366760 22.818052 61.000000 
126.558372 -153.267868 22.807411 58.000000 
126.487968 -153.360077 22.814741 61.000000 
126.552483 -153.254044 22.810259 66.000000 
126.478661 -153.353363 22.811451 55.000000 
126.400963 -153.457397 22.813700 65.000000 
126.472687 -153.339233 22.814068 52.000000 
126.390694 -153.451920 22.809187 69.000000 
126.464775 -153.329544 22.813187 52.000000 
126.382515 -153.441956 22.808123 59.000000 
126.454887 -153.324219 22.808792 55.000000 
126.372971 -153.434921 22.804796 57.000000 
126.369064 -153.416031 22.810669 63.000000 
126.280304 -153.537537 22.803749 69.000000 
126.358185 -153.411911 22.805103 63.000000 
126.272682 -153.525742 22.803698 90.000000 
126.350151 -153.401871 22.804155 55.000000 
126.268806 -153.506485 22.809252 63.000000 
126.339279 -153.397675 22.798628 57.000000 
126.260567 -153.496170 22.808161 63.000000 
126.250870 -153.488800 22.804865 63.000000 
126.168205 -153.589706 22.816614 69.000000 
126.239677 -153.484329 22.799351 56.000000 
126.154350 -153.589523 22.807833 72.000000 
126.232285 -153.472473 22.799461 55.000000 
126.144386 -153.581848 22.804480 72.000000 
126.051323 -153.697311 22.810555 65.000000 
126.135231 -153.572647 22.802238 63.000000 
126.045120 -153.681870 22.812366 100.000000 
126.130875 -153.554565 22.806555 51.000000 
126.028343 -153.685806 22.800554 94.000000 
126.125015 -153.539444 22.808739 61.000000 
126.019745 -153.674789 22.799269 76.000000 
126.012848 -153.660767 22.800123 70.000000 
125.915871 -153.767578 22.812443 57.000000 
126.007690 -153.643799 22.803129 61.000000 
125.904541 -153.760712 22.808004 65.000000 
126.000084 -153.631271 22.803005 61.000000 
125.898422 -153.744888 22.809711 82.000000 
125.888016 -153.736481 22.806347 81.000000 
125.775185 -153.874237 22.807007 52.000000 
125.875877 -153.730988 22.800962 72.000000 
125.772507 -153.852066 22.812414 68.000000 
125.865501 -153.722504 22.797646 67.000000 
125.759079 -153.847763 22.806030 74.000000 
125.746559 -153.841919 22.800652 69.000000 
125.734039 -153.836014 22.795292 63.000000 
125.624214 -153.960266 22.809816 77.000000 
125.728882 -153.818268 22.797890 64.000000 
125.611305 -153.954041 22.804449 85.000000 
125.600296 -153.944809 22.801014 83.000000 
125.593124 -153.929626 22.801430 76.000000 
125.456001 -154.089935 22.799065 59.000000 
125.586021 -153.914444 22.801886 75.000000 
125.446564 -154.077271 22.797386 77.000000 
125.577599 -153.902664 22.800629 60.000000 
125.441673 -154.059174 22.799595 75.000000 
125.434326 -154.043549 22.799833 78.000000 
125.421631 -154.037231 22.794744 60.000000 
125.415382 -154.020111 22.795977 59.000000 
125.279160 -154.171616 22.805466 66.000000 
125.263420 -154.167297 22.798443 69.000000 
125.255928 -154.151199 22.798536 60.000000 
125.105309 -154.316055 22.807331 56.000000 
125.245277 -154.136978 22.796553 61.000000 
125.093124 -154.302841 22.804272 105.000000 
125.075806 -154.299438 22.796503 116.000000 
125.065475 -154.287735 22.794031 114.000000 
125.054581 -154.275467 22.791420 102.000000 
124.885193 -154.457504 22.798300 109.000000 
124.874466 -154.445282 22.795713 118.000000 
124.862053 -154.433929 22.792168 121.000000 
124.860138 -154.407440 22.796640 117.000000 
124.847832 -154.396042 22.793175 109.000000 
124.655052 -154.601242 22.796293 123.000000 
124.645615 -154.584900 22.795031 125.000000 
124.632797 -154.572891 22.791473 123.000000 
124.673927 -154.524384 22.792032 120.000000 
127.731827 -152.558868 22.840405 60.000000 
127.723007 -152.554871 22.836018 71.000000 
127.713753 -152.550552 22.831482 77.000000 
127.701920 -152.553543 22.820686 68.000000 
127.644310 -152.628220 22.837358 52.000000 
127.698372 -152.533005 22.829992 77.000000 
127.637001 -152.617752 22.837696 78.000000 
127.689682 -152.527130 22.826771 65.000000 
127.626968 -152.614685 22.831938 73.000000 
127.683128 -152.515396 22.828611 74.000000 
127.619720 -152.604172 22.832329 63.000000 
127.674919 -152.509766 22.825594 71.000000 
127.613525 -152.592484 22.834141 58.000000 
127.545341 -152.690460 22.834396 54.000000 
127.604668 -152.586380 22.830902 54.000000 
127.535606 -152.685638 22.829859 71.000000 
127.596535 -152.576996 22.829988 52.000000 
127.528427 -152.673050 22.831165 73.000000 
127.585983 -152.575226 22.823088 50.000000 
127.520546 -152.663727 22.830275 62.000000 
127.446205 -152.768478 22.828367 54.000000 
127.510262 -152.660309 22.824598 73.000000 
127.442566 -152.748428 22.835501 56.000000 
127.501205 -152.653885 22.821346 63.000000 
127.434547 -152.738846 22.834501 64.000000 
127.492783 -152.645966 22.819321 64.000000 
127.426575 -152.729263 22.833530 59.000000 
127.490028 -152.624832 22.828194 64.000000 
127.416023 -152.725586 22.827896 55.000000 
127.341476 -152.823593 22.834410 50.000000 
127.406387 -152.722519 22.822601 55.000000 
127.330864 -152.821884 22.827961 64.000000 
127.404442 -152.699570 22.832293 51.000000 
127.319969 -152.817947 22.822325 72.000000 
127.393272 -152.697281 22.825541 53.000000 
127.313232 -152.805023 22.823565 68.000000 
127.235237 -152.905899 22.832218 56.000000 
127.308655 -152.787659 22.828276 57.000000 
127.222595 -152.904694 22.824379 84.000000 
127.297829 -152.783615 22.822710 55.000000 
127.216484 -152.889984 22.826548 85.000000 
127.288414 -152.776596 22.819456 67.000000 
127.211906 -152.872284 22.830980 63.000000 
127.202255 -152.865021 22.827660 65.000000 
127.114273 -152.978119 22.830469 66.000000 
127.191124 -152.860687 22.822128 60.000000 
127.109695 -152.960098 22.834621 63.000000 
127.180527 -152.852615 22.818523 62.000000 
127.096481 -152.956268 22.827671 56.000000 
127.087357 -152.947174 22.825403 59.000000 
126.993248 -153.065598 22.828896 67.000000 
127.079254 -152.938828 22.823496 58.000000 
126.988106 -153.051010 22.831041 70.000000 
127.072563 -152.925247 22.824541 56.000000 
126.977943 -153.043106 22.827635 68.000000 
127.065933 -152.911667 22.825623 54.000000 
126.969437 -153.032181 22.826357 68.000000 
126.960968 -153.021255 22.825109 66.000000 
126.852768 -153.149002 22.822559 55.000000 
126.954208 -153.007324 22.826002 61.000000 
126.846596 -153.133224 22.824207 60.000000 
126.944160 -152.999329 22.822706 59.000000 
126.842567 -153.112564 22.828787 66.000000 
126.832222 -153.104248 22.825420 64.000000 
126.720879 -153.240555 22.826611 59.000000 
126.819794 -153.100754 22.819178 67.000000 
126.715538 -153.222931 22.829050 57.000000 
126.814743 -153.083481 22.822002 55.000000 
126.705414 -153.214676 22.825792 59.000000 
126.695518 -153.202118 22.824022 56.000000 
126.579842 -153.339020 22.830486 51.000000 
126.681801 -153.199722 22.816860 55.000000 
126.565117 -153.335907 22.823191 56.000000 
126.553192 -153.328278 22.818764 60.000000 
126.544113 -153.316147 22.817223 58.000000 
126.535080 -153.303986 22.815714 57.000000 
126.405289 -153.454041 22.819458 82.000000 
126.530861 -153.284439 22.819023 69.000000 
126.392990 -153.445938 22.815022 64.000000 
126.389114 -153.426422 22.818134 61.000000 
126.384773 -153.406448 22.821123 64.000000 
126.373589 -153.396805 22.817707 57.000000 
126.233307 -153.556168 22.822388 63.000000 
126.229836 -153.534271 22.825932 61.000000 
126.214638 -153.528107 22.819622 56.000000 
126.203102 -153.517975 22.816168 55.000000 
126.049911 -153.687363 22.821890 112.000000 
126.189644 -153.513214 22.810419 51.000000 
126.044395 -153.670471 22.822914 114.000000 
126.025040 -153.670135 22.813442 105.000000 
126.014618 -153.655975 22.811459 63.000000 
126.004852 -153.642334 22.809685 63.000000 
125.835052 -153.826035 22.815189 123.000000 
125.820946 -153.815704 22.810608 126.000000 
125.811882 -153.800064 22.809492 125.000000 
125.810120 -153.776245 22.813480 121.000000 
125.616379 -153.985168 22.814695 127.000000 
125.603539 -153.973312 22.811049 126.000000 
125.594620 -153.955002 22.810362 124.000000 
125.632454 -153.908615 22.809324 123.000000 
125.621002 -153.897858 22.806139 121.000000 
128.668289 -151.917831 22.852343 79.000000 
128.659073 -151.913605 22.847849 80.000000 
128.650375 -151.907867 22.844627 86.000000 
128.586212 -152.003387 22.843475 62.000000 
128.637573 -151.913834 22.831356 65.000000 
128.581024 -151.987030 22.848745 72.000000 
128.634033 -151.893372 22.840761 80.000000 
128.571030 -151.984039 22.843023 63.000000 
128.629578 -151.875870 22.847700 77.000000 
128.562119 -151.978043 22.839769 63.000000 
128.620987 -151.870056 22.844572 60.000000 
128.556549 -151.963165 22.843920 61.000000 
128.492020 -152.053894 22.849785 54.000000 
128.610260 -151.870010 22.836399 65.000000 
128.552200 -151.945358 22.850580 58.000000 
128.479401 -152.056625 22.839300 71.000000 
128.544540 -151.936386 22.849882 58.000000 
128.470871 -152.048874 22.837215 70.000000 
128.467300 -152.027451 22.845814 68.000000 
128.522537 -151.934158 22.834785 50.000000 
128.456451 -152.025589 22.838978 60.000000 
128.387039 -152.119888 22.844702 62.000000 
128.449097 -152.016632 22.838343 60.000000 
128.382660 -152.103256 22.849766 66.000000 
128.439468 -152.011749 22.833950 55.000000 
128.372772 -152.098221 22.845324 59.000000 
128.434189 -151.996567 22.838043 51.000000 
128.362244 -152.094620 22.839725 56.000000 
128.351715 -152.090988 22.834139 59.000000 
128.278336 -152.187607 22.841331 69.000000 
128.345123 -152.078445 22.835642 58.000000 
128.267487 -152.183746 22.835737 77.000000 
128.341217 -152.060013 22.841904 59.000000 
128.258682 -152.175385 22.833595 70.000000 
128.252213 -152.160706 22.835903 57.000000 
128.172668 -152.266083 22.840519 95.000000 
128.246979 -152.144913 22.839565 59.000000 
128.162949 -152.258942 22.837185 82.000000 
128.239471 -152.135376 22.838825 59.000000 
128.157364 -152.244659 22.839611 72.000000 
128.230133 -152.128418 22.835649 59.000000 
128.151367 -152.230042 22.841913 62.000000 
128.141754 -152.222839 22.838663 58.000000 
128.056671 -152.331482 22.844025 60.000000 
128.130676 -152.218567 22.833195 62.000000 
128.050613 -152.316528 22.846113 64.000000 
128.121841 -152.209824 22.831108 54.000000 
128.041534 -152.307556 22.843903 68.000000 
127.938141 -152.445847 22.833036 72.000000 
128.030930 -152.301544 22.839544 61.000000 
127.938347 -152.418518 22.843277 75.000000 
128.018265 -152.298065 22.832865 56.000000 
127.929306 -152.407318 22.841854 61.000000 
128.013184 -152.281601 22.836176 54.000000 
127.919189 -152.399490 22.838526 62.000000 
127.907951 -152.394989 22.833275 59.000000 
127.811615 -152.503708 22.843544 69.000000 
127.901161 -152.381149 22.834215 57.000000 
127.794426 -152.507507 22.832012 59.000000 
127.897743 -152.361374 22.839426 61.000000 
127.793419 -152.482864 22.839880 58.000000 
127.886086 -152.356400 22.834089 51.000000 
127.787041 -152.469101 22.840815 55.000000 
127.673630 -152.609924 22.838190 61.000000 
127.778473 -152.457886 22.839573 55.000000 
127.669678 -152.591309 22.841843 57.000000 
127.769951 -152.446655 22.838362 51.000000 
127.664757 -152.571854 22.845205 56.000000 
127.655602 -152.562210 22.843018 51.000000 
127.639999 -152.560593 22.834581 52.000000 
127.527802 -152.693192 22.843122 72.000000 
127.631783 -152.549393 22.833431 53.000000 
127.518738 -152.681229 22.841618 81.000000 
127.505966 -152.675186 22.836323 75.000000 
127.494133 -152.667618 22.832006 66.000000 
127.368469 -152.813751 22.837715 82.000000 
127.486511 -152.652161 22.832340 63.000000 
127.357597 -152.802338 22.835003 75.000000 
127.346344 -152.792862 22.831573 68.000000 
127.339600 -152.777893 22.832031 63.000000 
127.209915 -152.924896 22.844173 50.000000 
127.334328 -152.759506 22.834204 57.000000 
127.196320 -152.917984 22.838919 59.000000 
127.322205 -152.751434 22.829948 55.000000 
127.188782 -152.902130 22.838995 59.000000 
127.183350 -152.883301 22.840885 51.000000 
127.169830 -152.876282 22.835718 54.000000 
127.012856 -153.053757 22.836189 74.000000 
127.160423 -152.863327 22.834133 54.000000 
127.006126 -153.035904 22.836922 106.000000 
127.000526 -153.016586 22.838552 102.000000 
126.991844 -153.001694 22.837673 68.000000 
126.828491 -153.180649 22.845242 60.000000 
126.971527 -153.002884 22.827450 75.000000 
126.814003 -153.172623 22.840076 106.000000 
126.799530 -153.164536 22.834936 115.000000 
126.782875 -153.159302 22.828194 115.000000 
126.778282 -153.137970 22.830450 119.000000 
126.590576 -153.341919 22.833735 116.000000 
126.774895 -153.115189 22.833576 58.000000 
126.581154 -153.325867 22.832487 120.000000 
126.614243 -153.284866 22.828129 120.000000 
126.615105 -153.255676 22.833973 121.000000 
126.599060 -153.248291 22.828176 124.000000 
129.584259 -151.303482 22.842670 73.000000 
129.574463 -151.300674 22.836929 81.000000 
129.566208 -151.293411 22.834976 83.000000 
129.558502 -151.284668 22.834305 74.000000 
129.494339 -151.378632 22.834471 65.000000 
129.555008 -151.264236 22.843763 83.000000 
129.485901 -151.371140 22.832436 67.000000 
129.543182 -151.267136 22.833046 74.000000 
129.480255 -151.356232 22.836578 73.000000 
129.535568 -151.258347 22.832457 80.000000 
129.474121 -151.342819 22.839533 63.000000 
129.528000 -151.249542 22.831894 83.000000 
129.465805 -151.335266 22.837585 73.000000 
129.397293 -151.434814 22.836260 64.000000 
129.456360 -151.330643 22.833187 65.000000 
129.391129 -151.421097 22.839010 76.000000 
129.448654 -151.321579 22.832521 56.000000 
129.380814 -151.417740 22.833370 71.000000 
129.440414 -151.313965 22.830643 51.000000 
129.371704 -151.411392 22.830154 74.000000 
129.307693 -151.492401 22.846706 69.000000 
129.362610 -151.405014 22.826958 72.000000 
129.294571 -151.494797 22.836399 69.000000 
129.354782 -151.395676 22.826204 64.000000 
129.285248 -151.488205 22.833138 63.000000 
129.351334 -151.376068 22.833963 70.000000 
129.276581 -151.480103 22.831076 55.000000 
129.203217 -151.577026 22.838581 69.000000 
129.340469 -151.374008 22.827208 56.000000 
129.268616 -151.470505 22.830219 64.000000 
129.195709 -151.565689 22.838703 76.000000 
129.264633 -151.452042 22.836475 56.000000 
129.180023 -151.572235 22.825115 72.000000 
129.255432 -151.445358 22.833321 56.000000 
129.175293 -151.554886 22.829870 65.000000 
129.244232 -151.443054 22.826632 50.000000 
129.169968 -151.539063 22.833525 61.000000 
129.085220 -151.654953 22.830467 95.000000 
129.159119 -151.535065 22.828014 59.000000 
129.076157 -151.646255 22.828260 75.000000 
129.151093 -151.525116 22.827129 61.000000 
129.074432 -151.622650 22.837246 67.000000 
129.142136 -151.518448 22.824123 55.000000 
129.061554 -151.623215 22.828564 75.000000 
129.052597 -151.614456 22.826441 58.000000 
128.976318 -151.705307 22.845257 66.000000 
129.041702 -151.608276 22.821941 62.000000 
128.964371 -151.700439 22.839628 66.000000 
129.039566 -151.586197 22.829983 57.000000 
128.953674 -151.694397 22.835266 61.000000 
128.943787 -151.686829 22.832012 61.000000 
128.852509 -151.800888 22.838154 68.000000 
128.934708 -151.677750 22.829872 56.000000 
128.843124 -151.791534 22.835873 73.000000 
128.932785 -151.655350 22.837589 58.000000 
128.832138 -151.785141 22.831512 66.000000 
128.820343 -151.780197 22.826113 61.000000 
128.720306 -151.894974 22.832638 66.000000 
128.819290 -151.755936 22.834490 54.000000 
128.710693 -151.885254 22.830299 69.000000 
128.810059 -151.746506 22.832329 61.000000 
128.708832 -151.862076 22.837191 72.000000 
128.591949 -152.009262 22.831059 50.000000 
128.695877 -151.858276 22.830828 59.000000 
128.587357 -151.990173 22.834534 62.000000 
128.685516 -151.849960 22.827557 61.000000 
128.582855 -151.971100 22.838060 60.000000 
128.677780 -151.837173 22.827393 52.000000 
128.572189 -151.962479 22.834711 57.000000 
128.563324 -151.950851 22.833368 56.000000 
128.447540 -152.089767 22.838463 54.000000 
128.549072 -151.948090 22.826105 52.000000 
128.433731 -152.085236 22.832188 69.000000 
128.544983 -151.931366 22.829119 55.000000 
128.424759 -152.075592 22.830088 72.000000 
128.416595 -152.062042 22.829590 65.000000 
128.405502 -152.050537 22.826881 61.000000 
128.277603 -152.199646 22.831038 71.000000 
128.398392 -152.035492 22.827415 57.000000 
128.266251 -152.190140 22.827608 75.000000 
128.258850 -152.174667 22.827892 67.000000 
128.255447 -152.153290 22.831911 64.000000 
128.115540 -152.315125 22.835320 61.000000 
128.241287 -152.148132 22.825809 63.000000 
128.101868 -152.308121 22.830088 72.000000 
128.230087 -152.138504 22.822506 55.000000 
128.101379 -152.281845 22.836399 68.000000 
128.087769 -152.274780 22.831234 60.000000 
127.926727 -152.458633 22.828913 56.000000 
128.075195 -152.266205 22.826981 56.000000 
127.924057 -152.434799 22.833035 72.000000 
128.064697 -152.254639 22.824535 52.000000 
127.916252 -152.418396 22.832962 66.000000 
127.902184 -152.410782 22.827824 66.000000 
127.890236 -152.400208 22.824415 63.000000 
127.724182 -152.582153 22.831116 115.000000 
127.878326 -152.389572 22.821039 63.000000 
127.707413 -152.576950 22.824343 113.000000 
127.698265 -152.561401 22.823292 117.000000 
127.689178 -152.545837 22.822283 111.000000 
127.730614 -152.495483 22.824553 113.000000 
127.536942 -152.706757 22.824448 120.000000 
127.525185 -152.693527 22.821678 123.000000 
127.524765 -152.665710 22.826727 122.000000 
127.509735 -152.656799 22.821703 120.000000 
127.496994 -152.644943 22.818270 119.000000 
130.515976 -150.679886 22.860415 73.000000 
130.507202 -150.674179 22.857185 81.000000 
130.497482 -150.669617 22.852558 98.000000 
130.489258 -150.662369 22.850624 101.000000 
130.427505 -150.750519 22.855843 69.000000 
130.485718 -150.641922 22.860052 85.000000 
130.416885 -150.748993 22.848904 70.000000 
130.477051 -150.636108 22.856920 65.000000 
130.411209 -150.734100 22.853027 61.000000 
130.467239 -150.634949 22.850168 60.000000 
130.408279 -150.713608 22.862274 78.000000 
130.458588 -150.629074 22.847067 54.000000 
130.397171 -150.713486 22.854168 70.000000 
130.330704 -150.808701 22.856607 67.000000 
130.387283 -150.708572 22.849611 73.000000 
130.322876 -150.797684 22.856785 76.000000 
130.378983 -150.701004 22.847702 71.000000 
130.313766 -150.791412 22.853550 74.000000 
130.370132 -150.694885 22.844576 68.000000 
130.303452 -150.788055 22.847929 66.000000 
130.235916 -150.878128 22.857569 55.000000 
130.294968 -150.780228 22.845938 81.000000 
130.230392 -150.862656 22.861309 58.000000 
130.288193 -150.769760 22.846544 64.000000 
130.219635 -150.860916 22.854704 64.000000 
130.282867 -150.754578 22.850649 73.000000 
130.210983 -150.852859 22.852642 66.000000 
130.137329 -150.951355 22.859034 60.000000 
130.201248 -150.845917 22.849270 66.000000 
130.123245 -150.953201 22.848717 69.000000 
130.197235 -150.827469 22.855503 66.000000 
130.115723 -150.941864 22.848848 64.000000 
130.187180 -150.824112 22.850143 83.000000 
130.107346 -150.933838 22.846888 67.000000 
130.023819 -151.048782 22.845476 55.000000 
130.179306 -150.814499 22.849367 65.000000 
130.102676 -150.916519 22.851664 72.000000 
130.018982 -151.031113 22.849886 79.000000 
130.093918 -150.908127 22.849600 72.000000 
130.009918 -151.022461 22.847675 95.000000 
130.083786 -150.902664 22.845263 81.000000 
130.005981 -151.003326 22.853285 79.000000 
130.073883 -150.895340 22.841936 87.000000 
129.994324 -150.998749 22.847630 79.000000 
129.909454 -151.107956 22.853693 57.000000 
129.985367 -150.990036 22.845505 72.000000 
129.906311 -151.086990 22.860075 69.000000 
129.974197 -150.985733 22.840050 72.000000 
129.894836 -151.082520 22.854607 75.000000 
129.969772 -150.968094 22.844696 63.000000 
129.884918 -151.075012 22.851324 79.000000 
129.791840 -151.194046 22.854664 93.000000 
129.873154 -151.072311 22.844967 75.000000 
129.783707 -151.183640 22.853559 84.000000 
129.866379 -151.058792 22.846073 67.000000 
129.770248 -151.181808 22.846016 76.000000 
129.863617 -151.037872 22.852663 63.000000 
129.760025 -151.173920 22.842690 88.000000 
129.663055 -151.284744 22.852713 66.000000 
129.754745 -151.157074 22.845709 85.000000 
129.649490 -151.280670 22.846100 69.000000 
129.747375 -151.142822 22.846498 70.000000 
129.642380 -151.266464 22.846800 74.000000 
129.738922 -151.131912 22.845377 71.000000 
129.637573 -151.249664 22.849743 74.000000 
129.627151 -151.241425 22.846436 74.000000 
129.517731 -151.377045 22.848667 74.000000 
129.615906 -151.234619 22.842131 77.000000 
129.514404 -151.354538 22.853954 74.000000 
129.607269 -151.223343 22.840921 77.000000 
129.502457 -151.349365 22.848789 69.000000 
129.487625 -151.346237 22.841331 60.000000 
129.378448 -151.475052 22.853716 58.000000 
129.477463 -151.337982 22.838179 56.000000 
129.365540 -151.469055 22.848387 65.000000 
129.475723 -151.312103 22.845457 62.000000 
129.353943 -151.459564 22.844812 65.000000 
129.342926 -151.450500 22.841436 63.000000 
129.337585 -151.432495 22.843817 61.000000 
129.206192 -151.587875 22.844625 78.000000 
129.331390 -151.415985 22.845287 69.000000 
129.195770 -151.576904 22.842096 67.000000 
129.186371 -151.564392 22.840519 68.000000 
129.178970 -151.548920 22.840815 70.000000 
129.043274 -151.705215 22.848446 63.000000 
129.173599 -151.530487 22.842995 66.000000 
129.033569 -151.692291 22.846729 61.000000 
129.035049 -151.663025 22.854761 64.000000 
129.020981 -151.658005 22.848879 58.000000 
128.864563 -151.836304 22.850328 70.000000 
129.012466 -151.643555 22.848160 56.000000 
128.855591 -151.821396 22.849344 105.000000 
128.846100 -151.805954 22.848225 75.000000 
128.831985 -151.798386 22.843077 63.000000 
128.820007 -151.787811 22.839653 54.000000 
128.655411 -151.968704 22.847672 121.000000 
128.812286 -151.771347 22.839664 52.000000 
128.642944 -151.957642 22.844137 121.000000 
128.676056 -151.919525 22.839773 115.000000 
128.672379 -151.896637 22.842798 113.000000 
128.667221 -151.877289 22.844421 113.000000 
128.471924 -152.092010 22.843147 123.000000 
128.462372 -152.075882 22.841906 122.000000 
128.457230 -152.051270 22.844233 122.000000 
128.443298 -152.040955 22.839977 118.000000 
131.454514 -150.035599 22.880571 51.000000 
131.445801 -150.029968 22.877357 73.000000 
131.438538 -150.021637 22.876833 81.000000 
131.430359 -150.014481 22.874918 83.000000 
131.419662 -150.014633 22.866722 83.000000 
131.358353 -150.102631 22.871349 78.000000 
131.414093 -150.000107 22.871155 77.000000 
131.349991 -150.095230 22.869347 68.000000 
131.407562 -149.988510 22.873100 71.000000 
131.341095 -150.089279 22.866138 54.000000 
131.400040 -149.979828 22.872547 77.000000 
131.332764 -150.081818 22.864182 51.000000 
131.270294 -150.168243 22.873526 56.000000 
131.390396 -149.976929 22.866947 77.000000 
131.258865 -150.168030 22.865473 66.000000 
131.321259 -150.053635 22.871466 52.000000 
131.250931 -150.158844 22.864637 68.000000 
131.246765 -150.138947 22.872099 62.000000 
131.300980 -150.047089 22.860151 54.000000 
131.237747 -150.132706 22.868921 58.000000 
131.165115 -150.236008 22.867226 62.000000 
131.226151 -150.134125 22.859880 52.000000 
131.159454 -150.222397 22.869993 66.000000 
131.218369 -150.124863 22.859152 55.000000 
131.151459 -150.212936 22.869112 69.000000 
131.212631 -150.109406 22.863144 54.000000 
131.141769 -150.206085 22.865746 65.000000 
131.067841 -150.305969 22.870382 62.000000 
131.131256 -150.202499 22.860203 72.000000 
131.057663 -150.300720 22.865959 70.000000 
131.125122 -150.190323 22.861916 65.000000 
131.050018 -150.291275 22.865152 67.000000 
131.118591 -150.177841 22.863504 70.000000 
131.037125 -150.291901 22.856180 72.000000 
130.963165 -150.387238 22.868671 72.000000 
131.032486 -150.274643 22.860998 77.000000 
130.953430 -150.380173 22.865360 90.000000 
131.027252 -150.258881 22.864712 58.000000 
130.945160 -150.370087 22.864298 79.000000 
131.017181 -150.253479 22.860401 82.000000 
130.936203 -150.361481 22.862150 75.000000 
131.008530 -150.245087 22.858419 58.000000 
130.931656 -150.343918 22.866737 60.000000 
130.842819 -150.461975 22.865456 69.000000 
130.920090 -150.339371 22.861134 56.000000 
130.836182 -150.446701 22.867390 61.000000 
130.912720 -150.327728 22.861313 64.000000 
130.829346 -150.433304 22.868446 63.000000 
130.718124 -150.588730 22.846016 50.000000 
130.904648 -150.317566 22.860401 62.000000 
130.819489 -150.425858 22.865192 63.000000 
130.722900 -150.552338 22.862547 91.000000 
130.809647 -150.418381 22.861963 61.000000 
130.719894 -150.531067 22.868658 88.000000 
130.800598 -150.409393 22.859846 66.000000 
130.709763 -150.523315 22.865351 94.000000 
130.793945 -150.395935 22.861032 68.000000 
130.698013 -150.518509 22.859957 82.000000 
130.601288 -150.631134 22.868244 54.000000 
130.688400 -150.511063 22.856855 79.000000 
130.588333 -150.627533 22.861830 67.000000 
130.681595 -150.497269 22.857847 70.000000 
130.575699 -150.621979 22.856285 77.000000 
130.676834 -150.478622 22.861895 73.000000 
130.570404 -150.604843 22.859104 77.000000 
130.568619 -150.581757 22.866064 83.000000 
130.457504 -150.719803 22.865088 68.000000 
130.558334 -150.573563 22.862825 65.000000 
130.447357 -150.711716 22.861893 71.000000 
130.551193 -150.561310 22.862852 56.000000 
130.443832 -150.691223 22.866467 73.000000 
130.430176 -150.689056 22.859371 71.000000 
130.313690 -150.829330 22.862957 58.000000 
130.420319 -150.676636 22.857748 63.000000 
130.307693 -150.810989 22.865105 75.000000 
130.300476 -150.796082 22.865559 72.000000 
130.286377 -150.793518 22.858570 75.000000 
130.166443 -150.932816 22.868753 57.000000 
130.275482 -150.784515 22.855259 81.000000 
130.151321 -150.929459 22.861654 77.000000 
130.267441 -150.771027 22.854853 68.000000 
130.140030 -150.920059 22.858250 78.000000 
130.124878 -150.916580 22.851187 83.000000 
130.004929 -151.050888 22.871475 50.000000 
130.120468 -150.896729 22.854290 89.000000 
129.989319 -151.047058 22.864481 69.000000 
130.113205 -150.881317 22.854670 89.000000 
129.978714 -151.035721 22.861925 73.000000 
129.970154 -151.021378 22.861172 70.000000 
129.818817 -151.194229 22.865286 57.000000 
129.964691 -151.002609 22.863119 70.000000 
129.801605 -151.191330 22.857536 105.000000 
129.956253 -150.988266 22.862448 68.000000 
129.794769 -151.173508 22.858282 108.000000 
129.788010 -151.155701 22.859074 116.000000 
129.781342 -151.137894 22.859909 108.000000 
129.610458 -151.329651 22.861120 112.000000 
129.770508 -151.125977 22.857380 116.000000 
129.605560 -151.308365 22.863264 122.000000 
129.596893 -151.290970 22.862848 122.000000 
129.627930 -151.253220 22.856817 123.000000 
129.621704 -151.235428 22.857639 122.000000 
129.434204 -151.441910 22.860023 118.000000 
129.611633 -151.221451 22.855883 120.000000 
129.418015 -151.434738 22.854147 122.000000 
129.407913 -151.418121 22.852779 122.000000 
129.398514 -151.402084 22.851631 123.000000 
129.395950 -151.377304 22.855204 125.000000 
132.363663 -149.391830 22.872978 79.000000 
132.355438 -149.384689 22.871084 98.000000 
132.346207 -149.380463 22.866686 74.000000 
132.335968 -149.379120 22.859772 86.000000 
132.274200 -149.468796 22.863066 74.000000 
132.331406 -149.361694 22.866806 86.000000 
132.269043 -149.452515 22.868509 73.000000 
132.324326 -149.351563 22.867542 90.000000 
132.259033 -149.449524 22.862877 63.000000 
132.316757 -149.342865 22.867041 90.000000 
132.253448 -149.434723 22.867159 60.000000 
132.184891 -149.537598 22.862907 54.000000 
132.308167 -149.337051 22.864017 101.000000 
132.246841 -149.422867 22.869003 61.000000 
132.175156 -149.532883 22.858484 67.000000 
132.239136 -149.413925 22.868399 56.000000 
132.168961 -149.519241 22.861320 76.000000 
132.229202 -149.410812 22.862848 58.000000 
132.162827 -149.505615 22.864195 78.000000 
132.219254 -149.407669 22.857311 68.000000 
132.153168 -149.500839 22.859844 74.000000 
132.083725 -149.596924 22.863972 64.000000 
132.145325 -149.491608 22.859148 71.000000 
132.077560 -149.583008 22.866648 62.000000 
132.135071 -149.488220 22.853621 66.000000 
132.068268 -149.576508 22.863464 61.000000 
132.128510 -149.476028 22.855406 64.000000 
132.059647 -149.568497 22.861485 66.000000 
131.986542 -149.667099 22.867090 62.000000 
132.049103 -149.564896 22.855978 70.000000 
131.973648 -149.667801 22.858118 70.000000 
132.041168 -149.555359 22.855227 70.000000 
131.962753 -149.663971 22.852600 88.000000 
132.034592 -149.542877 22.856878 83.000000 
131.955963 -149.651184 22.854006 72.000000 
131.879364 -149.752701 22.861799 82.000000 
132.030075 -149.525986 22.862131 56.000000 
131.948547 -149.639877 22.854294 66.000000 
131.870316 -149.744141 22.859650 74.000000 
131.943268 -149.624130 22.858080 68.000000 
131.859116 -149.740021 22.854172 79.000000 
131.934555 -149.615768 22.856123 72.000000 
131.851547 -149.728409 22.854311 62.000000 
131.921631 -149.616180 22.847240 54.000000 
131.849152 -149.706390 22.862341 67.000000 
131.759720 -149.826157 22.859749 74.000000 
131.836563 -149.705170 22.854689 60.000000 
131.752029 -149.814240 22.859747 70.000000 
131.829880 -149.692047 22.856054 67.000000 
131.747437 -149.796356 22.864136 59.000000 
131.819534 -149.686310 22.851816 55.000000 
131.737534 -149.788925 22.860933 65.000000 
131.641144 -149.915604 22.858051 95.000000 
131.724564 -149.787384 22.853382 59.000000 
131.636505 -149.897354 22.862144 71.000000 
131.713898 -149.781326 22.849125 54.000000 
131.623093 -149.895569 22.854658 70.000000 
131.709534 -149.763428 22.853659 59.000000 
131.609665 -149.893707 22.847181 64.000000 
131.517426 -149.997253 22.861555 59.000000 
131.601105 -149.882874 22.846079 68.000000 
131.503586 -149.995148 22.854158 69.000000 
131.595886 -149.866089 22.849255 68.000000 
131.494812 -149.983994 22.852921 67.000000 
131.594040 -149.843399 22.856731 68.000000 
131.490326 -149.965378 22.856848 66.000000 
131.379654 -150.104080 22.856054 56.000000 
131.483383 -149.951248 22.857740 61.000000 
131.369751 -150.094070 22.853701 65.000000 
131.476486 -149.937119 22.858669 66.000000 
131.362534 -150.079544 22.854351 56.000000 
131.463577 -149.933319 22.852417 74.000000 
131.357178 -150.062042 22.857027 56.000000 
131.344727 -150.056442 22.851789 52.000000 
131.226166 -150.201935 22.852537 54.000000 
131.337677 -150.041901 22.852551 56.000000 
131.220642 -150.184021 22.854931 63.000000 
131.326691 -150.035187 22.848518 51.000000 
131.211502 -150.172073 22.853535 58.000000 
131.199585 -150.164566 22.849293 51.000000 
131.073090 -150.314667 22.852993 78.000000 
131.190506 -150.152557 22.847960 54.000000 
131.064590 -150.300797 22.852379 71.000000 
131.181473 -150.140549 22.846659 54.000000 
131.052277 -150.292877 22.848106 71.000000 
131.037064 -150.289337 22.841082 71.000000 
130.917236 -150.424042 22.861397 50.000000 
131.032578 -150.269470 22.844269 68.000000 
130.901550 -150.420181 22.854445 69.000000 
131.029175 -150.248154 22.848433 75.000000 
130.887863 -150.413269 22.849287 64.000000 
130.882828 -150.394943 22.851435 64.000000 
130.876282 -150.377625 22.852571 60.000000 
130.715439 -150.563766 22.848635 107.000000 
130.867325 -150.365234 22.851236 60.000000 
130.704987 -150.552383 22.846224 110.000000 
130.701263 -150.530106 22.849649 116.000000 
130.691208 -150.514175 22.848518 105.000000 
130.726944 -150.470810 22.846312 115.000000 
130.561096 -150.655121 22.851393 123.000000 
130.547577 -150.645615 22.847147 124.000000 
130.536224 -150.633102 22.844566 124.000000 
130.526016 -150.619110 22.842838 117.000000 
130.341965 -150.821671 22.847750 122.000000 
130.329025 -150.810043 22.844265 124.000000 
130.312775 -150.802765 22.838472 124.000000 
130.305511 -150.783752 22.838961 125.000000 
130.296219 -150.770279 22.837482 125.000000 
133.284256 -148.750229 22.880735 60.000000 
133.277008 -148.740189 22.881405 74.000000 
133.267334 -148.735718 22.876888 83.000000 
133.259644 -148.727097 22.876345 83.000000 
133.194107 -148.828690 22.869434 62.000000 
133.249329 -148.727493 22.868362 86.000000 
133.189896 -148.811264 22.876320 64.000000 
133.243744 -148.713028 22.872946 86.000000 
133.182602 -148.800919 22.876907 61.000000 
133.238678 -148.698853 22.877720 65.000000 
133.173050 -148.798218 22.871483 60.000000 
133.227951 -148.698853 22.869633 71.000000 
133.165268 -148.789322 22.870882 52.000000 
133.100861 -148.881851 22.874908 56.000000 
133.163132 -148.765778 22.882740 58.000000 
133.087021 -148.887527 22.862085 66.000000 
133.153198 -148.762726 22.877230 60.000000 
133.083206 -148.867996 22.869839 73.000000 
133.144409 -148.756699 22.874228 63.000000 
133.077682 -148.852921 22.874006 76.000000 
133.003784 -148.961105 22.868450 50.000000 
133.068039 -148.848160 22.869715 84.000000 
132.998184 -148.945724 22.872345 53.000000 
133.057922 -148.843033 22.865286 67.000000 
132.989670 -148.935959 22.871401 66.000000 
133.048889 -148.836716 22.862247 71.000000 
132.982300 -148.925034 22.871826 64.000000 
133.041107 -148.827469 22.861670 61.000000 
132.971100 -148.922943 22.865173 66.000000 
132.899429 -149.018616 22.872932 58.000000 
132.963791 -148.911957 22.865650 61.000000 
132.889908 -149.011871 22.869762 67.000000 
132.954559 -148.905380 22.862595 61.000000 
132.879028 -149.008057 22.864307 77.000000 
132.949326 -148.889984 22.866703 56.000000 
132.867462 -149.005676 22.857714 75.000000 
132.794525 -149.099792 22.870956 79.000000 
132.864883 -148.984039 22.866169 68.000000 
132.783325 -149.095734 22.865519 72.000000 
132.857544 -148.972748 22.866571 57.000000 
132.775742 -149.084167 22.865709 67.000000 
132.848602 -148.966217 22.863676 88.000000 
132.769409 -149.071457 22.867212 62.000000 
132.684906 -149.182571 22.871161 60.000000 
132.764130 -149.055435 22.870846 62.000000 
132.674149 -149.176697 22.866852 66.000000 
132.752274 -149.052719 22.864374 54.000000 
132.670258 -149.157349 22.872377 70.000000 
132.746368 -149.038177 22.866951 60.000000 
132.664948 -149.141006 22.875771 70.000000 
132.653519 -149.136551 22.870455 68.000000 
132.557358 -149.263245 22.867214 94.000000 
132.642883 -149.130585 22.866249 65.000000 
132.550339 -149.249527 22.868225 64.000000 
132.633804 -149.121597 22.864258 66.000000 
132.541763 -149.238785 22.867155 70.000000 
132.444412 -149.353088 22.873901 52.000000 
132.529968 -149.233963 22.861866 67.000000 
132.438126 -149.337540 22.875769 73.000000 
132.521454 -149.223175 22.860849 70.000000 
132.423462 -149.336945 22.867416 82.000000 
132.516281 -149.206451 22.864124 79.000000 
132.411331 -149.331802 22.862154 77.000000 
132.308105 -149.458908 22.869299 56.000000 
132.407730 -149.311737 22.867207 81.000000 
132.301697 -149.442963 22.870964 65.000000 
132.402512 -149.294678 22.870247 92.000000 
132.291840 -149.432999 22.868700 68.000000 
132.393936 -149.283539 22.869200 77.000000 
132.281128 -149.424500 22.865469 66.000000 
132.279358 -149.401093 22.872225 66.000000 
132.152496 -149.561859 22.862848 64.000000 
132.265152 -149.398499 22.865072 66.000000 
132.144165 -149.548477 22.862421 72.000000 
132.256332 -149.386963 22.863928 66.000000 
132.138672 -149.530594 22.864912 78.000000 
132.135117 -149.509766 22.869370 72.000000 
132.004730 -149.667694 22.867907 71.000000 
132.123260 -149.502304 22.865213 63.000000 
131.997162 -149.652405 22.868275 68.000000 
132.109512 -149.497742 22.859152 72.000000 
131.984863 -149.644547 22.864061 75.000000 
131.971603 -149.638138 22.858944 81.000000 
131.849014 -149.777206 22.875969 56.000000 
131.966141 -149.619812 22.861273 71.000000 
131.835342 -149.770447 22.870848 59.000000 
131.952927 -149.613327 22.856213 92.000000 
131.821655 -149.763611 22.865751 64.000000 
131.812012 -149.750793 22.864239 70.000000 
131.803421 -149.736481 22.863655 66.000000 
131.650085 -149.914734 22.864779 103.000000 
131.796906 -149.719223 22.864895 64.000000 
131.635925 -149.907349 22.859705 104.000000 
131.626968 -149.892517 22.858927 106.000000 
131.620163 -149.874741 22.859900 75.000000 
131.450241 -150.067505 22.860903 109.000000 
131.659683 -149.825333 22.861521 106.000000 
131.493622 -150.011688 22.865442 109.000000 
131.653030 -149.807556 22.862583 50.000000 
131.485474 -149.994873 22.865341 121.000000 
131.473053 -149.983932 22.862007 121.000000 
131.460663 -149.972946 22.858707 122.000000 
131.278656 -150.174652 22.864008 119.000000 
131.445038 -149.966309 22.852972 121.000000 
131.260178 -150.170456 22.856691 120.000000 
131.249481 -150.155930 22.854860 120.000000 
131.237717 -150.142838 22.852287 114.000000 
131.228241 -150.126785 22.851316 120.000000 
134.195404 -148.108200 22.892000 51.000000 
134.187073 -148.102859 22.889044 79.000000 
134.180832 -148.089874 22.892277 86.000000 
134.173126 -148.081284 22.891747 83.000000 
134.105148 -148.190353 22.878687 52.000000 
134.163406 -148.078506 22.886168 83.000000 
134.102066 -148.168182 22.889120 92.000000 
134.153244 -148.075394 22.880449 74.000000 
134.094315 -148.157562 22.889565 78.000000 
134.147705 -148.060928 22.885075 80.000000 
134.083191 -148.157532 22.881521 68.000000 
134.142258 -148.046463 22.889744 71.000000 
134.074265 -148.151550 22.878445 62.000000 
134.013382 -148.235336 22.889919 64.000000 
134.068726 -148.136780 22.882847 63.000000 
134.003067 -148.232147 22.884369 71.000000 
134.065994 -148.116486 22.892422 61.000000 
133.993805 -148.227737 22.880199 70.000000 
134.056046 -148.113403 22.886942 61.000000 
133.988861 -148.211197 22.885584 76.000000 
133.918198 -148.312042 22.886032 66.000000 
133.979797 -148.204971 22.882519 66.000000 
133.909454 -148.304123 22.884050 64.000000 
133.971954 -148.195770 22.881907 67.000000 
133.903290 -148.290237 22.886816 69.000000 
133.962921 -148.189484 22.878883 76.000000 
133.895279 -148.280807 22.886074 69.000000 
133.955139 -148.180252 22.878323 71.000000 
133.886002 -148.274307 22.882990 72.000000 
133.810577 -148.378983 22.883801 62.000000 
133.874985 -148.270386 22.877401 74.000000 
133.801224 -148.370422 22.881634 82.000000 
133.867050 -148.260880 22.876734 66.000000 
133.788956 -148.369583 22.873888 88.000000 
133.859146 -148.251358 22.876093 70.000000 
133.783554 -148.353867 22.877693 81.000000 
133.708771 -148.452499 22.887449 90.000000 
133.772675 -148.349991 22.872292 78.000000 
133.698303 -148.446960 22.883152 89.000000 
133.765976 -148.337219 22.873854 75.000000 
133.688553 -148.439896 22.879997 89.000000 
133.760757 -148.321518 22.877769 68.000000 
133.679550 -148.431305 22.877987 69.000000 
133.598892 -148.535049 22.887535 57.000000 
133.674713 -148.415634 22.881783 82.000000 
133.589401 -148.528076 22.884495 66.000000 
133.669479 -148.399628 22.885466 67.000000 
133.580185 -148.519196 22.882406 75.000000 
133.658386 -148.395432 22.880163 65.000000 
133.574829 -148.502853 22.885805 65.000000 
133.472061 -148.643509 22.873337 72.000000 
133.566467 -148.492462 22.884872 61.000000 
133.468109 -148.623764 22.878538 93.000000 
133.558151 -148.482056 22.883970 63.000000 
133.463470 -148.605560 22.882730 68.000000 
133.547516 -148.476074 22.879807 68.000000 
133.460526 -148.584396 22.889091 73.000000 
133.356888 -148.710770 22.887478 56.000000 
133.451202 -148.575165 22.887016 68.000000 
133.351425 -148.693741 22.890379 69.000000 
133.437820 -148.573334 22.879654 64.000000 
133.338440 -148.690170 22.884098 69.000000 
133.427719 -148.565506 22.876562 62.000000 
133.329697 -148.679092 22.882967 69.000000 
133.224747 -148.811188 22.887163 56.000000 
133.319290 -148.670975 22.879810 69.000000 
133.215179 -148.799347 22.885710 56.000000 
133.311478 -148.658356 22.879768 66.000000 
133.204086 -148.792831 22.881641 53.000000 
133.308899 -148.636856 22.885952 67.000000 
133.194580 -148.780930 22.880251 60.000000 
133.187973 -148.766891 22.881203 59.000000 
133.067993 -148.915466 22.879656 58.000000 
133.180374 -148.751984 22.881876 53.000000 
133.056000 -148.908081 22.875420 69.000000 
133.170288 -148.743866 22.878908 55.000000 
133.053238 -148.885727 22.880795 76.000000 
133.045959 -148.870865 22.881422 69.000000 
132.907166 -149.042496 22.871904 63.000000 
133.036865 -148.858963 22.880165 83.000000 
132.907196 -149.015198 22.879646 59.000000 
133.024063 -148.852951 22.875088 75.000000 
132.898712 -149.001389 22.879141 71.000000 
132.889313 -148.989059 22.877747 75.000000 
132.760712 -149.139221 22.888687 50.000000 
132.878006 -148.979660 22.874533 72.000000 
132.751389 -149.124512 22.887850 63.000000 
132.865753 -148.971710 22.870419 70.000000 
132.739700 -149.114746 22.884552 61.000000 
132.729050 -149.103439 22.882174 64.000000 
132.716415 -149.095078 22.878044 66.000000 
132.573654 -149.258636 22.887852 72.000000 
132.711914 -149.074875 22.881083 64.000000 
132.555374 -149.257263 22.879406 108.000000 
132.547470 -149.240997 22.879505 114.000000 
132.581299 -149.198654 22.876953 118.000000 
132.574554 -149.180893 22.877985 122.000000 
132.404526 -149.373383 22.878769 120.000000 
132.398483 -149.353607 22.880310 122.000000 
132.394684 -149.330902 22.883537 125.000000 
132.382324 -149.319977 22.880264 125.000000 
132.192368 -149.531616 22.879847 121.000000 
132.369980 -149.309006 22.877026 125.000000 
132.186081 -149.511276 22.881121 125.000000 
132.174301 -149.498276 22.878546 124.000000 
132.160339 -149.488159 22.874445 124.000000 
132.143661 -149.482956 22.868191 125.000000 
135.104034 -147.472183 22.889057 63.000000 
135.096680 -147.462158 22.889767 85.000000 
135.088364 -147.455032 22.887974 77.000000 
135.084152 -147.436218 22.896353 94.000000 
135.016434 -147.545517 22.883337 52.000000 
135.075928 -147.429077 22.894621 97.000000 
135.011139 -147.529282 22.888882 78.000000 
135.067734 -147.421921 22.892912 80.000000 
135.010315 -147.501297 22.904383 63.000000 
135.058411 -147.419373 22.887550 85.000000 
135.000748 -147.498657 22.899019 61.000000 
135.052902 -147.404938 22.892260 85.000000 
134.990723 -147.495667 22.893518 60.000000 
134.925690 -147.591461 22.895140 54.000000 
135.044891 -147.395996 22.891754 67.000000 
134.981369 -147.489426 22.890366 60.000000 
134.915451 -147.586502 22.890684 71.000000 
134.973618 -147.480530 22.889877 54.000000 
134.905701 -147.581802 22.886398 68.000000 
134.967026 -147.468704 22.891911 54.000000 
134.897125 -147.574127 22.884556 73.000000 
134.832855 -147.660416 22.897039 54.000000 
134.959351 -147.459778 22.891479 58.000000 
134.889191 -147.564941 22.883955 74.000000 
134.822845 -147.655502 22.892752 58.000000 
134.883118 -147.551361 22.887032 78.000000 
134.812851 -147.650558 22.888479 62.000000 
134.875885 -147.540710 22.887709 74.000000 
134.806046 -147.638168 22.890142 64.000000 
134.863129 -147.543167 22.877430 61.000000 
134.797363 -147.630203 22.888287 66.000000 
134.721573 -147.736679 22.888031 54.000000 
134.790665 -147.617798 22.890017 67.000000 
134.711304 -147.731430 22.883762 70.000000 
134.779251 -147.617477 22.882418 74.000000 
134.707626 -147.713120 22.890047 82.000000 
134.771301 -147.607971 22.881821 72.000000 
134.695343 -147.712280 22.882362 81.000000 
134.615921 -147.821732 22.884428 76.000000 
134.686707 -147.702164 22.881477 68.000000 
134.612015 -147.800888 22.891212 69.000000 
134.676498 -147.696793 22.877296 72.000000 
134.602234 -147.793854 22.888103 67.000000 
134.670517 -147.682571 22.880098 78.000000 
134.592468 -147.786774 22.885019 60.000000 
134.582718 -147.779663 22.881956 67.000000 
134.500641 -147.886505 22.889311 54.000000 
134.577408 -147.763657 22.885683 62.000000 
134.495178 -147.870178 22.892725 62.000000 
134.572174 -147.747665 22.889452 69.000000 
134.482132 -147.868774 22.885256 63.000000 
134.387497 -147.994812 22.883661 62.000000 
134.475998 -147.853912 22.887644 70.000000 
134.382721 -147.976608 22.887867 75.000000 
134.471497 -147.836105 22.892265 65.000000 
134.373230 -147.967407 22.885769 73.000000 
134.461624 -147.828674 22.889250 63.000000 
134.366989 -147.952209 22.887939 68.000000 
134.450974 -147.822662 22.885159 53.000000 
134.360016 -147.938507 22.889088 64.000000 
134.257980 -148.061996 22.889666 59.000000 
134.353104 -147.924805 22.890274 68.000000 
134.255020 -148.040466 22.895733 67.000000 
134.339676 -147.922943 22.882975 66.000000 
134.240326 -148.039871 22.887470 69.000000 
134.327881 -147.918060 22.877821 55.000000 
134.233261 -148.025818 22.888475 69.000000 
134.128738 -148.156052 22.893442 68.000000 
134.219406 -148.023621 22.881275 72.000000 
134.118820 -148.146133 22.891249 65.000000 
134.215881 -148.003601 22.886475 72.000000 
134.106812 -148.141098 22.886261 69.000000 
134.091949 -148.138123 22.878988 58.000000 
133.985535 -148.266647 22.891476 60.000000 
134.091583 -148.113663 22.886992 60.000000 
133.971664 -148.262299 22.885386 72.000000 
134.086304 -148.096252 22.889908 60.000000 
133.962967 -148.250870 22.884268 78.000000 
133.951889 -148.241959 22.881102 78.000000 
133.949615 -148.217712 22.887428 69.000000 
133.813736 -148.384888 22.880610 89.000000 
133.939575 -148.207291 22.885296 68.000000 
133.805145 -148.371063 22.880150 78.000000 
133.801056 -148.351746 22.883587 81.000000 
133.789688 -148.342377 22.880426 81.000000 
133.658173 -148.497192 22.888845 59.000000 
133.778915 -148.333435 22.877449 78.000000 
133.652969 -148.478958 22.891083 76.000000 
133.769547 -148.321030 22.876202 70.000000 
133.643250 -148.466202 22.889647 68.000000 
133.628372 -148.458344 22.884363 59.000000 
133.620758 -148.442581 22.884777 66.000000 
133.467194 -148.620621 22.885893 75.000000 
133.614212 -148.425323 22.886126 56.000000 
133.454025 -148.611771 22.881786 69.000000 
133.486954 -148.570938 22.878107 104.000000 
133.478607 -148.556610 22.877640 69.000000 
133.318649 -148.736481 22.886374 117.000000 
133.479187 -148.528549 22.884764 69.000000 
133.305008 -148.727066 22.882267 117.000000 
133.298325 -148.706741 22.883749 121.000000 
133.292343 -148.686981 22.885441 122.000000 
133.094833 -148.911728 22.879368 124.000000 
133.281006 -148.674561 22.883081 123.000000 
133.091736 -148.886917 22.883026 119.000000 
133.084305 -148.868042 22.883623 121.000000 
133.069778 -148.859985 22.878965 125.000000 
133.057983 -148.846909 22.876516 124.000000 
136.035934 -146.805634 22.915533 51.000000 
136.025192 -146.806000 22.907425 79.000000 
136.015884 -146.801895 22.903124 98.000000 
136.009583 -146.788986 22.906454 91.000000 
136.001831 -146.780472 22.906008 74.000000 
135.937347 -146.882538 22.898855 74.000000 
135.994629 -146.770462 22.906860 71.000000 
135.929916 -146.872284 22.899508 73.000000 
135.984879 -146.767731 22.901369 80.000000 
135.923615 -146.859070 22.902674 73.000000 
135.977219 -146.759140 22.900995 68.000000 
135.919006 -146.841461 22.909607 73.000000 
135.966431 -146.759216 22.892977 80.000000 
135.841644 -146.941910 22.899368 64.000000 
135.836502 -146.925446 22.904795 76.000000 
135.891769 -146.825256 22.899483 64.000000 
135.826767 -146.920807 22.900551 81.000000 
135.885742 -146.812027 22.902815 56.000000 
135.817627 -146.914673 22.897541 87.000000 
135.752701 -147.004120 22.907276 64.000000 
135.808487 -146.908493 22.894552 67.000000 
135.742081 -147.000748 22.901842 64.000000 
135.801788 -146.896439 22.896461 66.000000 
135.733337 -146.992889 22.899975 66.000000 
135.796371 -146.881454 22.900848 62.000000 
135.722717 -146.989426 22.894575 74.000000 
135.714645 -146.980026 22.893940 70.000000 
135.642029 -147.080826 22.898087 83.000000 
135.709198 -146.964722 22.898092 65.000000 
135.629074 -147.081589 22.889238 88.000000 
135.703186 -146.950897 22.901096 52.000000 
135.624176 -147.064468 22.894268 70.000000 
135.619110 -147.045212 22.900202 78.000000 
135.534805 -147.166748 22.892666 100.000000 
135.608246 -147.041428 22.894890 68.000000 
135.529205 -147.150803 22.896305 75.000000 
135.597626 -147.039749 22.888729 60.000000 
135.523956 -147.137039 22.899166 79.000000 
135.589523 -147.029999 22.888096 63.000000 
135.517807 -147.122604 22.901758 72.000000 
135.433060 -147.237366 22.903183 56.000000 
135.507355 -147.117050 22.897619 67.000000 
135.426010 -147.224106 22.904438 66.000000 
135.494720 -147.115906 22.890108 69.000000 
135.418274 -147.212341 22.904638 79.000000 
135.487961 -147.102905 22.891661 67.000000 
135.406021 -147.209503 22.898302 81.000000 
135.317642 -147.325272 22.903618 87.000000 
135.394516 -147.205124 22.893074 75.000000 
135.308136 -147.316177 22.901546 66.000000 
135.389191 -147.188843 22.896650 69.000000 
135.299454 -147.305557 22.900562 68.000000 
135.383926 -147.172562 22.900267 73.000000 
135.285202 -147.305374 22.892170 73.000000 
135.190598 -147.417587 22.901022 56.000000 
135.278168 -147.291718 22.893364 70.000000 
135.179199 -147.411133 22.896849 73.000000 
135.271210 -147.278046 22.894594 70.000000 
135.173676 -147.394135 22.899893 72.000000 
135.265945 -147.261414 22.897997 65.000000 
135.168228 -147.377151 22.902983 69.000000 
135.158615 -147.367645 22.900959 66.000000 
135.051392 -147.504242 22.901455 65.000000 
135.143082 -147.368500 22.891731 66.000000 
135.044083 -147.489899 22.902292 66.000000 
135.135223 -147.355942 22.891821 74.000000 
135.031555 -147.484497 22.897192 66.000000 
135.022552 -147.473099 22.896099 61.000000 
134.907959 -147.616959 22.898314 64.000000 
135.010056 -147.467606 22.891045 58.000000 
134.898651 -147.605179 22.897060 67.000000 
135.003815 -147.451706 22.893013 59.000000 
134.889374 -147.593384 22.895840 69.000000 
134.877380 -147.586044 22.891766 75.000000 
134.759674 -147.727173 22.901585 57.000000 
134.870041 -147.571213 22.892534 76.000000 
134.743469 -147.725464 22.893766 66.000000 
134.866501 -147.550461 22.897205 60.000000 
134.731064 -147.717697 22.889666 71.000000 
134.723480 -147.702438 22.890228 75.000000 
134.718842 -147.682724 22.893616 81.000000 
134.582703 -147.844986 22.896814 63.000000 
134.709457 -147.670441 22.892399 71.000000 
134.575882 -147.827820 22.898066 67.000000 
134.571121 -147.807678 22.901144 66.000000 
134.559433 -147.797943 22.898020 68.000000 
134.405869 -147.980484 22.897205 65.000000 
134.547791 -147.788162 22.894924 66.000000 
134.394730 -147.968765 22.894827 106.000000 
134.437912 -147.913040 22.899534 111.000000 
134.427917 -147.899826 22.898088 114.000000 
134.409622 -147.898392 22.889816 117.000000 
134.251694 -148.077362 22.898716 120.000000 
134.237015 -148.069534 22.893850 121.000000 
134.225555 -148.057220 22.891468 119.000000 
134.215225 -148.043396 22.889940 122.000000 
134.031876 -148.251190 22.892883 121.000000 
134.216827 -148.013412 22.897490 121.000000 
134.014420 -148.245667 22.886482 125.000000 
134.009125 -148.223877 22.888699 124.000000 
134.005035 -148.200638 22.891748 124.000000 
133.992142 -148.189133 22.888582 126.000000 
136.945175 -146.155472 22.921484 60.000000 
136.936356 -146.149963 22.918428 84.000000 
136.928040 -146.142960 22.916660 90.000000 
136.917755 -146.141785 22.909836 80.000000 
136.856735 -146.235382 22.910387 69.000000 
136.908966 -146.136185 22.906834 86.000000 
136.850311 -146.222198 22.913483 92.000000 
136.903229 -146.121811 22.911491 86.000000 
136.843414 -146.210510 22.915379 73.000000 
136.896545 -146.110352 22.913637 80.000000 
136.834976 -146.203217 22.913584 65.000000 
136.889755 -146.102356 22.913557 60.000000 
136.829071 -146.192093 22.915842 61.000000 
136.763931 -146.291336 22.914791 56.000000 
136.823441 -146.177444 22.920322 61.000000 
136.753006 -146.289749 22.908075 71.000000 
136.813004 -146.174225 22.914724 56.000000 
136.744476 -146.280411 22.907278 83.000000 
136.803558 -146.169785 22.910532 50.000000 
136.738800 -146.265442 22.911520 72.000000 
136.730240 -146.257843 22.909723 69.000000 
136.660034 -146.360794 22.908709 64.000000 
136.722305 -146.248764 22.909168 71.000000 
136.653717 -146.347000 22.911537 66.000000 
136.710815 -146.248459 22.901321 60.000000 
136.645584 -146.337677 22.910851 72.000000 
136.705338 -146.233475 22.905697 60.000000 
136.636246 -146.331299 22.907818 76.000000 
136.566101 -146.427887 22.915421 58.000000 
136.626434 -146.324554 22.904657 74.000000 
136.556030 -146.420959 22.912170 70.000000 
136.619690 -146.312210 22.906427 65.000000 
136.545105 -146.417297 22.906788 77.000000 
136.613647 -146.298401 22.909426 57.000000 
136.534851 -146.412109 22.902576 78.000000 
136.462097 -146.510162 22.913351 79.000000 
136.527985 -146.399460 22.904173 75.000000 
136.450851 -146.506256 22.907988 79.000000 
136.523926 -146.380905 22.910444 64.000000 
136.439606 -146.502304 22.902639 85.000000 
136.513062 -146.377121 22.905149 68.000000 
136.434052 -146.486359 22.906309 72.000000 
136.432648 -146.463348 22.915806 69.000000 
136.343063 -146.588715 22.909397 66.000000 
136.420059 -146.462296 22.908281 65.000000 
136.337479 -146.572464 22.912827 68.000000 
136.410339 -146.455261 22.905287 67.000000 
136.331207 -146.557724 22.915205 65.000000 
136.231094 -146.698013 22.903517 65.000000 
136.320480 -146.551941 22.911053 68.000000 
136.227737 -146.676865 22.909855 93.000000 
136.310516 -146.544617 22.908018 56.000000 
136.222122 -146.660263 22.913067 73.000000 
136.299805 -146.538757 22.903908 63.000000 
136.211075 -146.654175 22.908897 73.000000 
136.116302 -146.768280 22.916597 52.000000 
136.292191 -146.526932 22.904217 58.000000 
136.200012 -146.648041 22.904747 71.000000 
136.107361 -146.757370 22.915474 69.000000 
136.186554 -146.646332 22.897427 68.000000 
136.094040 -146.755859 22.908379 77.000000 
136.183289 -146.627106 22.903057 67.000000 
136.084320 -146.746399 22.906279 72.000000 
136.180420 -146.606033 22.909653 59.000000 
136.078293 -146.729019 22.909201 67.000000 
135.975098 -146.860138 22.913864 68.000000 
136.072052 -146.713547 22.911291 66.000000 
135.962204 -146.856781 22.907871 65.000000 
136.062469 -146.704041 22.909290 57.000000 
135.952576 -146.845001 22.906549 67.000000 
135.949326 -146.825073 22.911549 64.000000 
135.938034 -146.816284 22.908310 63.000000 
135.821091 -146.964828 22.907463 58.000000 
135.926086 -146.811264 22.903404 63.000000 
135.813583 -146.950073 22.908121 77.000000 
135.806137 -146.935318 22.908821 78.000000 
135.795990 -146.925034 22.906670 65.000000 
135.674942 -147.072327 22.912487 71.000000 
135.784409 -146.915771 22.903429 68.000000 
135.660080 -147.067215 22.906355 82.000000 
135.776184 -146.902451 22.903269 54.000000 
135.644836 -147.063980 22.899475 83.000000 
135.640274 -147.046692 22.902201 72.000000 
135.521103 -147.186096 22.919975 50.000000 
135.633698 -147.029968 22.903727 67.000000 
135.504425 -147.183990 22.912310 63.000000 
135.627609 -147.011322 22.906071 63.000000 
135.491089 -147.175354 22.908060 67.000000 
135.481323 -147.162674 22.906672 70.000000 
135.473602 -147.147003 22.907104 64.000000 
135.315765 -147.335327 22.902643 68.000000 
135.466965 -147.129852 22.908472 61.000000 
135.356400 -147.282227 22.905828 104.000000 
135.350006 -147.265091 22.907055 110.000000 
135.344116 -147.245972 22.909023 115.000000 
135.175644 -147.442017 22.908680 115.000000 
135.332504 -147.233734 22.906593 108.000000 
135.166641 -147.424789 22.908508 123.000000 
135.156219 -147.411072 22.906906 124.000000 
135.149673 -147.393433 22.907959 123.000000 
135.135056 -147.385574 22.903151 122.000000 
134.952255 -147.593689 22.905807 118.000000 
134.933517 -147.587082 22.899073 122.000000 
134.924896 -147.569748 22.898945 124.000000 
134.918106 -147.551514 22.899803 124.000000 
134.916321 -147.525375 22.904465 122.000000 
137.845581 -145.497391 22.926346 60.000000 
137.834290 -145.499237 22.917011 79.000000 
137.827850 -145.486374 22.920391 98.000000 
137.823486 -145.467682 22.928904 85.000000 
137.755753 -145.582062 22.911695 65.000000 
137.813705 -145.465042 22.923441 88.000000 
137.749268 -145.568909 22.914877 85.000000 
137.804932 -145.459457 22.920544 69.000000 
137.748703 -145.539551 22.931772 68.000000 
137.794617 -145.458191 22.913828 74.000000 
137.739716 -145.533783 22.928823 68.000000 
137.787491 -145.446472 22.915943 77.000000 
137.727585 -145.535034 22.919514 73.000000 
137.664978 -145.628616 22.923300 54.000000 
137.783478 -145.427811 22.924650 50.000000 
137.716949 -145.533585 22.912849 68.000000 
137.655731 -145.622604 22.920298 70.000000 
137.709518 -145.525070 22.912594 61.000000 
137.648117 -145.613892 22.919895 83.000000 
137.706161 -145.504623 22.922235 52.000000 
137.638916 -145.607834 22.916937 76.000000 
137.574799 -145.697845 22.926668 50.000000 
137.699097 -145.492615 22.924269 61.000000 
137.628082 -145.604370 22.911411 76.000000 
137.562424 -145.697220 22.918762 53.000000 
137.624863 -145.583557 22.920706 76.000000 
137.551743 -145.693878 22.913387 69.000000 
137.614532 -145.580338 22.915377 67.000000 
137.544174 -145.683075 22.913969 69.000000 
137.606628 -145.571259 22.914961 64.000000 
137.538559 -145.667831 22.918152 72.000000 
137.462967 -145.778152 22.915220 62.000000 
137.530472 -145.658493 22.917608 76.000000 
137.456589 -145.764084 22.917976 82.000000 
137.521133 -145.652084 22.914705 65.000000 
137.447617 -145.755966 22.916140 93.000000 
137.512268 -145.645966 22.911968 65.000000 
137.442505 -145.740738 22.920273 81.000000 
137.363419 -145.854004 22.919468 75.000000 
137.430222 -145.740005 22.912687 75.000000 
137.357040 -145.839630 22.922052 84.000000 
137.420654 -145.733307 22.909763 68.000000 
137.347885 -145.831223 22.920172 85.000000 
137.413849 -145.720673 22.911518 70.000000 
137.335205 -145.830261 22.912674 75.000000 
137.328476 -145.815491 22.915207 65.000000 
137.250992 -145.917267 22.926479 66.000000 
137.318695 -145.808502 22.912270 65.000000 
137.240173 -145.911575 22.922365 75.000000 
137.316208 -145.786697 22.920687 82.000000 
137.229370 -145.905823 22.918272 79.000000 
137.128799 -146.048019 22.905598 50.000000 
137.223877 -145.889618 22.921883 77.000000 
137.128494 -146.020859 22.916283 91.000000 
137.218460 -145.873413 22.925537 75.000000 
137.120468 -146.008789 22.916416 76.000000 
137.208511 -145.866119 22.922626 51.000000 
137.113297 -145.995209 22.917645 73.000000 
137.197540 -145.862122 22.917679 56.000000 
137.104309 -145.986496 22.915865 73.000000 
137.008072 -146.103729 22.921371 59.000000 
137.098846 -145.969925 22.919294 73.000000 
137.004089 -146.083801 22.926548 72.000000 
137.084579 -145.969696 22.911016 67.000000 
136.991867 -146.078888 22.921467 69.000000 
137.075165 -145.960526 22.909166 57.000000 
136.981339 -146.070938 22.918468 72.000000 
136.970825 -146.062958 22.915497 72.000000 
136.872101 -146.186691 22.924982 68.000000 
136.964569 -146.047501 22.917725 59.000000 
136.857773 -146.184387 22.917952 67.000000 
136.848679 -146.173065 22.916925 69.000000 
136.839096 -146.161285 22.915781 60.000000 
136.725357 -146.305771 22.917831 60.000000 
136.833633 -146.143967 22.918825 50.000000 
136.715073 -146.295563 22.915718 77.000000 
136.707565 -146.280823 22.916523 72.000000 
136.701965 -146.263092 22.919298 69.000000 
136.572128 -146.425858 22.915710 78.000000 
136.692749 -146.251343 22.918251 59.000000 
136.562485 -146.413696 22.914459 77.000000 
136.680786 -146.244003 22.914333 52.000000 
136.556686 -146.395523 22.916954 82.000000 
136.550598 -146.379333 22.918715 68.000000 
136.535355 -146.376053 22.911987 67.000000 
136.412933 -146.519638 22.926708 59.000000 
136.525894 -146.363815 22.910872 70.000000 
136.401138 -146.510040 22.923626 64.000000 
136.386398 -146.504852 22.917892 75.000000 
136.377625 -146.490707 22.917547 64.000000 
136.238358 -146.654678 22.927732 84.000000 
136.368912 -146.476547 22.917242 59.000000 
136.215942 -146.659485 22.916069 108.000000 
136.253204 -146.610687 22.916710 105.000000 
136.250351 -146.587143 22.921377 81.000000 
136.081589 -146.785263 22.920120 115.000000 
136.237228 -146.578400 22.917503 108.000000 
136.073151 -146.768631 22.920240 118.000000 
136.060547 -146.757904 22.917124 121.000000 
136.057587 -146.733841 22.921423 111.000000 
136.047226 -146.720123 22.920025 115.000000 
135.860306 -146.934235 22.919119 118.000000 
136.026581 -146.719086 22.911108 121.000000 
135.848755 -146.919373 22.917372 122.000000 
135.836823 -146.906525 22.915039 126.000000 
135.831100 -146.886871 22.916815 121.000000 
135.814819 -146.879852 22.911417 123.000000 
138.760376 -144.847534 22.935158 51.000000 
138.753357 -144.836212 22.937214 73.000000 
138.743546 -144.833710 22.931683 78.000000 
138.734207 -144.829712 22.927435 80.000000 
138.726318 -144.821274 22.927025 77.000000 
138.665115 -144.918274 22.924814 69.000000 
138.718475 -144.812820 22.926641 77.000000 
138.659637 -144.902206 22.930483 70.000000 
138.712662 -144.798523 22.931395 71.000000 
138.649521 -144.899429 22.924999 68.000000 
138.702896 -144.795868 22.925953 71.000000 
138.643646 -144.884842 22.929497 61.000000 
138.695007 -144.790833 22.923370 63.000000 
138.638748 -144.870850 22.934328 52.000000 
138.570602 -144.980957 22.924459 70.000000 
138.629242 -144.866531 22.930159 51.000000 
138.564697 -144.966064 22.928724 76.000000 
138.555679 -144.956497 22.927866 69.000000 
138.486282 -145.061920 22.925705 54.000000 
138.610992 -144.852844 22.925341 58.000000 
138.546463 -144.950485 22.924898 74.000000 
138.479767 -145.048218 22.928558 58.000000 
138.537262 -144.944427 22.921949 69.000000 
138.473312 -145.034515 22.931452 64.000000 
138.525711 -144.944214 22.914133 58.000000 
138.463272 -145.029755 22.927259 66.000000 
138.522308 -144.925201 22.922380 64.000000 
138.453079 -145.026749 22.922045 69.000000 
138.443649 -145.020432 22.919075 70.000000 
138.376236 -145.113174 22.930059 89.000000 
138.438004 -145.005203 22.923283 66.000000 
138.363312 -145.114120 22.921249 88.000000 
138.431183 -144.992935 22.925142 67.000000 
138.354950 -145.104553 22.920553 72.000000 
138.281998 -145.206436 22.928984 72.000000 
138.423309 -144.981827 22.925697 57.000000 
138.344147 -145.099091 22.916256 75.000000 
138.272934 -145.196274 22.928005 84.000000 
138.341217 -145.077606 22.924910 70.000000 
138.258881 -145.198456 22.918203 82.000000 
138.331650 -145.070969 22.921982 68.000000 
138.254547 -145.179581 22.924187 82.000000 
138.319366 -145.070190 22.914413 70.000000 
138.251022 -145.159256 22.931349 72.000000 
138.164230 -145.282593 22.927059 60.000000 
138.239807 -145.155350 22.926125 54.000000 
138.159210 -145.264908 22.931646 66.000000 
138.229309 -145.149902 22.922050 69.000000 
138.150589 -145.254745 22.930805 70.000000 
138.220245 -145.141449 22.920261 64.000000 
138.139038 -145.250565 22.925604 66.000000 
138.128967 -145.243347 22.922617 66.000000 
138.043365 -145.356979 22.929785 84.000000 
138.117172 -145.240921 22.916498 59.000000 
138.032745 -145.351364 22.925817 73.000000 
138.113205 -145.221741 22.922367 63.000000 
138.020828 -145.346848 22.920654 73.000000 
137.926453 -145.461380 22.928137 52.000000 
138.009186 -145.340393 22.916424 68.000000 
137.917419 -145.450546 22.927097 69.000000 
138.003616 -145.323822 22.919840 67.000000 
137.906784 -145.442688 22.924028 77.000000 
137.999756 -145.304306 22.925438 67.000000 
137.900299 -145.427292 22.926142 74.000000 
137.894714 -145.410400 22.929331 72.000000 
137.784195 -145.557404 22.923632 65.000000 
137.881683 -145.406967 22.923248 66.000000 
137.779266 -145.538605 22.927507 68.000000 
137.874542 -145.393036 22.924437 66.000000 
137.770111 -145.527359 22.926443 69.000000 
137.760986 -145.516083 22.925411 63.000000 
137.751923 -145.504776 22.924410 72.000000 
137.641586 -145.645203 22.929045 75.000000 
137.739365 -145.499435 22.919432 63.000000 
137.634003 -145.630539 22.929815 72.000000 
137.621613 -145.625305 22.924990 75.000000 
137.606827 -145.622589 22.918098 73.000000 
137.490677 -145.764908 22.927559 82.000000 
137.599365 -145.607864 22.918962 69.000000 
137.476334 -145.760345 22.921665 85.000000 
137.461975 -145.755707 22.915791 83.000000 
137.455582 -145.737106 22.918159 75.000000 
137.336075 -145.878540 22.934643 59.000000 
137.454620 -145.711517 22.925385 70.000000 
137.317413 -145.879532 22.925274 69.000000 
137.441315 -145.705292 22.920534 60.000000 
137.310440 -145.862473 22.926634 75.000000 
137.304535 -145.843918 22.928930 75.000000 
137.294769 -145.831329 22.927691 60.000000 
137.139160 -146.021317 22.922869 103.000000 
137.285034 -145.818726 22.926483 59.000000 
137.130951 -146.005234 22.923155 108.000000 
137.176819 -145.944855 22.930496 111.000000 
137.159561 -145.942184 22.923140 84.000000 
137.007294 -146.118637 22.934010 115.000000 
137.143295 -145.937958 22.916660 106.000000 
136.986267 -146.119980 22.924295 123.000000 
136.976791 -146.104858 22.923620 125.000000 
136.966309 -146.091202 22.922163 122.000000 
136.958008 -146.074570 22.922388 122.000000 
136.775253 -146.285034 22.923616 119.000000 
136.758438 -146.280273 22.917469 122.000000 
136.750809 -146.261551 22.918242 124.000000 
136.748093 -146.234894 22.922831 121.000000 
136.736221 -146.222076 22.920557 115.000000 
139.682220 -144.179886 22.946541 60.000000 
139.671936 -144.182465 22.937447 79.000000 
139.663483 -144.175598 22.935678 86.000000 
139.655563 -144.163773 22.937452 80.000000 
139.649551 -144.149536 22.942118 80.000000 
139.586243 -144.255722 22.931925 78.000000 
139.640732 -144.144089 22.939156 65.000000 
139.582657 -144.233765 22.942547 65.000000 
139.630966 -144.141541 22.933655 58.000000 
139.576645 -144.219254 22.946999 63.000000 
139.621185 -144.138931 22.928164 71.000000 
139.567642 -144.213608 22.944004 58.000000 
139.501205 -144.322845 22.935091 56.000000 
139.557617 -144.210876 22.938530 52.000000 
139.495697 -144.306519 22.940517 70.000000 
139.548477 -144.208679 22.933363 56.000000 
139.487366 -144.301224 22.937775 76.000000 
139.541595 -144.197067 22.935431 56.000000 
139.475891 -144.301254 22.929869 69.000000 
139.465698 -144.294693 22.926552 66.000000 
139.403137 -144.383942 22.937117 58.000000 
139.458725 -144.282791 22.928450 58.000000 
139.393646 -144.377777 22.934046 69.000000 
139.453522 -144.266464 22.934055 64.000000 
139.382996 -144.374573 22.928617 72.000000 
139.445526 -144.257507 22.933577 66.000000 
139.375931 -144.362396 22.930349 67.000000 
139.368927 -144.350204 22.932119 65.000000 
139.298508 -144.452286 22.935579 83.000000 
139.361984 -144.338013 22.933922 67.000000 
139.285645 -144.453323 22.926716 88.000000 
139.353088 -144.332047 22.931120 70.000000 
139.283493 -144.430695 22.936588 75.000000 
139.203476 -144.551056 22.930809 66.000000 
139.272583 -144.427170 22.931250 68.000000 
139.197540 -144.535248 22.934448 79.000000 
139.262314 -144.422119 22.927090 60.000000 
139.189651 -144.523987 22.934744 74.000000 
139.252045 -144.417023 22.922949 72.000000 
139.179764 -144.517212 22.931683 65.000000 
139.241959 -144.410080 22.919846 51.000000 
139.170776 -144.507065 22.930756 63.000000 
139.094772 -144.609863 22.941540 57.000000 
139.156754 -144.509201 22.920942 56.000000 
139.082489 -144.607361 22.935152 54.000000 
139.154877 -144.488098 22.929592 60.000000 
139.073364 -144.600983 22.932381 53.000000 
139.150024 -144.470810 22.934587 50.000000 
139.061798 -144.596878 22.927122 61.000000 
138.978043 -144.709869 22.935129 71.000000 
139.054367 -144.581528 22.929293 66.000000 
138.966583 -144.701752 22.931686 76.000000 
139.052444 -144.557907 22.938427 65.000000 
138.956955 -144.692825 22.929649 78.000000 
139.038239 -144.561905 22.928024 68.000000 
138.949921 -144.681610 22.930080 79.000000 
138.851486 -144.807755 22.929848 56.000000 
138.942657 -144.668121 22.931305 71.000000 
138.846100 -144.787109 22.934641 69.000000 
138.933670 -144.655396 22.931196 73.000000 
138.839478 -144.771790 22.936701 69.000000 
138.919479 -144.655365 22.922844 79.000000 
138.830505 -144.761002 22.935696 72.000000 
138.817490 -144.757721 22.929537 64.000000 
138.720291 -144.884674 22.937536 64.000000 
138.808578 -144.746872 22.928585 61.000000 
138.707153 -144.879181 22.932253 65.000000 
138.802170 -144.731522 22.930784 67.000000 
138.697632 -144.869919 22.930304 57.000000 
138.684509 -144.864334 22.925068 56.000000 
138.580719 -144.996765 22.935242 63.000000 
138.679321 -144.847504 22.928190 55.000000 
138.565094 -144.995819 22.927259 75.000000 
138.673157 -144.829880 22.931057 55.000000 
138.553848 -144.987244 22.924122 69.000000 
138.546188 -144.972610 22.924885 73.000000 
138.544189 -144.951324 22.930841 66.000000 
138.411865 -145.123093 22.921623 77.000000 
138.535782 -144.938202 22.930716 59.000000 
138.403946 -145.108032 22.922174 82.000000 
138.400146 -145.084976 22.927275 81.000000 
138.386780 -145.078934 22.922308 67.000000 
138.266418 -145.224197 22.936295 50.000000 
138.376602 -145.066406 22.920954 71.000000 
138.256821 -145.209793 22.935646 56.000000 
138.367035 -145.054291 22.919788 67.000000 
138.242081 -145.204865 22.929811 64.000000 
138.231216 -145.193863 22.927591 66.000000 
138.098267 -145.353683 22.940348 61.000000 
138.219406 -145.184341 22.924503 66.000000 
138.079056 -145.354340 22.931129 76.000000 
138.209579 -145.171799 22.923248 61.000000 
138.062790 -145.350403 22.924505 108.000000 
138.055557 -145.332901 22.925659 115.000000 
138.045990 -145.320374 22.924421 84.000000 
137.894974 -145.497833 22.934492 109.000000 
138.083344 -145.271179 22.924877 106.000000 
137.921585 -145.463196 22.926395 106.000000 
137.906204 -145.455109 22.921398 121.000000 
137.899826 -145.435577 22.923199 121.000000 
137.897308 -145.412109 22.927685 120.000000 
137.710892 -145.631241 22.923771 120.000000 
137.698807 -145.618607 22.921329 122.000000 
137.691086 -145.599991 22.922079 123.000000 
137.679108 -145.587296 22.919716 124.000000 
137.667603 -145.572525 22.918022 123.000000 
140.577133 -143.526825 22.948589 66.000000 
140.570435 -143.515823 22.950727 85.000000 
140.560593 -143.513397 22.945120 94.000000 
140.552155 -143.504776 22.944462 85.000000 
140.492004 -143.602585 22.942238 65.000000 
140.541382 -143.505219 22.936335 91.000000 
140.485779 -143.588043 22.946564 78.000000 
140.536255 -143.488022 22.943533 74.000000 
140.477142 -143.580933 22.944717 60.000000 
140.527405 -143.482529 22.940552 71.000000 
140.465012 -143.584167 22.934177 56.000000 
140.519547 -143.474106 22.940151 61.000000 
140.460968 -143.563690 22.943586 54.000000 
140.398727 -143.661316 22.944807 52.000000 
140.456024 -143.546188 22.950556 52.000000 
140.386154 -143.664413 22.934406 60.000000 
140.445389 -143.546661 22.942715 54.000000 
140.382156 -143.645355 22.942402 70.000000 
140.436371 -143.540924 22.939739 58.000000 
140.375046 -143.633484 22.944206 68.000000 
140.366989 -143.622787 22.944675 62.000000 
140.297684 -143.730118 22.940912 64.000000 
140.354950 -143.624237 22.935551 66.000000 
140.292236 -143.713455 22.946108 66.000000 
140.345139 -143.619690 22.931326 70.000000 
140.279800 -143.714752 22.937084 62.000000 
140.338196 -143.607758 22.933243 53.000000 
140.273880 -143.699570 22.941160 61.000000 
140.203140 -143.803619 22.943808 62.000000 
140.260803 -143.702271 22.930969 55.000000 
140.194641 -143.794174 22.942993 76.000000 
140.253754 -143.690048 22.932720 59.000000 
140.179855 -143.799728 22.930620 82.000000 
140.250458 -143.668930 22.941683 56.000000 
140.172653 -143.787216 22.932165 75.000000 
140.101746 -143.886780 22.942711 95.000000 
140.164230 -143.777679 22.931423 68.000000 
140.089752 -143.884583 22.936180 96.000000 
140.158432 -143.762177 22.935366 64.000000 
140.079102 -143.879333 22.931917 99.000000 
140.148788 -143.755600 22.932356 64.000000 
140.074539 -143.860474 22.937840 89.000000 
139.996674 -143.968307 22.945753 52.000000 
140.068542 -143.846512 22.940569 69.000000 
139.984848 -143.966187 22.939461 69.000000 
140.055908 -143.845673 22.932991 58.000000 
139.976059 -143.956085 22.938499 65.000000 
140.049011 -143.830994 22.935480 62.000000 
139.970383 -143.938080 22.942904 66.000000 
139.960968 -143.929474 22.940914 63.000000 
139.863937 -144.069946 22.929783 96.000000 
139.949402 -143.925339 22.935648 63.000000 
139.863953 -144.041290 22.941490 76.000000 
139.939301 -143.918167 22.932604 61.000000 
139.852005 -144.036911 22.936218 84.000000 
139.840042 -144.032471 22.930965 70.000000 
139.829636 -144.024979 22.927866 67.000000 
139.740799 -144.133331 22.940493 69.000000 
139.822845 -144.011826 22.929226 70.000000 
139.727707 -144.130112 22.934238 74.000000 
139.819504 -143.990799 22.935831 52.000000 
139.721039 -144.114746 22.936279 66.000000 
139.716873 -144.094879 22.941469 64.000000 
139.608505 -144.241394 22.936407 60.000000 
139.704956 -144.088150 22.937214 58.000000 
139.600845 -144.227188 22.937220 59.000000 
139.596634 -144.206924 22.942076 56.000000 
139.585724 -144.198746 22.938963 53.000000 
139.471191 -144.349197 22.937403 60.000000 
139.460754 -144.339142 22.935160 75.000000 
139.454758 -144.321487 22.937780 72.000000 
139.440857 -144.317429 22.931732 63.000000 
139.430527 -144.307297 22.929581 63.000000 
139.311874 -144.456711 22.934872 77.000000 
139.424713 -144.289627 22.932316 65.000000 
139.298416 -144.450729 22.929804 78.000000 
139.287964 -144.442596 22.926939 72.000000 
139.281021 -144.425995 22.928453 71.000000 
139.158493 -144.576584 22.940212 57.000000 
139.278244 -144.401443 22.934536 71.000000 
139.143082 -144.571213 22.934134 64.000000 
139.134003 -144.557205 22.933619 66.000000 
139.131165 -144.532196 22.939274 59.000000 
139.119324 -144.522690 22.936146 59.000000 
138.962799 -144.716644 22.928911 108.000000 
138.959396 -144.693085 22.933413 116.000000 
138.954117 -144.672562 22.936249 111.000000 
138.939865 -144.665543 22.931360 111.000000 
138.781815 -144.853851 22.935907 112.000000 
138.975708 -144.617737 22.931442 63.000000 
138.812057 -144.813095 22.931614 121.000000 
138.799545 -144.805099 22.927874 121.000000 
138.784744 -144.797470 22.923010 119.000000 
138.780838 -144.772888 22.927118 115.000000 
138.603683 -144.981079 22.930334 119.000000 
138.582962 -144.980377 22.921543 122.000000 
138.576859 -144.960770 22.923178 123.000000 
138.576660 -144.931686 22.929436 121.000000 
138.565750 -144.917496 22.927849 118.000000 
141.474899 -142.867569 22.949131 79.000000 
141.463654 -142.867859 22.940788 94.000000 
141.455994 -142.858032 22.941505 94.000000 
141.397537 -142.951920 22.943439 52.000000 
141.451111 -142.839355 22.949894 80.000000 
141.389236 -142.943359 22.942757 85.000000 
141.444046 -142.828049 22.951960 82.000000 
141.381958 -142.931778 22.944588 68.000000 
141.434219 -142.825546 22.946396 82.000000 
141.376221 -142.915756 22.950182 73.000000 
141.425323 -142.820068 22.943401 80.000000 
141.366074 -142.913086 22.944613 83.000000 
141.356430 -142.908890 22.940304 68.000000 
141.296844 -142.999390 22.947880 70.000000 
141.345764 -142.907608 22.933512 59.000000 
141.286926 -142.995010 22.943539 90.000000 
141.342285 -142.885666 22.944246 58.000000 
141.276459 -142.992096 22.937996 89.000000 
141.214401 -143.082214 22.949188 54.000000 
141.265991 -142.989136 22.932467 84.000000 
141.204788 -143.076111 22.946018 61.000000 
141.260483 -142.972763 22.937939 71.000000 
141.196899 -143.065475 22.946426 72.000000 
141.251160 -142.966766 22.934896 60.000000 
141.185013 -143.065323 22.938553 76.000000 
141.244675 -142.953369 22.937998 68.000000 
141.178940 -143.050140 22.942581 72.000000 
141.107346 -143.157761 22.943275 60.000000 
141.171783 -143.037949 22.944271 67.000000 
141.095032 -143.157394 22.935478 69.000000 
141.160492 -143.036194 22.937643 67.000000 
141.085815 -143.149414 22.933477 82.000000 
141.149780 -143.032883 22.932220 76.000000 
141.082260 -143.127884 22.941935 81.000000 
141.073135 -143.119888 22.940001 72.000000 
140.994583 -143.237885 22.937023 95.000000 
141.062119 -143.116364 22.934603 58.000000 
140.989807 -143.219025 22.942858 79.000000 
141.051102 -143.112793 22.929218 59.000000 
140.981125 -143.209244 22.941973 82.000000 
141.043961 -143.100235 22.930849 63.000000 
140.968430 -143.208496 22.934336 67.000000 
140.891998 -143.313660 22.944778 66.000000 
140.958435 -143.201660 22.931234 69.000000 
140.883118 -143.303604 22.943781 69.000000 
140.951202 -143.188812 22.932693 62.000000 
140.874268 -143.293518 22.942812 75.000000 
140.946396 -143.173660 22.936760 58.000000 
140.862930 -143.291672 22.936695 79.000000 
140.770798 -143.423813 22.932545 69.000000 
140.858444 -143.272491 22.942379 75.000000 
140.765381 -143.405746 22.936752 100.000000 
140.849731 -143.262360 22.941500 75.000000 
140.754822 -143.398346 22.933556 94.000000 
140.841034 -143.252197 22.940651 69.000000 
140.748047 -143.383331 22.935713 73.000000 
140.738785 -143.370590 22.935463 71.000000 
140.645203 -143.488235 22.941906 57.000000 
140.730621 -143.358597 22.935564 73.000000 
140.637863 -143.476715 22.942123 78.000000 
140.720474 -143.353348 22.931721 71.000000 
140.626312 -143.470459 22.937920 77.000000 
140.613708 -143.463394 22.933424 72.000000 
140.602173 -143.457062 22.929268 77.000000 
140.506149 -143.581314 22.939859 71.000000 
140.596054 -143.442047 22.931519 67.000000 
140.493988 -143.576614 22.934824 64.000000 
140.481262 -143.571457 22.929649 56.000000 
140.474991 -143.556091 22.931673 55.000000 
140.361984 -143.705978 22.931774 58.000000 
140.470795 -143.535797 22.936592 52.000000 
140.352295 -143.694366 22.930470 61.000000 
140.343292 -143.678864 22.930813 63.000000 
140.342529 -143.652100 22.939268 59.000000 
140.205688 -143.834183 22.925144 78.000000 
140.325943 -143.652542 22.930321 61.000000 
140.202072 -143.811478 22.930248 94.000000 
140.315582 -143.642365 22.928185 55.000000 
140.196747 -143.791855 22.933542 75.000000 
140.185089 -143.782822 22.930351 72.000000 
140.058777 -143.939774 22.938776 66.000000 
140.170685 -143.778259 22.924381 63.000000 
140.054276 -143.918198 22.942656 76.000000 
140.160904 -143.766129 22.923115 68.000000 
140.042267 -143.908783 22.939417 73.000000 
140.026443 -143.905350 22.932615 73.000000 
140.009293 -143.905334 22.924191 60.000000 
139.877502 -144.064545 22.938807 61.000000 
140.006973 -143.880737 22.930029 68.000000 
139.862106 -144.059143 22.932943 105.000000 
139.849686 -144.049149 22.929689 106.000000 
139.836288 -144.040619 22.925600 75.000000 
139.830322 -144.019547 22.928297 106.000000 
139.666397 -144.217468 22.928316 118.000000 
139.661728 -144.194870 22.931616 121.000000 
139.695709 -144.147644 22.930336 119.000000 
139.686050 -144.132553 22.929600 115.000000 
139.672272 -144.123413 22.925591 121.000000 
139.497559 -144.329163 22.930685 120.000000 
139.484268 -144.317993 22.927391 124.000000 
139.468872 -144.309769 22.922552 123.000000 
139.457779 -144.295532 22.920904 123.000000 
142.382996 -142.204971 22.962297 63.000000 
142.374374 -142.198196 22.960411 85.000000 
142.368408 -142.182495 22.966152 83.000000 
142.357666 -142.186584 22.955746 77.000000 
142.299210 -142.282242 22.956501 52.000000 
142.351349 -142.172363 22.960279 86.000000 
142.294662 -142.261719 22.965694 85.000000 
142.340576 -142.172867 22.952124 80.000000 
142.286407 -142.253204 22.965027 68.000000 
142.335281 -142.155685 22.959272 74.000000 
142.275284 -142.253616 22.956936 65.000000 
142.330078 -142.138519 22.966473 86.000000 
142.266083 -142.248016 22.953825 60.000000 
142.259872 -142.233475 22.958206 60.000000 
142.196136 -142.337692 22.954826 67.000000 
142.256760 -142.210052 22.970116 65.000000 
142.186172 -142.333359 22.950455 73.000000 
142.244156 -142.214767 22.958351 73.000000 
142.179932 -142.318512 22.954601 71.000000 
142.235077 -142.209076 22.955339 50.000000 
142.173767 -142.303665 22.958792 72.000000 
142.106491 -142.408859 22.957850 60.000000 
142.163345 -142.300766 22.953276 74.000000 
142.098557 -142.398254 22.958225 62.000000 
142.155106 -142.291855 22.952654 67.000000 
142.093536 -142.380096 22.964561 64.000000 
142.146912 -142.282944 22.952061 72.000000 
142.082825 -142.376999 22.959070 64.000000 
142.073288 -142.370850 22.955975 62.000000 
142.002579 -142.477036 22.957716 70.000000 
142.062576 -142.367645 22.950516 64.000000 
141.991394 -142.475510 22.951235 82.000000 
142.051849 -142.364410 22.945072 59.000000 
141.982300 -142.465744 22.950237 75.000000 
141.906479 -142.579849 22.951019 55.000000 
141.972992 -142.459625 22.947264 78.000000 
141.902176 -142.559479 22.957895 83.000000 
141.967117 -142.442307 22.952127 72.000000 
141.892105 -142.552811 22.954700 100.000000 
141.959290 -142.431320 22.952541 68.000000 
141.879425 -142.552170 22.947023 85.000000 
141.949097 -142.424484 22.949343 56.000000 
141.872192 -142.537521 22.949352 79.000000 
141.794891 -142.646042 22.957619 60.000000 
141.866867 -142.520203 22.954142 72.000000 
141.785965 -142.636032 22.956591 69.000000 
141.856735 -142.515274 22.950073 62.000000 
141.778290 -142.624817 22.956848 70.000000 
141.846786 -142.508453 22.947004 65.000000 
141.770859 -142.611725 22.958073 66.000000 
141.672241 -142.759476 22.943132 65.000000 
141.763489 -142.598633 22.959335 66.000000 
141.671127 -142.732254 22.953665 100.000000 
141.752594 -142.593079 22.955135 63.000000 
141.665726 -142.714249 22.957888 89.000000 
141.743149 -142.584473 22.953157 68.000000 
141.655228 -142.706909 22.954706 73.000000 
141.640991 -142.707108 22.946217 68.000000 
141.553329 -142.814499 22.960022 59.000000 
141.633514 -142.693634 22.947348 68.000000 
141.542542 -142.806839 22.956802 69.000000 
141.627625 -142.677124 22.950655 76.000000 
141.525482 -142.811325 22.945351 72.000000 
141.617981 -142.668152 22.948648 53.000000 
141.521011 -142.791412 22.950438 74.000000 
141.516663 -142.771530 22.955576 74.000000 
141.411682 -142.914368 22.953798 80.000000 
141.502777 -142.769791 22.948320 69.000000 
141.398117 -142.910873 22.947578 71.000000 
141.393692 -142.890579 22.952377 67.000000 
141.382675 -142.882446 22.949213 58.000000 
141.373642 -142.869339 22.948929 59.000000 
141.262756 -143.016235 22.950626 73.000000 
141.360153 -142.865662 22.942808 51.000000 
141.251373 -143.007736 22.947403 77.000000 
141.242340 -142.996582 22.946299 78.000000 
141.233643 -142.983459 22.946039 68.000000 
141.113297 -143.138397 22.948753 82.000000 
141.226776 -142.967331 22.947754 56.000000 
141.101578 -143.129456 22.945498 83.000000 
141.088959 -143.121994 22.941338 78.000000 
141.079102 -143.109940 22.940004 81.000000 
140.958389 -143.259995 22.953054 69.000000 
141.076660 -143.085815 22.946186 78.000000 
140.944427 -143.253647 22.947985 81.000000 
140.937119 -143.236649 22.949211 73.000000 
140.930832 -143.218140 22.951380 61.000000 
140.919830 -143.207169 22.949099 64.000000 
140.769485 -143.394821 22.946535 109.000000 
140.763901 -143.374283 22.949268 110.000000 
140.754471 -143.359818 22.948603 108.000000 
140.743118 -143.348358 22.946251 102.000000 
140.727783 -143.342865 22.940475 68.000000 
140.572464 -143.528976 22.946945 121.000000 
140.559616 -143.518494 22.943657 124.000000 
140.593094 -143.471024 22.942398 121.000000 
140.585495 -143.452972 22.943314 122.000000 
140.405548 -143.668518 22.943583 104.000000 
140.390091 -143.660431 22.938675 120.000000 
140.382095 -143.641785 22.939314 120.000000 
140.375229 -143.621658 22.940788 121.000000 
140.368469 -143.601517 22.942310 123.000000 
143.286530 -141.520630 22.985926 51.000000 
143.274124 -141.527374 22.972670 79.000000 
143.262024 -141.529037 22.962885 86.000000 
143.252075 -141.526703 22.957218 86.000000 
143.246536 -141.513000 22.962034 80.000000 
143.187866 -141.610352 22.961590 74.000000 
143.241074 -141.495834 22.969124 83.000000 
143.179977 -141.600327 22.962126 73.000000 
143.232101 -141.490479 22.966072 83.000000 
143.170700 -141.594788 22.958973 78.000000 
143.222687 -141.486572 22.961763 90.000000 
143.165283 -141.577286 22.965775 67.000000 
143.213730 -141.481155 22.958750 55.000000 
143.156067 -141.571716 22.962675 67.000000 
143.095367 -141.668869 22.965618 70.000000 
143.146881 -141.566101 22.959597 71.000000 
143.087433 -141.658569 22.966084 86.000000 
143.137695 -141.560471 22.956537 65.000000 
143.078003 -141.652771 22.962938 81.000000 
143.130539 -141.548889 22.958496 61.000000 
143.067520 -141.649948 22.957384 78.000000 
143.058685 -141.640793 22.956556 81.000000 
142.995972 -141.734207 22.965353 66.000000 
143.052521 -141.625946 22.960789 78.000000 
142.984055 -141.734192 22.957453 74.000000 
143.045273 -141.615875 22.961554 61.000000 
142.976013 -141.725372 22.956831 76.000000 
142.969818 -141.710220 22.960831 76.000000 
142.899597 -141.816910 22.962852 62.000000 
142.962555 -141.698090 22.962494 76.000000 
142.886688 -141.818161 22.953892 67.000000 
142.954163 -141.688934 22.961809 65.000000 
142.878601 -141.807220 22.954180 72.000000 
142.942856 -141.687225 22.955189 66.000000 
142.874268 -141.787216 22.961449 72.000000 
142.796906 -141.906067 22.958767 82.000000 
142.865082 -141.779297 22.959496 70.000000 
142.789337 -141.893326 22.960039 84.000000 
142.852783 -141.778870 22.951761 64.000000 
142.781174 -141.882111 22.960224 79.000000 
142.842346 -141.773865 22.947525 62.000000 
142.770432 -141.876938 22.955935 69.000000 
142.761017 -141.868713 22.953920 89.000000 
142.686035 -141.972931 22.965590 66.000000 
142.750305 -141.863464 22.949673 62.000000 
142.677780 -141.961411 22.965666 66.000000 
142.746307 -141.843140 22.956762 75.000000 
142.667465 -141.954437 22.962490 66.000000 
142.656479 -141.948959 22.958241 65.000000 
142.564636 -142.083282 22.953108 69.000000 
142.649033 -141.935852 22.959503 61.000000 
142.557617 -142.068329 22.955168 87.000000 
142.641647 -141.922760 22.960806 63.000000 
142.550674 -142.053360 22.957268 78.000000 
142.631454 -141.915680 22.957735 63.000000 
142.539352 -142.047546 22.953020 67.000000 
142.534775 -142.028015 22.958391 65.000000 
142.439041 -142.152451 22.960749 57.000000 
142.522766 -142.023651 22.953133 67.000000 
142.431305 -142.138672 22.961653 67.000000 
142.513779 -142.013199 22.952171 71.000000 
142.419159 -142.132141 22.957275 72.000000 
142.409149 -142.122894 22.955147 64.000000 
142.400253 -142.114395 22.953360 67.000000 
142.305008 -142.241272 22.963120 71.000000 
142.394287 -142.097549 22.956470 67.000000 
142.288971 -142.242386 22.953917 60.000000 
142.282532 -142.222824 22.957405 60.000000 
142.273697 -142.212082 22.956409 62.000000 
142.159607 -142.365387 22.954399 58.000000 
142.268814 -142.191422 22.961153 62.000000 
142.148132 -142.356918 22.951149 63.000000 
142.140137 -142.342316 22.951788 65.000000 
142.134827 -142.323166 22.955370 67.000000 
142.126114 -142.310074 22.955124 73.000000 
142.002640 -142.471436 22.954109 89.000000 
142.113358 -142.302597 22.950878 68.000000 
141.993896 -142.455978 22.954424 75.000000 
141.983978 -142.444000 22.953077 78.000000 
141.972290 -142.435028 22.949900 71.000000 
141.852020 -142.585373 22.962893 56.000000 
141.958786 -142.429031 22.944878 78.000000 
141.839005 -142.577560 22.958735 66.000000 
141.826935 -142.568192 22.955502 68.000000 
141.813934 -142.560287 22.951399 64.000000 
141.803467 -142.549789 22.949280 66.000000 
141.660294 -142.727295 22.953125 103.000000 
141.645828 -142.720428 22.948128 108.000000 
141.641586 -142.696381 22.952471 74.000000 
141.637100 -142.674362 22.956169 102.000000 
141.625366 -142.664902 22.953165 102.000000 
141.458496 -142.869583 22.949593 122.000000 
141.451706 -142.850037 22.951258 124.000000 
141.438858 -142.839539 22.948017 122.000000 
141.474518 -142.789246 22.948441 122.000000 
141.298279 -143.000824 22.951277 121.000000 
141.283173 -142.990723 22.947008 123.000000 
141.270874 -142.978104 22.944513 125.000000 
141.257828 -142.969559 22.940800 124.000000 
141.249863 -142.950897 22.941532 122.000000 
144.194672 -140.864334 22.992531 51.000000 
144.183136 -140.868195 22.981783 79.000000 
144.172363 -140.869003 22.973558 94.000000 
144.167862 -140.849121 22.983212 104.000000 
144.158783 -140.843918 22.980089 101.000000 
144.100220 -140.944763 22.977184 69.000000 
144.149734 -140.838669 22.976986 74.000000 
144.095856 -140.922775 22.987579 70.000000 
144.141983 -140.828949 22.977716 83.000000 
144.087494 -140.914352 22.986895 68.000000 
144.133850 -140.820694 22.977205 80.000000 
144.077316 -140.911911 22.981277 61.000000 
144.127533 -140.806519 22.981821 60.000000 
144.065247 -140.915405 22.970707 58.000000 
144.008789 -141.002609 22.982378 54.000000 
144.060242 -140.898224 22.977697 56.000000 
143.998749 -141.000244 22.976929 66.000000 
144.053925 -140.883759 22.982092 56.000000 
143.988739 -140.996048 22.972542 80.000000 
144.046249 -140.871994 22.983883 54.000000 
143.982361 -140.979477 22.977718 78.000000 
143.974457 -140.969208 22.978241 74.000000 
143.907883 -141.076782 22.976307 64.000000 
143.964462 -140.966721 22.972866 66.000000 
143.901932 -141.061996 22.980360 61.000000 
143.955048 -140.960907 22.969786 61.000000 
143.892258 -141.056015 22.977196 59.000000 
143.883224 -141.046677 22.976265 59.000000 
143.816360 -141.147888 22.982964 58.000000 
143.875839 -141.034607 22.977898 59.000000 
143.805847 -141.143188 22.978603 76.000000 
143.865570 -141.031860 22.972584 62.000000 
143.795837 -141.138763 22.974421 65.000000 
143.857132 -141.022766 22.971891 62.000000 
143.785934 -141.132462 22.971252 63.000000 
143.717102 -141.233688 22.982275 82.000000 
143.776047 -141.126144 22.968105 65.000000 
143.706924 -141.227188 22.979040 84.000000 
143.771057 -141.107681 22.974251 67.000000 
143.697418 -141.219116 22.976952 85.000000 
143.763702 -141.095291 22.975805 63.000000 
143.684082 -141.220169 22.968142 82.000000 
143.680389 -141.198334 22.976231 67.000000 
143.600540 -141.316956 22.977938 60.000000 
143.670975 -141.190186 22.974224 62.000000 
143.591476 -141.307053 22.976885 69.000000 
143.662231 -141.180511 22.973375 60.000000 
143.584503 -141.292511 22.979139 70.000000 
143.651550 -141.175339 22.969160 53.000000 
143.577591 -141.278000 22.981436 63.000000 
143.479416 -141.430054 22.964512 72.000000 
143.567978 -141.269562 22.979387 58.000000 
143.478668 -141.401291 22.976059 100.000000 
143.557022 -141.264145 22.975166 63.000000 
143.472336 -141.384872 22.979189 84.000000 
143.546753 -141.257172 22.972067 63.000000 
143.460281 -141.380737 22.973864 70.000000 
143.452621 -141.367371 22.974941 71.000000 
143.360397 -141.488052 22.980417 59.000000 
143.437637 -141.369232 22.965395 68.000000 
143.349503 -141.480530 22.977177 72.000000 
143.431519 -141.352783 22.968666 67.000000 
143.337097 -141.476028 22.971899 74.000000 
143.330322 -141.458862 22.974739 74.000000 
143.324158 -141.442078 22.977781 67.000000 
143.218552 -141.590820 22.973169 74.000000 
143.315506 -141.431793 22.976883 69.000000 
143.211136 -141.577133 22.974072 69.000000 
143.206467 -141.556915 22.978844 69.000000 
143.193741 -141.551987 22.973667 66.000000 
143.084259 -141.702133 22.974726 58.000000 
143.179367 -141.550064 22.966505 60.000000 
143.072739 -141.693802 22.971451 77.000000 
143.169937 -141.538956 22.965378 61.000000 
143.069733 -141.670105 22.977842 81.000000 
143.053192 -141.670914 22.968843 81.000000 
142.931656 -141.833847 22.968264 57.000000 
143.046356 -141.652908 22.971300 75.000000 
142.923569 -141.816940 22.969419 78.000000 
143.035843 -141.642944 22.969118 65.000000 
142.914383 -141.803543 22.968929 89.000000 
142.902283 -141.796692 22.964914 89.000000 
142.894974 -141.780197 22.966354 78.000000 
142.771912 -141.937347 22.975670 56.000000 
142.888641 -141.762192 22.968769 78.000000 
142.760666 -141.926590 22.973263 56.000000 
142.878769 -141.750259 22.967489 67.000000 
142.751297 -141.912750 22.972675 64.000000 
142.743851 -141.895844 22.973919 73.000000 
142.733673 -141.883499 22.972513 68.000000 
142.585312 -142.074982 22.969412 72.000000 
142.721634 -141.874161 22.969345 68.000000 
142.579483 -142.054520 22.972109 106.000000 
142.572784 -142.035599 22.973993 74.000000 
142.560318 -142.025818 22.970760 74.000000 
142.547882 -142.015976 22.967558 102.000000 
142.389969 -142.211578 22.969910 120.000000 
142.381027 -142.195175 22.969889 121.000000 
142.367096 -142.186340 22.965790 122.000000 
142.361298 -142.165359 22.968325 121.000000 
142.398132 -142.113739 22.969883 122.000000 
142.213150 -142.341553 22.964401 118.000000 
142.202835 -142.326050 22.963436 121.000000 
142.194687 -142.307510 22.964087 124.000000 
142.187668 -142.287460 22.965572 125.000000 
142.174377 -142.276428 22.962366 63.000000 
145.078690 -140.196960 23.006058 60.000000 
145.067535 -140.199341 22.996552 74.000000 
145.057983 -140.195663 22.992081 71.000000 
145.047623 -140.196701 22.984001 83.000000 
144.995621 -140.275345 23.000408 52.000000 
145.041000 -140.182480 22.988396 83.000000 
144.985367 -140.272995 22.994696 72.000000 
145.035294 -140.165314 22.995365 74.000000 
144.975540 -140.269089 22.990227 67.000000 
145.026672 -140.158554 22.993513 94.000000 
144.967560 -140.259125 22.990705 68.000000 
145.018051 -140.150024 22.992800 69.000000 
144.961456 -140.241348 22.997234 63.000000 
144.900452 -140.343872 22.997122 52.000000 
144.954071 -140.229874 22.999025 58.000000 
144.890884 -140.338226 22.993862 62.000000 
144.945297 -140.224655 22.996050 61.000000 
144.883804 -140.326752 22.995605 73.000000 
144.933182 -140.228088 22.985491 60.000000 
144.875793 -140.316513 22.996016 70.000000 
144.864777 -140.315323 22.989204 73.000000 
144.804199 -140.406525 23.000940 55.000000 
144.853745 -140.314072 22.982403 64.000000 
144.793381 -140.403656 22.995338 58.000000 
144.849457 -140.293228 22.991373 70.000000 
144.785812 -140.391602 22.996815 59.000000 
144.841080 -140.284424 22.990685 66.000000 
144.775024 -140.388657 22.991249 58.000000 
144.766434 -140.379608 22.990423 59.000000 
144.700058 -140.479401 22.998732 54.000000 
144.761261 -140.361465 22.996727 62.000000 
144.685425 -140.485413 22.986300 64.000000 
144.750504 -140.358444 22.991228 58.000000 
144.678406 -140.471497 22.988802 65.000000 
144.670258 -140.460632 22.989040 72.000000 
144.596420 -140.574219 22.991497 64.000000 
144.660355 -140.454315 22.985855 82.000000 
144.586823 -140.566162 22.989325 84.000000 
144.652893 -140.441895 22.987309 81.000000 
144.579147 -140.553467 22.990534 69.000000 
144.640701 -140.439728 22.980547 58.000000 
144.568466 -140.546555 22.987137 65.000000 
144.560883 -140.533829 22.988415 82.000000 
144.485550 -140.641830 22.998297 56.000000 
144.548035 -140.535141 22.979771 75.000000 
144.474976 -140.636871 22.994099 74.000000 
144.543137 -140.516312 22.985607 75.000000 
144.466614 -140.625397 22.994112 68.000000 
144.453506 -140.624619 22.986525 66.000000 
144.364273 -140.756912 22.984228 72.000000 
144.447266 -140.608505 22.989870 68.000000 
144.359207 -140.737366 22.989344 93.000000 
144.441803 -140.590881 22.994354 61.000000 
144.349960 -140.727066 22.988171 73.000000 
144.431534 -140.583923 22.991215 61.000000 
144.337845 -140.722900 22.982796 76.000000 
144.334457 -140.700302 22.990160 71.000000 
144.236877 -140.831909 22.988977 66.000000 
144.324615 -140.691498 22.988024 73.000000 
144.232529 -140.812393 22.994036 67.000000 
144.310883 -140.692169 22.979692 64.000000 
144.223923 -140.800217 22.993849 67.000000 
144.208878 -140.798004 22.986179 74.000000 
144.109756 -140.934952 22.990578 56.000000 
144.196457 -140.793411 22.980906 69.000000 
144.103836 -140.918167 22.993362 62.000000 
144.189255 -140.779999 22.981997 69.000000 
144.091827 -140.911774 22.989079 59.000000 
144.081207 -140.904190 22.985973 62.000000 
144.075974 -140.883530 22.990536 59.000000 
143.963959 -141.038406 22.989273 60.000000 
144.070343 -140.866745 22.993477 62.000000 
143.949036 -141.036240 22.982109 72.000000 
143.944260 -141.015533 22.986479 81.000000 
143.937866 -140.997940 22.988977 75.000000 
143.929001 -140.984924 22.988634 65.000000 
143.803589 -141.153732 22.984568 89.000000 
143.915009 -140.981064 22.982538 61.000000 
143.799652 -141.131088 22.989555 71.000000 
143.786057 -141.125336 22.984409 66.000000 
143.774246 -141.116486 22.981138 70.000000 
143.657196 -141.264969 22.996630 56.000000 
143.762466 -141.107574 22.977898 67.000000 
143.643478 -141.256821 22.992220 66.000000 
143.628525 -141.252167 22.986225 64.000000 
143.617279 -141.241333 22.983818 60.000000 
143.608902 -141.225891 22.984125 61.000000 
143.467102 -141.406830 22.987921 105.000000 
143.601517 -141.208923 22.985369 54.000000 
143.453537 -141.398590 22.983698 75.000000 
143.442886 -141.385727 22.982071 75.000000 
143.437134 -141.365234 22.984766 106.000000 
143.429535 -141.347778 22.985794 104.000000 
143.265625 -141.552658 22.983885 121.000000 
143.265289 -141.524536 22.990501 122.000000 
143.251343 -141.515717 22.986351 121.000000 
143.241837 -141.498749 22.986174 121.000000 
143.274155 -141.452881 22.984907 120.000000 
143.092545 -141.674240 22.983330 122.000000 
143.078400 -141.662720 22.979774 124.000000 
143.062851 -141.654724 22.974855 124.000000 
143.059586 -141.630630 22.978767 124.000000 
143.048355 -141.616547 22.977062 50.000000 
145.979568 -139.547211 23.014755 73.000000 
145.967178 -139.554184 23.001480 78.000000 
145.958649 -139.544266 23.001823 86.000000 
145.952652 -139.527069 23.008642 74.000000 
145.894714 -139.628815 23.006939 60.000000 
145.945206 -139.519409 23.008282 83.000000 
145.886612 -139.622482 23.005196 73.000000 
145.933533 -139.523178 22.997547 74.000000 
145.878922 -139.611038 23.006824 78.000000 
145.927734 -139.505981 23.004475 58.000000 
145.871277 -139.599594 23.008490 70.000000 
145.860977 -139.597198 23.002808 62.000000 
145.806015 -139.682068 23.017914 52.000000 
145.850662 -139.594757 22.997137 56.000000 
145.792542 -139.688705 23.005051 71.000000 
145.844055 -139.580246 23.001352 52.000000 
145.781906 -139.686096 22.999374 83.000000 
145.773254 -139.677368 22.998516 71.000000 
145.711609 -139.774002 23.007669 54.000000 
145.765625 -139.665588 23.000093 64.000000 
145.703278 -139.763519 23.007851 67.000000 
145.758575 -139.650497 23.003960 58.000000 
145.696106 -139.748123 23.011414 72.000000 
145.749542 -139.643234 23.001991 54.000000 
145.685211 -139.745270 23.005804 70.000000 
145.679138 -139.730469 23.009766 67.000000 
145.603378 -139.858765 22.998255 67.000000 
145.669373 -139.724503 23.006550 69.000000 
145.598938 -139.837158 23.006321 76.000000 
145.658569 -139.719727 23.002016 59.000000 
145.589508 -139.827576 23.005144 77.000000 
145.648834 -139.713684 22.998842 56.000000 
145.581192 -139.816742 23.005304 70.000000 
145.571091 -139.812332 23.001076 72.000000 
145.502655 -139.914215 23.013199 72.000000 
145.561676 -139.804520 22.998999 64.000000 
145.489273 -139.915482 23.004326 95.000000 
145.555283 -139.789078 23.002693 64.000000 
145.477737 -139.912048 22.998796 85.000000 
145.547760 -139.776657 23.004131 70.000000 
145.468689 -139.902420 22.997746 75.000000 
145.462845 -139.885101 23.002308 65.000000 
145.386047 -139.998383 23.009691 52.000000 
145.456467 -139.869324 23.005800 63.000000 
145.370880 -140.002396 22.998798 69.000000 
145.445648 -139.864243 23.001492 72.000000 
145.365662 -139.983200 23.004162 66.000000 
145.359879 -139.965561 23.008490 61.000000 
145.263809 -140.115585 22.995228 64.000000 
145.349442 -139.958679 23.005255 61.000000 
145.258530 -140.096008 23.000256 87.000000 
145.338333 -139.953293 23.000954 66.000000 
145.254074 -140.074905 23.006388 68.000000 
145.326538 -139.949402 22.995581 66.000000 
145.243332 -140.067719 23.003094 66.000000 
145.232590 -140.060486 22.999825 57.000000 
145.143127 -140.175491 23.010683 50.000000 
145.128357 -140.175751 23.002254 65.000000 
145.117859 -140.168579 22.999105 69.000000 
145.109863 -140.154816 22.999907 67.000000 
145.010620 -140.294159 23.004257 50.000000 
145.104446 -140.134521 23.004681 67.000000 
145.002609 -140.278107 23.005646 62.000000 
145.093521 -140.126907 23.001461 72.000000 
144.989685 -140.273300 23.000332 65.000000 
144.983154 -140.256088 23.002953 64.000000 
144.973480 -140.245041 23.001654 61.000000 
144.864624 -140.396194 23.004356 58.000000 
144.962234 -140.237045 22.998404 57.000000 
144.857941 -140.378586 23.006702 65.000000 
144.846313 -140.370270 23.003366 61.000000 
144.833023 -140.364990 22.998144 65.000000 
144.821426 -140.356583 22.994858 65.000000 
144.704498 -140.512527 23.000462 78.000000 
144.815552 -140.339371 22.997517 65.000000 
144.695709 -140.499557 23.000008 89.000000 
144.681961 -140.493851 22.994816 75.000000 
144.675308 -140.475769 22.997028 70.000000 
144.555389 -140.631317 23.009981 50.000000 
144.669632 -140.456177 23.000212 75.000000 
144.536667 -140.632950 23.000387 66.000000 
144.657776 -140.447311 22.996964 53.000000 
144.526138 -140.620621 22.998774 69.000000 
144.523041 -140.595963 23.004290 58.000000 
144.512650 -140.583618 23.002758 59.000000 
144.503235 -140.569702 23.002150 64.000000 
144.357574 -140.756958 23.003155 103.000000 
144.347733 -140.742584 23.002323 106.000000 
144.336990 -140.729736 23.000679 72.000000 
144.320496 -140.726013 22.993950 69.000000 
144.169357 -140.913773 23.003439 121.000000 
144.157196 -140.901947 23.000828 121.000000 
144.142075 -140.894653 22.995806 122.000000 
144.131973 -140.879700 22.994894 121.000000 
144.131012 -140.851028 23.001381 121.000000 
143.944138 -141.084991 22.995819 122.000000 
143.934616 -141.067917 22.995483 122.000000 
143.974670 -141.009247 22.999907 123.000000 
143.960098 -140.999771 22.995764 122.000000 
143.948303 -140.987778 22.993383 123.000000 
146.878555 -138.885834 23.016926 52.000000 
146.867706 -138.886810 23.008631 74.000000 
146.859543 -138.877167 23.009117 83.000000 
146.847076 -138.884064 22.995819 83.000000 
146.837738 -138.878860 22.992573 80.000000 
146.785507 -138.959869 23.008619 64.000000 
146.831696 -138.861649 22.999422 80.000000 
146.774246 -138.960587 23.000416 67.000000 
146.824921 -138.847427 23.003799 77.000000 
146.765137 -138.953674 22.998354 61.000000 
146.758270 -138.939163 23.002468 68.000000 
146.751495 -138.924667 23.006624 68.000000 
146.688065 -139.037308 23.000265 58.000000 
146.742050 -138.919205 23.003422 58.000000 
146.677338 -139.034714 22.994551 64.000000 
146.731705 -138.916733 22.997766 58.000000 
146.671936 -139.015305 23.002066 83.000000 
146.664185 -139.007156 23.001537 76.000000 
146.599014 -139.114807 23.002638 55.000000 
146.654022 -139.002945 22.997095 81.000000 
146.592163 -139.099701 23.006319 79.000000 
146.642334 -139.003250 22.989046 84.000000 
146.583282 -139.090714 23.005358 72.000000 
146.636215 -138.986893 22.994303 66.000000 
146.572296 -139.087830 22.999727 74.000000 
146.563461 -139.078812 22.998816 70.000000 
146.493744 -139.190613 23.000374 67.000000 
146.555756 -139.066711 23.000286 72.000000 
146.487518 -139.173615 23.005026 67.000000 
146.548111 -139.054611 23.001795 66.000000 
146.477371 -139.167404 23.001719 65.000000 
146.468384 -139.158081 23.000727 67.000000 
146.398361 -139.265182 23.009954 54.000000 
146.460037 -139.147217 23.000910 72.000000 
146.380676 -139.277298 22.993265 79.000000 
146.449951 -139.140915 22.997679 72.000000 
146.370834 -139.269211 22.991026 74.000000 
146.439896 -139.134583 22.994469 81.000000 
146.366577 -139.247223 22.998848 79.000000 
146.356216 -139.240662 22.995560 82.000000 
146.345871 -139.234055 22.992294 82.000000 
146.270874 -139.343170 23.003489 66.000000 
146.334900 -139.228943 22.987932 85.000000 
146.259567 -139.337875 22.999069 75.000000 
146.250946 -139.326370 22.999014 69.000000 
146.239014 -139.322556 22.993555 70.000000 
146.153137 -139.449829 22.996765 76.000000 
146.231125 -139.309464 22.994646 68.000000 
146.142883 -139.441086 22.994444 78.000000 
146.224670 -139.293304 22.997957 72.000000 
146.132675 -139.432327 22.992149 65.000000 
146.123184 -139.421982 22.990940 71.000000 
146.029953 -139.547440 22.996635 61.000000 
146.118042 -139.402374 22.996099 70.000000 
146.022430 -139.532135 22.998341 66.000000 
146.105789 -139.398163 22.990728 70.000000 
146.016464 -139.513733 23.002131 65.000000 
146.001785 -139.511963 22.994555 67.000000 
145.992172 -139.501251 22.993303 69.000000 
145.895203 -139.636368 23.001102 62.000000 
145.980865 -139.495529 22.989168 64.000000 
145.881958 -139.633499 22.994928 77.000000 
145.976685 -139.474030 22.995167 54.000000 
145.869690 -139.627090 22.990578 69.000000 
145.859818 -139.615982 22.989223 63.000000 
145.849991 -139.604874 22.987902 54.000000 
145.746735 -139.745728 22.998091 64.000000 
145.734116 -139.738937 22.993748 65.000000 
145.724014 -139.727448 22.992298 63.000000 
145.718979 -139.706696 22.996628 57.000000 
145.587982 -139.889816 22.987097 66.000000 
145.707306 -139.698257 22.993336 58.000000 
145.583557 -139.867035 22.991932 82.000000 
145.574295 -139.851578 22.992048 89.000000 
145.561310 -139.844269 22.987764 71.000000 
145.549835 -139.835831 22.984594 64.000000 
145.538666 -139.825363 22.982212 78.000000 
145.415756 -139.983765 22.993898 66.000000 
145.399628 -139.980637 22.986954 69.000000 
145.392670 -139.962051 22.988913 61.000000 
145.383942 -139.946533 22.989140 66.000000 
145.240219 -140.133759 22.992321 54.000000 
145.375290 -139.931015 22.989407 52.000000 
145.225418 -140.127029 22.987181 75.000000 
145.208710 -140.123322 22.980360 75.000000 
145.208298 -140.093475 22.988071 106.000000 
145.195511 -140.083572 22.984735 110.000000 
145.032562 -140.290359 22.985209 115.000000 
145.025131 -140.270737 22.986645 124.000000 
145.018799 -140.249588 22.988945 120.000000 
145.004562 -140.240662 22.984755 121.000000 
144.991348 -140.230179 22.981413 121.000000 
144.815582 -140.448029 22.985708 121.000000 
144.802811 -140.435471 22.983025 122.000000 
144.831085 -140.393188 22.978548 123.000000 
144.823563 -140.372940 22.979841 125.000000 
144.813004 -140.357254 22.978834 52.000000 
147.780487 -138.224640 23.039101 60.000000 
147.770020 -138.224197 23.032000 63.000000 
147.760651 -138.219147 23.028639 78.000000 
147.749390 -138.221649 23.019060 80.000000 
147.739227 -138.219543 23.013227 77.000000 
147.731827 -138.206833 23.016167 63.000000 
147.676453 -138.300201 23.022749 51.000000 
147.725296 -138.191101 23.021652 74.000000 
147.666870 -138.294861 23.019371 64.000000 
147.716812 -138.182892 23.020908 74.000000 
147.658569 -138.284927 23.019678 63.000000 
147.706741 -138.180679 23.015162 83.000000 
147.650757 -138.273453 23.021240 60.000000 
147.592865 -138.369812 23.028822 54.000000 
147.641235 -138.268051 23.017935 61.000000 
147.583542 -138.362701 23.026617 58.000000 
147.633987 -138.256821 23.019724 60.000000 
147.573318 -138.360458 23.021025 70.000000 
147.623611 -138.254379 23.014006 60.000000 
147.563080 -138.356369 23.016470 73.000000 
147.555237 -138.344589 23.017918 76.000000 
147.546494 -138.335846 23.017002 59.000000 
147.483810 -138.435913 23.024326 64.000000 
147.537277 -138.328613 23.014915 68.000000 
147.475388 -138.425415 23.024443 72.000000 
147.530090 -138.315277 23.017664 73.000000 
147.463333 -138.425659 23.016417 70.000000 
147.453384 -138.419693 23.013077 65.000000 
147.448242 -138.399933 23.020304 57.000000 
147.375229 -138.521057 23.015276 82.000000 
147.439453 -138.390900 23.019369 56.000000 
147.369507 -138.502502 23.020985 78.000000 
147.362183 -138.488571 23.023325 72.000000 
147.352051 -138.482346 23.019997 72.000000 
147.280228 -138.594147 23.026197 72.000000 
147.341354 -138.477615 23.015547 66.000000 
147.266174 -138.596985 23.016146 95.000000 
147.330078 -138.474365 23.009970 64.000000 
147.256943 -138.587372 23.014969 79.000000 
147.245911 -138.582367 23.010487 75.000000 
147.237366 -138.571167 23.010477 67.000000 
147.165131 -138.674347 23.026501 50.000000 
147.230743 -138.555328 23.013844 63.000000 
147.148621 -138.681534 23.013391 62.000000 
147.222427 -138.542236 23.014858 67.000000 
147.138702 -138.671234 23.011982 65.000000 
147.131348 -138.656601 23.014017 55.000000 
147.124725 -138.640442 23.017178 66.000000 
147.028595 -138.791092 23.004868 69.000000 
147.115509 -138.630432 23.016041 53.000000 
147.021759 -138.774536 23.007711 66.000000 
147.104126 -138.626907 23.010752 58.000000 
147.018341 -138.752151 23.014965 66.000000 
147.007462 -138.744919 23.011599 61.000000 
146.996582 -138.737656 23.008257 68.000000 
146.908173 -138.851990 23.021227 55.000000 
146.985718 -138.730347 23.004936 68.000000 
146.894775 -138.849121 23.014771 60.000000 
146.882111 -138.844635 23.009348 61.000000 
146.875473 -138.827728 23.012108 64.000000 
146.772308 -138.975403 23.012424 62.000000 
146.868149 -138.812378 23.013889 67.000000 
146.759796 -138.970963 23.007177 60.000000 
146.750839 -138.956375 23.007517 62.000000 
146.747849 -138.933273 23.014158 62.000000 
146.734268 -138.927963 23.008659 52.000000 
146.626953 -139.076645 23.014400 67.000000 
146.614304 -139.069839 23.009996 73.000000 
146.605820 -139.055252 23.010382 76.000000 
146.594055 -139.046829 23.006989 78.000000 
146.585678 -139.032196 23.007446 83.000000 
146.460144 -139.204254 23.004837 89.000000 
146.448807 -139.193863 23.002285 78.000000 
146.438385 -139.181885 23.000683 78.000000 
146.429764 -139.166794 23.000957 81.000000 
146.423859 -139.147079 23.004038 86.000000 
146.288971 -139.327682 23.003826 66.000000 
146.281891 -139.309067 23.005651 75.000000 
146.277924 -139.283829 23.010893 68.000000 
146.261826 -139.280624 23.003954 75.000000 
146.108627 -139.483475 22.999331 109.000000 
146.106995 -139.455078 23.005974 117.000000 
146.098831 -139.437515 23.006741 69.000000 
146.081192 -139.435333 22.999048 104.000000 
146.070251 -139.422318 22.997335 75.000000 
145.917023 -139.613876 23.006723 121.000000 
145.898712 -139.611176 22.999142 124.000000 
145.892303 -139.589966 23.001339 122.000000 
145.880997 -139.576431 22.999516 122.000000 
145.876755 -139.552185 23.003443 121.000000 
145.683044 -139.795670 22.994759 121.000000 
145.670166 -139.783051 22.991982 127.000000 
145.669739 -139.752075 22.998571 124.000000 
145.656998 -139.739441 22.995884 122.000000 
145.683655 -139.698303 22.990858 68.000000 
148.683060 -137.536758 23.061686 51.000000 
148.669739 -137.548645 23.044689 58.000000 
148.659225 -137.548233 23.037607 74.000000 
148.648697 -137.547775 23.030533 86.000000 
148.640411 -137.538162 23.030947 83.000000 
148.587982 -137.624405 23.043921 52.000000 
148.634094 -137.520966 23.037636 83.000000 
148.576721 -137.625336 23.035679 58.000000 
148.624756 -137.515884 23.034370 68.000000 
148.568329 -137.615479 23.035959 67.000000 
148.615036 -137.512268 23.029869 94.000000 
148.560822 -137.602554 23.038712 65.000000 
148.550400 -137.600311 23.032953 63.000000 
148.542557 -137.588882 23.034548 65.000000 
148.487015 -137.679276 23.046898 58.000000 
148.532623 -137.586838 23.028988 61.000000 
148.473572 -137.687912 23.032997 76.000000 
148.524857 -137.575378 23.030640 60.000000 
148.466553 -137.673126 23.036798 67.000000 
148.456787 -137.667557 23.033476 67.000000 
148.448929 -137.655838 23.034962 64.000000 
148.387100 -137.756271 23.042366 69.000000 
148.439697 -137.648682 23.032887 68.000000 
148.376083 -137.753586 23.036674 72.000000 
148.430466 -137.641510 23.030836 60.000000 
148.364029 -137.753922 23.028666 65.000000 
148.358154 -137.735718 23.034668 62.000000 
148.285263 -137.860764 23.027828 71.000000 
148.351883 -137.719086 23.039553 53.000000 
148.280975 -137.837555 23.036877 67.000000 
148.343048 -137.710129 23.038630 62.000000 
148.274048 -137.822144 23.040314 61.000000 
148.262741 -137.819122 23.034697 57.000000 
148.251419 -137.816055 23.029095 55.000000 
148.182098 -137.923767 23.039000 69.000000 
148.242371 -137.806778 23.028070 61.000000 
148.166260 -137.931396 23.025658 90.000000 
148.234512 -137.794403 23.029362 61.000000 
148.158142 -137.918732 23.026688 79.000000 
148.149475 -137.907608 23.026646 72.000000 
148.140854 -137.896469 23.026640 82.000000 
148.068192 -138.003250 23.040682 50.000000 
148.135361 -137.877594 23.032223 62.000000 
148.050430 -138.013702 23.025459 64.000000 
148.126251 -137.867981 23.031178 63.000000 
148.044189 -137.996017 23.029600 72.000000 
148.038696 -137.976807 23.034866 70.000000 
147.947510 -138.120636 23.028244 69.000000 
148.030029 -137.965347 23.034786 63.000000 
147.939163 -138.107300 23.028963 81.000000 
148.019424 -137.958527 23.031490 63.000000 
147.930191 -138.095520 23.028677 94.000000 
148.005478 -137.959381 23.022802 54.000000 
147.919205 -138.088394 23.025286 85.000000 
147.911026 -138.075012 23.026112 76.000000 
147.823074 -138.191788 23.038437 57.000000 
147.898682 -138.070923 23.020676 67.000000 
147.810364 -138.187500 23.032990 60.000000 
147.893417 -138.051331 23.025774 70.000000 
147.798386 -138.181595 23.028572 72.000000 
147.789368 -138.169434 23.028240 61.000000 
147.781876 -138.154129 23.029978 67.000000 
147.679123 -138.304077 23.029545 59.000000 
147.772232 -138.143494 23.028700 69.000000 
147.666763 -138.297806 23.025124 65.000000 
147.662964 -138.274323 23.031528 64.000000 
147.649902 -138.269547 23.026186 63.000000 
147.639984 -138.258514 23.024805 63.000000 
147.536224 -138.403275 23.033697 67.000000 
147.626938 -138.253647 23.019510 63.000000 
147.525986 -138.391907 23.032156 69.000000 
147.510880 -138.389862 23.024950 66.000000 
147.503998 -138.372208 23.027269 66.000000 
147.494705 -138.359207 23.026775 58.000000 
147.364548 -138.543076 23.018026 92.000000 
147.484634 -138.347748 23.025366 50.000000 
147.355698 -138.528076 23.018217 89.000000 
147.348633 -138.509964 23.020281 71.000000 
147.343399 -138.488754 23.024225 67.000000 
147.329529 -138.483032 23.019032 66.000000 
147.201599 -138.653275 23.025270 66.000000 
147.191711 -138.639389 23.024454 67.000000 
147.185501 -138.619293 23.027201 60.000000 
147.171188 -138.613129 23.022049 61.000000 
147.033493 -138.793747 23.030474 52.000000 
147.161453 -138.599197 23.021345 55.000000 
147.019562 -138.785614 23.026134 72.000000 
147.003769 -138.780518 23.020132 72.000000 
146.988922 -138.773804 23.014999 69.000000 
146.979782 -138.757797 23.014982 110.000000 
146.834808 -138.939606 23.030457 57.000000 
146.811630 -138.944809 23.018867 118.000000 
146.797226 -138.936005 23.014572 121.000000 
146.796646 -138.905609 23.021667 117.000000 
146.782349 -138.896759 23.017450 123.000000 
146.607544 -139.115479 23.022646 121.000000 
146.594650 -139.103027 23.019892 121.000000 
146.580765 -139.092056 23.016399 125.000000 
146.566910 -139.081039 23.012939 125.000000 
146.552048 -139.071503 23.008739 128.000000 
149.567871 -136.876541 23.047428 60.000000 
149.555664 -136.885574 23.033031 68.000000 
149.546539 -136.879059 23.030893 68.000000 
149.540726 -136.858826 23.040001 71.000000 
149.530563 -136.856842 23.034182 77.000000 
149.475128 -136.955566 23.037371 58.000000 
149.521622 -136.852020 23.031040 80.000000 
149.468735 -136.939865 23.042656 64.000000 
149.512222 -136.846924 23.027752 80.000000 
149.459503 -136.933105 23.040506 65.000000 
149.504700 -136.832489 23.031849 58.000000 
149.448563 -136.930634 23.034548 61.000000 
149.438095 -136.928375 23.028770 60.000000 
149.385849 -137.008484 23.049803 52.000000 
149.431030 -136.913910 23.032806 58.000000 
149.370605 -137.021530 23.032129 62.000000 
149.424057 -136.899429 23.036886 63.000000 
149.361633 -137.012924 23.031126 76.000000 
149.354568 -136.999969 23.033903 87.000000 
149.347076 -136.986725 23.036549 76.000000 
149.282196 -137.098480 23.035973 61.000000 
149.338699 -136.974731 23.037874 67.000000 
149.272079 -137.090866 23.033556 66.000000 
149.328476 -136.970657 23.033398 78.000000 
149.267029 -137.069595 23.041822 69.000000 
149.255981 -137.070541 23.034140 65.000000 
149.185196 -137.191437 23.030918 67.000000 
149.245956 -137.064682 23.030804 65.000000 
149.180191 -137.169800 23.038803 76.000000 
149.235458 -137.056671 23.028332 57.000000 
149.171036 -137.156906 23.039597 65.000000 
149.229675 -137.038483 23.034426 58.000000 
149.160767 -137.150818 23.036219 63.000000 
149.151031 -137.145004 23.033030 61.000000 
149.083344 -137.250015 23.045214 52.000000 
149.140778 -137.138840 23.029696 61.000000 
149.062881 -137.270233 23.023006 66.000000 
149.136734 -137.117554 23.037975 65.000000 
149.055756 -137.256332 23.025274 79.000000 
149.124283 -137.117508 23.030123 51.000000 
149.048157 -137.242111 23.027411 82.000000 
149.042450 -137.223236 23.032917 79.000000 
149.032593 -137.215225 23.030693 75.000000 
148.951996 -137.342575 23.030634 60.000000 
149.021103 -137.208069 23.027052 89.000000 
148.947098 -137.317993 23.038715 65.000000 
148.933167 -137.319046 23.029940 68.000000 
148.926086 -137.306732 23.031231 66.000000 
148.845795 -137.425812 23.041384 63.000000 
148.914063 -137.303024 23.025730 68.000000 
148.828018 -137.434448 23.027496 76.000000 
148.905594 -137.287750 23.027504 63.000000 
148.816513 -137.425079 23.024769 78.000000 
148.807526 -137.413269 23.024513 71.000000 
148.800659 -137.396790 23.027441 68.000000 
148.708618 -137.523239 23.033607 69.000000 
148.792496 -137.383408 23.028311 67.000000 
148.698746 -137.512680 23.032200 72.000000 
148.691818 -137.495865 23.034889 69.000000 
148.680969 -137.490692 23.030834 66.000000 
148.583237 -137.633835 23.035639 50.000000 
148.669739 -137.483185 23.027483 64.000000 
148.575409 -137.618210 23.037069 62.000000 
148.658157 -137.473328 23.024845 69.000000 
148.559021 -137.615494 23.029188 68.000000 
148.551102 -137.601791 23.029882 64.000000 
148.534302 -137.602844 23.020414 64.000000 
148.435028 -137.740463 23.034391 68.000000 
148.526443 -137.589081 23.021168 61.000000 
148.426315 -137.725983 23.034712 75.000000 
148.408737 -137.728683 23.024620 68.000000 
148.400085 -137.714157 23.025003 63.000000 
148.395142 -137.695786 23.028624 58.000000 
148.275162 -137.863205 23.030027 57.000000 
148.386627 -137.681244 23.029087 60.000000 
148.256927 -137.865479 23.020132 94.000000 
148.252533 -137.840698 23.025658 70.000000 
148.240295 -137.831955 23.022232 61.000000 
148.228073 -137.823166 23.018835 66.000000 
148.215881 -137.814346 23.015467 68.000000 
148.094177 -137.976105 23.027212 63.000000 
148.076447 -137.974228 23.019165 67.000000 
148.066528 -137.960312 23.018379 60.000000 
148.063004 -137.935547 23.023832 58.000000 
147.911179 -138.139435 23.019194 109.000000 
147.900864 -138.125046 23.018217 120.000000 
147.888184 -138.117813 23.014236 121.000000 
147.887390 -138.087891 23.021824 74.000000 
147.880127 -138.068848 23.023523 74.000000 
147.707687 -138.296021 23.014980 121.000000 
147.700943 -138.274857 23.017122 124.000000 
147.679901 -138.244888 23.015053 121.000000 
147.665817 -138.233963 23.011465 121.000000 
147.490051 -138.456863 23.015387 122.000000 
147.472000 -138.452087 23.008743 125.000000 
147.459320 -138.437454 23.006607 125.000000 
147.452530 -138.415665 23.008574 123.000000 
147.448914 -138.389328 23.012930 124.000000 
150.483551 -136.202744 23.056288 51.000000 
150.472031 -136.207092 23.045431 68.000000 
150.463425 -136.195847 23.046839 74.000000 
150.453598 -136.192459 23.042223 74.000000 
150.444839 -136.184479 23.041365 80.000000 
150.391510 -136.279083 23.048136 52.000000 
150.435394 -136.179504 23.038034 102.000000 
150.382568 -136.270889 23.047148 58.000000 
150.428268 -136.167175 23.041151 80.000000 
150.372971 -136.267548 23.042700 64.000000 
150.421097 -136.153076 23.045393 80.000000 
150.363678 -136.260834 23.040541 65.000000 
150.354004 -136.255630 23.037182 63.000000 
150.346802 -136.241226 23.041189 63.000000 
150.287903 -136.347839 23.041609 61.000000 
150.337128 -136.234177 23.038944 73.000000 
150.276169 -136.346786 23.034451 70.000000 
150.330475 -136.218246 23.044258 65.000000 
150.267136 -136.338242 23.033443 68.000000 
150.260483 -136.325607 23.036386 73.000000 
150.252441 -136.313950 23.037836 73.000000 
150.189743 -136.421494 23.040644 61.000000 
150.243546 -136.305359 23.036921 71.000000 
150.184464 -136.400284 23.048876 62.000000 
150.232346 -136.304382 23.030024 87.000000 
150.173431 -136.397675 23.043167 58.000000 
150.162872 -136.391632 23.039642 56.000000 
150.092941 -136.512939 23.036150 71.000000 
150.153320 -136.384308 23.037477 50.000000 
150.086761 -136.494476 23.041780 89.000000 
150.144318 -136.373596 23.037518 53.000000 
150.077499 -136.483505 23.041609 67.000000 
150.138443 -136.355469 23.043631 62.000000 
150.068268 -136.474365 23.040503 63.000000 
150.058502 -136.468628 23.037310 57.000000 
149.992126 -136.572495 23.050385 72.000000 
150.050446 -136.456345 23.038544 59.000000 
149.972992 -136.589706 23.030359 74.000000 
150.042938 -136.444382 23.039978 63.000000 
149.965225 -136.577438 23.031528 85.000000 
150.031631 -136.441330 23.034405 63.000000 
149.961639 -136.552383 23.041445 75.000000 
149.948257 -136.551926 23.033468 75.000000 
149.877396 -136.658066 23.048470 57.000000 
149.938934 -136.542419 23.032351 75.000000 
149.865982 -136.653046 23.043959 72.000000 
149.928970 -136.536301 23.029198 72.000000 
149.851990 -136.656143 23.034245 79.000000 
149.846848 -136.635406 23.040569 73.000000 
149.833038 -136.634613 23.032713 73.000000 
149.752869 -136.755798 23.041647 67.000000 
149.827408 -136.615448 23.038042 66.000000 
149.737793 -136.758255 23.031919 76.000000 
149.819321 -136.602509 23.039080 70.000000 
149.726700 -136.751251 23.028488 73.000000 
149.718307 -136.737946 23.029282 79.000000 
149.627411 -136.865311 23.035480 52.000000 
149.712723 -136.718399 23.034323 91.000000 
149.620239 -136.848557 23.038094 58.000000 
149.700363 -136.714432 23.028875 85.000000 
149.614578 -136.828674 23.042784 63.000000 
149.688690 -136.708862 23.024504 50.000000 
149.600418 -136.827576 23.035309 66.000000 
149.589859 -136.818619 23.032946 69.000000 
149.578583 -136.811188 23.029589 72.000000 
149.484573 -136.946442 23.038767 59.000000 
149.572464 -136.792831 23.033419 61.000000 
149.469162 -136.946548 23.030403 71.000000 
149.459045 -136.935638 23.028954 67.000000 
149.452621 -136.918854 23.031656 64.000000 
149.447235 -136.898560 23.036213 67.000000 
149.334641 -137.064636 23.032084 65.000000 
149.433609 -136.893448 23.030746 51.000000 
149.326859 -137.046661 23.034166 61.000000 
149.319763 -137.029099 23.036470 65.000000 
149.308487 -137.021317 23.033257 60.000000 
149.187225 -137.194199 23.031513 59.000000 
149.298264 -137.009964 23.031815 65.000000 
149.178223 -137.179337 23.031689 77.000000 
149.165298 -137.170288 23.028057 85.000000 
149.154724 -137.158508 23.026468 68.000000 
149.140518 -137.154922 23.020473 72.000000 
149.135147 -137.133759 23.024485 72.000000 
149.007935 -137.306763 23.029280 66.000000 
148.993500 -137.300766 23.024042 75.000000 
148.985291 -137.283829 23.025034 77.000000 
148.986099 -137.251358 23.034946 66.000000 
148.839310 -137.451935 23.032244 52.000000 
148.970901 -137.246841 23.028929 56.000000 
148.825317 -137.443909 23.027891 75.000000 
148.815308 -137.427567 23.027643 75.000000 
148.806015 -137.411697 23.027613 104.000000 
148.790222 -137.406662 23.021654 112.000000 
148.643158 -137.596024 23.033138 109.000000 
148.632553 -137.581207 23.032070 121.000000 
148.614273 -137.578781 23.024527 124.000000 
148.605682 -137.560806 23.025158 122.000000 
148.596191 -137.544388 23.025021 122.000000 
148.396530 -137.773987 23.015646 123.000000 
148.390564 -137.750763 23.018364 125.000000 
148.385712 -137.726028 23.021919 121.000000 
148.376602 -137.709534 23.021795 124.000000 
151.377167 -135.525696 23.071079 63.000000 
151.366684 -135.525528 23.063913 63.000000 
151.357849 -135.517624 23.062954 71.000000 
151.348709 -135.511246 23.060780 86.000000 
151.338547 -135.509415 23.054897 86.000000 
151.288162 -135.593399 23.070330 65.000000 
151.329086 -135.504486 23.051517 80.000000 
151.277344 -135.592987 23.063234 67.000000 
151.321289 -135.496979 23.050987 74.000000 
151.268234 -135.589951 23.058920 61.000000 
151.315125 -135.478333 23.058897 94.000000 
151.258545 -135.584839 23.055490 65.000000 
151.250427 -135.573532 23.056953 58.000000 
151.198074 -135.658813 23.074308 54.000000 
151.243576 -135.557632 23.062117 73.000000 
151.183136 -135.672165 23.056618 64.000000 
151.235199 -135.547852 23.062435 61.000000 
151.174500 -135.662155 23.056719 73.000000 
151.224808 -135.545700 23.056665 54.000000 
151.167633 -135.645920 23.061611 78.000000 
151.158218 -135.638977 23.059401 76.000000 
151.096329 -135.746887 23.062378 50.000000 
151.149292 -135.630463 23.058409 72.000000 
151.088547 -135.733475 23.064692 61.000000 
151.138123 -135.629608 23.051466 67.000000 
151.081299 -135.718506 23.068205 64.000000 
151.131973 -135.611832 23.057709 63.000000 
151.069336 -135.719086 23.060133 61.000000 
151.059753 -135.711853 23.057892 69.000000 
150.992477 -135.827133 23.059013 89.000000 
151.050705 -135.703033 23.056841 63.000000 
150.985718 -135.810257 23.063440 64.000000 
151.044678 -135.684937 23.062834 67.000000 
150.974884 -135.805893 23.058849 61.000000 
150.966690 -135.793701 23.059954 63.000000 
150.959610 -135.778381 23.063368 65.000000 
150.885529 -135.905930 23.059717 69.000000 
150.947235 -135.778595 23.055437 65.000000 
150.872131 -135.907562 23.050709 90.000000 
150.939148 -135.768204 23.055666 72.000000 
150.867722 -135.885941 23.058445 79.000000 
150.858337 -135.876541 23.057215 79.000000 
150.845032 -135.874298 23.050133 85.000000 
150.776413 -135.975906 23.068417 52.000000 
150.834518 -135.867950 23.046736 89.000000 
150.762589 -135.977264 23.059566 66.000000 
150.832230 -135.841690 23.057987 67.000000 
150.751114 -135.974182 23.054123 72.000000 
150.741547 -135.964432 23.052826 68.000000 
150.733902 -135.949982 23.054798 79.000000 
150.649216 -136.084000 23.055307 87.000000 
150.728867 -135.929276 23.061136 73.000000 
150.635498 -136.083405 23.047625 73.000000 
150.718109 -135.924515 23.056870 60.000000 
150.630203 -136.064224 23.052668 71.000000 
150.624466 -136.044708 23.057589 65.000000 
150.535126 -136.170700 23.064472 56.000000 
150.613480 -136.037750 23.054173 70.000000 
150.525864 -136.158752 23.063990 55.000000 
150.602509 -136.030746 23.050781 71.000000 
150.515259 -136.149948 23.061516 63.000000 
150.501846 -136.147385 23.055012 72.000000 
150.489136 -136.143204 23.049540 67.000000 
150.485031 -136.120193 23.056303 69.000000 
150.385788 -136.270248 23.056557 68.000000 
150.476151 -136.106216 23.056839 72.000000 
150.372986 -136.261841 23.052704 74.000000 
150.363449 -136.251389 23.051369 67.000000 
150.357330 -136.230743 23.055630 66.000000 
150.248306 -136.392853 23.054611 63.000000 
150.347916 -136.220261 23.054365 64.000000 
150.241806 -136.373764 23.057701 60.000000 
150.233017 -136.359406 23.057993 61.000000 
150.221130 -136.351318 23.054523 61.000000 
150.211456 -136.340469 23.053156 65.000000 
150.093536 -136.509079 23.054131 78.000000 
150.198822 -136.333878 23.048788 67.000000 
150.082031 -136.499008 23.051493 94.000000 
150.067673 -136.491196 23.046705 72.000000 
150.054565 -136.484192 23.042297 67.000000 
150.048584 -136.467056 23.044691 63.000000 
150.045715 -136.441269 23.051390 82.000000 
149.914932 -136.624496 23.050713 66.000000 
149.901016 -136.614594 23.046833 73.000000 
149.898956 -136.586777 23.053940 68.000000 
149.887924 -136.576630 23.051546 77.000000 
149.748642 -136.764755 23.055531 105.000000 
149.733780 -136.758423 23.050274 104.000000 
149.725052 -136.743118 23.050304 114.000000 
149.715744 -136.727341 23.050200 117.000000 
149.699097 -136.723984 23.043333 117.000000 
149.549210 -136.920120 23.051409 109.000000 
149.537628 -136.906937 23.049446 115.000000 
149.520325 -136.903076 23.042650 121.000000 
149.514572 -136.880508 23.045637 121.000000 
149.508926 -136.857956 23.048679 121.000000 
149.318253 -137.078079 23.044590 123.000000 
149.311584 -137.054413 23.047052 124.000000 
149.300705 -137.039032 23.045862 122.000000 
149.284851 -137.031342 23.040819 125.000000 
152.278168 -134.853333 23.076681 51.000000 
152.268967 -134.847046 23.074430 58.000000 
152.259140 -134.843796 23.069727 71.000000 
152.247330 -134.849731 23.057589 80.000000 
152.238464 -134.841797 23.056631 80.000000 
152.187592 -134.929214 23.069771 65.000000 
152.229645 -134.833862 23.055702 80.000000 
152.177841 -134.924194 23.066267 64.000000 
152.223633 -134.813690 23.064777 74.000000 
152.166992 -134.923798 23.059141 61.000000 
152.212799 -134.814865 23.056421 83.000000 
152.158768 -134.912521 23.060534 65.000000 
152.151352 -134.898178 23.064400 63.000000 
152.141693 -134.893051 23.060987 61.000000 
152.084503 -134.997116 23.063982 55.000000 
152.132828 -134.884827 23.060041 61.000000 
152.075821 -134.987137 23.064053 62.000000 
152.122803 -134.881165 23.055450 50.000000 
152.065048 -134.984894 23.058205 73.000000 
152.057709 -134.970215 23.061905 76.000000 
152.047852 -134.964813 23.058487 71.000000 
151.987869 -135.066650 23.066078 64.000000 
152.041122 -134.950409 23.062431 76.000000 
151.977310 -135.064468 23.060438 66.000000 
152.033096 -134.938812 23.063856 56.000000 
151.967163 -135.058838 23.056959 74.000000 
151.959900 -135.043839 23.060492 67.000000 
151.888046 -135.175232 23.050404 69.000000 
151.951736 -135.031952 23.061735 62.000000 
151.882645 -135.153625 23.058163 83.000000 
151.945114 -135.015411 23.066521 56.000000 
151.876846 -135.133621 23.064848 65.000000 
151.869614 -135.118332 23.068186 65.000000 
151.857773 -135.117081 23.061337 63.000000 
151.791183 -135.224609 23.072220 56.000000 
151.847473 -135.111115 23.057915 61.000000 
151.777847 -135.226334 23.063189 79.000000 
151.837204 -135.105103 23.054514 67.000000 
151.765015 -135.226425 23.055264 85.000000 
151.754410 -135.220169 23.051771 85.000000 
151.748291 -135.205124 23.055298 72.000000 
151.737747 -135.198837 23.051859 72.000000 
151.663895 -135.314850 23.060408 63.000000 
151.733582 -135.175369 23.060675 69.000000 
151.650620 -135.314621 23.052589 72.000000 
151.643417 -135.298615 23.055552 66.000000 
151.637512 -135.279465 23.060715 70.000000 
151.552811 -135.415497 23.060144 63.000000 
151.628006 -135.269745 23.059446 70.000000 
151.539749 -135.413391 23.053465 70.000000 
151.616028 -135.266235 23.053881 68.000000 
151.533783 -135.393890 23.058294 78.000000 
151.524017 -135.383835 23.056894 73.000000 
151.513626 -135.375336 23.054478 76.000000 
151.427780 -135.493652 23.066439 54.000000 
151.502594 -135.368362 23.051039 70.000000 
151.415726 -135.488037 23.061895 60.000000 
151.402985 -135.483963 23.056356 66.000000 
151.395432 -135.464935 23.059641 67.000000 
151.386978 -135.451370 23.060268 67.000000 
151.284714 -135.609818 23.055586 59.000000 
151.377167 -135.440918 23.058895 69.000000 
151.275208 -135.597458 23.054977 68.000000 
151.267990 -135.580353 23.057358 61.000000 
151.258453 -135.569931 23.056017 64.000000 
151.246872 -135.562225 23.052561 69.000000 
151.149033 -135.700516 23.065571 65.000000 
151.235870 -135.554886 23.049299 56.000000 
151.134567 -135.699234 23.058409 60.000000 
151.125748 -135.684891 23.058691 65.000000 
151.111069 -135.679153 23.052948 65.000000 
150.991333 -135.853104 23.051277 66.000000 
151.102356 -135.664764 23.053307 65.000000 
150.983826 -135.835159 23.053162 77.000000 
150.970673 -135.828247 23.048679 82.000000 
150.964966 -135.807144 23.052483 72.000000 
150.959366 -135.786072 23.056341 75.000000 
150.948837 -135.774384 23.054728 75.000000 
150.818848 -135.958221 23.053970 66.000000 
150.816055 -135.934448 23.059578 66.000000 
150.803436 -135.925491 23.056047 73.000000 
150.794342 -135.910233 23.056087 68.000000 
150.780014 -135.904327 23.050846 73.000000 
150.641068 -136.092789 23.054647 110.000000 
150.627075 -136.084900 23.050217 111.000000 
150.618576 -136.067566 23.050909 69.000000 
150.604263 -136.057083 23.047045 106.000000 
150.599594 -136.033493 23.051235 57.000000 
150.435089 -136.254852 23.045650 121.000000 
150.425323 -136.238541 23.045296 124.000000 
150.426132 -136.205078 23.053946 123.000000 
150.414642 -136.191895 23.052063 122.000000 
150.398392 -136.186432 23.046131 115.000000 
150.230835 -136.403503 23.052389 121.000000 
150.213898 -136.397537 23.046450 123.000000 
150.200943 -136.385284 23.043650 125.000000 
150.189011 -136.371445 23.041666 123.000000 
150.182159 -136.349869 23.043627 121.000000 
153.163239 -134.179001 23.078917 69.000000 
153.151138 -134.186584 23.065536 73.000000 
153.139923 -134.189468 23.055859 77.000000 
153.131607 -134.178497 23.057343 74.000000 
153.124680 -134.161377 23.063833 77.000000 
153.067917 -134.275360 23.056557 65.000000 
153.115143 -134.156509 23.060419 77.000000 
153.061676 -134.254822 23.065136 61.000000 
153.105972 -134.150085 23.058271 90.000000 
153.052612 -134.246674 23.064070 63.000000 
153.095749 -134.148193 23.052399 63.000000 
153.044327 -134.235413 23.065462 65.000000 
153.034576 -134.230316 23.062023 63.000000 
152.979324 -134.328629 23.070274 54.000000 
153.024567 -134.228516 23.056334 60.000000 
152.967773 -134.331421 23.061012 64.000000 
153.015610 -134.220276 23.055372 60.000000 
152.958572 -134.322983 23.059879 70.000000 
152.947235 -134.320450 23.053846 68.000000 
152.938934 -134.308868 23.055147 68.000000 
152.930710 -134.297256 23.056484 68.000000 
152.869827 -134.402573 23.062189 65.000000 
152.921204 -134.290283 23.054272 73.000000 
152.859146 -134.398529 23.057524 68.000000 
152.855057 -134.374451 23.068155 62.000000 
152.843964 -134.371933 23.062384 59.000000 
152.771774 -134.505219 23.051517 74.000000 
152.833344 -134.367798 23.057793 66.000000 
152.768784 -134.475739 23.064915 83.000000 
152.822723 -134.363632 23.053219 61.000000 
152.761917 -134.458878 23.069336 67.000000 
152.749481 -134.459229 23.061329 61.000000 
152.673523 -134.595779 23.053074 51.000000 
152.738037 -134.456406 23.055599 63.000000 
152.673599 -134.558014 23.071482 72.000000 
152.730820 -134.441055 23.058990 59.000000 
152.656891 -134.569199 23.055836 74.000000 
152.725800 -134.419495 23.066984 65.000000 
152.645081 -134.566116 23.050104 79.000000 
152.636047 -134.555145 23.049913 79.000000 
152.631042 -134.533188 23.057508 79.000000 
152.621002 -134.525330 23.055182 75.000000 
152.544907 -134.647919 23.059752 60.000000 
152.609848 -134.520569 23.050659 62.000000 
152.535172 -134.638229 23.058378 66.000000 
152.524261 -134.631653 23.054884 66.000000 
152.515823 -134.618774 23.055727 70.000000 
152.434280 -134.747284 23.060986 63.000000 
152.504974 -134.612152 23.052286 70.000000 
152.419861 -134.748337 23.052221 67.000000 
152.496643 -134.599228 23.053196 56.000000 
152.409927 -134.738281 23.050774 78.000000 
152.399384 -134.729767 23.048309 76.000000 
152.392151 -134.713364 23.051115 79.000000 
152.302750 -134.841919 23.057781 57.000000 
152.385559 -134.697311 23.054136 79.000000 
152.297455 -134.820450 23.063341 58.000000 
152.287415 -134.810059 23.061859 67.000000 
152.277420 -134.799637 23.060410 67.000000 
152.180038 -134.949310 23.062414 50.000000 
152.263382 -134.796677 23.053734 73.000000 
152.170578 -134.935013 23.062571 59.000000 
152.252014 -134.789322 23.050303 66.000000 
152.156631 -134.932159 23.056082 65.000000 
152.144882 -134.924500 23.052557 64.000000 
152.133163 -134.916809 23.049057 64.000000 
152.026474 -135.074860 23.051664 60.000000 
152.124451 -134.902786 23.049528 61.000000 
152.021255 -135.052567 23.056583 63.000000 
152.009171 -135.044525 23.053020 67.000000 
151.998657 -135.033295 23.051388 63.000000 
151.996857 -135.004730 23.060257 59.000000 
151.987289 -134.991913 23.059662 69.000000 
151.857681 -135.184814 23.047081 82.000000 
151.851761 -135.163666 23.050821 78.000000 
151.846375 -135.144958 23.054050 70.000000 
151.834015 -135.136414 23.050545 71.000000 
151.819611 -135.128525 23.045801 72.000000 
151.699905 -135.294006 23.056662 66.000000 
151.682816 -135.292923 23.048679 72.000000 
151.673492 -135.277618 23.048658 70.000000 
151.665131 -135.260727 23.049564 66.000000 
151.534790 -135.435867 23.062006 50.000000 
151.659470 -135.239151 23.053173 50.000000 
151.514435 -135.439041 23.051632 75.000000 
151.496719 -135.437378 23.043804 112.000000 
151.497162 -135.404327 23.052965 105.000000 
151.486801 -135.390091 23.052000 115.000000 
151.477432 -135.374283 23.051926 51.000000 
151.314148 -135.594604 23.047903 121.000000 
151.300507 -135.584534 23.044294 124.000000 
151.297745 -135.559814 23.049206 124.000000 
151.287079 -135.545013 23.048117 123.000000 
151.272217 -135.533844 23.044273 53.000000 
151.094101 -135.768677 23.042940 121.000000 
151.080948 -135.756393 23.040085 125.000000 
151.072769 -135.736313 23.041151 125.000000 
151.070679 -135.706940 23.046940 126.000000 
151.057709 -135.694611 23.044216 108.000000 
154.058258 -133.527634 23.077610 55.000000 
154.049194 -133.519821 23.076517 63.000000 
154.039841 -133.513519 23.074219 68.000000 
154.031006 -133.507431 23.072119 71.000000 
154.022018 -133.499542 23.071104 74.000000 
153.968384 -133.601547 23.074001 52.000000 
154.011932 -133.494461 23.067461 71.000000 
153.960815 -133.583878 23.079908 58.000000 
154.002335 -133.489578 23.064013 74.000000 
153.950623 -133.580414 23.075165 56.000000 
153.994110 -133.478561 23.065565 74.000000 
153.939697 -133.580032 23.068016 60.000000 
153.930603 -133.571854 23.066940 52.000000 
153.922775 -133.560822 23.068497 58.000000 
153.866760 -133.662521 23.074718 67.000000 
153.916046 -133.543381 23.074785 56.000000 
153.855469 -133.661911 23.067619 73.000000 
153.847458 -133.648804 23.070007 66.000000 
153.839096 -133.637238 23.071251 66.000000 
153.831207 -133.624115 23.073721 60.000000 
153.766800 -133.743866 23.069269 65.000000 
153.820389 -133.621826 23.067892 62.000000 
153.760559 -133.724182 23.076111 69.000000 
153.809998 -133.617950 23.063269 68.000000 
153.751694 -133.713898 23.076059 81.000000 
153.740555 -133.711426 23.070240 78.000000 
153.729401 -133.708893 23.064434 69.000000 
153.664124 -133.820450 23.069849 71.000000 
153.722046 -133.693863 23.067955 69.000000 
153.656601 -133.805130 23.073053 76.000000 
153.714294 -133.680405 23.070354 53.000000 
153.646118 -133.799255 23.069519 72.000000 
153.637695 -133.787064 23.070536 70.000000 
153.564560 -133.915939 23.068062 55.000000 
153.628815 -133.776428 23.070456 62.000000 
153.555389 -133.905029 23.067751 69.000000 
153.617905 -133.772018 23.065865 55.000000 
153.545166 -133.897263 23.065273 74.000000 
153.539917 -133.875305 23.072741 69.000000 
153.527573 -133.873795 23.065918 72.000000 
153.519119 -133.863144 23.065914 65.000000 
153.509033 -133.855286 23.063555 75.000000 
153.431274 -133.982864 23.065237 62.000000 
153.423264 -133.968430 23.067041 70.000000 
153.412918 -133.960297 23.064592 59.000000 
153.335526 -134.079788 23.076633 62.000000 
153.405090 -133.943939 23.067377 63.000000 
153.321823 -134.077408 23.069735 75.000000 
153.397903 -133.927917 23.070383 65.000000 
153.308655 -134.075317 23.063028 73.000000 
153.302536 -134.055771 23.067808 70.000000 
153.294586 -134.040970 23.069506 73.000000 
153.202408 -134.177902 23.071339 72.000000 
153.283325 -134.035965 23.065142 76.000000 
153.198318 -134.153244 23.078831 66.000000 
153.273514 -134.025864 23.063768 71.000000 
153.183548 -134.152039 23.071051 66.000000 
153.173462 -134.141632 23.069534 61.000000 
153.163284 -134.133148 23.067211 56.000000 
153.069733 -134.273193 23.075315 50.000000 
153.156082 -134.116394 23.069820 57.000000 
153.058517 -134.266006 23.071890 53.000000 
153.041031 -134.269119 23.061279 65.000000 
153.035675 -134.249191 23.065739 61.000000 
153.027786 -134.231674 23.067936 63.000000 
153.019653 -134.218079 23.068560 66.000000 
152.913773 -134.374344 23.071795 69.000000 
152.902603 -134.362778 23.069927 65.000000 
152.893646 -134.348404 23.070169 66.000000 
152.882233 -134.340744 23.066826 66.000000 
152.771042 -134.499512 23.075073 57.000000 
152.869431 -134.334198 23.062382 69.000000 
152.749680 -134.508530 23.061419 89.000000 
152.742889 -134.488953 23.064207 72.000000 
152.728806 -134.483597 23.058805 75.000000 
152.720520 -134.467163 23.059849 71.000000 
152.717285 -134.441315 23.066444 72.000000 
152.586090 -134.629105 23.064890 63.000000 
152.574966 -134.616989 23.063038 69.000000 
152.569077 -134.595398 23.066511 75.000000 
152.560684 -134.578537 23.067390 81.000000 
152.422760 -134.768127 23.072256 59.000000 
152.405960 -134.765015 23.065235 109.000000 
152.392731 -134.755539 23.061615 108.000000 
152.388580 -134.730331 23.066496 114.000000 
152.374557 -134.722366 23.062103 115.000000 
152.225189 -134.921539 23.070129 109.000000 
152.209656 -134.914703 23.064848 115.000000 
152.191299 -134.912506 23.057163 122.000000 
152.189011 -134.883636 23.063297 122.000000 
152.181152 -134.864182 23.064619 125.000000 
151.989349 -135.088699 23.059673 121.000000 
151.982071 -135.067108 23.061440 121.000000 
151.969955 -135.053299 23.059380 123.000000 
151.958878 -135.037903 23.058136 125.000000 
154.943008 -132.849686 23.090755 60.000000 
154.932098 -132.851135 23.082277 84.000000 
154.921753 -132.849457 23.076267 74.000000 
154.912689 -132.841553 23.075207 83.000000 
154.903641 -132.833649 23.074173 77.000000 
154.846985 -132.948334 23.067942 75.000000 
154.895950 -132.819565 23.078123 83.000000 
154.839111 -132.933960 23.071569 64.000000 
154.886337 -132.814682 23.074671 80.000000 
154.832031 -132.916473 23.077658 67.000000 
154.875824 -132.816132 23.066437 65.000000 
154.824448 -132.903900 23.080347 61.000000 
154.814590 -132.898819 23.076843 56.000000 
154.805237 -132.893951 23.073532 58.000000 
154.748230 -132.998978 23.077877 61.000000 
154.795395 -132.888809 23.070065 56.000000 
154.739319 -132.988983 23.077850 68.000000 
154.787109 -132.877472 23.071489 56.000000 
154.728378 -132.986771 23.071943 68.000000 
154.719101 -132.978287 23.070786 66.000000 
154.709869 -132.969772 23.069660 66.000000 
154.648666 -133.077301 23.075220 63.000000 
154.701523 -132.958145 23.070938 66.000000 
154.636948 -133.076401 23.068178 77.000000 
154.691940 -132.951141 23.068682 56.000000 
154.628418 -133.064499 23.069239 81.000000 
154.623657 -133.040085 23.079599 75.000000 
154.612946 -133.035980 23.074951 66.000000 
154.544617 -133.157120 23.073990 96.000000 
154.602219 -133.031830 23.070320 77.000000 
154.538544 -133.138916 23.079592 77.000000 
154.590988 -133.027359 23.065533 50.000000 
154.526962 -133.132416 23.075689 62.000000 
154.514923 -133.133041 23.067818 58.000000 
154.448364 -133.239731 23.081316 66.000000 
154.509048 -133.114822 23.073538 59.000000 
154.437546 -133.237350 23.075876 79.000000 
154.501190 -133.102875 23.074770 65.000000 
154.425644 -133.234314 23.070091 79.000000 
154.412643 -133.230591 23.063965 75.000000 
154.404617 -133.216431 23.065922 79.000000 
154.400543 -133.195053 23.073790 65.000000 
154.322983 -133.323029 23.076141 50.000000 
154.389282 -133.190308 23.069206 75.000000 
154.311905 -133.316498 23.072546 60.000000 
154.303253 -133.303619 23.073257 66.000000 
154.295258 -133.289139 23.075077 65.000000 
154.282516 -133.285355 23.069248 61.000000 
154.198975 -133.419067 23.072363 78.000000 
154.271561 -133.278687 23.065762 61.000000 
154.188904 -133.409012 23.070837 73.000000 
154.178802 -133.400848 23.068478 68.000000 
154.167511 -133.393890 23.064926 68.000000 
154.075073 -133.527252 23.069443 65.000000 
154.159592 -133.377106 23.067488 64.000000 
154.066803 -133.512054 23.070843 73.000000 
154.152985 -133.359085 23.071318 50.000000 
154.060577 -133.494049 23.074478 61.000000 
154.053848 -133.475677 23.077986 56.000000 
154.043747 -133.465225 23.076483 55.000000 
154.032272 -133.457901 23.072987 55.000000 
153.932999 -133.610931 23.073914 60.000000 
153.920517 -133.602890 23.070129 59.000000 
153.909241 -133.595596 23.066732 57.000000 
153.896790 -133.587479 23.063005 55.000000 
153.796753 -133.733688 23.074472 63.000000 
153.890778 -133.569077 23.066530 50.000000 
153.780685 -133.733582 23.066118 77.000000 
153.769363 -133.721909 23.064203 72.000000 
153.762604 -133.702713 23.067236 65.000000 
153.756714 -133.681946 23.071264 68.000000 
153.746994 -133.669067 23.070602 60.000000 
153.619766 -133.857819 23.062159 82.000000 
153.611862 -133.841766 23.063261 78.000000 
153.604233 -133.823715 23.065138 70.000000 
153.593384 -133.811966 23.063406 67.000000 
153.579239 -133.806458 23.058043 67.000000 
153.457947 -133.973602 23.069201 56.000000 
153.445023 -133.964584 23.065567 57.000000 
153.431244 -133.957108 23.061087 64.000000 
153.429672 -133.927567 23.068958 58.000000 
153.291168 -134.119431 23.074287 54.000000 
153.270676 -134.122574 23.063883 68.000000 
153.253708 -134.119308 23.056856 108.000000 
153.257568 -134.079849 23.069271 69.000000 
153.240692 -134.076523 23.062319 106.000000 
153.085388 -134.285416 23.066793 109.000000 
153.075302 -134.269043 23.066319 112.000000 
153.058960 -134.261551 23.060860 124.000000 
153.051819 -134.240433 23.062893 125.000000 
153.039078 -134.228683 23.060116 123.000000 
152.852463 -134.444000 23.061396 120.000000 
152.834244 -134.439484 23.054625 122.000000 
152.828857 -134.414627 23.057928 122.000000 
152.822601 -134.391373 23.060516 123.000000 
155.835556 -132.186661 23.092657 51.000000 
155.824615 -132.188156 23.084126 73.000000 
155.816360 -132.175659 23.086643 74.000000 
155.807877 -132.164688 23.087975 68.000000 
155.800400 -132.154205 23.089695 74.000000 
155.742157 -132.278473 23.076481 69.000000 
155.790100 -132.152466 23.083691 71.000000 
155.737625 -132.248474 23.092016 85.000000 
155.779129 -132.153763 23.075222 68.000000 
155.729095 -132.237244 23.093210 61.000000 
155.771774 -132.138107 23.080379 63.000000 
155.718491 -132.235336 23.087212 60.000000 
155.708588 -132.230286 23.083639 58.000000 
155.652054 -132.335739 23.088488 54.000000 
155.700165 -132.218979 23.084921 54.000000 
155.642639 -132.327347 23.087177 54.000000 
155.691803 -132.207687 23.086239 54.000000 
155.631683 -132.325211 23.081192 82.000000 
155.681229 -132.205643 23.080317 60.000000 
155.624741 -132.307373 23.087002 66.000000 
155.615967 -132.299194 23.085960 64.000000 
155.606705 -132.290726 23.084768 64.000000 
155.595215 -132.286362 23.079699 58.000000 
155.534470 -132.392303 23.086485 67.000000 
155.585587 -132.279373 23.077374 64.000000 
155.525909 -132.380432 23.087479 74.000000 
155.514694 -132.377960 23.081587 75.000000 
155.506226 -132.366043 23.082644 75.000000 
155.438675 -132.487778 23.082249 67.000000 
155.496964 -132.360947 23.079458 73.000000 
155.431519 -132.472717 23.085506 64.000000 
155.491440 -132.339645 23.087538 78.000000 
155.420975 -132.468704 23.080938 77.000000 
155.411377 -132.457764 23.080532 66.000000 
155.335144 -132.596786 23.072624 55.000000 
155.403900 -132.444260 23.082775 60.000000 
155.329498 -132.574707 23.079828 76.000000 
155.389282 -132.448975 23.071144 53.000000 
155.320770 -132.562180 23.080532 74.000000 
155.386032 -132.422897 23.082497 63.000000 
155.314270 -132.543320 23.085657 69.000000 
155.302399 -132.540253 23.079861 69.000000 
155.289948 -132.538727 23.072979 72.000000 
155.280838 -132.527695 23.072718 69.000000 
155.210068 -132.636780 23.088297 63.000000 
155.274628 -132.508820 23.078007 58.000000 
155.195480 -132.639786 23.078266 68.000000 
155.185013 -132.631638 23.075714 65.000000 
155.175766 -132.620300 23.075331 58.000000 
155.091812 -132.757919 23.077038 72.000000 
155.171967 -132.596664 23.083735 65.000000 
155.082291 -132.746277 23.076450 69.000000 
155.159821 -132.593185 23.078066 63.000000 
155.076569 -132.727020 23.081263 68.000000 
155.066040 -132.714661 23.080395 73.000000 
155.055328 -132.708069 23.076982 70.000000 
154.965576 -132.837006 23.084684 59.000000 
155.044724 -132.699524 23.074459 73.000000 
154.956650 -132.823410 23.085030 65.000000 
154.946533 -132.811050 23.084229 61.000000 
154.932938 -132.808533 23.077597 67.000000 
154.836441 -132.957504 23.082251 56.000000 
154.927505 -132.788925 23.082268 67.000000 
154.826492 -132.947113 23.080660 62.000000 
154.918808 -132.775284 23.082766 56.000000 
154.814560 -132.939484 23.076971 65.000000 
154.803619 -132.926285 23.075871 57.000000 
154.796722 -132.909470 23.078283 60.000000 
154.784286 -132.901382 23.074512 59.000000 
154.671402 -133.074661 23.070002 73.000000 
154.773804 -132.892441 23.072105 51.000000 
154.671326 -133.041138 23.081343 72.000000 
154.660492 -133.031876 23.078808 65.000000 
154.647537 -133.025360 23.074232 69.000000 
154.636932 -133.014069 23.072517 73.000000 
154.522934 -133.177948 23.079321 57.000000 
154.502258 -133.185333 23.066530 77.000000 
154.490448 -133.175186 23.063744 75.000000 
154.486023 -133.150757 23.069191 70.000000 
154.480087 -133.129532 23.072872 67.000000 
154.348999 -133.318100 23.072989 53.000000 
154.341095 -133.299591 23.074503 60.000000 
154.331772 -133.282211 23.075003 68.000000 
154.325760 -133.260544 23.078369 59.000000 
154.311829 -133.255081 23.073177 61.000000 
154.170868 -133.449768 23.076973 68.000000 
154.157486 -133.440262 23.073233 104.000000 
154.145264 -133.427094 23.071022 75.000000 
154.130127 -133.420639 23.065662 75.000000 
154.121368 -133.403168 23.066240 69.000000 
153.965988 -133.612152 23.071032 109.000000 
153.954941 -133.597321 23.069683 109.000000 
153.941818 -133.587692 23.066139 119.000000 
153.938431 -133.560287 23.071331 121.000000 
153.928528 -133.543854 23.070921 121.000000 
153.734985 -133.772339 23.066174 122.000000 
153.724869 -133.753220 23.066086 124.000000 
153.710602 -133.742416 23.062372 124.000000 
153.695389 -133.733124 23.057920 125.000000 
156.732697 -131.498306 23.108200 66.000000 
156.723557 -131.490524 23.107010 71.000000 
156.712357 -131.493591 23.097261 71.000000 
156.702026 -131.491959 23.091198 68.000000 
156.693527 -131.480988 23.092527 65.000000 
156.640503 -131.582001 23.097462 60.000000 
156.686356 -131.463837 23.098825 74.000000 
156.630859 -131.575485 23.094992 61.000000 
156.676712 -131.459030 23.095297 74.000000 
156.622284 -131.564255 23.096151 54.000000 
156.668716 -131.446487 23.097971 51.000000 
156.615158 -131.546783 23.102161 56.000000 
156.605286 -131.541779 23.098581 58.000000 
156.546478 -131.658279 23.095064 61.000000 
156.595917 -131.536987 23.095198 54.000000 
156.539749 -131.638901 23.101940 61.000000 
156.585693 -131.533463 23.090445 51.000000 
156.529724 -131.635498 23.097305 66.000000 
156.519989 -131.628662 23.094858 58.000000 
156.509079 -131.626495 23.088896 56.000000 
156.453766 -131.715591 23.108692 56.000000 
156.502228 -131.608673 23.094761 58.000000 
156.441254 -131.718033 23.099295 63.000000 
156.495163 -131.594254 23.098488 58.000000 
156.428345 -131.723846 23.087782 81.000000 
156.485565 -131.587326 23.096155 52.000000 
156.419724 -131.711975 23.088734 77.000000 
156.415268 -131.687805 23.099121 69.000000 
156.343735 -131.823883 23.088533 63.000000 
156.405441 -131.680649 23.096699 63.000000 
156.337906 -131.804077 23.095072 83.000000 
156.393707 -131.676025 23.091633 84.000000 
156.328613 -131.787872 23.097572 82.000000 
156.320038 -131.777588 23.097485 72.000000 
156.308548 -131.776749 23.090679 70.000000 
156.241562 -131.888824 23.101263 82.000000 
156.299026 -131.769562 23.088388 62.000000 
156.230713 -131.882751 23.097563 84.000000 
156.289001 -131.760193 23.086895 58.000000 
156.219345 -131.878220 23.092793 75.000000 
156.286209 -131.732559 23.099352 50.000000 
156.208527 -131.872055 23.089134 75.000000 
156.198242 -131.864288 23.086597 79.000000 
156.192932 -131.842255 23.093969 63.000000 
156.114349 -131.975479 23.093424 63.000000 
156.182785 -131.832565 23.092424 63.000000 
156.104431 -131.963913 23.092737 75.000000 
156.096268 -131.949478 23.094400 68.000000 
156.085754 -131.945221 23.090067 61.000000 
156.001465 -132.084518 23.090626 63.000000 
156.075317 -131.937088 23.087524 66.000000 
155.994919 -132.066895 23.094296 62.000000 
156.064911 -131.928925 23.085011 63.000000 
155.982986 -132.059753 23.090408 68.000000 
155.970947 -132.056427 23.084843 66.000000 
155.961578 -132.042847 23.085154 66.000000 
155.871124 -132.175491 23.091101 56.000000 
155.954102 -132.026428 23.087763 57.000000 
155.860779 -132.165146 23.089369 69.000000 
155.946716 -132.010025 23.090420 61.000000 
155.854477 -132.145187 23.093693 66.000000 
155.847626 -132.126846 23.097065 58.000000 
155.838806 -132.113281 23.097466 57.000000 
155.827316 -132.106033 23.093870 55.000000 
155.726944 -132.262466 23.092943 62.000000 
155.715729 -132.253296 23.090208 65.000000 
155.706711 -132.239334 23.090424 65.000000 
155.692673 -132.236465 23.083851 57.000000 
155.589706 -132.391205 23.090868 60.000000 
155.682266 -132.225616 23.082182 57.000000 
155.581177 -132.375259 23.091803 63.000000 
155.566650 -132.372055 23.085262 72.000000 
155.558228 -132.356064 23.086273 68.000000 
155.553726 -132.332138 23.092047 63.000000 
155.424225 -132.530106 23.079683 70.000000 
155.540390 -132.323257 23.088066 67.000000 
155.421402 -132.498459 23.088198 63.000000 
155.408798 -132.490005 23.084463 82.000000 
155.400696 -132.476013 23.084763 72.000000 
155.387344 -132.469086 23.080177 64.000000 
155.379730 -132.451050 23.082005 67.000000 
155.257782 -132.621979 23.091488 63.000000 
155.243134 -132.616241 23.085995 61.000000 
155.232956 -132.600494 23.085594 61.000000 
155.223480 -132.585175 23.085423 66.000000 
155.088623 -132.773087 23.093683 56.000000 
155.219238 -132.560394 23.090565 59.000000 
155.067307 -132.777985 23.082348 62.000000 
155.054779 -132.766922 23.079412 105.000000 
155.049210 -132.745239 23.082584 110.000000 
155.046661 -132.716812 23.088993 69.000000 
155.030075 -132.711517 23.082626 54.000000 
154.874542 -132.922394 23.086193 112.000000 
154.859802 -132.913956 23.081602 122.000000 
154.851593 -132.894440 23.082685 123.000000 
154.838806 -132.882782 23.079781 123.000000 
154.830765 -132.863251 23.080954 121.000000 
154.661163 -133.086594 23.087336 109.000000 
154.636230 -133.093262 23.075075 118.000000 
154.624573 -133.079941 23.073019 121.000000 
154.620087 -133.053543 23.076986 124.000000 
154.610809 -133.034988 23.077150 121.000000 
157.622437 -130.833984 23.110559 66.000000 
157.613785 -130.823105 23.111794 78.000000 
157.604904 -130.813766 23.111841 71.000000 
157.595764 -130.805969 23.110693 80.000000 
157.585907 -130.804581 23.104841 68.000000 
157.532257 -130.910507 23.106441 62.000000 
157.576813 -130.796722 23.103739 71.000000 
157.525238 -130.891479 23.113537 72.000000 
157.568375 -130.785751 23.105129 60.000000 
157.515961 -130.883423 23.112303 61.000000 
157.560638 -130.771698 23.109026 65.000000 
157.506012 -130.878479 23.108694 54.000000 
157.496078 -130.873489 23.105106 52.000000 
157.439438 -130.982437 23.107885 56.000000 
157.488312 -130.859131 23.108768 54.000000 
157.429596 -130.975677 23.105377 61.000000 
157.479889 -130.847885 23.110060 52.000000 
157.422485 -130.957870 23.111099 60.000000 
157.413895 -130.946381 23.112179 60.000000 
157.402985 -130.944260 23.106236 60.000000 
157.393677 -130.935852 23.105021 60.000000 
157.333450 -131.043900 23.111034 64.000000 
157.383575 -130.930527 23.101469 58.000000 
157.323914 -131.035248 23.109673 69.000000 
157.375565 -130.917389 23.103855 52.000000 
157.312653 -131.032898 23.103746 68.000000 
157.301758 -131.027069 23.099957 69.000000 
157.294098 -131.012054 23.103277 63.000000 
157.225327 -131.138702 23.099691 67.000000 
157.287964 -130.994186 23.109129 68.000000 
157.217087 -131.126831 23.100666 64.000000 
157.277237 -130.990143 23.104452 54.000000 
157.208878 -131.113083 23.102615 53.000000 
157.122314 -131.250290 23.089554 52.000000 
157.119629 -131.218643 23.103214 59.000000 
157.112946 -131.199799 23.108244 64.000000 
157.173172 -131.070923 23.101978 51.000000 
157.102631 -131.192093 23.105688 69.000000 
157.092865 -131.182785 23.104250 63.000000 
157.080978 -131.179764 23.098463 60.000000 
157.010025 -131.292618 23.112293 57.000000 
157.073471 -131.164063 23.101469 65.000000 
156.996048 -131.294189 23.103313 57.000000 
156.880753 -131.407761 23.097528 63.000000 
156.874863 -131.386581 23.103090 55.000000 
156.864731 -131.376587 23.101482 55.000000 
156.855820 -131.365326 23.101124 54.000000 
156.755478 -131.487930 23.105604 61.000000 
156.836380 -131.343628 23.099108 59.000000 
156.747131 -131.472794 23.106911 67.000000 
156.733566 -131.468460 23.101061 59.000000 
156.731430 -131.438965 23.111481 61.000000 
156.719788 -131.433716 23.107065 58.000000 
156.617081 -131.596924 23.102688 54.000000 
156.709656 -131.423309 23.105513 55.000000 
156.605698 -131.589752 23.099161 59.000000 
156.597427 -131.572220 23.101118 60.000000 
156.588974 -131.558640 23.101542 57.000000 
156.575058 -131.553802 23.095797 56.000000 
156.470688 -131.711807 23.101156 73.000000 
156.564499 -131.544922 23.093359 50.000000 
156.461395 -131.697449 23.101177 72.000000 
156.449875 -131.687866 23.098425 66.000000 
156.439148 -131.676651 23.096643 65.000000 
156.430771 -131.660645 23.097721 59.000000 
156.315460 -131.829987 23.102146 55.000000 
156.298813 -131.829559 23.093891 77.000000 
156.285522 -131.820663 23.089991 82.000000 
156.280151 -131.797852 23.094473 68.000000 
156.271469 -131.783417 23.094648 66.000000 
156.149857 -131.956848 23.104002 56.000000 
156.258942 -131.774872 23.091040 59.000000 
156.139359 -131.943192 23.102867 56.000000 
156.127228 -131.932678 23.100027 64.000000 
156.116821 -131.918976 23.098965 60.000000 
156.102188 -131.913147 23.093567 68.000000 
155.964096 -132.105545 23.099678 65.000000 
155.946243 -132.104065 23.091726 110.000000 
155.939880 -132.081909 23.094681 74.000000 
155.931854 -132.062927 23.096012 69.000000 
155.919434 -132.051834 23.093189 104.000000 
155.762665 -132.266495 23.095984 50.000000 
155.752441 -132.250168 23.095392 115.000000 
155.740433 -132.236969 23.093241 123.000000 
155.734085 -132.214310 23.095951 124.000000 
155.727158 -132.191147 23.098536 120.000000 
155.536057 -132.419205 23.094948 119.000000 
155.514664 -132.421661 23.085224 122.000000 
155.506149 -132.401520 23.086077 124.000000 
155.495758 -132.384506 23.085442 125.000000 
158.520477 -130.148438 23.134533 60.000000 
158.509308 -130.151642 23.124781 79.000000 
158.498749 -130.148315 23.119722 80.000000 
158.489563 -130.140518 23.118530 65.000000 
158.483307 -130.120514 23.127338 68.000000 
158.473007 -130.118896 23.121311 68.000000 
158.419006 -130.226212 23.121637 72.000000 
158.464432 -130.111282 23.120384 71.000000 
158.412872 -130.205872 23.130096 60.000000 
158.454773 -130.106491 23.116848 77.000000 
158.401581 -130.207214 23.121677 52.000000 
158.391846 -130.198883 23.120275 52.000000 
158.327057 -130.294846 23.125347 52.000000 
158.316498 -130.291245 23.120502 66.000000 
158.367233 -130.162048 23.126425 50.000000 
158.306320 -130.286041 23.116846 64.000000 
158.299408 -130.270065 23.121599 60.000000 
158.290894 -130.258530 23.122696 60.000000 
158.280807 -130.253250 23.119122 58.000000 
158.219681 -130.364334 23.122841 67.000000 
158.272385 -130.241699 23.120285 60.000000 
158.211899 -130.349365 23.126043 74.000000 
158.202957 -130.340988 23.124886 75.000000 
158.191742 -130.338608 23.118984 83.000000 
158.125137 -130.459015 23.120060 63.000000 
158.180908 -130.332764 23.115215 74.000000 
158.117279 -130.441833 23.123970 83.000000 
158.172440 -130.320877 23.116259 77.000000 
158.106674 -130.436050 23.120300 72.000000 
158.094650 -130.436874 23.112362 66.000000 
158.087006 -130.421524 23.115448 56.000000 
158.017731 -130.541733 23.120947 72.000000 
158.082947 -130.395142 23.126438 63.000000 
158.007355 -130.534073 23.118317 79.000000 
158.072464 -130.389267 23.122885 63.000000 
157.998062 -130.523209 23.117891 69.000000 
157.990952 -130.505951 23.121859 62.000000 
157.979614 -130.501389 23.117140 69.000000 
157.906677 -130.620682 23.126797 57.000000 
157.968826 -130.495224 23.113533 74.000000 
157.897263 -130.609512 23.126253 57.000000 
157.960815 -130.481110 23.115429 53.000000 
157.885040 -130.606308 23.120451 62.000000 
157.874542 -130.598267 23.117846 72.000000 
157.863480 -130.591782 23.114204 68.000000 
157.783127 -130.721664 23.121363 81.000000 
157.855392 -130.577332 23.115911 63.000000 
157.772324 -130.713318 23.118658 73.000000 
157.847366 -130.562881 23.117661 68.000000 
157.761551 -130.704956 23.115978 73.000000 
157.753204 -130.694046 23.115755 68.000000 
157.747543 -130.672882 23.121395 73.000000 
157.653152 -130.814880 23.121220 63.000000 
157.736343 -130.664108 23.118637 62.000000 
157.648758 -130.790146 23.128456 69.000000 
157.723160 -130.661987 23.111942 50.000000 
157.637817 -130.781433 23.125767 66.000000 
157.628265 -130.769501 23.125109 58.000000 
157.615372 -130.765518 23.119473 57.000000 
157.519226 -130.914490 23.124130 56.000000 
157.607925 -130.748764 23.121889 57.000000 
157.505737 -130.912186 23.117680 59.000000 
157.494614 -130.901077 23.115709 57.000000 
157.484116 -130.890305 23.113960 53.000000 
157.476547 -130.873154 23.116129 56.000000 
157.357315 -131.029755 23.114025 60.000000 
157.356201 -130.999802 23.123569 61.000000 
157.342468 -130.995041 23.118008 59.000000 
157.329666 -130.986633 23.114161 58.000000 
157.209183 -131.167358 23.112488 70.000000 
157.317490 -130.978592 23.110525 57.000000 
157.198868 -131.154175 23.111404 59.000000 
157.187805 -131.142548 23.109455 64.000000 
157.176788 -131.130905 23.107540 57.000000 
157.050232 -131.281708 23.121515 66.000000 
157.159576 -131.100037 23.108536 57.000000 
157.037216 -131.272858 23.117727 63.000000 
157.021057 -131.268311 23.111174 64.000000 
157.019089 -131.238724 23.118759 61.000000 
157.007904 -131.226624 23.116823 60.000000 
156.846161 -131.430939 23.108377 71.000000 
156.821060 -131.408844 23.102495 56.000000 
156.814819 -131.386673 23.105471 75.000000 
156.647202 -131.586914 23.107267 117.000000 
156.638855 -131.567413 23.108252 121.000000 
156.631531 -131.546326 23.110088 123.000000 
156.628036 -131.518951 23.115189 117.000000 
156.433838 -131.751587 23.109362 123.000000 
156.421402 -131.737808 23.107058 120.000000 
156.406097 -131.728714 23.102497 122.000000 
156.398621 -131.707031 23.104103 122.000000 
156.385361 -131.694733 23.101152 123.000000 
159.406158 -129.454453 23.140619 63.000000 
159.395569 -129.454529 23.133324 78.000000 
159.384964 -129.454559 23.126034 83.000000 
159.375214 -129.449875 23.122425 68.000000 
159.366684 -129.438980 23.123749 68.000000 
159.313324 -129.544922 23.125204 69.000000 
159.358810 -129.424957 23.127569 74.000000 
159.303635 -129.538467 23.122730 70.000000 
159.348846 -129.421753 23.122808 63.000000 
159.297012 -129.517899 23.131067 60.000000 
159.288467 -129.506729 23.132263 60.000000 
159.278564 -129.501785 23.128685 58.000000 
159.221207 -129.615402 23.127670 56.000000 
159.268692 -129.496796 23.125126 56.000000 
159.213272 -129.600800 23.131016 64.000000 
159.257370 -129.498001 23.116758 56.000000 
159.203110 -129.595642 23.127373 70.000000 
159.192963 -129.590439 23.123751 66.000000 
159.182816 -129.585205 23.120150 66.000000 
159.174103 -129.578903 23.118103 56.000000 
159.116623 -129.677597 23.131010 65.000000 
159.168457 -129.556427 23.127527 70.000000 
159.103668 -129.681656 23.120485 81.000000 
159.094482 -129.669571 23.121248 83.000000 
159.087662 -129.651443 23.126829 75.000000 
159.078247 -129.642761 23.125555 69.000000 
159.010376 -129.767838 23.122833 67.000000 
159.069321 -129.632507 23.125465 68.000000 
159.004501 -129.746201 23.130339 76.000000 
158.993958 -129.742310 23.125767 77.000000 
158.982422 -129.739685 23.119909 58.000000 
158.918137 -129.845688 23.135025 72.000000 
158.972336 -129.732254 23.117435 52.000000 
158.905716 -129.844482 23.128071 79.000000 
158.965286 -129.715363 23.121744 51.000000 
158.894333 -129.840027 23.123304 74.000000 
158.882965 -129.837418 23.117649 79.000000 
158.874786 -129.823364 23.119476 72.000000 
158.867752 -129.806122 23.123537 67.000000 
158.858093 -129.796799 23.122162 65.000000 
158.779388 -129.931778 23.120598 60.000000 
158.773438 -129.911011 23.126488 65.000000 
158.764130 -129.899811 23.126051 58.000000 
158.676544 -130.050720 23.119446 65.000000 
158.752548 -129.893036 23.122272 58.000000 
158.670593 -130.027634 23.125805 75.000000 
158.743912 -129.880203 23.122969 56.000000 
158.658600 -130.022507 23.121077 84.000000 
158.648453 -130.012543 23.119467 79.000000 
158.637100 -130.005737 23.115820 64.000000 
158.549316 -130.135971 23.124146 52.000000 
158.630127 -129.989716 23.118595 70.000000 
158.540237 -130.122482 23.124411 69.000000 
158.622025 -129.974930 23.120197 58.000000 
158.533203 -130.104172 23.127716 67.000000 
158.524277 -130.090668 23.128065 58.000000 
158.514725 -130.078751 23.127451 61.000000 
158.412903 -130.242432 23.123083 52.000000 
158.503204 -130.071594 23.123854 61.000000 
158.407806 -130.220901 23.128233 59.000000 
158.393036 -130.219833 23.120655 57.000000 
158.381699 -130.212677 23.117157 55.000000 
158.368576 -130.204361 23.113134 53.000000 
158.267960 -130.356445 23.122339 54.000000 
158.363785 -130.182816 23.118456 51.000000 
158.259354 -130.340546 23.123259 60.000000 
158.243317 -130.340637 23.114851 59.000000 
158.237061 -130.319901 23.118660 58.000000 
158.218765 -130.291183 23.118900 58.000000 
158.106339 -130.455856 23.125689 57.000000 
158.091507 -130.450287 23.119967 82.000000 
158.077301 -130.445084 23.114452 71.000000 
158.067123 -130.431870 23.113499 67.000000 
157.951324 -130.596237 23.128078 54.000000 
158.057816 -130.417053 23.113491 71.000000 
157.940811 -130.582657 23.126911 54.000000 
157.925797 -130.581100 23.120064 61.000000 
157.914505 -130.569061 23.118088 66.000000 
157.903458 -130.554947 23.116838 70.000000 
157.899933 -130.528595 23.122816 73.000000 
157.747742 -130.748169 23.113968 105.000000 
157.737137 -130.731949 23.113344 112.000000 
157.735214 -130.701920 23.120495 111.000000 
157.725449 -130.686172 23.120161 63.000000 
157.707703 -130.684631 23.112301 75.000000 
157.555145 -130.893173 23.117956 109.000000 
157.543808 -130.880569 23.115957 122.000000 
157.533676 -130.864273 23.115414 125.000000 
157.526413 -130.843246 23.117325 121.000000 
157.516434 -130.826935 23.116873 121.000000 
157.339386 -131.067520 23.116041 108.000000 
157.326691 -131.055908 23.113178 101.000000 
157.312347 -131.045319 23.109392 120.000000 
157.305801 -131.022110 23.111788 121.000000 
157.295471 -131.005188 23.111160 123.000000 
160.298157 -128.790359 23.139425 69.000000 
160.287796 -128.788879 23.133314 73.000000 
160.280823 -128.768661 23.141876 78.000000 
160.270798 -128.765579 23.137033 77.000000 
160.259293 -128.770218 23.126076 65.000000 
160.206299 -128.874878 23.129065 62.000000 
160.250305 -128.764175 23.123888 61.000000 
160.198700 -128.860825 23.132715 64.000000 
160.242111 -128.751678 23.126469 71.000000 
160.190018 -128.849655 23.133833 67.000000 
160.236023 -128.731705 23.135426 77.000000 
160.179520 -128.849686 23.126778 56.000000 
160.171600 -128.835358 23.130352 54.000000 
160.163742 -128.821030 23.133974 60.000000 
160.106659 -128.933121 23.134203 56.000000 
160.155258 -128.809814 23.135229 61.000000 
160.096817 -128.926392 23.131695 71.000000 
160.143600 -128.812561 23.125656 51.000000 
160.088531 -128.913345 23.133902 68.000000 
160.079941 -128.901855 23.134975 68.000000 
160.068115 -128.901062 23.127668 62.000000 
160.058792 -128.892654 23.126444 62.000000 
159.999969 -128.996063 23.135880 72.000000 
160.049988 -128.884506 23.125425 62.000000 
159.988815 -128.995636 23.128967 81.000000 
159.978409 -128.990128 23.125326 81.000000 
159.970749 -128.977005 23.127636 66.000000 
159.904861 -129.096039 23.129784 63.000000 
159.963974 -128.958862 23.133261 65.000000 
159.895584 -129.085526 23.129425 89.000000 
159.951752 -128.955887 23.127045 63.000000 
159.884338 -129.077606 23.126499 77.000000 
159.878067 -129.057541 23.132933 66.000000 
159.866989 -129.053314 23.128199 62.000000 
159.795975 -129.180069 23.129152 83.000000 
159.856430 -129.047455 23.124605 60.000000 
159.788162 -129.164444 23.131968 85.000000 
159.848923 -129.035858 23.125896 61.000000 
159.778366 -129.158981 23.128654 75.000000 
159.766968 -129.154480 23.123903 69.000000 
159.755020 -129.147720 23.119902 63.000000 
159.747421 -129.132034 23.122864 65.000000 
159.673843 -129.252945 23.131266 64.000000 
159.743713 -129.109070 23.131716 55.000000 
159.662125 -129.251984 23.124762 68.000000 
159.653854 -129.237579 23.126402 65.000000 
159.647415 -129.218399 23.131281 59.000000 
159.557266 -129.375717 23.120623 69.000000 
159.636963 -129.210327 23.128744 58.000000 
159.552475 -129.351349 23.128195 87.000000 
159.625992 -129.201920 23.126059 61.000000 
159.545410 -129.331467 23.132553 73.000000 
159.532181 -129.329483 23.125788 73.000000 
159.522583 -129.321762 23.123539 70.000000 
159.434143 -129.451630 23.131680 61.000000 
159.509354 -129.319687 23.116806 59.000000 
159.422592 -129.440628 23.129578 73.000000 
159.412903 -129.428711 23.128883 66.000000 
159.406525 -129.410751 23.132420 67.000000 
159.396973 -129.398804 23.131802 59.000000 
159.389389 -129.384033 23.133413 57.000000 
159.285660 -129.550568 23.126877 62.000000 
159.278503 -129.533829 23.129164 60.000000 
159.267395 -129.522720 23.127243 59.000000 
159.254639 -129.518723 23.121828 57.000000 
159.154099 -129.668793 23.131741 56.000000 
159.238647 -129.516693 23.113939 57.000000 
159.142654 -129.657303 23.129673 63.000000 
159.127365 -129.655777 23.122202 79.000000 
159.117203 -129.645004 23.120564 65.000000 
159.109497 -129.627441 23.122538 63.000000 
159.103592 -129.604721 23.127207 57.000000 
158.976089 -129.799744 23.116781 71.000000 
158.966553 -129.784943 23.116644 75.000000 
158.963486 -129.757370 23.123800 70.000000 
158.950897 -129.748932 23.120127 67.000000 
158.940582 -129.737701 23.118484 67.000000 
158.817825 -129.912460 23.126617 56.000000 
158.806473 -129.900421 23.124607 61.000000 
158.794327 -129.889938 23.121759 64.000000 
158.785599 -129.873077 23.122442 59.000000 
158.777161 -129.854172 23.123865 52.000000 
158.629715 -130.066238 23.119625 103.000000 
158.613617 -130.061600 23.113333 110.000000 
158.612320 -130.031998 23.120665 105.000000 
158.606964 -130.008316 23.124517 69.000000 
158.596344 -129.994110 23.123381 54.000000 
158.432816 -130.221649 23.119253 115.000000 
158.423508 -130.203766 23.119461 122.000000 
158.416122 -130.182693 23.121323 121.000000 
158.407913 -130.163223 23.122431 120.000000 
158.383865 -130.170486 23.109884 122.000000 
158.216171 -130.393250 23.117990 116.000000 
158.203674 -130.379501 23.115698 116.000000 
158.185440 -130.375153 23.108839 122.000000 
158.180801 -130.348770 23.112768 122.000000 
158.169708 -130.331268 23.111954 123.000000 
161.200211 -128.118546 23.153913 63.000000 
161.189590 -128.118683 23.146568 68.000000 
161.181427 -128.104721 23.150200 78.000000 
161.172501 -128.095428 23.150211 68.000000 
161.162842 -128.087448 23.148853 71.000000 
161.106903 -128.209457 23.138672 71.000000 
161.152222 -128.087433 23.141575 63.000000 
161.101593 -128.181000 23.152815 64.000000 
161.143753 -128.081635 23.139572 68.000000 
161.136185 -128.066071 23.144611 63.000000 
161.084274 -128.163940 23.151819 59.000000 
161.071640 -128.171570 23.138601 52.000000 
161.018204 -128.269958 23.149961 56.000000 
161.064392 -128.154114 23.144573 58.000000 
161.007950 -128.264877 23.146235 67.000000 
161.055862 -128.142914 23.145788 61.000000 
160.998459 -128.256592 23.144863 70.000000 
160.990128 -128.243561 23.147030 60.000000 
160.980331 -128.236816 23.144550 64.000000 
160.970169 -128.231613 23.140921 64.000000 
160.910248 -128.341766 23.146152 67.000000 
160.961594 -128.220093 23.142017 64.000000 
160.901459 -128.330017 23.147001 81.000000 
160.952286 -128.211716 23.140795 52.000000 
160.891037 -128.324585 23.143312 81.000000 
160.882339 -128.312805 23.144228 74.000000 
160.871094 -128.310471 23.138296 75.000000 
160.808258 -128.420181 23.147381 71.000000 
160.864319 -128.294205 23.142900 66.000000 
160.797638 -128.416367 23.142729 82.000000 
160.858017 -128.274506 23.149677 57.000000 
160.786957 -128.410645 23.139023 77.000000 
160.777725 -128.400116 23.138693 68.000000 
160.769501 -128.386398 23.140635 57.000000 
160.698364 -128.515045 23.140766 90.000000 
160.763794 -128.364761 23.148228 67.000000 
160.689453 -128.502625 23.141359 69.000000 
160.750305 -128.368423 23.137903 53.000000 
160.681625 -128.487000 23.144165 67.000000 
160.669708 -128.484131 23.138302 65.000000 
160.658829 -128.478027 23.134636 62.000000 
160.591370 -128.583405 23.154087 60.000000 
160.648499 -128.468414 23.132999 67.000000 
160.576889 -128.584808 23.144884 63.000000 
160.565735 -128.578461 23.141165 70.000000 
160.555145 -128.572388 23.137653 66.000000 
160.546890 -128.557983 23.139290 63.000000 
160.464874 -128.694778 23.142395 87.000000 
160.541031 -128.537216 23.145226 56.000000 
160.452805 -128.689697 23.137602 66.000000 
160.531174 -128.527573 23.143755 54.000000 
160.444992 -128.673355 23.140030 68.000000 
160.437180 -128.660889 23.140812 68.000000 
160.427032 -128.650925 23.139196 66.000000 
160.336472 -128.787506 23.143488 63.000000 
160.415680 -128.644135 23.135546 64.000000 
160.329269 -128.769211 23.146696 69.000000 
160.406876 -128.630936 23.136063 55.000000 
160.317017 -128.761780 23.142784 67.000000 
160.307327 -128.749878 23.142082 66.000000 
160.297043 -128.739548 23.140417 59.000000 
160.198120 -128.899200 23.139679 65.000000 
160.291489 -128.718048 23.145811 58.000000 
160.185364 -128.893356 23.134930 65.000000 
160.176727 -128.879822 23.135225 67.000000 
160.170364 -128.859497 23.139248 64.000000 
160.159241 -128.848389 23.137318 63.000000 
160.054047 -129.010010 23.140854 63.000000 
160.147324 -128.840836 23.133659 56.000000 
160.046112 -128.992508 23.142660 79.000000 
160.033035 -128.986237 23.137968 75.000000 
160.022232 -128.975113 23.136110 73.000000 
160.010696 -128.965546 23.133347 66.000000 
160.000732 -128.952774 23.132494 55.000000 
159.880707 -129.133926 23.130827 82.000000 
159.870331 -129.120743 23.129740 71.000000 
159.860809 -129.105942 23.129599 78.000000 
159.858368 -129.078812 23.136927 63.000000 
159.729935 -129.269180 23.137821 50.000000 
159.840958 -129.079926 23.127806 66.000000 
159.720932 -129.252380 23.138323 59.000000 
159.710541 -129.236725 23.137812 66.000000 
159.699188 -129.224686 23.135792 66.000000 
159.691238 -129.206253 23.137297 61.000000 
159.536865 -129.398346 23.135529 105.000000 
159.523178 -129.391052 23.131065 104.000000 
159.505310 -129.389603 23.123096 110.000000 
159.507736 -129.351593 23.134405 102.000000 
159.335068 -129.563965 23.130413 121.000000 
159.323624 -129.551346 23.128353 122.000000 
159.322556 -129.519180 23.135752 123.000000 
159.310806 -129.503967 23.134211 121.000000 
159.297012 -129.493973 23.130487 103.000000 
159.122574 -129.729889 23.132465 125.000000 
159.107178 -129.720932 23.127832 120.000000 
159.091797 -129.711914 23.123232 122.000000 
159.077637 -129.699158 23.120005 124.000000 
159.072006 -129.674332 23.123154 122.000000 
162.084503 -127.426147 23.157059 66.000000 
162.074646 -127.424934 23.151146 81.000000 
162.064575 -127.421890 23.146284 86.000000 
162.056488 -127.407928 23.150019 77.000000 
162.048492 -127.393967 23.153799 80.000000 
161.993896 -127.509544 23.147921 74.000000 
162.037704 -127.392159 23.147604 74.000000 
161.986252 -127.490334 23.154827 70.000000 
162.028000 -127.387444 23.144062 77.000000 
161.977585 -127.479225 23.155983 60.000000 
161.968140 -127.474594 23.152552 56.000000 
161.958878 -127.466568 23.151365 60.000000 
161.948273 -127.464760 23.145388 60.000000 
161.894775 -127.562820 23.156065 80.000000 
161.940460 -127.450455 23.149076 61.000000 
161.883469 -127.562439 23.148899 81.000000 
161.873657 -127.555717 23.146439 74.000000 
161.866562 -127.537971 23.152241 61.000000 
161.808334 -127.643356 23.160456 60.000000 
161.857239 -127.529640 23.151024 62.000000 
161.796677 -127.642769 23.153349 65.000000 
161.846741 -127.525986 23.146294 64.000000 
161.786270 -127.637375 23.149689 84.000000 
161.778427 -127.622459 23.152935 88.000000 
161.766327 -127.623329 23.144728 74.000000 
161.700653 -127.744308 23.145712 60.000000 
161.759033 -127.606812 23.149199 65.000000 
161.695953 -127.717903 23.156511 83.000000 
161.746933 -127.607590 23.141024 69.000000 
161.683456 -127.718590 23.148375 72.000000 
161.677185 -127.702332 23.152931 65.000000 
161.664688 -127.702934 23.144827 65.000000 
161.598953 -127.815697 23.155561 82.000000 
161.656464 -127.687370 23.147789 65.000000 
161.585968 -127.814240 23.148407 79.000000 
161.649841 -127.668945 23.153233 59.000000 
161.575058 -127.808235 23.144718 64.000000 
161.565720 -127.797417 23.144327 69.000000 
161.557999 -127.781807 23.147253 69.000000 
161.549301 -127.769379 23.148031 63.000000 
161.474396 -127.897003 23.151903 64.000000 
161.538513 -127.763268 23.144459 69.000000 
161.464371 -127.887482 23.150333 79.000000 
161.456070 -127.873146 23.151983 75.000000 
161.444992 -127.866776 23.148354 71.000000 
161.359329 -128.014938 23.143810 50.000000 
161.435043 -127.861015 23.145105 64.000000 
161.354980 -127.992874 23.150730 63.000000 
161.425156 -127.851395 23.143658 68.000000 
161.343552 -127.986214 23.147024 65.000000 
161.331543 -127.981117 23.142313 68.000000 
161.322601 -127.967987 23.142792 66.000000 
161.231140 -128.107986 23.144825 52.000000 
161.316223 -127.948471 23.147457 66.000000 
161.225845 -128.084885 23.151072 69.000000 
161.303665 -127.944878 23.141794 59.000000 
161.219376 -128.065018 23.155380 64.000000 
161.208420 -128.056381 23.152721 57.000000 
161.194916 -128.052139 23.146898 58.000000 
161.185989 -128.038635 23.147312 58.000000 
161.089371 -128.191315 23.149546 65.000000 
161.075897 -128.189072 23.143110 57.000000 
161.063904 -128.181595 23.139420 56.000000 
161.052750 -128.170517 23.137518 57.000000 
160.953644 -128.321518 23.147593 56.000000 
161.050812 -128.140656 23.147533 60.000000 
160.944962 -128.305664 23.148512 65.000000 
160.934738 -128.295013 23.146847 72.000000 
160.927673 -128.275940 23.149725 66.000000 
160.914688 -128.269638 23.145128 59.000000 
160.905502 -128.255341 23.145267 61.000000 
160.798676 -128.410950 23.157330 57.000000 
160.777435 -128.420319 23.143656 89.000000 
160.762421 -128.416794 23.137226 82.000000 
160.752151 -128.403625 23.136261 68.000000 
160.745956 -128.382492 23.139883 71.000000 
160.625137 -128.556290 23.148626 59.000000 
160.608795 -128.553925 23.141390 67.000000 
160.599930 -128.537140 23.142025 73.000000 
160.590942 -128.522369 23.142015 73.000000 
160.584747 -128.500809 23.145365 58.000000 
160.447540 -128.695648 23.149874 56.000000 
160.433228 -128.687973 23.145271 72.000000 
160.415451 -128.686615 23.137342 106.000000 
160.412598 -128.658203 23.143705 102.000000 
160.398376 -128.650406 23.139200 105.000000 
160.246124 -128.861359 23.143850 115.000000 
160.232208 -128.851517 23.140055 109.000000 
160.213745 -128.849548 23.132275 124.000000 
160.216217 -128.813187 23.142401 122.000000 
160.206146 -128.796936 23.141943 125.000000 
160.015076 -129.029602 23.136385 121.000000 
160.004517 -129.012756 23.135660 126.000000 
159.993546 -128.993271 23.135376 124.000000 
159.980209 -128.981110 23.132437 123.000000 
162.976028 -126.740326 23.170349 66.000000 
162.965683 -126.738914 23.164320 68.000000 
162.955597 -126.735909 23.159529 68.000000 
162.945221 -126.734421 23.153522 68.000000 
162.937180 -126.720490 23.157370 68.000000 
162.884460 -126.828445 23.157578 74.000000 
162.929810 -126.703461 23.163725 80.000000 
162.875687 -126.817368 23.158760 67.000000 
162.919022 -126.701653 23.157616 77.000000 
162.866791 -126.804474 23.161001 58.000000 
162.858139 -126.793373 23.162260 54.000000 
162.849350 -126.785629 23.161320 56.000000 
162.792633 -126.901337 23.159121 54.000000 
162.838715 -126.783844 23.155403 54.000000 
162.785675 -126.882065 23.166052 67.000000 
162.829483 -126.775795 23.154335 58.000000 
162.774719 -126.880142 23.160124 64.000000 
162.765259 -126.871887 23.158913 64.000000 
162.754303 -126.869881 23.153015 64.000000 
162.700439 -126.959709 23.172920 54.000000 
162.745682 -126.858429 23.154215 64.000000 
162.687927 -126.962334 23.163591 65.000000 
162.737915 -126.843842 23.157814 68.000000 
162.675797 -126.963303 23.155411 77.000000 
162.666199 -126.954735 23.154131 83.000000 
162.660110 -126.933533 23.162092 70.000000 
162.592300 -127.064163 23.156141 63.000000 
162.651062 -126.923370 23.162041 68.000000 
162.584335 -127.048958 23.159210 96.000000 
162.640350 -126.921318 23.156418 68.000000 
162.578384 -127.029274 23.165859 82.000000 
162.567749 -127.023605 23.162292 70.000000 
162.556168 -127.021065 23.156500 64.000000 
162.491943 -127.130814 23.169363 72.000000 
162.542633 -127.024796 23.146219 55.000000 
162.481018 -127.124901 23.165737 90.000000 
162.539291 -126.991608 23.161520 65.000000 
162.465424 -127.129517 23.154135 79.000000 
162.456055 -127.118736 23.153822 75.000000 
162.448868 -127.105354 23.156088 69.000000 
162.376877 -127.227089 23.164534 54.000000 
162.441727 -127.088196 23.160233 75.000000 
162.367905 -127.214432 23.165131 54.000000 
162.431458 -127.080544 23.157831 69.000000 
162.355621 -127.211357 23.159395 64.000000 
162.347275 -127.197052 23.161121 70.000000 
162.337311 -127.187523 23.159693 66.000000 
162.327942 -127.176384 23.159363 65.000000 
162.247238 -127.311646 23.162823 70.000000 
162.315720 -127.173164 23.153723 59.000000 
162.235794 -127.305023 23.159201 78.000000 
162.224976 -127.296761 23.156635 82.000000 
162.214188 -127.288460 23.154099 73.000000 
162.125778 -127.422279 23.160170 56.000000 
162.207153 -127.270584 23.157812 68.000000 
162.119141 -127.404404 23.163696 73.000000 
162.198914 -127.257820 23.158634 64.000000 
162.111343 -127.387794 23.166088 67.000000 
162.101654 -127.375984 23.165516 61.000000 
162.092682 -127.362556 23.165983 59.000000 
161.994324 -127.524185 23.163635 52.000000 
162.079758 -127.358681 23.160452 61.000000 
161.985825 -127.506821 23.165604 56.000000 
161.975815 -127.496613 23.164101 68.000000 
161.961838 -127.492043 23.158386 69.000000 
161.950470 -127.484962 23.154993 69.000000 
161.942215 -127.467537 23.157122 60.000000 
161.839844 -127.626488 23.162029 82.000000 
161.828247 -127.617096 23.159328 78.000000 
161.817413 -127.606056 23.157597 75.000000 
161.811890 -127.583824 23.162487 63.000000 
161.693756 -127.765808 23.160301 52.000000 
161.806488 -127.561615 23.167433 65.000000 
161.691910 -127.735107 23.169254 55.000000 
161.673782 -127.738121 23.159288 82.000000 
161.662689 -127.726646 23.157482 82.000000 
161.652435 -127.713554 23.156618 67.000000 
161.643036 -127.698845 23.156702 70.000000 
161.524597 -127.869781 23.167139 59.000000 
161.506607 -127.870682 23.158262 67.000000 
161.498550 -127.852348 23.159866 70.000000 
161.490585 -127.834023 23.161518 70.000000 
161.483551 -127.814110 23.164093 68.000000 
161.338303 -128.027344 23.159500 68.000000 
161.323944 -128.019714 23.154985 110.000000 
161.323578 -127.986542 23.163900 114.000000 
161.313721 -127.970917 23.163662 68.000000 
161.299515 -127.963203 23.159260 61.000000 
161.149948 -128.171371 23.165407 115.000000 
161.133316 -128.166382 23.159319 124.000000 
161.126755 -128.143860 23.162083 122.000000 
161.115692 -128.129272 23.160881 121.000000 
161.105606 -128.113083 23.160526 121.000000 
160.910889 -128.352097 23.151846 124.000000 
160.906967 -128.324234 23.156591 123.000000 
160.900314 -128.301132 23.159096 124.000000 
160.888931 -128.285919 23.157810 123.000000 
163.852905 -126.073242 23.173817 63.000000 
163.845505 -126.057983 23.178919 78.000000 
163.835999 -126.051842 23.176552 77.000000 
163.824478 -126.056541 23.165628 71.000000 
163.815277 -126.048775 23.164520 68.000000 
163.764297 -126.145714 23.173479 74.000000 
163.806702 -126.037888 23.165897 68.000000 
163.755554 -126.134605 23.174625 67.000000 
163.798187 -126.026985 23.167311 77.000000 
163.744537 -126.134453 23.167425 60.000000 
163.737717 -126.117287 23.173607 58.000000 
163.729126 -126.106140 23.174856 60.000000 
163.670181 -126.229637 23.167065 56.000000 
163.718704 -126.100967 23.171148 60.000000 
163.661606 -126.214790 23.170238 64.000000 
163.709488 -126.092896 23.170050 60.000000 
163.654388 -126.197060 23.175987 64.000000 
163.643555 -126.196892 23.169056 62.000000 
163.634125 -126.188568 23.167831 62.000000 
163.623154 -126.186493 23.161926 60.000000 
163.564499 -126.291931 23.170555 77.000000 
163.615799 -126.170288 23.166649 64.000000 
163.554886 -126.283356 23.169210 78.000000 
163.543060 -126.280807 23.163128 78.000000 
163.534363 -126.269012 23.164131 75.000000 
163.528442 -126.249611 23.171103 68.000000 
163.459808 -126.379898 23.165325 62.000000 
163.517654 -126.245674 23.166426 74.000000 
163.453339 -126.359871 23.171724 70.000000 
163.446533 -126.343315 23.176125 72.000000 
163.435440 -126.339165 23.171427 61.000000 
163.426315 -126.328651 23.171238 72.000000 
163.356369 -126.453964 23.173218 69.000000 
163.414261 -126.327576 23.164335 72.000000 
163.345428 -126.447968 23.169571 79.000000 
163.335541 -126.436852 23.169035 72.000000 
163.322540 -126.437141 23.161070 72.000000 
163.316467 -126.418640 23.166422 75.000000 
163.245392 -126.535172 23.178169 52.000000 
163.309418 -126.401428 23.170549 82.000000 
163.232544 -126.533661 23.171345 57.000000 
163.219131 -126.529861 23.165232 55.000000 
163.213730 -126.507523 23.172255 63.000000 
163.202011 -126.506523 23.165852 68.000000 
163.119492 -126.644890 23.167778 87.000000 
163.193268 -126.493721 23.166569 66.000000 
163.110443 -126.631790 23.168221 73.000000 
163.100876 -126.618340 23.168522 70.000000 
163.090714 -126.608406 23.166979 67.000000 
163.081161 -126.598793 23.165646 67.000000 
162.991302 -126.733704 23.170818 69.000000 
163.071075 -126.588806 23.164164 65.000000 
162.982849 -126.718636 23.172150 72.000000 
162.973145 -126.706757 23.171522 59.000000 
162.966248 -126.686531 23.175764 61.000000 
162.954651 -126.679413 23.172205 59.000000 
162.853180 -126.843369 23.168034 68.000000 
162.941040 -126.677032 23.165651 55.000000 
162.847427 -126.821480 23.173065 62.000000 
162.834045 -126.817223 23.167492 59.000000 
162.822067 -126.809715 23.163879 57.000000 
162.811539 -126.798981 23.162239 57.000000 
162.711380 -126.951309 23.171505 77.000000 
162.699020 -126.943451 23.167822 75.000000 
162.689682 -126.929161 23.167915 69.000000 
162.680420 -126.914856 23.168049 60.000000 
162.674255 -126.894165 23.171984 59.000000 
162.556503 -127.072250 23.171787 78.000000 
162.539078 -127.073563 23.162682 82.000000 
162.529541 -127.058807 23.162622 78.000000 
162.521667 -127.040855 23.164417 72.000000 
162.509048 -127.032448 23.160814 75.000000 
162.398849 -127.185493 23.181507 50.000000 
162.380844 -127.186356 23.172607 59.000000 
162.364471 -127.183929 23.165459 67.000000 
162.355469 -127.169151 23.165482 70.000000 
162.346710 -127.152328 23.166237 68.000000 
162.188889 -127.350716 23.161129 112.000000 
162.186798 -127.320671 23.168287 108.000000 
162.181335 -127.297028 23.172167 74.000000 
162.168884 -127.286072 23.169395 114.000000 
161.997971 -127.497185 23.166126 120.000000 
161.986816 -127.482521 23.164814 124.000000 
161.976624 -127.466248 23.164343 124.000000 
161.966522 -127.449966 23.163918 123.000000 
161.783081 -127.667892 23.166046 121.000000 
161.763870 -127.665260 23.158491 126.000000 
161.757172 -127.642059 23.160912 125.000000 
161.752533 -127.615738 23.164923 125.000000 
164.756180 -125.373459 23.184963 63.000000 
164.744995 -125.376724 23.175268 73.000000 
164.734344 -125.376823 23.168026 83.000000 
164.725662 -125.366005 23.169395 74.000000 
164.717621 -125.352089 23.173264 74.000000 
164.660889 -125.480446 23.157757 65.000000 
164.707870 -125.347443 23.169775 71.000000 
164.654953 -125.455238 23.169731 72.000000 
164.698135 -125.342758 23.166306 71.000000 
164.647858 -125.436325 23.176971 64.000000 
164.687775 -125.341125 23.160381 74.000000 
164.638199 -125.429916 23.174635 60.000000 
164.628036 -125.428406 23.168880 58.000000 
164.618073 -125.423500 23.165379 56.000000 
164.564651 -125.523407 23.174892 64.000000 
164.610214 -125.409233 23.169157 58.000000 
164.554031 -125.519897 23.170139 66.000000 
164.602448 -125.394974 23.172979 58.000000 
164.543808 -125.514778 23.166580 68.000000 
164.536285 -125.498642 23.171297 62.000000 
164.527283 -125.488777 23.171337 64.000000 
164.517548 -125.482018 23.169043 56.000000 
164.456299 -125.598396 23.168928 67.000000 
164.507813 -125.475235 23.166773 66.000000 
164.449677 -125.578781 23.175716 72.000000 
164.437988 -125.578094 23.168730 77.000000 
164.428467 -125.569496 23.167524 78.000000 
164.363495 -125.688889 23.169338 71.000000 
164.416306 -125.570290 23.159409 77.000000 
164.354645 -125.676857 23.170219 89.000000 
164.409973 -125.550652 23.166361 66.000000 
164.345856 -125.664825 23.171141 72.000000 
164.335312 -125.662849 23.165703 72.000000 
164.329041 -125.642876 23.172316 65.000000 
164.259628 -125.768410 23.173935 85.000000 
164.322372 -125.624496 23.177858 63.000000 
164.247147 -125.767235 23.167053 74.000000 
164.310852 -125.621872 23.172148 61.000000 
164.238800 -125.753265 23.168938 74.000000 
164.230515 -125.739296 23.170862 75.000000 
164.220184 -125.731667 23.168438 67.000000 
164.148010 -125.853233 23.176632 54.000000 
164.209885 -125.722115 23.166965 65.000000 
164.142975 -125.827454 23.185604 52.000000 
164.199066 -125.716003 23.163496 65.000000 
164.125107 -125.840332 23.169266 62.000000 
164.116226 -125.829514 23.169086 70.000000 
164.102798 -125.829498 23.161283 68.000000 
164.024933 -125.956970 23.170233 65.000000 
164.096344 -125.808472 23.167229 65.000000 
164.014694 -125.945190 23.169529 87.000000 
164.088226 -125.794121 23.169119 68.000000 
164.002014 -125.941719 23.163866 73.000000 
163.994888 -125.923836 23.167551 73.000000 
163.986603 -125.909149 23.169209 71.000000 
163.895325 -126.053047 23.169266 72.000000 
163.977646 -125.899895 23.168137 68.000000 
163.890732 -126.028397 23.176674 66.000000 
163.965683 -125.894707 23.163620 58.000000 
163.879715 -126.019783 23.174101 72.000000 
163.870041 -126.007950 23.173571 61.000000 
163.857162 -126.002106 23.168869 58.000000 
163.849594 -125.985451 23.171432 58.000000 
163.749680 -126.148186 23.167774 65.000000 
163.738342 -126.139153 23.165150 60.000000 
163.731186 -126.122475 23.167603 62.000000 
163.723618 -126.103455 23.170725 65.000000 
163.613297 -126.280174 23.165239 60.000000 
163.713028 -126.094742 23.168381 60.000000 
163.607544 -126.257912 23.170040 60.000000 
163.600418 -126.238876 23.173019 75.000000 
163.590378 -126.226234 23.172283 63.000000 
163.579788 -126.213181 23.171406 63.000000 
163.564514 -126.211617 23.164125 63.000000 
163.457108 -126.369026 23.175320 52.000000 
163.437988 -126.375565 23.163734 77.000000 
163.422913 -126.372017 23.157421 75.000000 
163.419815 -126.344536 23.164782 70.000000 
163.412064 -126.326630 23.166739 81.000000 
163.289795 -126.505768 23.172775 54.000000 
163.275253 -126.498184 23.168106 67.000000 
163.270599 -126.473473 23.173265 70.000000 
163.257645 -126.464676 23.169724 70.000000 
163.248947 -126.447914 23.170599 60.000000 
163.110107 -126.648117 23.172586 75.000000 
163.093155 -126.645226 23.165604 114.000000 
163.088486 -126.620026 23.170403 105.000000 
163.073120 -126.615921 23.164495 69.000000 
163.064194 -126.598640 23.165178 75.000000 
162.920502 -126.795448 23.176889 50.000000 
162.897003 -126.798950 23.165661 109.000000 
162.886780 -126.782738 23.165266 119.000000 
162.880798 -126.762764 23.167690 115.000000 
162.870728 -126.746536 23.167383 121.000000 
162.687363 -126.961990 23.168989 121.000000 
162.672028 -126.953094 23.164597 125.000000 
162.659622 -126.939415 23.162548 123.000000 
162.647263 -126.925713 23.160538 124.000000 
165.637085 -124.719261 23.177336 50.000000 
165.628250 -124.711800 23.176394 66.000000 
165.617813 -124.710297 23.170385 78.000000 
165.607056 -124.710304 23.163158 83.000000 
165.598969 -124.696335 23.167028 74.000000 
165.590958 -124.682365 23.170942 80.000000 
165.535385 -124.801208 23.162786 77.000000 
165.580551 -124.680725 23.165010 65.000000 
165.528580 -124.780685 23.171230 73.000000 
165.571396 -124.672890 23.164042 74.000000 
165.519867 -124.769547 23.172508 61.000000 
165.510513 -124.761505 23.171408 56.000000 
165.499802 -124.759659 23.165501 52.000000 
165.444519 -124.865974 23.170656 66.000000 
165.490494 -124.751564 23.164450 58.000000 
165.434204 -124.860832 23.167078 71.000000 
165.481949 -124.740349 23.165852 58.000000 
165.424683 -124.852516 23.165880 73.000000 
165.414398 -124.847305 23.162348 67.000000 
165.404922 -124.838936 23.161203 72.000000 
165.348419 -124.936760 23.175659 60.000000 
165.397903 -124.821182 23.167191 66.000000 
165.337051 -124.934509 23.169788 63.000000 
165.388931 -124.811234 23.167301 64.000000 
165.325668 -124.932213 23.163929 72.000000 
165.317352 -124.918846 23.166155 74.000000 
165.308212 -124.908615 23.166113 68.000000 
165.296875 -124.906212 23.160316 72.000000 
165.235321 -125.011269 23.172609 89.000000 
165.287338 -124.897499 23.159172 69.000000 
165.222672 -125.011864 23.164558 82.000000 
165.211945 -125.006073 23.161016 68.000000 
165.201202 -125.000252 23.157495 66.000000 
165.192978 -124.986511 23.159643 58.000000 
165.123596 -125.108856 23.164011 79.000000 
165.187332 -124.964920 23.167486 57.000000 
165.114151 -125.098015 23.163717 69.000000 
165.104752 -125.087151 23.163458 72.000000 
165.099182 -125.068970 23.169073 72.000000 
165.089905 -125.058090 23.168888 67.000000 
165.011963 -125.193848 23.167711 64.000000 
165.079041 -125.051926 23.165430 67.000000 
165.002411 -125.182678 23.167328 66.000000 
164.992920 -125.171486 23.166977 59.000000 
164.980560 -125.168213 23.161320 63.000000 
164.900436 -125.300552 23.167641 65.000000 
164.970535 -125.158554 23.159958 61.000000 
164.890717 -125.289040 23.167124 87.000000 
164.963531 -125.140968 23.163992 58.000000 
164.881027 -125.277512 23.166643 68.000000 
164.868286 -125.273933 23.161015 64.000000 
164.859299 -125.260757 23.161634 64.000000 
164.768768 -125.397667 23.166121 52.000000 
164.854172 -125.238052 23.168533 64.000000 
164.760208 -125.382568 23.167522 73.000000 
164.842789 -125.231216 23.165071 57.000000 
164.752380 -125.365868 23.169971 67.000000 
164.742050 -125.353600 23.169271 61.000000 
164.728317 -125.351212 23.162739 55.000000 
164.633621 -125.501549 23.167965 56.000000 
164.719238 -125.339600 23.162451 61.000000 
164.624191 -125.489647 23.167444 65.000000 
164.613495 -125.478943 23.165804 60.000000 
164.599991 -125.474594 23.160299 56.000000 
164.590790 -125.460648 23.160671 56.000000 
164.490143 -125.613014 23.170038 51.000000 
164.582520 -125.443130 23.162865 59.000000 
164.475464 -125.609932 23.163603 60.000000 
164.462250 -125.603592 23.159063 72.000000 
164.457367 -125.579674 23.164909 72.000000 
164.448059 -125.565323 23.165154 73.000000 
164.436508 -125.555725 23.162605 66.000000 
164.319061 -125.732346 23.163622 82.000000 
164.307846 -125.720764 23.161831 82.000000 
164.295868 -125.710754 23.159166 70.000000 
164.283127 -125.702293 23.155622 70.000000 
164.275269 -125.684280 23.157578 78.000000 
164.155701 -125.855064 23.168858 50.000000 
164.140045 -125.850998 23.162634 59.000000 
164.129425 -125.837326 23.161678 57.000000 
164.122253 -125.817299 23.164265 61.000000 
164.111755 -125.803596 23.163393 64.000000 
163.965134 -126.016556 23.159740 105.000000 
163.957657 -125.996017 23.161974 110.000000 
163.948502 -125.978661 23.162580 114.000000 
163.936783 -125.966049 23.160711 111.000000 
163.919724 -125.962875 23.153822 111.000000 
163.755569 -126.159271 23.158401 121.000000 
163.744308 -126.144516 23.157206 121.000000 
163.734039 -126.128166 23.156857 123.000000 
163.730392 -126.100792 23.162201 123.000000 
163.536911 -126.334412 23.156855 119.000000 
163.526230 -126.317474 23.156301 121.000000 
163.512711 -126.305229 23.153486 123.000000 
163.499237 -126.292946 23.150707 124.000000 
166.503799 -124.040634 23.179716 60.000000 
166.494247 -124.031105 23.179699 79.000000 
166.485245 -124.021790 23.179890 80.000000 
166.476593 -124.010918 23.181345 80.000000 
166.465500 -124.012367 23.172964 77.000000 
166.411865 -124.120415 23.173731 65.000000 
166.456284 -124.004524 23.172003 80.000000 
166.403412 -124.107689 23.176201 85.000000 
166.447418 -123.995125 23.172306 63.000000 
166.394669 -124.096512 23.177507 65.000000 
166.440231 -123.983116 23.175459 65.000000 
166.386978 -124.085823 23.179195 65.000000 
166.378357 -124.074638 23.180573 65.000000 
166.319977 -124.193504 23.176540 52.000000 
166.368057 -124.066032 23.179224 58.000000 
166.309723 -124.183098 23.176168 56.000000 
166.358047 -124.060997 23.175821 54.000000 
166.300568 -124.173187 23.176184 71.000000 
166.348434 -124.054382 23.173655 51.000000 
166.292236 -124.160126 23.178591 70.000000 
166.282364 -124.153313 23.176313 62.000000 
166.272110 -124.148026 23.172876 62.000000 
166.214432 -124.248817 23.185150 60.000000 
166.262695 -124.139595 23.171831 58.000000 
166.203476 -124.244926 23.180492 59.000000 
166.255600 -124.127014 23.174713 54.000000 
166.191788 -124.247841 23.171595 69.000000 
166.181702 -124.240715 23.169271 74.000000 
166.173462 -124.227295 23.171595 72.000000 
166.166687 -124.209175 23.177435 72.000000 
166.097687 -124.339577 23.171944 83.000000 
166.157211 -124.200439 23.176367 68.000000 
166.087341 -124.330307 23.170506 82.000000 
166.081070 -124.312126 23.176203 70.000000 
166.069855 -124.307838 23.171629 62.000000 
166.000336 -124.430214 23.176403 85.000000 
166.060699 -124.299088 23.170631 60.000000 
165.992462 -124.414581 23.179424 90.000000 
166.049973 -124.289429 23.169153 67.000000 
165.980362 -124.409744 23.174654 72.000000 
165.969910 -124.402008 23.172270 65.000000 
165.957291 -124.398666 23.166447 67.000000 
165.886215 -124.513870 23.179968 60.000000 
165.951859 -124.376678 23.174015 67.000000 
165.876663 -124.502678 23.179626 63.000000 
165.945969 -124.360054 23.178675 52.000000 
165.865356 -124.500053 23.174343 68.000000 
165.856461 -124.487221 23.175127 66.000000 
165.850586 -124.466461 23.181292 65.000000 
165.839432 -124.459946 23.177877 61.000000 
165.754211 -124.604774 23.175955 89.000000 
165.827087 -124.456543 23.172342 63.000000 
165.745224 -124.589668 23.177437 76.000000 
165.734283 -124.583183 23.174128 67.000000 
165.723495 -124.572800 23.172573 68.000000 
165.633072 -124.707817 23.178402 52.000000 
165.713898 -124.563087 23.171394 71.000000 
165.625305 -124.689133 23.181709 73.000000 
165.704559 -124.547569 23.172861 56.000000 
165.610825 -124.688339 23.174196 72.000000 
165.603699 -124.671944 23.176928 69.000000 
165.598114 -124.650436 23.182552 66.000000 
165.589203 -124.636864 23.183187 66.000000 
165.484482 -124.807236 23.175560 68.000000 
165.475220 -124.793282 23.175934 64.000000 
165.464569 -124.782494 23.174402 60.000000 
165.453964 -124.771675 23.172903 64.000000 
165.439590 -124.770721 23.165745 55.000000 
165.337875 -124.922562 23.175528 79.000000 
165.326157 -124.912964 23.172947 72.000000 
165.318329 -124.895386 23.175102 69.000000 
165.306702 -124.885735 23.172592 63.000000 
165.301682 -124.859428 23.179211 56.000000 
165.176376 -125.049927 23.172342 82.000000 
165.166763 -125.035088 23.172438 78.000000 
165.160461 -125.013893 23.176207 75.000000 
165.148544 -125.003792 23.173664 71.000000 
165.026093 -125.181328 23.182251 50.000000 
165.139771 -124.989349 23.174055 66.000000 
165.016068 -125.168106 23.181482 59.000000 
165.006287 -125.152832 23.181448 55.000000 
164.993164 -125.143883 23.177961 59.000000 
164.981796 -125.131729 23.176256 61.000000 
164.977371 -125.106941 23.181593 51.000000 
164.829269 -125.318863 23.178116 109.000000 
164.813004 -125.314148 23.172071 106.000000 
164.806351 -125.294044 23.174603 104.000000 
164.795517 -125.279778 23.173653 110.000000 
164.628632 -125.478729 23.177174 121.000000 
164.623856 -125.452896 23.181637 122.000000 
164.611755 -125.439697 23.179741 122.000000 
164.602509 -125.421753 23.180294 121.000000 
164.586716 -125.414780 23.175257 117.000000 
164.397018 -125.639832 23.174627 122.000000 
164.380539 -125.632256 23.169571 124.000000 
164.370926 -125.613655 23.169916 124.000000 
164.361404 -125.595062 23.170307 124.000000 
167.395828 -123.367653 23.181076 63.000000 
167.387238 -123.358582 23.181400 71.000000 
167.376419 -123.358559 23.174210 77.000000 
167.366699 -123.347183 23.175291 77.000000 
167.359283 -123.330093 23.181692 74.000000 
167.300720 -123.461594 23.164484 65.000000 
167.349442 -123.325340 23.178265 68.000000 
167.293549 -123.442589 23.171730 85.000000 
167.339920 -123.319023 23.176094 63.000000 
167.288208 -123.415794 23.185049 61.000000 
167.330582 -123.314445 23.172876 50.000000 
167.278625 -123.411087 23.181744 63.000000 
167.268539 -123.406105 23.178286 58.000000 
167.212692 -123.514114 23.182785 52.000000 
167.258972 -123.401337 23.175018 56.000000 
167.202057 -123.512344 23.177071 75.000000 
167.251129 -123.387001 23.178865 58.000000 
167.193634 -123.499290 23.179426 73.000000 
167.183182 -123.492226 23.176933 64.000000 
167.175293 -123.477585 23.180544 66.000000 
167.165833 -123.469177 23.179468 66.000000 
167.103027 -123.588951 23.178059 64.000000 
167.157242 -123.457642 23.180790 66.000000 
167.091980 -123.585030 23.173382 74.000000 
167.147537 -123.452576 23.177572 53.000000 
167.085480 -123.567184 23.179255 73.000000 
167.075851 -123.558495 23.178087 75.000000 
167.064362 -123.554214 23.173311 70.000000 
167.052933 -123.551727 23.167570 75.000000 
166.989410 -123.661537 23.177069 83.000000 
167.046646 -123.532021 23.174589 66.000000 
166.978119 -123.657295 23.172440 72.000000 
166.967819 -123.649857 23.170078 77.000000 
166.959549 -123.636086 23.172249 66.000000 
166.888351 -123.763336 23.174019 90.000000 
166.953384 -123.616035 23.178974 72.000000 
166.877777 -123.755623 23.171564 85.000000 
166.941162 -123.614807 23.172192 64.000000 
166.868301 -123.744713 23.171324 82.000000 
166.861053 -123.727455 23.175501 75.000000 
166.851700 -123.716515 23.175337 69.000000 
166.774445 -123.849274 23.177210 57.000000 
166.840729 -123.710297 23.171907 60.000000 
166.766556 -123.833275 23.180038 66.000000 
166.757584 -123.820450 23.180784 68.000000 
166.744568 -123.818726 23.174107 61.000000 
166.734482 -123.809029 23.172781 63.000000 
166.726852 -123.792984 23.175762 61.000000 
166.640900 -123.937614 23.174065 89.000000 
166.720413 -123.777603 23.179129 59.000000 
166.632339 -123.926689 23.173992 70.000000 
166.623291 -123.913475 23.174635 68.000000 
166.615021 -123.896729 23.177219 67.000000 
166.523254 -124.034996 23.181229 63.000000 
166.604828 -123.886665 23.175869 70.000000 
166.514725 -124.019852 23.182699 69.000000 
166.502899 -124.012665 23.179195 72.000000 
166.493805 -123.999084 23.179735 69.000000 
166.481339 -123.993423 23.175283 64.000000 
166.473038 -123.978226 23.176901 57.000000 
166.374496 -124.134438 23.178629 74.000000 
166.358017 -124.136414 23.169287 64.000000 
166.347900 -124.125961 23.167908 61.000000 
166.343048 -124.102402 23.174177 64.000000 
166.234985 -124.268974 23.175861 60.000000 
166.333313 -124.087997 23.174482 55.000000 
166.227112 -124.249397 23.178679 56.000000 
166.218430 -124.233414 23.179848 65.000000 
166.204437 -124.228554 23.174482 72.000000 
166.196640 -124.210945 23.176670 73.000000 
166.068985 -124.374847 23.178102 82.000000 
166.052109 -124.374336 23.170050 78.000000 
166.040863 -124.362625 23.168354 70.000000 
166.033752 -124.342964 23.171230 72.000000 
165.912003 -124.519104 23.181282 50.000000 
166.024445 -124.326050 23.172169 59.000000 
165.897232 -124.511330 23.176666 59.000000 
165.888229 -124.494415 23.177479 57.000000 
165.885269 -124.466400 23.184441 57.000000 
165.872147 -124.457405 23.180986 57.000000 
165.716965 -124.649361 23.180622 108.000000 
165.705994 -124.635124 23.179588 115.000000 
165.693954 -124.624512 23.177094 114.000000 
165.679489 -124.616531 23.172783 116.000000 
165.513336 -124.814003 23.177673 121.000000 
165.501068 -124.800766 23.175716 124.000000 
165.489792 -124.785927 23.174599 123.000000 
165.483292 -124.763214 23.177534 124.000000 
165.293793 -124.991028 23.177092 122.000000 
165.285965 -124.969307 23.178864 122.000000 
165.270416 -124.960152 23.174568 124.000000 
165.256866 -124.947807 23.171839 123.000000 
165.241379 -124.938545 23.167612 110.000000 
168.288193 -122.698685 23.184196 60.000000 
168.279755 -122.682930 23.189070 78.000000 
168.270111 -122.676712 23.186802 74.000000 
168.260178 -122.672012 23.183327 74.000000 
168.249008 -122.673454 23.174946 74.000000 
168.196930 -122.773964 23.182293 74.000000 
168.241302 -122.657883 23.180140 61.000000 
168.188416 -122.761230 23.184752 70.000000 
168.234329 -122.639244 23.187853 68.000000 
168.177551 -122.759415 23.178841 61.000000 
168.171402 -122.739105 23.187557 63.000000 
168.162018 -122.731010 23.186516 52.000000 
168.103943 -122.848534 23.184164 52.000000 
168.151047 -122.727303 23.181707 50.000000 
168.092606 -122.844666 23.179270 78.000000 
168.142090 -122.717606 23.181927 54.000000 
168.086121 -122.823746 23.187496 76.000000 
168.076279 -122.818779 23.184185 66.000000 
168.066345 -122.811951 23.181898 66.000000 
168.006332 -122.922623 23.187939 50.000000 
168.056839 -122.803535 23.180819 66.000000 
167.996124 -122.915588 23.185541 63.000000 
168.046112 -122.799767 23.176218 73.000000 
167.985504 -122.910095 23.182020 69.000000 
168.038788 -122.783524 23.181112 55.000000 
167.973999 -122.907715 23.176220 66.000000 
167.967010 -122.889572 23.181950 66.000000 
167.958817 -122.877998 23.183289 63.000000 
167.890488 -123.005455 23.180681 54.000000 
167.948303 -122.872391 23.179871 69.000000 
167.879120 -123.001236 23.176025 70.000000 
167.938736 -122.863632 23.178791 59.000000 
167.871689 -122.984322 23.180357 65.000000 
167.860855 -122.978462 23.176878 61.000000 
167.849518 -122.972275 23.173248 67.000000 
167.782959 -123.085381 23.185280 79.000000 
167.838715 -122.966339 23.169813 65.000000 
167.771851 -123.079269 23.181747 85.000000 
167.832047 -122.947823 23.175430 61.000000 
167.759689 -123.076302 23.176052 75.000000 
167.749146 -123.068527 23.173656 63.000000 
167.739166 -123.061035 23.171459 55.000000 
167.664597 -123.186096 23.179298 57.000000 
167.735321 -123.034279 23.182285 58.000000 
167.655502 -123.173264 23.179991 66.000000 
167.645889 -123.162010 23.179659 65.000000 
167.640442 -123.139618 23.186811 65.000000 
167.627396 -123.137856 23.180166 58.000000 
167.537476 -123.294174 23.171946 69.000000 
167.617325 -123.128136 23.178873 54.000000 
167.535080 -123.263374 23.183828 100.000000 
167.606705 -123.119965 23.176540 59.000000 
167.525345 -123.251770 23.183409 68.000000 
167.514389 -123.243324 23.180956 73.000000 
167.502182 -123.238029 23.176460 62.000000 
167.494507 -123.221596 23.179247 64.000000 
167.397583 -123.372887 23.175726 61.000000 
167.486176 -123.208679 23.180168 50.000000 
167.390350 -123.354492 23.179211 63.000000 
167.382538 -123.337692 23.181740 61.000000 
167.369339 -123.333603 23.176281 64.000000 
167.360275 -123.319954 23.176878 77.000000 
167.264603 -123.468048 23.183928 71.000000 
167.250122 -123.467209 23.176714 63.000000 
167.237305 -123.459167 23.173044 56.000000 
167.229370 -123.443916 23.174610 62.000000 
167.123459 -123.605911 23.179773 60.000000 
167.218079 -123.432640 23.172953 55.000000 
167.114639 -123.589905 23.180883 56.000000 
167.100540 -123.585052 23.175486 69.000000 
167.090302 -123.572189 23.174797 72.000000 
167.085510 -123.548203 23.180721 76.000000 
166.952621 -123.755524 23.166332 52.000000 
167.074005 -123.536499 23.179007 73.000000 
166.946106 -123.732193 23.170670 83.000000 
166.938751 -123.712509 23.173441 89.000000 
166.928268 -123.699181 23.172646 72.000000 
166.916199 -123.689003 23.170076 75.000000 
166.904800 -123.679230 23.167711 67.000000 
166.786667 -123.847305 23.182760 50.000000 
166.769974 -123.844681 23.175751 62.000000 
166.758194 -123.834511 23.173281 65.000000 
166.753494 -123.809601 23.178509 55.000000 
166.744171 -123.790138 23.179964 54.000000 
166.591400 -124.010429 23.173805 109.000000 
166.580292 -123.996117 23.172745 114.000000 
166.575500 -123.970703 23.177567 108.000000 
166.565430 -123.954796 23.177433 114.000000 
166.552734 -123.943588 23.174828 102.000000 
166.381058 -124.150734 23.175657 125.000000 
166.371109 -124.136856 23.174877 123.000000 
166.356964 -124.126663 23.171381 122.000000 
166.348526 -124.107010 23.172728 122.000000 
166.152374 -124.344032 23.168724 122.000000 
166.142502 -124.325348 23.168978 126.000000 
166.134674 -124.303513 23.170803 123.000000 
166.123260 -124.285835 23.170218 122.000000 
169.178421 -122.013893 23.184727 63.000000 
169.167526 -122.013885 23.177555 74.000000 
169.159042 -122.001450 23.180237 71.000000 
169.151566 -121.984375 23.186657 68.000000 
169.142288 -121.976563 23.185719 65.000000 
169.086029 -122.097183 23.177008 71.000000 
169.132721 -121.970261 23.183573 63.000000 
169.079239 -122.076645 23.185530 72.000000 
169.121872 -121.970078 23.176495 77.000000 
169.070816 -122.063911 23.188091 64.000000 
169.061752 -122.054283 23.188276 61.000000 
169.049835 -122.057053 23.178825 51.000000 
168.995071 -122.160507 23.187073 55.000000 
168.984787 -122.157150 23.182577 75.000000 
169.034958 -122.027100 23.187983 54.000000 
168.975967 -122.145668 23.183813 78.000000 
168.968018 -122.131035 23.187445 66.000000 
168.960129 -122.116409 23.191120 64.000000 
168.949020 -122.114250 23.185369 68.000000 
168.886673 -122.232513 23.185209 74.000000 
168.938736 -122.108932 23.182003 70.000000 
168.876938 -122.223869 23.184032 85.000000 
168.929321 -122.100471 23.181034 60.000000 
168.868134 -122.212051 23.185192 73.000000 
168.856659 -122.209633 23.179462 77.000000 
168.847015 -122.200912 23.178371 78.000000 
168.783890 -122.310966 23.188053 62.000000 
168.838348 -122.189034 23.179625 73.000000 
168.770599 -122.313080 23.178968 70.000000 
168.833038 -122.166237 23.189032 51.000000 
168.759247 -122.308815 23.174383 72.000000 
168.753906 -122.285606 23.183325 65.000000 
168.746735 -122.272446 23.185902 72.000000 
168.671524 -122.412415 23.178860 84.000000 
168.733948 -122.272827 23.178015 55.000000 
168.663574 -122.396759 23.181919 79.000000 
168.655701 -122.377327 23.186867 65.000000 
168.644653 -122.371162 23.183443 63.000000 
168.633636 -122.364960 23.180042 63.000000 
168.559830 -122.488266 23.188496 57.000000 
168.622070 -122.360298 23.175564 72.000000 
168.551376 -122.473877 23.190329 57.000000 
168.539474 -122.469002 23.185816 57.000000 
168.528763 -122.460922 23.183455 61.000000 
168.521072 -122.444901 23.186462 59.000000 
168.433090 -122.596252 23.180918 97.000000 
168.511658 -122.433609 23.186304 58.000000 
168.421417 -122.589439 23.177420 92.000000 
168.417923 -122.563835 23.186527 68.000000 
168.408890 -122.550636 23.187243 59.000000 
168.399231 -122.540939 23.186089 64.000000 
168.308212 -122.677696 23.191256 57.000000 
168.387711 -122.534035 23.182716 64.000000 
168.293640 -122.676918 23.183775 67.000000 
168.374268 -122.531830 23.176249 54.000000 
168.282410 -122.668114 23.181320 67.000000 
168.272675 -122.654152 23.181740 56.000000 
168.262909 -122.642120 23.181364 59.000000 
168.164719 -122.798813 23.183676 65.000000 
168.259338 -122.617790 23.189257 67.000000 
168.148895 -122.799210 23.175337 71.000000 
168.140121 -122.785583 23.175920 57.000000 
168.136139 -122.756493 23.184780 55.000000 
168.124619 -122.749207 23.181559 57.000000 
168.017334 -122.914276 23.184416 58.000000 
168.114594 -122.738731 23.180311 53.000000 
168.006012 -122.907074 23.181269 75.000000 
167.994980 -122.895844 23.179674 76.000000 
167.983978 -122.884590 23.178116 69.000000 
167.974579 -122.870132 23.178471 59.000000 
167.964005 -122.854851 23.178530 60.000000 
167.841660 -123.039352 23.176376 82.000000 
167.827911 -123.032417 23.171993 70.000000 
167.821472 -123.011147 23.175789 68.000000 
167.813522 -122.993065 23.177822 66.000000 
167.805649 -122.974991 23.179901 70.000000 
167.675110 -123.166763 23.181259 65.000000 
167.667755 -123.146652 23.183870 57.000000 
167.660492 -123.126549 23.186531 55.000000 
167.644714 -123.122261 23.180515 51.000000 
167.492828 -123.308060 23.184313 75.000000 
167.479111 -123.298538 23.180832 104.000000 
167.467697 -123.288353 23.178564 72.000000 
167.457626 -123.272446 23.178495 69.000000 
167.448105 -123.252419 23.179811 58.000000 
167.278687 -123.490173 23.173477 115.000000 
167.275620 -123.461075 23.179558 121.000000 
167.268967 -123.438324 23.182505 121.000000 
167.255814 -123.426582 23.179892 121.000000 
167.241760 -123.416374 23.176512 124.000000 
167.052414 -123.642265 23.177578 122.000000 
167.034790 -123.636169 23.171816 123.000000 
167.022079 -123.622185 23.169905 121.000000 
167.018784 -123.596764 23.174500 124.000000 
170.076477 -121.314545 23.194862 51.000000 
170.067719 -121.303726 23.196291 79.000000 
170.057022 -121.300407 23.191431 83.000000 
170.047134 -121.295731 23.187990 80.000000 
170.036636 -121.294106 23.182100 74.000000 
169.983551 -121.400726 23.184107 65.000000 
170.028656 -121.280121 23.186117 74.000000 
169.975403 -121.386459 23.187817 78.000000 
170.021561 -121.259758 23.194967 80.000000 
169.965790 -121.376625 23.187782 60.000000 
169.957092 -121.365463 23.189163 52.000000 
169.950882 -121.348572 23.195755 56.000000 
169.941589 -121.340500 23.194790 60.000000 
169.884384 -121.454475 23.193960 56.000000 
169.931076 -121.335251 23.191257 61.000000 
169.874329 -121.445908 23.192671 66.000000 
169.919220 -121.337929 23.181839 51.000000 
169.864822 -121.437584 23.191584 68.000000 
169.855850 -121.429489 23.190695 64.000000 
169.846405 -121.421120 23.189663 66.000000 
169.788696 -121.523537 23.200642 51.000000 
169.836487 -121.412460 23.188492 66.000000 
169.775452 -121.525703 23.191248 65.000000 
169.827545 -121.402489 23.188707 60.000000 
169.763580 -121.524940 23.184336 69.000000 
169.754456 -121.516548 23.183378 72.000000 
169.747131 -121.500023 23.188061 74.000000 
169.737122 -121.492882 23.185839 72.000000 
169.671677 -121.610512 23.189240 83.000000 
169.728088 -121.482597 23.185965 74.000000 
169.663345 -121.596825 23.191401 67.000000 
169.653641 -121.589729 23.189268 72.000000 
169.642410 -121.585464 23.184732 61.000000 
169.575302 -121.701584 23.193823 85.000000 
169.633224 -121.574875 23.184734 72.000000 
169.564255 -121.695526 23.190334 90.000000 
169.624588 -121.562706 23.185904 75.000000 
169.553223 -121.689430 23.186869 65.000000 
169.542206 -121.683296 23.183426 67.000000 
169.534500 -121.667656 23.186602 69.000000 
169.459351 -121.795670 23.191378 60.000000 
169.525223 -121.654854 23.187450 82.000000 
169.446899 -121.790550 23.186644 63.000000 
169.514862 -121.647072 23.185198 72.000000 
169.438507 -121.776161 23.188498 61.000000 
169.432510 -121.757339 23.193768 63.000000 
169.422485 -121.747704 23.192503 61.000000 
169.411911 -121.739624 23.190197 70.000000 
169.330780 -121.873100 23.195330 68.000000 
169.399551 -121.736237 23.184700 68.000000 
169.320511 -121.863159 23.193937 68.000000 
169.307739 -121.859543 23.188429 66.000000 
169.298798 -121.846367 23.189171 66.000000 
169.208710 -121.983452 23.194046 52.000000 
169.289200 -121.836678 23.188036 78.000000 
169.195526 -121.979530 23.188553 69.000000 
169.281006 -121.821899 23.189890 71.000000 
169.187805 -121.960861 23.191944 67.000000 
169.182800 -121.937790 23.198576 58.000000 
169.169632 -121.935730 23.192335 59.000000 
169.159988 -121.923752 23.191996 67.000000 
169.062057 -122.078041 23.194077 60.000000 
169.052811 -122.064125 23.194506 62.000000 
169.039291 -122.059746 23.189131 57.000000 
169.027206 -122.052132 23.185726 55.000000 
169.019562 -122.034988 23.188210 59.000000 
168.911453 -122.203247 23.188421 75.000000 
168.901260 -122.190491 23.187763 66.000000 
168.894165 -122.171349 23.190907 73.000000 
168.884857 -122.156982 23.191271 61.000000 
168.877182 -122.139435 23.193563 72.000000 
168.753952 -122.327003 23.188519 77.000000 
168.743683 -122.311783 23.188490 78.000000 
168.732498 -122.300140 23.186861 75.000000 
168.721375 -122.288475 23.185266 72.000000 
168.710266 -122.276787 23.183706 72.000000 
168.592133 -122.444252 23.197264 50.000000 
168.577927 -122.438988 23.192225 55.000000 
168.568176 -122.423714 23.192272 55.000000 
168.560196 -122.405266 23.194111 53.000000 
168.550598 -122.389977 23.194244 66.000000 
168.399200 -122.610619 23.186882 103.000000 
168.391754 -122.590065 23.189240 106.000000 
168.384415 -122.569519 23.191648 114.000000 
168.375366 -122.552139 23.192429 115.000000 
168.359177 -122.547340 23.186531 117.000000 
168.207001 -122.756645 23.193626 118.000000 
168.195023 -122.741402 23.192362 121.000000 
168.178192 -122.736092 23.186499 119.000000 
168.166748 -122.723358 23.184849 119.000000 
168.158432 -122.703819 23.186283 122.000000 
167.966492 -122.931923 23.184280 121.000000 
167.955795 -122.914932 23.183865 124.000000 
167.950073 -122.890099 23.187325 122.000000 
167.933655 -122.882477 23.182396 124.000000 
170.976379 -120.632149 23.199951 70.000000 
170.965897 -120.630661 23.194012 81.000000 
170.957474 -120.618286 23.196692 71.000000 
170.948807 -120.607460 23.198179 68.000000 
170.939896 -120.598152 23.198467 63.000000 
170.885590 -120.712387 23.194090 69.000000 
170.929764 -120.595001 23.193844 58.000000 
170.879501 -120.688774 23.205013 67.000000 
170.919952 -120.590271 23.190474 71.000000 
170.869781 -120.682358 23.202761 61.000000 
170.859726 -120.677467 23.199326 54.000000 
170.850403 -120.669434 23.198326 58.000000 
170.793671 -120.783638 23.197662 56.000000 
170.841110 -120.661377 23.197355 56.000000 
170.784088 -120.775375 23.196512 67.000000 
170.833313 -120.647110 23.201260 60.000000 
170.775330 -120.763954 23.197742 68.000000 
170.766617 -120.752518 23.199011 64.000000 
170.759293 -120.738205 23.202848 66.000000 
170.699188 -120.851753 23.205664 56.000000 
170.748260 -120.736115 23.197092 66.000000 
170.689087 -120.844795 23.203318 63.000000 
170.738892 -120.727753 23.196089 68.000000 
170.678574 -120.839386 23.199846 72.000000 
170.669403 -120.829216 23.199850 77.000000 
170.658035 -120.826889 23.194118 75.000000 
170.648468 -120.818237 23.193024 74.000000 
170.585007 -120.931313 23.199841 67.000000 
170.638931 -120.809563 23.191957 83.000000 
170.575684 -120.920837 23.199724 70.000000 
170.564941 -120.915100 23.196268 77.000000 
170.556686 -120.901428 23.198463 75.000000 
170.549011 -120.886185 23.201826 64.000000 
170.476089 -121.021210 23.197332 92.000000 
170.538376 -120.880371 23.198458 64.000000 
170.467697 -121.007233 23.199303 84.000000 
170.459915 -120.991653 23.202410 69.000000 
170.450058 -120.982414 23.201176 74.000000 
170.438049 -120.979477 23.195581 82.000000 
170.369476 -121.089867 23.211788 57.000000 
170.425491 -120.978058 23.188900 85.000000 
170.356552 -121.088333 23.205130 57.000000 
170.346497 -121.078781 23.203806 62.000000 
170.331802 -121.081909 23.193981 65.000000 
170.324722 -121.064369 23.198046 66.000000 
170.242371 -121.202904 23.200106 87.000000 
170.317749 -121.046837 23.202158 75.000000 
170.231445 -121.194603 23.197643 66.000000 
170.222427 -121.181488 23.198311 66.000000 
170.215347 -121.163589 23.202126 73.000000 
170.203918 -121.156815 23.198725 73.000000 
170.118149 -121.284271 23.209318 59.000000 
170.194351 -121.147171 23.197594 85.000000 
170.109039 -121.270828 23.209850 65.000000 
170.094635 -121.270134 23.202396 67.000000 
170.084244 -121.259827 23.200985 57.000000 
170.078003 -121.239975 23.205643 58.000000 
169.974579 -121.408920 23.198814 64.000000 
170.069107 -121.226471 23.206322 57.000000 
169.965881 -121.395424 23.199371 57.000000 
169.957581 -121.376007 23.202362 60.000000 
169.949036 -121.362495 23.203001 59.000000 
169.937027 -121.354958 23.199608 59.000000 
169.832001 -121.518730 23.202517 63.000000 
169.823318 -121.502861 23.203703 77.000000 
169.815475 -121.485390 23.205873 75.000000 
169.803116 -121.477463 23.202450 73.000000 
169.790176 -121.469101 23.198885 75.000000 
169.674042 -121.644325 23.201191 70.000000 
169.782516 -121.451591 23.201176 55.000000 
169.665207 -121.628006 23.202206 67.000000 
169.648270 -121.629616 23.193481 75.000000 
169.643570 -121.605301 23.199097 71.000000 
169.636551 -121.585770 23.202047 72.000000 
169.513580 -121.764687 23.209078 56.000000 
169.623917 -121.577324 23.198681 71.000000 
169.499588 -121.757492 23.204712 50.000000 
169.488983 -121.743889 23.203852 59.000000 
169.478439 -121.730263 23.203033 61.000000 
169.469666 -121.713448 23.203999 77.000000 
169.460953 -121.696632 23.205009 50.000000 
169.317978 -121.903000 23.204750 108.000000 
169.308853 -121.885712 23.205448 102.000000 
169.294464 -121.877907 23.201170 111.000000 
169.288147 -121.855843 23.204466 118.000000 
169.117599 -122.065208 23.202780 112.000000 
169.106354 -122.050522 23.201687 119.000000 
169.101700 -122.024773 23.206242 121.000000 
169.087799 -122.014793 23.202831 122.000000 
168.914230 -122.217255 23.213522 122.000000 
168.893982 -122.216202 23.205454 118.000000 
168.876617 -122.210342 23.199701 122.000000 
168.865097 -122.195000 23.198568 124.000000 
168.859558 -122.170250 23.202084 123.000000 
171.858749 -119.958931 23.202242 51.000000 
171.848114 -119.960747 23.194040 63.000000 
171.838760 -119.952972 23.193035 74.000000 
171.830368 -119.940544 23.195747 80.000000 
171.821732 -119.929649 23.197268 71.000000 
171.764572 -120.054909 23.185038 65.000000 
171.812515 -119.921829 23.196354 74.000000 
171.757782 -120.034355 23.193529 78.000000 
171.802673 -119.917053 23.192997 77.000000 
171.751480 -120.012268 23.203285 60.000000 
171.793518 -119.909180 23.192135 77.000000 
171.741379 -120.007332 23.199860 60.000000 
171.731293 -120.002357 23.196453 61.000000 
171.721970 -119.994255 23.195484 61.000000 
171.664444 -120.108322 23.195223 70.000000 
171.712662 -119.986122 23.194542 52.000000 
171.656448 -120.093712 23.198801 73.000000 
171.705673 -119.968704 23.200899 58.000000 
171.646118 -120.088493 23.195364 69.000000 
171.637421 -120.076988 23.196661 63.000000 
171.629623 -120.062355 23.200357 62.000000 
171.564362 -120.191544 23.192133 67.000000 
171.620224 -120.053947 23.199366 60.000000 
171.555069 -120.181320 23.192095 72.000000 
171.609161 -120.051735 23.193663 56.000000 
171.548981 -120.160065 23.200136 72.000000 
171.538452 -120.154541 23.196722 68.000000 
171.527481 -120.150543 23.192177 74.000000 
171.462555 -120.266815 23.197365 67.000000 
171.516983 -120.144943 23.188803 77.000000 
171.453201 -120.256287 23.197247 70.000000 
171.508377 -120.133064 23.190081 70.000000 
171.442398 -120.250481 23.193796 67.000000 
171.432602 -120.241486 23.192617 65.000000 
171.423386 -120.232758 23.191633 55.000000 
171.353424 -120.356819 23.195747 79.000000 
171.417770 -120.211151 23.199524 65.000000 
171.343399 -120.347542 23.194441 79.000000 
171.405533 -120.208084 23.193766 77.000000 
171.334473 -120.333176 23.196268 67.000000 
171.325638 -120.320702 23.197216 67.000000 
171.316299 -120.311676 23.196180 67.000000 
171.306458 -120.302322 23.195004 65.000000 
171.233704 -120.422066 23.205322 63.000000 
171.293823 -120.300804 23.188360 53.000000 
171.220673 -120.420410 23.198690 65.000000 
171.211761 -120.407585 23.199520 63.000000 
171.199341 -120.404251 23.193993 61.000000 
171.117584 -120.539635 23.198997 87.000000 
171.191727 -120.388229 23.197020 65.000000 
171.108459 -120.526474 23.199627 70.000000 
171.183594 -120.373787 23.199024 66.000000 
171.099411 -120.513306 23.200293 64.000000 
171.089142 -120.503304 23.198933 62.000000 
171.080200 -120.490105 23.199673 64.000000 
170.986664 -120.633156 23.200863 52.000000 
171.070038 -120.480064 23.198380 68.000000 
170.980148 -120.613235 23.205374 69.000000 
171.058594 -120.473152 23.195040 50.000000 
170.967651 -120.607666 23.200933 67.000000 
170.959259 -120.592514 23.202530 64.000000 
170.945435 -120.590050 23.196135 67.000000 
170.938538 -120.571701 23.199812 59.000000 
170.838867 -120.729118 23.200588 65.000000 
170.828049 -120.720329 23.198277 62.000000 
170.818207 -120.705978 23.198561 57.000000 
170.809662 -120.692383 23.199224 59.000000 
170.800552 -120.678383 23.199759 60.000000 
170.688400 -120.854530 23.195864 69.000000 
170.683533 -120.830574 23.201750 68.000000 
170.674164 -120.816193 23.202072 65.000000 
170.661758 -120.808151 23.198683 68.000000 
170.649536 -120.798073 23.196093 55.000000 
170.531418 -120.974464 23.198366 89.000000 
170.517731 -120.967590 23.193996 71.000000 
170.507324 -120.954323 23.193268 75.000000 
170.498596 -120.937859 23.194386 72.000000 
170.493271 -120.915062 23.199171 68.000000 
170.362961 -121.106697 23.200380 59.000000 
170.356506 -121.085037 23.203848 59.000000 
170.351898 -121.060219 23.209105 61.000000 
170.337067 -121.054420 23.203979 67.000000 
170.182953 -121.244858 23.204948 107.000000 
170.169312 -121.235397 23.201477 75.000000 
170.158173 -121.223206 23.199877 104.000000 
170.145493 -121.212090 23.197304 106.000000 
169.981201 -121.408554 23.203672 121.000000 
169.967087 -121.398506 23.200188 117.000000 
169.957932 -121.378456 23.201349 117.000000 
169.950500 -121.357338 23.203531 121.000000 
169.939148 -121.344574 23.201933 111.000000 
169.750534 -121.568268 23.203188 123.000000 
169.735962 -121.557556 23.199732 124.000000 
169.723389 -121.543663 23.197832 123.000000 
169.707901 -121.534431 23.193682 125.000000 
172.741776 -119.282303 23.204435 66.000000 
172.731812 -119.277634 23.200981 78.000000 
172.721558 -119.274475 23.196320 80.000000 
172.712234 -119.266647 23.195364 74.000000 
172.703613 -119.255707 23.196898 71.000000 
172.648666 -119.368401 23.194551 74.000000 
172.696350 -119.238609 23.203403 77.000000 
172.640198 -119.355644 23.197075 70.000000 
172.685852 -119.236877 23.197599 71.000000 
172.630737 -119.347557 23.196032 56.000000 
172.623505 -119.330109 23.202240 52.000000 
172.614136 -119.321991 23.201265 54.000000 
172.557297 -119.432983 23.203697 52.000000 
172.602936 -119.321594 23.194281 50.000000 
172.547699 -119.424644 23.202576 67.000000 
172.594757 -119.308777 23.196980 56.000000 
172.538940 -119.413139 23.203833 68.000000 
172.528610 -119.407883 23.200417 68.000000 
172.518890 -119.404686 23.196184 62.000000 
172.460358 -119.508842 23.206961 60.000000 
172.511108 -119.390007 23.199888 73.000000 
172.449310 -119.504944 23.202345 65.000000 
172.501511 -119.377907 23.200939 73.000000 
172.436295 -119.503593 23.195110 65.000000 
172.425674 -119.498024 23.191677 68.000000 
172.420639 -119.473602 23.202078 72.000000 
172.411057 -119.464867 23.201015 68.000000 
172.342865 -119.590431 23.199587 58.000000 
172.401520 -119.456116 23.199984 68.000000 
172.334991 -119.575111 23.202843 67.000000 
172.326202 -119.562950 23.203903 61.000000 
172.315979 -119.557373 23.200678 63.000000 
172.304184 -119.554611 23.195057 65.000000 
172.235901 -119.672165 23.203796 90.000000 
172.297089 -119.539543 23.198626 65.000000 
172.224823 -119.667923 23.199423 72.000000 
172.212112 -119.666504 23.192715 62.000000 
172.207123 -119.641006 23.202240 67.000000 
172.198929 -119.626907 23.204342 72.000000 
172.119125 -119.765793 23.202282 56.000000 
172.188522 -119.620979 23.201166 75.000000 
172.110687 -119.753273 23.203230 60.000000 
172.104721 -119.732491 23.209347 59.000000 
172.094666 -119.722816 23.208080 59.000000 
172.003632 -119.882164 23.197906 59.000000 
172.082230 -119.719444 23.202583 63.000000 
171.998199 -119.859375 23.204670 87.000000 
172.069839 -119.714119 23.198004 66.000000 
171.990433 -119.841057 23.208235 68.000000 
171.978867 -119.834229 23.204807 66.000000 
171.969757 -119.824867 23.203810 62.000000 
171.960831 -119.811630 23.204569 66.000000 
171.864838 -119.957306 23.203936 69.000000 
171.951401 -119.798035 23.205198 66.000000 
171.854294 -119.946915 23.202475 66.000000 
171.849869 -119.924126 23.209209 64.000000 
171.839447 -119.913712 23.207825 66.000000 
171.827194 -119.904129 23.205133 67.000000 
171.730942 -120.053635 23.211319 71.000000 
171.812622 -119.903137 23.197786 55.000000 
171.714417 -120.055626 23.202080 67.000000 
171.703445 -120.048744 23.198990 63.000000 
171.692734 -120.037895 23.197521 63.000000 
171.682953 -120.023460 23.197857 63.000000 
171.578827 -120.182205 23.205151 68.000000 
171.564743 -120.177368 23.199821 69.000000 
171.557602 -120.158150 23.202917 69.000000 
171.552902 -120.134186 23.208868 73.000000 
171.542053 -120.122925 23.207382 72.000000 
171.417450 -120.312103 23.202932 75.000000 
171.411804 -120.289268 23.207544 68.000000 
171.398132 -120.282349 23.203211 68.000000 
171.383652 -120.276962 23.198002 66.000000 
171.373489 -120.261604 23.198065 75.000000 
171.254669 -120.431084 23.212402 57.000000 
171.243118 -120.418953 23.210663 62.000000 
171.230743 -120.408379 23.208096 57.000000 
171.221863 -120.391434 23.209028 54.000000 
171.216980 -120.370659 23.212946 52.000000 
171.054230 -120.574951 23.206865 106.000000 
171.046158 -120.553856 23.209053 75.000000 
171.036163 -120.537979 23.208973 75.000000 
171.023270 -120.528870 23.205769 108.000000 
170.855545 -120.729607 23.210226 121.000000 
170.845413 -120.711105 23.210571 121.000000 
170.830399 -120.702538 23.206364 122.000000 
170.818939 -120.689720 23.204742 124.000000 
170.626816 -120.920319 23.204279 122.000000 
170.617020 -120.901680 23.204588 122.000000 
170.610275 -120.878334 23.207224 123.000000 
170.600662 -120.859695 23.207630 124.000000 
173.640839 -118.613426 23.203096 63.000000 
173.632431 -118.600983 23.205729 68.000000 
173.624710 -118.585442 23.210855 80.000000 
173.615494 -118.577629 23.209881 83.000000 
173.604370 -118.579048 23.201540 77.000000 
173.550354 -118.686829 23.202450 69.000000 
173.594543 -118.574249 23.198137 74.000000 
173.543015 -118.669395 23.208546 64.000000 
173.586227 -118.559967 23.202005 71.000000 
173.532776 -118.662621 23.206104 60.000000 
173.522705 -118.657631 23.202656 61.000000 
173.514618 -118.646645 23.204226 58.000000 
173.507584 -118.629204 23.210491 54.000000 
173.446091 -118.756935 23.199312 75.000000 
173.497360 -118.627487 23.204874 56.000000 
173.440277 -118.736267 23.207748 68.000000 
173.431625 -118.724754 23.209003 70.000000 
173.423035 -118.713226 23.210297 66.000000 
173.411987 -118.711037 23.204538 68.000000 
173.350952 -118.822563 23.208874 77.000000 
173.401352 -118.707253 23.199974 70.000000 
173.340424 -118.817047 23.205391 77.000000 
173.329895 -118.811493 23.201929 70.000000 
173.318924 -118.807480 23.197336 68.000000 
173.309830 -118.797157 23.197376 74.000000 
173.243835 -118.914680 23.201363 76.000000 
173.304092 -118.775879 23.205540 78.000000 
173.232040 -118.912010 23.195623 67.000000 
173.225235 -118.893509 23.201115 67.000000 
173.218552 -118.875015 23.206657 67.000000 
173.143661 -119.013138 23.200783 82.000000 
173.208908 -118.865974 23.205502 65.000000 
173.135773 -118.997475 23.203779 90.000000 
173.197205 -118.863182 23.199863 88.000000 
173.127991 -118.981812 23.206821 69.000000 
173.119186 -118.969315 23.207724 69.000000 
173.107681 -118.964706 23.203192 72.000000 
173.097290 -118.956909 23.200871 65.000000 
173.022446 -119.081284 23.208084 64.000000 
173.087494 -118.947502 23.199673 69.000000 
173.011765 -119.073227 23.205647 68.000000 
172.999908 -119.068314 23.201109 65.000000 
172.991623 -119.055771 23.202087 63.000000 
172.902725 -119.208565 23.195803 72.000000 
172.984634 -119.038139 23.206129 66.000000 
172.897339 -119.185768 23.202532 100.000000 
172.973480 -119.031570 23.202742 66.000000 
172.890182 -119.167786 23.206230 66.000000 
172.882477 -119.151390 23.208944 68.000000 
172.869720 -119.147697 23.203434 66.000000 
172.779755 -119.280998 23.210733 52.000000 
172.859543 -119.137627 23.202082 66.000000 
172.770599 -119.267448 23.211201 66.000000 
172.846786 -119.133842 23.196613 62.000000 
172.755402 -119.268234 23.202709 57.000000 
172.745636 -119.256218 23.202238 59.000000 
172.736618 -119.242607 23.202805 61.000000 
172.731827 -119.219475 23.209438 64.000000 
172.626129 -119.389435 23.202402 65.000000 
172.614578 -119.382202 23.199064 57.000000 
172.611282 -119.353485 23.208004 56.000000 
172.601303 -119.343048 23.206678 56.000000 
172.588669 -119.334984 23.203098 56.000000 
172.481369 -119.499748 23.205875 75.000000 
172.474243 -119.480560 23.208904 68.000000 
172.461060 -119.474113 23.204493 72.000000 
172.451767 -119.459679 23.204794 69.000000 
172.442520 -119.445236 23.205137 58.000000 
172.322449 -119.624535 23.205503 75.000000 
172.307999 -119.619225 23.200180 71.000000 
172.301682 -119.597992 23.203905 67.000000 
172.294662 -119.578354 23.206779 72.000000 
172.165436 -119.766472 23.209770 50.000000 
172.283600 -119.566628 23.205175 72.000000 
172.158127 -119.746391 23.212269 59.000000 
172.150055 -119.727913 23.213955 51.000000 
172.138641 -119.715767 23.212212 51.000000 
172.127274 -119.703606 23.210506 55.000000 
171.973389 -119.894157 23.211536 108.000000 
171.962463 -119.879921 23.210503 115.000000 
171.951584 -119.865662 23.209507 105.000000 
171.939865 -119.852959 23.207716 117.000000 
171.765015 -120.066414 23.205008 121.000000 
171.760254 -120.040527 23.209417 122.000000 
171.752792 -120.019402 23.211493 124.000000 
171.741653 -120.004570 23.210424 125.000000 
171.731537 -119.988144 23.210197 120.000000 
171.547348 -120.237831 23.207138 125.000000 
171.539551 -120.216095 23.208893 121.000000 
171.525024 -120.205360 23.205374 123.000000 
171.512482 -120.191444 23.203411 123.000000 
171.499985 -120.177498 23.201490 123.000000 
174.563187 -117.904259 23.214670 60.000000 
174.553070 -117.901237 23.209961 73.000000 
174.542953 -117.898186 23.205267 80.000000 
174.533737 -117.890450 23.204290 74.000000 
174.523331 -117.888863 23.198395 77.000000 
174.514786 -117.877998 23.199942 71.000000 
174.462830 -117.979431 23.204676 78.000000 
174.506927 -117.864052 23.204006 74.000000 
174.452438 -117.976120 23.199991 61.000000 
174.497864 -117.856239 23.203144 77.000000 
174.443787 -117.964989 23.201368 54.000000 
174.435898 -117.950745 23.205202 56.000000 
174.426651 -117.942696 23.204229 56.000000 
174.371185 -118.050224 23.207607 54.000000 
174.416702 -117.937714 23.200853 60.000000 
174.361328 -118.043526 23.205309 62.000000 
174.406769 -117.932701 23.197498 56.000000 
174.351883 -118.035233 23.204218 62.000000 
174.341675 -118.030037 23.200787 58.000000 
174.331467 -118.024811 23.197376 58.000000 
174.275604 -118.120789 23.212488 50.000000 
174.322510 -118.014885 23.197552 66.000000 
174.263855 -118.120110 23.205555 63.000000 
174.315277 -117.998726 23.202518 73.000000 
174.252518 -118.117813 23.199787 68.000000 
174.243484 -118.109467 23.198832 69.000000 
174.236679 -118.091423 23.204683 66.000000 
174.166687 -118.226425 23.195087 60.000000 
174.228134 -118.079643 23.205944 69.000000 
174.161209 -118.203278 23.203951 83.000000 
174.216415 -118.078781 23.199104 74.000000 
174.155869 -118.180168 23.212879 67.000000 
174.144272 -118.177574 23.207199 67.000000 
174.133652 -118.171791 23.203794 65.000000 
174.065353 -118.292366 23.208687 75.000000 
174.123047 -118.165970 23.200411 59.000000 
174.053360 -118.289528 23.203005 74.000000 
174.115524 -118.150711 23.203856 67.000000 
174.041885 -118.285057 23.198435 69.000000 
174.032578 -118.274223 23.198284 72.000000 
174.022217 -118.266525 23.195963 79.000000 
174.016266 -118.248077 23.201559 79.000000 
173.940613 -118.377190 23.204210 51.000000 
174.007675 -118.235626 23.202618 56.000000 
173.929428 -118.370819 23.200735 57.000000 
173.922943 -118.349815 23.206743 61.000000 
173.912430 -118.341805 23.204405 58.000000 
173.826447 -118.489716 23.199583 72.000000 
173.901337 -118.335350 23.201021 72.000000 
173.820480 -118.468651 23.205395 69.000000 
173.890869 -118.327278 23.198734 63.000000 
173.810272 -118.458748 23.203997 62.000000 
173.798157 -118.455513 23.198645 66.000000 
173.788010 -118.445549 23.197300 64.000000 
173.697586 -118.582169 23.201292 56.000000 
173.779175 -118.432396 23.198074 66.000000 
173.688461 -118.568703 23.201809 66.000000 
173.772995 -118.412918 23.203064 52.000000 
173.680740 -118.552040 23.204380 59.000000 
173.675140 -118.530617 23.210022 55.000000 
173.662827 -118.525078 23.205616 61.000000 
173.652588 -118.514740 23.204268 59.000000 
173.555725 -118.667221 23.206371 62.000000 
173.543701 -118.659744 23.202906 60.000000 
173.531708 -118.652229 23.199465 56.000000 
173.518265 -118.647842 23.194094 60.000000 
173.418259 -118.800339 23.203186 60.000000 
173.512146 -118.627571 23.198542 62.000000 
173.409607 -118.784477 23.204380 63.000000 
173.394974 -118.781357 23.198076 72.000000 
173.388733 -118.760689 23.202175 61.000000 
173.382599 -118.740036 23.206327 63.000000 
173.256287 -118.935791 23.195881 70.000000 
173.371140 -118.730476 23.203901 67.000000 
173.252243 -118.909889 23.202332 67.000000 
173.238876 -118.901108 23.198675 75.000000 
173.231018 -118.883186 23.200686 71.000000 
173.216751 -118.877930 23.195446 71.000000 
173.203293 -118.871040 23.191141 78.000000 
173.087921 -119.033600 23.206356 56.000000 
173.072128 -119.031570 23.199551 61.000000 
173.063293 -119.014763 23.200474 70.000000 
173.057114 -118.993217 23.204075 70.000000 
172.922409 -119.185509 23.210846 54.000000 
172.900101 -119.192101 23.198942 65.000000 
172.885696 -119.184311 23.194601 110.000000 
172.885529 -119.151169 23.203745 114.000000 
172.876602 -119.133873 23.204536 115.000000 
172.704178 -119.346191 23.200275 120.000000 
172.692062 -119.333092 23.198374 122.000000 
172.689301 -119.304207 23.204565 122.000000 
172.676636 -119.290588 23.202583 120.000000 
172.496262 -119.503860 23.206890 118.000000 
172.471222 -119.510651 23.194937 118.000000 
172.461624 -119.492188 23.195293 122.000000 
172.459930 -119.461189 23.201862 125.000000 
172.447601 -119.447426 23.200010 61.000000 
174.840103 -117.676476 23.200396 52.000000 
174.823776 -117.684387 23.187279 60.000000 
174.812607 -117.677956 23.183823 68.000000 
174.806183 -117.658852 23.189001 66.000000 
174.720642 -117.805115 23.184807 64.000000 
174.798065 -117.644485 23.190996 65.000000 
174.712219 -117.790421 23.186487 81.000000 
174.785812 -117.641136 23.185476 75.000000 
174.703232 -117.777306 23.187168 78.000000 
174.696777 -117.759766 23.191193 68.000000 
174.684769 -117.754562 23.186726 73.000000 
174.594955 -117.889473 23.191143 56.000000 
174.674042 -117.746155 23.184374 76.000000 
174.588516 -117.869644 23.195719 66.000000 
174.663986 -117.736137 23.183102 67.000000 
174.578171 -117.859375 23.194279 63.000000 
174.567871 -117.849075 23.192871 61.000000 
174.558960 -117.835587 23.193525 66.000000 
174.550125 -117.822083 23.194218 64.000000 
174.446030 -117.992348 23.185062 65.000000 
174.438370 -117.973312 23.188265 60.000000 
174.429855 -117.959808 23.188915 62.000000 
174.420074 -117.947495 23.188450 65.000000 
174.311188 -118.118988 23.185347 56.000000 
174.410217 -117.937126 23.187204 68.000000 
174.309296 -118.088768 23.195061 63.000000 
174.300156 -118.072525 23.196152 61.000000 
174.284836 -118.070946 23.188921 61.000000 
174.272568 -118.062973 23.185507 65.000000 
174.266525 -118.042320 23.189735 61.000000 
174.139542 -118.237541 23.178385 77.000000 
174.128387 -118.225952 23.176710 78.000000 
174.124527 -118.200073 23.183310 68.000000 
174.120010 -118.175819 23.189054 67.000000 
173.987503 -118.373993 23.184265 54.000000 
174.105804 -118.170525 23.183836 78.000000 
173.986923 -118.341309 23.193903 54.000000 
173.970703 -118.336800 23.187609 64.000000 
173.961075 -118.321594 23.187679 70.000000 
173.947876 -118.314713 23.183548 73.000000 
173.941788 -118.293167 23.187229 58.000000 
173.797653 -118.500824 23.184633 105.000000 
173.787888 -118.483063 23.185179 104.000000 
173.772659 -118.476814 23.180023 104.000000 
173.761917 -118.462631 23.179129 106.000000 
173.595520 -118.663788 23.180132 106.000000 
173.586166 -118.645927 23.180660 122.000000 
173.587143 -118.610764 23.190153 122.000000 
173.574707 -118.601784 23.187071 122.000000 
173.559036 -118.594902 23.182049 123.000000 
173.396225 -118.811829 23.192051 109.000000 
173.372177 -118.817024 23.180809 120.000000 
173.353882 -118.812691 23.174223 123.000000 
173.344620 -118.792099 23.175243 124.000000 
173.329285 -118.782967 23.171049 126.000000 
174.895508 -117.654060 23.201475 63.000000 
174.877655 -117.652771 23.193369 64.000000 
174.875641 -117.623329 23.201321 68.000000 
174.735077 -117.793915 23.210180 50.000000 
174.715561 -117.795799 23.200712 72.000000 
174.703934 -117.783325 23.198864 114.000000 
174.698532 -117.759766 23.202980 116.000000 
174.688583 -117.746155 23.202234 111.000000 
174.520203 -117.952019 23.199581 120.000000 
174.510269 -117.933762 23.199903 122.000000 
174.502045 -117.914413 23.201260 123.000000 
174.493896 -117.895073 23.202665 123.000000 
174.304413 -118.123993 23.197369 121.000000 
174.293915 -118.107216 23.196898 124.000000 
174.291229 -118.077866 23.202675 123.000000 
174.277023 -118.067345 23.199200 124.000000 
174.260880 -118.059906 23.194201 50.000000 
