ply
format ascii 1.0
comment Created by CloudCompare v2.14.alpha (Sep  7 2025)
comment Created 2025-11-10T15:25:16
obj_info Generated by CloudCompare!
element vertex 6871
property float x
property float y
property float z
property float intensity
end_header
-127.168045 3.574601 23.533026 58.000000 
-127.159271 3.579660 23.527960 71.000000 
-127.149971 3.584879 23.522713 80.000000 
-127.136368 3.583298 23.523495 86.000000 
-127.117599 3.573571 23.531504 86.000000 
-127.164566 3.696471 23.524796 61.000000 
-127.111618 3.582458 23.523020 86.000000 
-127.146942 3.689377 23.529924 65.000000 
-127.103706 3.588686 23.516878 83.000000 
-127.133133 3.687638 23.530560 65.000000 
-127.092033 3.589587 23.515436 83.000000 
-127.121208 3.688567 23.528952 63.000000 
-127.075317 3.582304 23.521267 58.000000 
-127.111633 3.691996 23.525282 63.000000 
-127.061859 3.580456 23.522247 77.000000 
-127.103371 3.698300 23.519150 65.000000 
-127.054329 3.588061 23.514818 61.000000 
-127.083656 3.688388 23.526590 63.000000 
-127.069962 3.686423 23.527393 61.000000 
-127.049408 3.691772 23.521227 53.000000 
-127.287460 2.441109 23.531931 45.000000 
-127.285660 2.455454 23.518785 54.000000 
-127.272430 2.453926 23.519625 68.000000 
-127.255821 2.448617 23.523762 80.000000 
-127.248009 2.455051 23.517551 80.000000 
-127.240158 2.461465 23.511347 83.000000 
-127.274422 2.564149 23.523020 45.000000 
-127.229858 2.465414 23.507277 77.000000 
-127.260460 2.564354 23.522018 59.000000 
-127.212402 2.458591 23.512722 80.000000 
-127.250877 2.567987 23.518259 63.000000 
-127.199303 2.456804 23.513752 83.000000 
-127.240768 2.571780 23.514320 58.000000 
-127.186691 2.456477 23.513460 94.000000 
-127.223640 2.564519 23.519659 58.000000 
-127.266518 2.685252 23.520842 47.000000 
-127.174538 2.457613 23.511841 82.000000 
-127.206947 2.560463 23.522200 61.000000 
-127.256485 2.690671 23.515524 58.000000 
-127.201080 2.569386 23.513988 60.000000 
-127.240479 2.686141 23.518143 64.000000 
-127.189117 2.570312 23.512424 61.000000 
-127.225052 2.681366 23.521004 66.000000 
-127.179504 2.573745 23.508793 61.000000 
-127.212799 2.682298 23.519283 66.000000 
-127.249504 2.799246 23.528429 53.000000 
-127.166130 2.573411 23.508232 50.000000 
-127.204178 2.688774 23.513151 68.000000 
-127.233337 2.794483 23.530844 72.000000 
-127.193710 2.692431 23.509253 66.000000 
-127.226181 2.803943 23.522543 63.000000 
-127.178917 2.687293 23.512445 66.000000 
-127.213814 2.803006 23.522188 64.000000 
-127.164017 2.683865 23.514177 73.000000 
-127.201271 2.803829 23.520388 64.000000 
-127.239616 2.928067 23.529236 54.000000 
-127.154808 2.690391 23.507931 58.000000 
-127.185562 2.800489 23.521667 66.000000 
-127.226509 2.930742 23.525816 63.000000 
-127.166954 2.791166 23.527529 62.000000 
-127.213631 2.931537 23.523874 61.000000 
-127.153954 2.792020 23.525644 59.000000 
-127.198494 2.929536 23.523869 61.000000 
-127.243103 3.070369 23.526630 50.000000 
-127.145790 2.799859 23.518530 48.000000 
-127.182228 2.924361 23.526207 65.000000 
-127.231560 3.074142 23.522503 69.000000 
-127.172806 2.930902 23.520144 59.000000 
-127.214096 3.067380 23.525532 85.000000 
-127.161652 2.934470 23.516209 59.000000 
-127.198380 3.063558 23.526571 82.000000 
-127.153275 2.940603 23.510563 59.000000 
-127.185516 3.062329 23.526007 75.000000 
-127.136276 2.933768 23.514099 52.000000 
-127.173180 3.064429 23.523020 67.000000 
-127.210625 3.201403 23.533817 66.000000 
-127.120987 2.929830 23.515556 47.000000 
-127.162460 3.069506 23.518002 72.000000 
-127.197090 3.202015 23.531681 72.000000 
-127.148476 3.068513 23.517120 65.000000 
-127.186790 3.208730 23.525604 66.000000 
-127.128860 3.056893 23.523500 63.000000 
-127.174049 3.210800 23.522526 65.000000 
-127.216103 3.363688 23.529575 52.000000 
-127.115753 3.057309 23.521667 47.000000 
-127.156540 3.203585 23.525455 66.000000 
-127.201355 3.362679 23.528263 65.000000 
-127.139885 3.197850 23.527439 68.000000 
-127.189758 3.367901 23.523136 68.000000 
-127.125633 3.196691 23.526463 63.000000 
-127.171143 3.358946 23.526703 66.000000 
-127.114082 3.203559 23.520109 47.000000 
-127.150612 3.348705 23.530884 73.000000 
-127.185829 3.505816 23.539577 47.000000 
-127.139793 3.355361 23.524887 76.000000 
-127.167770 3.498216 23.541901 60.000000 
-127.127426 3.358834 23.520844 67.000000 
-127.158768 3.509792 23.533083 67.000000 
-127.113548 3.359112 23.518768 71.000000 
-127.145027 3.508156 23.532158 64.000000 
-127.101654 3.360588 23.516148 49.000000 
-127.130020 3.506826 23.530853 69.000000 
-127.177071 3.687736 23.534632 54.000000 
-127.084831 3.354455 23.518032 45.000000 
-127.115768 3.507056 23.528646 67.000000 
-127.160927 3.686597 23.532871 65.000000 
-127.097916 3.499189 23.531174 66.000000 
-127.147575 3.688322 23.529768 60.000000 
-127.087296 3.507378 23.524324 52.000000 
-127.131454 3.687081 23.528078 65.000000 
-127.071648 3.504244 23.524101 55.000000 
-127.111763 3.673975 23.533184 65.000000 
-127.096436 3.674257 23.530678 57.000000 
-127.083855 3.679247 23.525681 52.000000 
-127.069870 3.680914 23.522528 45.000000 
-127.055206 3.680892 23.520315 45.000000 
-127.404579 1.323219 23.513657 49.000000 
-127.392799 1.324681 23.511890 64.000000 
-127.384041 1.330006 23.506727 80.000000 
-127.378227 1.339215 23.498140 74.000000 
-127.360474 1.332748 23.503315 86.000000 
-127.395439 1.435520 23.515785 53.000000 
-127.346733 1.331442 23.503948 83.000000 
-127.384377 1.438214 23.512829 59.000000 
-127.333992 1.331399 23.503466 90.000000 
-127.376236 1.444896 23.506542 63.000000 
-127.321274 1.331312 23.503016 86.000000 
-127.362228 1.443495 23.506983 60.000000 
-127.313408 1.337756 23.496815 86.000000 
-127.342468 1.433966 23.514191 65.000000 
-127.305984 1.343989 23.490814 83.000000 
-127.334816 1.440349 23.508169 65.000000 
-127.378403 1.559434 23.511644 58.000000 
-127.288490 1.337198 23.496239 86.000000 
-127.326607 1.446905 23.501959 63.000000 
-127.362259 1.555129 23.514103 70.000000 
-127.274864 1.335627 23.497065 68.000000 
-127.316475 1.450732 23.498014 61.000000 
-127.353722 1.561831 23.507860 64.000000 
-127.266922 1.341953 23.490932 77.000000 
-127.298798 1.443688 23.503138 61.000000 
-127.340446 1.561583 23.507105 76.000000 
-127.286293 1.444907 23.501322 61.000000 
-127.329468 1.565645 23.502888 76.000000 
-127.366287 1.681285 23.514235 67.000000 
-127.274307 1.445899 23.499727 56.000000 
-127.311584 1.558360 23.507698 76.000000 
-127.354576 1.683812 23.511185 72.000000 
-127.264671 1.449392 23.496075 56.000000 
-127.296143 1.553604 23.510553 76.000000 
-127.339729 1.680418 23.512634 77.000000 
-127.286629 1.558741 23.505520 81.000000 
-127.328934 1.684288 23.508572 91.000000 
-127.274742 1.561242 23.502520 76.000000 
-127.310364 1.676902 23.512903 74.000000 
-127.360054 1.818664 23.509989 69.000000 
-127.264275 1.564920 23.498631 74.000000 
-127.299576 1.680686 23.508900 74.000000 
-127.339928 1.808013 23.516214 67.000000 
-127.250740 1.562781 23.499399 72.000000 
-127.285759 1.678528 23.509418 74.000000 
-127.322235 1.800012 23.520630 61.000000 
-127.280273 1.690838 23.498987 67.000000 
-127.309349 1.800909 23.518639 65.000000 
-127.354446 1.940013 23.523352 46.000000 
-127.264153 1.685920 23.501520 76.000000 
-127.298218 1.804693 23.514585 65.000000 
-127.342056 1.942436 23.520164 62.000000 
-127.246346 1.678069 23.506269 72.000000 
-127.287071 1.808443 23.510553 67.000000 
-127.333115 1.950797 23.512962 79.000000 
-127.234680 1.680226 23.503471 56.000000 
-127.273323 1.807754 23.509689 72.000000 
-127.319824 1.951654 23.510828 75.000000 
-127.257874 1.804079 23.510962 72.000000 
-127.307388 1.953965 23.507711 82.000000 
-127.249275 1.812126 23.503845 75.000000 
-127.290726 1.948735 23.509705 82.000000 
-127.237236 1.814256 23.500959 60.000000 
-127.274117 1.943446 23.511744 79.000000 
-127.322426 2.098766 23.511587 57.000000 
-127.228546 1.822253 23.493864 52.000000 
-127.264229 1.950132 23.505659 79.000000 
-127.303802 2.090328 23.515265 72.000000 
-127.250992 1.950767 23.503681 82.000000 
-127.288544 2.087957 23.515053 72.000000 
-127.240219 1.955883 23.498655 89.000000 
-127.273315 2.085535 23.514881 70.000000 
-127.320404 2.246109 23.517954 57.000000 
-127.222908 1.948886 23.501869 67.000000 
-127.262978 2.092286 23.508802 68.000000 
-127.302361 2.238972 23.520372 62.000000 
-127.251785 2.097471 23.503729 79.000000 
-127.289177 2.241168 23.517115 84.000000 
-127.229431 2.081039 23.512606 73.000000 
-127.278351 2.248027 23.511009 68.000000 
-127.214317 2.078413 23.512585 73.000000 
-127.262779 2.245435 23.510677 79.000000 
-127.296585 2.398033 23.523438 47.000000 
-127.247238 2.242791 23.510382 76.000000 
-127.280540 2.393602 23.524004 60.000000 
-127.230812 2.236768 23.512259 82.000000 
-127.264656 2.390900 23.523474 64.000000 
-127.218407 2.240320 23.508184 79.000000 
-127.246529 2.383341 23.525768 67.000000 
-127.202957 2.237526 23.508001 68.000000 
-127.234482 2.388547 23.520674 66.000000 
-127.219528 2.389079 23.518188 66.000000 
-127.263618 2.563676 23.526108 54.000000 
-127.207436 2.394207 23.513140 72.000000 
-127.250298 2.567327 23.521839 60.000000 
-127.191658 2.391255 23.512791 72.000000 
-127.235519 2.567670 23.519390 56.000000 
-127.223602 2.574508 23.513372 57.000000 
-127.262970 2.746249 23.530661 54.000000 
-127.205208 2.564765 23.516598 59.000000 
-127.245590 2.739750 23.531710 63.000000 
-127.186226 2.555131 23.519670 57.000000 
-127.234566 2.750003 23.523947 63.000000 
-127.170151 2.553805 23.518064 50.000000 
-127.213097 2.737099 23.528109 59.000000 
-127.196533 2.733939 23.527340 59.000000 
-127.254044 2.963218 23.522728 59.000000 
-127.181366 2.734060 23.524874 59.000000 
-127.237549 2.961767 23.520807 82.000000 
-127.167549 2.737473 23.520693 59.000000 
-127.213089 2.939950 23.528915 67.000000 
-127.154411 2.740675 23.516747 49.000000 
-127.200066 2.944975 23.523975 72.000000 
-127.184982 2.946744 23.520512 71.000000 
-127.226669 3.149847 23.537518 63.000000 
-127.169250 2.946770 23.517916 68.000000 
-127.212952 3.156832 23.531490 69.000000 
-127.152252 2.943348 23.517036 67.000000 
-127.194763 3.151732 23.531080 70.000000 
-127.181633 3.160351 23.524303 73.000000 
-127.161629 3.149972 23.526381 61.000000 
-127.213257 3.393342 23.534170 68.000000 
-127.140488 3.136075 23.530128 66.000000 
-127.198158 3.398593 23.528902 106.000000 
-127.124916 3.137643 23.526674 54.000000 
-127.175842 3.382830 23.532856 105.000000 
-127.155243 3.374151 23.533585 115.000000 
-127.136078 3.366986 23.533823 69.000000 
-127.188766 3.634215 23.541101 102.000000 
-127.125290 3.382367 23.524290 75.000000 
-127.174339 3.641024 23.535315 120.000000 
-127.107880 3.380355 23.522282 50.000000 
-127.155106 3.635550 23.534449 124.000000 
-127.134789 3.626464 23.535099 123.000000 
-127.118416 3.629742 23.530653 124.000000 
-127.100113 3.629575 23.527494 122.000000 
-127.076721 3.609628 23.532728 107.000000 
-127.506874 0.187662 23.500967 58.000000 
-127.494057 0.187960 23.500248 74.000000 
-127.487381 0.195964 23.492746 86.000000 
-127.473541 0.194893 23.493212 74.000000 
-127.458199 0.190977 23.496199 80.000000 
-127.508125 0.312071 23.493496 49.000000 
-127.446434 0.192402 23.494457 80.000000 
-127.489006 0.304265 23.499300 58.000000 
-127.437164 0.196191 23.490652 80.000000 
-127.471466 0.297513 23.504259 59.000000 
-127.433327 0.207974 23.479778 71.000000 
-127.461418 0.301577 23.500164 61.000000 
-127.412659 0.199247 23.486897 77.000000 
-127.446411 0.300662 23.500143 58.000000 
-127.396980 0.195282 23.489870 74.000000 
-127.438301 0.307332 23.493858 63.000000 
-127.479012 0.420785 23.502228 48.000000 
-127.385742 0.196312 23.488464 77.000000 
-127.426765 0.308414 23.492266 61.000000 
-127.469124 0.424666 23.498278 66.000000 
-127.377892 0.202750 23.482260 74.000000 
-127.407005 0.298899 23.499481 63.000000 
-127.460617 0.431470 23.491961 70.000000 
-127.368073 0.206535 23.478382 74.000000 
-127.395027 0.300081 23.497761 63.000000 
-127.442513 0.424479 23.496553 68.000000 
-127.349640 0.198429 23.484980 50.000000 
-127.388771 0.309318 23.489300 61.000000 
-127.427322 0.421558 23.497925 73.000000 
-127.475563 0.552353 23.497900 56.000000 
-127.381569 0.315459 23.483494 60.000000 
-127.416061 0.422336 23.496460 76.000000 
-127.461136 0.548963 23.499409 67.000000 
-127.367661 0.313841 23.484093 60.000000 
-127.405632 0.426237 23.492422 76.000000 
-127.447548 0.548753 23.498419 68.000000 
-127.349541 0.306937 23.489073 58.000000 
-127.396530 0.433070 23.486002 76.000000 
-127.431572 0.545863 23.499382 77.000000 
-127.380501 0.428579 23.488607 76.000000 
-127.424492 0.555482 23.490999 88.000000 
-127.466270 0.682764 23.499308 58.000000 
-127.364525 0.424028 23.491261 74.000000 
-127.411835 0.556563 23.489027 83.000000 
-127.447792 0.675213 23.503328 67.000000 
-127.354080 0.427778 23.487320 59.000000 
-127.397369 0.554756 23.489227 83.000000 
-127.436653 0.679207 23.499126 67.000000 
-127.343239 0.429915 23.484703 55.000000 
-127.379852 0.547009 23.493959 69.000000 
-127.426048 0.682969 23.495157 57.000000 
-127.369057 0.550803 23.489941 65.000000 
-127.405930 0.672336 23.501387 67.000000 
-127.456322 0.818792 23.501554 62.000000 
-127.355034 0.550464 23.488976 57.000000 
-127.387131 0.664734 23.505396 61.000000 
-127.445946 0.825982 23.495058 74.000000 
-127.346001 0.557048 23.482841 53.000000 
-127.379547 0.674396 23.497141 65.000000 
-127.428215 0.819546 23.497850 75.000000 
-127.328125 0.549271 23.487543 53.000000 
-127.363144 0.669415 23.499348 67.000000 
-127.410545 0.813045 23.500696 69.000000 
-127.354614 0.677556 23.492168 72.000000 
-127.397270 0.813944 23.498535 79.000000 
-127.341721 0.678343 23.490246 66.000000 
-127.384857 0.816294 23.495392 72.000000 
-127.425995 0.956242 23.505741 54.000000 
-127.327980 0.677618 23.489408 58.000000 
-127.374146 0.821599 23.490238 69.000000 
-127.414902 0.961696 23.500492 60.000000 
-127.317360 0.681079 23.485636 45.000000 
-127.360596 0.820690 23.489382 72.000000 
-127.400993 0.960820 23.499397 59.000000 
-127.339767 0.807915 23.496515 69.000000 
-127.389854 0.966204 23.494188 70.000000 
-127.430038 1.111206 23.507654 59.000000 
-127.330154 0.816285 23.489201 72.000000 
-127.372284 0.961032 23.495687 70.000000 
-127.414551 1.110674 23.505941 75.000000 
-127.314438 0.812408 23.490295 62.000000 
-127.353729 0.952544 23.499420 70.000000 
-127.405426 1.120806 23.497831 66.000000 
-127.340744 0.953009 23.497475 66.000000 
-127.390366 1.118237 23.497557 78.000000 
-127.331215 0.961299 23.490395 65.000000 
-127.369087 1.104869 23.503786 82.000000 
-127.316216 0.960516 23.489082 51.000000 
-127.356087 1.108821 23.499355 76.000000 
-127.386848 1.253300 23.516903 63.000000 
-127.297844 0.951801 23.492992 50.000000 
-127.343681 1.112547 23.495159 71.000000 
-127.374062 1.257121 23.512589 66.000000 
-127.328911 1.111528 23.493866 73.000000 
-127.362030 1.262498 23.507376 82.000000 
-127.313370 1.108890 23.493572 73.000000 
-127.349846 1.266056 23.503319 74.000000 
-127.392853 1.433983 23.515842 47.000000 
-127.296173 1.101304 23.496416 67.000000 
-127.332405 1.260172 23.504635 65.000000 
-127.381058 1.441067 23.509670 54.000000 
-127.284554 1.106429 23.491371 49.000000 
-127.315788 1.255828 23.505070 69.000000 
-127.367714 1.444867 23.505291 60.000000 
-127.300720 1.254631 23.503685 64.000000 
-127.352119 1.443744 23.503618 65.000000 
-127.288651 1.259802 23.498604 58.000000 
-127.333588 1.436055 23.505558 62.000000 
-127.384682 1.630630 23.511276 56.000000 
-127.277290 1.266543 23.492605 58.000000 
-127.318787 1.436455 23.503067 60.000000 
-127.367165 1.626166 23.511105 63.000000 
-127.305504 1.441885 23.497700 65.000000 
-127.344688 1.611891 23.515915 69.000000 
-127.290703 1.442194 23.495270 60.000000 
-127.330154 1.613929 23.512402 78.000000 
-127.276573 1.442280 23.493080 57.000000 
-127.315598 1.614082 23.509996 72.000000 
-127.364693 1.817891 23.518715 49.000000 
-127.303856 1.622677 23.503078 66.000000 
-127.353050 1.828385 23.510916 77.000000 
-127.287895 1.621261 23.501381 78.000000 
-127.339966 1.835476 23.504782 78.000000 
-127.267151 1.608139 23.505806 72.000000 
-127.322075 1.830713 23.504475 78.000000 
-127.253319 1.611607 23.501581 59.000000 
-127.304230 1.825892 23.504213 72.000000 
-127.284431 1.815936 23.506500 86.000000 
-127.334541 2.037732 23.515121 54.000000 
-127.271324 1.822840 23.500488 83.000000 
-127.316971 2.032641 23.514797 67.000000 
-127.254242 1.819541 23.499519 83.000000 
-127.296112 2.020808 23.517483 66.000000 
-127.240440 1.824664 23.494394 63.000000 
-127.278549 2.017492 23.516233 68.000000 
-127.263557 2.020996 23.511822 73.000000 
-127.314644 2.260855 23.521334 65.000000 
-127.247787 2.024628 23.507221 73.000000 
-127.298790 2.266386 23.515766 110.000000 
-127.229034 2.017704 23.507696 59.000000 
-127.276947 2.252512 23.518860 102.000000 
-127.261452 2.254092 23.515348 108.000000 
-127.245178 2.255799 23.511644 115.000000 
-127.294106 2.507105 23.526310 46.000000 
-127.224144 2.243473 23.514130 117.000000 
-127.282402 2.524802 23.515846 114.000000 
-127.207909 2.245068 23.510508 50.000000 
-127.261307 2.514159 23.517069 121.000000 
-127.239159 2.499902 23.519815 121.000000 
-127.222771 2.503293 23.515289 122.000000 
-127.272804 2.774848 23.532610 51.000000 
-127.203018 2.495992 23.515205 123.000000 
-127.256210 2.780133 23.527216 111.000000 
-127.184433 2.492176 23.513700 48.000000 
-127.240662 2.788956 23.520454 122.000000 
-127.222374 2.788759 23.517206 123.000000 
-127.208351 2.731702 23.512974 123.000000 
-127.186394 2.718812 23.514706 122.000000 
-127.166092 2.711243 23.514395 63.000000 
-127.611740 -0.964944 23.491058 51.000000 
-127.600563 -0.961701 23.487772 64.000000 
-127.589859 -0.958710 23.484716 74.000000 
-127.576012 -0.959588 23.485077 80.000000 
-127.560127 -0.963077 23.487741 77.000000 
-127.550949 -0.959132 23.483843 83.000000 
-127.541275 -0.955009 23.479753 80.000000 
-127.573837 -0.858119 23.496843 56.000000 
-127.530029 -0.953696 23.478167 80.000000 
-127.561340 -0.858092 23.496197 63.000000 
-127.518303 -0.952217 23.476402 80.000000 
-127.555450 -0.848647 23.487614 63.000000 
-127.498520 -0.961121 23.483831 80.000000 
-127.543457 -0.847159 23.485697 63.000000 
-127.492859 -0.951967 23.475252 77.000000 
-127.527466 -0.851018 23.488260 68.000000 
-127.573456 -0.732852 23.492136 58.000000 
-127.482666 -0.947819 23.471073 74.000000 
-127.512016 -0.853406 23.489552 73.000000 
-127.562630 -0.728453 23.487703 68.000000 
-127.468971 -0.949099 23.471725 80.000000 
-127.503036 -0.848062 23.484379 65.000000 
-127.548355 -0.729744 23.487837 68.000000 
-127.455803 -0.950622 23.472609 77.000000 
-127.491585 -0.846943 23.482780 65.000000 
-127.530716 -0.736749 23.492558 70.000000 
-127.581825 -0.605419 23.491571 48.000000 
-127.443146 -0.950693 23.472174 63.000000 
-127.485489 -0.837647 23.474270 63.000000 
-127.523338 -0.728582 23.485157 73.000000 
-127.567268 -0.606792 23.491495 61.000000 
-127.469627 -0.841749 23.477015 60.000000 
-127.510101 -0.728646 23.484303 81.000000 
-127.551773 -0.609616 23.492512 77.000000 
-127.451897 -0.848593 23.482063 56.000000 
-127.498802 -0.726014 23.481295 74.000000 
-127.537277 -0.611095 23.492516 81.000000 
-127.441902 -0.844756 23.478121 60.000000 
-127.482719 -0.730286 23.483788 76.000000 
-127.526619 -0.607010 23.488316 75.000000 
-127.568283 -0.483427 23.498594 45.000000 
-127.434738 -0.836913 23.470798 49.000000 
-127.468590 -0.731866 23.484133 71.000000 
-127.515938 -0.602956 23.484135 85.000000 
-127.553497 -0.484992 23.498390 67.000000 
-127.454498 -0.733496 23.484514 67.000000 
-127.501480 -0.604569 23.484232 70.000000 
-127.542488 -0.480857 23.494108 77.000000 
-127.444176 -0.729651 23.480524 59.000000 
-127.481453 -0.614697 23.490772 69.000000 
-127.530525 -0.478197 23.490881 66.000000 
-127.438484 -0.718923 23.471025 64.000000 
-127.470795 -0.610772 23.486681 65.000000 
-127.515785 -0.479900 23.490774 64.000000 
-127.566406 -0.337141 23.493153 46.000000 
-127.421623 -0.724827 23.474810 48.000000 
-127.461967 -0.604051 23.480467 70.000000 
-127.495567 -0.490320 23.496923 78.000000 
-127.551308 -0.338863 23.492786 63.000000 
-127.449440 -0.603022 23.478558 66.000000 
-127.488213 -0.480568 23.488604 70.000000 
-127.534424 -0.343586 23.494459 79.000000 
-127.435089 -0.604873 23.478830 63.000000 
-127.477173 -0.476626 23.484447 70.000000 
-127.522095 -0.340986 23.491163 82.000000 
-127.418602 -0.611228 23.482576 61.000000 
-127.464867 -0.475813 23.482601 70.000000 
-127.508545 -0.341584 23.490118 85.000000 
-127.452011 -0.474847 23.480579 66.000000 
-127.495323 -0.340546 23.487883 89.000000 
-127.433289 -0.482464 23.484665 70.000000 
-127.484184 -0.334904 23.482437 79.000000 
-127.525993 -0.197014 23.493704 64.000000 
-127.418724 -0.484511 23.484814 66.000000 
-127.465698 -0.342861 23.486334 82.000000 
-127.513275 -0.194475 23.490339 66.000000 
-127.411736 -0.475119 23.476786 68.000000 
-127.449608 -0.348105 23.488464 82.000000 
-127.499405 -0.195207 23.489170 63.000000 
-127.437317 -0.345764 23.485348 75.000000 
-127.482384 -0.200337 23.490761 79.000000 
-127.532738 -0.040691 23.494352 57.000000 
-127.427025 -0.338798 23.478992 75.000000 
-127.462280 -0.209892 23.495134 79.000000 
-127.518127 -0.039510 23.491608 65.000000 
-127.414703 -0.336531 23.475920 65.000000 
-127.450462 -0.206023 23.490921 75.000000 
-127.501617 -0.043223 23.491953 78.000000 
-127.396461 -0.344774 23.480040 46.000000 
-127.438637 -0.202191 23.486731 75.000000 
-127.481812 -0.053195 23.496141 71.000000 
-127.426788 -0.198393 23.482559 77.000000 
-127.471207 -0.046166 23.489927 88.000000 
-127.505554 0.100956 23.505636 55.000000 
-127.411606 -0.200742 23.482374 75.000000 
-127.457268 -0.045383 23.487539 85.000000 
-127.488800 0.097048 23.505796 60.000000 
-127.393181 -0.209261 23.486204 64.000000 
-127.443336 -0.044645 23.485182 79.000000 
-127.477737 0.104162 23.499575 64.000000 
-127.380539 -0.207127 23.483120 59.000000 
-127.429413 -0.043952 23.482857 85.000000 
-127.463425 0.104906 23.497049 64.000000 
-127.412285 -0.049545 23.484402 79.000000 
-127.446739 0.100844 23.497324 69.000000 
-127.498734 0.282498 23.501446 45.000000 
-127.397606 -0.050512 23.483110 73.000000 
-127.430099 0.096724 23.497643 64.000000 
-127.482384 0.280018 23.500513 50.000000 
-127.383728 -0.049962 23.480886 73.000000 
-127.415695 0.095540 23.496363 67.000000 
-127.472160 0.288595 23.493626 54.000000 
-127.403778 0.100866 23.491190 66.000000 
-127.450447 0.274698 23.498991 68.000000 
-127.391197 0.106341 23.485825 69.000000 
-127.436584 0.278724 23.494389 67.000000 
-127.491394 0.475836 23.498158 49.000000 
-127.370834 0.094039 23.490959 67.000000 
-127.421852 0.279273 23.491823 69.000000 
-127.469360 0.461691 23.503027 63.000000 
-127.356628 0.094445 23.488674 47.000000 
-127.410118 0.286268 23.485701 61.000000 
-127.450432 0.454050 23.504538 65.000000 
-127.392403 0.280232 23.486786 63.000000 
-127.435982 0.456237 23.500944 69.000000 
-127.371796 0.267629 23.491522 63.000000 
-127.427376 0.471584 23.490486 76.000000 
-127.360062 0.274491 23.485489 61.000000 
-127.405624 0.457172 23.495573 68.000000 
-127.462196 0.673774 23.497166 67.000000 
-127.388992 0.452421 23.495750 73.000000 
-127.448555 0.677447 23.492832 75.000000 
-127.372429 0.449454 23.494888 69.000000 
-127.429955 0.671198 23.493263 78.000000 
-127.360138 0.458212 23.487764 63.000000 
-127.407211 0.656669 23.497669 72.000000 
-127.347786 0.465098 23.481741 52.000000 
-127.394287 0.663741 23.491556 75.000000 
-127.442772 0.874654 23.504751 46.000000 
-127.375153 0.655621 23.492968 71.000000 
-127.425819 0.873347 23.502529 64.000000 
-127.362206 0.662605 23.486908 68.000000 
-127.406204 0.865154 23.503529 61.000000 
-127.345169 0.659430 23.485895 63.000000 
-127.391312 0.868860 23.499001 73.000000 
-127.324852 0.647754 23.489126 59.000000 
-127.377052 0.874232 23.493698 70.000000 
-127.421135 1.085593 23.515501 47.000000 
-127.356247 0.862436 23.496437 66.000000 
-127.410133 1.101483 23.505529 68.000000 
-127.338768 0.859138 23.495218 66.000000 
-127.398384 1.115613 23.496321 108.000000 
-127.318771 0.848921 23.497267 60.000000 
-127.375816 1.100186 23.500120 116.000000 
-127.305809 0.857523 23.490490 55.000000 
-127.354614 1.088156 23.502457 111.000000 
-127.339233 1.089795 23.498934 102.000000 
-127.399506 1.366820 23.501856 120.000000 
-127.458649 1.651968 23.514458 47.000000 
-127.321846 1.088080 23.496756 108.000000 
-127.374710 1.345840 23.507351 122.000000 
-127.307503 1.095025 23.490755 111.000000 
-127.356644 1.344165 23.504887 126.000000 
-127.340370 1.347726 23.500263 127.000000 
-127.391426 1.615220 23.518400 54.000000 
-127.319763 1.340817 23.499851 126.000000 
-127.372391 1.615497 23.514750 116.000000 
-127.304642 1.347805 23.493828 126.000000 
-127.359909 1.633401 23.504427 123.000000 
-127.279205 1.322911 23.501120 121.000000 
-127.341110 1.631607 23.501776 126.000000 
-127.317329 1.613647 23.505455 124.000000 
-127.296982 1.606349 23.505005 124.000000 
-127.282280 1.547569 23.500784 125.000000 
-127.267181 1.554326 23.495028 125.000000 
-127.690735 -2.122581 23.487434 52.000000 
-127.683838 -2.115890 23.481184 55.000000 
-127.665741 -2.121629 23.485973 64.000000 
-127.653023 -2.121111 23.485188 77.000000 
-127.641373 -2.119369 23.483303 86.000000 
-127.631836 -2.115125 23.479181 86.000000 
-127.673058 -2.009860 23.488544 48.000000 
-127.619141 -2.114730 23.478479 94.000000 
-127.657997 -2.012048 23.489819 56.000000 
-127.609573 -2.110551 23.474400 101.000000 
-127.649193 -2.006445 23.484522 65.000000 
-127.590698 -2.117911 23.480591 97.000000 
-127.641396 -1.999558 23.478130 61.000000 
-127.682190 -1.891473 23.490088 45.000000 
-127.583199 -2.111251 23.474283 94.000000 
-127.625343 -2.003192 23.480610 65.000000 
-127.672005 -1.887108 23.485798 50.000000 
-127.574638 -2.105894 23.469126 104.000000 
-127.607307 -2.009515 23.485353 68.000000 
-127.661797 -1.882776 23.481529 56.000000 
-127.559898 -2.109967 23.472406 80.000000 
-127.599457 -2.004465 23.480553 63.000000 
-127.647537 -1.885642 23.483088 70.000000 
-127.546272 -2.111115 23.473036 74.000000 
-127.589577 -2.000342 23.476469 65.000000 
-127.632294 -1.888133 23.484262 73.000000 
-127.578690 -1.995843 23.471996 63.000000 
-127.618065 -1.887555 23.482899 87.000000 
-127.662743 -1.768007 23.490337 50.000000 
-127.564789 -1.997084 23.472427 61.000000 
-127.605873 -1.886089 23.480904 78.000000 
-127.647247 -1.770627 23.491285 60.000000 
-127.551414 -1.998575 23.473097 54.000000 
-127.600113 -1.876723 23.472618 78.000000 
-127.635277 -1.769351 23.489334 72.000000 
-127.539536 -1.997253 23.471352 60.000000 
-127.581017 -1.884845 23.478289 72.000000 
-127.622780 -1.767904 23.487200 69.000000 
-127.529625 -1.993307 23.467381 45.000000 
-127.565918 -1.887591 23.479654 78.000000 
-127.616127 -1.758143 23.478754 86.000000 
-127.655334 -1.640861 23.493134 50.000000 
-127.554733 -1.884931 23.476685 72.000000 
-127.599731 -1.762344 23.480894 69.000000 
-127.639618 -1.643695 23.493916 56.000000 
-127.542061 -1.883476 23.474632 67.000000 
-127.582870 -1.766401 23.482876 66.000000 
-127.629135 -1.637815 23.488375 67.000000 
-127.531822 -1.879522 23.470612 69.000000 
-127.570404 -1.765126 23.480860 67.000000 
-127.612518 -1.642180 23.490259 63.000000 
-127.514984 -1.886965 23.475821 45.000000 
-127.560898 -1.761491 23.477152 67.000000 
-127.597984 -1.645588 23.491583 82.000000 
-127.655991 -1.495079 23.487696 55.000000 
-127.550308 -1.757482 23.473047 65.000000 
-127.587097 -1.641467 23.487364 75.000000 
-127.641853 -1.495178 23.486294 69.000000 
-127.534096 -1.761945 23.475388 74.000000 
-127.577118 -1.635943 23.482128 72.000000 
-127.624023 -1.501182 23.488916 85.000000 
-127.516068 -1.769283 23.479919 67.000000 
-127.565254 -1.633325 23.478985 68.000000 
-127.609940 -1.501386 23.487591 79.000000 
-127.506966 -1.764185 23.475031 47.000000 
-127.551170 -1.635264 23.479187 68.000000 
-127.596443 -1.501845 23.486515 85.000000 
-127.643387 -1.360489 23.495008 46.000000 
-127.532913 -1.642821 23.483385 68.000000 
-127.588768 -1.491849 23.478226 89.000000 
-127.630775 -1.357736 23.491560 57.000000 
-127.520905 -1.638500 23.478882 70.000000 
-127.573563 -1.491773 23.476563 92.000000 
-127.616982 -1.354603 23.487700 75.000000 
-127.509972 -1.634607 23.474810 64.000000 
-127.553230 -1.502482 23.482426 82.000000 
-127.605247 -1.350431 23.483332 75.000000 
-127.504387 -1.622051 23.464464 45.000000 
-127.540131 -1.501449 23.480263 79.000000 
-127.584625 -1.361344 23.488731 83.000000 
-127.639946 -1.198062 23.489565 45.000000 
-127.528801 -1.497500 23.476099 65.000000 
-127.566750 -1.367814 23.491268 86.000000 
-127.622513 -1.203027 23.490728 65.000000 
-127.517448 -1.493585 23.471956 79.000000 
-127.553314 -1.366804 23.488960 79.000000 
-127.610344 -1.198838 23.486294 84.000000 
-127.497368 -1.504544 23.478022 65.000000 
-127.541611 -1.362814 23.484720 79.000000 
-127.587814 -1.213145 23.493204 71.000000 
-127.531067 -1.359253 23.480923 73.000000 
-127.578606 -1.206382 23.487385 85.000000 
-127.514198 -1.364424 23.482637 75.000000 
-127.564735 -1.205405 23.484930 88.000000 
-127.595390 -1.066378 23.504562 52.000000 
-127.497910 -1.366235 23.482010 63.000000 
-127.549660 -1.204073 23.482077 82.000000 
-127.582024 -1.063833 23.501038 63.000000 
-127.485359 -1.363927 23.478868 63.000000 
-127.530785 -1.212470 23.485403 85.000000 
-127.572784 -1.053464 23.492966 66.000000 
-127.515312 -1.214743 23.484968 82.000000 
-127.552788 -1.063597 23.496826 69.000000 
-127.503166 -1.210864 23.480743 76.000000 
-127.536964 -1.065916 23.496151 72.000000 
-127.596016 -0.875620 23.494654 55.000000 
-127.489365 -1.210128 23.478460 67.000000 
-127.524414 -1.061972 23.491827 69.000000 
-127.578087 -0.881133 23.495441 68.000000 
-127.478821 -1.203218 23.472361 62.000000 
-127.511040 -1.059646 23.488451 66.000000 
-127.557678 -0.893336 23.500044 63.000000 
-127.496063 -1.060529 23.486954 67.000000 
-127.543053 -0.892548 23.497389 76.000000 
-127.481102 -1.061462 23.485493 64.000000 
-127.530006 -0.888586 23.492987 73.000000 
-127.575638 -0.715151 23.508108 54.000000 
-127.464592 -1.065619 23.485928 57.000000 
-127.518494 -0.881440 23.486826 71.000000 
-127.559006 -0.717637 23.506985 65.000000 
-127.451721 -1.065436 23.484026 52.000000 
-127.502060 -0.887623 23.488264 66.000000 
-127.545296 -0.717302 23.504644 63.000000 
-127.482849 -0.896708 23.491104 66.000000 
-127.530235 -0.716611 23.501884 63.000000 
-127.469795 -0.892923 23.486822 64.000000 
-127.515182 -0.715970 23.499159 63.000000 
-127.572823 -0.505580 23.503057 59.000000 
-127.456726 -0.889176 23.482561 61.000000 
-127.495651 -0.725237 23.501627 63.000000 
-127.559402 -0.499865 23.497629 82.000000 
-127.480766 -0.721031 23.496817 65.000000 
-127.537209 -0.510479 23.499998 71.000000 
-127.470161 -0.710660 23.489010 59.000000 
-127.518700 -0.516559 23.500412 89.000000 
-127.453659 -0.713509 23.488150 63.000000 
-127.502411 -0.517685 23.498396 83.000000 
-127.559052 -0.297988 23.506676 56.000000 
-127.438637 -0.713111 23.485590 59.000000 
-127.485428 -0.520538 23.497248 72.000000 
-127.536530 -0.312639 23.510695 72.000000 
-127.472015 -0.518798 23.494087 70.000000 
-127.521202 -0.314180 23.508917 75.000000 
-127.455070 -0.521753 23.493013 70.000000 
-127.505814 -0.311980 23.505129 81.000000 
-127.435387 -0.531481 23.495321 68.000000 
-127.490417 -0.309826 23.501371 73.000000 
-127.545097 -0.078737 23.513409 55.000000 
-127.421288 -0.527832 23.490990 67.000000 
-127.468880 -0.323047 23.504818 68.000000 
-127.527710 -0.079940 23.510960 105.000000 
-127.448013 -0.330860 23.505487 70.000000 
-127.511475 -0.073905 23.505053 104.000000 
-127.432693 -0.328879 23.501856 66.000000 
-127.492775 -0.078675 23.504200 106.000000 
-127.416702 -0.328652 23.499058 61.000000 
-127.472160 -0.088694 23.505682 110.000000 
-127.403992 -0.319927 23.492270 49.000000 
-127.454865 -0.090131 23.503403 105.000000 
-127.510956 0.162834 23.515411 104.000000 
-127.436310 -0.095088 23.502697 102.000000 
-127.493004 0.161448 23.512842 120.000000 
-127.422874 -0.086233 23.495892 111.000000 
-127.473183 0.154738 23.512497 117.000000 
-127.406525 -0.089922 23.494938 105.000000 
-127.459366 0.159882 23.507565 125.000000 
-127.386177 -0.100255 23.496666 66.000000 
-127.440231 0.154815 23.506575 120.000000 
-127.420532 0.147925 23.506365 120.000000 
-127.482025 0.437414 23.514122 119.000000 
-127.397285 0.130408 23.510614 121.000000 
-127.468140 0.450100 23.505863 121.000000 
-127.381905 0.135712 23.505365 115.000000 
-127.445374 0.436030 23.508039 127.000000 
-127.367088 0.142734 23.499407 102.000000 
-127.422127 0.420098 23.510979 124.000000 
-127.403641 0.424070 23.505842 122.000000 
-127.385681 0.424057 23.502607 122.000000 
-127.368286 0.425773 23.498709 120.000000 
-127.350334 0.425650 23.495546 120.000000 
-127.777115 -3.257499 23.457184 58.000000 
-127.764313 -3.256718 23.456324 55.000000 
-127.747200 -3.260983 23.460001 53.000000 
-127.735527 -3.259049 23.458088 58.000000 
-127.728127 -3.252131 23.451674 58.000000 
-127.710640 -3.256342 23.455267 78.000000 
-127.756226 -3.147513 23.461388 48.000000 
-127.700035 -3.253270 23.452301 83.000000 
-127.748489 -3.140461 23.454954 47.000000 
-127.688362 -3.251496 23.450495 86.000000 
-127.734406 -3.141201 23.455154 50.000000 
-127.676704 -3.249762 23.448717 86.000000 
-127.720345 -3.141992 23.455395 59.000000 
-127.665520 -3.248278 23.447166 86.000000 
-127.700584 -3.150853 23.462536 65.000000 
-127.756844 -3.024655 23.459007 52.000000 
-127.655930 -3.244077 23.443148 83.000000 
-127.690742 -3.146546 23.458414 65.000000 
-127.742516 -3.025522 23.459040 48.000000 
-127.642212 -3.245003 23.443741 86.000000 
-127.682930 -3.139657 23.452080 65.000000 
-127.728210 -3.026441 23.459110 50.000000 
-127.630562 -3.243424 23.442070 77.000000 
-127.670998 -3.138023 23.450224 65.000000 
-127.718002 -3.022056 23.454891 56.000000 
-127.661102 -3.133806 23.446154 63.000000 
-127.707779 -3.017704 23.450691 73.000000 
-127.744690 -2.910617 23.467911 63.000000 
-127.643112 -3.140125 23.451078 65.000000 
-127.693504 -3.018755 23.450853 76.000000 
-127.735168 -2.904809 23.462566 55.000000 
-127.633217 -3.135987 23.447065 60.000000 
-127.680260 -3.018513 23.449966 84.000000 
-127.722626 -2.903156 23.460398 58.000000 
-127.621315 -3.134516 23.445322 56.000000 
-127.661064 -3.026409 23.455664 76.000000 
-127.712067 -2.898787 23.456144 74.000000 
-127.651840 -3.020868 23.450480 81.000000 
-127.699516 -2.897213 23.454027 81.000000 
-127.745934 -2.771734 23.462374 50.000000 
-127.643562 -3.013999 23.444214 84.000000 
-127.683052 -2.901216 23.456184 76.000000 
-127.734024 -2.768711 23.459055 56.000000 
-127.628410 -3.016644 23.445646 71.000000 
-127.672478 -2.896964 23.452007 79.000000 
-127.722099 -2.765726 23.455759 51.000000 
-127.615242 -3.016628 23.444921 81.000000 
-127.656082 -2.901073 23.454245 81.000000 
-127.699570 -2.778374 23.463816 65.000000 
-127.649345 -2.891335 23.445848 76.000000 
-127.686737 -2.776911 23.461626 65.000000 
-127.739670 -2.636880 23.464941 46.000000 
-127.634911 -2.892757 23.446014 72.000000 
-127.675819 -2.772646 23.457397 77.000000 
-127.726456 -2.635364 23.462557 55.000000 
-127.613426 -2.905597 23.455006 79.000000 
-127.668266 -2.764351 23.450291 66.000000 
-127.714752 -2.632656 23.459417 58.000000 
-127.604752 -2.898749 23.448814 76.000000 
-127.653526 -2.765852 23.450249 68.000000 
-127.703415 -2.628312 23.455084 74.000000 
-127.633217 -2.775980 23.456495 68.000000 
-127.691124 -2.625460 23.451775 75.000000 
-127.625999 -2.766146 23.448196 70.000000 
-127.675125 -2.628487 23.452518 92.000000 
-127.723198 -2.487207 23.461130 49.000000 
-127.613174 -2.764929 23.446173 68.000000 
-127.657333 -2.634495 23.455324 85.000000 
-127.711441 -2.482838 23.456728 50.000000 
-127.601273 -2.762317 23.443130 72.000000 
-127.642342 -2.636177 23.455149 75.000000 
-127.693314 -2.488951 23.459167 62.000000 
-127.589920 -2.759943 23.440317 55.000000 
-127.630669 -2.633716 23.452179 82.000000 
-127.673126 -2.499827 23.464806 79.000000 
-127.621117 -2.626678 23.445978 82.000000 
-127.656937 -2.503085 23.465399 86.000000 
-127.718994 -2.331115 23.460310 60.000000 
-127.606483 -2.626820 23.444670 85.000000 
-127.644653 -2.498698 23.460918 81.000000 
-127.698219 -2.340275 23.464130 55.000000 
-127.588005 -2.634582 23.448709 89.000000 
-127.632927 -2.494555 23.456673 77.000000 
-127.685173 -2.337506 23.460670 73.000000 
-127.617683 -2.496462 23.456390 73.000000 
-127.675598 -2.328657 23.453444 89.000000 
-127.597244 -2.507455 23.462076 77.000000 
-127.660774 -2.329026 23.451927 94.000000 
-127.695839 -2.187244 23.470621 46.000000 
-127.585548 -2.503449 23.457926 71.000000 
-127.641670 -2.337118 23.455212 85.000000 
-127.684090 -2.181391 23.465250 47.000000 
-127.577263 -2.493439 23.449827 67.000000 
-127.624352 -2.342207 23.456640 85.000000 
-127.663010 -2.192769 23.469988 55.000000 
-127.610481 -2.341204 23.454292 85.000000 
-127.644554 -2.199532 23.472034 56.000000 
-127.596611 -2.340245 23.451975 85.000000 
-127.631157 -2.196955 23.468603 74.000000 
-127.586914 -2.331616 23.444881 73.000000 
-127.621887 -2.186571 23.460581 69.000000 
-127.674240 -2.012376 23.468117 51.000000 
-127.568886 -2.338462 23.447433 70.000000 
-127.607620 -2.185640 23.458118 67.000000 
-127.659500 -2.011342 23.465416 65.000000 
-127.591736 -2.187901 23.457546 69.000000 
-127.648003 -2.003960 23.459188 73.000000 
-127.574272 -2.193369 23.458874 74.000000 
-127.631645 -2.006215 23.458326 76.000000 
-127.679802 -1.833070 23.474230 49.000000 
-127.560059 -2.192587 23.456520 74.000000 
-127.615318 -2.008525 23.457504 71.000000 
-127.667763 -1.825570 23.467970 55.000000 
-127.547447 -2.188691 23.452328 57.000000 
-127.594284 -2.020519 23.462097 61.000000 
-127.650200 -1.829506 23.467722 69.000000 
-127.581184 -2.016523 23.457779 60.000000 
-127.636566 -1.825349 23.463226 66.000000 
-127.569626 -2.009350 23.451685 54.000000 
-127.617516 -1.832663 23.464781 72.000000 
-127.555702 -2.007040 23.448311 59.000000 
-127.602356 -1.831869 23.462074 72.000000 
-127.661613 -1.621578 23.466221 55.000000 
-127.539490 -2.009612 23.447680 53.000000 
-127.586441 -1.832761 23.460268 66.000000 
-127.643623 -1.625690 23.465755 71.000000 
-127.572800 -1.828790 23.455896 66.000000 
-127.631622 -1.616566 23.458719 85.000000 
-127.558395 -1.826500 23.452421 69.000000 
-127.612190 -1.624112 23.459988 86.000000 
-127.536598 -1.840677 23.457682 63.000000 
-127.596481 -1.623399 23.457155 86.000000 
-127.522240 -1.838495 23.454285 58.000000 
-127.579330 -1.626071 23.456024 75.000000 
-127.632774 -1.414521 23.468195 59.000000 
-127.558617 -1.637145 23.459110 70.000000 
-127.616524 -1.413799 23.465176 51.000000 
-127.545830 -1.629913 23.453049 67.000000 
-127.596748 -1.421595 23.466177 77.000000 
-127.530174 -1.629407 23.450363 66.000000 
-127.577034 -1.429459 23.467232 81.000000 
-127.648804 -1.162683 23.463705 55.000000 
-127.511734 -1.635650 23.451077 68.000000 
-127.558784 -1.433998 23.466742 66.000000 
-127.625702 -1.177436 23.467339 105.000000 
-127.545372 -1.426709 23.460676 66.000000 
-127.607468 -1.180231 23.465706 106.000000 
-127.526489 -1.433059 23.461069 58.000000 
-127.584557 -1.195138 23.469467 117.000000 
-127.510353 -1.432666 23.458286 60.000000 
-127.566429 -1.198064 23.467936 118.000000 
-127.490219 -1.442544 23.460390 50.000000 
-127.552948 -1.188976 23.461075 116.000000 
-127.609718 -0.939459 23.475166 106.000000 
-127.533539 -1.195463 23.461159 115.000000 
-127.594818 -0.931925 23.468973 123.000000 
-127.513405 -1.201825 23.461069 116.000000 
-127.572678 -0.941722 23.469877 121.000000 
-127.496674 -1.201528 23.458164 72.000000 
-127.553955 -0.944792 23.468145 124.000000 
-127.481346 -1.199733 23.454737 52.000000 
-127.531067 -0.962130 23.472563 121.000000 
-127.604256 -0.648142 23.471209 55.000000 
-127.513702 -0.961824 23.469461 121.000000 
-127.582329 -0.658303 23.471939 119.000000 
-127.499214 -0.950856 23.461742 121.000000 
-127.559029 -0.670119 23.473188 123.000000 
-127.480606 -0.954165 23.460186 111.000000 
-127.542061 -0.666227 23.468456 125.000000 
-127.464043 -0.954199 23.457413 61.000000 
-127.521774 -0.675017 23.468889 124.000000 
-127.504227 -0.673012 23.464933 124.000000 
-127.483200 -0.681744 23.465235 123.000000 
-127.462234 -0.690545 23.465591 121.000000 
-127.444183 -0.690500 23.462467 121.000000 
-127.866722 -4.404835 23.446716 56.000000 
-127.851685 -4.406314 23.448050 54.000000 
-127.834007 -4.410091 23.451460 53.000000 
-127.820152 -4.410454 23.451759 56.000000 
-127.810066 -4.407371 23.448921 74.000000 
-127.853172 -4.304269 23.459957 47.000000 
-127.801659 -4.401604 23.443632 80.000000 
-127.841240 -4.302170 23.457874 48.000000 
-127.786148 -4.404811 23.446493 83.000000 
-127.772362 -4.405355 23.446922 83.000000 
-127.826447 -4.288078 23.445192 47.000000 
-127.760727 -4.403447 23.445114 86.000000 
-127.805954 -4.296343 23.451998 50.000000 
-127.751221 -4.399069 23.441051 80.000000 
-127.788727 -4.300834 23.455553 56.000000 
-127.847908 -4.174067 23.451309 52.000000 
-127.739105 -4.397017 23.439089 83.000000 
-127.777405 -4.297438 23.452303 65.000000 
-127.834084 -4.173162 23.450005 47.000000 
-127.727470 -4.395224 23.437357 83.000000 
-127.767601 -4.293009 23.448172 63.000000 
-127.818695 -4.175182 23.451101 48.000000 
-127.714233 -4.396207 23.438147 83.000000 
-127.758278 -4.288829 23.444263 63.000000 
-127.803841 -4.177484 23.452454 52.000000 
-127.704689 -4.391965 23.434172 71.000000 
-127.744293 -4.289646 23.444632 63.000000 
-127.793701 -4.172980 23.448231 68.000000 
-127.837303 -4.059706 23.460373 56.000000 
-127.730339 -4.290512 23.445034 63.000000 
-127.781471 -4.171165 23.446194 70.000000 
-127.823753 -4.059183 23.459190 60.000000 
-127.720505 -4.286221 23.440992 63.000000 
-127.768234 -4.170725 23.445271 73.000000 
-127.815323 -4.051895 23.452789 54.000000 
-127.710648 -4.281961 23.436970 54.000000 
-127.750931 -4.175670 23.448730 70.000000 
-127.801773 -4.051453 23.451660 69.000000 
-127.699768 -4.279037 23.434088 50.000000 
-127.742798 -4.168644 23.442429 68.000000 
-127.786217 -4.053792 23.452673 77.000000 
-127.836472 -3.926281 23.459133 69.000000 
-127.730598 -4.166999 23.440508 68.000000 
-127.769699 -4.057558 23.454788 83.000000 
-127.823616 -3.924479 23.456804 59.000000 
-127.720406 -4.162710 23.436424 70.000000 
-127.757225 -4.055898 23.452711 70.000000 
-127.814743 -3.917115 23.450413 45.000000 
-127.706215 -4.163832 23.436749 66.000000 
-127.748711 -4.048778 23.446415 69.000000 
-127.787048 -3.936451 23.463524 54.000000 
-127.688103 -4.170394 23.441513 52.000000 
-127.740158 -4.041681 23.440126 63.000000 
-127.777214 -3.930585 23.458225 65.000000 
-127.834145 -3.788482 23.459808 49.000000 
-127.719810 -4.051163 23.446651 66.000000 
-127.764420 -3.928976 23.456034 77.000000 
-127.817062 -3.792514 23.461361 61.000000 
-127.705399 -4.052433 23.446827 66.000000 
-127.756470 -3.920350 23.448704 75.000000 
-127.802925 -3.792290 23.459972 53.000000 
-127.697342 -4.045657 23.440815 65.000000 
-127.740341 -3.924686 23.450911 70.000000 
-127.795128 -3.783686 23.452845 62.000000 
-127.683914 -4.045625 23.439976 49.000000 
-127.722763 -3.930280 23.453991 72.000000 
-127.781944 -3.782097 23.450508 79.000000 
-127.712318 -3.924379 23.448595 78.000000 
-127.764404 -3.786121 23.452002 99.000000 
-127.814514 -3.645645 23.460733 54.000000 
-127.703331 -3.917299 23.442381 68.000000 
-127.740883 -3.800577 23.460798 80.000000 
-127.804733 -3.638155 23.454374 53.000000 
-127.690147 -3.917569 23.441607 72.000000 
-127.733971 -3.790660 23.452751 82.000000 
-127.785233 -3.647191 23.458925 51.000000 
-127.682030 -3.909120 23.434376 55.000000 
-127.720856 -3.789268 23.450556 82.000000 
-127.770798 -3.647186 23.457481 62.000000 
-127.713287 -3.779179 23.442314 82.000000 
-127.755455 -3.648714 23.457047 79.000000 
-127.810844 -3.492638 23.461813 63.000000 
-127.697388 -3.782235 23.443207 75.000000 
-127.737396 -3.654756 23.459583 79.000000 
-127.790565 -3.501735 23.465807 55.000000 
-127.676056 -3.794115 23.450247 79.000000 
-127.725761 -3.650443 23.455315 75.000000 
-127.778503 -3.497267 23.461384 50.000000 
-127.712303 -3.649147 23.453032 79.000000 
-127.766411 -3.492836 23.456984 62.000000 
-127.691689 -3.659842 23.458654 81.000000 
-127.753418 -3.489961 23.453550 94.000000 
-127.680069 -3.655662 23.454475 67.000000 
-127.735985 -3.494740 23.454889 91.000000 
-127.668419 -3.651516 23.450319 70.000000 
-127.716858 -3.502631 23.458179 88.000000 
-127.660263 -3.641404 23.442219 50.000000 
-127.700424 -3.506013 23.458666 73.000000 
-127.740044 -3.358871 23.472647 50.000000 
-127.690948 -3.497220 23.451551 71.000000 
-127.726723 -3.356103 23.469191 65.000000 
-127.677986 -3.494576 23.448278 73.000000 
-127.715942 -3.348703 23.463003 74.000000 
-127.772568 -3.172288 23.468821 50.000000 
-127.661598 -3.498106 23.448872 82.000000 
-127.705124 -3.341332 23.456827 67.000000 
-127.755356 -3.175800 23.468742 46.000000 
-127.687546 -3.346488 23.458063 69.000000 
-127.743187 -3.169847 23.463390 57.000000 
-127.670021 -3.351707 23.459349 69.000000 
-127.730988 -3.163929 23.458061 71.000000 
-127.655228 -3.350519 23.456757 67.000000 
-127.710716 -3.172158 23.460541 71.000000 
-127.764214 -2.993397 23.472712 51.000000 
-127.642708 -3.346444 23.452545 67.000000 
-127.691177 -3.180674 23.463303 78.000000 
-127.677216 -3.179895 23.460970 73.000000 
-127.733818 -2.992969 23.468149 55.000000 
-127.665817 -3.172561 23.454865 73.000000 
-127.712326 -3.004888 23.472239 65.000000 
-127.652779 -3.168459 23.450573 64.000000 
-127.698845 -3.000646 23.467802 72.000000 
-127.761238 -2.791487 23.471874 67.000000 
-127.635780 -3.172404 23.450809 67.000000 
-127.683769 -2.999696 23.465111 78.000000 
-127.742477 -2.797002 23.472200 56.000000 
-127.671814 -2.992283 23.459000 73.000000 
-127.728394 -2.792674 23.467634 75.000000 
-127.653641 -2.997941 23.459827 76.000000 
-127.711227 -2.795002 23.466398 70.000000 
-127.635521 -3.003663 23.460707 75.000000 
-127.696373 -2.792421 23.462719 83.000000 
-127.749763 -2.590383 23.479080 46.000000 
-127.618225 -3.007816 23.460766 66.000000 
-127.676994 -2.799829 23.464048 78.000000 
-127.736580 -2.582673 23.472849 50.000000 
-127.658432 -2.805646 23.464602 71.000000 
-127.718925 -2.585088 23.471390 55.000000 
-127.646568 -2.796580 23.457699 75.000000 
-127.703499 -2.582513 23.467592 67.000000 
-127.628059 -2.802510 23.458334 75.000000 
-127.680801 -2.596838 23.471783 75.000000 
-127.747215 -2.353526 23.478107 48.000000 
-127.616150 -2.793523 23.451479 78.000000 
-127.665421 -2.594376 23.468067 77.000000 
-127.731865 -2.349184 23.473383 56.000000 
-127.647896 -2.597027 23.466780 70.000000 
-127.708015 -2.365413 23.477795 75.000000 
-127.633934 -2.591284 23.461529 75.000000 
-127.689903 -2.368032 23.476192 104.000000 
-127.615730 -2.595734 23.461121 77.000000 
-127.674591 -2.363856 23.471584 118.000000 
-127.592026 -2.613800 23.467203 61.000000 
-127.659943 -2.358010 23.466240 115.000000 
-127.718369 -2.114782 23.482439 58.000000 
-127.638458 -2.369379 23.468586 114.000000 
-127.703018 -2.108785 23.476965 106.000000 
-127.620438 -2.372230 23.467152 111.000000 
-127.688957 -2.099353 23.470062 122.000000 
-127.601112 -2.378582 23.467302 111.000000 
-127.665596 -2.114337 23.473387 126.000000 
-127.585152 -2.376387 23.463642 72.000000 
-127.643661 -2.125920 23.475323 124.000000 
-127.716995 -1.825518 23.478951 47.000000 
-127.625061 -2.128856 23.473654 125.000000 
-127.696930 -1.830086 23.477566 113.000000 
-127.609055 -2.124869 23.469091 122.000000 
-127.674370 -1.841785 23.479004 122.000000 
-127.591118 -2.126173 23.466768 124.000000 
-127.654411 -1.846492 23.477724 123.000000 
-127.571953 -2.131033 23.465963 125.000000 
-127.638840 -1.838881 23.471615 125.000000 
-127.620766 -1.838398 23.468327 123.000000 
-127.597229 -1.853918 23.471380 122.000000 
-127.577415 -1.858880 23.470291 122.000000 
-127.560036 -1.856808 23.466434 122.000000 
-127.545578 -1.845905 23.459084 68.000000 
-127.937019 -5.534679 23.446106 47.000000 
-127.926407 -5.531117 23.442913 58.000000 
-127.916901 -5.526359 23.438629 53.000000 
-127.906898 -5.521393 23.434147 56.000000 
-127.891830 -5.522880 23.435495 64.000000 
-127.875084 -5.527134 23.439339 83.000000 
-127.931793 -5.408673 23.438114 51.000000 
-127.863380 -5.525010 23.437401 80.000000 
-127.912109 -5.415365 23.443588 46.000000 
-127.854324 -5.520662 23.433443 74.000000 
-127.896248 -5.418541 23.446060 48.000000 
-127.846931 -5.513619 23.427034 71.000000 
-127.882111 -5.418985 23.446177 59.000000 
-127.835197 -5.511597 23.425161 74.000000 
-127.876579 -5.409227 23.437550 56.000000 
-127.924896 -5.296626 23.446470 52.000000 
-127.814911 -5.519641 23.432390 74.000000 
-127.862442 -5.409752 23.437719 65.000000 
-127.912582 -5.294502 23.444239 60.000000 
-127.804871 -5.514987 23.428114 77.000000 
-127.845711 -5.412677 23.439924 63.000000 
-127.898705 -5.293501 23.442888 53.000000 
-127.797409 -5.508067 23.421780 74.000000 
-127.831635 -5.413313 23.440176 63.000000 
-127.890625 -5.286183 23.436438 66.000000 
-127.790382 -5.501383 23.415653 71.000000 
-127.822281 -5.409053 23.436241 63.000000 
-127.874619 -5.289701 23.438787 64.000000 
-127.814499 -5.402009 23.429897 63.000000 
-127.858147 -5.293049 23.440971 70.000000 
-127.912636 -5.166162 23.443520 56.000000 
-127.804596 -5.397577 23.425785 61.000000 
-127.847954 -5.288489 23.436739 66.000000 
-127.902077 -5.161446 23.439142 57.000000 
-127.790543 -5.398379 23.426151 54.000000 
-127.837738 -5.283961 23.432526 66.000000 
-127.886353 -5.163564 23.439999 56.000000 
-127.773438 -5.403141 23.429903 61.000000 
-127.824425 -5.283463 23.431574 62.000000 
-127.872711 -5.163014 23.438808 65.000000 
-127.811119 -5.283012 23.430656 64.000000 
-127.858070 -5.163877 23.438700 72.000000 
-127.906815 -5.038915 23.448298 56.000000 
-127.796829 -5.283947 23.430861 68.000000 
-127.848503 -5.157950 23.433374 81.000000 
-127.893883 -5.037008 23.445917 56.000000 
-127.786583 -5.279568 23.426743 64.000000 
-127.833885 -5.158907 23.433331 81.000000 
-127.883965 -5.030944 23.440514 50.000000 
-127.771828 -5.282155 23.428307 58.000000 
-127.819817 -5.160138 23.433535 70.000000 
-127.873550 -5.026542 23.436363 61.000000 
-127.803268 -5.163949 23.435682 73.000000 
-127.852676 -5.035993 23.442232 65.000000 
-127.904289 -4.902201 23.451029 65.000000 
-127.796104 -5.153816 23.427063 78.000000 
-127.835289 -5.039670 23.443859 88.000000 
-127.893402 -4.895836 23.445368 60.000000 
-127.783516 -5.152202 23.425030 73.000000 
-127.824364 -5.035177 23.439587 72.000000 
-127.880112 -4.894052 23.442917 53.000000 
-127.766594 -5.157766 23.428560 61.000000 
-127.812996 -5.032351 23.436575 75.000000 
-127.862556 -4.899748 23.445677 64.000000 
-127.803970 -5.025094 23.430281 70.000000 
-127.852196 -4.893732 23.440310 69.000000 
-127.787224 -5.029201 23.432268 66.000000 
-127.837975 -4.893528 23.438948 79.000000 
-127.885803 -4.757244 23.451777 49.000000 
-127.772430 -5.030529 23.432228 64.000000 
-127.826622 -4.889030 23.434622 85.000000 
-127.874077 -4.752603 23.447311 50.000000 
-127.760513 -5.027645 23.429115 58.000000 
-127.809578 -4.893269 23.436327 89.000000 
-127.862335 -4.747998 23.442871 51.000000 
-127.794464 -4.894665 23.436071 89.000000 
-127.849632 -4.744908 23.439415 55.000000 
-127.897675 -4.602086 23.454361 45.000000 
-127.783104 -4.890292 23.431829 85.000000 
-127.833214 -4.747791 23.439863 66.000000 
-127.883659 -4.600430 23.451685 65.000000 
-127.770805 -4.887412 23.428617 79.000000 
-127.815903 -4.752218 23.441326 72.000000 
-127.876076 -4.588234 23.442507 59.000000 
-127.756653 -4.887491 23.427452 72.000000 
-127.802315 -4.750758 23.438942 68.000000 
-127.856552 -4.595742 23.445494 57.000000 
-127.792366 -4.743382 23.432688 68.000000 
-127.838921 -4.600289 23.446661 66.000000 
-127.780571 -4.739017 23.428400 66.000000 
-127.824936 -4.598825 23.444117 78.000000 
-127.864357 -4.454434 23.462141 55.000000 
-127.762466 -4.745152 23.430996 61.000000 
-127.811852 -4.595884 23.440660 85.000000 
-127.851776 -4.449852 23.457619 47.000000 
-127.742653 -4.754345 23.435610 54.000000 
-127.796097 -4.597556 23.440065 82.000000 
-127.836540 -4.449960 23.455841 56.000000 
-127.728233 -4.754620 23.434376 49.000000 
-127.781250 -4.597756 23.438562 73.000000 
-127.825684 -4.442357 23.449553 64.000000 
-127.765541 -4.599534 23.438046 73.000000 
-127.805244 -4.451884 23.453304 69.000000 
-127.866280 -4.270858 23.458426 53.000000 
-127.750740 -4.599837 23.436617 68.000000 
-127.788345 -4.455263 23.453465 64.000000 
-127.857635 -4.256551 23.448360 52.000000 
-127.739388 -4.594059 23.431408 57.000000 
-127.775757 -4.450904 23.449089 61.000000 
-127.839172 -4.263311 23.450151 47.000000 
-127.761444 -4.449705 23.446573 64.000000 
-127.819466 -4.269689 23.451546 57.000000 
-127.748825 -4.445426 23.442249 61.000000 
-127.803650 -4.271818 23.450798 60.000000 
-127.865135 -4.078197 23.456951 49.000000 
-127.732002 -4.449014 23.442558 57.000000 
-127.788208 -4.270379 23.447878 62.000000 
-127.844048 -4.088151 23.459900 52.000000 
-127.712746 -4.457364 23.445686 51.000000 
-127.775726 -4.266240 23.443663 62.000000 
-127.757011 -4.271276 23.444357 62.000000 
-127.814308 -4.084008 23.453260 60.000000 
-127.741440 -4.271802 23.442650 65.000000 
-127.796616 -4.087682 23.452967 69.000000 
-127.727493 -4.269182 23.439198 60.000000 
-127.778969 -4.091417 23.452717 76.000000 
-127.848488 -3.868779 23.452103 66.000000 
-127.710342 -4.273010 23.439348 50.000000 
-127.758987 -4.100088 23.455076 73.000000 
-127.831848 -3.869196 23.449862 52.000000 
-127.745377 -4.095815 23.450642 72.000000 
-127.811317 -3.877919 23.451744 59.000000 
-127.732521 -4.089952 23.445370 63.000000 
-127.790871 -3.886718 23.453688 78.000000 
-127.716537 -4.090652 23.443563 58.000000 
-127.775864 -3.884008 23.449940 92.000000 
-127.833023 -3.675002 23.464926 46.000000 
-127.699806 -4.093039 23.442659 48.000000 
-127.760857 -3.881345 23.446222 83.000000 
-127.747353 -3.875412 23.440884 78.000000 
-127.798874 -3.676153 23.460222 59.000000 
-127.724083 -3.891100 23.446323 81.000000 
-127.782562 -3.675131 23.457142 64.000000 
-127.706886 -3.893579 23.445202 78.000000 
-127.764786 -3.677528 23.455675 81.000000 
-127.829903 -3.438999 23.466408 58.000000 
-127.691185 -3.892790 23.442461 59.000000 
-127.747040 -3.679985 23.454250 81.000000 
-127.816566 -3.429397 23.459364 62.000000 
-127.726433 -3.689254 23.456041 77.000000 
-127.791008 -3.448892 23.465124 48.000000 
-127.710915 -3.686766 23.452328 75.000000 
-127.779076 -3.435970 23.456638 74.000000 
-127.693977 -3.687709 23.450237 70.000000 
-127.758629 -3.443632 23.457235 116.000000 
-127.735466 -3.458227 23.460920 117.000000 
-127.805862 -3.187164 23.467316 50.000000 
-127.718636 -3.457455 23.457836 117.000000 
-127.784180 -3.196654 23.468237 47.000000 
-127.704536 -3.449863 23.451740 117.000000 
-127.770004 -3.187089 23.461290 111.000000 
-127.687012 -3.450912 23.449486 119.000000 
-127.748413 -3.196711 23.462309 124.000000 
-127.666145 -3.460625 23.451097 45.000000 
-127.729553 -3.199439 23.460491 126.000000 
-127.710716 -3.202228 23.458717 126.000000 
-127.781097 -2.910194 23.467867 106.000000 
-127.688667 -3.213808 23.460630 125.000000 
-127.764069 -2.905858 23.462994 108.000000 
-127.671219 -3.213235 23.457497 125.000000 
-127.744476 -2.908639 23.460905 122.000000 
-127.654411 -3.210966 23.453667 121.000000 
-127.723656 -2.915022 23.460243 127.000000 
-127.700623 -2.930530 23.463329 128.000000 
-127.683647 -2.926428 23.458618 126.000000 
-127.667130 -2.926324 23.455795 128.000000 
-127.647705 -2.929418 23.453936 127.000000 
-128.004501 -6.661129 23.435852 45.000000 
-127.993874 -6.657442 23.432613 63.000000 
-127.979843 -6.657467 23.432718 55.000000 
-127.964714 -6.658775 23.433969 58.000000 
-127.950104 -6.660377 23.435474 74.000000 
-127.939484 -6.656858 23.432350 86.000000 
-127.931702 -6.649426 23.425686 77.000000 
-127.973534 -6.548697 23.440374 46.000000 
-127.915550 -6.652172 23.428198 74.000000 
-127.963715 -6.543874 23.436054 48.000000 
-127.902115 -6.652726 23.428720 74.000000 
-127.952179 -6.541869 23.434141 61.000000 
-127.890404 -6.650605 23.426819 74.000000 
-127.937988 -6.542218 23.434219 60.000000 
-127.878212 -6.648297 23.424742 74.000000 
-127.920082 -6.546226 23.437403 73.000000 
-127.982964 -6.416913 23.432886 72.000000 
-127.870804 -6.641252 23.418377 74.000000 
-127.915627 -6.535145 23.427708 70.000000 
-127.968452 -6.417318 23.432743 52.000000 
-127.854790 -6.644259 23.421078 77.000000 
-127.901466 -6.535636 23.427885 68.000000 
-127.946495 -6.426987 23.440075 56.000000 
-127.845215 -6.639786 23.417019 68.000000 
-127.895844 -6.525874 23.419300 68.000000 
-127.937386 -6.420925 23.434702 64.000000 
-127.879578 -6.529029 23.421738 68.000000 
-127.922966 -6.421494 23.434679 70.000000 
-127.972076 -6.302908 23.444281 50.000000 
-127.863358 -6.532246 23.424221 70.000000 
-127.912766 -6.416821 23.430416 68.000000 
-127.965744 -6.292675 23.435747 57.000000 
-127.850266 -6.533380 23.424948 62.000000 
-127.899391 -6.417946 23.430882 68.000000 
-127.954147 -6.291068 23.433868 65.000000 
-127.841415 -6.527620 23.419750 47.000000 
-127.882942 -6.421317 23.433107 66.000000 
-127.943573 -6.286304 23.429502 69.000000 
-127.874809 -6.414095 23.426767 64.000000 
-127.923698 -6.293827 23.434525 77.000000 
-127.862526 -6.412232 23.424751 66.000000 
-127.909035 -6.294607 23.434391 88.000000 
-127.971687 -6.151726 23.431433 62.000000 
-127.852280 -6.407736 23.420601 66.000000 
-127.896431 -6.292708 23.432205 83.000000 
-127.951553 -6.159475 23.436073 47.000000 
-127.836945 -6.409969 23.421888 56.000000 
-127.885857 -6.288113 23.427950 85.000000 
-127.930504 -6.168702 23.441792 61.000000 
-127.872719 -6.286065 23.425604 77.000000 
-127.921051 -6.160969 23.435183 65.000000 
-127.977638 -6.021609 23.441029 49.000000 
-127.858109 -6.287039 23.425606 77.000000 
-127.907104 -6.160513 23.433889 82.000000 
-127.960327 -6.025368 23.442410 74.000000 
-127.842072 -6.291041 23.427963 77.000000 
-127.896698 -6.156116 23.429787 84.000000 
-127.948578 -6.022258 23.439150 51.000000 
-127.826538 -6.293502 23.429102 64.000000 
-127.883759 -6.154339 23.427530 68.000000 
-127.934280 -6.021820 23.437660 55.000000 
-127.868301 -6.155200 23.427137 56.000000 
-127.920418 -6.019758 23.434998 64.000000 
-127.848557 -6.163410 23.432129 65.000000 
-127.904205 -6.022303 23.435556 95.000000 
-127.957848 -5.878894 23.444471 51.000000 
-127.836227 -6.162008 23.430191 67.000000 
-127.886673 -6.028025 23.438358 75.000000 
-127.948608 -5.871413 23.438280 51.000000 
-127.825272 -6.157588 23.426010 61.000000 
-127.878220 -6.019116 23.431053 79.000000 
-127.932053 -5.874038 23.438572 48.000000 
-127.863609 -6.020597 23.430944 79.000000 
-127.913284 -5.881385 23.442007 53.000000 
-127.853195 -6.014647 23.425667 75.000000 
-127.900589 -5.878217 23.438547 70.000000 
-127.959663 -5.719099 23.443855 49.000000 
-127.835587 -6.018680 23.427197 75.000000 
-127.884499 -5.879306 23.437784 68.000000 
-127.936592 -5.730671 23.449249 62.000000 
-127.814873 -6.028826 23.433002 75.000000 
-127.875526 -5.870293 23.430521 65.000000 
-127.929977 -5.716892 23.439165 52.000000 
-127.858185 -5.874678 23.431978 63.000000 
-127.914070 -5.718251 23.438381 61.000000 
-127.841812 -5.877636 23.432512 68.000000 
-127.898193 -5.719666 23.437635 78.000000 
-127.828217 -5.876183 23.430174 66.000000 
-127.883247 -5.719619 23.435995 85.000000 
-127.933197 -5.558252 23.444963 55.000000 
-127.815529 -5.873280 23.426889 63.000000 
-127.869225 -5.718102 23.433455 82.000000 
-127.913376 -5.565923 23.447596 47.000000 
-127.805527 -5.865931 23.420700 48.000000 
-127.853409 -5.719676 23.432821 79.000000 
-127.892738 -5.575215 23.451187 60.000000 
-127.840286 -5.716731 23.429405 73.000000 
-127.878105 -5.575508 23.449640 67.000000 
-127.828659 -5.712523 23.425287 73.000000 
-127.865494 -5.570962 23.445187 67.000000 
-127.924118 -5.394515 23.453682 50.000000 
-127.812012 -5.715772 23.425703 67.000000 
-127.853096 -5.564675 23.439629 64.000000 
-127.835251 -5.569553 23.440683 59.000000 
-127.893745 -5.391296 23.447763 51.000000 
-127.817467 -5.574495 23.441788 59.000000 
-127.879745 -5.388293 23.444096 60.000000 
-127.801430 -5.576376 23.441111 61.000000 
-127.863197 -5.390094 23.443081 62.000000 
-127.926231 -5.196783 23.450495 49.000000 
-127.787956 -5.573620 23.437723 56.000000 
-127.842484 -5.399898 23.446501 65.000000 
-127.910019 -5.196940 23.448343 52.000000 
-127.831017 -5.392275 23.440298 73.000000 
-127.890518 -5.203613 23.449591 48.000000 
-127.819511 -5.384683 23.434113 69.000000 
-127.870270 -5.211974 23.451736 60.000000 
-127.806313 -5.380313 23.429710 64.000000 
-127.853348 -5.213931 23.450560 75.000000 
-127.786591 -5.388765 23.432425 57.000000 
-127.842918 -5.202971 23.442650 69.000000 
-127.904633 -4.998450 23.452211 57.000000 
-127.826813 -5.203403 23.440691 63.000000 
-127.890358 -4.993830 23.447521 53.000000 
-127.809807 -5.207358 23.440695 61.000000 
-127.875191 -4.992777 23.444710 61.000000 
-127.789803 -5.216037 23.443079 58.000000 
-127.859314 -4.991548 23.441702 82.000000 
-127.776917 -5.210122 23.437826 51.000000 
-127.839561 -4.998632 23.442802 78.000000 
-127.897682 -4.789698 23.458965 46.000000 
-127.819107 -5.007443 23.444777 81.000000 
-127.801064 -5.009483 23.443304 78.000000 
-127.863388 -4.788709 23.453163 51.000000 
-127.788315 -5.001848 23.437174 71.000000 
-127.842499 -4.797659 23.454733 61.000000 
-127.774734 -4.997781 23.432930 67.000000 
-127.824669 -4.801855 23.454243 70.000000 
-127.894638 -4.555044 23.462299 54.000000 
-127.810562 -4.795781 23.448856 73.000000 
-127.879822 -4.548745 23.456739 56.000000 
-127.795685 -4.791435 23.444281 68.000000 
-127.856277 -4.562986 23.460159 61.000000 
-127.777893 -4.793888 23.442888 73.000000 
-127.843628 -4.551664 23.452427 106.000000 
-127.755096 -4.808234 23.447075 64.000000 
-127.827339 -4.548934 23.448458 114.000000 
-127.805405 -4.559963 23.450539 115.000000 
-127.873535 -4.297565 23.462168 103.000000 
-127.781464 -4.576218 23.454943 115.000000 
-127.857941 -4.291298 23.456596 47.000000 
-127.765968 -4.571956 23.450354 115.000000 
-127.837509 -4.297240 23.456053 114.000000 
-127.749168 -4.573104 23.448290 68.000000 
-127.815903 -4.308689 23.457951 124.000000 
-127.795609 -4.314774 23.457518 126.000000 
-127.870384 -4.019766 23.467390 53.000000 
-127.779877 -4.306769 23.451138 126.000000 
-127.850471 -4.020306 23.464237 104.000000 
-127.760956 -4.309492 23.449350 126.000000 
-127.833382 -4.015842 23.459332 108.000000 
-127.741409 -4.314022 23.448332 125.000000 
-127.813690 -4.018492 23.457188 121.000000 
-127.721260 -4.320364 23.448088 123.000000 
-127.794662 -4.019438 23.454405 126.000000 
-127.769958 -4.036365 23.457838 127.000000 
-127.749146 -4.042759 23.457220 126.000000 
-127.731720 -4.042342 23.454132 126.000000 
-127.714676 -4.038225 23.449461 126.000000 
-128.055817 -7.818095 23.421232 68.000000 
-128.041122 -7.819399 23.422590 58.000000 
-128.026001 -7.820512 23.423775 78.000000 
-128.020004 -7.811965 23.416130 83.000000 
-128.006027 -7.811952 23.416265 74.000000 
-127.992073 -7.811992 23.416439 86.000000 
-128.044174 -7.701904 23.422365 53.000000 
-127.980385 -7.809636 23.414417 77.000000 
-128.033295 -7.698205 23.419056 50.000000 
-127.968224 -7.807084 23.412210 77.000000 
-128.017456 -7.699326 23.419889 64.000000 
-127.960976 -7.799892 23.405756 65.000000 
-127.995506 -7.708315 23.427509 60.000000 
-127.949738 -7.797881 23.404015 68.000000 
-127.984062 -7.706266 23.425610 61.000000 
-128.048676 -7.577867 23.421083 55.000000 
-127.933640 -7.800615 23.406599 74.000000 
-127.976524 -7.698952 23.419151 61.000000 
-128.028687 -7.584569 23.426157 54.000000 
-127.919296 -7.800704 23.406761 68.000000 
-127.966263 -7.693957 23.414679 56.000000 
-128.014832 -7.583312 23.424719 66.000000 
-127.907631 -7.798596 23.404907 74.000000 
-127.954300 -7.691773 23.412630 56.000000 
-128.004745 -7.578442 23.420347 66.000000 
-127.938026 -7.694729 23.415010 60.000000 
-127.997864 -7.569688 23.412800 76.000000 
-128.043076 -7.458200 23.427801 48.000000 
-127.926086 -7.692638 23.413027 61.000000 
-127.978050 -7.576642 23.418062 81.000000 
-128.031555 -7.454586 23.424366 51.000000 
-127.914642 -7.690817 23.411278 63.000000 
-127.965233 -7.576048 23.417183 76.000000 
-128.024811 -7.445892 23.417044 57.000000 
-127.906967 -7.683675 23.404921 61.000000 
-127.952988 -7.573949 23.415049 76.000000 
-128.007950 -7.449055 23.418827 72.000000 
-127.898674 -7.678064 23.399887 45.000000 
-127.941246 -7.572126 23.413155 76.000000 
-127.988503 -7.456559 23.423994 74.000000 
-127.932152 -7.566154 23.407846 78.000000 
-127.978043 -7.451765 23.419634 77.000000 
-128.035263 -7.319366 23.423735 50.000000 
-127.918869 -7.563711 23.405369 78.000000 
-127.966515 -7.446529 23.414860 81.000000 
-128.013962 -7.326370 23.427860 47.000000 
-127.899353 -7.571040 23.410913 74.000000 
-127.949799 -7.449926 23.416817 74.000000 
-127.999008 -7.327035 23.427450 56.000000 
-127.888145 -7.569613 23.409344 55.000000 
-127.938293 -7.448426 23.415052 75.000000 
-127.994408 -7.315764 23.418409 63.000000 
-127.923698 -7.449216 23.414991 81.000000 
-127.978424 -7.317897 23.419067 82.000000 
-128.026245 -7.193366 23.434433 58.000000 
-127.911163 -7.447336 23.412861 74.000000 
-127.961456 -7.321479 23.420786 75.000000 
-128.020111 -7.181366 23.425014 50.000000 
-127.898636 -7.445498 23.410759 70.000000 
-127.945557 -7.323733 23.421532 60.000000 
-128.002823 -7.185012 23.426403 57.000000 
-127.889084 -7.437784 23.404034 47.000000 
-127.930618 -7.322788 23.419849 68.000000 
-127.988464 -7.182546 23.423454 64.000000 
-127.915779 -7.323759 23.419657 64.000000 
-127.969261 -7.189170 23.426908 85.000000 
-127.911865 -7.309368 23.408207 60.000000 
-127.957047 -7.185862 23.423491 82.000000 
-128.013123 -7.041743 23.430975 48.000000 
-127.895042 -7.313225 23.410126 60.000000 
-127.945801 -7.181160 23.419107 79.000000 
-127.997566 -7.042717 23.430258 48.000000 
-127.934692 -7.178393 23.416174 75.000000 
-127.983192 -7.044226 23.430029 55.000000 
-127.920502 -7.178069 23.414820 79.000000 
-127.972527 -7.037984 23.424591 66.000000 
-127.903435 -7.182112 23.416498 79.000000 
-127.960861 -7.033238 23.420130 68.000000 
-128.012909 -6.888207 23.433477 49.000000 
-127.890259 -7.180452 23.414221 82.000000 
-127.941536 -7.040283 23.423403 72.000000 
-127.999878 -6.884839 23.429817 46.000000 
-127.922867 -7.047633 23.426952 72.000000 
-127.983665 -6.887747 23.430126 52.000000 
-127.913124 -7.040082 23.420654 70.000000 
-127.968765 -6.887472 23.428391 66.000000 
-127.900284 -7.035054 23.415876 68.000000 
-127.948936 -6.892790 23.429974 84.000000 
-128.002853 -6.729300 23.436651 52.000000 
-127.886734 -7.033478 23.413500 72.000000 
-127.936867 -6.888112 23.425512 76.000000 
-127.866379 -7.044023 23.419176 54.000000 
-127.927208 -6.880684 23.419420 76.000000 
-127.964706 -6.742934 23.441177 56.000000 
-127.908684 -6.886646 23.421577 73.000000 
-127.952499 -6.736434 23.435509 58.000000 
-127.895065 -6.883373 23.417917 88.000000 
-127.936386 -6.737903 23.434612 72.000000 
-127.995476 -6.565509 23.444485 47.000000 
-127.875740 -6.890977 23.421116 76.000000 
-127.925125 -6.733723 23.430574 67.000000 
-127.863953 -6.888475 23.418173 49.000000 
-127.902824 -6.746101 23.436111 64.000000 
-127.970772 -6.556392 23.435663 48.000000 
-127.891479 -6.738235 23.429649 64.000000 
-127.955330 -6.554558 23.432571 60.000000 
-127.877205 -6.736821 23.427078 64.000000 
-127.934456 -6.564028 23.435865 68.000000 
-127.865303 -6.732573 23.422926 61.000000 
-127.922089 -6.559622 23.431555 71.000000 
-127.988876 -6.364021 23.436605 52.000000 
-127.912491 -6.548707 23.423525 66.000000 
-127.968475 -6.372050 23.438620 52.000000 
-127.895348 -6.550234 23.422329 71.000000 
-127.948311 -6.378312 23.439619 63.000000 
-127.877205 -6.555212 23.423164 66.000000 
-127.931412 -6.380063 23.438374 75.000000 
-127.859108 -6.560254 23.424051 64.000000 
-127.919540 -6.372217 23.432095 72.000000 
-127.980621 -6.175220 23.444458 55.000000 
-127.901001 -6.377293 23.432617 61.000000 
-127.969780 -6.163908 23.436476 52.000000 
-127.879242 -6.388889 23.436592 63.000000 
-127.953171 -6.164081 23.434177 64.000000 
-127.864090 -6.387642 23.433813 60.000000 
-127.935768 -6.165948 23.432732 85.000000 
-127.851509 -6.379754 23.427425 61.000000 
-127.913681 -6.175850 23.435171 83.000000 
-127.895569 -6.179490 23.434637 71.000000 
-127.882072 -6.177063 23.431332 72.000000 
-127.941048 -5.970612 23.447012 51.000000 
-127.866364 -6.175874 23.428417 72.000000 
-127.926338 -5.965954 23.442278 64.000000 
-127.849884 -6.176385 23.426361 67.000000 
-127.910843 -5.963012 23.438351 75.000000 
-127.893806 -5.963466 23.436026 70.000000 
-127.964035 -5.722576 23.445702 58.000000 
-127.873756 -5.970676 23.436888 68.000000 
-127.949356 -5.716158 23.440100 54.000000 
-127.853027 -5.979636 23.438593 68.000000 
-127.933159 -5.713178 23.436016 71.000000 
-127.838333 -5.975235 23.434032 73.000000 
-127.914001 -5.717052 23.434963 116.000000 
-127.819183 -5.980967 23.434254 50.000000 
-127.886833 -5.739720 23.442234 116.000000 
-127.962059 -5.469885 23.449541 47.000000 
-127.867737 -5.739889 23.439325 117.000000 
-127.940712 -5.473326 23.447681 103.000000 
-127.848038 -5.745686 23.439196 108.000000 
-127.916039 -5.489398 23.451370 107.000000 
-127.838486 -5.731488 23.430483 117.000000 
-127.899445 -5.490457 23.449165 124.000000 
-127.818817 -5.737393 23.430429 57.000000 
-127.880562 -5.492843 23.447233 124.000000 
-127.862396 -5.493559 23.444626 122.000000 
-127.938019 -5.202880 23.454462 101.000000 
-127.843567 -5.496069 23.442783 122.000000 
-127.923141 -5.192971 23.447449 102.000000 
-127.824089 -5.500375 23.441710 123.000000 
-127.904854 -5.191879 23.443869 120.000000 
-127.804649 -5.504748 23.440683 123.000000 
-127.883224 -5.199632 23.443750 126.000000 
-127.857719 -5.218012 23.447809 122.000000 
-127.838234 -5.220642 23.445753 120.000000 
-127.819870 -5.217830 23.441433 123.000000 
-127.801056 -5.218820 23.438770 120.000000 
-127.784164 -5.214573 23.434071 51.000000 
-128.103256 -8.970571 23.408386 45.000000 
-128.095093 -8.964325 23.402847 61.000000 
-128.083405 -8.961695 23.400631 68.000000 
-128.072876 -8.957903 23.397335 80.000000 
-128.054291 -8.962574 23.401825 68.000000 
-128.040359 -8.962492 23.401928 68.000000 
-128.103699 -8.841783 23.398024 58.000000 
-128.028717 -8.960044 23.399837 80.000000 
-128.081467 -8.850384 23.405422 53.000000 
-128.019333 -8.955210 23.395542 83.000000 
-128.061600 -8.856591 23.410730 60.000000 
-128.009933 -8.950404 23.391264 74.000000 
-128.051941 -8.851661 23.406340 61.000000 
-127.993309 -8.952701 23.393522 77.000000 
-128.044022 -8.844014 23.399570 60.000000 
-128.090759 -8.737732 23.413157 52.000000 
-127.977211 -8.955298 23.396040 77.000000 
-128.029846 -8.844147 23.399570 63.000000 
-128.081879 -8.731433 23.407614 58.000000 
-127.968750 -8.951081 23.392262 74.000000 
-128.018890 -8.842303 23.397854 58.000000 
-128.070648 -8.729514 23.405704 68.000000 
-127.957123 -8.948876 23.390339 80.000000 
-128.000336 -8.847564 23.402300 60.000000 
-128.058411 -8.727135 23.403376 66.000000 
-127.944397 -8.947941 23.389576 49.000000 
-127.990639 -8.842812 23.398026 58.000000 
-128.046173 -8.724799 23.401073 66.000000 
-127.980919 -8.838089 23.393766 60.000000 
-128.026291 -8.731564 23.406256 80.000000 
-128.089615 -8.599548 23.404064 57.000000 
-127.971176 -8.833395 23.389526 61.000000 
-128.018448 -8.724142 23.399759 76.000000 
-128.077042 -8.597194 23.401602 66.000000 
-127.959251 -8.831269 23.387514 63.000000 
-128.004059 -8.724538 23.399689 72.000000 
-128.056931 -8.604191 23.406410 77.000000 
-127.943031 -8.834272 23.389959 56.000000 
-127.994003 -8.719776 23.395369 76.000000 
-128.042252 -8.604606 23.406096 77.000000 
-127.981796 -8.717656 23.393215 71.000000 
-128.033997 -8.597061 23.399584 91.000000 
-128.080673 -8.480123 23.414686 63.000000 
-127.967453 -8.718192 23.393246 74.000000 
-128.023560 -8.592214 23.395164 85.000000 
-128.073120 -8.471036 23.407122 51.000000 
-127.955254 -8.716160 23.391153 74.000000 
-128.004684 -8.598125 23.399120 88.000000 
-128.058136 -8.471554 23.406620 59.000000 
-127.943054 -8.714168 23.389090 72.000000 
-127.981689 -8.609485 23.407324 77.000000 
-128.046326 -8.468008 23.403126 82.000000 
-127.973396 -8.602093 23.400909 75.000000 
-128.031372 -8.468626 23.402695 78.000000 
-128.085434 -8.337520 23.412968 59.000000 
-127.967133 -8.592023 23.392401 77.000000 
-128.012314 -8.474811 23.406366 81.000000 
-128.074280 -8.332520 23.408365 55.000000 
-127.954620 -8.590074 23.390219 74.000000 
-127.999496 -8.472786 23.403988 75.000000 
-128.057999 -8.334602 23.408693 58.000000 
-127.940063 -8.590874 23.390179 70.000000 
-127.988724 -8.468038 23.399597 64.000000 
-128.039688 -8.339567 23.411032 64.000000 
-127.975891 -8.466092 23.397272 70.000000 
-128.025513 -8.338944 23.409481 69.000000 
-127.965630 -8.461646 23.393141 68.000000 
-128.014923 -8.334360 23.405220 82.000000 
-128.067291 -8.197978 23.417334 45.000000 
-127.944756 -8.470910 23.399092 68.000000 
-128.005753 -8.326727 23.398773 79.000000 
-128.052765 -8.197373 23.415586 48.000000 
-127.931435 -8.468880 23.396654 64.000000 
-127.987022 -8.331681 23.401058 75.000000 
-128.040649 -8.192224 23.410776 55.000000 
-127.969902 -8.335518 23.402622 75.000000 
-128.030060 -8.185903 23.405258 66.000000 
-127.958305 -8.332514 23.399464 79.000000 
-128.012192 -8.191493 23.407673 75.000000 
-128.071381 -8.038200 23.415045 47.000000 
-127.944191 -8.332176 23.398111 72.000000 
-127.993797 -8.196909 23.409912 72.000000 
-128.055496 -8.039181 23.414082 55.000000 
-127.929527 -8.331656 23.396576 58.000000 
-127.981659 -8.191940 23.405224 70.000000 
-128.040009 -8.038486 23.411999 66.000000 
-127.968155 -8.190168 23.402716 70.000000 
-128.022247 -8.042557 23.412977 68.000000 
-127.957146 -8.185743 23.398518 68.000000 
-128.011810 -8.036489 23.407701 84.000000 
-128.054932 -7.893155 23.425922 46.000000 
-127.944588 -8.182587 23.395092 75.000000 
-127.996956 -8.036189 23.405956 73.000000 
-128.041580 -7.889762 23.422138 55.000000 
-127.924477 -8.191228 23.399492 66.000000 
-127.985863 -8.029952 23.400496 71.000000 
-128.026367 -7.889461 23.420183 63.000000 
-127.965416 -8.038737 23.404449 73.000000 
-128.016724 -7.880053 23.412851 57.000000 
-127.947838 -8.043097 23.405642 73.000000 
-127.996910 -7.887483 23.415478 69.000000 
-127.934906 -8.040002 23.402161 79.000000 
-127.976250 -7.896517 23.419071 66.000000 
-127.919228 -8.041468 23.401548 64.000000 
-127.965660 -7.888767 23.412727 61.000000 
-128.030792 -7.707399 23.416515 48.000000 
-127.951424 -7.887187 23.410042 64.000000 
-128.012466 -7.711925 23.417059 60.000000 
-127.937187 -7.885652 23.407389 66.000000 
-127.996864 -7.711827 23.415030 65.000000 
-127.922951 -7.884164 23.404766 61.000000 
-127.984802 -7.705519 23.409529 60.000000 
-128.041046 -7.532750 23.426092 49.000000 
-127.906075 -7.887350 23.404930 55.000000 
-127.970078 -7.703950 23.406685 59.000000 
-128.030212 -7.523101 23.418804 51.000000 
-127.953613 -7.705568 23.405638 62.000000 
-128.013275 -7.524641 23.417425 69.000000 
-127.935448 -7.710388 23.406399 62.000000 
-127.997223 -7.524642 23.415245 73.000000 
-127.919907 -7.710548 23.404552 65.000000 
-127.980324 -7.526295 23.413948 78.000000 
-127.908646 -7.702878 23.398300 66.000000 
-127.960075 -7.534410 23.416090 76.000000 
-128.035034 -7.313673 23.415369 55.000000 
-127.945778 -7.531377 23.412333 66.000000 
-128.011765 -7.326717 23.419472 55.000000 
-127.932312 -7.526783 23.407751 65.000000 
-127.992760 -7.331706 23.419579 78.000000 
-127.913033 -7.533484 23.409184 75.000000 
-127.974625 -7.335131 23.418922 81.000000 
-127.901199 -7.525766 23.402952 69.000000 
-127.962234 -7.327188 23.412588 78.000000 
-128.024353 -7.119730 23.427378 50.000000 
-127.944939 -7.329089 23.411192 67.000000 
-128.004105 -7.126513 23.427973 55.000000 
-127.924469 -7.337598 23.413124 68.000000 
-127.989502 -7.121747 23.423151 61.000000 
-127.905663 -7.342902 23.413467 70.000000 
-127.973297 -7.120352 23.419926 84.000000 
-127.890076 -7.341707 23.410559 63.000000 
-127.948479 -7.137310 23.425381 72.000000 
-128.030258 -6.877153 23.425076 58.000000 
-127.930016 -7.141038 23.424612 66.000000 
-128.014160 -6.874004 23.420874 47.000000 
-127.916985 -7.133151 23.418358 73.000000 
-127.995750 -6.875973 23.418951 62.000000 
-127.903908 -7.125300 23.412125 84.000000 
-127.970558 -6.893228 23.423836 108.000000 
-127.885483 -7.129189 23.411469 70.000000 
-127.949265 -6.902110 23.425035 114.000000 
-127.932556 -6.904745 23.423748 111.000000 
-128.008118 -6.639078 23.431288 103.000000 
-127.918045 -6.898492 23.418240 102.000000 
-127.988449 -6.642893 23.429888 49.000000 
-127.902031 -6.895678 23.414274 117.000000 
-127.973183 -6.636456 23.424227 120.000000 
-127.877289 -6.913325 23.419474 74.000000 
-127.955002 -6.636950 23.421474 124.000000 
-127.928825 -6.652556 23.424776 124.000000 
-128.007782 -6.360936 23.433123 47.000000 
-127.907913 -6.660090 23.425022 124.000000 
-127.994469 -6.347437 23.424643 113.000000 
-127.889862 -6.660788 23.422421 123.000000 
-127.967232 -6.368912 23.429867 117.000000 
-127.873909 -6.656357 23.417677 122.000000 
-127.944969 -6.378249 23.430372 122.000000 
-127.855179 -6.658896 23.415882 53.000000 
-127.926178 -6.378909 23.427498 125.000000 
-127.906723 -6.381382 23.425356 123.000000 
-127.889969 -6.376902 23.420492 123.000000 
-127.867256 -6.388275 23.421906 123.000000 
-127.849388 -6.389398 23.419445 119.000000 
-128.141693 -10.117897 23.388790 56.000000 
-128.133347 -10.113254 23.384798 58.000000 
-128.121689 -10.110490 23.382587 58.000000 
-128.103745 -10.113451 23.385715 71.000000 
-128.083984 -10.119119 23.391338 74.000000 
-128.074722 -10.114126 23.387016 80.000000 
-128.137131 -9.996729 23.385132 72.000000 
-128.063126 -10.111556 23.384941 83.000000 
-128.111389 -10.008777 23.395790 50.000000 
-128.054291 -10.106871 23.380873 80.000000 
-128.102280 -10.003957 23.391603 59.000000 
-128.040405 -10.106777 23.381083 80.000000 
-128.090408 -10.001380 23.389383 61.000000 
-128.024277 -10.109146 23.383575 80.000000 
-128.083069 -9.993897 23.382841 56.000000 
-128.135605 -9.883169 23.392162 52.000000 
-128.017227 -10.101912 23.377119 74.000000 
-128.064392 -9.998828 23.387205 63.000000 
-128.121140 -9.883110 23.391893 54.000000 
-128.005157 -10.099298 23.374968 77.000000 
-128.045303 -10.003590 23.391415 60.000000 
-128.110687 -9.877757 23.387207 60.000000 
-128.000275 -10.089683 23.366276 77.000000 
-128.037933 -9.996218 23.384945 60.000000 
-128.092911 -9.881624 23.390186 68.000000 
-128.026566 -9.994099 23.383087 58.000000 
-128.076782 -9.884531 23.392374 64.000000 
-128.021347 -9.984271 23.374441 60.000000 
-128.066849 -9.879560 23.387999 68.000000 
-128.122864 -9.758807 23.394012 52.000000 
-128.005539 -9.987227 23.377031 58.000000 
-128.052979 -9.880003 23.388130 70.000000 
-128.110870 -9.756587 23.391800 54.000000 
-127.987099 -9.992520 23.381666 61.000000 
-128.046295 -9.871241 23.380590 62.000000 
-128.097290 -9.755470 23.390425 64.000000 
-128.027679 -9.874907 23.383350 66.000000 
-128.087021 -9.748620 23.384491 77.000000 
-128.013367 -9.875254 23.383369 66.000000 
-128.074509 -9.746269 23.382137 78.000000 
-128.121460 -9.631283 23.398170 45.000000 
-128.003876 -9.870707 23.379328 66.000000 
-128.060379 -9.746860 23.382114 93.000000 
-128.116699 -9.619660 23.388830 56.000000 
-127.991737 -9.868547 23.377251 64.000000 
-128.041458 -9.752569 23.386089 85.000000 
-128.100647 -9.621367 23.389345 61.000000 
-127.983284 -9.862761 23.372166 58.000000 
-128.029526 -9.750607 23.384056 83.000000 
-128.081985 -9.627466 23.393158 77.000000 
-128.012833 -9.753781 23.386032 81.000000 
-128.068146 -9.626572 23.391739 64.000000 
-128.004608 -9.746323 23.379639 83.000000 
-128.053268 -9.627092 23.391371 78.000000 
-128.115860 -9.487043 23.394213 58.000000 
-127.989014 -9.748262 23.380636 58.000000 
-128.044662 -9.619452 23.384930 75.000000 
-128.100601 -9.487550 23.393572 58.000000 
-127.970337 -9.754287 23.384850 56.000000 
-128.032913 -9.615950 23.381561 62.000000 
-128.085388 -9.488112 23.392973 69.000000 
-128.014954 -9.620728 23.384356 64.000000 
-128.073273 -9.484521 23.389452 62.000000 
-127.998085 -9.624201 23.386179 68.000000 
-128.063202 -9.478158 23.383980 74.000000 
-128.115097 -9.345201 23.398075 45.000000 
-127.987381 -9.619459 23.381882 66.000000 
-128.043930 -9.484494 23.387444 79.000000 
-128.103622 -9.340121 23.393471 51.000000 
-127.978683 -9.611986 23.375544 64.000000 
-128.026764 -9.488085 23.388977 82.000000 
-128.090088 -9.337953 23.390799 57.000000 
-128.013657 -9.486088 23.386578 79.000000 
-128.072571 -9.341593 23.391993 66.000000 
-128.004562 -9.478471 23.380215 82.000000 
-128.054092 -9.346743 23.394197 75.000000 
-127.991447 -9.476550 23.377865 82.000000 
-128.037659 -9.349070 23.394527 89.000000 
-128.103149 -9.189225 23.396702 51.000000 
-127.976906 -9.477750 23.377766 79.000000 
-128.024780 -9.347352 23.392227 75.000000 
-128.083984 -9.196238 23.399729 62.000000 
-128.013290 -9.342534 23.387800 75.000000 
-128.072067 -9.191247 23.395142 68.000000 
-127.995377 -9.346234 23.388994 73.000000 
-128.059540 -9.186045 23.390347 68.000000 
-127.978088 -9.350241 23.390461 69.000000 
-128.046616 -9.182611 23.386738 84.000000 
-128.094513 -9.035452 23.402267 50.000000 
-127.963341 -9.351625 23.390240 75.000000 
-128.026642 -9.191348 23.390882 73.000000 
-128.076447 -9.039508 23.403011 56.000000 
-127.953766 -9.344061 23.383976 48.000000 
-128.008057 -9.196942 23.392982 76.000000 
-128.061264 -9.039086 23.401100 65.000000 
-127.996140 -9.192172 23.388542 76.000000 
-128.042358 -9.044785 23.402843 61.000000 
-127.986069 -9.184451 23.382235 85.000000 
-128.025360 -9.047516 23.402826 67.000000 
-128.095917 -8.862606 23.404020 47.000000 
-127.972229 -9.182738 23.379726 79.000000 
-128.012100 -9.044216 23.399218 66.000000 
-128.080032 -8.864023 23.403028 50.000000 
-127.952843 -9.190060 23.382944 61.000000 
-128.004349 -9.031807 23.390169 67.000000 
-128.064697 -8.861897 23.399862 60.000000 
-127.986473 -9.036214 23.391171 69.000000 
-128.054291 -8.854103 23.393698 56.000000 
-127.966843 -9.043746 23.394053 69.000000 
-128.038925 -8.852068 23.390593 62.000000 
-128.095383 -8.683127 23.408848 54.000000 
-127.954483 -9.039096 23.389648 72.000000 
-128.019745 -8.858113 23.392147 65.000000 
-128.082016 -8.678103 23.404091 63.000000 
-127.997078 -8.870470 23.397284 62.000000 
-128.065979 -8.677872 23.401882 67.000000 
-127.984222 -8.865731 23.392771 62.000000 
-128.049072 -8.679280 23.400557 65.000000 
-127.971581 -8.859233 23.387171 65.000000 
-128.023682 -8.694806 23.406662 75.000000 
-127.961288 -8.849870 23.380039 60.000000 
-128.011200 -8.688398 23.401197 68.000000 
-128.081863 -8.481576 23.406765 63.000000 
-127.996124 -8.686805 23.398306 65.000000 
-128.066208 -8.479827 23.403597 59.000000 
-127.981888 -8.683665 23.394594 65.000000 
-128.048004 -8.482986 23.402903 75.000000 
-127.964264 -8.686961 23.394333 67.000000 
-128.033218 -8.479723 23.398994 83.000000 
-127.945007 -8.693520 23.395834 73.000000 
-128.020081 -8.473257 23.393480 92.000000 
-128.077957 -8.279702 23.414503 51.000000 
-127.931480 -8.690763 23.392452 46.000000 
-128.000153 -8.481701 23.395597 81.000000 
-128.059250 -8.284868 23.414581 46.000000 
-127.977142 -8.494862 23.400005 72.000000 
-128.050446 -8.268393 23.404306 61.000000 
-127.961586 -8.493443 23.397072 75.000000 
-128.025360 -8.284986 23.409702 70.000000 
-127.947647 -8.488808 23.392519 75.000000 
-128.004425 -8.293406 23.411253 81.000000 
-127.934486 -8.482580 23.387163 56.000000 
-127.989136 -8.290300 23.407345 73.000000 
-128.070877 -8.036060 23.408787 55.000000 
-127.972267 -8.290563 23.405050 70.000000 
-128.046234 -8.051279 23.412880 74.000000 
-127.957817 -8.284000 23.399395 66.000000 
-128.025635 -8.056252 23.412300 108.000000 
-127.937065 -8.292683 23.401140 60.000000 
-128.006622 -8.059855 23.411263 116.000000 
-127.988403 -8.061834 23.409517 74.000000 
-128.070023 -7.790351 23.413910 103.000000 
-127.973999 -8.055432 23.404030 108.000000 
-128.051086 -7.792241 23.411806 111.000000 
-127.952812 -8.066212 23.406395 72.000000 
-128.034470 -7.791013 23.408558 124.000000 
-127.933189 -8.071756 23.406301 74.000000 
-128.009659 -7.806730 23.412300 124.000000 
-127.990120 -7.810533 23.411066 124.000000 
-127.969162 -7.817837 23.411329 121.000000 
-128.053665 -7.520250 23.416155 101.000000 
-127.950424 -7.820055 23.409468 121.000000 
-128.033401 -7.524045 23.414564 120.000000 
-127.934570 -7.815451 23.404741 121.000000 
-128.013168 -7.527906 23.413021 122.000000 
-127.915871 -7.817786 23.402964 121.000000 
-127.997185 -7.521381 23.407402 127.000000 
-127.974922 -7.530602 23.408018 129.000000 
-127.951225 -7.541415 23.409147 125.000000 
-127.930489 -7.547299 23.408503 126.000000 
-127.911148 -7.549754 23.406519 126.000000 
-127.900520 -7.529501 23.395514 121.000000 
-128.180206 -11.256071 23.369593 63.000000 
-128.162628 -11.259022 23.372831 56.000000 
-128.145096 -11.262044 23.376127 61.000000 
-128.131149 -11.261607 23.376154 68.000000 
-128.123093 -11.255323 23.370674 83.000000 
-128.115005 -11.249062 23.365206 90.000000 
-128.160843 -11.150163 23.379650 59.000000 
-128.098053 -11.252560 23.368879 74.000000 
-128.157608 -11.139148 23.370014 50.000000 
-128.086472 -11.249930 23.366804 74.000000 
-128.144531 -11.137630 23.368805 56.000000 
-128.076736 -11.244710 23.362305 74.000000 
-128.127548 -11.139574 23.370665 61.000000 
-128.062851 -11.244547 23.362524 74.000000 
-128.106506 -11.146745 23.377144 61.000000 
-128.177078 -11.017814 23.370314 55.000000 
-128.053543 -11.239644 23.358282 77.000000 
-128.099228 -11.139254 23.370609 58.000000 
-128.159164 -11.021399 23.373171 56.000000 
-128.041946 -11.237170 23.356312 74.000000 
-128.089645 -11.134244 23.366266 58.000000 
-128.140167 -11.026319 23.377142 56.000000 
-128.020660 -11.245810 23.364746 51.000000 
-128.080521 -11.129512 23.362158 60.000000 
-128.126251 -11.026507 23.377150 62.000000 
-128.061890 -11.134461 23.366632 63.000000 
-128.117477 -11.020151 23.371662 64.000000 
-128.047333 -11.134280 23.366550 61.000000 
-128.104813 -11.017379 23.369162 70.000000 
-128.156189 -10.903452 23.380375 50.000000 
-128.033279 -11.134397 23.366720 61.000000 
-128.088196 -11.020002 23.371183 66.000000 
-128.148148 -10.895667 23.373791 55.000000 
-128.028091 -11.124591 23.358084 60.000000 
-128.076065 -11.017579 23.368969 66.000000 
-128.137878 -10.890516 23.369286 61.000000 
-128.066116 -11.012637 23.364639 68.000000 
-128.120972 -10.893259 23.371023 68.000000 
-128.053970 -11.010291 23.362478 68.000000 
-128.100845 -10.900006 23.375931 81.000000 
-128.165070 -10.765475 23.376526 63.000000 
-128.043991 -11.005414 23.358187 68.000000 
-128.088409 -10.897623 23.373604 75.000000 
-128.150070 -10.765658 23.375978 56.000000 
-128.030670 -11.006205 23.358664 64.000000 
-128.081314 -10.890505 23.367565 83.000000 
-128.132935 -10.770452 23.378946 57.000000 
-128.068863 -10.888191 23.365282 77.000000 
-128.117996 -10.770747 23.378481 61.000000 
-128.051086 -10.890728 23.366796 73.000000 
-128.104172 -10.767886 23.375582 77.000000 
-128.157578 -10.642187 23.388428 59.000000 
-128.034393 -10.893823 23.368793 72.000000 
-128.094589 -10.761505 23.370110 75.000000 
-128.152939 -10.628695 23.377954 57.000000 
-128.026733 -10.886581 23.362616 74.000000 
-128.080215 -10.762197 23.369968 70.000000 
-128.138245 -10.629340 23.377523 55.000000 
-128.064301 -10.764053 23.370665 62.000000 
-128.125107 -10.627000 23.374931 62.000000 
-128.050491 -10.763240 23.369356 64.000000 
-128.107803 -10.630275 23.376318 79.000000 
-128.041901 -10.755638 23.362953 64.000000 
-128.092621 -10.630826 23.375774 85.000000 
-128.155884 -10.484220 23.379976 54.000000 
-128.028595 -10.753296 23.360456 64.000000 
-128.078964 -10.628385 23.373066 89.000000 
-128.140778 -10.483069 23.377974 50.000000 
-128.017883 -10.748494 23.356146 47.000000 
-128.067917 -10.623434 23.368620 85.000000 
-128.122177 -10.487947 23.380068 55.000000 
-128.054886 -10.623219 23.367628 82.000000 
-128.107819 -10.489103 23.379793 63.000000 
-128.039764 -10.623966 23.367224 82.000000 
-128.094360 -10.486938 23.377176 83.000000 
-128.152527 -10.340777 23.387981 45.000000 
-128.022095 -10.627345 23.368645 69.000000 
-128.077332 -10.488881 23.377258 79.000000 
-128.139084 -10.336820 23.384007 55.000000 
-128.009033 -10.625383 23.366318 67.000000 
-128.061890 -10.489694 23.376644 81.000000 
-128.127213 -10.331697 23.379366 61.000000 
-128.043106 -10.496574 23.380167 73.000000 
-128.115906 -10.326860 23.374973 66.000000 
-128.031677 -10.491726 23.375757 71.000000 
-128.098114 -10.330636 23.375975 89.000000 
-128.148270 -10.180475 23.389246 50.000000 
-128.017715 -10.489567 23.373095 77.000000 
-128.078796 -10.335705 23.377733 88.000000 
-128.129181 -10.185837 23.390831 49.000000 
-128.006256 -10.484795 23.368732 63.000000 
-128.064972 -10.333709 23.375084 85.000000 
-128.105957 -10.199044 23.397209 55.000000 
-128.051743 -10.332004 23.372690 71.000000 
-128.091812 -10.197024 23.394398 65.000000 
-128.037918 -10.330097 23.370104 76.000000 
-128.082062 -10.189263 23.388226 74.000000 
-128.020889 -10.334414 23.371548 82.000000 
-128.067902 -10.187325 23.385469 72.000000 
-128.005219 -10.335581 23.370924 71.000000 
-128.051849 -10.188462 23.384563 67.000000 
-128.119629 -10.010124 23.388823 50.000000 
-128.033951 -10.192688 23.385523 69.000000 
-128.105911 -10.006598 23.384998 65.000000 
-128.023529 -10.184828 23.379215 67.000000 
-128.087555 -10.010835 23.385582 65.000000 
-128.012131 -10.178515 23.373840 64.000000 
-128.067444 -10.018233 23.387974 67.000000 
-128.136215 -9.831239 23.395430 51.000000 
-127.994598 -10.181142 23.373774 58.000000 
-128.052200 -10.016170 23.384914 67.000000 
-128.121338 -9.827441 23.391254 59.000000 
-128.039413 -10.011295 23.380352 66.000000 
-128.094559 -9.846009 23.399153 67.000000 
-128.023651 -10.012917 23.379578 61.000000 
-128.079300 -9.845994 23.397230 63.000000 
-128.009064 -10.011238 23.376844 64.000000 
-128.065155 -9.842621 23.393415 69.000000 
-128.138092 -9.636682 23.398855 55.000000 
-127.986771 -10.021840 23.381031 54.000000 
-128.052979 -9.834296 23.386848 68.000000 
-128.125290 -9.628090 23.392157 63.000000 
-128.034439 -9.838934 23.387346 65.000000 
-128.107071 -9.631051 23.391407 66.000000 
-128.012680 -9.848161 23.390228 60.000000 
-128.093338 -9.624157 23.385576 82.000000 
-127.999420 -9.843400 23.385698 59.000000 
-128.069183 -9.638533 23.390625 99.000000 
-127.984421 -9.841863 23.382906 56.000000 
-128.051926 -9.640074 23.389200 99.000000 
-128.124863 -9.421073 23.396975 48.000000 
-128.034698 -9.641673 23.387817 72.000000 
-128.102036 -9.432399 23.399912 57.000000 
-128.022217 -9.637331 23.383648 72.000000 
-128.084885 -9.436095 23.399487 67.000000 
-128.006683 -9.635791 23.380690 72.000000 
-128.065521 -9.440997 23.399406 70.000000 
-127.986336 -9.642186 23.381672 71.000000 
-128.050385 -9.435839 23.394423 70.000000 
-128.124298 -9.204170 23.405603 48.000000 
-128.034317 -9.434269 23.391281 70.000000 
-128.110825 -9.195744 23.399178 103.000000 
-128.014236 -9.441010 23.392130 68.000000 
-128.092499 -9.197393 23.397274 104.000000 
-127.995018 -9.446168 23.392241 75.000000 
-128.075790 -9.195755 23.393911 108.000000 
-127.979027 -9.444770 23.389223 73.000000 
-128.054382 -9.204236 23.395111 118.000000 
-128.031494 -9.216152 23.397884 114.000000 
-128.118408 -8.938670 23.398876 103.000000 
-128.013336 -9.218065 23.396175 108.000000 
-128.096420 -8.947227 23.399624 111.000000 
-127.998268 -9.213304 23.391466 108.000000 
-128.072998 -8.959273 23.401875 123.000000 
-127.983932 -9.208821 23.387020 111.000000 
-128.054214 -8.963119 23.400829 125.000000 
-128.033203 -8.970198 23.401033 124.000000 
-128.111328 -8.696076 23.414574 45.000000 
-128.018173 -8.963669 23.395493 125.000000 
-128.096268 -8.687570 23.408161 118.000000 
-127.999435 -8.965743 23.393612 124.000000 
-128.076797 -8.689498 23.405888 122.000000 
-127.975632 -8.979879 23.396881 123.000000 
-128.058777 -8.688022 23.402283 122.000000 
-127.958443 -8.978661 23.393644 121.000000 
-128.036484 -8.697019 23.402855 125.000000 
-128.012039 -8.709332 23.404629 122.000000 
-127.994820 -8.706313 23.400476 121.000000 
-127.978287 -8.701605 23.395662 123.000000 
-127.961044 -8.698690 23.391577 125.000000 
-127.942436 -8.699319 23.388924 48.000000 
-128.215652 -12.394366 23.363119 54.000000 
-128.210022 -12.385562 23.355305 58.000000 
-128.194763 -12.386087 23.356287 61.000000 
-128.184296 -12.382000 23.352905 68.000000 
-128.160782 -12.390832 23.361700 80.000000 
-128.147995 -12.389194 23.360605 90.000000 
-128.209763 -12.274783 23.361357 51.000000 
-128.140839 -12.383405 23.355541 97.000000 
-128.130386 -12.379484 23.352274 77.000000 
-128.179825 -12.276854 23.363520 53.000000 
-128.115509 -12.378643 23.351940 74.000000 
-128.168137 -12.272334 23.359667 64.000000 
-128.100403 -12.379548 23.353199 86.000000 
-128.157379 -12.268372 23.356285 65.000000 
-128.211441 -12.158052 23.366058 54.000000 
-128.091110 -12.374564 23.348896 71.000000 
-128.138550 -12.272991 23.360533 65.000000 
-128.199234 -12.155249 23.363579 58.000000 
-128.084091 -12.367222 23.342363 68.000000 
-128.124374 -12.272792 23.360483 61.000000 
-128.189316 -12.149980 23.359022 60.000000 
-128.073395 -12.365170 23.340769 54.000000 
-128.111176 -12.273149 23.360907 58.000000 
-128.173508 -12.152804 23.361273 66.000000 
-128.101593 -12.268132 23.356554 61.000000 
-128.152222 -12.160213 23.367353 70.000000 
-128.096497 -12.258211 23.347832 68.000000 
-128.141190 -12.156341 23.363951 76.000000 
-128.201172 -12.033550 23.368309 50.000000 
-128.082352 -12.258183 23.347900 60.000000 
-128.133530 -12.148704 23.357378 71.000000 
-128.189789 -12.029569 23.364742 49.000000 
-128.064865 -12.261923 23.351311 50.000000 
-128.121338 -12.146162 23.355080 69.000000 
-128.177277 -12.026925 23.362230 58.000000 
-128.106918 -12.146206 23.354948 72.000000 
-128.165878 -12.023021 23.358713 68.000000 
-128.088089 -12.151404 23.359142 76.000000 
-128.156662 -12.016542 23.353148 81.000000 
-128.078156 -12.146455 23.354801 64.000000 
-128.137527 -12.021862 23.356945 81.000000 
-128.197845 -11.892519 23.362083 56.000000 
-128.070389 -12.138973 23.348326 62.000000 
-128.120636 -12.024636 23.358719 85.000000 
-128.186066 -11.888594 23.358459 50.000000 
-128.110336 -12.019594 23.354279 83.000000 
-128.171021 -11.888736 23.357885 63.000000 
-128.097839 -12.017215 23.351950 85.000000 
-128.151688 -11.894318 23.361391 88.000000 
-128.087509 -12.012240 23.347553 83.000000 
-128.137787 -11.893231 23.359892 84.000000 
-128.199127 -11.757772 23.366320 63.000000 
-128.073364 -12.012830 23.347597 88.000000 
-128.125504 -11.891096 23.357637 81.000000 
-128.180084 -11.763807 23.369713 50.000000 
-128.119064 -11.880624 23.349081 75.000000 
-128.166931 -11.761356 23.367046 57.000000 
-128.101974 -11.883731 23.350723 78.000000 
-128.154831 -11.757565 23.363424 74.000000 
-128.078629 -11.895061 23.358551 70.000000 
-128.145859 -11.749648 23.356873 79.000000 
-128.070038 -11.887415 23.352106 64.000000 
-128.127457 -11.754271 23.359224 75.000000 
-128.182938 -11.618925 23.371494 48.000000 
-128.108078 -11.760360 23.362621 72.000000 
-128.173553 -11.610857 23.364912 47.000000 
-128.094955 -11.758146 23.360119 72.000000 
-128.155899 -11.614209 23.365990 53.000000 
-128.084915 -11.751779 23.354660 69.000000 
-128.137268 -11.619054 23.368076 72.000000 
-128.208542 -11.455579 23.368322 51.000000 
-128.123779 -11.616822 23.365414 68.000000 
-128.187500 -11.463396 23.371862 57.000000 
-128.114334 -11.608906 23.358927 66.000000 
-128.172592 -11.462538 23.369911 52.000000 
-128.102844 -11.603883 23.354383 66.000000 
-128.154694 -11.466119 23.370783 66.000000 
-128.084335 -11.608957 23.356638 65.000000 
-128.142792 -11.460977 23.366121 68.000000 
-128.065872 -11.614103 23.358946 70.000000 
-128.129898 -11.457338 23.362415 73.000000 
-128.179184 -11.310359 23.378027 55.000000 
-128.054398 -11.609219 23.354500 66.000000 
-128.112076 -11.461090 23.363409 82.000000 
-128.166855 -11.305145 23.373274 51.000000 
-128.094299 -11.464908 23.364454 76.000000 
-128.147720 -11.310467 23.374844 60.000000 
-128.082397 -11.459942 23.359911 71.000000 
-128.129272 -11.316115 23.376703 67.000000 
-128.068176 -11.459689 23.358440 73.000000 
-128.113129 -11.317065 23.375668 67.000000 
-128.186966 -11.133160 23.377602 53.000000 
-128.057205 -11.453320 23.353003 64.000000 
-128.101151 -11.310284 23.369909 66.000000 
-128.167175 -11.136601 23.377516 46.000000 
-128.086929 -11.308317 23.367128 66.000000 
-128.151230 -11.137822 23.376459 48.000000 
-128.068939 -11.312446 23.368025 59.000000 
-128.139633 -11.129359 23.369732 60.000000 
-128.051010 -11.316640 23.368973 61.000000 
-128.125549 -11.127596 23.366991 62.000000 
-128.042084 -11.307487 23.361948 56.000000 
-128.108078 -11.130254 23.366680 65.000000 
-128.171936 -10.952471 23.379854 49.000000 
-128.089447 -11.136312 23.368406 60.000000 
-128.164063 -10.937861 23.369972 56.000000 
-128.076874 -11.129566 23.362669 68.000000 
-128.142502 -10.946843 23.372732 60.000000 
-128.062836 -11.127995 23.360064 67.000000 
-128.118347 -10.960629 23.378088 77.000000 
-128.045074 -11.128845 23.358578 64.000000 
-128.106125 -10.952188 23.371428 73.000000 
-128.178802 -10.747654 23.378391 55.000000 
-128.090988 -10.950346 23.368418 73.000000 
-128.163986 -10.744047 23.374294 60.000000 
-128.076523 -10.948799 23.365673 72.000000 
-128.145477 -10.748769 23.374529 64.000000 
-128.057022 -10.954970 23.366997 66.000000 
-128.130661 -10.745262 23.370501 78.000000 
-128.040192 -10.956456 23.365808 65.000000 
-128.114120 -10.745022 23.368135 78.000000 
-128.095016 -10.749672 23.368263 78.000000 
-128.165298 -10.537063 23.379896 45.000000 
-128.073410 -10.759232 23.370903 72.000000 
-128.149063 -10.535166 23.376516 54.000000 
-128.059494 -10.754327 23.366205 75.000000 
-128.126144 -10.546435 23.379433 67.000000 
-128.046387 -10.747844 23.360710 64.000000 
-128.105804 -10.552867 23.380066 87.000000 
-128.084717 -10.561014 23.381538 69.000000 
-128.173370 -10.301114 23.380369 58.000000 
-128.073517 -10.549492 23.373610 73.000000 
-128.150833 -10.310929 23.382082 62.000000 
-128.058197 -10.546234 23.369644 70.000000 
-128.134033 -10.309139 23.378609 110.000000 
-128.038910 -10.549382 23.368647 68.000000 
-128.114075 -10.312167 23.377182 122.000000 
-128.014786 -10.564404 23.373497 52.000000 
-128.098099 -10.308818 23.373035 119.000000 
-128.078140 -10.315824 23.373701 117.000000 
-128.151932 -10.068720 23.388506 49.000000 
-128.053574 -10.331042 23.377972 108.000000 
-128.139145 -10.056790 23.380594 117.000000 
-128.039993 -10.322833 23.371674 105.000000 
-128.113251 -10.073811 23.384924 119.000000 
-128.022507 -10.323071 23.369207 74.000000 
-128.090530 -10.084117 23.386450 124.000000 
-128.071686 -10.085982 23.384426 123.000000 
-128.155945 -9.799784 23.393698 106.000000 
-128.051361 -10.091322 23.383896 123.000000 
-128.135605 -9.803275 23.391993 117.000000 
-128.037033 -10.083063 23.377604 121.000000 
-128.117508 -9.801647 23.388281 122.000000 
-128.018250 -10.085106 23.375706 121.000000 
-128.098679 -9.801807 23.385294 125.000000 
-128.076263 -9.810692 23.385799 124.000000 
-128.055344 -9.816187 23.384981 123.000000 
-128.031647 -9.828700 23.386993 122.000000 
-128.015076 -9.823915 23.382120 121.000000 
-127.999191 -9.817438 23.376581 64.000000 
-128.236847 -13.518744 23.342661 56.000000 
-128.223953 -13.516782 23.341454 61.000000 
-128.215866 -13.510230 23.335869 83.000000 
-128.206558 -13.504862 23.331402 77.000000 
-128.187698 -13.508847 23.335808 98.000000 
-128.168182 -13.514341 23.341600 88.000000 
-128.237900 -13.392871 23.336277 49.000000 
-128.155365 -13.512624 23.340565 94.000000 
-128.223526 -13.392251 23.336046 53.000000 
-128.147247 -13.506254 23.335102 69.000000 
-128.203308 -13.397717 23.341257 61.000000 
-128.139084 -13.499907 23.329651 68.000000 
-128.191345 -13.394803 23.338953 63.000000 
-128.125076 -13.499486 23.329809 80.000000 
-128.172409 -13.399204 23.343187 68.000000 
-128.243591 -13.271751 23.338480 50.000000 
-128.109940 -13.500301 23.331129 61.000000 
-128.167419 -13.389099 23.334425 65.000000 
-128.228958 -13.271288 23.338112 63.000000 
-128.098969 -13.496175 23.327780 65.000000 
-128.148056 -13.393358 23.338530 63.000000 
-128.216171 -13.268111 23.335442 69.000000 
-128.133835 -13.393072 23.338537 52.000000 
-128.205002 -13.263995 23.331970 78.000000 
-128.125809 -13.386971 23.333323 51.000000 
-128.187500 -13.267713 23.335112 93.000000 
-128.112747 -13.385548 23.332294 54.000000 
-128.171814 -13.268717 23.335955 87.000000 
-128.236053 -13.141924 23.337948 56.000000 
-128.105316 -13.378017 23.325796 56.000000 
-128.160675 -13.264738 23.332579 79.000000 
-128.222305 -13.140371 23.336437 58.000000 
-128.148407 -13.262060 23.330294 64.000000 
-128.204071 -13.144044 23.339092 66.000000 
-128.137253 -13.258156 23.326967 64.000000 
-128.191483 -13.141305 23.336626 66.000000 
-128.120529 -13.260636 23.329029 70.000000 
-128.178879 -13.138608 23.334188 69.000000 
-128.102737 -13.264455 23.332214 58.000000 
-128.166290 -13.135955 23.331781 69.000000 
-128.227493 -13.006548 23.337585 51.000000 
-128.093811 -13.258140 23.326828 64.000000 
-128.153687 -13.133344 23.329401 69.000000 
-128.213440 -13.005154 23.335989 52.000000 
-128.134537 -13.138627 23.333323 69.000000 
-128.199402 -13.003808 23.334427 65.000000 
-128.124146 -13.133496 23.328920 69.000000 
-128.186447 -13.001172 23.331886 88.000000 
-128.241501 -12.875214 23.346277 49.000000 
-128.115891 -13.125768 23.322437 69.000000 
-128.163788 -13.010672 23.338501 87.000000 
-128.230377 -12.869771 23.341600 63.000000 
-128.103302 -13.123327 23.320175 65.000000 
-128.153046 -13.005455 23.334011 78.000000 
-128.212799 -12.872613 23.342821 57.000000 
-128.140137 -13.002971 23.331577 81.000000 
-128.193130 -12.878277 23.346056 79.000000 
-128.125107 -13.003233 23.331215 70.000000 
-128.180969 -12.874355 23.342457 79.000000 
-128.116974 -12.995674 23.324970 68.000000 
-128.171448 -12.867969 23.337139 85.000000 
-128.225052 -12.736882 23.353231 49.000000 
-128.096695 -13.002814 23.329802 60.000000 
-128.157135 -12.866890 23.335566 79.000000 
-128.209366 -12.737143 23.352360 49.000000 
-128.090607 -12.990742 23.320080 45.000000 
-128.139160 -12.869769 23.336777 67.000000 
-128.195206 -12.734360 23.349388 51.000000 
-128.119705 -12.875758 23.340250 69.000000 
-128.184723 -12.727633 23.343809 64.000000 
-128.113266 -12.865346 23.332048 67.000000 
-128.165527 -12.733996 23.347109 79.000000 
-128.102081 -12.860277 23.327618 62.000000 
-128.146835 -12.738748 23.349276 79.000000 
-128.220779 -12.572444 23.347879 69.000000 
-128.091339 -12.853591 23.321989 52.000000 
-128.134750 -12.733321 23.344524 75.000000 
-128.206161 -12.569704 23.344784 51.000000 
-128.121201 -12.731049 23.341951 71.000000 
-128.182083 -12.581856 23.351244 66.000000 
-128.108231 -12.729074 23.339634 69.000000 
-128.167725 -12.581228 23.349634 78.000000 
-128.093674 -12.728328 23.338095 58.000000 
-128.157761 -12.573074 23.343161 73.000000 
-128.217926 -12.411197 23.350471 55.000000 
-128.079147 -12.727628 23.336590 51.000000 
-128.144775 -12.569342 23.339506 71.000000 
-128.203506 -12.408809 23.347519 50.000000 
-128.126862 -12.572989 23.340569 71.000000 
-128.186157 -12.410954 23.347301 63.000000 
-128.112900 -12.570822 23.337919 67.000000 
-128.167877 -12.414660 23.348032 82.000000 
-128.099915 -12.567227 23.334360 57.000000 
-128.148346 -12.421693 23.350855 77.000000 
-128.088486 -12.562449 23.330105 55.000000 
-128.135925 -12.416521 23.346247 68.000000 
-128.121918 -12.412636 23.342340 67.000000 
-128.182907 -12.247938 23.355862 50.000000 
-128.111343 -12.404526 23.335957 69.000000 
-128.172516 -12.239862 23.349630 57.000000 
-128.092880 -12.410286 23.338039 61.000000 
-128.154907 -12.242300 23.349304 71.000000 
-128.075745 -12.412841 23.338118 51.000000 
-128.143814 -12.234033 23.342882 67.000000 
-128.211639 -12.051526 23.354511 47.000000 
-128.130203 -12.228620 23.338003 66.000000 
-128.196579 -12.047470 23.350286 55.000000 
-128.108032 -12.238935 23.342201 71.000000 
-128.181259 -12.045298 23.347174 63.000000 
-128.093887 -12.237224 23.339621 66.000000 
-128.162979 -12.049714 23.347712 75.000000 
-128.080917 -12.232213 23.335072 60.000000 
-128.142288 -12.057079 23.349756 76.000000 
-128.128143 -12.051670 23.344833 75.000000 
-128.203354 -11.843775 23.350948 52.000000 
-128.111099 -12.052867 23.343576 72.000000 
-128.183975 -11.848054 23.350956 61.000000 
-128.097595 -12.047806 23.338947 73.000000 
-128.165527 -11.850797 23.350203 75.000000 
-128.078827 -12.052276 23.339478 59.000000 
-128.154938 -11.839155 23.342152 81.000000 
-128.136505 -11.842009 23.341473 72.000000 
-128.200409 -11.643968 23.361380 46.000000 
-128.118118 -11.844925 23.340841 81.000000 
-128.097916 -11.852996 23.342958 78.000000 
-128.168457 -11.640171 23.354965 57.000000 
-128.080460 -11.854431 23.341602 71.000000 
-128.147095 -11.648043 23.356392 63.000000 
-128.129120 -11.649433 23.354734 63.000000 
-128.218567 -11.391181 23.355722 57.000000 
-128.112000 -11.649243 23.352333 66.000000 
-128.200729 -11.390800 23.352959 51.000000 
-128.094986 -11.647215 23.348946 66.000000 
-128.174805 -11.405207 23.356737 65.000000 
-128.081146 -11.640554 23.343454 70.000000 
-128.155426 -11.408301 23.355579 114.000000 
-128.055161 -11.658658 23.349901 47.000000 
-128.138504 -11.406451 23.352207 117.000000 
-128.118393 -11.411345 23.351896 114.000000 
-128.196915 -11.157506 23.365080 106.000000 
-128.099899 -11.412961 23.350122 114.000000 
-128.181671 -11.150500 23.359341 109.000000 
-128.076752 -11.424697 23.352949 68.000000 
-128.164047 -11.148629 23.355783 117.000000 
-128.062225 -11.419981 23.348465 66.000000 
-128.144928 -11.152173 23.354671 123.000000 
-128.120453 -11.165730 23.357697 125.000000 
-128.099899 -11.170862 23.357172 123.000000 
-128.185928 -10.882765 23.366949 59.000000 
-128.082382 -11.169244 23.353794 122.000000 
-128.169113 -10.877486 23.361879 104.000000 
-128.067856 -11.160851 23.347542 123.000000 
-128.150055 -10.877439 23.358900 121.000000 
-128.132477 -10.873997 23.354588 125.000000 
-128.114029 -10.870351 23.350061 125.000000 
-128.091400 -10.879151 23.350668 124.000000 
-128.070969 -10.882826 23.349253 126.000000 
-128.052002 -10.883094 23.346497 124.000000 
-128.262238 -14.636302 23.326653 51.000000 
-128.243958 -14.638548 23.329548 71.000000 
-128.223755 -14.643452 23.334923 80.000000 
-128.212524 -14.640608 23.332876 83.000000 
-128.202026 -14.636372 23.329529 94.000000 
-128.193436 -14.629572 23.323771 94.000000 
-128.247086 -14.524660 23.334309 49.000000 
-128.173401 -14.634739 23.329336 88.000000 
-128.236267 -14.520362 23.330837 70.000000 
-128.155106 -14.639082 23.334070 80.000000 
-128.231827 -14.510363 23.322227 68.000000 
-128.145798 -14.633849 23.329731 80.000000 
-128.208023 -14.519369 23.330664 78.000000 
-128.136475 -14.628645 23.325409 71.000000 
-128.188995 -14.523649 23.334850 71.000000 
-128.264374 -14.392578 23.327608 50.000000 
-128.130615 -14.619928 23.317745 71.000000 
-128.179367 -14.518319 23.330416 67.000000 
-128.246185 -14.395723 23.330343 65.000000 
-128.113113 -14.623051 23.321302 48.000000 
-128.165070 -14.517874 23.330349 62.000000 
-128.224579 -14.402676 23.336288 78.000000 
-128.153091 -14.515049 23.328142 61.000000 
-128.213440 -14.398491 23.332809 82.000000 
-128.141129 -14.512264 23.325962 63.000000 
-128.204590 -14.391840 23.327240 94.000000 
-128.117737 -14.521753 23.334759 60.000000 
-128.191132 -14.390229 23.325926 83.000000 
-128.243469 -14.277571 23.339857 50.000000 
-128.116058 -14.508045 23.322781 49.000000 
-128.176544 -14.389923 23.325705 81.000000 
-128.228592 -14.277231 23.339363 61.000000 
-128.157455 -14.394710 23.329782 75.000000 
-128.218262 -14.271787 23.334793 69.000000 
-128.140686 -14.397049 23.331783 71.000000 
-128.205643 -14.268959 23.332304 68.000000 
-128.137405 -14.384264 23.320993 72.000000 
-128.186325 -14.273949 23.336052 69.000000 
-128.121765 -14.385431 23.321989 64.000000 
-128.178192 -14.266029 23.329487 69.000000 
-128.243408 -14.132856 23.332718 47.000000 
-128.163376 -14.265939 23.329170 69.000000 
-128.228226 -14.132694 23.332096 64.000000 
-128.157394 -14.255466 23.320557 69.000000 
-128.214157 -14.131255 23.330507 65.000000 
-128.140381 -14.258078 23.322384 68.000000 
-128.204468 -14.124518 23.324921 72.000000 
-128.121765 -14.263633 23.326574 68.000000 
-128.193115 -14.120756 23.321598 67.000000 
-128.248489 -13.994732 23.336422 59.000000 
-128.108109 -14.262438 23.325356 54.000000 
-128.176880 -14.122130 23.322123 72.000000 
-128.241653 -13.983748 23.327839 79.000000 
-128.157440 -14.127603 23.325737 72.000000 
-128.228287 -13.981017 23.325127 75.000000 
-128.140228 -14.130455 23.327375 78.000000 
-128.207458 -13.987967 23.329313 92.000000 
-128.131042 -14.124178 23.322142 72.000000 
-128.189377 -13.992511 23.331825 89.000000 
-128.121292 -14.117665 23.316702 75.000000 
-128.173965 -13.992711 23.331203 75.000000 
-128.235306 -13.851805 23.340954 48.000000 
-128.160141 -13.989934 23.328421 72.000000 
-128.215820 -13.855960 23.342690 60.000000 
-128.149994 -13.983303 23.322922 79.000000 
-128.204285 -13.850554 23.338041 70.000000 
-128.130463 -13.989215 23.326378 65.000000 
-128.189606 -13.849436 23.336279 79.000000 
-128.114105 -13.991024 23.326904 72.000000 
-128.176987 -13.845528 23.332638 71.000000 
-128.239426 -13.696451 23.343401 51.000000 
-128.165390 -13.840236 23.328064 69.000000 
-128.226395 -13.692429 23.339590 57.000000 
-128.143585 -13.849244 23.333138 69.000000 
-128.214371 -13.686993 23.334881 84.000000 
-128.130997 -13.845477 23.329594 61.000000 
-128.194244 -13.693244 23.337614 88.000000 
-128.119385 -13.840319 23.325108 61.000000 
-128.177200 -13.695196 23.337616 73.000000 
-128.104767 -13.839499 23.323553 58.000000 
-128.164185 -13.691363 23.333935 70.000000 
-128.220734 -13.535379 23.345304 58.000000 
-128.150162 -13.689038 23.331217 71.000000 
-128.211487 -13.527517 23.339247 67.000000 
-128.141296 -13.681412 23.325237 68.000000 
-128.194092 -13.529595 23.339022 82.000000 
-128.127258 -13.679163 23.322569 67.000000 
-128.179657 -13.527246 23.336138 75.000000 
-128.107376 -13.685792 23.325577 67.000000 
-128.163269 -13.527943 23.335094 70.000000 
-128.237747 -13.345343 23.339659 47.000000 
-128.139572 -13.538948 23.340202 56.000000 
-128.225342 -13.336278 23.332626 52.000000 
-128.128052 -13.532259 23.334717 64.000000 
-128.207214 -13.340296 23.333288 60.000000 
-128.116196 -13.527366 23.330387 59.000000 
-128.179993 -13.357900 23.341604 68.000000 
-128.102722 -13.523760 23.326765 51.000000 
-128.171417 -13.346725 23.333643 60.000000 
-128.158936 -13.337851 23.326736 55.000000 
-128.222504 -13.162917 23.343422 52.000000 
-128.143738 -13.337494 23.324940 53.000000 
-128.206192 -13.162187 23.341108 65.000000 
-128.124222 -13.343096 23.326468 51.000000 
-128.191483 -13.160212 23.338230 75.000000 
-128.101761 -13.355203 23.331810 56.000000 
-128.177933 -13.154879 23.333458 78.000000 
-128.160049 -13.155609 23.331858 73.000000 
-128.231781 -12.955638 23.343241 50.000000 
-128.135696 -13.169255 23.337320 69.000000 
-128.216751 -12.951786 23.339148 63.000000 
-128.120590 -13.165402 23.333277 65.000000 
-128.194809 -12.958913 23.340515 78.000000 
-128.105270 -13.163433 23.330351 65.000000 
-128.173630 -12.966391 23.342188 86.000000 
-128.158646 -12.962714 23.338219 81.000000 
-128.231186 -12.752097 23.352943 50.000000 
-128.144516 -12.957478 23.333462 78.000000 
-128.128494 -12.957368 23.331425 72.000000 
-128.192230 -12.761095 23.352659 55.000000 
-128.111771 -12.957055 23.329189 70.000000 
-128.173294 -12.763929 23.351690 69.000000 
-128.092514 -12.961637 23.329458 56.000000 
-128.158615 -12.758647 23.346859 63.000000 
-128.137222 -12.766519 23.348330 57.000000 
-128.226517 -12.508048 23.349697 58.000000 
-128.119232 -12.767905 23.346714 57.000000 
-128.208618 -12.507605 23.346937 68.000000 
-128.105377 -12.761138 23.341200 55.000000 
-128.189102 -12.510547 23.345711 118.000000 
-128.166336 -12.522157 23.348530 117.000000 
-128.146942 -12.525244 23.347412 115.000000 
-128.233963 -12.256384 23.355268 49.000000 
-128.130020 -12.519522 23.342089 115.000000 
-128.207504 -12.269003 23.357531 49.000000 
-128.116211 -12.511022 23.335770 74.000000 
-128.191406 -12.263623 23.352510 109.000000 
-128.095261 -12.519568 23.337288 69.000000 
-128.173767 -12.263647 23.349920 124.000000 
-128.155319 -12.263462 23.347120 123.000000 
-128.130753 -12.276943 23.350126 123.000000 
-128.226639 -11.972047 23.354658 101.000000 
-128.113144 -12.275191 23.346703 124.000000 
-128.211945 -11.961446 23.347485 63.000000 
-128.093277 -12.278610 23.345491 122.000000 
-128.183716 -11.981927 23.352623 117.000000 
-128.163086 -11.985250 23.351004 123.000000 
-128.144791 -11.985449 23.348310 124.000000 
-128.124954 -11.987175 23.346096 124.000000 
-128.110062 -11.974853 23.338161 125.000000 
-128.088791 -11.980165 23.337412 124.000000 
-128.266098 -15.739681 23.333847 52.000000 
-128.254608 -15.793400 23.330849 68.000000 
-128.249527 -15.784703 23.323246 86.000000 
-128.237839 -15.781466 23.320896 98.000000 
-128.221298 -15.782866 23.322969 97.000000 
-128.201172 -15.787789 23.328398 80.000000 
-128.276260 -15.663514 23.320650 56.000000 
-128.191940 -15.782400 23.323952 85.000000 
-128.255829 -15.668591 23.325655 65.000000 
-128.181488 -15.778195 23.320629 94.000000 
-128.234268 -15.674943 23.331797 68.000000 
-128.173416 -15.771702 23.315109 85.000000 
-128.223526 -15.670650 23.328333 83.000000 
-128.155807 -15.774549 23.318497 97.000000 
-128.217514 -15.661607 23.320581 67.000000 
-128.270355 -15.555507 23.334711 52.000000 
-128.135895 -15.779805 23.324167 88.000000 
-128.205551 -15.658569 23.318233 68.000000 
-128.265182 -15.544996 23.325891 69.000000 
-128.123108 -15.778118 23.323200 54.000000 
-128.191223 -15.657980 23.318079 67.000000 
-128.247025 -15.548055 23.328596 76.000000 
-128.174576 -15.659856 23.320133 61.000000 
-128.235931 -15.543769 23.325050 90.000000 
-128.155655 -15.664214 23.324411 63.000000 
-128.218994 -15.545717 23.326796 83.000000 
-128.143738 -15.661380 23.322205 65.000000 
-128.204437 -15.545246 23.326477 83.000000 
-128.268127 -15.421768 23.331160 52.000000 
-128.136429 -15.653727 23.315655 61.000000 
-128.192200 -15.542337 23.324081 79.000000 
-128.249771 -15.425114 23.333651 64.000000 
-128.175369 -15.544466 23.325956 69.000000 
-128.232635 -15.427254 23.335171 68.000000 
-128.167709 -15.536648 23.319376 74.000000 
-128.218948 -15.425618 23.333660 74.000000 
-128.157730 -15.531358 23.314934 79.000000 
-128.212097 -15.416322 23.326000 72.000000 
-128.138702 -15.536158 23.319057 60.000000 
-128.199524 -15.413478 23.323509 66.000000 
-128.263641 -15.283517 23.328918 54.000000 
-128.184708 -15.413257 23.323114 69.000000 
-128.251846 -15.279268 23.325226 65.000000 
-128.167679 -15.415677 23.324837 66.000000 
-128.242249 -15.272411 23.319557 72.000000 
-128.161819 -15.405200 23.316204 69.000000 
-128.220413 -15.280166 23.324945 72.000000 
-128.287125 -15.142731 23.331160 49.000000 
-128.144821 -15.407723 23.317999 68.000000 
-128.200882 -15.285354 23.328392 70.000000 
-128.274933 -15.138452 23.327358 66.000000 
-128.136627 -15.401718 23.312967 46.000000 
-128.191269 -15.280504 23.324280 68.000000 
-128.255066 -15.145650 23.331833 85.000000 
-128.180557 -15.275145 23.319731 68.000000 
-128.234161 -15.152371 23.335896 69.000000 
-128.167130 -15.272227 23.317003 70.000000 
-128.223648 -15.145247 23.330021 85.000000 
-128.149902 -15.274981 23.318596 70.000000 
-128.213638 -15.138425 23.324396 79.000000 
-128.139175 -15.269742 23.314127 51.000000 
-128.198242 -15.138490 23.323696 69.000000 
-128.251099 -15.010680 23.342138 62.000000 
-128.178574 -15.144108 23.326975 67.000000 
-128.238586 -15.006548 23.338352 68.000000 
-128.161118 -15.147049 23.328339 62.000000 
-128.228195 -14.999644 23.332695 75.000000 
-128.147919 -15.144536 23.325792 65.000000 
-128.210373 -15.002626 23.333717 79.000000 
-128.138443 -15.138181 23.320528 51.000000 
-128.187927 -15.013000 23.339794 75.000000 
-128.266327 -14.844728 23.337358 69.000000 
-128.178574 -15.004820 23.333273 69.000000 
-128.250229 -14.844914 23.336233 78.000000 
-128.162384 -15.004897 23.332289 73.000000 
-128.230469 -14.849214 23.337675 68.000000 
-128.152954 -14.996782 23.325806 67.000000 
-128.210342 -14.855310 23.340338 85.000000 
-128.137924 -14.997482 23.325344 58.000000 
-128.205170 -14.841471 23.330324 71.000000 
-128.263474 -14.686105 23.342047 52.000000 
-128.191193 -14.838975 23.327497 76.000000 
-128.246445 -14.686174 23.340536 65.000000 
-128.172562 -14.842077 23.328196 76.000000 
-128.238068 -14.674728 23.332159 74.000000 
-128.154602 -14.845515 23.329178 79.000000 
-128.214294 -14.687319 23.338360 74.000000 
-128.139267 -14.846363 23.328566 68.000000 
-128.195969 -14.690814 23.339012 72.000000 
-128.177689 -14.694378 23.339714 67.000000 
-128.260651 -14.502152 23.337912 62.000000 
-128.166306 -14.687564 23.334146 64.000000 
-128.236023 -14.514805 23.343407 60.000000 
-128.159760 -14.673309 23.324072 64.000000 
-128.217667 -14.516643 23.342674 71.000000 
-128.138611 -14.681519 23.327602 56.000000 
-128.209305 -14.505386 23.334654 69.000000 
-128.195740 -14.499706 23.329645 63.000000 
-128.262207 -14.324112 23.345566 49.000000 
-128.179642 -14.500715 23.328627 64.000000 
-128.248795 -14.318548 23.340647 60.000000 
-128.156616 -14.510431 23.332430 67.000000 
-128.231598 -14.319242 23.339096 77.000000 
-128.146240 -14.502370 23.326241 58.000000 
-128.212555 -14.323114 23.339266 87.000000 
-128.192383 -14.330442 23.341408 75.000000 
-128.177124 -14.328204 23.338310 72.000000 
-128.258942 -14.114981 23.341990 71.000000 
-128.162125 -14.324186 23.334167 68.000000 
-128.237839 -14.120271 23.342415 66.000000 
-128.145050 -14.325181 23.332832 65.000000 
-128.221130 -14.119552 23.339916 82.000000 
-128.206207 -14.115701 23.335836 70.000000 
-128.190399 -14.113493 23.332600 78.000000 
-128.172989 -14.112667 23.329971 75.000000 
-128.241653 -13.910410 23.348059 55.000000 
-128.154541 -14.115368 23.329256 78.000000 
-128.227051 -13.904905 23.343081 75.000000 
-128.137711 -14.116791 23.328007 67.000000 
-128.208817 -13.907846 23.342266 68.000000 
-128.189041 -13.912207 23.342030 66.000000 
-128.172714 -13.910116 23.338718 66.000000 
-128.259064 -13.664233 23.345776 51.000000 
-128.153854 -13.912976 23.337795 60.000000 
-128.234482 -13.676881 23.348881 74.000000 
-128.139252 -13.907727 23.332989 54.000000 
-128.215027 -13.679682 23.347588 110.000000 
-128.199768 -13.674255 23.342606 116.000000 
-128.183640 -13.670535 23.338400 111.000000 
-128.263977 -13.420920 23.354233 47.000000 
-128.166702 -13.668529 23.334980 114.000000 
-128.247986 -13.415352 23.349092 106.000000 
-128.140030 -13.686563 23.340641 111.000000 
-128.228745 -13.416578 23.346832 113.000000 
-128.122345 -13.686357 23.338074 51.000000 
-128.208725 -13.419557 23.345331 122.000000 
-128.185577 -13.429368 23.346748 123.000000 
-128.165649 -13.432492 23.345356 122.000000 
-128.262619 -13.129986 23.350252 62.000000 
-128.148895 -13.428905 23.341131 121.000000 
-128.238831 -13.139861 23.351154 113.000000 
-128.132126 -13.425369 23.336941 120.000000 
-128.220474 -13.137801 23.347357 121.000000 
-128.202133 -13.135800 23.343599 125.000000 
-128.185287 -13.130413 23.338511 124.000000 
-128.163940 -13.135418 23.337576 123.000000 
-128.141159 -13.143946 23.338070 124.000000 
-128.121399 -13.145644 23.335863 121.000000 
-128.278915 -16.857878 23.310066 45.000000 
-128.265961 -16.855602 23.308720 52.000000 
-128.246857 -16.859062 23.312864 68.000000 
-128.228546 -16.918127 23.315805 98.000000 
-128.213226 -16.918308 23.316776 91.000000 
-128.204010 -16.912811 23.312290 88.000000 
-128.267578 -16.800447 23.315659 49.000000 
-128.197174 -16.905043 23.305620 71.000000 
-128.251968 -16.800705 23.316378 61.000000 
-128.179474 -16.907671 23.308897 83.000000 
-128.242416 -16.795097 23.311790 61.000000 
-128.160629 -16.911530 23.313334 80.000000 
-128.231628 -16.790707 23.308294 73.000000 
-128.150909 -16.905920 23.308733 86.000000 
-128.216766 -16.789650 23.307819 68.000000 
-128.282059 -16.671457 23.311867 49.000000 
-128.139267 -16.902933 23.306593 74.000000 
-128.188156 -16.803263 23.320549 63.000000 
-128.275681 -16.662090 23.304062 67.000000 
-128.179092 -16.798109 23.316309 60.000000 
-128.251999 -16.671440 23.312174 90.000000 
-128.171875 -16.790310 23.309698 60.000000 
-128.231461 -16.676916 23.316990 94.000000 
-128.163452 -16.783731 23.304178 73.000000 
-128.221558 -16.671368 23.312412 97.000000 
-128.147995 -16.784418 23.305202 65.000000 
-128.206955 -16.670801 23.312067 87.000000 
-128.265442 -16.553782 23.322268 46.000000 
-128.133728 -16.783955 23.305178 45.000000 
-128.198166 -16.664083 23.306482 83.000000 
-128.252853 -16.550678 23.319637 60.000000 
-128.178955 -16.668585 23.310434 85.000000 
-128.239120 -16.548889 23.318058 68.000000 
-128.162109 -16.670671 23.312325 83.000000 
-128.227692 -16.544598 23.314463 84.000000 
-128.152176 -16.665325 23.307882 85.000000 
-128.215103 -16.541620 23.311918 83.000000 
-128.139923 -16.662514 23.305590 67.000000 
-128.200241 -16.541254 23.311462 83.000000 
-128.189926 -16.535797 23.306917 85.000000 
-128.257721 -16.401894 23.309547 54.000000 
-128.177338 -16.532951 23.304461 74.000000 
-128.234634 -16.410774 23.315847 77.000000 
-128.164734 -16.530148 23.302032 78.000000 
-128.222839 -16.406540 23.312204 84.000000 
-128.149918 -16.529976 23.301712 83.000000 
-128.212128 -16.401018 23.307583 84.000000 
-128.274704 -16.268978 23.317921 55.000000 
-128.125137 -16.541540 23.310820 55.000000 
-128.196976 -16.400839 23.307007 78.000000 
-128.262512 -16.264662 23.314135 69.000000 
-128.184036 -16.398056 23.304453 78.000000 
-128.251404 -16.259027 23.309402 90.000000 
-128.162354 -16.405979 23.310020 81.000000 
-128.238068 -16.256149 23.306639 92.000000 
-128.149994 -16.403572 23.307770 75.000000 
-128.218781 -16.261780 23.310003 82.000000 
-128.143600 -16.392906 23.299221 52.000000 
-128.201157 -16.264475 23.311234 63.000000 
-128.272995 -16.113071 23.314051 49.000000 
-128.184662 -16.265867 23.311529 75.000000 
-128.253937 -16.117195 23.315878 64.000000 
-128.171417 -16.263205 23.308918 75.000000 
-128.227463 -16.131197 23.324390 75.000000 
-128.157104 -16.261961 23.307323 79.000000 
-128.219177 -16.121450 23.316845 73.000000 
-128.143860 -16.259388 23.304775 69.000000 
-128.205536 -16.118753 23.314066 71.000000 
-128.274170 -15.964664 23.321762 47.000000 
-128.194016 -16.113283 23.309410 71.000000 
-128.259079 -15.963305 23.319685 65.000000 
-128.174103 -16.119144 23.312431 71.000000 
-128.251266 -15.951922 23.311213 84.000000 
-128.154266 -16.125084 23.315512 77.000000 
-128.237183 -15.949206 23.308271 91.000000 
-128.138626 -16.125433 23.314806 79.000000 
-128.214859 -15.958095 23.312754 85.000000 
-128.194687 -15.964180 23.315453 82.000000 
-128.262466 -15.795561 23.319376 50.000000 
-128.180679 -15.961641 23.312639 76.000000 
-128.241928 -15.801748 23.321663 63.000000 
-128.168701 -15.956244 23.307995 79.000000 
-128.230499 -15.794692 23.315968 77.000000 
-128.154678 -15.953794 23.305241 85.000000 
-128.214035 -15.795084 23.314774 77.000000 
-128.140656 -15.951389 23.302517 65.000000 
-128.203568 -15.786619 23.308228 75.000000 
-128.183167 -15.793062 23.310701 75.000000 
-128.259567 -15.611098 23.315760 55.000000 
-128.160889 -15.802568 23.315042 77.000000 
-128.248535 -15.602441 23.309153 65.000000 
-128.148453 -15.797227 23.310400 78.000000 
-128.229019 -15.605685 23.309248 73.000000 
-128.137924 -15.788932 23.303965 50.000000 
-128.207016 -15.615642 23.313351 67.000000 
-128.189545 -15.615993 23.311821 66.000000 
-128.264954 -15.426416 23.320631 52.000000 
-128.176559 -15.610572 23.307077 67.000000 
-128.246704 -15.428534 23.319866 63.000000 
-128.165451 -15.602131 23.300610 71.000000 
-128.227539 -15.432269 23.319984 75.000000 
-128.148636 -15.602908 23.299421 58.000000 
-128.217789 -15.420511 23.311773 73.000000 
-128.198654 -15.424362 23.311974 69.000000 
-128.272125 -15.226791 23.324881 46.000000 
-128.181427 -15.425159 23.310537 73.000000 
-128.264465 -15.210036 23.314266 71.000000 
-128.159637 -15.433836 23.313370 68.000000 
-128.245758 -15.212337 23.313309 82.000000 
-128.142487 -15.434767 23.312033 65.000000 
-128.227982 -15.213115 23.311592 86.000000 
-128.203949 -15.225101 23.315584 70.000000 
-128.186264 -15.226017 23.313969 70.000000 
-128.263855 -15.009277 23.325907 53.000000 
-128.175720 -15.214218 23.305887 71.000000 
-128.242981 -15.014980 23.326292 62.000000 
-128.160690 -15.210439 23.301895 72.000000 
-128.225677 -15.014272 23.323633 72.000000 
-128.142136 -15.213114 23.301203 60.000000 
-128.210983 -15.008745 23.318680 69.000000 
-128.193665 -15.008145 23.316093 61.000000 
-128.276810 -14.770464 23.328060 55.000000 
-128.170380 -15.019006 23.319021 55.000000 
-128.257172 -14.773046 23.326656 105.000000 
-128.149734 -15.025061 23.319664 57.000000 
-128.244308 -14.762469 23.319355 114.000000 
-128.135056 -15.019756 23.314863 48.000000 
-128.220505 -14.773449 23.321760 114.000000 
-128.197617 -14.782861 23.323486 115.000000 
-128.180603 -14.780738 23.320034 115.000000 
-128.270416 -14.512577 23.328630 106.000000 
-128.162766 -14.780331 23.317368 111.000000 
-128.248596 -14.518707 23.328444 122.000000 
-128.146576 -14.776654 23.313238 115.000000 
-128.224411 -14.529972 23.330454 125.000000 
-128.209137 -14.522763 23.324677 124.000000 
-128.191437 -14.520668 23.321074 123.000000 
-128.171371 -14.523702 23.319662 122.000000 
-128.264923 -14.229520 23.328979 106.000000 
-128.149002 -14.531889 23.320463 122.000000 
-128.248749 -14.222169 23.323088 122.000000 
-128.224075 -14.233743 23.324711 125.000000 
-128.200272 -14.243689 23.325722 123.000000 
-128.181854 -14.241680 23.322008 123.000000 
-128.163422 -14.239729 23.318333 124.000000 
-128.147980 -14.230939 23.311945 123.000000 
-128.243179 -17.997793 23.316504 52.000000 
-128.223648 -18.000906 23.320410 85.000000 
-128.221878 -17.988457 23.309347 90.000000 
-128.211700 -18.039293 23.304636 90.000000 
-128.191452 -18.043999 23.309980 98.000000 
-128.167648 -18.052233 23.318684 94.000000 
-128.246094 -17.926231 23.309153 49.000000 
-128.154846 -18.050220 23.317566 85.000000 
-128.225632 -17.931177 23.314142 70.000000 
-128.150940 -18.040447 23.308981 82.000000 
-128.199677 -17.942411 23.324764 68.000000 
-128.139313 -18.037346 23.306803 91.000000 
-128.192596 -17.934477 23.318117 65.000000 
-128.122910 -18.038923 23.309084 67.000000 
-128.183075 -17.928938 23.313623 68.000000 
-128.247482 -17.812456 23.318621 52.000000 
-128.107727 -18.039406 23.310301 58.000000 
-128.171158 -17.925819 23.311298 63.000000 
-128.234039 -17.810434 23.317114 74.000000 
-128.154495 -17.927530 23.313314 61.000000 
-128.222977 -17.806007 23.313555 90.000000 
-128.137878 -17.929308 23.315380 58.000000 
-128.213089 -17.800383 23.308973 83.000000 
-128.125992 -17.926336 23.313158 58.000000 
-128.193771 -17.804663 23.312794 79.000000 
-128.179199 -17.804073 23.312473 77.000000 
-128.242661 -17.682310 23.318693 56.000000 
-128.164642 -17.803537 23.312189 74.000000 
-128.225449 -17.684252 23.320150 72.000000 
-128.152435 -17.800571 23.309832 82.000000 
-128.208267 -17.686260 23.321657 68.000000 
-128.140213 -17.797646 23.307503 85.000000 
-128.198044 -17.680679 23.317078 66.000000 
-128.133713 -17.788513 23.299898 59.000000 
-128.187790 -17.675127 23.312515 66.000000 
-128.172958 -17.674736 23.312082 68.000000 
-128.238068 -17.545290 23.317968 56.000000 
-128.160416 -17.671829 23.309629 69.000000 
-128.227966 -17.539906 23.313530 82.000000 
-128.142227 -17.675409 23.312370 74.000000 
-128.212265 -17.539259 23.312634 78.000000 
-128.131958 -17.670021 23.307917 50.000000 
-128.197647 -17.539230 23.312237 70.000000 
-128.267105 -17.399298 23.316872 49.000000 
-128.175278 -17.546646 23.317432 64.000000 
-128.252701 -17.397606 23.315006 69.000000 
-128.167404 -17.538780 23.311104 70.000000 
-128.233871 -17.401384 23.317043 100.000000 
-128.156158 -17.534920 23.307802 72.000000 
-128.217300 -17.404444 23.318634 89.000000 
-128.144913 -17.531096 23.304522 64.000000 
-128.200775 -17.405642 23.318830 82.000000 
-128.188644 -17.401447 23.315176 72.000000 
-128.176498 -17.397289 23.311546 79.000000 
-128.235748 -17.262936 23.325836 57.000000 
-128.161102 -17.397284 23.310879 79.000000 
-128.223236 -17.258671 23.322048 87.000000 
-128.138214 -17.406939 23.317123 75.000000 
-128.208557 -17.257248 23.320175 81.000000 
-128.190704 -17.260088 23.321177 69.000000 
-128.271881 -17.090832 23.319170 57.000000 
-128.170776 -17.265806 23.324127 73.000000 
-128.254196 -17.093956 23.320040 65.000000 
-128.157227 -17.263151 23.321426 75.000000 
-128.232208 -17.100883 23.323219 89.000000 
-128.147873 -17.254894 23.314943 77.000000 
-128.211487 -17.108463 23.326941 88.000000 
-128.138474 -17.246662 23.308470 69.000000 
-128.199005 -17.102594 23.321989 79.000000 
-128.261993 -16.943378 23.331934 46.000000 
-128.187698 -17.097317 23.317528 76.000000 
-128.253342 -16.933514 23.324673 58.000000 
-128.177811 -17.088903 23.311008 79.000000 
-128.234818 -16.936649 23.325148 74.000000 
-128.158264 -17.095285 23.313986 85.000000 
-128.221191 -16.930429 23.319866 74.000000 
-128.138443 -17.097755 23.314245 71.000000 
-128.197693 -16.941093 23.324884 66.000000 
-128.182541 -16.942026 23.324198 66.000000 
-128.267502 -16.750362 23.323822 54.000000 
-128.168182 -16.939491 23.321289 66.000000 
-128.252594 -16.747635 23.320627 65.000000 
-128.153824 -16.937002 23.318411 77.000000 
-128.224854 -16.764624 23.328621 77.000000 
-128.137482 -16.937544 23.317364 61.000000 
-128.212952 -16.757479 23.322939 67.000000 
-128.196808 -16.754368 23.319386 61.000000 
-128.183899 -16.748823 23.314617 61.000000 
-128.253876 -16.568680 23.328768 56.000000 
-128.164536 -16.756054 23.317284 69.000000 
-128.237000 -16.571280 23.328476 72.000000 
-128.143967 -16.762812 23.319532 64.000000 
-128.223557 -16.565617 23.323587 81.000000 
-128.206314 -16.566208 23.322052 75.000000 
-128.183472 -16.576193 23.325567 83.000000 
-128.272110 -16.355673 23.326736 50.000000 
-128.169373 -16.570412 23.320545 81.000000 
-128.251785 -16.359118 23.326265 71.000000 
-128.152222 -16.571190 23.319145 85.000000 
-128.230362 -16.366091 23.327694 92.000000 
-128.138092 -16.565504 23.314184 52.000000 
-128.211960 -16.366516 23.325731 78.000000 
-128.199753 -16.357748 23.319237 78.000000 
-128.181168 -16.360157 23.318401 72.000000 
-128.254364 -16.155487 23.336611 56.000000 
-128.161728 -16.364227 23.318420 75.000000 
-128.241531 -16.146540 23.330059 66.000000 
-128.143234 -16.366770 23.317682 70.000000 
-128.220688 -16.152205 23.330454 69.000000 
-128.199890 -16.157944 23.330904 61.000000 
-128.173050 -16.175131 23.336830 55.000000 
-128.281998 -15.890379 23.327194 58.000000 
-128.160217 -16.166399 23.330423 67.000000 
-128.257980 -15.901075 23.329418 74.000000 
-128.147079 -16.161503 23.326075 61.000000 
-128.236450 -15.910781 23.331478 121.000000 
-128.215179 -15.916694 23.331617 121.000000 
-128.199020 -15.912751 23.327364 116.000000 
-128.183685 -15.907202 23.322399 116.000000 
-128.269180 -15.651247 23.336956 109.000000 
-128.163345 -15.911656 23.321936 120.000000 
-128.253113 -15.645495 23.331797 122.000000 
-128.137283 -15.927816 23.326757 68.000000 
-128.232910 -15.648204 23.330198 126.000000 
-128.208710 -15.659410 23.332191 123.000000 
-128.187012 -15.665642 23.332123 122.000000 
-128.293442 -15.350147 23.333874 45.000000 
-128.171768 -15.658437 23.326412 124.000000 
-128.269363 -15.359711 23.334635 118.000000 
-128.154114 -15.656351 23.322872 124.000000 
-128.246933 -15.365940 23.334118 121.000000 
-128.229263 -15.361967 23.329611 125.000000 
-128.206146 -15.370058 23.329874 123.000000 
-128.191559 -15.359337 23.322739 122.000000 
-128.168518 -15.367571 23.323105 123.000000 
-128.144058 -15.379333 23.324898 122.000000 
-128.222473 -19.134615 23.320526 54.000000 
-128.215866 -19.126659 23.313774 78.000000 
-128.196793 -19.130062 23.317842 90.000000 
-128.174072 -19.136959 23.325224 80.000000 
-128.167908 -19.129400 23.318775 83.000000 
-128.155670 -19.182657 23.315964 80.000000 
-128.212509 -19.078072 23.326006 64.000000 
-128.148987 -19.174860 23.309311 83.000000 
-128.200653 -19.074760 23.323515 73.000000 
-128.132523 -19.176285 23.311420 80.000000 
-128.190018 -19.070309 23.319992 68.000000 
-128.109299 -19.184963 23.320375 80.000000 
-128.181046 -19.064987 23.315657 65.000000 
-128.106216 -19.173811 23.310499 57.000000 
-128.164337 -19.066540 23.317499 63.000000 
-128.229095 -18.950468 23.322784 52.000000 
-128.094193 -19.170506 23.308111 57.000000 
-128.143600 -19.071459 23.322369 68.000000 
-128.216431 -18.946913 23.319950 79.000000 
-128.083817 -19.166348 23.304863 60.000000 
-128.131760 -19.068380 23.320036 65.000000 
-128.199448 -18.948584 23.321514 90.000000 
-128.119934 -19.065342 23.317732 65.000000 
-128.180130 -18.952780 23.325203 83.000000 
-128.121124 -19.049137 23.303625 48.000000 
-128.170364 -18.947206 23.320631 83.000000 
-128.105698 -19.049757 23.304581 45.000000 
-128.160568 -18.941662 23.316078 83.000000 
-128.217331 -18.827881 23.328617 56.000000 
-128.148392 -18.938623 23.313633 79.000000 
-128.204849 -18.824736 23.325964 72.000000 
-128.134384 -18.938377 23.313536 72.000000 
-128.195221 -18.819372 23.321545 69.000000 
-128.112915 -18.945375 23.319551 69.000000 
-128.185059 -18.813757 23.316912 69.000000 
-128.102615 -18.939730 23.314888 47.000000 
-128.167419 -18.815554 23.318172 68.000000 
-128.152634 -18.815138 23.317671 66.000000 
-128.222748 -18.680912 23.319839 64.000000 
-128.140167 -18.812212 23.315165 69.000000 
-128.206451 -18.681776 23.320051 67.000000 
-128.129959 -18.806755 23.310638 69.000000 
-128.187927 -18.685335 23.322285 82.000000 
-128.114578 -18.808046 23.311491 52.000000 
-128.180176 -18.677383 23.315884 75.000000 
-128.103241 -18.803957 23.308043 63.000000 
-128.167328 -18.674456 23.313234 81.000000 
-128.226151 -18.548567 23.327755 74.000000 
-128.080154 -18.812588 23.314718 50.000000 
-128.150604 -18.675268 23.313372 72.000000 
-128.206848 -18.552044 23.329475 74.000000 
-128.136658 -18.673765 23.311787 81.000000 
-128.197037 -18.545038 23.323795 72.000000 
-128.120514 -18.674973 23.312241 58.000000 
-128.189407 -18.535343 23.316200 67.000000 
-128.103287 -18.677572 23.313740 53.000000 
-128.165192 -18.546083 23.323112 69.000000 
-128.232849 -18.402651 23.331135 46.000000 
-128.100342 -18.664743 23.303665 49.000000 
-128.149857 -18.547926 23.323782 75.000000 
-128.222626 -18.397497 23.326809 74.000000 
-128.135651 -18.546543 23.322086 69.000000 
-128.199295 -18.407145 23.332298 72.000000 
-128.121979 -18.543570 23.319225 65.000000 
-128.177673 -18.413816 23.335754 65.000000 
-128.115326 -18.532677 23.310764 47.000000 
-128.168503 -18.405447 23.329182 61.000000 
-128.096802 -18.536924 23.313070 48.000000 
-128.155014 -18.402716 23.326385 63.000000 
-128.221375 -18.253864 23.336973 70.000000 
-128.143661 -18.397217 23.321732 65.000000 
-128.212784 -18.243872 23.329437 84.000000 
-128.128616 -18.397661 23.321115 65.000000 
-128.197342 -18.244232 23.328506 79.000000 
-128.109863 -18.402122 23.323154 55.000000 
-128.187622 -18.235733 23.321911 68.000000 
-128.101639 -18.392509 23.315735 63.000000 
-128.167435 -18.241676 23.324461 68.000000 
-128.229477 -18.084238 23.335270 61.000000 
-128.147308 -18.247698 23.327070 70.000000 
-128.214539 -18.081181 23.331909 72.000000 
-128.134918 -18.241949 23.322163 68.000000 
-128.192017 -18.090258 23.335871 86.000000 
-128.124100 -18.235060 23.316589 55.000000 
-128.174667 -18.092037 23.335487 81.000000 
-128.109192 -18.234011 23.314726 54.000000 
-128.164459 -18.083519 23.328949 77.000000 
-128.150787 -18.081236 23.326214 78.000000 
-128.218781 -17.915485 23.340340 62.000000 
-128.130493 -18.087633 23.328611 75.000000 
-128.204056 -17.912821 23.337149 77.000000 
-128.115845 -18.086939 23.326841 47.000000 
-128.196259 -17.899614 23.328016 71.000000 
-128.176208 -17.906404 23.330250 66.000000 
-128.153671 -17.912165 23.331583 66.000000 
-128.237579 -17.713024 23.335049 58.000000 
-128.139603 -17.909986 23.328773 67.000000 
-128.213593 -17.724291 23.339104 69.000000 
-128.129074 -17.899689 23.321209 45.000000 
-128.193573 -17.729462 23.339937 75.000000 
-128.178391 -17.726954 23.336700 72.000000 
-128.164810 -17.723219 23.332911 68.000000 
-128.146774 -17.725471 23.332226 69.000000 
-128.225250 -17.522738 23.341948 82.000000 
-128.131592 -17.723114 23.329092 58.000000 
-128.207657 -17.523363 23.340117 78.000000 
-128.195633 -17.514544 23.333563 72.000000 
-128.175278 -17.520041 23.334196 78.000000 
-128.155899 -17.524021 23.334087 81.000000 
-128.234360 -17.312040 23.348293 56.000000 
-128.138397 -17.524891 23.332428 81.000000 
-128.215561 -17.312485 23.346016 66.000000 
-128.193024 -17.321367 23.347855 63.000000 
-128.173248 -17.325476 23.347462 63.000000 
-128.270721 -17.068151 23.350510 46.000000 
-128.160583 -17.316679 23.340982 69.000000 
-128.250290 -17.072182 23.349674 68.000000 
-128.144516 -17.312513 23.336582 67.000000 
-128.228287 -17.077646 23.349363 108.000000 
-128.213135 -17.071934 23.344252 117.000000 
-128.195389 -17.071220 23.341368 115.000000 
-128.177658 -17.070568 23.338526 117.000000 
-128.157318 -17.076872 23.338921 120.000000 
-128.247055 -16.815004 23.350445 109.000000 
-128.134583 -17.086287 23.340599 108.000000 
-128.225311 -16.820990 23.350121 123.000000 
-128.198685 -16.837141 23.354055 123.000000 
-128.181213 -16.834881 23.350349 123.000000 
-128.166183 -16.827621 23.344566 124.000000 
-128.260803 -16.540136 23.357044 66.000000 
-128.147888 -16.827156 23.341637 125.000000 
-128.241730 -16.539455 23.353737 119.000000 
-128.224274 -16.537413 23.350067 123.000000 
-128.205994 -16.535139 23.346172 124.000000 
-128.183701 -16.537504 23.343811 125.000000 
-128.160767 -16.545654 23.344038 126.000000 
-128.144211 -16.544128 23.340790 125.000000 
-128.207169 -20.273144 23.294748 56.000000 
-128.197739 -20.269114 23.291710 78.000000 
-128.189896 -20.262287 23.286068 74.000000 
-128.175812 -20.261143 23.285868 77.000000 
-128.148727 -20.328482 23.295408 83.000000 
-128.224869 -20.206882 23.289591 45.000000 
-128.139648 -20.322918 23.290947 83.000000 
-128.205582 -20.210461 23.293409 64.000000 
-128.130539 -20.317383 23.286503 83.000000 
-128.186340 -20.214117 23.297285 73.000000 
-128.123398 -20.309309 23.279659 71.000000 
-128.180130 -20.204634 23.289310 64.000000 
-128.106949 -20.310715 23.281839 71.000000 
-128.160965 -20.208420 23.293280 63.000000 
-128.085724 -20.316793 23.288475 58.000000 
-128.153961 -20.200457 23.286633 63.000000 
-128.211960 -20.091843 23.298073 61.000000 
-128.081406 -20.306795 23.279716 58.000000 
-128.139679 -20.199625 23.286411 63.000000 
-128.202209 -20.086096 23.293434 74.000000 
-128.072693 -20.301699 23.275597 60.000000 
-128.116318 -20.208639 23.295034 60.000000 
-128.190521 -20.083107 23.291121 78.000000 
-128.109268 -20.200785 23.288458 61.000000 
-128.174759 -20.083538 23.291723 82.000000 
-128.105743 -20.189360 23.278656 45.000000 
-128.155472 -20.087709 23.295494 75.000000 
-128.223740 -19.963108 23.298927 46.000000 
-128.090332 -20.189919 23.279648 47.000000 
-128.140961 -20.087046 23.295147 72.000000 
-128.206528 -19.964882 23.300293 67.000000 
-128.073761 -20.191742 23.281769 47.000000 
-128.133545 -20.079041 23.288551 76.000000 
-128.185837 -19.970514 23.304747 72.000000 
-128.121399 -20.075996 23.286165 72.000000 
-128.180420 -19.959782 23.296074 69.000000 
-128.108749 -20.072720 23.283581 59.000000 
-128.167435 -19.956385 23.293274 72.000000 
-128.090790 -20.075970 23.286530 52.000000 
-128.154968 -19.953312 23.290731 72.000000 
-128.219604 -19.827570 23.299202 56.000000 
-128.080795 -20.072359 23.283621 56.000000 
-128.144653 -19.949566 23.287651 74.000000 
-128.207306 -19.824699 23.296698 76.000000 
-128.124146 -19.955517 23.292334 72.000000 
-128.201889 -19.814028 23.288290 82.000000 
-128.113983 -19.950027 23.287836 72.000000 
-128.181656 -19.818510 23.291304 84.000000 
-128.103790 -19.944567 23.283358 59.000000 
-128.164810 -19.821014 23.292856 78.000000 
-128.234238 -19.683266 23.298491 62.000000 
-128.092453 -19.940426 23.279930 58.000000 
-128.149216 -19.820393 23.292002 81.000000 
-128.217667 -19.684179 23.298513 85.000000 
-128.077728 -19.940189 23.279629 50.000000 
-128.136414 -19.817469 23.289423 81.000000 
-128.199997 -19.686504 23.299543 75.000000 
-128.125320 -19.811668 23.284643 81.000000 
-128.184067 -19.685913 23.298460 72.000000 
-128.112518 -19.808830 23.282120 45.000000 
-128.172028 -19.681602 23.294752 79.000000 
-128.088058 -19.820913 23.290913 59.000000 
-128.159409 -19.678970 23.292271 82.000000 
-128.217804 -19.548195 23.308701 51.000000 
-128.084106 -19.807543 23.280407 50.000000 
-128.144058 -19.678818 23.291529 79.000000 
-128.206497 -19.542431 23.303930 60.000000 
-128.122711 -19.685257 23.295467 72.000000 
-128.190231 -19.541979 23.302691 58.000000 
-128.116119 -19.674311 23.287008 52.000000 
-128.174561 -19.541870 23.301727 58.000000 
-128.100281 -19.675961 23.287582 60.000000 
-128.156235 -19.546288 23.303864 59.000000 
-128.238739 -19.378006 23.301836 69.000000 
-128.090378 -19.669170 23.282089 55.000000 
-128.144913 -19.540705 23.299213 65.000000 
-128.220505 -19.380741 23.302423 82.000000 
-128.129303 -19.540762 23.298368 63.000000 
-128.195938 -19.392118 23.308510 68.000000 
-128.127502 -19.522617 23.285233 51.000000 
-128.179947 -19.392147 23.307392 66.000000 
-128.104462 -19.532602 23.291092 48.000000 
-128.170288 -19.383627 23.300833 66.000000 
-128.240784 -19.216379 23.305578 48.000000 
-128.086792 -19.535635 23.292259 48.000000 
-128.156403 -19.380878 23.297951 78.000000 
-128.222870 -19.219629 23.306200 72.000000 
-128.144135 -19.377014 23.294413 71.000000 
-128.208542 -19.216789 23.303106 74.000000 
-128.124023 -19.383013 23.297112 65.000000 
-128.189484 -19.219591 23.303337 67.000000 
-128.114716 -19.372913 23.289486 59.000000 
-128.171066 -19.222752 23.303860 72.000000 
-128.100830 -19.370352 23.286728 53.000000 
-128.156372 -19.221834 23.302006 77.000000 
-128.238770 -19.037027 23.305220 68.000000 
-128.142090 -19.219210 23.299063 74.000000 
-128.213882 -19.049250 23.310503 65.000000 
-128.131836 -19.210707 23.292582 54.000000 
-128.203140 -19.040489 23.303923 69.000000 
-128.114517 -19.212616 23.292376 50.000000 
-128.192352 -19.031754 23.297358 67.000000 
-128.096252 -19.216076 23.293110 46.000000 
-128.174942 -19.031836 23.295712 64.000000 
-128.244492 -18.857512 23.312956 49.000000 
-128.156845 -19.035568 23.296309 66.000000 
-128.231201 -18.851675 23.307980 60.000000 
-128.136215 -19.042122 23.298439 63.000000 
-128.218857 -18.844336 23.302206 67.000000 
-128.128296 -19.029001 23.289392 46.000000 
-128.202591 -18.843208 23.299751 65.000000 
-128.178665 -18.854507 23.303955 67.000000 
-128.160583 -18.856609 23.303253 73.000000 
-128.245224 -18.646399 23.309389 67.000000 
-128.144409 -18.855671 23.300936 68.000000 
-128.224716 -18.651592 23.309910 71.000000 
-128.208954 -18.648970 23.306515 72.000000 
-128.115875 -18.847734 23.293070 46.000000 
-128.193176 -18.646399 23.303154 72.000000 
-128.179260 -18.640713 23.298229 75.000000 
-128.250885 -18.443378 23.319994 48.000000 
-128.160721 -18.642996 23.297335 78.000000 
-128.233673 -18.442348 23.317194 64.000000 
-128.139481 -18.650110 23.298899 63.000000 
-128.218277 -18.438154 23.312908 65.000000 
-128.128281 -18.639809 23.291664 59.000000 
-128.195663 -18.446915 23.314774 57.000000 
-128.176712 -18.449297 23.313635 59.000000 
-128.158691 -18.450130 23.311775 61.000000 
-128.251404 -18.200766 23.317984 109.000000 
-128.144226 -18.444542 23.306875 61.000000 
-128.230957 -18.204765 23.317228 110.000000 
-128.213181 -18.203903 23.314331 111.000000 
-128.194550 -18.204746 23.312208 114.000000 
-128.181091 -18.195759 23.305712 111.000000 
-128.265823 -17.947603 23.323477 49.000000 
-128.159897 -18.201670 23.305882 74.000000 
-128.248230 -17.945051 23.319651 121.000000 
-128.133698 -18.217583 23.310553 57.000000 
-128.228958 -17.945906 23.317263 123.000000 
-128.207199 -17.951857 23.317024 123.000000 
-128.183868 -17.961246 23.318253 124.000000 
-128.164703 -17.962313 23.316017 124.000000 
-128.269592 -17.658487 23.322016 106.000000 
-128.152054 -17.953901 23.310081 121.000000 
-128.245621 -17.671909 23.324575 124.000000 
-128.229736 -17.664366 23.318665 123.000000 
-128.207397 -17.668535 23.317209 123.000000 
-128.189102 -17.666229 23.313385 124.000000 
-128.168442 -17.669119 23.311619 124.000000 
-128.143173 -17.682367 23.313959 51.000000 
-128.168991 -21.410959 23.285892 56.000000 
-128.156189 -21.408556 23.284597 71.000000 
-128.153397 -21.397200 23.274668 77.000000 
-128.136841 -21.398251 23.276672 77.000000 
-128.120880 -21.453712 23.276091 74.000000 
-128.183945 -21.345066 23.282206 45.000000 
-128.104385 -21.454889 23.278187 80.000000 
-128.170853 -21.342747 23.280779 59.000000 
-128.092850 -21.451580 23.275959 74.000000 
-128.158981 -21.339304 23.278326 61.000000 
-128.081299 -21.448309 23.273756 74.000000 
-128.139771 -21.342943 23.282272 61.000000 
-128.074631 -21.440498 23.267183 77.000000 
-128.127945 -21.339603 23.279892 56.000000 
-128.056992 -21.443039 23.270533 49.000000 
-128.116104 -21.336308 23.277538 56.000000 
-128.178284 -21.224461 23.285919 56.000000 
-128.043045 -21.442196 23.270620 54.000000 
-128.099426 -21.337782 23.279490 61.000000 
-128.167343 -21.219872 23.282345 79.000000 
-128.087601 -21.334581 23.277203 63.000000 
-128.155182 -21.216534 23.279829 85.000000 
-128.070999 -21.336178 23.279242 56.000000 
-128.143021 -21.213238 23.277342 85.000000 
-128.065140 -21.327110 23.271631 45.000000 
-128.123703 -21.217323 23.281136 79.000000 
-128.107788 -21.219595 23.283344 71.000000 
-128.181091 -21.090240 23.282608 58.000000 
-128.095673 -21.216455 23.280966 66.000000 
-128.163879 -21.091982 23.284031 74.000000 
-128.084930 -21.210339 23.276072 69.000000 
-128.148041 -21.090696 23.283016 81.000000 
-128.077469 -21.202337 23.269537 63.000000 
-128.137909 -21.084984 23.278440 81.000000 
-128.059494 -21.205502 23.272501 54.000000 
-128.123108 -21.084373 23.277956 77.000000 
-128.189011 -20.957344 23.285414 47.000000 
-128.042740 -21.207497 23.274462 52.000000 
-128.115265 -21.076191 23.271381 78.000000 
-128.172714 -20.958015 23.285652 67.000000 
-128.095856 -21.080772 23.275055 75.000000 
-128.164505 -20.949623 23.279024 67.000000 
-128.078812 -21.082876 23.276733 70.000000 
-128.155106 -20.942556 23.273394 72.000000 
-128.062317 -21.085325 23.278685 49.000000 
-128.137085 -20.946280 23.275949 67.000000 
-128.200851 -20.817041 23.287910 61.000000 
-128.056702 -21.074726 23.270145 51.000000 
-128.116318 -20.952417 23.280317 72.000000 
-128.193344 -20.807152 23.280298 69.000000 
-128.046494 -21.069279 23.265741 50.000000 
-128.106903 -20.945480 23.274773 72.000000 
-128.177872 -20.806686 23.279415 82.000000 
-128.092972 -20.943846 23.273245 68.000000 
-128.152344 -20.818403 23.287237 89.000000 
-128.085754 -20.934328 23.265736 62.000000 
-128.138092 -20.816729 23.285490 82.000000 
-128.069580 -20.935425 23.266270 46.000000 
-128.124954 -20.813751 23.282810 82.000000 
-128.189529 -20.676437 23.294695 54.000000 
-128.046814 -20.944551 23.272892 51.000000 
-128.118439 -20.802681 23.274338 79.000000 
-128.174911 -20.674755 23.292747 69.000000 
-128.096481 -20.810650 23.279484 69.000000 
-128.161407 -20.671738 23.289902 72.000000 
-128.079529 -20.813536 23.281023 63.000000 
-128.147369 -20.670441 23.288256 63.000000 
-128.071854 -20.803928 23.273588 53.000000 
-128.131699 -20.670301 23.287352 59.000000 
-128.209595 -20.509352 23.290293 63.000000 
-128.059265 -20.801447 23.271282 55.000000 
-128.114456 -20.673292 23.288603 65.000000 
-128.193008 -20.510868 23.290236 82.000000 
-128.100983 -20.670473 23.285892 65.000000 
-128.171585 -20.517855 23.293612 73.000000 
-128.091217 -20.661816 23.279196 61.000000 
-128.152847 -20.520355 23.294088 73.000000 
-128.077713 -20.659079 23.276537 48.000000 
-128.143204 -20.511766 23.287558 68.000000 
-128.209839 -20.352377 23.297277 52.000000 
-128.064789 -20.656660 23.274136 47.000000 
-128.134109 -20.503483 23.281273 68.000000 
-128.193405 -20.352331 23.295931 65.000000 
-128.118088 -20.503561 23.280266 70.000000 
-128.180557 -20.346195 23.290869 67.000000 
-128.098373 -20.507736 23.281822 73.000000 
-128.167252 -20.341856 23.286953 64.000000 
-128.082428 -20.507938 23.280903 49.000000 
-128.145706 -20.349318 23.290134 72.000000 
-128.069580 -20.503864 23.277256 54.000000 
-128.126297 -20.353922 23.291607 64.000000 
-128.204453 -20.177000 23.299311 57.000000 
-128.113647 -20.350029 23.288038 69.000000 
-128.188293 -20.177420 23.298073 65.000000 
-128.098343 -20.348852 23.286043 64.000000 
-128.173538 -20.174595 23.294928 63.000000 
-128.087082 -20.341803 23.280514 51.000000 
-128.156769 -20.174833 23.293524 61.000000 
-128.066788 -20.348137 23.283056 50.000000 
-128.142029 -20.172113 23.290449 63.000000 
-128.209839 -20.001070 23.309158 51.000000 
-128.129257 -20.166420 23.285690 63.000000 
-128.197601 -19.993641 23.303411 75.000000 
-128.112518 -20.166821 23.284397 57.000000 
-128.182388 -19.990862 23.300152 76.000000 
-128.092545 -20.173626 23.286829 45.000000 
-128.169769 -19.985340 23.295519 76.000000 
-128.079773 -20.168076 23.282167 46.000000 
-128.152603 -19.985739 23.293970 76.000000 
-128.129013 -19.995195 23.297190 85.000000 
-128.219498 -19.777653 23.299543 100.000000 
-128.117661 -19.986439 23.290760 72.000000 
-128.198959 -19.782745 23.300085 89.000000 
-128.100555 -19.987024 23.289339 51.000000 
-128.177521 -19.789488 23.301474 81.000000 
-128.088196 -19.979897 23.283787 54.000000 
-128.162735 -19.785269 23.297361 83.000000 
-128.146988 -19.782677 23.294073 83.000000 
-128.221497 -19.582668 23.314396 48.000000 
-128.133102 -19.776968 23.289225 86.000000 
-128.203384 -19.583164 23.312395 51.000000 
-128.111832 -19.783987 23.290808 53.000000 
-128.186203 -19.582115 23.309675 53.000000 
-128.095200 -19.783146 23.288437 64.000000 
-128.170853 -19.577904 23.305470 55.000000 
-128.151886 -19.580189 23.304356 63.000000 
-128.247391 -19.329821 23.310669 52.000000 
-128.129364 -19.589006 23.306356 61.000000 
-128.230438 -19.327095 23.306982 112.000000 
-128.208939 -19.334558 23.307957 116.000000 
-128.103867 -19.573153 23.294600 46.000000 
-128.187637 -19.340166 23.308004 114.000000 
-128.168243 -19.340628 23.305662 108.000000 
-128.151367 -19.338154 23.302151 117.000000 
-128.241669 -19.082233 23.316603 112.000000 
-128.137070 -19.330784 23.296461 55.000000 
-128.224091 -19.079592 23.312815 125.000000 
-128.115051 -19.338318 23.297445 61.000000 
-128.201416 -19.087040 23.313246 124.000000 
-128.184723 -19.082850 23.308846 123.000000 
-128.166321 -19.082064 23.305880 125.000000 
-128.143814 -19.089735 23.306475 124.000000 
-128.251785 -18.782974 23.311764 121.000000 
-128.227707 -18.792276 23.312475 122.000000 
-128.108780 -19.085121 23.299356 47.000000 
-128.207748 -18.793152 23.309925 124.000000 
-128.187820 -18.794092 23.307421 124.000000 
-128.167908 -18.795099 23.304964 123.000000 
-128.154343 -18.782494 23.297182 121.000000 
-128.128937 -18.795603 23.299515 115.000000 
-128.106750 -18.801952 23.299219 53.000000 
-128.145111 -22.536146 23.268015 49.000000 
-128.130585 -22.534487 23.267553 64.000000 
-128.121536 -22.528694 23.263027 90.000000 
-128.108795 -22.582218 23.260172 82.000000 
-128.092239 -22.583241 23.262209 91.000000 
-128.075272 -22.584051 23.264072 88.000000 
-128.147186 -22.467464 23.262560 47.000000 
-128.057571 -22.586346 23.267302 97.000000 
-128.131607 -22.467440 23.263266 64.000000 
-128.050186 -22.579901 23.262033 82.000000 
-128.120209 -22.464264 23.261057 73.000000 
-128.041092 -22.574335 23.257656 74.000000 
-128.099762 -22.469034 23.266096 68.000000 
-128.033203 -22.567656 23.252193 74.000000 
-128.085480 -22.468019 23.265865 64.000000 
-128.155487 -22.349201 23.268120 52.000000 
-128.015579 -22.570166 23.255573 50.000000 
-128.076080 -22.462353 23.261396 65.000000 
-128.137253 -22.351786 23.270727 65.000000 
-127.999207 -22.571600 23.257898 55.000000 
-128.069061 -22.454353 23.254801 60.000000 
-128.123886 -22.349600 23.269243 85.000000 
-127.988884 -22.567335 23.254728 51.000000 
-128.049973 -22.458206 23.258955 61.000000 
-128.111740 -22.346249 23.266754 81.000000 
-128.030960 -22.462141 23.263170 61.000000 
-128.101974 -22.340506 23.262209 81.000000 
-128.082657 -22.344557 23.266035 77.000000 
-128.144592 -22.227839 23.275606 52.000000 
-128.013260 -22.449957 23.253376 45.000000 
-128.065781 -22.346243 23.267828 69.000000 
-128.135696 -22.220745 23.269964 61.000000 
-127.999054 -22.449287 23.253382 45.000000 
-128.053665 -22.343086 23.265471 71.000000 
-128.123215 -22.217447 23.267374 65.000000 
-128.046249 -22.335051 23.258936 71.000000 
-128.101334 -22.224272 23.272942 68.000000 
-128.032928 -22.333200 23.257679 53.000000 
-128.091248 -22.218559 23.268393 68.000000 
-128.023117 -22.327686 23.253284 49.000000 
-128.081116 -22.212875 23.263865 68.000000 
-128.142593 -22.091164 23.275095 59.000000 
-128.066330 -22.212299 23.263447 66.000000 
-128.130951 -22.086630 23.271427 82.000000 
-128.051575 -22.211781 23.263067 68.000000 
-128.118149 -22.083435 23.268772 70.000000 
-128.026520 -22.222797 23.271984 50.000000 
-128.104187 -22.081589 23.267139 72.000000 
-128.170822 -21.950022 23.277136 49.000000 
-128.023758 -22.209902 23.261614 54.000000 
-128.088501 -22.082693 23.267759 68.000000 
-128.161621 -21.943066 23.271675 69.000000 
-128.015869 -22.201853 23.255148 54.000000 
-128.068909 -22.087507 23.271183 64.000000 
-128.151840 -21.935841 23.265995 100.000000 
-128.059540 -22.080574 23.265671 60.000000 
-128.127350 -21.946091 23.272840 85.000000 
-128.045639 -22.078934 23.264181 52.000000 
-128.106354 -21.952412 23.276871 69.000000 
-128.095474 -21.946684 23.272257 79.000000 
-128.164017 -21.805534 23.281378 45.000000 
-128.082352 -21.943691 23.269604 63.000000 
-128.140533 -21.814812 23.286882 64.000000 
-128.075851 -21.932617 23.261147 60.000000 
-128.125961 -21.813129 23.284981 68.000000 
-128.053909 -21.940556 23.266338 63.000000 
-128.114700 -21.807344 23.280302 70.000000 
-128.037506 -21.941784 23.266710 50.000000 
-128.103409 -21.801592 23.275644 68.000000 
-128.172211 -21.653694 23.286762 45.000000 
-128.025497 -21.937620 23.263208 51.000000 
-128.084488 -21.805611 23.277601 63.000000 
-128.158325 -21.650612 23.283772 65.000000 
-128.066727 -21.808311 23.278669 63.000000 
-128.145508 -21.646154 23.279903 100.000000 
-128.057571 -21.799906 23.272211 65.000000 
-128.128387 -21.647434 23.279699 68.000000 
-128.047318 -21.792921 23.266714 54.000000 
-128.112381 -21.647350 23.278627 68.000000 
-128.035965 -21.787365 23.262182 51.000000 
-128.094269 -21.650185 23.279425 71.000000 
-128.154266 -21.499557 23.293720 58.000000 
-128.021408 -21.786062 23.260536 48.000000 
-128.080414 -21.647356 23.276608 71.000000 
-128.146301 -21.487850 23.285408 72.000000 
-128.074936 -21.633093 23.266472 64.000000 
-128.131149 -21.488440 23.284624 67.000000 
-128.057007 -21.638086 23.268761 47.000000 
-128.119980 -21.481174 23.278986 66.000000 
-128.036926 -21.644032 23.271566 48.000000 
-128.098892 -21.486866 23.281101 66.000000 
-128.177856 -21.310301 23.288839 54.000000 
-128.076447 -21.495871 23.285288 64.000000 
-128.164124 -21.305862 23.284807 65.000000 
-128.062225 -21.493177 23.282421 59.000000 
-128.141632 -21.313166 23.287373 59.000000 
-128.121490 -21.319641 23.289629 53.000000 
-128.106171 -21.316589 23.286335 56.000000 
-128.090118 -21.317177 23.285261 59.000000 
-128.172165 -21.125086 23.291895 64.000000 
-128.078766 -21.308195 23.278599 55.000000 
-128.153992 -21.126839 23.291092 72.000000 
-128.063705 -21.307369 23.276731 45.000000 
-128.138794 -21.124048 23.287867 75.000000 
-128.120361 -21.127754 23.288218 73.000000 
-128.108093 -21.120445 23.282585 66.000000 
-128.188934 -20.920422 23.293842 63.000000 
-128.081650 -21.134514 23.288349 59.000000 
-128.172501 -20.917297 23.290194 78.000000 
-128.157700 -20.912951 23.286037 70.000000 
-128.052338 -21.127893 23.281418 52.000000 
-128.135330 -20.921242 23.288263 72.000000 
-128.118683 -20.920160 23.285778 70.000000 
-128.200806 -20.707457 23.299702 53.000000 
-128.104828 -20.914400 23.280933 68.000000 
-128.178040 -20.715872 23.301481 62.000000 
-128.087250 -20.915007 23.279318 68.000000 
-128.158096 -20.719563 23.301044 65.000000 
-128.066940 -20.920425 23.280153 46.000000 
-128.142792 -20.715292 23.296844 63.000000 
-128.129272 -20.707851 23.291149 65.000000 
-128.215729 -20.477699 23.306551 50.000000 
-128.107605 -20.714952 23.292376 61.000000 
-128.198853 -20.474922 23.302881 107.000000 
-128.087799 -20.718908 23.292126 54.000000 
-128.186417 -20.464020 23.295607 110.000000 
-128.068039 -20.722937 23.291925 51.000000 
-128.161545 -20.476086 23.298571 105.000000 
-128.055405 -20.714083 23.285595 45.000000 
-128.141174 -20.480045 23.297949 114.000000 
-128.122589 -20.480789 23.295910 118.000000 
-128.214035 -20.225397 23.310148 50.000000 
-128.110077 -20.470081 23.288761 119.000000 
-128.193054 -20.229359 23.309151 121.000000 
-128.084625 -20.484121 23.292702 54.000000 
-128.172134 -20.233393 23.308207 119.000000 
-128.072083 -20.473507 23.285616 54.000000 
-128.154648 -20.230818 23.304520 121.000000 
-128.140533 -20.221605 23.298065 122.000000 
-128.234833 -19.945734 23.315445 45.000000 
-128.118835 -20.227512 23.297960 123.000000 
-128.216568 -19.943026 23.311501 121.000000 
-128.091400 -20.245243 23.302847 105.000000 
-128.199127 -19.938679 23.306934 124.000000 
-128.080582 -20.229479 23.293678 111.000000 
-128.178406 -19.941187 23.305065 124.000000 
-128.153656 -19.952278 23.306583 124.000000 
-128.136246 -19.948120 23.302145 125.000000 
-128.116425 -19.949135 23.299757 121.000000 
-128.099808 -19.943382 23.294722 120.000000 
-128.080002 -19.944523 23.292419 47.000000 
-128.093353 -23.672840 23.247095 56.000000 
-128.066147 -23.738434 23.255384 85.000000 
-128.057190 -23.732693 23.250858 90.000000 
-128.046494 -23.727810 23.247211 83.000000 
-128.037491 -23.722126 23.242720 83.000000 
-128.021469 -23.723486 23.245041 83.000000 
-128.087372 -23.613029 23.248087 70.000000 
-128.005020 -23.724628 23.247185 74.000000 
-128.079285 -23.606073 23.242430 83.000000 
-127.993095 -23.721046 23.244755 83.000000 
-128.058365 -23.610451 23.247217 70.000000 
-127.986519 -23.713253 23.238161 80.000000 
-128.039200 -23.614042 23.251228 67.000000 
-127.981110 -23.704340 23.230467 49.000000 
-128.034760 -23.603712 23.242443 67.000000 
-128.097626 -23.492302 23.250242 58.000000 
-127.961075 -23.709099 23.236076 51.000000 
-128.022949 -23.600405 23.240099 65.000000 
-128.081863 -23.492476 23.250797 74.000000 
-127.945953 -23.709375 23.237305 55.000000 
-128.013565 -23.594791 23.235628 67.000000 
-128.068542 -23.490301 23.249313 82.000000 
-127.999336 -23.593914 23.235493 64.000000 
-128.054047 -23.489384 23.248909 82.000000 
-127.983932 -23.594269 23.236477 45.000000 
-128.044342 -23.483681 23.244354 85.000000 
-128.100784 -23.373459 23.258528 48.000000 
-128.029861 -23.482861 23.244017 72.000000 
-128.091965 -23.366375 23.252846 65.000000 
-128.011597 -23.487520 23.248369 66.000000 
-128.084122 -23.359896 23.247643 69.000000 
-128.001907 -23.481939 23.243900 72.000000 
-128.069321 -23.359104 23.247078 69.000000 
-127.994049 -23.473663 23.237112 57.000000 
-128.046967 -23.365601 23.252451 69.000000 
-127.984291 -23.468136 23.232674 47.000000 
-128.036926 -23.359919 23.247887 66.000000 
-128.107147 -23.229677 23.251516 62.000000 
-127.966339 -23.471241 23.235683 58.000000 
-128.029205 -23.351746 23.241287 66.000000 
-128.086212 -23.235420 23.255718 67.000000 
-127.948448 -23.474421 23.238750 47.000000 
-128.021423 -23.343590 23.234697 65.000000 
-128.075806 -23.229622 23.251051 77.000000 
-127.998573 -23.351906 23.241524 58.000000 
-128.061905 -23.227741 23.249388 66.000000 
-128.127975 -23.097963 23.259653 61.000000 
-127.983871 -23.351439 23.241186 48.000000 
-128.051468 -23.222015 23.244768 75.000000 
-128.114883 -23.094698 23.256798 64.000000 
-127.973137 -23.347485 23.238001 57.000000 
-128.034653 -23.224411 23.246395 75.000000 
-128.095474 -23.099747 23.259991 85.000000 
-128.017380 -23.226589 23.247843 68.000000 
-128.091492 -23.085928 23.249483 72.000000 
-128.008057 -23.219687 23.242304 58.000000 
-128.072723 -23.089468 23.251553 82.000000 
-128.052887 -23.094419 23.254648 79.000000 
-128.123199 -22.952408 23.262068 48.000000 
-127.983711 -23.212519 23.236319 54.000000 
-128.039841 -23.091404 23.251966 69.000000 
-128.107513 -22.951981 23.261015 62.000000 
-128.029007 -23.085741 23.247360 67.000000 
-128.087402 -22.957104 23.263758 65.000000 
-128.018143 -23.080112 23.242775 67.000000 
-128.073990 -22.954054 23.260914 63.000000 
-127.998444 -23.085320 23.246056 45.000000 
-128.060593 -22.951050 23.258102 65.000000 
-128.131165 -22.802261 23.267473 57.000000 
-127.985939 -23.082762 23.243721 58.000000 
-128.049927 -22.945614 23.253662 61.000000 
-128.116837 -22.800856 23.265598 70.000000 
-128.032150 -22.948229 23.254696 59.000000 
-128.103027 -22.797794 23.262604 78.000000 
-128.014938 -22.949245 23.254601 66.000000 
-128.094025 -22.787415 23.254841 70.000000 
-128.001541 -22.946436 23.251921 45.000000 
-128.075867 -22.790102 23.255560 68.000000 
-128.145477 -22.628254 23.262516 48.000000 
-127.993507 -22.936707 23.244495 47.000000 
-128.053497 -22.798540 23.260000 68.000000 
-128.125900 -22.632421 23.263773 67.000000 
-128.046097 -22.787146 23.251631 67.000000 
-128.102737 -22.642763 23.268858 72.000000 
-128.028625 -22.790306 23.252720 70.000000 
-128.086456 -22.642733 23.267580 69.000000 
-128.024277 -22.774675 23.241604 45.000000 
-128.076447 -22.634022 23.261019 72.000000 
-127.999985 -22.786243 23.248089 46.000000 
-128.062225 -22.631172 23.258030 69.000000 
-128.134766 -22.465462 23.270922 52.000000 
-128.042862 -22.635681 23.259533 66.000000 
-128.121124 -22.461010 23.266859 71.000000 
-128.022507 -22.641727 23.261986 61.000000 
-128.112610 -22.449154 23.258549 61.000000 
-128.095230 -22.448963 23.256859 61.000000 
-127.991158 -22.640831 23.258976 50.000000 
-128.071045 -22.461382 23.262579 66.000000 
-128.153519 -22.271429 23.269522 57.000000 
-128.057785 -22.455343 23.257547 61.000000 
-128.136353 -22.271532 23.267822 69.000000 
-128.043762 -22.452919 23.254747 58.000000 
-128.110245 -22.285429 23.273594 73.000000 
-128.095154 -22.282619 23.270346 73.000000 
-128.080063 -22.279861 23.267132 76.000000 
-128.068863 -22.271015 23.260622 69.000000 
-128.141876 -22.085545 23.277933 68.000000 
-128.046951 -22.279100 23.263304 65.000000 
-128.128189 -22.079586 23.272926 71.000000 
-128.114487 -22.073669 23.267946 75.000000 
-128.096939 -22.074057 23.266188 72.000000 
-128.070877 -22.088619 23.271685 67.000000 
-128.162323 -21.864269 23.278206 53.000000 
-128.055313 -22.086010 23.268425 68.000000 
-128.142380 -21.867815 23.277695 64.000000 
-128.115982 -21.882608 23.282593 61.000000 
-128.103577 -21.873529 23.276064 65.000000 
-128.088150 -21.871178 23.272877 65.000000 
-128.177780 -21.636566 23.284367 50.000000 
-128.071106 -21.870188 23.270248 70.000000 
-128.154663 -21.645136 23.285780 74.000000 
-128.044281 -21.885031 23.275152 45.000000 
-128.141678 -21.633959 23.278208 106.000000 
-128.032730 -21.874531 23.267971 54.000000 
-128.124908 -21.631268 23.274582 116.000000 
-128.103683 -21.636793 23.274681 117.000000 
-128.081650 -21.644033 23.275578 114.000000 
-128.176971 -21.384373 23.286123 111.000000 
-128.056046 -21.659832 23.280489 47.000000 
-128.155991 -21.390232 23.286072 121.000000 
-128.054199 -21.629520 23.264414 59.000000 
-128.133408 -21.397528 23.286520 121.000000 
-128.115189 -21.396585 23.283506 121.000000 
-128.098679 -21.392374 23.279121 121.000000 
-128.200287 -21.107473 23.290932 53.000000 
-128.080460 -21.391550 23.276188 111.000000 
-128.173752 -21.119621 23.292690 120.000000 
-128.057220 -21.400808 23.277559 48.000000 
-128.161484 -21.105116 23.284082 124.000000 
-128.141678 -21.105881 23.281528 125.000000 
-128.120255 -21.110098 23.280365 122.000000 
-128.096436 -21.119486 23.281282 123.000000 
-128.075134 -21.123863 23.280235 57.000000 
-128.066727 -21.103071 23.269312 108.000000 
-128.031723 -24.821831 23.234768 68.000000 
-128.010178 -24.881493 23.237940 78.000000 
-127.994980 -24.881254 23.238882 74.000000 
-127.978546 -24.882183 23.240961 74.000000 
-127.972168 -24.874302 23.234320 74.000000 
-128.032700 -24.770405 23.242191 47.000000 
-127.968239 -24.864208 23.225487 68.000000 
-128.014771 -24.772598 23.245064 64.000000 
-127.951828 -24.865278 23.227663 65.000000 
-128.009308 -24.763390 23.237322 61.000000 
-127.937927 -24.864178 23.227680 65.000000 
-127.997597 -24.759941 23.234930 63.000000 
-127.926506 -24.860880 23.225521 60.000000 
-127.983421 -24.758844 23.234709 61.000000 
-128.048431 -24.647163 23.240877 50.000000 
-127.911407 -24.861004 23.226715 49.000000 
-127.959457 -24.767063 23.243124 61.000000 
-128.037643 -24.642488 23.237288 74.000000 
-127.908539 -24.849890 23.216837 51.000000 
-127.950249 -24.761457 23.238691 63.000000 
-128.020721 -24.643808 23.238930 66.000000 
-127.941017 -24.755878 23.234276 60.000000 
-127.996552 -24.652367 23.246891 68.000000 
-127.940224 -24.742153 23.222300 47.000000 
-127.990654 -24.643059 23.239223 76.000000 
-127.978668 -24.639767 23.236805 71.000000 
-128.040543 -24.525442 23.246006 63.000000 
-127.902374 -24.749874 23.230923 45.000000 
-127.969078 -24.634106 23.232311 71.000000 
-128.029434 -24.520838 23.242386 81.000000 
-127.952301 -24.635723 23.234165 71.000000 
-128.021912 -24.512554 23.235729 88.000000 
-127.931992 -24.641039 23.239241 54.000000 
-128.011948 -24.506771 23.231127 81.000000 
-127.992500 -24.510973 23.234741 77.000000 
-128.060242 -24.385397 23.240841 63.000000 
-127.973114 -24.515255 23.238413 78.000000 
-128.048752 -24.380777 23.237129 82.000000 
-127.965515 -24.507109 23.231848 81.000000 
-128.030212 -24.383879 23.239407 82.000000 
-127.954201 -24.504557 23.229866 69.000000 
-128.016251 -24.383783 23.239210 70.000000 
-127.941887 -24.501482 23.227465 47.000000 
-128.003616 -24.380589 23.236591 68.000000 
-128.071594 -24.250248 23.245064 62.000000 
-127.926758 -24.500694 23.226944 50.000000 
-127.990448 -24.377150 23.233772 68.000000 
-128.049973 -24.255888 23.248758 85.000000 
-127.905251 -24.507818 23.232924 50.000000 
-127.981247 -24.370165 23.228203 62.000000 
-128.037003 -24.252665 23.245985 75.000000 
-127.968582 -24.367092 23.225666 57.000000 
-128.026321 -24.246838 23.241304 72.000000 
-128.014465 -24.242367 23.237616 67.000000 
-127.998085 -24.243258 23.237848 72.000000 
-128.063522 -24.108709 23.249186 57.000000 
-127.918167 -24.372486 23.229380 54.000000 
-127.978355 -24.248213 23.241058 75.000000 
-128.052429 -24.102804 23.244425 62.000000 
-127.967064 -24.244173 23.237698 67.000000 
-128.032928 -24.108143 23.247459 61.000000 
-128.017380 -24.107796 23.246538 63.000000 
-127.946159 -24.231333 23.227417 48.000000 
-128.005722 -24.101738 23.241634 61.000000 
-128.076035 -23.955036 23.251089 69.000000 
-127.933167 -24.228460 23.224884 61.000000 
-127.994598 -24.096001 23.236986 65.000000 
-128.055710 -23.960304 23.253572 68.000000 
-127.982903 -24.091957 23.233541 66.000000 
-128.044785 -23.954714 23.249037 66.000000 
-127.965202 -24.094564 23.234663 53.000000 
-128.028900 -23.954491 23.247952 66.000000 
-128.017365 -23.948687 23.243231 64.000000 
-128.075043 -23.804926 23.259739 66.000000 
-127.938538 -24.088902 23.229380 49.000000 
-128.002563 -23.947155 23.241295 73.000000 
-128.061432 -23.800131 23.255541 69.000000 
-127.986145 -23.946806 23.240088 73.000000 
-128.042007 -23.804337 23.256935 64.000000 
-127.969254 -23.948219 23.240080 57.000000 
-128.023849 -23.809195 23.258856 58.000000 
-127.960953 -23.940308 23.234077 49.000000 
-128.010864 -23.804853 23.255009 59.000000 
-128.095749 -23.623802 23.257160 53.000000 
-127.949348 -23.934702 23.229486 51.000000 
-127.996658 -23.799978 23.250719 58.000000 
-128.070572 -23.633459 23.261160 57.000000 
-127.982597 -23.797176 23.247824 58.000000 
-128.059158 -23.626055 23.255440 62.000000 
-128.045258 -23.623423 23.252558 60.000000 
-128.032776 -23.617571 23.247744 62.000000 
-128.108276 -23.442453 23.261627 47.000000 
-128.018860 -23.615025 23.244919 60.000000 
-128.097977 -23.433695 23.255253 64.000000 
-127.998230 -23.621181 23.247084 59.000000 
-128.081924 -23.432240 23.252779 72.000000 
-128.057861 -23.442989 23.256979 66.000000 
-128.037888 -23.447752 23.257927 73.000000 
-128.023605 -23.441339 23.252611 72.000000 
-128.111008 -23.236788 23.258520 66.000000 
-128.008621 -23.438606 23.249477 72.000000 
-128.092529 -23.238503 23.257486 78.000000 
-127.998863 -23.430376 23.243500 52.000000 
-128.071533 -23.247095 23.260191 71.000000 
-127.984833 -23.426193 23.239580 46.000000 
-128.056046 -23.244280 23.256855 70.000000 
-128.039200 -23.240931 23.253065 67.000000 
-128.116486 -23.042509 23.270882 51.000000 
-128.024658 -23.236662 23.248997 72.000000 
-128.102371 -23.036453 23.265820 64.000000 
-127.999664 -23.249641 23.253841 50.000000 
-128.083496 -23.038374 23.264620 68.000000 
-128.067474 -23.035593 23.261160 68.000000 
-127.974396 -23.235107 23.242653 52.000000 
-128.043991 -23.045603 23.263908 66.000000 
-128.151138 -22.786642 23.262682 50.000000 
-128.028015 -23.042946 23.260536 68.000000 
-128.123383 -22.803125 23.267771 105.000000 
-128.014374 -23.039322 23.256910 54.000000 
-128.103638 -22.808992 23.268307 108.000000 
-128.000214 -23.033560 23.252047 46.000000 
-128.079758 -22.819191 23.270597 105.000000 
-127.980789 -23.035570 23.250870 45.000000 
-128.059738 -22.821066 23.269012 74.000000 
-128.047668 -22.810293 23.261793 111.000000 
-128.140762 -22.559992 23.274796 50.000000 
-128.029144 -22.812876 23.260788 72.000000 
-128.124268 -22.557474 23.271259 121.000000 
-128.106995 -22.554703 23.267500 122.000000 
-128.081192 -22.564631 23.268921 125.000000 
-128.053589 -22.581888 23.273764 122.000000 
-128.166275 -22.279621 23.276260 59.000000 
-128.042267 -22.571617 23.267105 124.000000 
-128.146469 -22.284122 23.275501 120.000000 
-128.120865 -22.296492 23.277624 124.000000 
-128.013885 -22.553036 23.254015 106.000000 
-128.099594 -22.298546 23.275520 123.000000 
-128.083328 -22.292542 23.270351 123.000000 
-128.067886 -22.284893 23.264534 124.000000 
-128.044998 -22.292517 23.264860 63.000000 
-128.024612 -22.295139 23.263203 50.000000 
-127.968513 -26.010906 23.218426 56.000000 
-127.953278 -26.010557 23.219349 78.000000 
-127.935539 -26.012465 23.222504 77.000000 
-127.919106 -26.013346 23.224613 77.000000 
-127.915245 -26.003237 23.215784 83.000000 
-127.906326 -25.997564 23.211355 65.000000 
-127.961906 -25.898163 23.223263 72.000000 
-127.892860 -25.996649 23.211582 65.000000 
-127.948181 -25.897219 23.223228 65.000000 
-127.876488 -25.997734 23.213837 71.000000 
-127.934013 -25.896038 23.223007 61.000000 
-127.862625 -25.996649 23.213921 60.000000 
-127.924797 -25.890308 23.218523 61.000000 
-127.854904 -25.990005 23.208483 57.000000 
-127.903275 -25.896145 23.224831 61.000000 
-127.980606 -25.772936 23.219906 68.000000 
-127.847153 -25.983381 23.203056 54.000000 
-127.891617 -25.892818 23.222569 63.000000 
-127.962463 -25.775387 23.222624 66.000000 
-127.884827 -25.884893 23.216002 58.000000 
-127.940712 -25.781485 23.228539 64.000000 
-127.875572 -25.879309 23.211613 56.000000 
-127.931183 -25.775738 23.224022 66.000000 
-127.865082 -25.874916 23.208328 46.000000 
-127.919205 -25.772413 23.221628 64.000000 
-127.980232 -25.659533 23.231646 48.000000 
-127.910835 -25.765528 23.216097 60.000000 
-127.967949 -25.656132 23.229067 64.000000 
-127.894051 -25.767092 23.217983 62.000000 
-127.961647 -25.646606 23.221409 74.000000 
-127.879692 -25.766310 23.217796 58.000000 
-127.951714 -25.640800 23.216827 88.000000 
-127.868912 -25.761950 23.214460 49.000000 
-127.934639 -25.642466 23.218430 78.000000 
-127.861649 -25.753984 23.207951 46.000000 
-127.915245 -25.646687 23.222139 73.000000 
-127.990105 -25.513718 23.221651 64.000000 
-127.902962 -25.643507 23.219713 78.000000 
-127.971565 -25.516764 23.223965 77.000000 
-127.893013 -25.637871 23.215248 75.000000 
-127.950752 -25.522444 23.228333 64.000000 
-127.881874 -25.633516 23.211836 46.000000 
-127.942795 -25.514103 23.221748 68.000000 
-128.009995 -25.385317 23.230911 49.000000 
-127.870728 -25.629200 23.208450 49.000000 
-127.932480 -25.508352 23.217180 70.000000 
-127.991234 -25.388573 23.232962 90.000000 
-127.923286 -25.501343 23.211624 60.000000 
-127.977119 -25.386633 23.231184 72.000000 
-127.900833 -25.510143 23.218418 82.000000 
-127.968132 -25.379753 23.225786 69.000000 
-127.890495 -25.504513 23.213930 47.000000 
-127.955162 -25.376575 23.223095 69.000000 
-127.938179 -25.379036 23.224571 69.000000 
-128.000687 -25.248842 23.238443 57.000000 
-127.925224 -25.375957 23.221947 79.000000 
-127.993019 -25.238850 23.230888 60.000000 
-127.908897 -25.376921 23.222300 75.000000 
-127.979691 -25.235676 23.228062 66.000000 
-127.893723 -25.376610 23.221712 50.000000 
-127.957436 -25.243454 23.232845 66.000000 
-127.886345 -25.366985 23.214256 51.000000 
-127.945251 -25.239027 23.229151 65.000000 
-128.020477 -25.087082 23.234621 75.000000 
-127.934158 -25.233269 23.224529 65.000000 
-127.997955 -25.095076 23.238970 66.000000 
-127.920288 -25.230003 23.221609 61.000000 
-127.983696 -25.091669 23.235815 68.000000 
-127.901512 -25.233948 23.223734 52.000000 
-127.971107 -25.087204 23.232014 73.000000 
-127.961243 -25.080256 23.226627 68.000000 
-128.019394 -24.936666 23.242966 66.000000 
-127.945374 -25.080088 23.225643 64.000000 
-128.008057 -24.930990 23.238386 66.000000 
-127.923676 -25.088734 23.230488 62.000000 
-127.987556 -24.936563 23.240698 61.000000 
-127.912148 -25.083038 23.225883 50.000000 
-127.964874 -24.943079 23.243490 56.000000 
-127.897324 -25.079647 23.222706 52.000000 
-127.950844 -24.940153 23.240566 56.000000 
-128.036880 -24.759718 23.242590 62.000000 
-127.938911 -24.934378 23.235882 56.000000 
-128.012939 -24.769905 23.247135 62.000000 
-127.933212 -24.919931 23.225830 48.000000 
-128.002609 -24.760998 23.240580 60.000000 
-127.986023 -24.760992 23.239210 59.000000 
-127.974602 -24.753633 23.233561 65.000000 
-128.041840 -24.590570 23.253466 58.000000 
-127.954964 -24.758186 23.234863 62.000000 
-128.035034 -24.575472 23.243574 75.000000 
-127.935387 -24.762815 23.236221 49.000000 
-128.020035 -24.572481 23.240320 75.000000 
-128.001312 -24.577709 23.241745 68.000000 
-127.978333 -24.586969 23.245239 66.000000 
-127.965736 -24.579302 23.239363 59.000000 
-128.054810 -24.373581 23.244074 82.000000 
-127.954742 -24.570438 23.232908 47.000000 
-128.033386 -24.379887 23.245478 82.000000 
-128.013321 -24.382879 23.245094 75.000000 
-127.998817 -24.378477 23.240992 70.000000 
-127.988167 -24.367901 23.233698 75.000000 
-128.061035 -24.179419 23.256250 56.000000 
-127.969780 -24.369812 23.232878 67.000000 
-128.048843 -24.170162 23.249680 61.000000 
-128.029968 -24.172026 23.248516 64.000000 
-127.935005 -24.370707 23.229757 60.000000 
-128.009247 -24.177130 23.248945 66.000000 
-127.989998 -24.182901 23.249922 64.000000 
-128.089874 -23.936962 23.253910 65.000000 
-127.972183 -24.183380 23.248133 55.000000 
-128.072311 -23.935631 23.250982 110.000000 
-128.042984 -23.953447 23.256697 105.000000 
-127.949684 -24.160288 23.232737 48.000000 
-128.025513 -23.952263 23.253876 115.000000 
-128.010757 -23.946276 23.248871 116.000000 
-127.993286 -23.945202 23.246128 111.000000 
-128.088974 -23.691933 23.257359 121.000000 
-128.072495 -23.689365 23.253853 122.000000 
-127.959991 -23.941889 23.240255 62.000000 
-128.049042 -23.698092 23.255072 123.000000 
-128.025681 -23.706907 23.256359 122.000000 
-128.138397 -23.410521 23.261421 47.000000 
-128.004135 -23.712502 23.256289 123.000000 
-128.121246 -23.405882 23.256769 118.000000 
-127.983612 -23.714565 23.254599 45.000000 
-128.099823 -23.407696 23.254576 123.000000 
-128.071594 -23.425013 23.258760 124.000000 
-128.055298 -23.420879 23.254509 125.000000 
-128.035660 -23.421545 23.252062 126.000000 
-128.017715 -23.418901 23.248302 124.000000 
-127.996460 -23.423073 23.247309 55.000000 
-127.970337 -23.435480 23.249535 108.000000 
-127.879982 -27.120312 23.201130 54.000000 
-127.871010 -27.114517 23.196657 71.000000 
-127.858269 -27.112068 23.195507 77.000000 
-127.854240 -27.101898 23.186659 74.000000 
-127.832794 -27.107311 23.193300 74.000000 
-127.816360 -27.108351 23.195574 74.000000 
-127.885109 -26.995987 23.195421 73.000000 
-127.804893 -27.104980 23.193447 83.000000 
-127.868378 -26.997086 23.197382 68.000000 
-127.793411 -27.101650 23.191347 83.000000 
-127.849251 -27.000561 23.201553 68.000000 
-127.789246 -27.091600 23.182573 77.000000 
-127.839935 -26.994854 23.197121 65.000000 
-127.913292 -26.874498 23.195665 46.000000 
-127.774094 -27.091721 23.183874 57.000000 
-127.828163 -26.991499 23.194876 61.000000 
-127.895096 -26.876949 23.198437 72.000000 
-127.821701 -26.983809 23.188528 65.000000 
-127.884689 -26.872599 23.195173 82.000000 
-127.805084 -26.985189 23.190687 65.000000 
-127.870171 -26.871584 23.194870 79.000000 
-127.794510 -26.980783 23.187431 51.000000 
-127.862877 -26.863419 23.188261 75.000000 
-127.780342 -26.979933 23.187485 45.000000 
-127.843590 -26.867311 23.192259 71.000000 
-127.902908 -26.754910 23.203505 63.000000 
-127.826744 -26.868872 23.194193 71.000000 
-127.897644 -26.744099 23.194818 68.000000 
-127.814667 -26.865654 23.191912 67.000000 
-127.885216 -26.740738 23.192308 66.000000 
-127.804947 -26.860050 23.187525 63.000000 
-127.870422 -26.739908 23.191891 66.000000 
-127.796371 -26.853258 23.182087 53.000000 
-127.855652 -26.739134 23.191513 68.000000 
-127.924339 -26.611759 23.196535 63.000000 
-127.780762 -26.853811 23.183098 46.000000 
-127.843231 -26.735914 23.189098 69.000000 
-127.905731 -26.614798 23.198898 67.000000 
-127.833130 -26.730230 23.184635 69.000000 
-127.891815 -26.612782 23.197302 72.000000 
-127.820694 -26.727089 23.182274 72.000000 
-127.883682 -26.604383 23.190710 64.000000 
-127.795609 -26.737850 23.191433 54.000000 
-127.868614 -26.603741 23.190180 66.000000 
-127.931747 -26.478056 23.202562 66.000000 
-127.853561 -26.603153 23.189688 68.000000 
-127.920921 -26.472115 23.197882 90.000000 
-127.833969 -26.607803 23.193287 66.000000 
-127.911217 -26.464882 23.192245 75.000000 
-127.821243 -26.604742 23.190853 64.000000 
-127.891289 -26.469620 23.195435 72.000000 
-127.815277 -26.593914 23.182337 46.000000 
-127.870308 -26.475769 23.199667 65.000000 
-127.943756 -26.331396 23.204493 48.000000 
-127.858353 -26.471340 23.196089 72.000000 
-127.923576 -26.336311 23.207338 64.000000 
-127.844162 -26.469620 23.194511 69.000000 
-127.903458 -26.341309 23.210243 59.000000 
-127.833305 -26.463932 23.190001 58.000000 
-127.890045 -26.338184 23.207500 61.000000 
-127.821320 -26.459620 23.186502 47.000000 
-127.878838 -26.332363 23.202879 61.000000 
-127.951469 -26.182533 23.210617 51.000000 
-127.870918 -26.324406 23.196823 65.000000 
-127.935516 -26.184135 23.210918 76.000000 
-127.853104 -26.326899 23.197989 63.000000 
-127.919518 -26.183798 23.209866 73.000000 
-127.835342 -26.329460 23.199202 59.000000 
-127.905701 -26.180704 23.207006 73.000000 
-127.824089 -26.323797 23.194687 46.000000 
-127.888657 -26.181885 23.206955 64.000000 
-127.962563 -26.016294 23.210272 55.000000 
-127.874855 -26.178894 23.204166 68.000000 
-127.941910 -26.021784 23.212580 65.000000 
-127.861046 -26.175947 23.201408 62.000000 
-127.921326 -26.027355 23.214947 67.000000 
-127.847244 -26.173048 23.198681 55.000000 
-127.907127 -26.024334 23.212002 69.000000 
-127.893364 -26.019621 23.207956 66.000000 
-127.965759 -25.855686 23.220842 47.000000 
-127.883316 -26.010889 23.201477 66.000000 
-127.949028 -25.855555 23.219437 54.000000 
-127.863480 -26.017012 23.204262 64.000000 
-127.939148 -25.846903 23.213131 57.000000 
-127.850304 -26.012724 23.200542 50.000000 
-127.923454 -25.845390 23.210930 65.000000 
-127.905724 -25.846901 23.210499 60.000000 
-127.887024 -25.849964 23.210987 60.000000 
-127.975380 -25.654827 23.213783 60.000000 
-127.874413 -25.844154 23.206289 56.000000 
-127.960205 -25.651793 23.210546 63.000000 
-127.935043 -25.663992 23.215698 65.000000 
-127.918930 -25.662605 23.213388 67.000000 
-127.906761 -25.655180 23.207758 72.000000 
-127.984467 -25.465611 23.222143 67.000000 
-127.888687 -25.656946 23.207201 63.000000 
-127.972725 -25.456417 23.215586 66.000000 
-127.957047 -25.453466 23.212265 66.000000 
-127.939438 -25.453678 23.210592 66.000000 
-127.924728 -25.449276 23.206535 71.000000 
-127.998375 -25.256638 23.228096 59.000000 
-127.896683 -25.466776 23.213861 68.000000 
-127.981247 -25.255259 23.225395 57.000000 
-127.963188 -25.255522 23.223507 57.000000 
-127.943275 -25.259029 23.223213 63.000000 
-127.926201 -25.257832 23.220638 59.000000 
-128.021454 -25.019421 23.229383 75.000000 
-127.911903 -25.251909 23.215767 52.000000 
-128.000977 -25.022923 23.228718 108.000000 
-127.982376 -25.023258 23.226624 114.000000 
-127.968315 -25.015553 23.220858 115.000000 
-127.949730 -25.016006 23.218843 116.000000 
-128.038269 -24.775265 23.237064 48.000000 
-127.925804 -25.026281 23.221354 55.000000 
-128.021713 -24.770666 23.232599 120.000000 
-128.003403 -24.769419 23.229582 121.000000 
-127.890434 -25.026194 23.217062 45.000000 
-127.983246 -24.773495 23.228991 119.000000 
-127.961487 -24.778994 23.228909 121.000000 
-127.939865 -24.782614 23.227921 121.000000 
-128.049225 -24.486551 23.233757 123.000000 
-128.027634 -24.490356 23.232563 123.000000 
-127.909378 -24.769073 23.217278 49.000000 
-128.007782 -24.490871 23.230070 124.000000 
-127.992119 -24.483030 23.224232 124.000000 
-127.973938 -24.480295 23.220465 125.000000 
-127.953270 -24.482683 23.218781 53.000000 
-127.927727 -24.495295 23.221251 55.000000 
-127.840775 -28.246134 23.194546 49.000000 
-127.824203 -28.246792 23.196592 49.000000 
-127.806862 -28.248907 23.200006 56.000000 
-127.791626 -28.248600 23.201050 81.000000 
-127.785988 -28.239231 23.193108 83.000000 
-127.774513 -28.235697 23.190907 86.000000 
-127.758064 -28.236650 23.193159 80.000000 
-127.828636 -28.123438 23.192209 47.000000 
-127.741661 -28.237669 23.195461 74.000000 
-127.811890 -28.124441 23.194147 70.000000 
-127.732674 -28.232048 23.191139 83.000000 
-127.797646 -28.123215 23.193979 68.000000 
-127.718765 -28.230938 23.191292 80.000000 
-127.778511 -28.126654 23.198170 61.000000 
-127.712189 -28.223133 23.184778 74.000000 
-127.769211 -28.120924 23.193758 60.000000 
-127.699501 -28.220982 23.183870 51.000000 
-127.757454 -28.117544 23.191534 63.000000 
-127.817345 -28.010321 23.201414 69.000000 
-127.745689 -28.114202 23.189337 61.000000 
-127.807709 -28.004480 23.196907 85.000000 
-127.729111 -28.115566 23.191528 68.000000 
-127.798058 -27.998669 23.192417 75.000000 
-127.714233 -28.116104 23.192890 68.000000 
-127.786461 -27.995573 23.190285 71.000000 
-127.849960 -27.879745 23.198732 52.000000 
-127.713249 -28.102356 23.180935 50.000000 
-127.776764 -27.989824 23.185837 66.000000 
-127.831573 -27.882442 23.201313 64.000000 
-127.753952 -27.997370 23.193096 66.000000 
-127.821571 -27.876560 23.196758 72.000000 
-127.740715 -27.995342 23.191906 76.000000 
-127.806808 -27.875668 23.196341 72.000000 
-127.732895 -27.987019 23.185194 66.000000 
-127.789200 -27.877026 23.197802 69.000000 
-127.721992 -27.982639 23.181919 55.000000 
-127.782700 -27.867529 23.190226 74.000000 
-127.850494 -27.741671 23.196198 56.000000 
-127.711571 -27.978575 23.178885 46.000000 
-127.768471 -27.867073 23.190134 77.000000 
-127.834763 -27.742424 23.196817 88.000000 
-127.760727 -27.858871 23.183620 88.000000 
-127.816216 -27.745506 23.199259 78.000000 
-127.746002 -27.858221 23.183371 93.000000 
-127.810440 -27.734531 23.190689 75.000000 
-127.725540 -27.863916 23.188379 61.000000 
-127.794243 -27.735153 23.191195 72.000000 
-127.857681 -27.609772 23.203466 63.000000 
-127.780365 -27.733255 23.189722 78.000000 
-127.845757 -27.605135 23.199791 95.000000 
-127.758514 -27.740465 23.195375 70.000000 
-127.832672 -27.601860 23.197117 82.000000 
-127.748093 -27.734797 23.190943 78.000000 
-127.813927 -27.605257 23.199368 75.000000 
-127.739906 -27.726559 23.184492 50.000000 
-127.797485 -27.606073 23.199711 79.000000 
-127.786644 -27.602200 23.196615 72.000000 
-127.854469 -27.464746 23.205917 62.000000 
-127.773598 -27.599121 23.194077 75.000000 
-127.836586 -27.466978 23.206945 61.000000 
-127.763901 -27.590164 23.187166 72.000000 
-127.817627 -27.468691 23.207561 59.000000 
-127.744194 -27.595211 23.190624 52.000000 
-127.809753 -27.458744 23.200108 58.000000 
-127.877235 -27.316099 23.212479 47.000000 
-127.797997 -27.454590 23.196712 63.000000 
-127.864021 -27.313185 23.209818 67.000000 
-127.781296 -27.455683 23.196947 66.000000 
-127.845856 -27.315624 23.210634 68.000000 
-127.761932 -27.461258 23.200335 66.000000 
-127.836990 -27.307188 23.204350 68.000000 
-127.752884 -27.452818 23.193924 54.000000 
-127.818871 -27.309740 23.205244 68.000000 
-127.894852 -27.143248 23.207945 50.000000 
-127.803520 -27.309832 23.204563 64.000000 
-127.872055 -27.151567 23.212048 67.000000 
-127.787613 -27.309690 23.203693 68.000000 
-127.850273 -27.156506 23.213966 61.000000 
-127.774803 -27.303364 23.198679 62.000000 
-127.838203 -27.150572 23.209261 66.000000 
-127.761017 -27.300489 23.196012 45.000000 
-127.827324 -27.145262 23.205044 66.000000 
-127.808937 -27.148094 23.205776 66.000000 
-127.885086 -26.980181 23.216042 68.000000 
-127.791466 -27.147512 23.204296 66.000000 
-127.868561 -26.976202 23.212248 65.000000 
-127.778328 -27.143206 23.200607 47.000000 
-127.856598 -26.970514 23.207716 65.000000 
-127.837456 -26.975248 23.209276 62.000000 
-127.924797 -26.783504 23.214224 45.000000 
-127.819382 -26.978567 23.210018 62.000000 
-127.911652 -26.777355 23.209312 60.000000 
-127.804901 -26.971849 23.204645 59.000000 
-127.892128 -26.778214 23.208105 67.000000 
-127.866951 -26.790367 23.213276 66.000000 
-127.853149 -26.788023 23.210630 68.000000 
-127.839020 -26.783604 23.206699 72.000000 
-127.921150 -26.588106 23.217947 77.000000 
-127.825867 -26.777704 23.201958 72.000000 
-127.906471 -26.583517 23.213814 71.000000 
-127.808777 -26.777958 23.200613 50.000000 
-127.893723 -26.575872 23.208103 66.000000 
-127.876656 -26.572323 23.204346 68.000000 
-127.856171 -26.577217 23.205154 71.000000 
-127.936707 -26.375635 23.222404 59.000000 
-127.832878 -26.586870 23.208448 72.000000 
-127.917656 -26.377369 23.221258 60.000000 
-127.819153 -26.580990 23.203688 52.000000 
-127.896751 -26.382341 23.221703 59.000000 
-127.878273 -26.386408 23.221918 59.000000 
-127.860268 -26.386757 23.220140 55.000000 
-127.957253 -26.145107 23.227268 75.000000 
-127.845993 -26.380796 23.215294 54.000000 
-127.934013 -26.153404 23.228832 106.000000 
-127.912682 -26.158554 23.228981 108.000000 
-127.898994 -26.146973 23.221273 116.000000 
-127.880424 -26.147392 23.219288 102.000000 
-127.970421 -25.905304 23.236807 106.000000 
-127.862770 -26.146252 23.216602 63.000000 
-127.955673 -25.897379 23.230963 119.000000 
-127.936478 -25.897741 23.228680 119.000000 
-127.918861 -25.898781 23.226948 119.000000 
-127.897095 -25.904230 23.226885 121.000000 
-128.006210 -25.613981 23.235735 45.000000 
-127.881439 -25.898165 23.221889 115.000000 
-127.987160 -25.612631 23.232492 120.000000 
-127.962143 -25.623093 23.234009 124.000000 
-127.944893 -25.614536 23.227650 124.000000 
-127.925880 -25.613384 23.224546 123.000000 
-127.906044 -25.613981 23.222166 124.000000 
-127.884575 -25.618021 23.221195 48.000000 
-127.863976 -25.620445 23.219593 48.000000 
-127.736885 -29.381649 23.189678 52.000000 
-127.710297 -29.391109 23.200628 85.000000 
-127.706467 -29.380938 23.191833 90.000000 
-127.695053 -29.377369 23.189661 91.000000 
-127.681145 -29.376051 23.189732 85.000000 
-127.670181 -29.372854 23.187836 80.000000 
-127.732353 -29.268101 23.193935 67.000000 
-127.648880 -29.378302 23.194647 82.000000 
-127.719406 -29.265682 23.192720 68.000000 
-127.639977 -29.372698 23.190378 85.000000 
-127.702774 -29.266750 23.194780 65.000000 
-127.633492 -29.364883 23.183891 85.000000 
-127.686172 -29.267887 23.196888 63.000000 
-127.764168 -29.145012 23.191843 49.000000 
-127.624069 -29.359049 23.179440 82.000000 
-127.676491 -29.261889 23.192312 61.000000 
-127.745537 -29.147062 23.194441 54.000000 
-127.609009 -29.359142 23.180830 62.000000 
-127.669670 -29.253895 23.185797 58.000000 
-127.726212 -29.150671 23.198374 73.000000 
-127.660851 -29.248516 23.181686 65.000000 
-127.718346 -29.143946 23.193087 84.000000 
-127.641899 -29.252178 23.186119 68.000000 
-127.707550 -29.139336 23.189707 71.000000 
-127.627808 -29.251261 23.186230 63.000000 
-127.695534 -29.135956 23.187408 72.000000 
-127.759369 -29.020664 23.195274 50.000000 
-127.678734 -29.137417 23.189392 69.000000 
-127.745834 -29.018431 23.193819 61.000000 
-127.664360 -29.136539 23.189293 69.000000 
-127.737076 -29.011316 23.188278 74.000000 
-127.653557 -29.132099 23.186026 78.000000 
-127.718796 -29.014112 23.191011 72.000000 
-127.794785 -28.881460 23.190903 50.000000 
-127.643219 -29.127974 23.182999 71.000000 
-127.703423 -29.014793 23.191950 74.000000 
-127.781410 -28.879545 23.189503 49.000000 
-127.634743 -29.121176 23.177633 54.000000 
-127.691109 -29.011518 23.189596 78.000000 
-127.756950 -28.888821 23.196915 76.000000 
-127.678795 -29.008287 23.187271 78.000000 
-127.743126 -28.886732 23.195374 77.000000 
-127.668800 -29.002600 23.182890 83.000000 
-127.729309 -28.884693 23.193869 68.000000 
-127.801956 -28.750978 23.199165 59.000000 
-127.651337 -29.004173 23.184580 70.000000 
-127.721931 -28.874723 23.186121 72.000000 
-127.781448 -28.755114 23.202047 55.000000 
-127.628654 -29.012373 23.191772 47.000000 
-127.704636 -28.876621 23.187702 72.000000 
-127.769608 -28.750441 23.198402 95.000000 
-127.691345 -28.875010 23.186514 68.000000 
-127.758278 -28.746103 23.195011 75.000000 
-127.671844 -28.879614 23.190216 75.000000 
-127.747551 -28.740187 23.190437 75.000000 
-127.661484 -28.873945 23.185831 68.000000 
-127.727715 -28.744883 23.193735 75.000000 
-127.709068 -28.748333 23.196108 82.000000 
-127.785561 -28.602087 23.198357 48.000000 
-127.699471 -28.741228 23.190643 85.000000 
-127.765450 -28.606945 23.201300 62.000000 
-127.687599 -28.736813 23.187172 82.000000 
-127.748741 -28.607805 23.201448 68.000000 
-127.679047 -28.728432 23.180752 82.000000 
-127.737625 -28.601915 23.196871 66.000000 
-127.659386 -28.733448 23.184278 58.000000 
-127.724274 -28.598791 23.194229 66.000000 
-127.792213 -28.456614 23.206068 75.000000 
-127.715309 -28.590235 23.187782 68.000000 
-127.777374 -28.454786 23.204147 73.000000 
-127.697556 -28.592674 23.189035 66.000000 
-127.768005 -28.446014 23.197645 68.000000 
-127.679848 -28.595184 23.190338 68.000000 
-127.754242 -28.442877 23.194860 71.000000 
-127.737236 -28.443996 23.194889 73.000000 
-127.802933 -28.292191 23.206074 66.000000 
-127.718697 -28.448290 23.197050 71.000000 
-127.785568 -28.293322 23.205809 72.000000 
-127.711380 -28.436844 23.188780 68.000000 
-127.766106 -28.297394 23.207378 59.000000 
-127.695496 -28.436720 23.187992 76.000000 
-127.746704 -28.301544 23.209005 72.000000 
-127.737869 -28.291327 23.201689 66.000000 
-127.815392 -28.122265 23.210526 52.000000 
-127.724800 -28.286919 23.197992 67.000000 
-127.803520 -28.116488 23.205986 60.000000 
-127.707550 -28.288347 23.197935 59.000000 
-127.790359 -28.110140 23.200994 59.000000 
-127.694466 -28.284031 23.194300 51.000000 
-127.773689 -28.110044 23.199734 59.000000 
-127.757027 -28.110010 23.198515 62.000000 
-127.839798 -27.926172 23.207159 57.000000 
-127.738365 -28.113005 23.199085 60.000000 
-127.827736 -27.918512 23.201471 75.000000 
-127.723785 -28.110121 23.196205 56.000000 
-127.804543 -27.927515 23.204992 69.000000 
-127.716255 -28.096857 23.187223 46.000000 
-127.782440 -27.935095 23.207743 66.000000 
-127.768745 -27.928812 23.202766 66.000000 
-127.857910 -27.724724 23.208826 57.000000 
-127.756660 -27.921347 23.197210 72.000000 
-127.840317 -27.724697 23.207117 82.000000 
-127.742569 -27.916960 23.193361 66.000000 
-127.821754 -27.726278 23.206253 81.000000 
-127.723572 -27.920244 23.193773 45.000000 
-127.811996 -27.713984 23.198179 81.000000 
-127.794144 -27.715979 23.197634 83.000000 
-127.772743 -27.722399 23.199322 83.000000 
-127.850372 -27.525747 23.217966 55.000000 
-127.753052 -27.727640 23.200493 70.000000 
-127.834969 -27.523035 23.214825 55.000000 
-127.816963 -27.523230 23.213018 55.000000 
-127.795456 -27.527943 23.213345 64.000000 
-127.782173 -27.520332 23.207741 73.000000 
-127.879616 -27.280958 23.215395 71.000000 
-127.762581 -27.522007 23.206606 55.000000 
-127.853806 -27.292124 23.218260 106.000000 
-127.832512 -27.297241 23.218481 118.000000 
-127.814003 -27.297586 23.216528 114.000000 
-127.801849 -27.286650 23.209394 116.000000 
-127.896187 -27.038414 23.223543 114.000000 
-127.778702 -27.297140 23.212246 52.000000 
-127.877792 -27.038992 23.221531 121.000000 
-127.862190 -27.032734 23.216475 121.000000 
-127.842155 -27.034767 23.215002 121.000000 
-127.821281 -27.038521 23.214293 123.000000 
-127.929520 -26.750010 23.223064 111.000000 
-127.796982 -27.048965 23.216496 121.000000 
-127.911324 -26.748945 23.220144 121.000000 
-127.886314 -26.759356 23.221733 123.000000 
-127.866501 -26.759790 23.219328 123.000000 
-127.850929 -26.751884 23.213572 125.000000 
-127.830315 -26.752132 23.210999 122.000000 
-127.808868 -26.756128 23.210093 110.000000 
-127.631973 -30.513659 23.178991 51.000000 
-127.609261 -30.519852 23.186787 78.000000 
-127.604164 -30.510801 23.179127 80.000000 
-127.595276 -30.505054 23.174803 86.000000 
-127.583878 -30.501541 23.172726 86.000000 
-127.567085 -30.502209 23.174929 71.000000 
-127.634247 -30.393131 23.176044 58.000000 
-127.553246 -30.501011 23.175156 74.000000 
-127.621315 -30.390722 23.174902 67.000000 
-127.542313 -30.497917 23.173386 74.000000 
-127.603943 -30.393229 23.178362 61.000000 
-127.535820 -30.490116 23.166933 77.000000 
-127.587372 -30.394369 23.180563 58.000000 
-127.532921 -30.478970 23.157106 63.000000 
-127.578156 -30.388670 23.176258 60.000000 
-127.646034 -30.275179 23.178860 55.000000 
-127.564056 -30.387619 23.176350 58.000000 
-127.629189 -30.276423 23.180784 66.000000 
-127.559631 -30.377357 23.167698 60.000000 
-127.612381 -30.277735 23.182756 66.000000 
-127.545540 -30.376385 23.167847 61.000000 
-127.605232 -30.269581 23.176256 64.000000 
-127.665848 -30.158306 23.186749 46.000000 
-127.529068 -30.377796 23.170237 56.000000 
-127.595642 -30.263834 23.171898 66.000000 
-127.655952 -30.152382 23.182257 60.000000 
-127.578880 -30.265303 23.173981 68.000000 
-127.646034 -30.146488 23.177786 77.000000 
-127.562637 -30.267122 23.176325 68.000000 
-127.638962 -30.138451 23.171480 83.000000 
-127.553040 -30.261497 23.172050 68.000000 
-127.621902 -30.140015 23.173277 83.000000 
-127.542244 -30.257109 23.168873 62.000000 
-127.602524 -30.144123 23.177206 77.000000 
-127.681717 -30.007813 23.173021 51.000000 
-127.536110 -30.247910 23.161398 50.000000 
-127.592575 -30.138384 23.172838 81.000000 
-127.657326 -30.017090 23.180578 82.000000 
-127.579773 -30.134876 23.170366 83.000000 
-127.643005 -30.014721 23.178896 82.000000 
-127.567467 -30.131699 23.168140 75.000000 
-127.625732 -30.016525 23.180510 75.000000 
-127.557961 -30.126343 23.164055 70.000000 
-127.615936 -30.011009 23.176300 70.000000 
-127.684830 -29.881262 23.183594 62.000000 
-127.535316 -30.134525 23.171366 45.000000 
-127.604454 -30.006514 23.172907 72.000000 
-127.668396 -29.881842 23.183935 85.000000 
-127.591820 -30.003344 23.170559 72.000000 
-127.656555 -29.877228 23.180387 79.000000 
-127.573494 -30.006662 23.173353 75.000000 
-127.644707 -29.872650 23.176865 75.000000 
-127.560883 -30.003593 23.171076 66.000000 
-127.628326 -29.873398 23.177320 82.000000 
-127.610847 -29.875530 23.178812 82.000000 
-127.681793 -29.736185 23.185163 63.000000 
-127.601242 -29.868441 23.173401 89.000000 
-127.668442 -29.732927 23.182499 66.000000 
-127.587151 -29.866697 23.171986 82.000000 
-127.650650 -29.735149 23.183699 66.000000 
-127.576958 -29.859386 23.166395 75.000000 
-127.636765 -29.731703 23.180880 68.000000 
-127.704094 -29.591227 23.193167 45.000000 
-127.621231 -29.731323 23.180243 70.000000 
-127.684891 -29.594938 23.195005 67.000000 
-127.611214 -29.726110 23.176229 72.000000 
-127.676727 -29.586767 23.189009 68.000000 
-127.597878 -29.723087 23.173725 70.000000 
-127.663017 -29.583611 23.186281 66.000000 
-127.579132 -29.726978 23.176102 63.000000 
-127.653633 -29.574896 23.179857 68.000000 
-127.712822 -29.431623 23.195791 58.000000 
-127.635597 -29.577433 23.180922 68.000000 
-127.699783 -29.426998 23.192011 69.000000 
-127.618668 -29.578632 23.181099 73.000000 
-127.683540 -29.426716 23.190956 69.000000 
-127.607101 -29.572847 23.176626 73.000000 
-127.660957 -29.435116 23.195354 67.000000 
-127.592323 -29.571335 23.174999 59.000000 
-127.647942 -29.430647 23.191683 66.000000 
-127.730263 -29.256174 23.196381 47.000000 
-127.633270 -29.427372 23.188719 66.000000 
-127.714035 -29.254169 23.194014 68.000000 
-127.620232 -29.422991 23.185104 69.000000 
-127.698441 -29.252525 23.191921 59.000000 
-127.606750 -29.420387 23.182653 58.000000 
-127.686569 -29.246811 23.187481 59.000000 
-127.673027 -29.242308 23.183704 57.000000 
-127.754379 -29.061811 23.193508 55.000000 
-127.654366 -29.245249 23.184341 62.000000 
-127.737274 -29.061655 23.192049 72.000000 
-127.634743 -29.249743 23.185904 65.000000 
-127.720184 -29.061560 23.190632 73.000000 
-127.619202 -29.248369 23.183998 49.000000 
-127.700104 -29.066057 23.191784 68.000000 
-127.678085 -29.073658 23.194675 76.000000 
-127.779945 -28.851686 23.190235 48.000000 
-127.663094 -29.070734 23.191711 75.000000 
-127.755417 -28.862379 23.194218 77.000000 
-127.650078 -29.064821 23.187084 75.000000 
-127.739838 -28.859287 23.191000 82.000000 
-127.637032 -29.058949 23.182484 55.000000 
-127.718391 -28.865519 23.192678 75.000000 
-127.705757 -28.857901 23.187103 81.000000 
-127.690186 -28.854969 23.183994 81.000000 
-127.769485 -28.657053 23.201357 53.000000 
-127.671738 -28.856749 23.183371 86.000000 
-127.753387 -28.653988 23.198021 53.000000 
-127.652367 -28.860151 23.183613 50.000000 
-127.739174 -28.647818 23.193163 53.000000 
-127.720238 -28.649597 23.192236 61.000000 
-127.698517 -28.656199 23.193705 75.000000 
-127.798637 -28.414032 23.199188 105.000000 
-127.683372 -28.651773 23.189739 77.000000 
-127.781898 -28.410952 23.195700 106.000000 
-127.660835 -28.660112 23.192101 50.000000 
-127.753189 -28.428877 23.201946 105.000000 
-127.734695 -28.429163 23.200052 114.000000 
-127.719101 -28.422741 23.194960 108.000000 
-127.815216 -28.173271 23.207718 103.000000 
-127.706024 -28.413431 23.188635 111.000000 
-127.797852 -28.170204 23.204098 117.000000 
-127.682007 -28.425541 23.192373 52.000000 
-127.783043 -28.164221 23.199339 121.000000 
-127.765663 -28.161257 23.195789 123.000000 
-127.742134 -28.169886 23.197296 124.000000 
-127.849602 -27.885099 23.206787 55.000000 
-127.717819 -28.180254 23.199587 125.000000 
-127.831467 -27.881994 23.202993 119.000000 
-127.812469 -27.880621 23.199923 121.000000 
-127.788361 -27.889364 23.200979 124.000000 
-127.768562 -27.889807 23.198685 123.000000 
-127.752998 -27.881916 23.193014 125.000000 
-127.732399 -27.882174 23.190557 121.000000 
-127.552612 -31.634464 23.160309 47.000000 
-127.539932 -31.631834 23.159258 53.000000 
-127.512199 -31.642338 23.171576 78.000000 
-127.507088 -31.633278 23.163939 80.000000 
-127.495705 -31.629711 23.161882 83.000000 
-127.486794 -31.623983 23.157618 80.000000 
-127.471344 -31.625475 23.160521 71.000000 
-127.532555 -31.522213 23.166840 67.000000 
-127.457504 -31.624247 23.160797 77.000000 
-127.524574 -31.515238 23.161400 65.000000 
-127.445686 -31.620571 23.158651 74.000000 
-127.506287 -31.517134 23.164494 61.000000 
-127.436745 -31.614986 23.154482 77.000000 
-127.489738 -31.518250 23.166761 60.000000 
-127.564270 -31.399227 23.163931 45.000000 
-127.430649 -31.607471 23.148273 74.000000 
-127.480980 -31.512823 23.162708 58.000000 
-127.546654 -31.401854 23.167158 62.000000 
-127.471733 -31.507137 23.158457 58.000000 
-127.529823 -31.403074 23.169151 73.000000 
-127.457184 -31.505819 23.158422 68.000000 
-127.517387 -31.399328 23.166710 72.000000 
-127.447906 -31.500202 23.154217 61.000000 
-127.505417 -31.395918 23.164513 74.000000 
-127.572281 -31.278744 23.169510 47.000000 
-127.429527 -31.504190 23.159096 60.000000 
-127.496323 -31.390450 23.160418 74.000000 
-127.559280 -31.276760 23.168385 57.000000 
-127.484337 -31.387112 23.158270 71.000000 
-127.548172 -31.272076 23.164991 77.000000 
-127.465729 -31.391294 23.162827 74.000000 
-127.543472 -31.261574 23.156637 77.000000 
-127.456131 -31.385653 23.158592 76.000000 
-127.516975 -31.272963 23.166845 81.000000 
-127.450722 -31.374937 23.149837 69.000000 
-127.506546 -31.266886 23.162279 75.000000 
-127.577751 -31.139574 23.164879 62.000000 
-127.491913 -31.266083 23.162146 83.000000 
-127.560417 -31.141222 23.166470 82.000000 
-127.484283 -31.257883 23.155743 78.000000 
-127.540802 -31.145481 23.170141 68.000000 
-127.474289 -31.252190 23.151457 81.000000 
-127.530510 -31.139624 23.165730 64.000000 
-127.456711 -31.255548 23.154793 68.000000 
-127.520714 -31.134087 23.161558 70.000000 
-127.580666 -31.014925 23.176472 69.000000 
-127.510368 -31.128288 23.157187 75.000000 
-127.566566 -31.012880 23.174923 79.000000 
-127.490364 -31.132507 23.160812 64.000000 
-127.556511 -31.005341 23.169237 79.000000 
-127.470940 -31.137098 23.164717 70.000000 
-127.543549 -31.002071 23.166759 69.000000 
-127.471901 -31.118536 23.150148 55.000000 
-127.529449 -31.000164 23.165304 75.000000 
-127.594284 -30.869156 23.177402 46.000000 
-127.510864 -31.003597 23.167864 79.000000 
-127.583214 -30.863142 23.172853 62.000000 
-127.498459 -31.000767 23.165709 82.000000 
-127.569313 -30.861523 23.171432 66.000000 
-127.493301 -30.988390 23.156368 85.000000 
-127.547096 -30.869148 23.176558 72.000000 
-127.478111 -30.987997 23.156040 52.000000 
-127.538239 -30.860554 23.170174 68.000000 
-127.608109 -30.717556 23.180229 63.000000 
-127.526024 -30.856068 23.166702 65.000000 
-127.590019 -30.719843 23.181211 65.000000 
-127.514351 -30.851910 23.163477 70.000000 
-127.578003 -30.715536 23.177814 66.000000 
-127.498856 -30.851604 23.162971 66.000000 
-127.566490 -30.709572 23.173281 66.000000 
-127.550629 -30.709238 23.172514 68.000000 
-127.615570 -30.559174 23.183453 73.000000 
-127.536934 -30.706156 23.169910 66.000000 
-127.600876 -30.555656 23.180399 69.000000 
-127.520523 -30.705641 23.168999 78.000000 
-127.578262 -30.563951 23.184835 67.000000 
-127.500458 -30.711105 23.172121 54.000000 
-127.558449 -30.569765 23.187754 58.000000 
-127.545479 -30.565294 23.184151 64.000000 
-127.636581 -30.379478 23.181301 59.000000 
-127.538177 -30.551926 23.174891 56.000000 
-127.615128 -30.384777 23.183352 59.000000 
-127.520981 -30.553299 23.174976 59.000000 
-127.600594 -30.381645 23.180454 57.000000 
-127.590179 -30.372673 23.174086 59.000000 
-127.573570 -30.372578 23.173002 59.000000 
-127.651207 -30.198355 23.185671 64.000000 
-127.559013 -30.369585 23.170198 57.000000 
-127.637199 -30.193684 23.181774 72.000000 
-127.536346 -30.378490 23.174484 57.000000 
-127.622162 -30.190563 23.178751 72.000000 
-127.605118 -30.190508 23.177450 69.000000 
-127.579102 -30.204119 23.183819 66.000000 
-127.679382 -29.985521 23.180429 63.000000 
-127.568108 -30.195124 23.177525 63.000000 
-127.661812 -29.985422 23.178852 82.000000 
-127.556084 -30.187674 23.172100 63.000000 
-127.640327 -29.991547 23.180565 83.000000 
-127.621841 -29.993126 23.179895 78.000000 
-127.608246 -29.987038 23.175192 78.000000 
-127.683418 -29.799280 23.197271 51.000000 
-127.594620 -29.980989 23.170515 81.000000 
-127.670258 -29.791441 23.191648 61.000000 
-127.578102 -29.979639 23.168325 83.000000 
-127.658012 -29.782063 23.185266 65.000000 
-127.640976 -29.780605 23.182816 70.000000 
-127.625832 -29.776043 23.178835 75.000000 
-127.715111 -29.553143 23.193119 52.000000 
-127.601303 -29.787355 23.182745 81.000000 
-127.701202 -29.545179 23.187437 74.000000 
-127.589912 -29.776571 23.175695 73.000000 
-127.680779 -29.548510 23.187010 104.000000 
-127.660217 -29.553837 23.187630 106.000000 
-127.644455 -29.549252 23.183552 108.000000 
-127.623238 -29.554407 23.184027 115.000000 
-127.720848 -29.303612 23.195549 120.000000 
-127.607483 -29.549936 23.180027 68.000000 
-127.704399 -29.298878 23.191288 121.000000 
-127.682709 -29.302090 23.190393 123.000000 
-127.663605 -29.302404 23.188364 123.000000 
-127.775009 -29.015167 23.196543 45.000000 
-127.647156 -29.297846 23.184221 124.000000 
-127.751648 -29.021975 23.196856 119.000000 
-127.620239 -29.313126 23.188774 121.000000 
-127.737022 -29.012177 23.190424 122.000000 
-127.716316 -29.014118 23.188795 124.000000 
-127.690521 -29.026176 23.191320 125.000000 
-127.674126 -29.021883 23.187304 125.000000 
-127.657753 -29.015650 23.182386 123.000000 
-127.637177 -29.015879 23.180017 48.000000 
-127.446426 -32.753777 23.150692 54.000000 
-127.424950 -32.758762 23.157457 74.000000 
-127.408195 -32.761150 23.161377 86.000000 
-127.394341 -32.759743 23.161572 83.000000 
-127.387077 -32.751232 23.154667 74.000000 
-127.378181 -32.745510 23.150438 74.000000 
-127.432259 -32.649166 23.163399 50.000000 
-127.367691 -32.742596 23.148893 77.000000 
-127.421539 -32.646172 23.161680 73.000000 
-127.348946 -32.745796 23.153709 77.000000 
-127.409889 -32.642628 23.159555 61.000000 
-127.337143 -32.742126 23.151606 80.000000 
-127.395332 -32.641125 23.159433 65.000000 
-127.330643 -32.734322 23.145210 77.000000 
-127.378822 -32.642258 23.161757 61.000000 
-127.449707 -32.526966 23.161812 54.000000 
-127.314415 -32.735477 23.147892 46.000000 
-127.369621 -32.636562 23.157532 61.000000 
-127.432884 -32.528145 23.163818 80.000000 
-127.362808 -32.628586 23.151121 61.000000 
-127.416107 -32.529392 23.165876 76.000000 
-127.351608 -32.625526 23.149343 61.000000 
-127.407066 -32.523880 23.161781 71.000000 
-127.481537 -32.399754 23.160517 51.000000 
-127.339951 -32.622231 23.147383 65.000000 
-127.395126 -32.520481 23.159630 74.000000 
-127.460846 -32.404739 23.165386 57.000000 
-127.326630 -32.619858 23.146353 51.000000 
-127.387482 -32.512062 23.153000 74.000000 
-127.446892 -32.402180 23.163870 77.000000 
-127.370766 -32.513523 23.155203 74.000000 
-127.439377 -32.393833 23.157404 85.000000 
-127.354095 -32.515049 23.157454 71.000000 
-127.424721 -32.392883 23.157207 83.000000 
-127.344521 -32.509426 23.153265 74.000000 
-127.412445 -32.389523 23.154957 85.000000 
-127.472260 -32.275055 23.167727 49.000000 
-127.393127 -32.393620 23.159025 85.000000 
-127.460838 -32.270355 23.164291 82.000000 
-127.380875 -32.390362 23.156847 85.000000 
-127.443573 -32.272038 23.165953 77.000000 
-127.373260 -32.382175 23.150484 81.000000 
-127.425194 -32.275059 23.168678 68.000000 
-127.503220 -32.137035 23.168720 48.000000 
-127.363289 -32.376499 23.146244 69.000000 
-127.417259 -32.266678 23.162285 70.000000 
-127.486801 -32.137501 23.169111 58.000000 
-127.404037 -32.264996 23.161226 72.000000 
-127.468643 -32.140942 23.171738 85.000000 
-127.394897 -32.257946 23.155888 68.000000 
-127.459160 -32.133675 23.166296 79.000000 
-127.378265 -32.260201 23.157961 70.000000 
-127.449043 -32.128044 23.162079 79.000000 
-127.438354 -32.122147 23.157661 79.000000 
-127.499107 -31.996714 23.173708 45.000000 
-127.419228 -32.125225 23.160006 75.000000 
-127.484138 -31.994411 23.171824 64.000000 
-127.398445 -32.131321 23.164614 82.000000 
-127.476448 -31.984360 23.164444 70.000000 
-127.389427 -32.124527 23.159512 85.000000 
-127.463684 -31.981390 23.162104 66.000000 
-127.443703 -31.986305 23.165354 72.000000 
-127.521797 -31.833904 23.168945 49.000000 
-127.429863 -31.982849 23.162643 72.000000 
-127.499794 -31.839979 23.172482 70.000000 
-127.417664 -31.978371 23.159216 75.000000 
-127.482819 -31.840887 23.172588 73.000000 
-127.401642 -31.979685 23.159916 81.000000 
-127.468636 -31.839371 23.171099 73.000000 
-127.458221 -31.832020 23.165676 76.000000 
-127.523033 -31.681856 23.176479 52.000000 
-127.446114 -31.825802 23.160984 73.000000 
-127.507866 -31.680025 23.174570 67.000000 
-127.430267 -31.825523 23.160301 73.000000 
-127.490105 -31.682840 23.175632 64.000000 
-127.411827 -31.829809 23.162703 76.000000 
-127.473915 -31.682556 23.174706 64.000000 
-127.453522 -31.688074 23.177446 66.000000 
-127.544128 -31.503994 23.175581 50.000000 
-127.443703 -31.679285 23.171152 66.000000 
-127.526436 -31.505144 23.175261 62.000000 
-127.430099 -31.674553 23.167387 67.000000 
-127.507111 -31.507524 23.175631 60.000000 
-127.420197 -31.665821 23.161129 51.000000 
-127.494659 -31.501459 23.171032 59.000000 
-127.486305 -31.489538 23.162947 60.000000 
-127.560364 -31.321457 23.179237 56.000000 
-127.469688 -31.489441 23.161905 62.000000 
-127.541260 -31.324244 23.179554 69.000000 
-127.452698 -31.491177 23.162010 68.000000 
-127.527924 -31.319891 23.175943 69.000000 
-127.439163 -31.486752 23.158400 50.000000 
-127.512924 -31.316780 23.172974 69.000000 
-127.499924 -31.310701 23.168343 73.000000 
-127.587860 -31.112089 23.176029 57.000000 
-127.474930 -31.322802 23.173920 76.000000 
-127.572281 -31.108864 23.172846 78.000000 
-127.463272 -31.313503 23.167435 76.000000 
-127.548134 -31.117691 23.175949 75.000000 
-127.449272 -31.309086 23.163754 45.000000 
-127.528671 -31.120758 23.176105 75.000000 
-127.515114 -31.114634 23.171423 75.000000 
-127.595032 -30.919041 23.189392 45.000000 
-127.499580 -31.111643 23.168402 72.000000 
-127.576088 -30.920574 23.188444 69.000000 
-127.487625 -31.104355 23.163185 81.000000 
-127.559799 -30.919342 23.186222 70.000000 
-127.467293 -31.109215 23.164331 46.000000 
-127.546631 -30.911552 23.180676 73.000000 
-127.531769 -30.905067 23.175699 75.000000 
-127.617752 -30.690851 23.193920 62.000000 
-127.512878 -30.906839 23.174913 81.000000 
-127.604851 -30.681263 23.187527 108.000000 
-127.489128 -30.918480 23.179131 68.000000 
-127.583344 -30.688078 23.188862 105.000000 
-127.563942 -30.689835 23.187769 74.000000 
-127.543823 -30.691353 23.186483 111.000000 
-127.525398 -30.691637 23.184734 111.000000 
-127.631950 -30.426617 23.189644 120.000000 
-127.506088 -30.693604 23.183784 53.000000 
-127.611008 -30.430017 23.188963 124.000000 
-127.585640 -30.441692 23.191914 124.000000 
-127.566597 -30.441973 23.189915 124.000000 
-127.553749 -30.430807 23.182928 124.000000 
-127.660057 -30.151731 23.193893 118.000000 
-127.527702 -30.444376 23.186775 48.000000 
-127.646347 -30.140228 23.186810 123.000000 
-127.625656 -30.142115 23.185198 125.000000 
-127.603279 -30.147419 23.185003 124.000000 
-127.580963 -30.152805 23.184866 125.000000 
-127.559547 -30.156595 23.184099 123.000000 
-127.545738 -30.145348 23.177185 49.000000 
-127.328133 -33.874390 23.141207 54.000000 
-127.309212 -33.877232 23.145842 71.000000 
-127.291595 -33.879066 23.149416 83.000000 
-127.282730 -33.873291 23.145203 74.000000 
-127.271355 -33.869743 23.143251 83.000000 
-127.329399 -33.770210 23.152901 51.000000 
-127.264908 -33.861820 23.136827 74.000000 
-127.316521 -33.767735 23.151875 61.000000 
-127.251060 -33.860558 23.137175 74.000000 
-127.307327 -33.761887 23.147602 63.000000 
-127.232353 -33.863789 23.142080 74.000000 
-127.295670 -33.758354 23.145538 63.000000 
-127.223427 -33.858185 23.137981 80.000000 
-127.284012 -33.754860 23.143503 58.000000 
-127.350281 -33.644180 23.148094 54.000000 
-127.212051 -33.854847 23.136171 83.000000 
-127.265068 -33.758297 23.148096 63.000000 
-127.337082 -33.641777 23.146938 64.000000 
-127.255852 -33.752602 23.143925 61.000000 
-127.319061 -33.644150 23.150089 73.000000 
-127.246605 -33.746933 23.139769 63.000000 
-127.304695 -33.643040 23.150082 72.000000 
-127.237793 -33.741573 23.135838 63.000000 
-127.293228 -33.639896 23.148178 71.000000 
-127.363998 -33.519371 23.149874 48.000000 
-127.223740 -33.740604 23.136158 63.000000 
-127.283661 -33.634121 23.143938 72.000000 
-127.348122 -33.519501 23.150681 65.000000 
-127.274071 -33.628372 23.139717 72.000000 
-127.338219 -33.513565 23.146324 84.000000 
-127.259735 -33.627445 23.139835 74.000000 
-127.321182 -33.515034 23.148251 77.000000 
-127.245415 -33.626575 23.139990 76.000000 
-127.313614 -33.506710 23.141851 78.000000 
-127.379616 -33.385975 23.149748 45.000000 
-127.233452 -33.623348 23.138012 71.000000 
-127.296623 -33.508289 23.143854 78.000000 
-127.365799 -33.383743 23.148355 64.000000 
-127.279671 -33.509933 23.145905 78.000000 
-127.355492 -33.377758 23.143950 82.000000 
-127.269730 -33.504196 23.141680 77.000000 
-127.338196 -33.379429 23.145670 75.000000 
-127.259758 -33.498489 23.137474 83.000000 
-127.318634 -33.383720 23.149479 75.000000 
-127.397736 -33.244171 23.148623 58.000000 
-127.248619 -33.494061 23.134346 61.000000 
-127.306030 -33.380424 23.147211 66.000000 
-127.375534 -33.251160 23.153997 74.000000 
-127.293434 -33.377174 23.144972 75.000000 
-127.357986 -33.252998 23.155489 82.000000 
-127.281960 -33.372684 23.141735 72.000000 
-127.347321 -33.247036 23.151085 82.000000 
-127.268219 -33.370800 23.140581 75.000000 
-127.336624 -33.241104 23.146704 82.000000 
-127.262367 -33.359936 23.132236 54.000000 
-127.325905 -33.235203 23.142340 82.000000 
-127.387741 -33.108337 23.157413 55.000000 
-127.309509 -33.237850 23.144415 82.000000 
-127.376648 -33.104240 23.154345 70.000000 
-127.293190 -33.238651 23.145103 85.000000 
-127.367775 -33.095516 23.147966 68.000000 
-127.282501 -33.230972 23.139397 79.000000 
-127.349983 -33.095711 23.147911 65.000000 
-127.328911 -33.102009 23.152212 58.000000 
-127.411285 -32.943993 23.151955 62.000000 
-127.320557 -33.093697 23.146130 70.000000 
-127.393723 -32.946522 23.153234 78.000000 
-127.309410 -33.087841 23.141785 66.000000 
-127.378891 -32.944633 23.151531 79.000000 
-127.295502 -33.084469 23.139194 66.000000 
-127.362411 -32.943893 23.150581 76.000000 
-127.428108 -32.793991 23.161947 46.000000 
-127.348679 -32.940716 23.148016 76.000000 
-127.408730 -32.799850 23.165026 67.000000 
-127.340401 -32.932571 23.142160 76.000000 
-127.402115 -32.786594 23.155964 72.000000 
-127.324516 -32.932278 23.141533 82.000000 
-127.387375 -32.783066 23.153015 69.000000 
-127.303818 -32.937382 23.144505 70.000000 
-127.365829 -32.789936 23.156677 66.000000 
-127.344963 -32.797188 23.160622 67.000000 
-127.439629 -32.607067 23.155346 74.000000 
-127.332985 -32.791264 23.156200 69.000000 
-127.419792 -32.611134 23.156832 68.000000 
-127.321426 -32.783638 23.150669 66.000000 
-127.402496 -32.610565 23.155519 71.000000 
-127.389977 -32.604477 23.150967 67.000000 
-127.474724 -32.421497 23.159164 45.000000 
-127.374748 -32.601074 23.147972 71.000000 
-127.450783 -32.429886 23.162622 73.000000 
-127.360146 -32.598022 23.145239 73.000000 
-127.433685 -32.429668 23.161327 77.000000 
-127.343513 -32.597980 23.144304 73.000000 
-127.418633 -32.426498 23.158386 76.000000 
-127.405579 -32.420364 23.153786 75.000000 
-127.388512 -32.420311 23.152603 73.000000 
-127.472313 -32.227676 23.163580 68.000000 
-127.365517 -32.429405 23.156570 69.000000 
-127.459686 -32.219849 23.158045 75.000000 
-127.353127 -32.423721 23.152298 54.000000 
-127.437874 -32.227772 23.160894 75.000000 
-127.418404 -32.230843 23.161129 83.000000 
-127.399940 -32.232437 23.160595 81.000000 
-127.487549 -32.024292 23.172253 56.000000 
-127.388260 -32.223259 23.154373 81.000000 
-127.467598 -32.027390 23.172153 55.000000 
-127.451515 -32.024261 23.168980 68.000000 
-127.437325 -32.018032 23.164276 73.000000 
-127.421219 -32.015003 23.161169 73.000000 
-127.516510 -31.784651 23.172058 74.000000 
-127.405113 -32.012028 23.158098 68.000000 
-127.500702 -31.779839 23.167950 110.000000 
-127.483025 -31.778290 23.165371 108.000000 
-127.469032 -31.770359 23.159832 115.000000 
-127.441299 -31.786654 23.165600 116.000000 
-127.548378 -31.521521 23.171377 109.000000 
-127.422783 -31.786915 23.163910 116.000000 
-127.526421 -31.526466 23.171427 123.000000 
-127.503624 -31.533133 23.172249 123.000000 
-127.485352 -31.531677 23.169546 124.000000 
-127.597427 -31.244518 23.178272 45.000000 
-127.467087 -31.530283 23.166885 124.000000 
-127.575729 -31.247854 23.177271 52.000000 
-127.454094 -31.519072 23.159941 125.000000 
-127.555824 -31.247934 23.174967 119.000000 
-127.541130 -31.238068 23.168623 121.000000 
-127.524666 -31.231581 23.163668 124.000000 
-127.500519 -31.238216 23.163977 125.000000 
-127.481499 -31.236877 23.161161 126.000000 
-127.458282 -31.243996 23.161831 119.000000 
-127.214226 -35.000549 23.133684 51.000000 
-127.204536 -34.996025 23.130768 71.000000 
-127.186905 -34.997787 23.134382 86.000000 
-127.173058 -34.996342 23.134682 80.000000 
-127.159218 -34.994949 23.135017 80.000000 
-127.227539 -34.886658 23.135828 49.000000 
-127.150330 -34.989208 23.130880 80.000000 
-127.205994 -34.892040 23.142477 56.000000 
-127.143867 -34.981281 23.124502 80.000000 
-127.193130 -34.889568 23.141527 63.000000 
-127.132469 -34.977798 23.122658 80.000000 
-127.183945 -34.883728 23.137316 58.000000 
-127.111351 -34.983250 23.129921 83.000000 
-127.177170 -34.875629 23.130920 56.000000 
-127.237732 -34.770985 23.140850 50.000000 
-127.102417 -34.977646 23.125875 83.000000 
-127.163078 -34.874420 23.131151 56.000000 
-127.228203 -34.765015 23.136543 58.000000 
-127.098274 -34.967594 23.117290 65.000000 
-127.146584 -34.875561 23.133627 60.000000 
-127.212601 -34.764973 23.137602 73.000000 
-127.134941 -34.872162 23.131721 63.000000 
-127.198227 -34.763809 23.137632 71.000000 
-127.125687 -34.866489 23.127623 61.000000 
-127.181480 -34.765072 23.139849 71.000000 
-127.261055 -34.636322 23.134136 45.000000 
-127.121170 -34.856205 23.119091 60.000000 
-127.171936 -34.759266 23.135651 74.000000 
-127.245148 -34.636383 23.134977 61.000000 
-127.164734 -34.751099 23.129311 69.000000 
-127.224518 -34.641403 23.140041 77.000000 
-127.155128 -34.745342 23.125143 72.000000 
-127.214607 -34.635471 23.135748 88.000000 
-127.138435 -34.746811 23.127502 72.000000 
-127.204681 -34.629570 23.131474 85.000000 
-127.264023 -34.516613 23.145397 50.000000 
-127.122269 -34.748634 23.130112 74.000000 
-127.195221 -34.623989 23.127432 85.000000 
-127.257797 -34.507084 23.138191 62.000000 
-127.178238 -34.625561 23.129515 85.000000 
-127.245171 -34.503590 23.135857 93.000000 
-127.158485 -34.629395 23.133551 91.000000 
-127.232018 -34.499836 23.133335 84.000000 
-127.148529 -34.623653 23.129385 88.000000 
-127.219376 -34.496429 23.131062 78.000000 
-127.286201 -34.371216 23.141270 55.000000 
-127.136749 -34.620720 23.127567 69.000000 
-127.196892 -34.504837 23.138248 72.000000 
-127.271446 -34.370628 23.141006 74.000000 
-127.187729 -34.497707 23.132973 75.000000 
-127.257324 -34.368484 23.139568 90.000000 
-127.175125 -34.494450 23.130798 75.000000 
-127.239792 -34.370319 23.141142 79.000000 
-127.165909 -34.487377 23.125559 72.000000 
-127.226837 -34.366970 23.138786 69.000000 
-127.153275 -34.484192 23.123436 62.000000 
-127.213882 -34.363667 23.136461 69.000000 
-127.280701 -34.231766 23.147522 48.000000 
-127.204285 -34.356449 23.131168 72.000000 
-127.262894 -34.233757 23.148857 64.000000 
-127.189026 -34.357777 23.132324 69.000000 
-127.256287 -34.224270 23.142006 70.000000 
-127.176064 -34.354603 23.130085 79.000000 
-127.245178 -34.218246 23.137615 66.000000 
-127.154251 -34.362099 23.135920 46.000000 
-127.228516 -34.219040 23.138090 63.000000 
-127.208588 -34.223976 23.141521 63.000000 
-127.287796 -34.070271 23.143747 69.000000 
-127.195274 -34.218872 23.137772 70.000000 
-127.270721 -34.069111 23.142580 68.000000 
-127.184143 -34.213024 23.133501 72.000000 
-127.253731 -34.070015 23.142839 73.000000 
-127.327560 -33.910461 23.147823 48.000000 
-127.172989 -34.207214 23.129253 51.000000 
-127.240021 -34.066792 23.140324 76.000000 
-127.302643 -33.921318 23.154099 69.000000 
-127.227379 -34.062222 23.136896 73.000000 
-127.291283 -33.915470 23.149818 69.000000 
-127.217445 -34.055176 23.131823 79.000000 
-127.273972 -33.916496 23.149870 66.000000 
-127.203705 -34.052078 23.129389 68.000000 
-127.261383 -33.910122 23.145201 64.000000 
-127.242004 -33.914139 23.147154 67.000000 
-127.327774 -33.737350 23.149820 55.000000 
-127.223732 -33.916790 23.148247 67.000000 
-127.318413 -33.726734 23.142630 60.000000 
-127.213829 -33.907978 23.142067 69.000000 
-127.299637 -33.729336 23.143339 60.000000 
-127.274704 -33.740833 23.149370 62.000000 
-127.370392 -33.543411 23.148788 47.000000 
-127.264267 -33.731815 23.143145 60.000000 
-127.351181 -33.546051 23.149172 64.000000 
-127.251968 -33.727852 23.140028 65.000000 
-127.332298 -33.550884 23.150908 72.000000 
-127.237389 -33.724800 23.137377 65.000000 
-127.315216 -33.550659 23.149698 69.000000 
-127.297844 -33.548370 23.147228 68.000000 
-127.285797 -33.540722 23.141853 78.000000 
-127.368279 -33.351402 23.154522 68.000000 
-127.266747 -33.543690 23.142464 73.000000 
-127.358635 -33.338917 23.146597 78.000000 
-127.246758 -33.548244 23.143978 68.000000 
-127.343994 -33.334141 23.142750 78.000000 
-127.323456 -33.338661 23.143831 75.000000 
-127.305901 -33.338623 23.142513 83.000000 
-127.391273 -33.135227 23.156940 62.000000 
-127.289330 -33.337105 23.140417 89.000000 
-127.372231 -33.136665 23.156099 63.000000 
-127.269897 -33.340290 23.140825 67.000000 
-127.353226 -33.138176 23.155306 65.000000 
-127.335907 -33.138493 23.154009 65.000000 
-127.444946 -32.887909 23.155613 45.000000 
-127.320732 -33.133823 23.150162 63.000000 
-127.420593 -32.897343 23.158197 105.000000 
-127.307426 -33.126038 23.144772 67.000000 
-127.402870 -32.895657 23.155622 108.000000 
-127.383301 -32.897243 23.154585 115.000000 
-127.367638 -32.890541 23.149605 115.000000 
-127.348099 -32.892254 23.148655 114.000000 
-127.448715 -32.640297 23.160583 109.000000 
-127.330429 -32.890812 23.146246 119.000000 
-127.432159 -32.635357 23.156404 124.000000 
-127.306427 -32.900738 23.149172 45.000000 
-127.407486 -32.645203 23.158699 124.000000 
-127.385597 -32.650223 23.158909 124.000000 
-127.369965 -32.643833 23.154140 125.000000 
-127.480415 -32.359989 23.164120 58.000000 
-127.352554 -32.640778 23.150846 125.000000 
-127.459579 -32.361649 23.162540 122.000000 
-127.438774 -32.363380 23.161013 124.000000 
-127.423187 -32.355167 23.155432 125.000000 
-127.403267 -32.355358 23.153307 125.000000 
-127.381668 -32.358967 23.152601 125.000000 
-127.362656 -32.357620 23.149885 48.000000 
-127.088600 -36.140259 23.133495 49.000000 
-127.077301 -36.136513 23.131531 55.000000 
-127.068504 -36.130642 23.127350 81.000000 
-127.059319 -36.126469 23.124725 86.000000 
-127.045517 -36.125011 23.125084 80.000000 
-127.029251 -36.125801 23.127735 80.000000 
-127.102798 -36.013500 23.123632 58.000000 
-127.020424 -36.120068 23.123648 77.000000 
-127.081284 -36.018845 23.130356 70.000000 
-127.016022 -36.109669 23.114843 74.000000 
-127.061859 -36.021732 23.134743 61.000000 
-127.004677 -36.106186 23.113052 83.000000 
-127.055183 -36.013630 23.128382 61.000000 
-126.988914 -36.107460 23.116043 80.000000 
-127.046486 -36.008114 23.124445 61.000000 
-127.107323 -35.903969 23.133814 50.000000 
-126.972748 -36.108513 23.118879 80.000000 
-127.037308 -36.002335 23.120317 60.000000 
-127.096649 -35.899185 23.130630 66.000000 
-127.025688 -35.998871 23.118423 60.000000 
-127.088371 -35.892082 23.125324 73.000000 
-127.006851 -36.002346 23.123222 63.000000 
-127.075249 -35.889717 23.124334 70.000000 
-127.139854 -35.777111 23.132114 45.000000 
-126.994797 -35.998703 23.121197 63.000000 
-127.058052 -35.890663 23.126402 70.000000 
-127.124725 -35.775612 23.131744 60.000000 
-126.989159 -35.989601 23.113821 48.000000 
-127.046150 -35.887222 23.124405 70.000000 
-127.117271 -35.767174 23.125357 81.000000 
-127.034721 -35.884109 23.122643 70.000000 
-127.100754 -35.768806 23.127573 83.000000 
-127.023994 -35.879555 23.119614 73.000000 
-127.083786 -35.770206 23.129620 78.000000 
-127.017265 -35.871731 23.113548 73.000000 
-127.072060 -35.767063 23.127716 78.000000 
-127.141190 -35.644642 23.132845 51.000000 
-126.998299 -35.875637 23.118189 60.000000 
-127.062187 -35.761211 23.123522 75.000000 
-127.116882 -35.653694 23.140724 70.000000 
-127.052292 -35.755383 23.119347 81.000000 
-127.111382 -35.642662 23.132353 77.000000 
-127.037727 -35.754532 23.119427 81.000000 
-127.097672 -35.640488 23.131142 70.000000 
-127.162895 -35.518650 23.142763 49.000000 
-127.020866 -35.756214 23.121668 70.000000 
-127.085121 -35.637096 23.128939 70.000000 
-127.148857 -35.516426 23.141338 66.000000 
-127.078331 -35.627392 23.121628 62.000000 
-127.140587 -35.507748 23.134996 69.000000 
-127.055443 -35.635548 23.128740 66.000000 
-127.132271 -35.499084 23.128664 79.000000 
-127.045189 -35.629742 23.124569 75.000000 
-127.113647 -35.502209 23.131302 75.000000 
-127.033272 -35.624958 23.121246 72.000000 
-127.091133 -35.509037 23.136770 75.000000 
-127.171173 -35.363201 23.136652 46.000000 
-127.082794 -35.500504 23.130522 75.000000 
-127.153381 -35.365108 23.138014 62.000000 
-127.073814 -35.493595 23.125498 79.000000 
-127.138420 -35.364700 23.137711 75.000000 
-127.063141 -35.487736 23.121281 92.000000 
-127.124054 -35.362698 23.136263 70.000000 
-127.198257 -35.218159 23.144287 45.000000 
-127.041336 -35.495136 23.127153 63.000000 
-127.110802 -35.359394 23.133877 70.000000 
-127.180161 -35.220203 23.145399 60.000000 
-127.101974 -35.350723 23.127636 70.000000 
-127.166534 -35.216801 23.142824 84.000000 
-127.086502 -35.350212 23.127251 70.000000 
-127.157295 -35.207905 23.136536 82.000000 
-127.069954 -35.351116 23.127882 83.000000 
-127.142548 -35.205967 23.134953 73.000000 
-127.205910 -35.062897 23.149755 50.000000 
-127.049637 -35.357830 23.132679 51.000000 
-127.126205 -35.207165 23.135504 76.000000 
-127.192955 -35.058075 23.146154 69.000000 
-127.104988 -35.213692 23.139650 73.000000 
-127.174011 -35.060089 23.146885 72.000000 
-127.094040 -35.206051 23.134195 79.000000 
-127.155693 -35.062481 23.147888 57.000000 
-127.084702 -35.197334 23.128025 79.000000 
-127.140625 -35.060669 23.146214 59.000000 
-127.127686 -35.056046 23.142748 67.000000 
-127.208130 -34.888760 23.150166 52.000000 
-127.117897 -35.047165 23.136570 69.000000 
-127.192604 -34.886887 23.148270 65.000000 
-127.098625 -35.051231 23.138651 64.000000 
-127.185455 -34.873379 23.139395 60.000000 
-127.083572 -35.049618 23.137110 55.000000 
-127.168861 -34.873058 23.138435 60.000000 
-127.245949 -34.704567 23.153589 49.000000 
-127.150215 -34.875729 23.139282 62.000000 
-127.230988 -34.701195 23.150667 73.000000 
-127.134705 -34.874062 23.137526 65.000000 
-127.216026 -34.697872 23.147779 75.000000 
-127.116135 -34.876865 23.138464 71.000000 
-127.200043 -34.696098 23.145771 66.000000 
-127.178345 -34.701572 23.147818 66.000000 
-127.159386 -34.704433 23.148447 65.000000 
-127.256058 -34.496311 23.149511 77.000000 
-127.146774 -34.700443 23.145306 72.000000 
-127.240906 -34.495155 23.147772 92.000000 
-127.137833 -34.688343 23.137476 60.000000 
-127.224411 -34.493412 23.145607 86.000000 
-127.210213 -34.486809 23.140800 83.000000 
-127.289474 -34.296848 23.161161 48.000000 
-127.193726 -34.485176 23.138706 89.000000 
-127.270531 -34.298176 23.160336 67.000000 
-127.177246 -34.483597 23.136652 99.000000 
-127.255501 -34.293316 23.156435 73.000000 
-127.152054 -34.495972 23.142040 83.000000 
-127.241417 -34.286934 23.151783 68.000000 
-127.216507 -34.299747 23.156805 61.000000 
-127.328957 -34.047081 23.155945 50.000000 
-127.198639 -34.299770 23.155375 66.000000 
-127.306564 -34.053246 23.157099 105.000000 
-127.184113 -34.291359 23.149591 70.000000 
-127.286545 -34.052456 23.154848 112.000000 
-127.257721 -34.069988 23.161367 111.000000 
-127.242615 -34.067444 23.158665 114.000000 
-127.227882 -34.061100 23.154022 111.000000 
-127.330994 -33.808655 23.164106 114.000000 
-127.214050 -34.053192 23.148653 116.000000 
-127.310959 -33.810200 23.162846 124.000000 
-127.294586 -33.805294 23.158770 124.000000 
-127.273819 -33.806648 23.157362 123.000000 
-127.385857 -33.525776 23.167431 47.000000 
-127.255646 -33.805130 23.154800 124.000000 
-127.368690 -33.520679 23.163151 118.000000 
-127.229477 -33.818420 23.158777 125.000000 
-127.352386 -33.513973 23.158224 123.000000 
-127.327271 -33.523937 23.160151 124.000000 
-127.300514 -33.537327 23.163515 124.000000 
-127.285988 -33.527485 23.157352 125.000000 
-127.270599 -33.517357 23.150976 125.000000 
-127.252563 -33.514278 23.147621 49.000000 
-126.952583 -37.265980 23.112303 45.000000 
-126.928780 -37.272984 23.121691 56.000000 
-126.920868 -37.265759 23.116283 68.000000 
-126.915840 -37.256676 23.108826 80.000000 
-126.907043 -37.250862 23.104774 80.000000 
-126.893295 -37.249439 23.105284 80.000000 
-126.951080 -37.152081 23.114937 48.000000 
-126.873878 -37.253830 23.111721 90.000000 
-126.936295 -37.152088 23.116535 67.000000 
-126.867516 -37.245941 23.105469 90.000000 
-126.928436 -37.145084 23.111332 63.000000 
-126.857468 -37.241367 23.102654 83.000000 
-126.907127 -37.150566 23.118338 61.000000 
-126.849831 -37.234615 23.097567 90.000000 
-126.900475 -37.142502 23.112076 63.000000 
-126.967758 -37.033123 23.115271 56.000000 
-126.838539 -37.231213 23.095940 90.000000 
-126.888931 -37.139011 23.110277 63.000000 
-126.951057 -37.034180 23.117579 73.000000 
-126.882210 -37.130989 23.104040 63.000000 
-126.940430 -37.029434 23.114529 81.000000 
-126.863457 -37.134445 23.108994 68.000000 
-126.933388 -37.021194 23.108252 78.000000 
-126.991173 -36.916344 23.121605 46.000000 
-126.849541 -37.133385 23.109522 68.000000 
-126.922714 -37.016514 23.105242 74.000000 
-126.982613 -36.909103 23.116341 61.000000 
-126.841576 -37.126610 23.104471 50.000000 
-126.907265 -37.016598 23.106606 78.000000 
-126.964485 -36.911591 23.119511 81.000000 
-126.884750 -37.023869 23.114553 71.000000 
-126.957085 -36.903202 23.113239 88.000000 
-126.877647 -37.015762 23.108366 74.000000 
-126.944916 -36.899712 23.111206 78.000000 
-126.865807 -37.012447 23.106567 71.000000 
-126.925690 -36.903603 23.115557 67.000000 
-127.001083 -36.775543 23.114674 62.000000 
-126.855133 -37.007977 23.103701 54.000000 
-126.918221 -36.895306 23.109346 79.000000 
-126.976860 -36.784557 23.122740 82.000000 
-126.908379 -36.889488 23.105276 79.000000 
-126.959732 -36.786125 23.124716 81.000000 
-126.896690 -36.886452 23.103558 67.000000 
-126.952431 -36.777954 23.118706 75.000000 
-127.029724 -36.643822 23.119528 49.000000 
-126.879898 -36.888115 23.105938 70.000000 
-126.942268 -36.772038 23.114563 75.000000 
-127.012245 -36.645447 23.121201 63.000000 
-126.936676 -36.761070 23.106300 84.000000 
-126.999405 -36.641949 23.118929 85.000000 
-126.911591 -36.771740 23.115667 72.000000 
-126.988846 -36.635895 23.114689 75.000000 
-126.900269 -36.767216 23.112640 75.000000 
-126.978264 -36.629871 23.110468 72.000000 
-126.892326 -36.758888 23.106516 75.000000 
-126.960869 -36.631725 23.112295 75.000000 
-127.032333 -36.496895 23.119411 55.000000 
-126.939003 -36.638889 23.118196 75.000000 
-127.016853 -36.496098 23.118979 75.000000 
-126.929558 -36.631695 23.113066 79.000000 
-126.998024 -36.499386 23.121498 75.000000 
-126.918961 -36.625843 23.108959 82.000000 
-126.978149 -36.504093 23.125046 71.000000 
-127.068481 -36.341026 23.118965 45.000000 
-126.902794 -36.626621 23.109941 54.000000 
-126.964981 -36.500797 23.122793 77.000000 
-127.045967 -36.348526 23.123960 65.000000 
-126.952370 -36.497841 23.120779 71.000000 
-127.034035 -36.344021 23.120773 78.000000 
-126.945793 -36.486507 23.112703 73.000000 
-127.014946 -36.347538 23.123051 79.000000 
-126.927673 -36.488461 23.114250 67.000000 
-127.002975 -36.341137 23.118555 76.000000 
-127.064163 -36.201096 23.134216 50.000000 
-126.914490 -36.485336 23.112112 58.000000 
-126.991547 -36.335072 23.114294 79.000000 
-127.049118 -36.199097 23.132559 72.000000 
-126.972542 -36.338776 23.116701 73.000000 
-127.041611 -36.187229 23.124557 72.000000 
-126.955734 -36.339771 23.117258 79.000000 
-127.017975 -36.196686 23.130266 66.000000 
-126.944298 -36.333843 23.113089 71.000000 
-127.000832 -36.197701 23.130550 67.000000 
-126.992188 -36.187363 23.123535 66.000000 
-127.070061 -36.024902 23.132858 57.000000 
-126.981377 -36.179901 23.118370 67.000000 
-127.061951 -36.012825 23.124929 65.000000 
-126.967392 -36.176765 23.115990 77.000000 
-127.042274 -36.016804 23.126724 60.000000 
-127.030960 -36.009167 23.121489 65.000000 
-127.106644 -35.844181 23.137505 56.000000 
-127.014442 -36.008881 23.120710 67.000000 
-127.089691 -35.843777 23.136414 79.000000 
-126.997955 -36.008656 23.119974 63.000000 
-127.081985 -35.830002 23.127714 76.000000 
-126.979439 -36.011433 23.121059 61.000000 
-127.069092 -35.823711 23.123280 73.000000 
-127.050102 -35.826447 23.123995 69.000000 
-127.143013 -35.626469 23.128962 63.000000 
-127.027122 -35.835258 23.128185 72.000000 
-127.125526 -35.626102 23.127665 89.000000 
-127.010246 -35.835140 23.127291 81.000000 
-127.104065 -35.631908 23.129684 75.000000 
-127.001350 -35.823032 23.119555 61.000000 
-127.081673 -35.639332 23.132584 71.000000 
-127.068245 -35.633041 23.128141 68.000000 
-127.159119 -35.426624 23.138819 54.000000 
-127.049881 -35.634472 23.127848 75.000000 
-127.137268 -35.432587 23.140491 69.000000 
-127.040321 -35.622120 23.120161 83.000000 
-127.121315 -35.429264 23.137505 73.000000 
-127.024879 -35.619034 23.117455 49.000000 
-127.101494 -35.432247 23.137705 73.000000 
-127.208725 -35.191452 23.141565 48.000000 
-127.090347 -35.421200 23.130846 77.000000 
-127.188286 -35.194336 23.141352 74.000000 
-127.069618 -35.425877 23.131922 73.000000 
-127.170738 -35.192516 23.138937 116.000000 
-127.047050 -35.433784 23.134640 70.000000 
-127.152252 -35.192348 23.137316 116.000000 
-127.130981 -35.197041 23.138002 114.000000 
-127.108833 -35.203415 23.139500 111.000000 
-127.222809 -34.935596 23.141716 49.000000 
-127.089531 -35.205063 23.138781 102.000000 
-127.200920 -34.940269 23.141991 121.000000 
-127.073936 -35.200359 23.135067 63.000000 
-127.178162 -34.946651 23.143042 124.000000 
-127.156395 -34.951492 23.143433 126.000000 
-127.139183 -34.948254 23.140263 124.000000 
-127.248672 -34.674629 23.151974 62.000000 
-127.122871 -34.943436 23.136404 126.000000 
-127.228920 -34.674477 23.149899 121.000000 
-127.102989 -34.945217 23.135487 124.000000 
-127.214500 -34.664452 23.143761 126.000000 
-127.193878 -34.666080 23.142452 124.000000 
-127.171532 -34.671108 23.142572 123.000000 
-127.149200 -34.678211 23.143671 126.000000 
-127.129562 -34.678398 23.141827 119.000000 
-126.813797 -38.411774 23.102659 49.000000 
-126.803894 -38.406929 23.099676 58.000000 
-126.778908 -38.414936 23.110304 74.000000 
-126.774040 -38.405910 23.102856 86.000000 
-126.765381 -38.400120 23.098822 83.000000 
-126.756264 -38.394062 23.094604 83.000000 
-126.813385 -38.298595 23.104521 59.000000 
-126.740150 -38.394814 23.097460 83.000000 
-126.799469 -38.297142 23.104837 65.000000 
-126.722054 -38.398090 23.102846 83.000000 
-126.790947 -38.291569 23.100954 65.000000 
-126.715820 -38.390266 23.096619 83.000000 
-126.777054 -38.290211 23.101336 65.000000 
-126.841637 -38.185246 23.107109 45.000000 
-126.707100 -38.384640 23.092699 83.000000 
-126.758278 -38.293400 23.106213 68.000000 
-126.834801 -38.176949 23.100777 60.000000 
-126.691086 -38.385620 23.095707 45.000000 
-126.749306 -38.287651 23.102205 63.000000 
-126.820595 -38.175613 23.100946 76.000000 
-126.742722 -38.279667 23.095976 61.000000 
-126.797913 -38.182461 23.108747 81.000000 
-126.728867 -38.278500 23.096489 60.000000 
-126.789825 -38.175434 23.103573 76.000000 
-126.853096 -38.066765 23.111584 45.000000 
-126.717422 -38.275116 23.094790 63.000000 
-126.781708 -38.168427 23.098412 81.000000 
-126.836243 -38.067932 23.113708 64.000000 
-126.772354 -38.162609 23.094355 84.000000 
-126.825432 -38.063160 23.110600 69.000000 
-126.751053 -38.168575 23.101261 78.000000 
-126.818184 -38.054810 23.104336 67.000000 
-126.739334 -38.165203 23.099459 78.000000 
-126.806137 -38.051308 23.102327 69.000000 
-126.869644 -37.937878 23.112043 45.000000 
-126.724075 -38.165421 23.100983 72.000000 
-126.791718 -38.050266 23.102474 67.000000 
-126.852539 -37.939259 23.113972 67.000000 
-126.767906 -38.059006 23.111187 66.000000 
-126.844910 -37.930748 23.107710 67.000000 
-126.762947 -38.048359 23.102880 74.000000 
-126.830200 -37.929745 23.107653 61.000000 
-126.908722 -37.796707 23.107649 45.000000 
-126.759087 -38.036488 23.093504 58.000000 
-126.810829 -37.933800 23.111771 65.000000 
-126.897141 -37.791805 23.104330 61.000000 
-126.744026 -38.037151 23.095055 47.000000 
-126.801323 -37.928196 23.107855 63.000000 
-126.881416 -37.792381 23.105251 90.000000 
-126.791298 -37.922325 23.103754 65.000000 
-126.857094 -37.801712 23.113016 82.000000 
-126.781242 -37.916481 23.099672 67.000000 
-126.846710 -37.795681 23.108801 79.000000 
-126.768875 -37.913197 23.097696 61.000000 
-126.835152 -37.790974 23.105614 85.000000 
-126.902138 -37.663906 23.116554 49.000000 
-126.747383 -37.920097 23.104118 46.000000 
-126.829285 -37.779819 23.097404 89.000000 
-126.886803 -37.663040 23.116135 69.000000 
-126.805183 -37.789463 23.105381 85.000000 
-126.878296 -37.654270 23.109909 72.000000 
-126.787971 -37.791393 23.107349 85.000000 
-126.865219 -37.650841 23.107601 72.000000 
-126.776428 -37.786869 23.104286 67.000000 
-126.847649 -37.652786 23.109238 70.000000 
-126.928947 -37.502975 23.110495 62.000000 
-126.827881 -37.657478 23.112886 72.000000 
-126.915466 -37.499462 23.108017 89.000000 
-126.814857 -37.654213 23.110691 72.000000 
-126.896408 -37.502834 23.110296 88.000000 
-126.806252 -37.645615 23.104584 70.000000 
-126.875206 -37.509026 23.114525 73.000000 
-126.794304 -37.641079 23.101452 63.000000 
-126.862877 -37.504314 23.111216 70.000000 
-126.926155 -37.363884 23.124542 52.000000 
-126.856010 -37.492764 23.103174 71.000000 
-126.912346 -37.360462 23.122007 65.000000 
-126.840363 -37.492256 23.102770 65.000000 
-126.905052 -37.348644 23.114004 72.000000 
-126.827980 -37.487656 23.099535 56.000000 
-126.889046 -37.348118 23.113358 72.000000 
-126.965202 -37.193001 23.125637 50.000000 
-126.870911 -37.350479 23.114594 74.000000 
-126.953552 -37.184902 23.120089 71.000000 
-126.854950 -37.350075 23.114033 74.000000 
-126.944138 -37.176025 23.114119 71.000000 
-126.841141 -37.346889 23.111658 72.000000 
-126.922859 -37.180996 23.116589 71.000000 
-126.827332 -37.343750 23.109318 51.000000 
-126.900146 -37.189262 23.121115 69.000000 
-126.988991 -37.009480 23.126146 54.000000 
-126.890106 -37.180202 23.115015 71.000000 
-126.971107 -37.010448 23.125906 69.000000 
-126.873756 -37.179897 23.114288 67.000000 
-126.953262 -37.011490 23.125713 75.000000 
-126.865730 -37.167992 23.106443 63.000000 
-126.938553 -37.008144 23.122997 75.000000 
-126.923836 -37.004852 23.120316 72.000000 
-127.011536 -36.816990 23.129341 71.000000 
-126.907471 -37.002785 23.118309 68.000000 
-126.997681 -36.810192 23.124567 92.000000 
-126.893768 -36.998104 23.114834 72.000000 
-126.983437 -36.805275 23.120871 86.000000 
-126.871597 -37.007214 23.119377 58.000000 
-126.968842 -36.802238 23.118252 86.000000 
-126.946564 -36.809574 23.121223 78.000000 
-127.039452 -36.604595 23.130274 54.000000 
-126.927353 -36.812428 23.121773 71.000000 
-127.023659 -36.601135 23.127243 69.000000 
-126.915115 -36.804672 23.116562 86.000000 
-126.999969 -36.610123 23.130566 66.000000 
-126.906784 -36.790833 23.108044 57.000000 
-126.976364 -36.619209 23.133955 61.000000 
-126.962608 -36.612839 23.129471 68.000000 
-127.073486 -36.370296 23.129622 65.000000 
-126.944946 -36.612740 23.128199 61.000000 
-127.053207 -36.373131 23.129471 114.000000 
-126.933090 -36.603336 23.122181 61.000000 
-127.026253 -36.387115 23.134672 115.000000 
-127.016594 -36.372673 23.126289 105.000000 
-126.999268 -36.370953 23.124002 72.000000 
-127.101707 -36.128777 23.135466 103.000000 
-126.980072 -36.372471 23.123280 108.000000 
-127.080917 -36.131721 23.135052 122.000000 
-126.962776 -36.370872 23.121077 102.000000 
-127.066681 -36.123436 23.129625 125.000000 
-127.044250 -36.127800 23.129797 123.000000 
-127.018044 -36.140686 23.133894 121.000000 
-127.141182 -35.849052 23.135155 66.000000 
-127.003662 -36.134518 23.129543 124.000000 
-127.120560 -35.852413 23.134691 124.000000 
-126.990311 -36.124817 23.123531 121.000000 
-127.097366 -35.858799 23.135418 126.000000 
-127.074249 -35.865273 23.136206 124.000000 
-127.058319 -35.858620 23.131508 126.000000 
-127.044128 -35.848709 23.125452 126.000000 
-127.021111 -35.855396 23.126387 122.000000 
-126.669922 -39.547760 23.090971 51.000000 
-126.662628 -39.540775 23.085758 61.000000 
-126.647301 -39.539860 23.087173 74.000000 
-126.629921 -39.541424 23.091112 90.000000 
-126.609268 -39.546547 23.098726 88.000000 
-126.688599 -39.433605 23.089031 47.000000 
-126.605698 -39.536518 23.090191 82.000000 
-126.667213 -39.438618 23.096010 61.000000 
-126.595863 -39.531845 23.087385 97.000000 
-126.653374 -39.437107 23.096384 63.000000 
-126.581078 -39.531506 23.089195 85.000000 
-126.648216 -39.427906 23.088993 73.000000 
-126.562210 -39.534184 23.094307 77.000000 
-126.638855 -39.421745 23.084753 73.000000 
-126.695511 -39.325359 23.097633 56.000000 
-126.556061 -39.526398 23.088133 85.000000 
-126.622559 -39.422588 23.087452 73.000000 
-126.690010 -39.315926 23.090248 70.000000 
-126.548653 -39.519707 23.083120 94.000000 
-126.605080 -39.424618 23.091318 68.000000 
-126.677101 -39.313377 23.089388 80.000000 
-126.590080 -39.424480 23.092987 73.000000 
-126.661766 -39.313187 23.090738 89.000000 
-126.587669 -39.413441 23.083626 64.000000 
-126.645699 -39.314503 23.093426 81.000000 
-126.710938 -39.205414 23.099701 51.000000 
-126.577499 -39.408878 23.080837 60.000000 
-126.631630 -39.313274 23.093767 78.000000 
-126.691711 -39.208870 23.104004 61.000000 
-126.562515 -39.408871 23.082594 65.000000 
-126.623604 -39.306293 23.088665 76.000000 
-126.671341 -39.213604 23.109426 72.000000 
-126.615540 -39.299332 23.083576 81.000000 
-126.669060 -39.200500 23.098963 70.000000 
-126.601944 -39.298523 23.084204 78.000000 
-126.657593 -39.197266 23.097216 72.000000 
-126.723099 -39.083523 23.105034 47.000000 
-126.584335 -39.300991 23.087980 74.000000 
-126.650414 -39.188969 23.091022 69.000000 
-126.709648 -39.081135 23.103941 51.000000 
-126.572693 -39.297657 23.086277 57.000000 
-126.631340 -39.192734 23.095539 70.000000 
-126.697395 -39.077560 23.101849 67.000000 
-126.617050 -39.191753 23.095823 74.000000 
-126.692223 -39.066601 23.093565 65.000000 
-126.753952 -38.953358 23.107914 59.000000 
-126.609337 -39.183262 23.089495 70.000000 
-126.674728 -39.067757 23.095465 65.000000 
-126.745544 -38.944336 23.101446 63.000000 
-126.592720 -39.184803 23.091997 65.000000 
-126.660118 -39.066795 23.095535 65.000000 
-126.736435 -38.936920 23.096210 90.000000 
-126.646019 -39.066177 23.095846 67.000000 
-126.714989 -38.943871 23.102270 92.000000 
-126.641869 -39.054062 23.086582 72.000000 
-126.698906 -38.944210 23.103140 89.000000 
-126.623810 -39.056999 23.089890 72.000000 
-126.682861 -38.944614 23.104055 82.000000 
-126.753067 -38.815971 23.111944 48.000000 
-126.613831 -39.051201 23.085897 57.000000 
-126.672585 -38.938648 23.099945 82.000000 
-126.737839 -38.815063 23.111599 62.000000 
-126.661140 -38.934002 23.096870 75.000000 
-126.727203 -38.808937 23.107380 75.000000 
-126.647415 -38.931976 23.095858 79.000000 
-126.713127 -38.806808 23.106123 69.000000 
-126.776588 -38.681164 23.122587 49.000000 
-126.628036 -38.936485 23.099977 69.000000 
-126.702461 -38.800755 23.101952 66.000000 
-126.767853 -38.672226 23.116400 60.000000 
-126.685013 -38.802700 23.103714 66.000000 
-126.759064 -38.663307 23.110224 84.000000 
-126.663132 -38.810036 23.109474 66.000000 
-126.745750 -38.659840 23.107861 76.000000 
-126.652473 -38.804127 23.105402 58.000000 
-126.732437 -38.656414 23.105530 71.000000 
-126.803276 -38.510357 23.113770 48.000000 
-126.641220 -38.799881 23.102543 59.000000 
-126.710800 -38.664253 23.111071 65.000000 
-126.780708 -38.517967 23.118586 65.000000 
-126.699730 -38.658211 23.106903 67.000000 
-126.764259 -38.516987 23.117739 72.000000 
-126.688080 -38.651897 23.102551 68.000000 
-126.748405 -38.516384 23.117149 74.000000 
-126.681320 -38.640419 23.094584 61.000000 
-126.739090 -38.507427 23.111059 67.000000 
-126.814705 -38.354530 23.122728 48.000000 
-126.725403 -38.504108 23.108686 69.000000 
-126.800117 -38.352791 23.121231 68.000000 
-126.709564 -38.503654 23.108198 67.000000 
-126.791870 -38.340443 23.113113 64.000000 
-126.689461 -38.508900 23.111469 55.000000 
-126.778328 -38.337353 23.110781 63.000000 
-126.761459 -38.336559 23.109835 58.000000 
-126.842056 -38.170929 23.121555 56.000000 
-126.731010 -38.356644 23.121887 65.000000 
-126.827469 -38.167442 23.118837 67.000000 
-126.721634 -38.345901 23.114777 62.000000 
-126.810776 -38.166943 23.117867 67.000000 
-126.717567 -38.329987 23.104500 48.000000 
-126.788895 -38.173878 23.121239 73.000000 
-126.770828 -38.176777 23.122299 72.000000 
-126.866173 -37.981262 23.124756 66.000000 
-126.760437 -38.167603 23.116282 78.000000 
-126.845955 -37.985294 23.126047 89.000000 
-126.746292 -38.162590 23.112665 65.000000 
-126.831276 -37.980049 23.122211 70.000000 
-126.818253 -37.973656 23.117802 70.000000 
-126.901741 -37.788788 23.135433 48.000000 
-126.803185 -37.970329 23.115076 70.000000 
-126.887184 -37.783733 23.131674 67.000000 
-126.787102 -37.968567 23.113218 75.000000 
-126.872612 -37.778721 23.127943 68.000000 
-126.766685 -37.974762 23.115784 72.000000 
-126.853714 -37.781784 23.128439 68.000000 
-126.835182 -37.783051 23.127962 70.000000 
-126.938004 -37.557499 23.134163 46.000000 
-126.812737 -37.790573 23.130724 68.000000 
-126.920845 -37.555511 23.131811 103.000000 
-126.799179 -37.784237 23.126348 66.000000 
-126.904663 -37.552006 23.128740 104.000000 
-126.785606 -37.777939 23.122000 59.000000 
-126.881432 -37.561485 23.132019 75.000000 
-126.867226 -37.554955 23.127506 75.000000 
-126.972252 -37.314487 23.137363 53.000000 
-126.849159 -37.554783 23.126081 75.000000 
-126.950661 -37.318909 23.137737 117.000000 
-126.836815 -37.545174 23.120098 104.000000 
-126.930077 -37.321804 23.137440 121.000000 
-126.910866 -37.319290 23.134552 121.000000 
-126.895966 -37.312675 23.129980 121.000000 
-127.002594 -37.057022 23.144323 51.000000 
-126.879173 -37.309326 23.126900 119.000000 
-126.986946 -37.050140 23.139568 121.000000 
-126.856842 -37.315727 23.128256 122.000000 
-126.970360 -37.044941 23.135534 125.000000 
-126.835327 -37.322533 23.129892 45.000000 
-126.950890 -37.046688 23.134544 124.000000 
-126.927940 -37.053085 23.135452 123.000000 
-126.912155 -37.048397 23.131771 124.000000 
-126.892883 -37.048367 23.129988 123.000000 
-126.873741 -37.046421 23.127325 46.000000 
-126.526894 -40.668983 23.074043 47.000000 
-126.715530 -40.372730 23.107096 50.000000 
-126.520897 -40.660908 23.067698 55.000000 
-126.511055 -40.655987 23.064777 58.000000 
-126.496162 -40.655312 23.066446 71.000000 
-126.477531 -40.657864 23.071590 94.000000 
-126.462715 -40.657322 23.073349 94.000000 
-126.536140 -40.549957 23.069031 48.000000 
-126.455383 -40.650455 23.068254 91.000000 
-126.516014 -40.553799 23.074976 56.000000 
-126.448456 -40.643898 23.063370 97.000000 
-126.506348 -40.549240 23.072245 65.000000 
-126.434891 -40.642422 23.064068 94.000000 
-126.494987 -40.545517 23.070454 78.000000 
-126.415634 -40.646652 23.070780 88.000000 
-126.486534 -40.539917 23.066647 75.000000 
-126.544830 -40.442638 23.078156 50.000000 
-126.407028 -40.640987 23.066927 85.000000 
-126.469017 -40.541809 23.070526 73.000000 
-126.539345 -40.433186 23.070784 58.000000 
-126.397530 -40.634785 23.062708 77.000000 
-126.453110 -40.540970 23.071810 70.000000 
-126.525520 -40.429989 23.069557 76.000000 
-126.388870 -40.629169 23.058893 80.000000 
-126.441765 -40.537430 23.070143 68.000000 
-126.507744 -40.432034 23.073149 89.000000 
-126.375801 -40.628216 23.059946 82.000000 
-126.434502 -40.530857 23.065304 73.000000 
-126.494125 -40.431000 23.073706 84.000000 
-126.429169 -40.521770 23.058014 64.000000 
-126.480064 -40.429722 23.074097 78.000000 
-126.539337 -40.326710 23.085119 54.000000 
-126.414619 -40.521980 23.060011 65.000000 
-126.473709 -40.421852 23.068115 78.000000 
-126.523071 -40.328110 23.087624 75.000000 
-126.399658 -40.521969 23.061853 51.000000 
-126.464455 -40.416019 23.064150 78.000000 
-126.515984 -40.319756 23.081427 81.000000 
-126.450394 -40.414867 23.064627 78.000000 
-126.504066 -40.316189 23.079521 69.000000 
-126.569992 -40.202736 23.086964 46.000000 
-126.432793 -40.417271 23.068466 69.000000 
-126.496902 -40.307877 23.073351 66.000000 
-126.561333 -40.195404 23.081776 51.000000 
-126.423058 -40.411274 23.064388 71.000000 
-126.482101 -40.306488 23.073442 70.000000 
-126.547386 -40.192703 23.080551 64.000000 
-126.463089 -40.310265 23.078083 69.000000 
-126.539856 -40.184196 23.074360 72.000000 
-126.604385 -40.068661 23.086369 58.000000 
-126.459183 -40.300213 23.070215 69.000000 
-126.523857 -40.186195 23.076937 78.000000 
-126.593994 -40.064339 23.083576 57.000000 
-126.449577 -40.294426 23.066278 67.000000 
-126.506912 -40.187656 23.079151 68.000000 
-126.582558 -40.059429 23.080387 69.000000 
-126.434128 -40.294731 23.067785 58.000000 
-126.501656 -40.176758 23.070930 75.000000 
-126.567612 -40.058372 23.080257 96.000000 
-126.489380 -40.173340 23.069014 75.000000 
-126.548042 -40.062469 23.084219 82.000000 
-126.628395 -39.923756 23.084263 48.000000 
-126.478249 -40.168713 23.066072 72.000000 
-126.537781 -40.056427 23.080112 79.000000 
-126.608482 -39.927929 23.087828 55.000000 
-126.460220 -40.171642 23.069485 56.000000 
-126.522888 -40.055538 23.080097 79.000000 
-126.586342 -39.934807 23.093412 65.000000 
-126.512596 -40.049564 23.076038 79.000000 
-126.575722 -39.928654 23.089230 87.000000 
-126.496590 -40.050064 23.077112 75.000000 
-126.568497 -39.918583 23.082111 81.000000 
-126.637032 -39.787682 23.094639 49.000000 
-126.479584 -40.050041 23.077833 67.000000 
-126.554482 -39.914509 23.079527 67.000000 
-126.622627 -39.783447 23.091831 60.000000 
-126.471519 -40.041603 23.071804 46.000000 
-126.534767 -39.919033 23.083328 72.000000 
-126.612694 -39.775837 23.086626 66.000000 
-126.517899 -39.921284 23.085405 66.000000 
-126.599922 -39.772629 23.084513 89.000000 
-126.501648 -39.921974 23.086330 65.000000 
-126.587708 -39.767792 23.081263 79.000000 
-126.496529 -39.909401 23.077332 68.000000 
-126.567711 -39.772511 23.084749 71.000000 
-126.640343 -39.623516 23.090302 58.000000 
-126.553299 -39.770504 23.083490 73.000000 
-126.620590 -39.628651 23.093618 74.000000 
-126.543846 -39.763382 23.078615 67.000000 
-126.606903 -39.625187 23.091223 74.000000 
-126.532707 -39.757347 23.074518 67.000000 
-126.596413 -39.615559 23.084724 72.000000 
-126.668228 -39.468452 23.099813 48.000000 
-126.516083 -39.756245 23.073908 64.000000 
-126.584862 -39.609379 23.080524 72.000000 
-126.658447 -39.459209 23.093691 60.000000 
-126.568977 -39.608845 23.080078 69.000000 
-126.641083 -39.459995 23.093838 71.000000 
-126.544533 -39.619621 23.087145 67.000000 
-126.635521 -39.445091 23.084177 73.000000 
-126.539482 -39.607143 23.078775 64.000000 
-126.616158 -39.450909 23.087509 64.000000 
-126.697403 -39.285522 23.098928 52.000000 
-126.597778 -39.453300 23.088671 64.000000 
-126.684921 -39.279049 23.094534 67.000000 
-126.583061 -39.449688 23.086063 57.000000 
-126.666534 -39.279625 23.094257 75.000000 
-126.566841 -39.449326 23.085506 65.000000 
-126.645668 -39.284996 23.096838 83.000000 
-126.562103 -39.433094 23.075026 47.000000 
-126.633186 -39.278675 23.092545 76.000000 
-126.722954 -39.092216 23.099890 60.000000 
-126.618607 -39.275337 23.090012 76.000000 
-126.700638 -39.099171 23.102907 78.000000 
-126.606079 -39.269093 23.085772 73.000000 
-126.685577 -39.095695 23.100168 75.000000 
-126.587402 -39.271774 23.086792 72.000000 
-126.673576 -39.087753 23.094965 68.000000 
-126.756088 -38.904320 23.112835 48.000000 
-126.659508 -39.082859 23.091452 75.000000 
-126.740517 -38.900745 23.109917 57.000000 
-126.642403 -39.082542 23.090481 72.000000 
-126.724937 -38.897221 23.107033 77.000000 
-126.624321 -39.083801 23.090389 81.000000 
-126.709366 -38.893745 23.104183 75.000000 
-126.607262 -39.083611 23.089502 64.000000 
-126.693779 -38.890324 23.101370 73.000000 
-126.666351 -38.905468 23.108219 68.000000 
-126.772003 -38.677334 23.112074 68.000000 
-126.656723 -38.892902 23.100670 64.000000 
-126.755844 -38.673790 23.109064 106.000000 
-126.644089 -38.885002 23.095552 60.000000 
-126.733849 -38.679722 23.110683 72.000000 
-126.721581 -38.669998 23.104687 72.000000 
-126.826454 -38.431450 23.114769 47.000000 
-126.704460 -38.668190 23.102556 75.000000 
-126.800079 -38.443790 23.118868 109.000000 
-126.691162 -38.660122 23.097382 72.000000 
-126.781410 -38.443432 23.117199 122.000000 
-126.668114 -38.669815 23.100952 50.000000 
-126.767281 -38.437054 23.112871 123.000000 
-126.752388 -38.430386 23.108345 124.000000 
-126.862816 -38.170238 23.120087 45.000000 
-126.732056 -38.431477 23.107304 124.000000 
-126.843597 -38.167839 23.117222 120.000000 
-126.708801 -38.439415 23.109486 122.000000 
-126.825165 -38.165852 23.114637 121.000000 
-126.804779 -38.169167 23.114416 124.000000 
-126.785477 -38.168941 23.112617 125.000000 
-126.767097 -38.167141 23.110161 123.000000 
-126.749626 -38.163761 23.107044 123.000000 
-126.355980 -41.798573 23.073837 52.000000 
-126.350052 -41.790512 23.067520 68.000000 
-126.338173 -41.787975 23.067125 83.000000 
-126.318298 -41.791466 23.073427 94.000000 
-126.304359 -41.789505 23.073858 88.000000 
-126.377228 -41.683952 23.070335 47.000000 
-126.299622 -41.780510 23.066475 97.000000 
-126.355865 -41.688763 23.077415 59.000000 
-126.291084 -41.774693 23.062550 94.000000 
-126.342087 -41.687138 23.077854 68.000000 
-126.271355 -41.778450 23.069035 88.000000 
-126.337036 -41.677921 23.070486 73.000000 
-126.255836 -41.779388 23.072300 91.000000 
-126.329903 -41.671196 23.065567 68.000000 
-126.395050 -41.568855 23.071354 48.000000 
-126.242386 -41.777973 23.073101 91.000000 
-126.311165 -41.674088 23.070587 65.000000 
-126.384674 -41.563892 23.068335 60.000000 
-126.237534 -41.769104 23.065804 97.000000 
-126.294960 -41.674854 23.073406 70.000000 
-126.373055 -41.560097 23.066433 73.000000 
-126.221649 -41.769917 23.068987 54.000000 
-126.283684 -41.671265 23.071753 70.000000 
-126.355286 -41.562027 23.070032 95.000000 
-126.276062 -41.664383 23.066730 59.000000 
-126.336349 -41.565174 23.074781 87.000000 
-126.408844 -41.451153 23.075089 46.000000 
-126.268410 -41.657520 23.061720 63.000000 
-126.325989 -41.560398 23.071888 71.000000 
-126.392059 -41.452065 23.077339 52.000000 
-126.254684 -41.656261 23.062408 54.000000 
-126.319260 -41.552208 23.065712 76.000000 
-126.371658 -41.456581 23.082838 59.000000 
-126.239769 -41.656178 23.064272 45.000000 
-126.308853 -41.547485 23.062859 81.000000 
-126.361015 -41.451740 23.079847 72.000000 
-126.290497 -41.551170 23.067970 84.000000 
-126.356850 -41.441307 23.071726 72.000000 
-126.423561 -41.328304 23.079090 47.000000 
-126.272934 -41.553486 23.071831 76.000000 
-126.344955 -41.437702 23.069843 66.000000 
-126.407745 -41.328220 23.080118 51.000000 
-126.269707 -41.541939 23.062408 78.000000 
-126.330666 -41.436520 23.070141 67.000000 
-126.397934 -41.322090 23.075989 63.000000 
-126.256927 -41.539703 23.061890 48.000000 
-126.311646 -41.440174 23.074787 66.000000 
-126.386909 -41.317219 23.072924 82.000000 
-126.457001 -41.197289 23.080612 58.000000 
-126.246513 -41.535175 23.059170 58.000000 
-126.299789 -41.436718 23.073008 69.000000 
-126.377052 -41.311150 23.068836 78.000000 
-126.444443 -41.193531 23.078407 60.000000 
-126.292625 -41.428501 23.066925 70.000000 
-126.355385 -41.317421 23.075237 81.000000 
-126.434242 -41.187302 23.074209 74.000000 
-126.283081 -41.422703 23.063021 65.000000 
-126.345528 -41.311443 23.071213 75.000000 
-126.416962 -41.188675 23.076105 96.000000 
-126.335655 -41.305496 23.067207 75.000000 
-126.397392 -41.192654 23.080080 92.000000 
-126.469307 -41.064945 23.087687 46.000000 
-126.323433 -41.302059 23.065329 78.000000 
-126.384857 -41.189095 23.078009 82.000000 
-126.458755 -41.058643 23.083443 53.000000 
-126.308891 -41.301155 23.065592 84.000000 
-126.372330 -41.185581 23.075968 82.000000 
-126.434265 -41.067982 23.091003 62.000000 
-126.289772 -41.305294 23.070124 66.000000 
-126.362099 -41.179558 23.071911 79.000000 
-126.419121 -41.067001 23.090767 87.000000 
-126.341522 -41.185078 23.077089 72.000000 
-126.414314 -41.054302 23.081690 83.000000 
-126.484871 -40.922741 23.092865 51.000000 
-126.324455 -41.186844 23.079250 72.000000 
-126.399147 -41.053402 23.081509 77.000000 
-126.469353 -40.921745 23.092398 55.000000 
-126.317635 -41.177097 23.072205 63.000000 
-126.384003 -41.052559 23.081367 73.000000 
-126.460663 -40.912762 23.086250 64.000000 
-126.365417 -41.057644 23.085644 73.000000 
-126.449638 -40.908455 23.083405 84.000000 
-126.354836 -41.051640 23.081604 73.000000 
-126.431877 -40.910297 23.084948 79.000000 
-126.349884 -41.037128 23.071201 69.000000 
-126.413048 -40.911594 23.086124 71.000000 
-126.486732 -40.763374 23.091192 55.000000 
-126.334763 -41.036476 23.071192 61.000000 
-126.399826 -40.908161 23.083920 68.000000 
-126.470901 -40.764565 23.091970 67.000000 
-126.317413 -41.040462 23.074623 46.000000 
-126.389915 -40.902668 23.080225 76.000000 
-126.458382 -40.759647 23.088655 69.000000 
-126.381081 -40.893871 23.074209 71.000000 
-126.444748 -40.756153 23.086298 67.000000 
-126.519844 -40.606991 23.099133 48.000000 
-126.363434 -40.896008 23.075953 67.000000 
-126.435493 -40.747135 23.080248 67.000000 
-126.507988 -40.600544 23.094799 60.000000 
-126.414154 -40.751476 23.083126 69.000000 
-126.489487 -40.600597 23.094532 71.000000 
-126.391876 -40.759315 23.088350 74.000000 
-126.481934 -40.588543 23.086672 66.000000 
-126.380508 -40.755245 23.085611 66.000000 
-126.464745 -40.591396 23.088230 60.000000 
-126.549301 -40.423923 23.097425 51.000000 
-126.374413 -40.742176 23.076853 46.000000 
-126.444267 -40.596550 23.091209 63.000000 
-126.533714 -40.421757 23.095621 72.000000 
-126.432373 -40.590321 23.087025 63.000000 
-126.514946 -40.424019 23.096443 87.000000 
-126.422562 -40.581253 23.081055 63.000000 
-126.491997 -40.432198 23.100779 83.000000 
-126.408501 -40.577969 23.078728 63.000000 
-126.481743 -40.422905 23.094769 73.000000 
-126.568680 -40.243336 23.104832 48.000000 
-126.469353 -40.416569 23.090513 73.000000 
-126.550583 -40.244205 23.104557 68.000000 
-126.454239 -40.412891 23.087816 75.000000 
-126.536011 -40.238842 23.100784 85.000000 
-126.437675 -40.412529 23.087111 69.000000 
-126.523102 -40.232349 23.096426 78.000000 
-126.511841 -40.224716 23.091475 75.000000 
-126.592125 -40.046455 23.111012 48.000000 
-126.489700 -40.231827 23.094706 71.000000 
-126.574615 -40.045910 23.109737 69.000000 
-126.472061 -40.231178 23.093586 71.000000 
-126.558472 -40.042038 23.106688 68.000000 
-126.455093 -40.230907 23.092722 71.000000 
-126.540993 -40.041615 23.105497 66.000000 
-126.644890 -39.820801 23.112364 50.000000 
-126.518211 -40.050789 23.109386 68.000000 
-126.629517 -39.817455 23.109554 68.000000 
-126.505775 -40.042812 23.104261 70.000000 
-126.607491 -39.823181 23.111139 106.000000 
-126.496246 -40.030243 23.096739 70.000000 
-126.584549 -39.830559 23.113550 108.000000 
-126.566582 -39.830193 23.112179 108.000000 
-126.676163 -39.588085 23.119062 53.000000 
-126.552521 -39.823620 23.107771 105.000000 
-126.656570 -39.589149 23.118090 106.000000 
-126.541321 -39.812363 23.101072 102.000000 
-126.637978 -39.588688 23.116434 123.000000 
-126.518547 -39.820034 23.103682 73.000000 
-126.625137 -39.578712 23.110422 126.000000 
-126.603699 -39.583160 23.111048 122.000000 
-126.713943 -39.329330 23.124260 59.000000 
-126.581367 -39.589294 23.112465 122.000000 
-126.698456 -39.322330 23.119572 113.000000 
-126.562859 -39.589092 23.110987 122.000000 
-126.682945 -39.315376 23.114914 123.000000 
-126.545303 -39.587349 23.108812 121.000000 
-126.660904 -39.319862 23.115177 125.000000 
-126.641693 -39.319534 23.113396 125.000000 
-126.620659 -39.322544 23.113064 125.000000 
-126.606049 -39.314178 23.107855 124.000000 
-126.585968 -39.315681 23.106909 68.000000 
-126.347633 -42.943726 23.056044 47.000000 
-126.419167 -42.614243 23.078701 45.000000 
-126.407288 -42.609802 23.076330 50.000000 
-126.403130 -42.598671 23.067759 50.000000 
-126.199631 -42.891514 23.034513 45.000000 
-126.404037 -42.583031 23.055021 45.000000 
-126.455276 -42.489956 23.082291 45.000000 
-126.184723 -42.890663 23.036236 61.000000 
-126.171532 -42.889130 23.037046 68.000000 
-126.428780 -42.483738 23.079576 47.000000 
-126.160439 -42.885258 23.035387 90.000000 
-126.151840 -42.879326 23.031445 101.000000 
-126.135750 -42.879738 23.034466 88.000000 
-126.205902 -42.775745 23.033060 48.000000 
-126.122177 -42.878105 23.035213 88.000000 
-126.193253 -42.772945 23.032410 56.000000 
-126.106155 -42.878647 23.038322 91.000000 
-126.178131 -42.772377 23.034048 78.000000 
-126.096313 -42.873936 23.035652 97.000000 
-126.163040 -42.771873 23.035730 73.000000 
-126.088905 -42.867119 23.030668 88.000000 
-126.152893 -42.767033 23.032921 68.000000 
-126.221558 -42.660896 23.035137 56.000000 
-126.075813 -42.865963 23.031736 74.000000 
-126.141945 -42.763618 23.031464 70.000000 
-126.206642 -42.660755 23.036789 64.000000 
-126.059875 -42.866722 23.034994 91.000000 
-126.134209 -42.756634 23.026424 73.000000 
-126.191292 -42.660370 23.038279 80.000000 
-126.121140 -42.753815 23.025764 68.000000 
-126.180374 -42.655190 23.035189 84.000000 
-126.229805 -42.562885 23.055984 45.000000 
-126.100082 -42.759129 23.033331 71.000000 
-126.169899 -42.650345 23.032324 76.000000 
-126.222748 -42.554409 23.049772 57.000000 
-126.041023 -42.843353 23.016737 52.000000 
-126.091568 -42.753654 23.029703 64.000000 
-126.153854 -42.651566 23.035229 67.000000 
-126.214912 -42.547424 23.044847 69.000000 
-126.082581 -42.747921 23.025902 55.000000 
-126.139786 -42.650253 23.035757 72.000000 
-126.207764 -42.538979 23.038658 70.000000 
-126.507156 -42.036945 23.070383 47.000000 
-126.128120 -42.646690 23.034094 71.000000 
-126.190987 -42.540012 23.041111 69.000000 
-126.491371 -42.035210 23.069517 46.000000 
-126.118835 -42.640850 23.030224 59.000000 
-126.174255 -42.541119 23.043610 65.000000 
-126.247917 -42.420532 23.044279 54.000000 
-126.477989 -42.030926 23.066826 45.000000 
-126.114258 -42.630394 23.021896 73.000000 
-126.164680 -42.535145 23.039654 63.000000 
-126.236809 -42.415569 23.041231 63.000000 
-126.452682 -42.039734 23.073524 45.000000 
-126.097832 -42.631580 23.024782 46.000000 
-126.155090 -42.529205 23.035717 66.000000 
-126.215034 -42.421654 23.047655 77.000000 
-126.150162 -42.518497 23.027447 66.000000 
-126.205124 -42.415565 23.043625 72.000000 
-126.286797 -42.282761 23.040747 63.000000 
-126.127632 -42.525806 23.035534 61.000000 
-126.194023 -42.410736 23.040667 75.000000 
-126.263557 -42.290318 23.047775 74.000000 
-126.422066 -42.016888 23.058252 48.000000 
-126.111977 -42.527779 23.038610 58.000000 
-126.188560 -42.401611 23.033905 72.000000 
-126.250786 -42.288498 23.047125 89.000000 
-126.409775 -42.013508 23.056162 45.000000 
-126.168114 -42.406731 23.039455 70.000000 
-126.245148 -42.277245 23.038940 99.000000 
-126.154839 -42.402668 23.037247 78.000000 
-126.231453 -42.272995 23.036497 85.000000 
-126.296188 -42.152359 23.050123 53.000000 
-126.142555 -42.399239 23.035461 68.000000 
-126.213036 -42.275768 23.039625 82.000000 
-126.290115 -42.140839 23.041986 62.000000 
-126.134850 -42.390865 23.029442 53.000000 
-126.196960 -42.276066 23.040751 85.000000 
-126.275948 -42.138447 23.040792 72.000000 
-126.179779 -42.277706 23.042946 85.000000 
-126.257217 -42.141335 23.043612 83.000000 
-126.337044 -41.998627 23.047350 48.000000 
-126.169441 -42.271721 23.038990 72.000000 
-126.236275 -42.146923 23.048475 75.000000 
-126.329323 -41.988178 23.040220 52.000000 
-126.163597 -42.260620 23.030912 75.000000 
-126.227829 -42.138145 23.042416 66.000000 
-126.311371 -41.989811 23.041746 60.000000 
-126.149742 -42.260429 23.031530 49.000000 
-126.215919 -42.135269 23.040775 70.000000 
-126.293442 -41.993492 23.044701 89.000000 
-126.205177 -42.129177 23.036753 70.000000 
-126.275574 -41.995262 23.046322 73.000000 
-126.186646 -42.130459 23.038383 68.000000 
-126.266663 -41.984325 23.038874 67.000000 
-126.325920 -41.853283 23.056595 58.000000 
-126.170349 -42.131088 23.039455 65.000000 
-126.255470 -41.978092 23.034760 68.000000 
-126.312187 -41.849640 23.054232 72.000000 
-126.244263 -41.971886 23.030666 61.000000 
-126.299538 -41.844662 23.050966 77.000000 
-126.220970 -41.980686 23.037306 57.000000 
-126.283600 -41.843887 23.050537 70.000000 
-126.372986 -41.675930 23.051817 51.000000 
-126.207588 -41.977310 23.035233 53.000000 
-126.264420 -41.847347 23.052961 72.000000 
-126.359848 -41.670811 23.048405 60.000000 
-126.198540 -41.968510 23.029278 46.000000 
-126.256111 -41.836933 23.046036 77.000000 
-126.340202 -41.674252 23.050430 74.000000 
-126.239136 -41.837719 23.046659 77.000000 
-126.231819 -41.825962 23.038826 74.000000 
-126.215919 -41.825443 23.038572 50.000000 
-126.286934 -41.677902 23.052286 55.000000 
-126.372147 -41.508434 23.060352 55.000000 
-126.138542 -41.963863 23.027296 45.000000 
-126.190521 -41.837650 23.046896 52.000000 
-126.280182 -41.664444 23.043594 57.000000 
-126.358582 -41.503357 23.056921 67.000000 
-126.259666 -41.669662 23.046761 62.000000 
-126.344994 -41.498322 23.053516 76.000000 
-126.438744 -41.309418 23.059273 59.000000 
-126.243408 -41.669205 23.046326 56.000000 
-126.332436 -41.491863 23.049267 69.000000 
-126.420441 -41.310131 23.059019 45.000000 
-126.315689 -41.491310 23.048548 75.000000 
-126.410461 -41.298985 23.052118 66.000000 
-126.297531 -41.494072 23.049835 75.000000 
-126.395920 -41.295658 23.049644 96.000000 
-126.280846 -41.493645 23.049202 72.000000 
-126.374565 -41.301029 23.052027 78.000000 
-126.354294 -41.304989 23.053625 72.000000 
-126.451996 -41.100376 23.059790 56.000000 
-126.337128 -41.304520 23.052744 72.000000 
-126.432236 -41.102772 23.060173 74.000000 
-126.326378 -41.293243 23.045769 70.000000 
-126.408821 -41.109497 23.062805 77.000000 
-126.313210 -41.286839 23.041563 78.000000 
-126.391167 -41.108990 23.061680 70.000000 
-126.506042 -40.870464 23.060553 48.000000 
-126.376503 -41.103935 23.058167 73.000000 
-126.478813 -40.883797 23.066015 65.000000 
-126.366768 -41.091232 23.050621 75.000000 
-126.457619 -40.887882 23.066929 114.000000 
-126.348122 -41.092419 23.050417 70.000000 
-126.443321 -40.881104 23.062481 105.000000 
-126.325615 -41.099850 23.053520 50.000000 
-126.425117 -40.880630 23.061165 108.000000 
-126.531723 -40.642467 23.071072 56.000000 
-126.410294 -40.877750 23.058773 105.000000 
-126.524979 -40.625038 23.061798 109.000000 
-126.391151 -40.878963 23.058313 74.000000 
-126.502258 -40.630814 23.063129 124.000000 
-126.372284 -40.878345 23.056906 102.000000 
-126.480759 -40.633141 23.062819 124.000000 
-126.457222 -40.640686 23.065006 121.000000 
-126.575180 -40.371265 23.072329 66.000000 
-126.433762 -40.648327 23.067259 120.000000 
-126.550056 -40.380379 23.074688 104.000000 
-126.424377 -40.631989 23.058401 123.000000 
-126.527817 -40.384712 23.075003 124.000000 
-126.410431 -40.621758 23.052320 123.000000 
-126.509460 -40.380642 23.071623 125.000000 
-126.493713 -40.373714 23.067095 123.000000 
-126.476784 -40.372417 23.065172 124.000000 
-126.457382 -40.372128 23.063551 123.000000 
-126.438217 -40.367954 23.060110 121.000000 
-126.016472 -44.007980 23.044830 51.000000 
-126.007103 -44.003262 23.042179 68.000000 
-125.997284 -43.998268 23.039351 74.000000 
-125.988724 -43.992268 23.035393 86.000000 
-125.973862 -43.991528 23.037216 94.000000 
-126.035858 -43.895393 23.044153 45.000000 
-125.954033 -43.995056 23.043703 94.000000 
-126.027008 -43.889278 23.040123 56.000000 
-125.942978 -43.991287 23.042147 94.000000 
-126.011887 -43.888618 23.041729 63.000000 
-125.935631 -43.984383 23.037134 88.000000 
-125.991821 -43.892384 23.047880 83.000000 
-125.924553 -43.980679 23.035624 85.000000 
-125.981728 -43.887493 23.045067 82.000000 
-126.054749 -43.778530 23.044239 52.000000 
-125.913475 -43.977016 23.034140 82.000000 
-125.975319 -43.879337 23.038883 75.000000 
-126.041847 -43.775742 23.043465 60.000000 
-125.890175 -43.984097 23.044355 80.000000 
-125.962723 -43.876701 23.038372 73.000000 
-126.024025 -43.777531 23.047115 68.000000 
-125.887657 -43.973034 23.034760 97.000000 
-125.950142 -43.874107 23.037893 68.000000 
-126.013611 -43.772587 23.044216 83.000000 
-125.933914 -43.874889 23.040859 70.000000 
-126.010498 -43.760841 23.034723 89.000000 
-126.056572 -43.672127 23.059071 52.000000 
-125.920601 -43.873806 23.041782 68.000000 
-125.994415 -43.761951 23.037577 81.000000 
-126.048790 -43.665092 23.054144 59.000000 
-125.859673 -43.958492 23.026125 45.000000 
-125.918907 -43.861332 23.031128 71.000000 
-125.971863 -43.768559 23.045815 76.000000 
-126.040504 -43.657764 23.049028 66.000000 
-125.909935 -43.855556 23.027330 45.000000 
-125.963844 -43.761478 23.040808 81.000000 
-126.023727 -43.658710 23.051447 78.000000 
-125.952202 -43.757877 23.039150 78.000000 
-126.006996 -43.659725 23.053909 74.000000 
-126.086205 -43.534805 23.050762 46.000000 
-125.946983 -43.748829 23.032143 67.000000 
-126.000351 -43.651623 23.047989 65.000000 
-126.068420 -43.537361 23.054153 59.000000 
-125.930557 -43.749928 23.034992 76.000000 
-125.990799 -43.645615 23.044041 65.000000 
-126.051392 -43.538464 23.056343 65.000000 
-125.979332 -43.642311 23.042475 70.000000 
-126.042023 -43.532616 23.052504 67.000000 
-126.122162 -43.402828 23.052122 55.000000 
-125.967384 -43.638752 23.040739 69.000000 
-126.032135 -43.526482 23.048479 63.000000 
-126.100052 -43.409004 23.058069 64.000000 
-125.949776 -43.639442 23.042995 67.000000 
-126.018883 -43.522228 23.046179 67.000000 
-126.088799 -43.402077 23.053526 79.000000 
-125.941345 -43.632374 23.038057 58.000000 
-126.008949 -43.516163 23.042200 65.000000 
-126.079712 -43.394550 23.048397 92.000000 
-125.995331 -43.515675 23.042860 77.000000 
-126.066948 -43.392727 23.047771 89.000000 
-126.133583 -43.271301 23.060753 48.000000 
-125.981895 -43.513393 23.042103 75.000000 
-126.051994 -43.391594 23.047791 85.000000 
-126.126450 -43.261021 23.053608 57.000000 
-125.970940 -43.506840 23.037807 66.000000 
-126.027946 -43.398804 23.054613 82.000000 
-126.110085 -43.259209 23.052961 66.000000 
-126.430138 -42.667576 23.101616 45.000000 
-126.017677 -43.392712 23.050621 82.000000 
-126.091347 -43.262001 23.055737 83.000000 
-126.007385 -43.386654 23.046652 79.000000 
-126.072662 -43.264870 23.058565 75.000000 
-126.166702 -43.106705 23.050814 51.000000 
-125.999344 -43.378059 23.040642 69.000000 
-126.062019 -43.258648 23.054493 71.000000 
-126.145317 -43.112244 23.055162 65.000000 
-125.985588 -43.375904 23.039806 55.000000 
-126.049080 -43.255089 23.052433 67.000000 
-126.120598 -43.121891 23.062445 84.000000 
-126.036133 -43.251568 23.050404 72.000000 
-126.111809 -43.112850 23.056366 88.000000 
-125.951385 -43.379494 23.044458 48.000000 
-126.025436 -43.245457 23.046404 68.000000 
-126.099594 -43.107864 23.053186 73.000000 
-126.168602 -42.966370 23.063730 46.000000 
-126.005768 -43.249950 23.050440 58.000000 
-126.087364 -43.102921 23.050034 70.000000 
-126.152641 -42.965385 23.063190 63.000000 
-126.074013 -43.099365 23.047873 68.000000 
-126.143356 -42.956177 23.057119 82.000000 
-126.050697 -43.108059 23.054459 73.000000 
-126.122986 -42.960827 23.060369 81.000000 
-126.040695 -43.100548 23.049467 70.000000 
-126.104874 -42.962788 23.061810 81.000000 
-126.205284 -42.782894 23.055407 48.000000 
-126.035027 -43.087608 23.040602 57.000000 
-126.091751 -42.959572 23.059763 78.000000 
-126.185593 -42.786205 23.057369 65.000000 
-126.082397 -42.950512 23.053795 78.000000 
-126.163300 -42.794178 23.062292 71.000000 
-126.068100 -42.946751 23.051394 68.000000 
-126.150101 -42.787056 23.057644 64.000000 
-126.054367 -42.943344 23.049227 59.000000 
-126.132225 -42.789486 23.059065 61.000000 
-126.215706 -42.623039 23.069351 50.000000 
-126.123878 -42.777065 23.051073 61.000000 
-126.200027 -42.620773 23.067625 69.000000 
-126.106041 -42.779606 23.052568 61.000000 
-126.188599 -42.612736 23.062466 76.000000 
-126.088242 -42.782219 23.054110 58.000000 
-126.169937 -42.617054 23.064705 66.000000 
-126.155334 -42.613483 23.062214 68.000000 
-126.247131 -42.427792 23.069620 63.000000 
-126.475525 -41.977329 23.074314 48.000000 
-126.132370 -42.621681 23.066738 68.000000 
-126.237221 -42.416607 23.062744 92.000000 
-126.448730 -41.988380 23.078537 50.000000 
-126.123001 -42.610889 23.059956 69.000000 
-126.215836 -42.421860 23.065071 78.000000 
-126.427216 -41.991848 23.079065 47.000000 
-126.106743 -42.608627 23.058239 68.000000 
-126.191811 -42.429855 23.068914 71.000000 
-126.295547 -42.220245 23.072557 51.000000 
-126.402992 -41.998127 23.080929 45.000000 
-126.178780 -42.423298 23.064648 67.000000 
-126.273735 -42.225563 23.074488 72.000000 
-126.165710 -42.416779 23.060406 67.000000 
-126.250969 -42.232494 23.077276 84.000000 
-126.152626 -42.410297 23.056192 68.000000 
-126.232323 -42.233402 23.076916 77.000000 
-126.351051 -41.990707 23.073887 45.000000 
-126.133469 -42.412895 23.057072 63.000000 
-126.217735 -42.228260 23.073381 68.000000 
-126.328743 -41.996117 23.075439 51.000000 
-126.200134 -42.227764 23.072302 68.000000 
-126.307495 -42.000061 23.076284 56.000000 
-126.187508 -42.219646 23.067219 70.000000 
-126.288284 -42.000965 23.075649 112.000000 
-126.166962 -42.223881 23.068642 66.000000 
-126.276970 -41.989445 23.068905 105.000000 
-126.255554 -41.995499 23.070881 111.000000 
-126.361053 -41.760952 23.082722 103.000000 
-126.235435 -41.998165 23.071150 108.000000 
-126.346115 -41.753910 23.078154 120.000000 
-126.219482 -41.992722 23.067375 69.000000 
-126.322701 -41.759296 23.079260 125.000000 
-126.204224 -41.987656 23.063852 75.000000 
-126.297218 -41.769905 23.082861 123.000000 
-126.426201 -41.487198 23.084703 51.000000 
-126.282310 -41.763050 23.078419 122.000000 
-126.401947 -41.494530 23.086285 54.000000 
-126.267365 -41.756233 23.074005 122.000000 
-126.382484 -41.493855 23.084440 108.000000 
-126.250137 -41.756546 23.073023 123.000000 
-126.366478 -41.490704 23.081699 123.000000 
-126.237030 -41.746613 23.067186 51.000000 
-126.346107 -41.491779 23.080639 124.000000 
-126.327888 -41.485710 23.076365 123.000000 
-126.309395 -41.483662 23.073988 123.000000 
-126.289871 -41.485283 23.073288 124.000000 
-126.271400 -41.483356 23.070997 55.000000 
-125.837524 -45.117840 23.033781 51.000000 
-125.830261 -45.110687 23.028667 61.000000 
-125.822960 -45.103550 23.023563 74.000000 
-125.804291 -45.105797 23.028845 80.000000 
-125.788177 -45.106037 23.031872 86.000000 
-125.777107 -45.102158 23.030315 80.000000 
-125.848068 -44.998672 23.029156 53.000000 
-125.771011 -45.094105 23.024147 77.000000 
-125.827942 -45.002270 23.035303 60.000000 
-125.759911 -45.090286 23.022635 83.000000 
-125.820320 -44.995090 23.030233 73.000000 
-125.751282 -45.084389 23.018822 80.000000 
-125.811424 -44.989017 23.026306 73.000000 
-125.875038 -44.889019 23.034599 47.000000 
-125.725426 -45.093399 23.031359 86.000000 
-125.801270 -44.984066 23.023529 65.000000 
-125.864601 -44.883911 23.031670 58.000000 
-125.725372 -45.080132 23.019428 90.000000 
-125.786186 -44.983536 23.025314 73.000000 
-125.860321 -44.873199 23.023264 66.000000 
-125.709396 -45.080757 23.022711 88.000000 
-125.769913 -44.984169 23.028278 73.000000 
-125.844925 -44.872673 23.024778 80.000000 
-125.757782 -44.981853 23.028061 68.000000 
-125.827576 -44.874779 23.028738 89.000000 
-125.887611 -44.773514 23.041355 45.000000 
-125.754906 -44.970421 23.018549 73.000000 
-125.815895 -44.870964 23.027018 89.000000 
-125.884193 -44.761410 23.031958 60.000000 
-125.675804 -45.071705 23.020231 58.000000 
-125.745155 -44.965942 23.016085 71.000000 
-125.802254 -44.869774 23.027737 84.000000 
-125.869034 -44.761326 23.033487 62.000000 
-125.732544 -44.963432 23.015747 60.000000 
-125.794197 -44.862610 23.022743 74.000000 
-125.848587 -44.765690 23.039160 75.000000 
-125.783707 -44.857761 23.019991 78.000000 
-125.841454 -44.757179 23.033037 76.000000 
-125.912819 -44.640671 23.037678 50.000000 
-125.769615 -44.856407 23.020607 81.000000 
-125.829475 -44.753414 23.031244 67.000000 
-125.893303 -44.644024 23.041943 59.000000 
-125.751511 -44.858280 23.024424 74.000000 
-125.821793 -44.744640 23.024954 62.000000 
-125.880531 -44.639862 23.039787 61.000000 
-125.746941 -44.847767 23.016159 56.000000 
-125.802666 -44.748081 23.029718 66.000000 
-125.871819 -44.632397 23.034718 82.000000 
-125.946571 -44.508877 23.039774 46.000000 
-125.784782 -44.750412 23.033449 64.000000 
-125.860703 -44.627403 23.031763 72.000000 
-125.935104 -44.503693 23.036646 66.000000 
-125.775192 -44.744442 23.029608 62.000000 
-125.849571 -44.622440 23.028835 70.000000 
-125.928345 -44.493530 23.029478 79.000000 
-125.708321 -44.840797 23.015038 50.000000 
-125.764397 -44.739704 23.026878 52.000000 
-125.830208 -44.626118 23.033316 68.000000 
-125.910942 -44.494694 23.031483 89.000000 
-125.764076 -44.724167 23.014330 47.000000 
-125.822586 -44.617554 23.027279 68.000000 
-125.897095 -44.492146 23.030472 92.000000 
-125.749733 -44.723083 23.014914 45.000000 
-125.812599 -44.611477 23.023373 70.000000 
-125.877434 -44.495968 23.034611 82.000000 
-125.958298 -44.359066 23.035757 51.000000 
-125.802582 -44.605431 23.019485 70.000000 
-125.864792 -44.492271 23.032654 82.000000 
-125.944092 -44.356487 23.034563 62.000000 
-125.790237 -44.601898 23.017748 46.000000 
-125.854446 -44.486073 23.028673 82.000000 
-125.919510 -44.365650 23.042316 87.000000 
-125.846367 -44.477352 23.022654 82.000000 
-125.907669 -44.360596 23.039228 79.000000 
-125.994362 -44.211769 23.038683 57.000000 
-125.758713 -44.602451 23.020767 47.000000 
-125.827972 -44.480156 23.025930 75.000000 
-125.896957 -44.354275 23.035172 77.000000 
-125.975212 -44.214531 23.041162 67.000000 
-125.807365 -44.485596 23.031324 67.000000 
-125.883949 -44.350605 23.033129 77.000000 
-125.958389 -44.214699 23.041775 73.000000 
-125.868668 -44.349602 23.033113 67.000000 
-125.951790 -44.202873 23.033787 91.000000 
-125.787735 -44.472271 23.022572 48.000000 
-125.848907 -44.353920 23.037140 70.000000 
-125.938362 -44.199112 23.031580 79.000000 
-126.001259 -44.065701 23.048361 50.000000 
-125.841530 -44.343811 23.030190 75.000000 
-125.920441 -44.200779 23.033264 76.000000 
-125.988594 -44.060486 23.045069 55.000000 
-125.834099 -44.333714 23.023249 52.000000 
-125.898109 -44.207916 23.038864 76.000000 
-125.969810 -44.063900 23.047588 63.000000 
-125.890839 -44.197880 23.032129 73.000000 
-125.953827 -44.062920 23.047153 77.000000 
-125.878548 -44.192966 23.029087 76.000000 
-125.941696 -44.056149 23.042820 81.000000 
-126.033478 -43.887253 23.043966 51.000000 
-125.864571 -44.189137 23.026846 68.000000 
-125.927917 -44.052502 23.040588 74.000000 
-126.009354 -43.896111 23.049561 57.000000 
-125.920677 -44.040565 23.032763 74.000000 
-125.996231 -43.890915 23.046234 74.000000 
-125.904694 -44.039780 23.032459 81.000000 
-125.986351 -43.881504 23.040232 71.000000 
-125.884415 -44.044640 23.035965 75.000000 
-125.969940 -43.880646 23.039665 69.000000 
-126.050484 -43.720314 23.054291 55.000000 
-125.953552 -43.879848 23.039137 64.000000 
-126.033669 -43.719383 23.053459 59.000000 
-125.933533 -43.885143 23.042484 67.000000 
-126.023888 -43.710129 23.047674 75.000000 
-125.925697 -43.873028 23.034771 73.000000 
-126.007080 -43.709301 23.046911 75.000000 
-126.101265 -43.522408 23.054384 46.000000 
-125.909798 -43.870640 23.033243 48.000000 
-125.987549 -43.711124 23.047722 76.000000 
-126.092766 -43.507771 23.045626 71.000000 
-125.972878 -43.707500 23.045298 72.000000 
-126.068092 -43.517273 23.050434 89.000000 
-125.960297 -43.700996 23.041157 75.000000 
-126.048721 -43.519428 23.051132 75.000000 
-125.945610 -43.697460 23.038794 73.000000 
-126.031471 -43.518677 23.050203 72.000000 
-126.130249 -43.316360 23.058353 50.000000 
-126.020691 -43.511173 23.045544 78.000000 
-126.113823 -43.316174 23.057566 64.000000 
-126.446274 -42.619793 23.104374 48.000000 
-126.008560 -43.503033 23.040480 75.000000 
-126.095032 -43.316872 23.057180 87.000000 
-126.424583 -42.621445 23.103441 55.000000 
-125.988251 -43.506931 23.042183 71.000000 
-126.076263 -43.317638 23.056839 81.000000 
-126.417023 -42.600929 23.093048 50.000000 
-125.975082 -43.500385 23.038025 55.000000 
-126.060547 -43.313892 23.054129 74.000000 
-126.165230 -43.094585 23.063381 58.000000 
-126.413330 -42.574039 23.079931 55.000000 
-126.043465 -43.309521 23.051027 72.000000 
-126.147469 -43.089928 23.059988 107.000000 
-126.024765 -43.310486 23.050817 75.000000 
-126.141083 -43.070473 23.049400 118.000000 
-126.003113 -43.316124 23.053083 61.000000 
-126.109863 -43.089989 23.058058 74.000000 
-126.091591 -43.089336 23.056774 72.000000 
-126.211792 -42.832809 23.059010 49.000000 
-126.071381 -43.091881 23.057079 112.000000 
-126.191833 -42.833549 23.058117 120.000000 
-126.058006 -43.083527 23.052010 105.000000 
-126.164169 -42.847076 23.063147 125.000000 
-126.047005 -43.074306 23.046614 57.000000 
-126.149681 -42.842316 23.059866 122.000000 
-126.273346 -42.568962 23.066896 45.000000 
-126.130798 -42.841682 23.058382 122.000000 
-126.247040 -42.579361 23.069895 104.000000 
-126.110435 -42.840424 23.056507 123.000000 
-126.228714 -42.572960 23.065529 120.000000 
-126.093475 -42.836723 23.053635 121.000000 
-126.211952 -42.567345 23.061659 123.000000 
-126.069954 -42.844299 23.056000 51.000000 
-126.195168 -42.561775 23.057823 124.000000 
-126.172798 -42.566017 23.058241 123.000000 
-126.149574 -42.571976 23.059420 121.000000 
-126.124809 -42.622673 23.055500 122.000000 
-126.109627 -42.618034 23.052265 52.000000 
-125.874481 -42.869503 23.029833 45.000000 
-125.638306 -46.228161 23.020418 51.000000 
-125.633606 -46.218922 23.013033 64.000000 
-125.621681 -46.216190 23.012772 74.000000 
-125.606819 -46.215271 23.014658 90.000000 
-125.590721 -46.215454 23.017744 101.000000 
-125.659889 -46.114578 23.018801 45.000000 
-125.580917 -46.210484 23.015072 94.000000 
-125.649788 -46.109440 23.015966 59.000000 
-125.571098 -46.205547 23.012419 82.000000 
-125.633423 -46.109730 23.018799 61.000000 
-125.560028 -46.201694 23.010956 88.000000 
-125.617096 -46.110088 23.021679 68.000000 
-125.547287 -46.198643 23.010498 97.000000 
-125.610275 -46.101524 23.015339 65.000000 
-125.675537 -46.000782 23.022213 58.000000 
-125.528839 -46.201225 23.016115 97.000000 
-125.601387 -46.095455 23.011475 65.000000 
-125.666367 -45.994526 23.018229 68.000000 
-125.519447 -46.196743 23.013762 88.000000 
-125.588005 -46.094086 23.012375 63.000000 
-125.651466 -45.994225 23.019979 80.000000 
-125.514488 -46.187740 23.006542 94.000000 
-125.569305 -46.096855 23.017683 68.000000 
-125.645958 -45.984657 23.012728 87.000000 
-125.696869 -45.892944 23.033991 45.000000 
-125.500977 -46.186226 23.007568 54.000000 
-125.561623 -46.089806 23.012756 73.000000 
-125.631836 -45.983006 23.013235 84.000000 
-125.691093 -45.883144 23.026758 58.000000 
-125.485077 -46.186909 23.010990 54.000000 
-125.552696 -46.083878 23.008989 73.000000 
-125.611649 -45.987083 23.019331 76.000000 
-125.681595 -45.876846 23.022755 69.000000 
-125.541779 -46.080482 23.007721 73.000000 
-125.599266 -45.984730 23.019005 81.000000 
-125.670113 -45.873219 23.021122 79.000000 
-125.531616 -46.075726 23.005144 60.000000 
-125.588837 -45.979836 23.016287 76.000000 
-125.648476 -45.878689 23.027952 81.000000 
-125.726692 -45.756844 23.027092 47.000000 
-125.508278 -46.083256 23.015261 60.000000 
-125.579597 -45.973827 23.012476 74.000000 
-125.641373 -45.870163 23.021870 74.000000 
-125.711998 -45.755257 23.027210 62.000000 
-125.499336 -46.077484 23.011599 52.000000 
-125.565552 -45.972443 23.013159 76.000000 
-125.624634 -45.871075 23.024466 70.000000 
-125.696121 -45.754932 23.028414 63.000000 
-125.550339 -45.972263 23.015001 81.000000 
-125.617485 -45.862602 23.018421 70.000000 
-125.683861 -45.751041 23.026512 77.000000 
-125.605537 -45.858887 23.016741 74.000000 
-125.672791 -45.745975 23.023584 78.000000 
-125.745667 -45.625362 23.030323 63.000000 
-125.532967 -45.959339 23.006422 54.000000 
-125.586487 -45.862343 23.021629 70.000000 
-125.661705 -45.740948 23.020681 72.000000 
-125.733055 -45.621395 23.028269 79.000000 
-125.520134 -45.956982 23.006107 54.000000 
-125.579277 -45.853958 23.015646 69.000000 
-125.648239 -45.738396 23.019917 75.000000 
-125.720436 -45.617474 23.026243 75.000000 
-125.630775 -45.739262 23.022167 78.000000 
-125.714355 -45.605759 23.017916 99.000000 
-125.617348 -45.736820 23.021477 72.000000 
-125.687645 -45.616989 23.028227 88.000000 
-125.772949 -45.476925 23.026152 51.000000 
-125.609070 -45.729805 23.016758 78.000000 
-125.673233 -45.616055 23.028555 89.000000 
-125.760475 -45.473293 23.024204 60.000000 
-125.600266 -45.722507 23.011862 72.000000 
-125.665291 -45.607281 23.022552 85.000000 
-125.740494 -45.477127 23.028028 66.000000 
-125.657295 -45.598522 23.016560 85.000000 
-125.724045 -45.477158 23.028929 83.000000 
-125.640060 -45.599941 23.018843 85.000000 
-125.707619 -45.477257 23.029871 77.000000 
-125.792610 -45.331600 23.030785 60.000000 
-125.626923 -45.596031 23.016838 85.000000 
-125.696426 -45.470592 23.025669 75.000000 
-125.777527 -45.328667 23.029301 68.000000 
-125.606346 -45.601414 23.022318 46.000000 
-125.683456 -45.466888 23.023689 71.000000 
-125.764153 -45.324783 23.027098 78.000000 
-125.668213 -45.465847 23.023743 77.000000 
-125.751907 -45.319611 23.023962 76.000000 
-125.819145 -45.182659 23.037766 46.000000 
-125.652992 -45.464863 23.023834 73.000000 
-125.740776 -45.313137 23.019886 76.000000 
-125.802010 -45.182827 23.038214 58.000000 
-125.637794 -45.463936 23.023964 81.000000 
-125.722878 -45.314747 23.021641 71.000000 
-125.793869 -45.172100 23.031258 64.000000 
-125.631546 -45.452515 23.016068 48.000000 
-125.702797 -45.319122 23.025387 79.000000 
-125.776749 -45.172371 23.031776 72.000000 
-125.617455 -45.450356 23.015245 47.000000 
-125.692772 -45.311443 23.020435 73.000000 
-125.758553 -45.174088 23.033274 69.000000 
-125.678299 -45.309196 23.019398 82.000000 
-125.745911 -45.168976 23.030134 64.000000 
-125.836151 -45.003334 23.032711 54.000000 
-125.671524 -45.297512 23.011560 64.000000 
-125.732162 -45.165287 23.027960 66.000000 
-125.814247 -45.009296 23.036598 74.000000 
-125.657021 -45.295345 23.010580 52.000000 
-125.722260 -45.157806 23.023195 69.000000 
-125.800659 -45.005802 23.034439 76.000000 
-125.633301 -45.305798 23.018654 78.000000 
-125.704140 -45.159752 23.024849 67.000000 
-125.788635 -44.999187 23.030294 63.000000 
-125.867058 -44.843796 23.047379 47.000000 
-125.622116 -45.299667 23.014811 59.000000 
-125.680084 -45.168423 23.031078 64.000000 
-125.771667 -44.997955 23.029591 66.000000 
-125.855057 -44.835213 23.042036 58.000000 
-125.671753 -45.157970 23.024313 49.000000 
-125.757469 -44.994270 23.027321 71.000000 
-125.842552 -44.828442 23.037798 75.000000 
-125.738991 -44.996330 23.028723 64.000000 
-125.832169 -44.818810 23.031845 83.000000 
-125.724808 -44.992752 23.026522 63.000000 
-125.815353 -44.817917 23.031143 73.000000 
-125.909210 -44.632862 23.039194 59.000000 
-125.796448 -44.820000 23.032234 75.000000 
-125.899284 -44.621498 23.032362 71.000000 
-125.779686 -44.819233 23.031618 76.000000 
-125.876709 -44.627949 23.035587 78.000000 
-125.767120 -44.812683 23.027529 78.000000 
-125.856300 -44.631519 23.037197 83.000000 
-125.756607 -44.803238 23.021706 69.000000 
-125.842171 -44.626236 23.033813 71.000000 
-125.941780 -44.424294 23.041748 54.000000 
-125.736755 -44.807030 23.023840 47.000000 
-125.829056 -44.619507 23.029619 70.000000 
-125.921913 -44.426369 23.042189 69.000000 
-125.721062 -44.805012 23.022488 50.000000 
-125.813858 -44.615803 23.027138 70.000000 
-125.906189 -44.422447 23.039463 84.000000 
-125.703964 -44.806320 23.023144 47.000000 
-125.797279 -44.615479 23.026590 71.000000 
-125.889107 -44.421963 23.038597 73.000000 
-125.999313 -44.197075 23.044905 45.000000 
-126.253883 -43.673065 23.059940 45.000000 
-125.778030 -44.617882 23.027573 61.000000 
-125.873383 -44.418144 23.035944 68.000000 
-125.974876 -44.205357 23.048107 65.000000 
-125.854645 -44.418961 23.035753 64.000000 
-125.961578 -44.196697 23.042919 108.000000 
-125.829933 -44.429028 23.040478 60.000000 
-125.944244 -44.194283 23.040838 119.000000 
-125.820541 -44.414333 23.032047 64.000000 
-125.925201 -44.193130 23.039352 116.000000 
-126.038231 -43.951450 23.048412 47.000000 
-125.901978 -44.200188 23.042000 111.000000 
-126.022209 -43.945736 23.044621 114.000000 
-125.885422 -44.198315 23.040264 72.000000 
-126.000076 -43.951511 23.046234 122.000000 
-125.870102 -44.193024 23.036798 105.000000 
-125.975327 -43.960186 23.049152 125.000000 
-125.858643 -44.181511 23.030245 50.000000 
-125.959351 -43.954662 23.045490 124.000000 
-126.084084 -43.681824 23.052118 53.000000 
-125.943352 -43.949188 23.041861 122.000000 
-126.057762 -43.692131 23.055212 118.000000 
-125.925438 -43.946949 23.039751 121.000000 
-126.040085 -43.688011 23.052073 121.000000 
-125.907524 -43.944771 23.037680 122.000000 
-126.024292 -43.680714 23.047569 126.000000 
-126.007530 -43.675083 23.043798 125.000000 
-125.977493 -43.733521 23.042826 125.000000 
-125.953323 -43.741001 23.044794 123.000000 
-125.936584 -43.735550 23.041153 125.000000 
-125.925323 -43.720364 23.033281 46.000000 
-125.902168 -43.726437 23.034687 58.000000 
-125.454659 -47.236706 23.006384 56.000000 
-125.439583 -47.235802 23.008097 65.000000 
-125.422409 -47.235416 23.010593 78.000000 
-125.411133 -47.231426 23.008989 79.000000 
-125.480972 -47.128201 23.012135 48.000000 
-125.400742 -47.228085 23.007795 70.000000 
-125.471550 -47.123631 23.009653 60.000000 
-125.396896 -47.217682 22.999405 64.000000 
-125.456238 -47.122906 23.011217 68.000000 
-125.378189 -47.220291 23.004717 63.000000 
-125.445900 -47.117783 23.008392 76.000000 
-125.359535 -47.222988 23.010084 61.000000 
-125.435555 -47.112694 23.005592 81.000000 
-125.494408 -47.014729 23.019798 56.000000 
-125.350731 -47.217030 23.006332 65.000000 
-125.421509 -47.111008 23.006149 78.000000 
-125.482552 -47.010685 23.017956 62.000000 
-125.341896 -47.211098 23.002600 65.000000 
-125.406258 -47.110500 23.007856 72.000000 
-125.474373 -47.003220 23.012907 66.000000 
-125.336670 -47.201889 22.995432 73.000000 
-125.389824 -47.111183 23.010721 69.000000 
-125.460045 -47.001568 23.013275 72.000000 
-125.385536 -47.100605 23.002451 72.000000 
-125.443314 -47.002296 23.015846 72.000000 
-125.378021 -47.093739 22.997730 78.000000 
-125.434357 -46.996410 23.012148 69.000000 
-125.503197 -46.884594 23.018972 56.000000 
-125.361610 -47.094566 23.000692 84.000000 
-125.424889 -46.990234 23.008272 70.000000 
-125.492226 -46.879425 23.016026 63.000000 
-125.291855 -47.187668 22.990189 45.000000 
-125.344055 -47.096607 23.004824 57.000000 
-125.413010 -46.986439 23.006596 72.000000 
-125.480026 -46.875492 23.014156 65.000000 
-125.564781 -46.744633 23.011360 46.000000 
-125.398735 -46.985031 23.007130 70.000000 
-125.467827 -46.871601 23.012316 67.000000 
-125.542595 -46.750427 23.017443 63.000000 
-125.384010 -46.983383 23.007513 69.000000 
-125.457520 -46.865017 23.008192 65.000000 
-125.530731 -46.744858 23.014198 74.000000 
-125.374504 -46.977356 23.003736 76.000000 
-125.445297 -46.861206 23.006405 65.000000 
-125.519363 -46.739651 23.011183 89.000000 
-125.428856 -46.862610 23.009089 67.000000 
-125.512032 -46.731064 23.005318 89.000000 
-125.579643 -46.611973 23.019131 45.000000 
-125.423698 -46.851574 23.000980 77.000000 
-125.488846 -46.738403 23.012619 79.000000 
-125.570259 -46.604103 23.014019 62.000000 
-125.407959 -46.851551 23.002474 70.000000 
-125.475128 -46.735828 23.011751 72.000000 
-125.556152 -46.601383 23.012896 68.000000 
-125.322792 -46.968185 23.002272 48.000000 
-125.399223 -46.844227 22.997597 57.000000 
-125.459084 -46.735817 23.012981 69.000000 
-125.537376 -46.603844 23.015783 87.000000 
-125.451195 -46.727058 23.007017 79.000000 
-125.516335 -46.608955 23.020718 83.000000 
-125.609558 -46.456383 23.015417 57.000000 
-125.439789 -46.722099 23.004171 75.000000 
-125.503456 -46.605129 23.018719 89.000000 
-125.593910 -46.454975 23.015097 73.000000 
-125.421486 -46.724773 23.007582 69.000000 
-125.492882 -46.598759 23.014746 81.000000 
-125.571373 -46.461555 23.020597 84.000000 
-125.484566 -46.589828 23.008791 86.000000 
-125.558098 -46.457638 23.018438 91.000000 
-125.467087 -46.591312 23.010889 73.000000 
-125.547089 -46.451111 23.014376 85.000000 
-125.618607 -46.310822 23.024673 55.000000 
-125.451920 -46.590263 23.011021 77.000000 
-125.538330 -46.441952 23.008394 82.000000 
-125.603218 -46.307861 23.023094 60.000000 
-125.516548 -46.447174 23.012917 73.000000 
-125.588409 -46.305294 23.021761 72.000000 
-125.495392 -46.452805 23.017700 79.000000 
-125.571930 -46.305836 23.022537 66.000000 
-125.666359 -46.138638 23.023081 52.000000 
-125.489395 -46.441410 23.010052 67.000000 
-125.556030 -46.304745 23.022215 66.000000 
-125.654449 -46.131802 23.018837 60.000000 
-125.399239 -46.577415 23.004816 54.000000 
-125.473885 -46.440460 23.010038 65.000000 
-125.543488 -46.299599 23.019112 69.000000 
-125.634727 -46.134781 23.020927 74.000000 
-125.468346 -46.427437 23.001242 53.000000 
-125.534233 -46.290363 23.013206 69.000000 
-125.613960 -46.139244 23.023975 73.000000 
-125.522736 -46.283905 23.009207 69.000000 
-125.599846 -46.135365 23.021645 69.000000 
-125.686218 -45.972321 23.032967 52.000000 
-125.501381 -46.289917 23.013748 66.000000 
-125.585732 -46.131535 23.019346 64.000000 
-125.666191 -45.975452 23.034777 65.000000 
-125.573784 -46.124931 23.015261 67.000000 
-125.651649 -45.971489 23.032290 72.000000 
-125.555328 -46.126842 23.016668 69.000000 
-125.641434 -45.961815 23.026346 76.000000 
-125.730980 -45.786892 23.038969 50.000000 
-125.458206 -46.282059 23.009628 50.000000 
-125.534760 -46.131664 23.019953 71.000000 
-125.626862 -45.957935 23.023918 76.000000 
-125.718079 -45.779869 23.034634 71.000000 
-125.612289 -45.954105 23.021521 73.000000 
-125.709419 -45.767006 23.026978 75.000000 
-125.589203 -45.961906 23.026182 72.000000 
-125.695374 -45.761520 23.023525 99.000000 
-125.570435 -45.964001 23.027388 78.000000 
-125.667580 -45.775257 23.031025 72.000000 
-125.772728 -45.570297 23.036001 50.000000 
-125.558884 -45.953876 23.021181 52.000000 
-125.647034 -45.776611 23.031448 72.000000 
-125.757843 -45.562447 23.031168 64.000000 
-125.546432 -45.947353 23.017166 48.000000 
-125.633041 -45.771313 23.028122 71.000000 
-125.733856 -45.570404 23.034842 77.000000 
-125.527916 -45.951733 23.019773 47.000000 
-125.622414 -45.763763 23.023548 75.000000 
-125.711304 -45.579159 23.039009 81.000000 
-125.606316 -45.761517 23.021969 78.000000 
-125.696770 -45.573704 23.035540 75.000000 
-125.816185 -45.339474 23.035456 52.000000 
-125.679146 -45.572838 23.034531 66.000000 
-125.787651 -45.353722 23.041759 68.000000 
-125.572105 -45.760181 23.020630 46.000000 
-125.665619 -45.565968 23.030317 68.000000 
-125.769432 -45.352699 23.040438 112.000000 
-125.647667 -45.567078 23.030405 70.000000 
-125.754272 -45.347111 23.036840 105.000000 
-125.632103 -45.563343 23.027884 48.000000 
-125.739090 -45.341568 23.033278 72.000000 
-125.845276 -45.115349 23.048018 58.000000 
-125.719894 -45.342270 23.032850 114.000000 
-125.832451 -45.104862 23.042053 120.000000 
-125.700729 -45.343040 23.032469 115.000000 
-125.817581 -45.097549 23.037586 125.000000 
-125.681595 -45.343880 23.032135 111.000000 
-125.792839 -45.106041 23.040533 121.000000 
-125.668381 -45.335442 23.027157 45.000000 
-125.770142 -45.111477 23.042065 120.000000 
-125.902008 -44.834145 23.044950 59.000000 
-125.756271 -45.102764 23.036978 121.000000 
-125.881523 -44.834648 23.043875 118.000000 
-125.638931 -45.323368 23.019634 45.000000 
-125.740417 -45.097256 23.033403 122.000000 
-125.856232 -44.843250 23.046358 124.000000 
-125.724556 -45.091797 23.029863 121.000000 
-125.840622 -44.835873 23.041872 126.000000 
-125.824982 -44.828537 23.037415 127.000000 
-125.799080 -44.880745 23.033594 124.000000 
-125.776810 -44.884811 23.034164 124.000000 
-125.759262 -44.880867 23.031239 123.000000 
-125.724167 -44.873146 23.025499 58.000000 
-125.452103 -47.265656 23.015390 51.000000 
-125.443626 -47.254635 23.008492 60.000000 
-125.421204 -47.262074 23.013580 80.000000 
-125.403809 -47.262287 23.013988 66.000000 
-125.394165 -47.252777 23.008076 63.000000 
-125.482414 -47.088795 23.018087 55.000000 
-125.375702 -47.254505 23.009468 67.000000 
-125.464584 -47.088993 23.018217 67.000000 
-125.370361 -47.239437 22.999952 73.000000 
-125.448975 -47.086399 23.016645 65.000000 
-125.351913 -47.241276 23.001419 67.000000 
-125.436623 -47.079556 23.012484 63.000000 
-125.532425 -46.897839 23.020472 46.000000 
-125.335068 -47.240032 23.000898 55.000000 
-125.419312 -47.078156 23.011652 65.000000 
-125.519966 -46.888943 23.015116 71.000000 
-125.405853 -47.072838 23.008429 67.000000 
-125.505974 -46.883362 23.011677 78.000000 
-125.386589 -47.076557 23.010727 72.000000 
-125.491539 -46.879639 23.009323 72.000000 
-125.376328 -47.067005 23.004923 78.000000 
-125.471153 -46.882969 23.011007 70.000000 
-125.573677 -46.684753 23.019190 50.000000 
-125.356506 -47.070518 23.007103 45.000000 
-125.449760 -46.887852 23.013590 70.000000 
-125.558067 -46.680550 23.016439 72.000000 
-125.352493 -47.052319 22.996027 51.000000 
-125.438934 -46.878056 23.007755 70.000000 
-125.539299 -46.680893 23.016148 84.000000 
-125.424919 -46.872723 23.004488 72.000000 
-125.512230 -46.693333 23.022371 74.000000 
-125.410896 -46.867432 23.001249 70.000000 
-125.498756 -46.686310 23.018131 70.000000 
-125.615456 -46.456860 23.019751 62.000000 
-125.482162 -46.683853 23.016357 66.000000 
-125.589981 -46.466393 23.023829 106.000000 
-125.468651 -46.676918 23.012178 68.000000 
-125.570740 -46.466820 23.023331 118.000000 
-125.447983 -46.680630 23.013741 64.000000 
-125.559662 -46.455013 23.016676 115.000000 
-125.673615 -46.220139 23.027000 49.000000 
-125.541451 -46.454021 23.015480 116.000000 
-125.656769 -46.215778 23.023973 114.000000 
-125.524254 -46.451546 23.013548 111.000000 
-125.636909 -46.216167 23.023195 124.000000 
-125.500084 -46.459957 23.017124 114.000000 
-125.621063 -46.210358 23.019506 125.000000 
-125.484932 -46.454521 23.013718 72.000000 
-125.602226 -46.209309 23.018076 122.000000 
-125.717354 -45.962925 23.034632 62.000000 
-125.465820 -46.455338 23.013481 45.000000 
-125.575539 -46.220921 23.022636 122.000000 
-125.704742 -45.950527 23.027969 120.000000 
-125.556786 -46.220024 23.021307 123.000000 
-125.682304 -45.954140 23.028362 124.000000 
-125.540970 -46.214455 23.017782 123.000000 
-125.657005 -45.962635 23.030926 124.000000 
-125.513741 -46.267921 23.015320 59.000000 
-125.631096 -46.012665 23.026726 124.000000 
-125.614548 -46.006878 23.023031 123.000000 
-125.477280 -46.264965 23.012203 45.000000 
-125.595131 -46.005966 23.021500 123.000000 
-125.575729 -46.005119 23.020014 123.000000 
-125.552582 -46.010803 23.021427 61.000000 
-125.536980 -46.003632 23.017176 55.000000 
-125.523361 -47.044464 23.016594 47.000000 
-125.504761 -47.041519 23.014162 118.000000 
-125.494995 -47.024281 23.005445 121.000000 
-125.469345 -47.034599 23.008944 124.000000 
-125.432152 -47.101891 23.012819 122.000000 
-125.415733 -47.094025 23.008224 123.000000 
-125.401978 -47.083366 23.002460 125.000000 
-125.385155 -47.079548 22.999783 126.000000 
-125.367538 -47.075413 22.996927 107.000000 
-125.345222 -47.079411 22.997683 48.000000 
-125.322968 -47.083492 22.998491 68.000000 
