ply
format ascii 1.0
comment Created by CloudCompare v2.14.alpha (Sep  7 2025)
comment Created 2025-11-10T17:20:31
obj_info Generated by CloudCompare!
element vertex 8501
property float x
property float y
property float z
property float intensity
end_header
175.446335 -117.226509 23.190235 51.000000 
175.437073 -117.218781 23.189222 73.000000 
175.429047 -117.204857 23.193192 74.000000 
175.418472 -117.201477 23.188351 74.000000 
175.408066 -117.199821 23.182453 71.000000 
175.356552 -117.298210 23.189447 71.000000 
175.398132 -117.198364 23.176737 68.000000 
175.348358 -117.287338 23.190975 72.000000 
175.391586 -117.178268 23.185822 80.000000 
175.339722 -117.276207 23.192364 60.000000 
175.385162 -117.158188 23.194967 54.000000 
175.329025 -117.274361 23.186501 58.000000 
175.321198 -117.260101 23.190384 58.000000 
175.264450 -117.372337 23.189941 54.000000 
175.312836 -117.250725 23.190821 51.000000 
175.254303 -117.368996 23.185436 64.000000 
175.304031 -117.241081 23.191122 61.000000 
175.246002 -117.355995 23.187889 76.000000 
175.238464 -117.338043 23.193777 72.000000 
175.229111 -117.329704 23.192747 71.000000 
175.168991 -117.441299 23.195780 50.000000 
175.218140 -117.327545 23.186977 61.000000 
175.159836 -117.431152 23.195763 63.000000 
175.207169 -117.325340 23.181221 62.000000 
175.148529 -117.428833 23.189981 68.000000 
175.138092 -117.423340 23.186537 68.000000 
175.128586 -117.414680 23.185440 69.000000 
175.119568 -117.404442 23.185537 74.000000 
175.052826 -117.526558 23.184519 67.000000 
175.112442 -117.387962 23.190334 66.000000 
175.045517 -117.509743 23.188953 67.000000 
175.035385 -117.504242 23.185678 67.000000 
175.030212 -117.481148 23.194735 72.000000 
174.956161 -117.619095 23.187042 64.000000 
175.020142 -117.473755 23.192488 65.000000 
174.947281 -117.606697 23.187931 74.000000 
175.010605 -117.464767 23.191404 77.000000 
174.939011 -117.592712 23.189959 74.000000 
174.929718 -117.581879 23.189821 75.000000 
174.917770 -117.578903 23.184187 75.000000 
174.906357 -117.574310 23.179678 79.000000 
174.902161 -117.549278 23.189611 69.000000 
176.353760 -116.523102 23.215450 69.000000 
176.342178 -116.531120 23.202253 73.000000 
176.330917 -116.534203 23.192577 77.000000 
176.324127 -116.514099 23.201485 74.000000 
176.314377 -116.509407 23.198044 71.000000 
176.259827 -116.623260 23.192686 65.000000 
176.305283 -116.501617 23.197105 74.000000 
176.251785 -116.609024 23.196404 78.000000 
176.296844 -116.490730 23.198689 74.000000 
176.244843 -116.590126 23.203802 63.000000 
176.286041 -116.488777 23.192654 54.000000 
176.235779 -116.578766 23.205015 61.000000 
176.225159 -116.576920 23.199146 58.000000 
176.171188 -116.678139 23.206856 56.000000 
176.215012 -116.575279 23.193459 60.000000 
176.162262 -116.670143 23.205879 64.000000 
176.206558 -116.564095 23.194931 63.000000 
176.150925 -116.669685 23.198828 60.000000 
176.141129 -116.662933 23.196535 66.000000 
176.131760 -116.654594 23.195456 64.000000 
176.124863 -116.636902 23.201551 66.000000 
176.062073 -116.757698 23.197309 59.000000 
176.114761 -116.631638 23.198154 70.000000 
176.053360 -116.745964 23.198429 65.000000 
176.047455 -116.726646 23.205559 68.000000 
176.036209 -116.724304 23.199789 61.000000 
176.025360 -116.718506 23.196188 61.000000 
175.959320 -116.838997 23.196095 67.000000 
176.017319 -116.705154 23.198610 77.000000 
175.953461 -116.817467 23.203878 76.000000 
175.943344 -116.810143 23.201532 63.000000 
175.933243 -116.802788 23.199213 72.000000 
175.863434 -116.928070 23.200272 52.000000 
175.926178 -116.785988 23.203737 61.000000 
175.854065 -116.917290 23.200026 72.000000 
175.918182 -116.772331 23.206032 72.000000 
175.843170 -116.911247 23.196508 74.000000 
175.832306 -116.905174 23.193016 79.000000 
175.826828 -116.883286 23.200598 79.000000 
175.816025 -116.877167 23.197168 82.000000 
175.744934 -116.993446 23.207750 50.000000 
175.806900 -116.866295 23.197090 75.000000 
175.730392 -116.996635 23.197811 57.000000 
175.722168 -116.982315 23.199688 59.000000 
175.711685 -116.974312 23.197304 72.000000 
175.699997 -116.971336 23.191885 70.000000 
175.624008 -117.091873 23.204077 60.000000 
175.694305 -116.950668 23.198183 65.000000 
175.610153 -117.091545 23.196394 67.000000 
175.599945 -117.083549 23.194113 73.000000 
175.592346 -117.067261 23.196911 62.000000 
175.498917 -117.209793 23.195799 61.000000 
175.583633 -117.052223 23.198536 66.000000 
175.493118 -117.188370 23.201336 66.000000 
175.573639 -117.042244 23.197229 66.000000 
175.488098 -117.165375 23.207939 63.000000 
175.477859 -117.155121 23.206495 66.000000 
175.464264 -117.152771 23.200010 67.000000 
175.372040 -117.295868 23.207378 52.000000 
175.454056 -117.142448 23.198624 72.000000 
175.363480 -117.282440 23.207932 50.000000 
175.347412 -117.282593 23.199352 52.000000 
175.336075 -117.275475 23.196041 62.000000 
175.324280 -117.265984 23.193390 65.000000 
175.320236 -117.242973 23.199978 64.000000 
175.208359 -117.418449 23.193151 67.000000 
175.205826 -117.389847 23.201931 60.000000 
175.199661 -117.369240 23.206038 63.000000 
175.189011 -117.358162 23.204494 59.000000 
175.073151 -117.532967 23.204666 57.000000 
175.173782 -117.356544 23.197271 56.000000 
175.062881 -117.519913 23.203852 71.000000 
175.047089 -117.517967 23.196676 78.000000 
175.036880 -117.504852 23.195925 81.000000 
175.026550 -117.493713 23.194468 81.000000 
175.015625 -117.482132 23.192871 64.000000 
174.871231 -117.598686 23.206696 75.000000 
177.249557 -115.843575 23.197163 51.000000 
177.239212 -115.842026 23.191183 73.000000 
177.228561 -115.841965 23.183969 68.000000 
177.218201 -115.840324 23.178011 71.000000 
177.210281 -115.826370 23.182041 68.000000 
177.156403 -115.935440 23.179874 62.000000 
177.202438 -115.812431 23.186117 71.000000 
177.147369 -115.925858 23.179993 72.000000 
177.192612 -115.810936 23.180393 71.000000 
177.140610 -115.908768 23.186405 58.000000 
177.182922 -115.806114 23.177017 71.000000 
177.131363 -115.900711 23.185377 56.000000 
177.122849 -115.889549 23.186819 58.000000 
177.113678 -115.881462 23.185850 56.000000 
177.057709 -115.988625 23.188145 58.000000 
177.102325 -115.882568 23.177553 56.000000 
177.047531 -115.983429 23.184649 58.000000 
177.038162 -115.975090 23.183559 66.000000 
177.027206 -115.972931 23.177719 64.000000 
177.019104 -115.959892 23.180273 60.000000 
176.959335 -116.068085 23.184992 59.000000 
177.011887 -115.943748 23.185266 55.000000 
176.947617 -116.067307 23.177996 69.000000 
176.939865 -116.052399 23.181507 61.000000 
176.931290 -116.040619 23.182726 63.000000 
176.921860 -116.031937 23.181643 68.000000 
176.853622 -116.158569 23.176453 62.000000 
176.912582 -116.026901 23.178581 68.000000 
176.848358 -116.139198 23.183516 67.000000 
176.839691 -116.127121 23.184589 61.000000 
176.828583 -116.121002 23.180964 63.000000 
176.818024 -116.115135 23.177534 63.000000 
176.748535 -116.236954 23.180225 69.000000 
176.812012 -116.093346 23.185404 61.000000 
176.737106 -116.230560 23.176533 69.000000 
176.802048 -116.085884 23.183186 72.000000 
176.725143 -116.227577 23.170820 79.000000 
176.720764 -116.206299 23.178810 67.000000 
176.714310 -116.187576 23.184286 67.000000 
176.702469 -116.184525 23.178658 82.000000 
176.625046 -116.316338 23.177816 51.000000 
176.615662 -116.305153 23.177565 55.000000 
176.608093 -116.289215 23.180593 59.000000 
176.524857 -116.428925 23.179743 68.000000 
176.597046 -116.282722 23.177164 61.000000 
176.518326 -116.409477 23.184565 63.000000 
176.589554 -116.268677 23.179358 52.000000 
176.506271 -116.406242 23.179131 65.000000 
176.496765 -116.394707 23.178787 62.000000 
176.483017 -116.390366 23.172874 59.000000 
176.396210 -116.517174 23.181669 65.000000 
176.475510 -116.374054 23.175760 62.000000 
176.387161 -116.503723 23.182199 69.000000 
176.468079 -116.357742 23.178690 64.000000 
176.380844 -116.483902 23.186844 59.000000 
176.374451 -116.467987 23.189844 64.000000 
176.362228 -116.462425 23.185390 51.000000 
176.269638 -116.607285 23.191208 51.000000 
176.352280 -116.448204 23.185738 55.000000 
176.257202 -116.597504 23.188314 55.000000 
176.247421 -116.585258 23.187778 60.000000 
176.236740 -116.578499 23.184658 59.000000 
176.223419 -116.574112 23.179237 59.000000 
176.127914 -116.714676 23.192934 64.000000 
176.213882 -116.559830 23.179615 60.000000 
176.112808 -116.711205 23.186375 60.000000 
176.100571 -116.703308 23.182871 60.000000 
176.093521 -116.686264 23.185303 59.000000 
176.089020 -116.662506 23.191439 60.000000 
175.971313 -116.840187 23.188759 55.000000 
175.950317 -116.845352 23.176592 82.000000 
175.943268 -116.825874 23.179522 75.000000 
175.937134 -116.804825 23.183422 70.000000 
175.921387 -116.802734 23.176287 78.000000 
175.814377 -116.951317 23.197666 57.000000 
175.791061 -116.965668 23.182095 69.000000 
175.783966 -116.945763 23.184786 64.000000 
175.771057 -116.936920 23.181307 70.000000 
175.759872 -116.924881 23.179638 77.000000 
175.621613 -117.121086 23.181543 68.000000 
175.602936 -117.121269 23.172876 108.000000 
175.601868 -117.089783 23.181271 114.000000 
175.595642 -117.067810 23.184616 64.000000 
175.585953 -117.052139 23.184591 104.000000 
175.420181 -117.250786 23.183884 118.000000 
175.405472 -117.242477 23.179543 123.000000 
175.400772 -117.218910 23.183590 122.000000 
175.382401 -117.216805 23.176041 127.000000 
175.227386 -117.423271 23.190012 118.000000 
175.202820 -117.428047 23.178471 120.000000 
175.188522 -117.417534 23.174927 123.000000 
175.185898 -117.388199 23.180807 122.000000 
175.176590 -117.369835 23.181267 122.000000 
178.112427 -115.174767 23.196512 63.000000 
178.100464 -115.180809 23.184349 79.000000 
178.090942 -115.174484 23.182100 77.000000 
178.082062 -115.165054 23.182360 61.000000 
178.074539 -115.149490 23.187630 60.000000 
178.015488 -115.276970 23.171532 52.000000 
178.064789 -115.144630 23.184221 60.000000 
178.009247 -115.254860 23.181332 64.000000 
178.055725 -115.136681 23.183329 60.000000 
178.002060 -115.237427 23.187551 64.000000 
178.046158 -115.133530 23.178881 50.000000 
177.995117 -115.221802 23.192780 56.000000 
177.982574 -115.227509 23.180820 51.000000 
177.917007 -115.323311 23.185459 67.000000 
177.964157 -115.211067 23.178885 50.000000 
177.907562 -115.314880 23.184338 70.000000 
177.896423 -115.310822 23.179502 62.000000 
177.888702 -115.296135 23.183205 62.000000 
177.880737 -115.284821 23.184732 58.000000 
177.816391 -115.405304 23.180876 59.000000 
177.871887 -115.274765 23.184929 54.000000 
177.806351 -115.398132 23.178530 61.000000 
177.799561 -115.379997 23.184351 66.000000 
177.789154 -115.374344 23.180904 68.000000 
177.780106 -115.362152 23.181976 66.000000 
177.715027 -115.474388 23.187866 76.000000 
177.768799 -115.359543 23.176245 61.000000 
177.703354 -115.471634 23.182104 67.000000 
177.693710 -115.464432 23.179935 72.000000 
177.682541 -115.460037 23.175343 57.000000 
177.614731 -115.573975 23.184769 66.000000 
177.674988 -115.444664 23.178741 51.000000 
177.603760 -115.567795 23.181234 79.000000 
177.669617 -115.423073 23.186750 63.000000 
177.592270 -115.563148 23.176619 69.000000 
177.581863 -115.555313 23.174234 72.000000 
177.577072 -115.531761 23.182959 60.000000 
177.497833 -115.666916 23.181299 52.000000 
177.568466 -115.519203 23.183977 63.000000 
177.488937 -115.654060 23.182051 63.000000 
177.555389 -115.519142 23.176138 62.000000 
177.479523 -115.642776 23.181763 65.000000 
177.471298 -115.630226 23.182760 63.000000 
177.460175 -115.623627 23.179308 59.000000 
177.377991 -115.756645 23.183762 93.000000 
177.450272 -115.613853 23.178040 61.000000 
177.368393 -115.745026 23.183348 68.000000 
177.358215 -115.734970 23.181925 78.000000 
177.346146 -115.729630 23.177395 62.000000 
177.337952 -115.714790 23.179173 66.000000 
177.242584 -115.858604 23.177769 59.000000 
177.329193 -115.701515 23.179945 59.000000 
177.237564 -115.835480 23.184351 65.000000 
177.230637 -115.817139 23.187950 59.000000 
177.218979 -115.809860 23.184488 59.000000 
177.208725 -115.799393 23.183086 64.000000 
177.108994 -115.954605 23.183186 57.000000 
177.098984 -115.944183 23.181787 55.000000 
177.084167 -115.940880 23.175159 51.000000 
177.074219 -115.930389 23.173817 51.000000 
177.066788 -115.911224 23.177088 55.000000 
176.959763 -116.073990 23.179073 56.000000 
176.945068 -116.070679 23.172680 59.000000 
176.937286 -116.053062 23.174856 60.000000 
176.934265 -116.025978 23.182783 58.000000 
176.921997 -116.017845 23.179344 63.000000 
176.795822 -116.207764 23.171335 68.000000 
176.788696 -116.188126 23.174175 71.000000 
176.775146 -116.181137 23.169733 71.000000 
176.762421 -116.172523 23.166237 68.000000 
176.752213 -116.159149 23.165527 75.000000 
176.631851 -116.327507 23.177275 50.000000 
176.599426 -116.287758 23.173759 51.000000 
176.443970 -116.479385 23.171993 106.000000 
176.433975 -116.463516 23.171803 102.000000 
176.433914 -116.430328 23.180977 61.000000 
176.422302 -116.417618 23.179188 56.000000 
176.254440 -116.617790 23.180265 121.000000 
176.243286 -116.602982 23.179129 121.000000 
176.229370 -116.592857 23.175596 121.000000 
176.218323 -116.578003 23.174536 124.000000 
176.030121 -116.799568 23.173977 118.000000 
176.015640 -116.788826 23.170385 120.000000 
176.009018 -116.765541 23.173037 124.000000 
176.000549 -116.745392 23.174189 125.000000 
178.999588 -114.498047 23.196848 63.000000 
178.988922 -114.494568 23.191963 85.000000 
178.980042 -114.485153 23.192236 83.000000 
178.972015 -114.474434 23.193953 80.000000 
178.963547 -114.463455 23.195536 68.000000 
178.904633 -114.589287 23.180616 69.000000 
178.953461 -114.460106 23.190912 63.000000 
178.899536 -114.562546 23.194111 64.000000 
178.944061 -114.453667 23.188807 60.000000 
178.892044 -114.546661 23.199169 56.000000 
178.934326 -114.448723 23.185471 60.000000 
178.880951 -114.546211 23.192095 51.000000 
178.872086 -114.536476 23.192348 56.000000 
178.860977 -114.535942 23.185301 50.000000 
178.804443 -114.639915 23.190981 67.000000 
178.853729 -114.520020 23.190504 60.000000 
178.794601 -114.633018 23.188707 58.000000 
178.786026 -114.621445 23.190033 62.000000 
178.776657 -114.612946 23.189007 60.000000 
178.768188 -114.601349 23.190403 58.000000 
178.704971 -114.717079 23.190084 56.000000 
178.758469 -114.594360 23.188240 55.000000 
178.694031 -114.713013 23.185455 60.000000 
178.687729 -114.693314 23.192486 65.000000 
178.677322 -114.687645 23.189077 61.000000 
178.666489 -114.685326 23.183523 63.000000 
178.603134 -114.791313 23.194168 69.000000 
178.657043 -114.676476 23.182493 69.000000 
178.590424 -114.791672 23.186169 65.000000 
178.580750 -114.782585 23.184992 63.000000 
178.571106 -114.773468 23.183847 53.000000 
178.502090 -114.890495 23.191082 66.000000 
178.561493 -114.764328 23.182732 53.000000 
178.491104 -114.884285 23.187582 74.000000 
178.555099 -114.745834 23.188496 61.000000 
178.479599 -114.879608 23.183001 74.000000 
178.471970 -114.863907 23.186190 67.000000 
178.463303 -114.851334 23.187206 56.000000 
178.386139 -114.980118 23.189993 52.000000 
178.452438 -114.845009 23.183815 60.000000 
178.376083 -114.970406 23.188639 60.000000 
178.369049 -114.952797 23.192696 55.000000 
178.357285 -114.947777 23.188179 58.000000 
178.347366 -114.938011 23.186922 58.000000 
178.264343 -115.072517 23.190386 71.000000 
178.337463 -114.928215 23.185696 55.000000 
178.256027 -115.057709 23.192101 67.000000 
178.243286 -115.053955 23.186541 62.000000 
178.232407 -115.047348 23.183266 59.000000 
178.224884 -115.030914 23.186132 57.000000 
178.130615 -115.171455 23.186867 73.000000 
178.217453 -115.014481 23.189047 61.000000 
178.123611 -115.153091 23.190460 66.000000 
178.115311 -115.137894 23.192072 57.000000 
178.103638 -115.130577 23.188644 51.000000 
178.000305 -115.295975 23.183487 56.000000 
178.096161 -115.113777 23.191351 50.000000 
177.994766 -115.272057 23.189566 62.000000 
177.984863 -115.259636 23.189013 57.000000 
177.972229 -115.251549 23.185375 55.000000 
177.957993 -115.248543 23.178986 51.000000 
177.951782 -115.230133 23.182644 53.000000 
177.846756 -115.388054 23.187670 58.000000 
177.833572 -115.381546 23.183218 61.000000 
177.822739 -115.370239 23.181643 60.000000 
177.816620 -115.349464 23.185810 56.000000 
177.807480 -115.334984 23.186218 50.000000 
177.683380 -115.520012 23.181124 71.000000 
177.679535 -115.494041 23.187672 66.000000 
177.665192 -115.488625 23.182369 66.000000 
177.655792 -115.473701 23.182596 67.000000 
177.521820 -115.634804 23.189966 53.000000 
177.508713 -115.625778 23.186462 60.000000 
177.494110 -115.617836 23.181932 52.000000 
177.487976 -115.596153 23.185560 54.000000 
177.344971 -115.798645 23.186550 107.000000 
177.329391 -115.794327 23.180641 108.000000 
177.321198 -115.775284 23.182190 111.000000 
177.318512 -115.746826 23.188871 108.000000 
177.310516 -115.727814 23.190527 64.000000 
177.137756 -115.935631 23.187674 117.000000 
177.125656 -115.922356 23.185772 117.000000 
177.109833 -115.915321 23.180662 117.000000 
177.096863 -115.903542 23.178020 115.000000 
176.919800 -116.140381 23.179266 123.000000 
176.908142 -116.124908 23.177999 119.000000 
176.893631 -116.114105 23.174454 121.000000 
176.886017 -116.092339 23.176371 120.000000 
176.879486 -116.069031 23.179117 123.000000 
179.888107 -113.814079 23.196259 60.000000 
179.878418 -113.811043 23.191748 68.000000 
179.867584 -113.810791 23.184591 77.000000 
179.859222 -113.796478 23.188484 68.000000 
179.852448 -113.777840 23.196337 61.000000 
179.792389 -113.906586 23.178946 65.000000 
179.842850 -113.774696 23.191914 58.000000 
179.787888 -113.880104 23.192671 61.000000 
179.832748 -113.771263 23.187336 55.000000 
179.778214 -113.873451 23.190464 51.000000 
179.822159 -113.767548 23.182611 58.000000 
179.768433 -113.864983 23.189331 51.000000 
179.701813 -113.963875 23.191824 54.000000 
179.691620 -113.960342 23.187351 60.000000 
179.683426 -113.947197 23.189873 70.000000 
179.671906 -113.946426 23.182886 62.000000 
179.664673 -113.930161 23.187862 54.000000 
179.602219 -114.042908 23.190174 56.000000 
179.656662 -113.916985 23.190491 56.000000 
179.591705 -114.037270 23.186714 52.000000 
179.646942 -113.909958 23.188362 54.000000 
179.582581 -114.026917 23.186768 61.000000 
179.637711 -113.901375 23.187462 50.000000 
179.573059 -114.018097 23.185686 59.000000 
179.563553 -114.009262 23.184637 61.000000 
179.555099 -113.999138 23.184952 58.000000 
179.486923 -114.119110 23.185404 69.000000 
179.544205 -113.994896 23.180447 63.000000 
179.477203 -114.109993 23.184233 65.000000 
179.536758 -113.977982 23.185181 54.000000 
179.465942 -114.103683 23.180645 53.000000 
179.456284 -114.094521 23.179531 65.000000 
179.387360 -114.209892 23.188053 82.000000 
179.449310 -114.079414 23.183180 59.000000 
179.376907 -114.203941 23.184759 84.000000 
179.441895 -114.064011 23.186705 61.000000 
179.364807 -114.200783 23.179100 79.000000 
179.356079 -114.188171 23.180109 65.000000 
179.350830 -114.166176 23.187819 62.000000 
179.342255 -114.153572 23.188911 65.000000 
179.260834 -114.291351 23.185036 60.000000 
179.329102 -114.153404 23.181133 67.000000 
179.252609 -114.276855 23.186975 65.000000 
179.243866 -114.263916 23.187881 63.000000 
179.232086 -114.258812 23.183420 58.000000 
179.221497 -114.252434 23.180229 56.000000 
179.140854 -114.378693 23.189011 66.000000 
179.212250 -114.240997 23.180145 61.000000 
179.129364 -114.371727 23.185572 66.000000 
179.116592 -114.367859 23.180061 64.000000 
179.107773 -114.354530 23.180870 59.000000 
179.012253 -114.496521 23.180887 57.000000 
179.101669 -114.334930 23.185923 61.000000 
179.003860 -114.481262 23.182486 65.000000 
179.088303 -114.332527 23.179440 54.000000 
178.997650 -114.461281 23.187176 55.000000 
178.987320 -114.450752 23.185814 58.000000 
178.976334 -114.441765 23.183464 66.000000 
178.877182 -114.593582 23.186008 68.000000 
178.964676 -114.434311 23.180124 59.000000 
178.867157 -114.583076 23.184683 74.000000 
178.848572 -114.587540 23.173208 57.000000 
178.841537 -114.570656 23.175871 51.000000 
178.832642 -114.554565 23.177256 52.000000 
178.710678 -114.712067 23.174410 58.000000 
178.704483 -114.691231 23.178566 60.000000 
178.698395 -114.670410 23.182775 60.000000 
178.561981 -114.879379 23.164566 52.000000 
178.689255 -114.655891 23.183222 57.000000 
178.562881 -114.843826 23.176573 68.000000 
178.555786 -114.824127 23.179501 66.000000 
178.543839 -114.813889 23.176977 63.000000 
178.529434 -114.808327 23.171728 61.000000 
178.410202 -114.975578 23.185223 50.000000 
178.516708 -114.799576 23.168344 61.000000 
178.397873 -114.964928 23.182594 59.000000 
178.388153 -114.949516 23.182646 55.000000 
178.374374 -114.939919 23.179035 54.000000 
178.366516 -114.921326 23.180935 52.000000 
178.204681 -115.121826 23.174612 105.000000 
178.198288 -115.099579 23.177893 69.000000 
178.190170 -115.080482 23.179531 72.000000 
178.178513 -115.067642 23.177822 72.000000 
178.010300 -115.265694 23.180700 120.000000 
178.001938 -115.246071 23.182079 119.000000 
177.988922 -115.234261 23.179447 113.000000 
177.969254 -115.233315 23.171156 111.000000 
177.781555 -115.451118 23.173346 121.000000 
177.767975 -115.438660 23.170614 121.000000 
177.758850 -115.422592 23.170593 120.000000 
177.756287 -115.393013 23.176483 120.000000 
180.775940 -113.126511 23.207792 51.000000 
180.765472 -113.124771 23.201881 68.000000 
180.756302 -113.116852 23.200947 74.000000 
180.747849 -113.105858 23.202528 63.000000 
180.739792 -113.093315 23.205389 68.000000 
180.679550 -113.221916 23.188126 65.000000 
180.730759 -113.085350 23.204546 68.000000 
180.673126 -113.201332 23.196793 64.000000 
180.721054 -113.080399 23.201233 74.000000 
180.668350 -113.174606 23.210382 67.000000 
180.709915 -113.081497 23.192934 68.000000 
180.657257 -113.174110 23.203350 56.000000 
180.703125 -113.064346 23.199680 54.000000 
180.648071 -113.165878 23.202423 54.000000 
180.638138 -113.160690 23.199081 58.000000 
180.579147 -113.272064 23.198799 58.000000 
180.629807 -113.149345 23.200653 56.000000 
180.570175 -113.262016 23.198938 73.000000 
180.622025 -113.138252 23.202425 56.000000 
180.561752 -113.252228 23.199278 68.000000 
180.551559 -113.246780 23.195902 64.000000 
180.489853 -113.356239 23.200668 54.000000 
180.544464 -113.230507 23.200909 60.000000 
180.480286 -113.347473 23.199532 56.000000 
180.534348 -113.225021 23.197590 56.000000 
180.469833 -113.341797 23.196102 64.000000 
180.526031 -113.213356 23.199083 62.000000 
180.460327 -113.332970 23.195021 72.000000 
180.450867 -113.324127 23.193968 68.000000 
180.440430 -113.316521 23.191610 58.000000 
180.373535 -113.431618 23.195629 58.000000 
180.430054 -113.310715 23.188278 58.000000 
180.364395 -113.422798 23.194632 59.000000 
180.424683 -113.291290 23.195669 66.000000 
180.355804 -113.410530 23.195763 67.000000 
180.344635 -113.407913 23.190275 65.000000 
180.274490 -113.524345 23.197598 64.000000 
180.336655 -113.392197 23.193577 61.000000 
180.264084 -113.516502 23.195236 84.000000 
180.331436 -113.372437 23.200680 52.000000 
180.251999 -113.513336 23.189589 65.000000 
180.318741 -113.370674 23.193796 55.000000 
180.245590 -113.494453 23.195015 67.000000 
180.237000 -113.481842 23.196064 62.000000 
180.227264 -113.474228 23.193989 55.000000 
180.147964 -113.605568 23.194695 52.000000 
180.214096 -113.474045 23.186214 55.000000 
180.142212 -113.584763 23.200920 51.000000 
180.132248 -113.576881 23.198765 53.000000 
180.119888 -113.573341 23.193232 59.000000 
180.032318 -113.718956 23.189934 68.000000 
180.108154 -113.568184 23.188793 58.000000 
180.026016 -113.697411 23.195656 75.000000 
180.101456 -113.550499 23.193027 63.000000 
180.015121 -113.690773 23.192385 62.000000 
180.002518 -113.683044 23.188625 57.000000 
179.995636 -113.666916 23.191687 61.000000 
179.897964 -113.811462 23.189631 52.000000 
179.987030 -113.651649 23.193407 54.000000 
179.893097 -113.788300 23.196274 69.000000 
179.976929 -113.643341 23.191299 52.000000 
179.884750 -113.774994 23.197069 66.000000 
179.873764 -113.766029 23.194687 57.000000 
179.860092 -113.761368 23.189117 56.000000 
179.761932 -113.911797 23.193132 51.000000 
179.851288 -113.747627 23.189844 56.000000 
179.752792 -113.897728 23.193584 62.000000 
179.737503 -113.900192 23.184608 55.000000 
179.727676 -113.887642 23.184135 51.000000 
179.715958 -113.875847 23.182381 50.000000 
179.593796 -114.031151 23.180693 58.000000 
179.582932 -114.019745 23.179134 60.000000 
179.580017 -113.992592 23.187105 58.000000 
179.569901 -113.981590 23.185801 60.000000 
179.444702 -114.166199 23.181528 68.000000 
179.556808 -113.974846 23.181499 55.000000 
179.435989 -114.149628 23.182602 66.000000 
179.427536 -114.131050 23.184462 68.000000 
179.413147 -114.125458 23.179214 64.000000 
179.399582 -114.118256 23.174910 59.000000 
179.279541 -114.284935 23.188637 51.000000 
179.396194 -114.092255 23.181656 56.000000 
179.266373 -114.275787 23.185154 62.000000 
179.254974 -114.263458 23.183462 54.000000 
179.247131 -114.244843 23.185333 53.000000 
179.241135 -114.223099 23.189018 55.000000 
179.086838 -114.439865 23.181917 105.000000 
179.077759 -114.422302 23.182636 106.000000 
179.071503 -114.400047 23.185940 72.000000 
179.065353 -114.377800 23.189295 69.000000 
179.048233 -114.374275 23.182529 69.000000 
178.888367 -114.589592 23.185148 115.000000 
178.877167 -114.574631 23.184074 122.000000 
178.864120 -114.562759 23.181423 121.000000 
178.852081 -114.549294 23.179617 121.000000 
178.838150 -114.538910 23.176228 121.000000 
178.657806 -114.778198 23.177025 118.000000 
178.643204 -114.767250 23.173502 120.000000 
178.634079 -114.751137 23.173454 121.000000 
178.627548 -114.727707 23.176195 122.000000 
178.616394 -114.709930 23.175722 121.000000 
181.689697 -112.433090 23.224859 55.000000 
181.680573 -112.425255 23.223869 63.000000 
181.670532 -112.422005 23.219189 61.000000 
181.661621 -112.415894 23.217176 71.000000 
181.653915 -112.401863 23.221231 68.000000 
181.595642 -112.524185 23.208549 62.000000 
181.643570 -112.400055 23.215368 71.000000 
181.589233 -112.503639 23.217163 51.000000 
181.633911 -112.395149 23.212011 71.000000 
181.583328 -112.481567 23.227049 61.000000 
181.624481 -112.386925 23.211006 71.000000 
181.571457 -112.482430 23.218603 56.000000 
181.561554 -112.477325 23.215200 61.000000 
181.505692 -112.579430 23.221884 54.000000 
181.552551 -112.470901 23.213205 50.000000 
181.497665 -112.568169 23.223316 54.000000 
181.543472 -112.462669 23.212286 51.000000 
181.487106 -112.564415 23.218679 60.000000 
181.537994 -112.440628 23.222403 58.000000 
181.476974 -112.559074 23.215246 60.000000 
181.468994 -112.545944 23.217785 64.000000 
181.459351 -112.538994 23.215595 60.000000 
181.397888 -112.648041 23.219685 63.000000 
181.450607 -112.528938 23.215820 68.000000 
181.386597 -112.645561 23.213905 72.000000 
181.441010 -112.521942 23.213684 62.000000 
181.379028 -112.630562 23.217430 66.000000 
181.370605 -112.618675 23.218674 66.000000 
181.298691 -112.752632 23.208645 69.000000 
181.360321 -112.612999 23.215292 66.000000 
181.294037 -112.727859 23.218689 83.000000 
181.349075 -112.610382 23.209599 72.000000 
181.285461 -112.715683 23.219749 72.000000 
181.343216 -112.590706 23.216776 54.000000 
181.274902 -112.709763 23.216314 72.000000 
181.265915 -112.699112 23.216307 63.000000 
181.195862 -112.818718 23.220842 85.000000 
181.258545 -112.683769 23.219744 65.000000 
181.185547 -112.810966 23.218451 74.000000 
181.251266 -112.668434 23.223227 55.000000 
181.171402 -112.814194 23.208368 62.000000 
181.164413 -112.800697 23.210777 69.000000 
181.159256 -112.778740 23.218410 67.000000 
181.080948 -112.910156 23.218615 52.000000 
181.147964 -112.772133 23.214857 63.000000 
181.069870 -112.901733 23.216009 54.000000 
181.138397 -112.762688 23.213715 67.000000 
181.060562 -112.890450 23.215752 60.000000 
181.051254 -112.881058 23.214628 66.000000 
181.043274 -112.866592 23.216589 61.000000 
180.958984 -113.003761 23.217564 72.000000 
181.032333 -112.858070 23.214111 51.000000 
180.947021 -112.996552 23.213882 75.000000 
181.021988 -112.849854 23.211830 53.000000 
180.936951 -112.986488 23.212488 68.000000 
180.926895 -112.976395 23.211124 64.000000 
180.916885 -112.966286 23.209791 62.000000 
180.825089 -113.101959 23.213493 58.000000 
180.911453 -112.947075 23.214945 68.000000 
180.820282 -113.078865 23.220091 63.000000 
180.810867 -113.064919 23.220505 64.000000 
180.802795 -113.049751 23.222145 58.000000 
180.694504 -113.223686 23.210373 56.000000 
180.791016 -113.046326 23.217060 56.000000 
180.693817 -113.194580 23.220854 56.000000 
180.779510 -113.038979 23.213686 51.000000 
180.681152 -113.188545 23.216381 59.000000 
180.668045 -113.180115 23.212564 60.000000 
180.656143 -113.172409 23.209124 62.000000 
180.550552 -113.331703 23.213108 60.000000 
180.647263 -113.158371 23.209642 62.000000 
180.538223 -113.323662 23.209564 67.000000 
180.526672 -113.313995 23.206993 69.000000 
180.521408 -113.291656 23.212032 65.000000 
180.514679 -113.272499 23.215229 61.000000 
180.380386 -113.477974 23.198153 66.000000 
180.504898 -113.259636 23.214674 55.000000 
180.379791 -113.445641 23.208241 63.000000 
180.368759 -113.433937 23.206541 71.000000 
180.360245 -113.417473 23.207621 67.000000 
180.344345 -113.415169 23.200504 64.000000 
180.232437 -113.567322 23.221010 50.000000 
180.334259 -113.401802 23.199823 61.000000 
180.214310 -113.567871 23.212210 53.000000 
180.202164 -113.557281 23.209566 51.000000 
180.190048 -113.546654 23.206957 59.000000 
180.180573 -113.531288 23.207024 59.000000 
180.035400 -113.736397 23.206196 58.000000 
180.180801 -113.498680 23.216843 54.000000 
180.021896 -113.726860 23.202620 74.000000 
180.012024 -113.710983 23.202448 104.000000 
180.008987 -113.686638 23.207737 75.000000 
179.998367 -113.672333 23.206808 72.000000 
179.837219 -113.892876 23.206032 50.000000 
179.826553 -113.873901 23.206116 109.000000 
179.815491 -113.859062 23.204992 115.000000 
179.802582 -113.847328 23.202290 117.000000 
179.785904 -113.841805 23.196381 115.000000 
179.598145 -114.063622 23.196697 121.000000 
179.590576 -114.041878 23.198519 122.000000 
179.583374 -114.018051 23.200993 121.000000 
179.574020 -113.999443 23.201374 122.000000 
182.585052 -111.738365 23.235996 51.000000 
182.572815 -111.745926 23.222658 68.000000 
182.563751 -111.738045 23.221695 68.000000 
182.554199 -111.734978 23.217207 65.000000 
182.547195 -111.717865 23.223753 74.000000 
182.537903 -111.711456 23.221632 63.000000 
182.481598 -111.822548 23.217182 78.000000 
182.527237 -111.711121 23.214546 74.000000 
182.475006 -111.803558 23.224648 63.000000 
182.516891 -111.709213 23.208717 71.000000 
182.467392 -111.789215 23.228523 65.000000 
182.455246 -111.793350 23.217834 56.000000 
182.444611 -111.791267 23.212019 54.000000 
182.390289 -111.885307 23.224522 64.000000 
182.436325 -111.779938 23.213545 54.000000 
182.378494 -111.886200 23.216326 62.000000 
182.431717 -111.754829 23.226114 51.000000 
182.369217 -111.877716 23.215269 62.000000 
182.362122 -111.861473 23.220196 68.000000 
182.353439 -111.853241 23.219374 68.000000 
182.290436 -111.966774 23.219873 63.000000 
182.344742 -111.843170 23.219606 58.000000 
182.279602 -111.962715 23.215254 74.000000 
182.334732 -111.837700 23.216282 62.000000 
182.272079 -111.947701 23.218784 83.000000 
182.264648 -111.932686 23.222359 73.000000 
182.254379 -111.926994 23.218985 77.000000 
182.188919 -112.038513 23.224522 83.000000 
182.243652 -111.922813 23.214466 68.000000 
182.180420 -112.026329 23.225594 72.000000 
182.234894 -111.912407 23.214640 50.000000 
182.168335 -112.025093 23.218771 72.000000 
182.157288 -112.020676 23.214228 66.000000 
182.091843 -112.125954 23.228714 66.000000 
182.148361 -112.011848 23.213285 58.000000 
182.079926 -112.124809 23.222109 84.000000 
182.145355 -111.984039 23.225868 53.000000 
182.066895 -112.124878 23.214237 69.000000 
182.060608 -112.104164 23.220558 75.000000 
182.051575 -112.093178 23.220472 69.000000 
182.043686 -112.080933 23.221695 65.000000 
181.962433 -112.218155 23.217258 51.000000 
182.033005 -112.074608 23.218348 67.000000 
181.954376 -112.203705 23.219152 62.000000 
181.945770 -112.190819 23.220013 63.000000 
181.934769 -112.184204 23.216604 65.000000 
181.851440 -112.317993 23.219637 72.000000 
181.923096 -112.181023 23.211233 61.000000 
181.842575 -112.306709 23.219435 69.000000 
181.918381 -112.158707 23.218668 59.000000 
181.829941 -112.302956 23.213879 78.000000 
181.818527 -112.297928 23.209557 70.000000 
181.812485 -112.278351 23.214497 62.000000 
181.718781 -112.412704 23.217520 63.000000 
181.803436 -112.262802 23.216009 62.000000 
181.713348 -112.391197 23.223120 65.000000 
181.706650 -112.372871 23.226753 59.000000 
181.695831 -112.364006 23.224352 57.000000 
181.589249 -112.534866 23.214611 50.000000 
181.684082 -112.360558 23.219271 55.000000 
181.587921 -112.507362 23.224125 56.000000 
181.672607 -112.353195 23.215902 58.000000 
181.572357 -112.507645 23.215744 60.000000 
181.560440 -112.499954 23.212273 62.000000 
181.548553 -112.492218 23.208828 53.000000 
181.444336 -112.646172 23.215506 60.000000 
181.436035 -112.628197 23.217453 58.000000 
181.420685 -112.626442 23.210167 61.000000 
181.415298 -112.606087 23.214437 61.000000 
181.409409 -112.585350 23.218588 59.000000 
181.281250 -112.777824 23.208662 70.000000 
181.400452 -112.570908 23.218987 65.000000 
181.276703 -112.753448 23.214212 63.000000 
181.264099 -112.744911 23.210699 78.000000 
181.254364 -112.727585 23.211437 68.000000 
181.241821 -112.718971 23.207991 64.000000 
181.230560 -112.711189 23.204914 75.000000 
181.110382 -112.876953 23.217096 54.000000 
181.093964 -112.874245 23.210070 55.000000 
181.086212 -112.855736 23.211859 66.000000 
181.078552 -112.837234 23.213696 60.000000 
180.934891 -113.038811 23.214260 65.000000 
180.916962 -113.037170 23.206486 106.000000 
180.910767 -113.014999 23.209694 106.000000 
180.903763 -112.994423 23.212111 104.000000 
180.891373 -112.983246 23.209499 72.000000 
180.734451 -113.195526 23.212605 112.000000 
180.724319 -113.179138 23.212254 123.000000 
180.716156 -113.159607 23.213562 124.000000 
180.707138 -113.141640 23.214111 122.000000 
180.695328 -113.128342 23.212275 123.000000 
180.515625 -113.367157 23.211201 122.000000 
180.497330 -113.362679 23.204527 118.000000 
180.481964 -113.353447 23.200193 121.000000 
180.477798 -113.324944 23.204992 122.000000 
180.473511 -113.298576 23.209259 123.000000 
183.466888 -111.046333 23.215263 60.000000 
183.457520 -111.039986 23.213121 68.000000 
183.446152 -111.042770 23.203508 65.000000 
183.438278 -111.032021 23.205318 71.000000 
183.429977 -111.021027 23.206997 68.000000 
183.373962 -111.130608 23.203377 60.000000 
183.421036 -111.013054 23.206202 74.000000 
183.366623 -111.114731 23.208511 50.000000 
183.412842 -111.002029 23.207947 58.000000 
183.360138 -111.095787 23.216139 56.000000 
183.402878 -110.998550 23.203434 61.000000 
183.349121 -111.095261 23.209124 56.000000 
183.339264 -111.090096 23.205797 54.000000 
183.283813 -111.188774 23.214180 56.000000 
183.329910 -111.085152 23.202656 52.000000 
183.274628 -111.182144 23.212147 61.000000 
183.321289 -111.075348 23.203062 50.000000 
183.264526 -111.176773 23.208771 73.000000 
183.252625 -111.175713 23.201654 64.000000 
183.242981 -111.168724 23.199516 56.000000 
183.236450 -111.150948 23.205818 56.000000 
183.172180 -111.267395 23.203344 68.000000 
183.226883 -111.143921 23.203743 53.000000 
183.161819 -111.261711 23.199955 72.000000 
183.156754 -111.238953 23.209469 74.000000 
183.147949 -111.228600 23.209665 69.000000 
183.076447 -111.360733 23.200035 65.000000 
183.138733 -111.223427 23.206696 63.000000 
183.071487 -111.339447 23.208172 89.000000 
183.129501 -111.214577 23.205770 72.000000 
183.063019 -111.329109 23.208382 77.000000 
183.049332 -111.326881 23.201096 68.000000 
183.038803 -111.322701 23.196783 62.000000 
182.970291 -111.433891 23.206203 79.000000 
183.030441 -111.308578 23.199036 70.000000 
182.957779 -111.432327 23.199463 79.000000 
183.025909 -111.287338 23.207397 66.000000 
182.948639 -111.421333 23.199406 75.000000 
182.941818 -111.405960 23.202890 75.000000 
182.936249 -111.385612 23.209599 60.000000 
182.856171 -111.519646 23.206726 50.000000 
182.926727 -111.376152 23.208540 63.000000 
182.843887 -111.516197 23.201155 57.000000 
182.836487 -111.500168 23.204258 68.000000 
182.825470 -111.493523 23.200903 66.000000 
182.739487 -111.633682 23.199293 64.000000 
182.817581 -111.479042 23.202999 63.000000 
182.738327 -111.603455 23.211737 69.000000 
182.807709 -111.473015 23.200029 63.000000 
182.722382 -111.609474 23.200106 78.000000 
182.714233 -111.596565 23.201088 73.000000 
182.700577 -111.590080 23.196171 67.000000 
182.608536 -111.723625 23.200178 56.000000 
182.694519 -111.572449 23.200386 58.000000 
182.602188 -111.707588 23.203190 66.000000 
182.687897 -111.556389 23.203590 61.000000 
182.596146 -111.687683 23.207937 67.000000 
182.588943 -111.668999 23.211552 58.000000 
182.577438 -111.661659 23.208225 58.000000 
182.565109 -111.657768 23.203039 57.000000 
182.465714 -111.808662 23.204033 65.000000 
182.453812 -111.800957 23.200632 76.000000 
182.440750 -111.792435 23.196922 66.000000 
182.427368 -111.787773 23.191595 54.000000 
182.419312 -111.772125 23.193233 52.000000 
182.314087 -111.927383 23.198036 73.000000 
182.301834 -111.919235 23.194630 73.000000 
182.295929 -111.898491 23.198898 59.000000 
182.286957 -111.884033 23.199389 56.000000 
182.167892 -112.057098 23.199587 57.000000 
182.152603 -112.055252 23.192642 82.000000 
182.144135 -112.038780 23.193830 85.000000 
182.139893 -112.014465 23.199673 68.000000 
182.125717 -112.008942 23.194489 66.000000 
182.003876 -112.177841 23.204062 56.000000 
181.990280 -112.168358 23.200457 61.000000 
181.979080 -112.156143 23.198826 66.000000 
181.967941 -112.143913 23.197233 60.000000 
181.808899 -112.339035 23.191858 105.000000 
181.796814 -112.330383 23.188747 106.000000 
181.796158 -112.298851 23.197241 102.000000 
181.786774 -112.280937 23.197962 60.000000 
181.610352 -112.492424 23.191671 106.000000 
181.601212 -112.474434 23.192284 114.000000 
181.593109 -112.454880 23.193756 117.000000 
181.583862 -112.438950 23.193811 107.000000 
181.394547 -112.659195 23.192324 120.000000 
181.374283 -112.657730 23.184185 121.000000 
181.365891 -112.637558 23.185421 123.000000 
181.358856 -112.613739 23.188099 121.000000 
184.357468 -110.344437 23.231720 60.000000 
184.347183 -110.342690 23.225849 58.000000 
184.337219 -110.339371 23.221235 61.000000 
184.327255 -110.336014 23.216639 71.000000 
184.316940 -110.334137 23.210804 71.000000 
184.263290 -110.432739 23.215630 52.000000 
184.308731 -110.323112 23.212507 68.000000 
184.255280 -110.419945 23.218327 51.000000 
184.302017 -110.306023 23.219273 80.000000 
184.245819 -110.413292 23.216171 59.000000 
184.291763 -110.304062 23.213505 77.000000 
184.236755 -110.405075 23.215263 63.000000 
184.230087 -110.387657 23.221746 60.000000 
184.161240 -110.492989 23.216753 64.000000 
184.209778 -110.380302 23.212713 56.000000 
184.152893 -110.481415 23.218155 70.000000 
184.202652 -110.369484 23.214708 61.000000 
184.144730 -110.473465 23.217533 68.000000 
184.133850 -110.471100 23.211802 64.000000 
184.124283 -110.464088 23.209688 60.000000 
184.063080 -110.569458 23.215300 64.000000 
184.117462 -110.447853 23.214825 54.000000 
184.053757 -110.560677 23.214251 68.000000 
184.109268 -110.432610 23.218477 52.000000 
184.043427 -110.551300 23.212896 66.000000 
184.034653 -110.540932 23.213079 55.000000 
183.963867 -110.667862 23.206593 60.000000 
184.028915 -110.524956 23.218323 53.000000 
183.956421 -110.656242 23.208063 69.000000 
184.019760 -110.516106 23.217402 61.000000 
183.952667 -110.629997 23.219496 62.000000 
183.942215 -110.622154 23.217119 51.000000 
183.859375 -110.739754 23.213980 59.000000 
183.851395 -110.727539 23.215174 79.000000 
183.914734 -110.595032 23.214258 63.000000 
183.841782 -110.718132 23.214012 72.000000 
183.833939 -110.704025 23.216219 63.000000 
183.820953 -110.703918 23.208429 67.000000 
183.813263 -110.687904 23.211657 62.000000 
183.733154 -110.819862 23.209566 62.000000 
183.723984 -110.808533 23.209419 66.000000 
183.718430 -110.791603 23.213978 59.000000 
183.714386 -110.767784 23.222589 58.000000 
183.621063 -110.924469 23.208479 63.000000 
183.699310 -110.768227 23.213537 59.000000 
183.610580 -110.912102 23.207863 67.000000 
183.603928 -110.894142 23.211832 73.000000 
183.593369 -110.885582 23.209530 66.000000 
183.504715 -111.010818 23.218121 56.000000 
183.582169 -110.878548 23.206198 61.000000 
183.495255 -110.998825 23.217749 61.000000 
183.571671 -110.869926 23.203949 54.000000 
183.483047 -110.993095 23.213335 63.000000 
183.473404 -110.984917 23.211323 56.000000 
183.467621 -110.965034 23.216158 55.000000 
183.459366 -110.947548 23.218668 55.000000 
183.353210 -111.112106 23.210150 57.000000 
183.343597 -111.099678 23.209707 59.000000 
183.337799 -111.079384 23.214245 55.000000 
183.224854 -111.252167 23.208242 54.000000 
183.324539 -111.074760 23.208929 52.000000 
183.219589 -111.229866 23.213331 63.000000 
183.212891 -111.210747 23.216570 72.000000 
183.200775 -111.202637 23.213175 61.000000 
183.190277 -111.191360 23.211720 61.000000 
183.178207 -111.183174 23.208384 56.000000 
183.065445 -111.343208 23.215509 55.000000 
183.044495 -111.352394 23.202131 82.000000 
183.031128 -111.345352 23.197792 85.000000 
183.026337 -111.320610 23.203457 71.000000 
183.022324 -111.296333 23.209354 67.000000 
182.890839 -111.482002 23.208485 59.000000 
182.877945 -111.472961 23.205042 64.000000 
182.876419 -111.443527 23.213161 59.000000 
182.869797 -111.423515 23.216017 57.000000 
182.705353 -111.627487 23.204622 114.000000 
182.704529 -111.598038 23.212400 74.000000 
182.694046 -111.583778 23.211550 66.000000 
182.672836 -111.586151 23.201183 104.000000 
182.508224 -111.776802 23.205196 109.000000 
182.494476 -111.766655 23.201738 119.000000 
182.485535 -111.748688 23.202396 113.000000 
182.479553 -111.726059 23.205555 115.000000 
182.282089 -111.958130 23.197107 123.000000 
182.280685 -111.927132 23.203756 124.000000 
182.264526 -111.919434 23.198771 123.000000 
182.257370 -111.897758 23.200848 122.000000 
185.253113 -109.654625 23.237076 57.000000 
185.241364 -109.662270 23.223892 64.000000 
185.232758 -109.652832 23.224272 86.000000 
185.225433 -109.635521 23.230774 86.000000 
185.215210 -109.633652 23.224958 83.000000 
185.161255 -109.733421 23.228056 64.000000 
185.207443 -109.621132 23.227945 57.000000 
185.154083 -109.717567 23.233223 61.000000 
185.196136 -109.623734 23.218391 65.000000 
185.144318 -109.712463 23.229870 63.000000 
185.134277 -109.710648 23.224249 61.000000 
185.082214 -109.796547 23.241720 54.000000 
185.124512 -109.705475 23.220930 58.000000 
185.070557 -109.797447 23.233551 54.000000 
185.115891 -109.693901 23.222385 54.000000 
185.057938 -109.799561 23.224022 62.000000 
185.109451 -109.676498 23.228971 58.000000 
185.047928 -109.794167 23.220652 73.000000 
185.039734 -109.784393 23.221066 64.000000 
185.032425 -109.769722 23.224951 68.000000 
184.970123 -109.879570 23.226656 72.000000 
185.022507 -109.764259 23.221657 70.000000 
184.960846 -109.870819 23.225599 81.000000 
185.013504 -109.755699 23.220797 64.000000 
184.953018 -109.857399 23.228081 61.000000 
184.943817 -109.848618 23.227087 56.000000 
184.872375 -109.978554 23.217962 65.000000 
184.934647 -109.839821 23.226122 62.000000 
184.870056 -109.947617 23.232742 83.000000 
184.923035 -109.838692 23.219307 51.000000 
184.861710 -109.935463 23.233919 72.000000 
184.916931 -109.820610 23.225456 51.000000 
184.850800 -109.931076 23.229424 65.000000 
184.840408 -109.925102 23.226089 61.000000 
184.773285 -110.034470 23.235899 54.000000 
184.832199 -109.912888 23.227360 65.000000 
184.755905 -110.047081 23.219177 74.000000 
184.824036 -109.900673 23.228668 59.000000 
184.745178 -110.040817 23.215771 64.000000 
184.737320 -110.026711 23.217953 69.000000 
184.733521 -110.003578 23.227032 72.000000 
184.724686 -109.992592 23.227074 65.000000 
184.644348 -110.125977 23.223438 63.000000 
184.714127 -109.986252 23.223791 62.000000 
184.635849 -110.113129 23.224367 70.000000 
184.625565 -110.104958 23.222080 61.000000 
184.617081 -110.093979 23.222158 58.000000 
184.533508 -110.227112 23.223816 75.000000 
184.606232 -110.087318 23.218843 51.000000 
184.522934 -110.218643 23.221436 73.000000 
184.598648 -110.070961 23.221920 55.000000 
184.513779 -110.205086 23.222067 64.000000 
184.501953 -110.199692 23.217644 64.000000 
184.494797 -110.183319 23.220625 59.000000 
184.404785 -110.311371 23.226595 55.000000 
184.487717 -110.166954 23.223652 62.000000 
184.398193 -110.293091 23.230318 56.000000 
184.388184 -110.282677 23.228987 56.000000 
184.378220 -110.272240 23.227686 64.000000 
184.365433 -110.268028 23.222321 61.000000 
184.269623 -110.412544 23.226673 56.000000 
184.257278 -110.404510 23.223091 65.000000 
184.245377 -110.398773 23.218887 59.000000 
184.233063 -110.390656 23.215359 60.000000 
184.132202 -110.537880 23.224277 60.000000 
184.228012 -110.370781 23.220129 56.000000 
184.124771 -110.520378 23.226549 65.000000 
184.111130 -110.515457 23.221228 59.000000 
184.099869 -110.505783 23.218796 52.000000 
184.093399 -110.486679 23.222143 58.000000 
183.973679 -110.660828 23.220436 55.000000 
184.084641 -110.472275 23.222660 50.000000 
183.957901 -110.658615 23.213301 71.000000 
183.955994 -110.631638 23.221092 64.000000 
183.944427 -110.621521 23.218626 61.000000 
183.933975 -110.607811 23.217875 57.000000 
183.808823 -110.782471 23.222813 63.000000 
183.919113 -110.603859 23.211773 55.000000 
183.796875 -110.771919 23.220243 64.000000 
183.790176 -110.751945 23.223030 61.000000 
183.777451 -110.742912 23.219646 68.000000 
183.643631 -110.926605 23.227657 52.000000 
183.772430 -110.721832 23.223581 58.000000 
183.628357 -110.922348 23.221794 75.000000 
183.610611 -110.920692 23.214077 110.000000 
183.608582 -110.890350 23.221548 68.000000 
183.600037 -110.873001 23.222427 58.000000 
183.425812 -111.080849 23.216412 115.000000 
183.420654 -111.056717 23.220276 117.000000 
183.408966 -111.043510 23.218479 117.000000 
183.398270 -111.028732 23.217537 115.000000 
183.213837 -111.242722 23.217896 121.000000 
183.196732 -111.236694 23.212076 124.000000 
183.187576 -111.218201 23.212528 122.000000 
183.180481 -111.196602 23.214590 122.000000 
186.145752 -108.975868 23.228270 58.000000 
186.136490 -108.969490 23.226143 68.000000 
186.124527 -108.975250 23.214016 71.000000 
186.116989 -108.961197 23.218193 77.000000 
186.063690 -109.058052 23.223810 62.000000 
186.109543 -108.947151 23.222412 71.000000 
186.053482 -109.054489 23.219175 58.000000 
186.100372 -108.940666 23.220383 63.000000 
186.044022 -109.047813 23.217005 56.000000 
186.091232 -108.934158 23.218376 68.000000 
186.037704 -109.028870 23.224678 60.000000 
186.027954 -109.023697 23.221344 56.000000 
186.019012 -109.015442 23.220491 56.000000 
185.962753 -109.114998 23.226851 61.000000 
186.008484 -109.013252 23.214735 54.000000 
185.952332 -109.111160 23.222269 70.000000 
186.000397 -109.001907 23.216400 52.000000 
185.941467 -109.108818 23.216501 64.000000 
185.932800 -109.098747 23.216763 62.000000 
185.924179 -109.088661 23.217054 66.000000 
185.864334 -109.189125 23.225670 72.000000 
185.918320 -109.069382 23.224619 60.000000 
185.853180 -109.186554 23.219942 74.000000 
185.907990 -109.065399 23.220154 52.000000 
185.843933 -109.177750 23.218922 69.000000 
185.837158 -109.161217 23.223808 56.000000 
185.764893 -109.292519 23.213249 67.000000 
185.829010 -109.151138 23.224197 51.000000 
185.760056 -109.271255 23.221407 76.000000 
185.818405 -109.146904 23.219736 55.000000 
185.755356 -109.248169 23.230593 63.000000 
185.743927 -109.245308 23.224953 59.000000 
185.671860 -109.368866 23.224667 52.000000 
185.732483 -109.242393 23.219328 50.000000 
185.665024 -109.351677 23.229000 62.000000 
185.652115 -109.351700 23.221142 74.000000 
185.713943 -109.224075 23.217329 59.000000 
185.641998 -109.343857 23.218864 72.000000 
185.632492 -109.334427 23.217730 75.000000 
185.625916 -109.317215 23.222218 63.000000 
185.618851 -109.301559 23.225634 69.000000 
185.535202 -109.442535 23.216204 64.000000 
185.527328 -109.428093 23.218231 72.000000 
185.522003 -109.407410 23.224649 75.000000 
185.435318 -109.548409 23.220747 60.000000 
185.511795 -109.399208 23.222412 66.000000 
185.423431 -109.543076 23.216246 65.000000 
185.497833 -109.400291 23.213659 75.000000 
185.417435 -109.523575 23.221245 73.000000 
185.408234 -109.511925 23.221022 66.000000 
185.397095 -109.504944 23.217665 64.000000 
185.309158 -109.628326 23.226564 57.000000 
185.385315 -109.499489 23.213272 73.000000 
185.298965 -109.619865 23.224329 65.000000 
185.285416 -109.617287 23.217861 59.000000 
185.279633 -109.597427 23.222675 66.000000 
185.270386 -109.585388 23.222410 67.000000 
185.165283 -109.748489 23.214491 55.000000 
185.262070 -109.569862 23.224073 66.000000 
185.157318 -109.730980 23.216806 68.000000 
185.153000 -109.707581 23.223307 66.000000 
185.139801 -109.703003 23.217955 67.000000 
185.129639 -109.692131 23.216599 69.000000 
185.027771 -109.840614 23.223984 69.000000 
185.014130 -109.835693 23.218639 63.000000 
185.004440 -109.822876 23.218107 57.000000 
184.992401 -109.814735 23.214733 58.000000 
184.879959 -109.974815 23.221275 57.000000 
184.983597 -109.800316 23.215231 59.000000 
184.861771 -109.977341 23.211351 94.000000 
184.848465 -109.970352 23.206976 83.000000 
184.845154 -109.944527 23.213726 70.000000 
184.835907 -109.931664 23.213293 75.000000 
184.712509 -110.103279 23.219851 51.000000 
184.829453 -109.912125 23.216438 70.000000 
184.694504 -110.103737 23.211046 64.000000 
184.694061 -110.070747 23.220758 66.000000 
184.681335 -110.061722 23.217358 61.000000 
184.670380 -110.049538 23.215769 59.000000 
184.525360 -110.251740 23.213045 105.000000 
184.517532 -110.232826 23.214672 106.000000 
184.508636 -110.217514 23.214809 61.000000 
184.496399 -110.206390 23.212250 56.000000 
184.486954 -110.190575 23.212296 63.000000 
184.326767 -110.406570 23.210302 121.000000 
184.313065 -110.396477 23.206799 121.000000 
184.311752 -110.366096 23.213976 120.000000 
184.303909 -110.346649 23.215479 117.000000 
184.294235 -110.330307 23.215385 109.000000 
184.107162 -110.578918 23.205868 120.000000 
184.102814 -110.552643 23.210167 123.000000 
184.090973 -110.536720 23.208872 123.000000 
184.081879 -110.518219 23.209364 120.000000 
184.060852 -110.518227 23.200476 63.000000 
187.049408 -108.288391 23.240622 60.000000 
187.038849 -108.288124 23.233492 54.000000 
187.029282 -108.283241 23.230127 68.000000 
187.018677 -108.282890 23.223019 74.000000 
187.009125 -108.277931 23.219687 68.000000 
186.957794 -108.365417 23.232517 69.000000 
187.000275 -108.269920 23.218893 71.000000 
186.946869 -108.364906 23.225451 70.000000 
186.992920 -108.255852 23.223169 71.000000 
186.937073 -108.359756 23.222073 65.000000 
186.984177 -108.247810 23.222439 80.000000 
186.928070 -108.351509 23.221174 63.000000 
186.923264 -108.331558 23.230484 65.000000 
186.862076 -108.449600 23.222317 54.000000 
186.912766 -108.329391 23.224722 56.000000 
186.855026 -108.433395 23.227295 58.000000 
186.844604 -108.429520 23.222717 60.000000 
186.835922 -108.419456 23.222965 64.000000 
186.824585 -108.416771 23.217056 64.000000 
186.815094 -108.409721 23.214949 58.000000 
186.757294 -108.502350 23.229401 60.000000 
186.809723 -108.388908 23.223742 58.000000 
186.746628 -108.498207 23.224855 62.000000 
186.737427 -108.489388 23.223854 58.000000 
186.726288 -108.486710 23.218170 52.000000 
186.657654 -108.605446 23.216795 62.000000 
186.650803 -108.588554 23.221382 67.000000 
186.712540 -108.455139 23.226927 51.000000 
186.644577 -108.570129 23.227165 61.000000 
186.636322 -108.557915 23.228407 61.000000 
186.562851 -108.684372 23.225666 52.000000 
186.625992 -108.551872 23.225090 55.000000 
186.553268 -108.674988 23.224459 65.000000 
186.614563 -108.548882 23.219494 53.000000 
186.543716 -108.665581 23.223282 85.000000 
186.606369 -108.540306 23.218849 55.000000 
186.535843 -108.655235 23.223589 79.000000 
186.525223 -108.648895 23.220236 69.000000 
186.513550 -108.641891 23.216574 65.000000 
186.438751 -108.759575 23.223783 60.000000 
186.504135 -108.632385 23.215513 79.000000 
186.426605 -108.756088 23.218208 66.000000 
186.416229 -108.749771 23.214991 70.000000 
186.410309 -108.730621 23.220341 68.000000 
186.327667 -108.860451 23.223808 60.000000 
186.404602 -108.709602 23.226667 63.000000 
186.310684 -108.865730 23.211775 67.000000 
186.394455 -108.701347 23.224476 54.000000 
186.303391 -108.849335 23.214684 68.000000 
186.297516 -108.829819 23.219749 62.000000 
186.286377 -108.822800 23.216400 57.000000 
186.199890 -108.945129 23.226582 54.000000 
186.280426 -108.807114 23.219769 59.000000 
186.192627 -108.928421 23.229300 58.000000 
186.179245 -108.923882 23.223700 55.000000 
186.165024 -108.922775 23.216234 57.000000 
186.072906 -109.057640 23.226408 50.000000 
186.159348 -108.902901 23.221117 57.000000 
186.060394 -109.051559 23.221970 56.000000 
186.043427 -109.054848 23.211607 62.000000 
186.036148 -109.037689 23.214157 60.000000 
186.030457 -109.017410 23.218740 57.000000 
186.021255 -109.002998 23.219227 55.000000 
185.915894 -109.157471 23.222515 75.000000 
185.906982 -109.143089 23.222929 72.000000 
185.897339 -109.130264 23.222424 65.000000 
185.886154 -109.120537 23.220030 57.000000 
185.772552 -109.281822 23.225246 68.000000 
185.871384 -109.120949 23.212217 54.000000 
185.753967 -109.288300 23.213827 94.000000 
185.743195 -109.276581 23.212240 71.000000 
185.730164 -109.267525 23.208664 63.000000 
185.727859 -109.240158 23.216427 66.000000 
185.604919 -109.409828 23.223534 51.000000 
185.585205 -109.413376 23.212959 67.000000 
185.582001 -109.387108 23.219326 66.000000 
185.578064 -109.362450 23.224861 61.000000 
185.435013 -109.561470 23.223499 50.000000 
185.563660 -109.356483 23.219725 58.000000 
185.421799 -109.551987 23.220003 75.000000 
185.411331 -109.537773 23.219103 106.000000 
185.404587 -109.517303 23.221666 63.000000 
185.389664 -109.510841 23.216562 108.000000 
185.222443 -109.705826 23.216618 115.000000 
185.208817 -109.695724 23.213142 123.000000 
185.201889 -109.674706 23.215446 120.000000 
185.188354 -109.664543 23.212048 122.000000 
185.021729 -109.880501 23.219118 103.000000 
185.002670 -109.877609 23.211691 121.000000 
184.987564 -109.868423 23.207418 122.000000 
184.988388 -109.834427 23.215734 120.000000 
184.974396 -109.823662 23.212332 123.000000 
187.920822 -107.602646 23.248213 58.000000 
187.911606 -107.596230 23.246138 71.000000 
187.902420 -107.589783 23.244087 80.000000 
187.892883 -107.584816 23.240805 74.000000 
187.883118 -107.583099 23.235189 65.000000 
187.831894 -107.668724 23.249239 58.000000 
187.875824 -107.569023 23.239494 74.000000 
187.820572 -107.669693 23.241011 59.000000 
187.868134 -107.554688 23.243685 74.000000 
187.811111 -107.661179 23.239986 58.000000 
187.803009 -107.649857 23.241617 60.000000 
187.746582 -107.749229 23.248095 52.000000 
187.794952 -107.638519 23.243282 60.000000 
187.733109 -107.756165 23.235167 60.000000 
187.786957 -107.627182 23.244982 60.000000 
187.726181 -107.739937 23.240211 68.000000 
187.719894 -107.725800 23.244431 66.000000 
187.708176 -107.726448 23.236338 64.000000 
187.700531 -107.713272 23.239090 62.000000 
187.641312 -107.810249 23.249987 69.000000 
187.689255 -107.712303 23.232229 66.000000 
187.630676 -107.806099 23.245489 64.000000 
187.619019 -107.801331 23.240681 69.000000 
187.548447 -107.926262 23.234989 51.000000 
187.609879 -107.792473 23.239748 67.000000 
187.542130 -107.907806 23.240707 62.000000 
187.601791 -107.784180 23.239168 62.000000 
187.535889 -107.893082 23.244530 70.000000 
187.597839 -107.759964 23.250078 51.000000 
187.526566 -107.883972 23.243483 65.000000 
187.518402 -107.868042 23.246719 63.000000 
187.449173 -107.981728 23.253029 82.000000 
187.509171 -107.858894 23.245743 59.000000 
187.432266 -107.992668 23.237438 74.000000 
187.498291 -107.856201 23.240360 55.000000 
187.423843 -107.981995 23.237576 74.000000 
187.418991 -107.960091 23.245378 67.000000 
187.410690 -107.949409 23.245590 72.000000 
187.400726 -107.941490 23.243435 56.000000 
187.324677 -108.061966 23.248419 63.000000 
187.388321 -107.941597 23.235868 58.000000 
187.314346 -108.055687 23.245234 70.000000 
187.302231 -108.052162 23.239737 68.000000 
187.293274 -108.040810 23.239685 63.000000 
187.214340 -108.160965 23.249670 63.000000 
187.286270 -108.024780 23.242933 59.000000 
187.197906 -108.166595 23.237886 76.000000 
187.281281 -108.004120 23.249496 56.000000 
187.186722 -108.159607 23.234518 73.000000 
187.180923 -108.140091 23.239609 65.000000 
187.086746 -108.273575 23.241306 56.000000 
187.172760 -108.123001 23.242310 62.000000 
187.079468 -108.256844 23.244011 58.000000 
187.162399 -108.114395 23.240099 55.000000 
187.074829 -108.237709 23.249136 60.000000 
187.062027 -108.233513 23.243757 64.000000 
187.052811 -108.221466 23.243513 58.000000 
186.960648 -108.355965 23.253674 56.000000 
187.040024 -108.217186 23.238180 51.000000 
186.948029 -108.351852 23.248480 56.000000 
186.930069 -108.352417 23.238680 65.000000 
186.918930 -108.345047 23.235500 63.000000 
186.912399 -108.328285 23.238293 55.000000 
186.808670 -108.479706 23.244118 68.000000 
186.908234 -108.306854 23.244106 53.000000 
186.798965 -108.466896 23.243572 65.000000 
186.788513 -108.455643 23.242109 65.000000 
186.780518 -108.439667 23.243551 55.000000 
186.770370 -108.426407 23.242952 57.000000 
186.652390 -108.595222 23.243835 57.000000 
186.639984 -108.586685 23.240431 82.000000 
186.629501 -108.572975 23.239653 66.000000 
186.617157 -108.564362 23.236311 68.000000 
186.607758 -108.553459 23.235176 64.000000 
186.485321 -108.721283 23.243662 66.000000 
186.476059 -108.706001 23.243797 68.000000 
186.461578 -108.700081 23.238651 68.000000 
186.458603 -108.673843 23.245085 61.000000 
186.318726 -108.866257 23.247652 52.000000 
186.298523 -108.867249 23.238089 72.000000 
186.289001 -108.851440 23.238075 104.000000 
186.284805 -108.828308 23.242537 61.000000 
186.276367 -108.810951 23.243467 54.000000 
186.124390 -109.012428 23.248943 60.000000 
186.110794 -109.002380 23.245499 115.000000 
186.098190 -108.990730 23.242903 117.000000 
186.087540 -108.975945 23.241976 113.000000 
186.074051 -108.965782 23.238634 111.000000 
185.906097 -109.182854 23.245304 121.000000 
185.886063 -109.181488 23.237177 124.000000 
185.876968 -109.162994 23.237644 122.000000 
185.870941 -109.139862 23.240499 120.000000 
185.860001 -109.124458 23.239498 108.000000 
188.807999 -106.926071 23.243107 51.000000 
188.798035 -106.922653 23.238533 56.000000 
188.790924 -106.907074 23.244024 64.000000 
188.780273 -106.906624 23.236982 80.000000 
188.769958 -106.904610 23.231207 83.000000 
188.716171 -106.999596 23.238054 57.000000 
188.761887 -106.893524 23.233017 86.000000 
188.708328 -106.986748 23.240870 56.000000 
188.753876 -106.882423 23.234859 80.000000 
188.697327 -106.986092 23.233883 61.000000 
188.745132 -106.874321 23.234207 71.000000 
188.688339 -106.977783 23.233065 61.000000 
188.680222 -106.966408 23.234743 61.000000 
188.623749 -107.064255 23.242474 54.000000 
188.673004 -106.952003 23.238930 63.000000 
188.611511 -107.066467 23.233147 62.000000 
188.664169 -106.943649 23.238207 68.000000 
188.601929 -107.059418 23.231041 68.000000 
188.594650 -107.044693 23.234989 68.000000 
188.586533 -107.033028 23.236565 68.000000 
188.521286 -107.148682 23.233507 56.000000 
188.575195 -107.032013 23.229712 62.000000 
188.514938 -107.130562 23.239571 72.000000 
188.565262 -107.026382 23.226503 73.000000 
188.505234 -107.123238 23.237452 77.000000 
188.494034 -107.120499 23.231823 75.000000 
188.424377 -107.240692 23.229635 67.000000 
188.484863 -107.111580 23.230928 77.000000 
188.418091 -107.222221 23.235426 76.000000 
188.475723 -107.106285 23.228022 75.000000 
188.410812 -107.210571 23.237015 63.000000 
188.470245 -107.086632 23.235464 54.000000 
188.400375 -107.204483 23.233717 61.000000 
188.392151 -107.192192 23.235039 65.000000 
188.323441 -107.302811 23.243816 64.000000 
188.385086 -107.176819 23.238701 57.000000 
188.309280 -107.305824 23.233784 74.000000 
188.374237 -107.170349 23.235329 57.000000 
188.297455 -107.300674 23.229172 69.000000 
188.291458 -107.281853 23.234816 69.000000 
188.283722 -107.269562 23.236191 69.000000 
188.273117 -107.263107 23.232950 67.000000 
188.195175 -107.386681 23.235954 60.000000 
188.261993 -107.256294 23.229572 67.000000 
188.183060 -107.381195 23.231379 64.000000 
188.172760 -107.372894 23.229170 68.000000 
188.163132 -107.363014 23.228079 68.000000 
188.085495 -107.478439 23.241459 63.000000 
188.156128 -107.346931 23.231388 66.000000 
188.069626 -107.482368 23.230738 67.000000 
188.150497 -107.327766 23.236929 58.000000 
188.057053 -107.478409 23.225300 68.000000 
188.049911 -107.461960 23.228346 66.000000 
187.958099 -107.593269 23.232819 61.000000 
188.041351 -107.450531 23.228420 73.000000 
187.952225 -107.573349 23.237629 55.000000 
188.034363 -107.434082 23.231550 61.000000 
187.944473 -107.556213 23.240280 58.000000 
187.932327 -107.550354 23.235962 61.000000 
187.920197 -107.544449 23.231665 57.000000 
187.823532 -107.686714 23.237150 50.000000 
187.910995 -107.532295 23.231506 64.000000 
187.807968 -107.686768 23.228840 52.000000 
187.797684 -107.675819 23.227488 59.000000 
187.785904 -107.667961 23.224178 59.000000 
187.681671 -107.819603 23.230600 60.000000 
187.777222 -107.653847 23.224878 60.000000 
187.675018 -107.800438 23.233894 63.000000 
187.770935 -107.635071 23.228607 50.000000 
187.658112 -107.801628 23.224787 67.000000 
187.652390 -107.780884 23.229118 65.000000 
187.648392 -107.757042 23.235424 66.000000 
187.529205 -107.927551 23.235744 53.000000 
187.634766 -107.751877 23.230240 65.000000 
187.514221 -107.923630 23.229586 71.000000 
187.502579 -107.913406 23.227146 85.000000 
187.494339 -107.896904 23.228439 72.000000 
187.479385 -107.892845 23.222359 68.000000 
187.371246 -108.034218 23.246532 50.000000 
187.467590 -107.884506 23.219248 70.000000 
187.346832 -108.047501 23.230890 59.000000 
187.333115 -108.039917 23.226639 69.000000 
187.322327 -108.025597 23.225813 64.000000 
187.315796 -108.005524 23.228764 68.000000 
187.169357 -108.207062 23.226709 72.000000 
187.150299 -108.208794 23.217499 110.000000 
187.150833 -108.175743 23.226936 114.000000 
187.144119 -108.155182 23.229597 102.000000 
187.137512 -108.134628 23.232307 64.000000 
186.967407 -108.363800 23.223389 106.000000 
186.960373 -108.342682 23.225698 120.000000 
186.947647 -108.330879 23.223146 123.000000 
186.943985 -108.303070 23.228668 120.000000 
186.931381 -108.291222 23.226200 117.000000 
186.749435 -108.528053 23.223097 121.000000 
186.737213 -108.514091 23.221243 124.000000 
186.727051 -108.497017 23.220995 122.000000 
186.718979 -108.476852 23.222361 119.000000 
189.711517 -106.238464 23.270897 66.000000 
189.700577 -106.239655 23.262547 74.000000 
189.691345 -106.233185 23.260456 77.000000 
189.684647 -106.216080 23.267164 77.000000 
189.626831 -106.329391 23.259247 52.000000 
189.674210 -106.210594 23.263552 80.000000 
189.618347 -106.314499 23.262842 58.000000 
189.663971 -106.208595 23.257772 74.000000 
189.612488 -106.293999 23.271719 61.000000 
189.654678 -106.207062 23.252331 83.000000 
189.602951 -106.292397 23.266273 68.000000 
189.648239 -106.189934 23.259188 68.000000 
189.592422 -106.290230 23.260508 61.000000 
189.581879 -106.288017 23.254755 61.000000 
189.528473 -106.375000 23.270973 52.000000 
189.574646 -106.273605 23.258867 58.000000 
189.514999 -106.381897 23.258041 62.000000 
189.568298 -106.254379 23.266562 51.000000 
189.504959 -106.374603 23.255724 70.000000 
189.497696 -106.359879 23.259604 68.000000 
189.489609 -106.348228 23.261124 70.000000 
189.425003 -106.462227 23.259249 68.000000 
189.478806 -106.345734 23.255447 68.000000 
189.417221 -106.448753 23.261726 81.000000 
189.469849 -106.337090 23.254614 70.000000 
189.409012 -106.436821 23.263073 65.000000 
189.398880 -106.431038 23.259762 63.000000 
189.327881 -106.555756 23.254065 69.000000 
189.389771 -106.422150 23.258821 65.000000 
189.324783 -106.527946 23.266621 89.000000 
189.379669 -106.416313 23.255556 62.000000 
189.317596 -106.512611 23.270113 72.000000 
189.373169 -106.403374 23.258532 61.000000 
189.307739 -106.508743 23.265976 65.000000 
189.295227 -106.508858 23.258085 63.000000 
189.228867 -106.613098 23.271311 56.000000 
189.288177 -106.493492 23.261677 59.000000 
189.214233 -106.617744 23.260151 74.000000 
189.282318 -106.475044 23.267611 67.000000 
189.201248 -106.617630 23.252327 79.000000 
189.270401 -106.473518 23.260933 52.000000 
189.194687 -106.600365 23.256773 82.000000 
189.187607 -106.584656 23.260151 69.000000 
189.177048 -106.578239 23.256865 82.000000 
189.096146 -106.709518 23.254454 62.000000 
189.168915 -106.565613 23.258081 67.000000 
189.090225 -106.690346 23.259741 75.000000 
189.084488 -106.669296 23.265999 75.000000 
188.998337 -106.806648 23.264391 59.000000 
189.073700 -106.662590 23.262699 64.000000 
188.989120 -106.794983 23.264120 81.000000 
189.060883 -106.662392 23.255230 68.000000 
188.974548 -106.797752 23.254593 89.000000 
188.964035 -106.789154 23.252268 76.000000 
188.955582 -106.775841 23.253136 71.000000 
188.864761 -106.903534 23.259411 65.000000 
188.947189 -106.762527 23.254042 70.000000 
188.855972 -106.891846 23.259220 61.000000 
188.943527 -106.740250 23.261497 65.000000 
188.849518 -106.873520 23.262976 60.000000 
188.842438 -106.856758 23.265759 66.000000 
188.829651 -106.852478 23.260395 64.000000 
188.819214 -106.841553 23.258989 64.000000 
188.717941 -106.992775 23.258167 55.000000 
188.709824 -106.979134 23.258904 65.000000 
188.696793 -106.972519 23.254393 62.000000 
188.684921 -106.966637 23.250238 65.000000 
188.583099 -107.111137 23.259954 67.000000 
188.678864 -106.945930 23.254715 60.000000 
188.573410 -107.098282 23.259401 61.000000 
188.559784 -107.093231 23.254105 61.000000 
188.554199 -107.072517 23.258406 60.000000 
188.436813 -107.239822 23.260588 55.000000 
188.545471 -107.058060 23.258921 59.000000 
188.415237 -107.248520 23.247025 82.000000 
188.406738 -107.234039 23.247440 71.000000 
188.403564 -107.208183 23.254181 68.000000 
188.392059 -107.197945 23.251745 78.000000 
188.380585 -107.187683 23.249342 78.000000 
188.257477 -107.355186 23.257998 63.000000 
188.246704 -107.340958 23.257065 67.000000 
188.237518 -107.325607 23.257233 64.000000 
188.222809 -107.321587 23.251379 75.000000 
188.084747 -107.509018 23.257025 109.000000 
188.079758 -107.485374 23.261213 69.000000 
188.061111 -107.485130 23.252680 106.000000 
188.058151 -107.458382 23.258669 66.000000 
188.046021 -107.447174 23.256172 58.000000 
187.878983 -107.671654 23.249687 121.000000 
187.872955 -107.649017 23.252726 121.000000 
187.871155 -107.618126 23.259727 115.000000 
187.856674 -107.609489 23.255524 119.000000 
187.672379 -107.818924 23.257473 121.000000 
187.659286 -107.806618 23.254778 123.000000 
187.649933 -107.790169 23.254631 123.000000 
187.632904 -107.783966 23.248886 124.000000 
190.608795 -105.530334 23.283089 51.000000 
190.594315 -105.544930 23.263308 58.000000 
190.584412 -105.541489 23.258753 71.000000 
190.574982 -105.538261 23.254377 71.000000 
190.569839 -105.515144 23.266256 80.000000 
190.512527 -105.625015 23.260054 57.000000 
190.558899 -105.516151 23.257982 65.000000 
190.503937 -105.615250 23.260416 64.000000 
190.550186 -105.508087 23.257305 71.000000 
190.496201 -105.602417 23.263275 63.000000 
190.540436 -105.506248 23.251745 71.000000 
190.486969 -105.597450 23.260168 63.000000 
190.478104 -105.589149 23.259388 61.000000 
190.423111 -105.682159 23.270212 61.000000 
190.469742 -105.581093 23.258795 68.000000 
190.411911 -105.683144 23.262253 76.000000 
190.460938 -105.572762 23.258070 68.000000 
190.403763 -105.671539 23.263773 71.000000 
190.394760 -105.662987 23.262917 74.000000 
190.385803 -105.654411 23.262089 71.000000 
190.324188 -105.759018 23.266676 56.000000 
190.377808 -105.642776 23.263710 63.000000 
190.313049 -105.756386 23.261007 59.000000 
190.367508 -105.638725 23.259304 68.000000 
190.305862 -105.741394 23.264776 58.000000 
190.297760 -105.729477 23.266230 58.000000 
190.222260 -105.867958 23.249434 69.000000 
190.289719 -105.717552 23.267719 59.000000 
190.218643 -105.841751 23.260965 76.000000 
190.279694 -105.711739 23.264511 59.000000 
190.212540 -105.823341 23.266827 63.000000 
190.203278 -105.814217 23.265841 61.000000 
190.192459 -105.807846 23.262417 63.000000 
190.127975 -105.907265 23.278286 72.000000 
190.179947 -105.807892 23.254566 57.000000 
190.109924 -105.921227 23.260443 79.000000 
190.174011 -105.793152 23.258596 65.000000 
190.099213 -105.918625 23.255215 79.000000 
190.092697 -105.901398 23.259758 69.000000 
190.084488 -105.888824 23.260981 62.000000 
190.077545 -105.873154 23.264488 69.000000 
189.995026 -106.008873 23.257906 63.000000 
190.066467 -105.868263 23.260159 85.000000 
189.985397 -105.999084 23.256762 68.000000 
189.980865 -105.976852 23.264376 72.000000 
189.970093 -105.970154 23.261122 68.000000 
189.881638 -106.111862 23.255600 75.000000 
189.958038 -105.966499 23.255703 66.000000 
189.873123 -106.098610 23.256475 78.000000 
189.946854 -105.957497 23.253267 65.000000 
189.862900 -106.086205 23.256001 68.000000 
189.853149 -106.076042 23.254833 70.000000 
189.765717 -106.199623 23.263765 56.000000 
189.843185 -106.069664 23.251898 65.000000 
189.752884 -106.195427 23.258362 66.000000 
189.836960 -106.051720 23.256107 59.000000 
189.741470 -106.188057 23.255030 64.000000 
189.732956 -106.174423 23.255836 61.000000 
189.728119 -106.153008 23.261829 56.000000 
189.623642 -106.312241 23.255413 57.000000 
189.716110 -106.147125 23.257563 64.000000 
189.612488 -106.304893 23.252214 68.000000 
189.607742 -106.281105 23.258654 67.000000 
189.596100 -106.273323 23.255358 58.000000 
189.586761 -106.260841 23.255081 56.000000 
189.483368 -106.410286 23.261118 72.000000 
189.575943 -106.251450 23.252844 60.000000 
189.471344 -106.402153 23.257765 69.000000 
189.460556 -106.388474 23.256992 66.000000 
189.445374 -106.386497 23.249847 68.000000 
189.330353 -106.549049 23.254248 63.000000 
189.441910 -106.365089 23.255585 72.000000 
189.321671 -106.536629 23.253967 79.000000 
189.305939 -106.534264 23.246899 82.000000 
189.304520 -106.505348 23.255625 70.000000 
189.295609 -106.490479 23.256050 71.000000 
189.285934 -106.477150 23.255587 75.000000 
189.154312 -106.660072 23.254150 69.000000 
189.149506 -106.636963 23.258823 75.000000 
189.140381 -106.621651 23.259081 68.000000 
189.125076 -106.617188 23.253113 70.000000 
188.988968 -106.801331 23.259371 75.000000 
188.972168 -106.798012 23.252558 114.000000 
188.964569 -106.779076 23.254339 114.000000 
188.950562 -106.770996 23.250156 115.000000 
188.940308 -106.756683 23.249441 108.000000 
188.785568 -106.960800 23.252752 112.000000 
188.769379 -106.953255 23.247540 124.000000 
188.765427 -106.927574 23.252390 123.000000 
188.763550 -106.898842 23.258945 121.000000 
188.749161 -106.890182 23.254845 59.000000 
188.566620 -107.128273 23.249422 121.000000 
188.561218 -107.105667 23.252459 124.000000 
188.548218 -107.093338 23.249880 123.000000 
188.537964 -107.078438 23.249077 121.000000 
188.521988 -107.070648 23.244205 50.000000 
191.502777 -104.861908 23.271820 55.000000 
191.492691 -104.861778 23.264858 57.000000 
191.481766 -104.862869 23.256474 68.000000 
191.471146 -104.862389 23.249355 74.000000 
191.465225 -104.842262 23.258663 74.000000 
191.407990 -104.950691 23.253710 62.000000 
191.456482 -104.834198 23.257910 83.000000 
191.399368 -104.940887 23.254015 58.000000 
191.444778 -104.838127 23.247047 80.000000 
191.392380 -104.924980 23.259285 64.000000 
191.436523 -104.830254 23.246496 83.000000 
191.383560 -104.918457 23.257357 63.000000 
191.373856 -104.913170 23.254047 60.000000 
191.364166 -104.907852 23.250759 54.000000 
191.306854 -105.006905 23.256641 61.000000 
191.355331 -104.899475 23.249973 61.000000 
191.295563 -105.005989 23.249660 70.000000 
191.349091 -104.882034 23.256674 63.000000 
191.286514 -104.997375 23.248734 66.000000 
191.278397 -104.985695 23.250256 68.000000 
191.271271 -104.970970 23.254240 66.000000 
191.206146 -105.084656 23.251564 67.000000 
191.261887 -104.963837 23.252195 80.000000 
191.197937 -105.072701 23.252918 74.000000 
191.190277 -105.059196 23.255489 64.000000 
191.182190 -105.047226 23.256920 64.000000 
191.108093 -105.179260 23.244461 67.000000 
191.171097 -105.044418 23.251270 58.000000 
191.106674 -105.146866 23.260612 67.000000 
191.162582 -105.033936 23.251574 69.000000 
191.096329 -105.140785 23.257263 61.000000 
191.085999 -105.134682 23.253937 65.000000 
191.019974 -105.237267 23.267574 72.000000 
191.073486 -105.134682 23.246012 61.000000 
191.003662 -105.246506 23.252987 69.000000 
191.066483 -105.119293 23.249668 63.000000 
190.989563 -105.249435 23.242872 74.000000 
191.060684 -105.100845 23.255688 65.000000 
190.980072 -105.239906 23.241743 79.000000 
190.974686 -105.221397 23.247562 79.000000 
190.967087 -105.207222 23.249886 72.000000 
190.885315 -105.339920 23.245592 57.000000 
190.957153 -105.199196 23.247734 79.000000 
190.875015 -105.331627 23.243286 66.000000 
190.872940 -105.303146 23.255228 66.000000 
190.859604 -105.302589 23.247524 66.000000 
190.775284 -105.433403 23.249460 63.000000 
190.850082 -105.292694 23.246412 72.000000 
190.765427 -105.423241 23.248163 76.000000 
190.839294 -105.285866 23.243135 72.000000 
190.754288 -105.416176 23.244776 73.000000 
190.742477 -105.410622 23.240347 62.000000 
190.654785 -105.530403 23.251087 56.000000 
190.734085 -105.397278 23.241268 61.000000 
190.642624 -105.524590 23.246630 61.000000 
190.725067 -105.385468 23.241159 84.000000 
190.633331 -105.512482 23.246313 60.000000 
190.626221 -105.495697 23.249125 59.000000 
190.620636 -105.475807 23.254049 59.000000 
190.514328 -105.638100 23.245403 56.000000 
190.607162 -105.472984 23.247646 64.000000 
190.505554 -105.624054 23.245953 56.000000 
190.595154 -105.467010 23.243330 51.000000 
190.497604 -105.608444 23.247538 59.000000 
190.484421 -105.603722 23.242170 62.000000 
190.373840 -105.767616 23.239761 56.000000 
190.474289 -105.592735 23.240828 62.000000 
190.371948 -105.739044 23.248789 65.000000 
190.462646 -105.584824 23.237513 59.000000 
190.363068 -105.724602 23.249214 69.000000 
190.348679 -105.721069 23.242922 60.000000 
190.336670 -105.712799 23.239550 63.000000 
190.219604 -105.878441 23.241903 52.000000 
190.329544 -105.695190 23.242016 60.000000 
190.212967 -105.858856 23.244932 57.000000 
190.191391 -105.867371 23.231264 89.000000 
190.184006 -105.849297 23.233433 75.000000 
190.181793 -105.821915 23.241251 70.000000 
190.053589 -105.998932 23.243532 54.000000 
190.171219 -105.810074 23.239784 68.000000 
190.037308 -105.996071 23.236483 69.000000 
190.033310 -105.971336 23.241999 66.000000 
190.022354 -105.959061 23.240395 73.000000 
190.013229 -105.943665 23.240623 68.000000 
189.870270 -106.138618 23.240618 75.000000 
189.852509 -106.136772 23.232840 112.000000 
189.844833 -106.117752 23.234554 72.000000 
189.828918 -106.112686 23.228552 104.000000 
189.818573 -106.098282 23.227760 110.000000 
189.666000 -106.297684 23.233616 115.000000 
189.647568 -106.295212 23.226000 122.000000 
189.645447 -106.266350 23.232449 122.000000 
189.642517 -106.239090 23.238136 120.000000 
189.626114 -106.233421 23.232281 121.000000 
189.448837 -106.462151 23.231590 121.000000 
189.433731 -106.452843 23.227303 123.000000 
189.426636 -106.431152 23.229368 123.000000 
189.410889 -106.421227 23.224985 124.000000 
189.396881 -106.410255 23.221600 108.000000 
192.356186 -104.193672 23.269121 55.000000 
192.344376 -104.197678 23.258249 56.000000 
192.336975 -104.183495 23.262466 58.000000 
192.330399 -104.166298 23.269247 58.000000 
192.268585 -104.288406 23.254053 52.000000 
192.321640 -104.158150 23.268507 58.000000 
192.262756 -104.267807 23.262947 58.000000 
192.310562 -104.158981 23.260212 58.000000 
192.257050 -104.247238 23.271902 59.000000 
192.301987 -104.154282 23.257307 56.000000 
192.246582 -104.248497 23.263998 58.000000 
192.236816 -104.243103 23.260702 60.000000 
192.179291 -104.340759 23.268814 54.000000 
192.227905 -104.234650 23.259897 56.000000 
192.170166 -104.332115 23.267851 56.000000 
192.220337 -104.221649 23.262835 50.000000 
192.158768 -104.331100 23.260900 60.000000 
192.212769 -104.205093 23.267971 56.000000 
192.148682 -104.321831 23.259655 62.000000 
192.139633 -104.313103 23.258770 62.000000 
192.133514 -104.297035 23.264124 64.000000 
192.066345 -104.413689 23.260023 56.000000 
192.123596 -104.291321 23.260883 66.000000 
192.056610 -104.406235 23.257851 65.000000 
192.114670 -104.282539 23.260088 54.000000 
192.048935 -104.392624 23.260414 69.000000 
192.041855 -104.377480 23.264198 65.000000 
191.965958 -104.510941 23.251698 60.000000 
192.030655 -104.374550 23.258572 72.000000 
191.961975 -104.486183 23.262064 76.000000 
192.019455 -104.371574 23.252960 69.000000 
191.953735 -104.473808 23.263311 61.000000 
191.943832 -104.467888 23.260164 59.000000 
191.869293 -104.590645 23.260450 55.000000 
191.934555 -104.458549 23.259174 65.000000 
191.862061 -104.574844 23.263741 72.000000 
191.926971 -104.446442 23.260685 59.000000 
191.850113 -104.573326 23.257189 64.000000 
191.921219 -104.427902 23.266687 63.000000 
191.838791 -104.568329 23.252718 69.000000 
191.831177 -104.552162 23.255947 74.000000 
191.825409 -104.533257 23.261631 79.000000 
191.741211 -104.668831 23.256256 57.000000 
191.815964 -104.525452 23.259659 75.000000 
191.732040 -104.659210 23.255220 70.000000 
191.726883 -104.638390 23.261671 61.000000 
191.714798 -104.632706 23.257105 68.000000 
191.629288 -104.763298 23.260263 81.000000 
191.707184 -104.618065 23.259281 65.000000 
191.619400 -104.753014 23.258976 68.000000 
191.694916 -104.616081 23.252907 70.000000 
191.610107 -104.743065 23.257891 68.000000 
191.600281 -104.732742 23.256666 66.000000 
191.502487 -104.870575 23.256027 52.000000 
191.587860 -104.726669 23.252127 68.000000 
191.495239 -104.853668 23.258745 66.000000 
191.580917 -104.710114 23.255211 68.000000 
191.483154 -104.845741 23.255194 67.000000 
191.476776 -104.827271 23.259020 59.000000 
191.472366 -104.808029 23.264254 64.000000 
191.463959 -104.794235 23.265087 61.000000 
191.356415 -104.956215 23.257792 60.000000 
191.446823 -104.797012 23.254457 51.000000 
191.344971 -104.944351 23.256054 60.000000 
191.335342 -104.933655 23.254856 60.000000 
191.319885 -104.931435 23.247385 59.000000 
191.212982 -105.083717 23.253153 64.000000 
191.312653 -104.916039 23.249233 65.000000 
191.204025 -105.069107 23.253565 67.000000 
191.191086 -105.062271 23.249218 72.000000 
191.181427 -105.049171 23.248741 68.000000 
191.172638 -105.034515 23.249266 66.000000 
191.048645 -105.208733 23.247494 71.000000 
191.036102 -105.199883 23.244066 75.000000 
191.028946 -105.179672 23.246981 72.000000 
191.022522 -105.159927 23.250116 68.000000 
191.009888 -105.153000 23.246035 75.000000 
190.877808 -105.332314 23.248304 56.000000 
190.872055 -105.310555 23.252003 55.000000 
190.863724 -105.293465 23.253080 64.000000 
190.848236 -105.288727 23.247053 61.000000 
190.709030 -105.473831 23.254332 72.000000 
190.693893 -105.467125 23.249168 108.000000 
190.683426 -105.452621 23.248310 115.000000 
190.674606 -105.437042 23.248516 69.000000 
190.655746 -105.436363 23.240013 112.000000 
190.498611 -105.639793 23.245495 115.000000 
190.485123 -105.627296 23.242668 121.000000 
190.477234 -105.607574 23.244152 122.000000 
190.473358 -105.581703 23.248968 124.000000 
190.462708 -105.566605 23.248085 103.000000 
190.273560 -105.809937 23.241737 119.000000 
190.262314 -105.794235 23.240602 121.000000 
190.251144 -105.778519 23.239510 124.000000 
190.239014 -105.764313 23.237677 125.000000 
193.213440 -103.543335 23.277151 63.000000 
193.204865 -103.533585 23.277550 74.000000 
193.196716 -103.522308 23.279232 57.000000 
193.189026 -103.509521 23.282200 74.000000 
193.124908 -103.634697 23.266024 52.000000 
193.179794 -103.502747 23.280191 61.000000 
193.117447 -103.620064 23.269957 72.000000 
193.169769 -103.498947 23.275692 65.000000 
193.113525 -103.593246 23.283714 59.000000 
193.159332 -103.496613 23.269951 68.000000 
193.103653 -103.587761 23.280403 54.000000 
193.153076 -103.479279 23.276825 80.000000 
193.032364 -103.689026 23.279356 52.000000 
193.083496 -103.578209 23.272614 51.000000 
193.022202 -103.683304 23.275986 65.000000 
193.075928 -103.565071 23.275513 52.000000 
193.012543 -103.676018 23.273832 69.000000 
193.068893 -103.550430 23.279684 56.000000 
193.003876 -103.665642 23.274097 66.000000 
192.996231 -103.652214 23.276794 60.000000 
192.927429 -103.770599 23.273300 54.000000 
192.988678 -103.640594 23.278494 62.000000 
192.919113 -103.760246 23.273588 52.000000 
192.979660 -103.631706 23.277658 60.000000 
192.908218 -103.755722 23.269066 61.000000 
192.969681 -103.625832 23.274441 62.000000 
192.902115 -103.737358 23.275091 72.000000 
192.891815 -103.731255 23.271793 66.000000 
192.817581 -103.855431 23.268007 54.000000 
192.880447 -103.728172 23.266172 63.000000 
192.808075 -103.845978 23.266893 64.000000 
192.870178 -103.721992 23.262917 63.000000 
192.800308 -103.831886 23.269230 65.000000 
192.864288 -103.705444 23.268082 57.000000 
192.790268 -103.825798 23.266066 63.000000 
192.714127 -103.948555 23.268335 52.000000 
192.779709 -103.819359 23.262758 67.000000 
192.707443 -103.931038 23.272663 76.000000 
192.770981 -103.806435 23.263887 67.000000 
192.696671 -103.922485 23.270222 79.000000 
192.766418 -103.784660 23.272099 67.000000 
192.685211 -103.917328 23.265757 67.000000 
192.678131 -103.901329 23.269094 67.000000 
192.594437 -104.032433 23.269264 54.000000 
192.672379 -103.882271 23.274704 65.000000 
192.585892 -104.019211 23.270159 52.000000 
192.660400 -103.878571 23.269211 67.000000 
192.578064 -104.004433 23.272169 66.000000 
192.571640 -103.986557 23.276381 59.000000 
192.561859 -103.978317 23.274315 55.000000 
192.467972 -104.124252 23.268873 87.000000 
192.552216 -103.968155 23.273193 55.000000 
192.462830 -104.102882 23.274874 68.000000 
192.539215 -103.965645 23.266678 59.000000 
192.453583 -104.090851 23.274643 66.000000 
192.442276 -104.083458 23.271299 61.000000 
192.428284 -104.080284 23.264664 54.000000 
192.333298 -104.208542 23.272362 50.000000 
192.422028 -104.062012 23.268736 59.000000 
192.319412 -104.205460 23.265924 58.000000 
192.315262 -104.182152 23.272720 57.000000 
192.305191 -104.171265 23.271427 56.000000 
192.195374 -104.332947 23.266844 56.000000 
192.298203 -104.154175 23.274246 55.000000 
192.187271 -104.317009 23.268318 65.000000 
192.180023 -104.299507 23.270819 57.000000 
192.168106 -104.291321 23.267458 53.000000 
192.157806 -104.279999 23.266098 59.000000 
192.043488 -104.442757 23.267473 56.000000 
192.145950 -104.271744 23.262794 57.000000 
192.031982 -104.432617 23.264992 60.000000 
192.021347 -104.420883 23.263489 63.000000 
192.010742 -104.409134 23.262020 63.000000 
192.001877 -104.394264 23.262491 63.000000 
191.873245 -104.572678 23.260721 82.000000 
191.855331 -104.572906 23.251791 78.000000 
191.848724 -104.552910 23.254782 67.000000 
191.846603 -104.525200 23.262409 68.000000 
191.834030 -104.516045 23.259073 71.000000 
191.698944 -104.696358 23.263407 62.000000 
191.694077 -104.672836 23.267889 59.000000 
191.682907 -104.660156 23.266258 61.000000 
191.669968 -104.650536 23.262896 61.000000 
191.519272 -104.850517 23.264778 105.000000 
191.501053 -104.848160 23.257084 110.000000 
191.492310 -104.830276 23.257856 105.000000 
191.481720 -104.815468 23.256981 74.000000 
191.470230 -104.802185 23.255299 116.000000 
191.304886 -105.014099 23.259310 118.000000 
191.283035 -105.015709 23.249357 124.000000 
191.278961 -104.989532 23.253981 125.000000 
191.278000 -104.958794 23.261093 121.000000 
191.063736 -105.204842 23.248793 121.000000 
191.054321 -105.185730 23.249132 125.000000 
191.044998 -105.166618 23.249517 124.000000 
191.035751 -105.147507 23.249952 124.000000 
194.113327 -102.850273 23.300438 60.000000 
194.105545 -102.837532 23.303381 79.000000 
194.095474 -102.833870 23.298870 74.000000 
194.085815 -102.828651 23.295628 80.000000 
194.076157 -102.823410 23.292404 80.000000 
194.017838 -102.927132 23.293447 65.000000 
194.068619 -102.812378 23.294376 58.000000 
194.010132 -102.915863 23.295193 59.000000 
194.060669 -102.801079 23.296223 60.000000 
194.001099 -102.907356 23.294363 58.000000 
194.051941 -102.792770 23.295589 77.000000 
193.992996 -102.895790 23.296009 61.000000 
194.041534 -102.790413 23.289942 65.000000 
193.984039 -102.887245 23.295238 52.000000 
193.920792 -103.000008 23.292688 54.000000 
193.974213 -102.881706 23.292040 52.000000 
193.911118 -102.992752 23.290577 60.000000 
193.964859 -102.874626 23.290091 51.000000 
193.904388 -102.976288 23.295660 70.000000 
193.954559 -102.866951 23.287853 56.000000 
193.894775 -102.965370 23.295681 62.000000 
193.883728 -102.962616 23.290064 56.000000 
193.817963 -103.071648 23.293673 61.000000 
193.874680 -102.957359 23.287182 62.000000 
193.806534 -103.072380 23.286041 69.000000 
193.868210 -102.940887 23.292416 68.000000 
193.799362 -103.057106 23.289759 68.000000 
193.859253 -102.931984 23.291676 66.000000 
193.787964 -103.054085 23.284166 68.000000 
193.779816 -103.041855 23.285614 66.000000 
193.707779 -103.159744 23.286514 58.000000 
193.774475 -103.021988 23.292963 58.000000 
193.697159 -103.153389 23.283203 70.000000 
193.762589 -103.020401 23.286270 61.000000 
193.688873 -103.140846 23.284470 67.000000 
193.682968 -103.122154 23.290335 67.000000 
193.602127 -103.257080 23.283596 72.000000 
193.673050 -103.114204 23.288254 72.000000 
193.593674 -103.244217 23.284676 84.000000 
193.660187 -103.113869 23.280481 56.000000 
193.587143 -103.226707 23.289114 85.000000 
193.652695 -103.099747 23.283028 61.000000 
193.576950 -103.218468 23.286947 65.000000 
193.563644 -103.217896 23.279253 62.000000 
193.486984 -103.331856 23.291567 57.000000 
193.554123 -103.208046 23.278242 62.000000 
193.477188 -103.321770 23.290390 63.000000 
193.545914 -103.195114 23.279491 63.000000 
193.464783 -103.317856 23.284937 70.000000 
193.541656 -103.172997 23.287472 60.000000 
193.455048 -103.307709 23.283815 55.000000 
193.446030 -103.295998 23.283804 61.000000 
193.351227 -103.443451 23.277719 71.000000 
193.437729 -103.282738 23.284912 61.000000 
193.341187 -103.432945 23.276463 76.000000 
193.430191 -103.267929 23.287138 58.000000 
193.331894 -103.420868 23.276283 78.000000 
193.324081 -103.405685 23.278233 75.000000 
193.312744 -103.398216 23.274979 69.000000 
193.215408 -103.531120 23.280077 58.000000 
193.306503 -103.379929 23.279106 64.000000 
193.205200 -103.520233 23.278776 63.000000 
193.295242 -103.372414 23.275911 57.000000 
193.195053 -103.509323 23.277508 64.000000 
193.182648 -103.503029 23.273222 56.000000 
193.077911 -103.653877 23.276302 56.000000 
193.176392 -103.484344 23.277103 64.000000 
193.067245 -103.644547 23.274086 59.000000 
193.171005 -103.464149 23.282051 66.000000 
193.053024 -103.639015 23.268623 56.000000 
193.043213 -103.628067 23.267443 55.000000 
193.041077 -103.599281 23.276789 51.000000 
192.919952 -103.774467 23.271145 60.000000 
193.028152 -103.594490 23.271746 50.000000 
192.910034 -103.761162 23.270611 60.000000 
192.905197 -103.738533 23.275801 67.000000 
192.893753 -103.728302 23.273453 59.000000 
192.881485 -103.719582 23.270187 61.000000 
192.754272 -103.894890 23.270988 71.000000 
192.869232 -103.710823 23.266949 63.000000 
192.740646 -103.887314 23.266706 89.000000 
192.728546 -103.878601 23.263531 75.000000 
192.714066 -103.872475 23.258389 63.000000 
192.710266 -103.847824 23.264265 68.000000 
192.574844 -104.028206 23.269552 62.000000 
192.564453 -104.013924 23.268812 59.000000 
192.558075 -103.991417 23.272339 53.000000 
192.548752 -103.975578 23.272566 52.000000 
192.393997 -104.181747 23.271936 50.000000 
192.380417 -104.171577 23.268530 75.000000 
192.369736 -104.156746 23.267683 106.000000 
192.362961 -104.135750 23.270248 61.000000 
192.346619 -104.130089 23.264418 110.000000 
192.166916 -104.331215 23.266008 112.000000 
192.154892 -104.317314 23.264240 115.000000 
192.138916 -104.309517 23.259283 124.000000 
192.137039 -104.280273 23.265673 117.000000 
191.947693 -104.518074 23.267017 107.000000 
191.922836 -104.521935 23.255917 119.000000 
191.913452 -104.502747 23.256365 123.000000 
191.913513 -104.469841 23.263792 121.000000 
191.892822 -104.467400 23.255857 50.000000 
195.018707 -102.146675 23.317575 57.000000 
195.008011 -102.147881 23.309494 74.000000 
194.999542 -102.138191 23.309998 68.000000 
194.992310 -102.123962 23.314285 68.000000 
194.930969 -102.241333 23.303904 65.000000 
194.983139 -102.117271 23.312351 63.000000 
194.925323 -102.220680 23.312792 64.000000 
194.973587 -102.112045 23.309185 55.000000 
194.918503 -102.204628 23.318077 59.000000 
194.963638 -102.108299 23.304781 71.000000 
194.906509 -102.206833 23.308733 51.000000 
194.840103 -102.294243 23.318264 54.000000 
194.889145 -102.188339 23.308447 54.000000 
194.828629 -102.293228 23.311407 60.000000 
194.819519 -102.284492 23.310530 58.000000 
194.875168 -102.159225 23.316895 54.000000 
194.808029 -102.283386 23.303701 55.000000 
194.801910 -102.265450 23.310055 64.000000 
194.794418 -102.252098 23.312862 60.000000 
194.724548 -102.374680 23.305269 64.000000 
194.785461 -102.246910 23.310019 56.000000 
194.716324 -102.366226 23.304653 72.000000 
194.774521 -102.244148 23.304470 60.000000 
194.709229 -102.351013 23.308409 68.000000 
194.702225 -102.335815 23.312208 65.000000 
194.627213 -102.464439 23.304501 62.000000 
194.690948 -102.332840 23.306681 61.000000 
194.620605 -102.447357 23.309147 70.000000 
194.610092 -102.441086 23.305880 67.000000 
194.603073 -102.425545 23.309467 61.000000 
194.529694 -102.543388 23.314402 72.000000 
194.591461 -102.422295 23.303974 63.000000 
194.517090 -102.541527 23.307775 74.000000 
194.582779 -102.411339 23.304207 52.000000 
194.504486 -102.539612 23.301161 69.000000 
194.496170 -102.526802 23.302313 69.000000 
194.486679 -102.517082 23.301285 69.000000 
194.405701 -102.643486 23.304426 57.000000 
194.482239 -102.495010 23.309174 60.000000 
194.395920 -102.633476 23.303246 60.000000 
194.474136 -102.482201 23.310442 56.000000 
194.387497 -102.620338 23.304247 57.000000 
194.459045 -102.486237 23.299488 55.000000 
194.379135 -102.607193 23.305286 70.000000 
194.368835 -102.598671 23.303125 61.000000 
194.274963 -102.746239 23.296537 71.000000 
194.358688 -102.588234 23.301914 59.000000 
194.271378 -102.719894 23.305552 65.000000 
194.348450 -102.579659 23.299810 55.000000 
194.260788 -102.711052 23.303303 64.000000 
194.248657 -102.707207 23.298107 61.000000 
194.235962 -102.702942 23.292763 55.000000 
194.138016 -102.839134 23.295357 59.000000 
194.229736 -102.684731 23.296888 54.000000 
194.126373 -102.831451 23.292030 65.000000 
194.222153 -102.669617 23.298956 59.000000 
194.122971 -102.806641 23.299879 66.000000 
194.115936 -102.789619 23.302711 66.000000 
193.997620 -102.970200 23.286289 50.000000 
194.104630 -102.779953 23.300346 50.000000 
193.993576 -102.944534 23.293509 62.000000 
194.094681 -102.769096 23.299191 55.000000 
193.988708 -102.922424 23.299000 57.000000 
193.977417 -102.914726 23.295879 56.000000 
193.965546 -102.906578 23.292620 52.000000 
193.858490 -103.057053 23.301626 54.000000 
193.952896 -102.899940 23.288403 51.000000 
193.843750 -103.053253 23.295446 56.000000 
193.946732 -102.880920 23.292095 55.000000 
193.830658 -103.046272 23.291176 63.000000 
193.815063 -103.043900 23.284088 61.000000 
193.810379 -103.021347 23.289356 54.000000 
193.679062 -103.206268 23.284088 71.000000 
193.804123 -103.001915 23.292778 63.000000 
193.666351 -103.197243 23.280714 77.000000 
193.661499 -103.174217 23.285580 68.000000 
193.655899 -103.152763 23.289587 64.000000 
193.643341 -103.143677 23.286325 66.000000 
193.506317 -103.328964 23.288198 51.000000 
193.629913 -103.136093 23.282175 63.000000 
193.498703 -103.310143 23.290089 55.000000 
193.490265 -103.292870 23.291149 57.000000 
193.478226 -103.281769 23.288736 53.000000 
193.464371 -103.273712 23.284595 51.000000 
193.308212 -103.482964 23.281645 107.000000 
193.294708 -103.472870 23.278263 108.000000 
193.285995 -103.455017 23.279125 69.000000 
193.273514 -103.443314 23.276659 108.000000 
193.269760 -103.417763 23.281830 114.000000 
193.085037 -103.660500 23.269825 121.000000 
193.076935 -103.640495 23.271250 121.000000 
193.074890 -103.611282 23.277563 119.000000 
193.063004 -103.597443 23.275866 122.000000 
193.050156 -103.585098 23.273397 123.000000 
192.855103 -103.832207 23.269651 121.000000 
192.846741 -103.811584 23.270853 122.000000 
192.832275 -103.800140 23.267488 121.000000 
192.817825 -103.788643 23.264158 121.000000 
192.806549 -103.772545 23.263180 113.000000 
195.931061 -101.444931 23.332352 57.000000 
195.921509 -101.439911 23.329121 64.000000 
195.912338 -101.433342 23.327158 77.000000 
195.903595 -101.425240 23.326469 77.000000 
195.894089 -101.420128 23.323301 71.000000 
195.885803 -101.410477 23.323919 63.000000 
195.830597 -101.505989 23.329767 59.000000 
195.878311 -101.396049 23.328186 63.000000 
195.819504 -101.503448 23.323948 58.000000 
195.870132 -101.386383 23.328871 71.000000 
195.811523 -101.492020 23.325657 56.000000 
195.805374 -101.474525 23.332310 56.000000 
195.743484 -101.586823 23.328403 64.000000 
195.794830 -101.472168 23.326721 54.000000 
195.734924 -101.576660 23.328751 76.000000 
195.728348 -101.562172 23.332878 76.000000 
195.717484 -101.559624 23.327303 74.000000 
195.710541 -101.544838 23.331339 67.000000 
195.648804 -101.645706 23.339273 56.000000 
195.699707 -101.542221 23.325804 61.000000 
195.638168 -101.641418 23.334888 69.000000 
195.690353 -101.535011 23.323895 70.000000 
195.625427 -101.643242 23.325848 64.000000 
195.616348 -101.634262 23.325001 61.000000 
195.545502 -101.753555 23.323435 69.000000 
195.610489 -101.617920 23.330200 51.000000 
195.538925 -101.738426 23.327147 89.000000 
195.605850 -101.596710 23.338808 52.000000 
195.531342 -101.724548 23.329599 67.000000 
195.593674 -101.596855 23.331015 50.000000 
195.522110 -101.715286 23.328672 53.000000 
195.515228 -101.699860 23.332342 55.000000 
195.437820 -101.829727 23.327229 72.000000 
195.505600 -101.690254 23.331324 59.000000 
195.427216 -101.821404 23.324909 79.000000 
195.495331 -101.684013 23.328201 53.000000 
195.423279 -101.797882 23.333866 65.000000 
195.412003 -101.794815 23.328609 79.000000 
195.402679 -101.785210 23.327656 63.000000 
195.392776 -101.777122 23.325619 54.000000 
195.315552 -101.895050 23.332619 60.000000 
195.380981 -101.773605 23.320261 79.000000 
195.302078 -101.894463 23.325081 68.000000 
195.289886 -101.890717 23.319715 70.000000 
195.212784 -102.002327 23.336206 62.000000 
195.284378 -101.871475 23.325184 66.000000 
195.196808 -102.006165 23.325624 75.000000 
195.277618 -101.855331 23.328533 66.000000 
195.184235 -102.002129 23.320274 78.000000 
195.269592 -101.842278 23.329758 56.000000 
195.176575 -101.987175 23.322271 67.000000 
195.169678 -101.970665 23.325359 61.000000 
195.073120 -102.106712 23.326452 56.000000 
195.159317 -101.961899 23.323238 59.000000 
195.068451 -102.083244 23.333145 50.000000 
195.146271 -101.957359 23.317831 62.000000 
195.057800 -102.074181 23.330929 51.000000 
195.044937 -102.069748 23.325691 55.000000 
195.035080 -102.059067 23.324543 52.000000 
195.025833 -102.048744 23.323586 51.000000 
194.917984 -102.208298 23.318201 51.000000 
194.906021 -102.202286 23.314129 59.000000 
194.895264 -102.190781 23.312706 52.000000 
194.786087 -102.347557 23.316757 60.000000 
194.892090 -102.167671 23.319517 52.000000 
194.779648 -102.328285 23.320059 60.000000 
194.770218 -102.313278 23.320402 67.000000 
194.763123 -102.295578 23.322849 63.000000 
194.754211 -102.282944 23.322649 59.000000 
194.738037 -102.282249 23.314711 51.000000 
194.613678 -102.455902 23.314070 82.000000 
194.600571 -102.446617 23.310616 72.000000 
194.592453 -102.429977 23.311932 64.000000 
194.580048 -102.421066 23.308708 64.000000 
194.462036 -102.577332 23.325947 56.000000 
194.572067 -102.404404 23.310104 61.000000 
194.443802 -102.577393 23.317381 59.000000 
194.429153 -102.571167 23.312340 53.000000 
194.422729 -102.550957 23.315247 59.000000 
194.420990 -102.523048 23.322609 54.000000 
194.254700 -102.750481 23.307150 72.000000 
194.400024 -102.527512 23.311493 54.000000 
194.240417 -102.742134 23.302973 106.000000 
194.238205 -102.715691 23.309109 104.000000 
194.227829 -102.701134 23.308382 69.000000 
194.216553 -102.688087 23.306849 69.000000 
194.054016 -102.898628 23.309975 112.000000 
194.201462 -102.681160 23.301964 58.000000 
194.043198 -102.883530 23.309057 121.000000 
194.027512 -102.876114 23.304146 121.000000 
194.017776 -102.859421 23.304111 121.000000 
194.004135 -102.848839 23.300882 119.000000 
193.816605 -103.089134 23.299143 123.000000 
193.999542 -102.824471 23.304985 111.000000 
193.807404 -103.070282 23.299631 119.000000 
193.794479 -103.055466 23.297689 121.000000 
193.791626 -103.027420 23.302900 120.000000 
193.776108 -103.019798 23.298285 122.000000 
196.847870 -100.753578 23.333580 51.000000 
196.837997 -100.750145 23.329126 52.000000 
196.827454 -100.751465 23.321087 64.000000 
196.819839 -100.738884 23.324184 71.000000 
196.811600 -100.731079 23.323709 71.000000 
196.802536 -100.724510 23.321842 61.000000 
196.748825 -100.817085 23.329662 58.000000 
196.792694 -100.720917 23.317480 60.000000 
196.739136 -100.811844 23.326477 59.000000 
196.785675 -100.706795 23.321966 74.000000 
196.728149 -100.811127 23.319626 51.000000 
196.711853 -100.789879 23.321968 58.000000 
196.654938 -100.886894 23.329557 52.000000 
196.705795 -100.772446 23.328741 56.000000 
196.642227 -100.890564 23.319176 62.000000 
196.696228 -100.767082 23.325676 58.000000 
196.635620 -100.874313 23.324409 64.000000 
196.628159 -100.861122 23.327282 58.000000 
196.617355 -100.858574 23.321760 56.000000 
196.556473 -100.957954 23.330383 55.000000 
196.609985 -100.845360 23.324699 54.000000 
196.549469 -100.942947 23.334232 59.000000 
196.599213 -100.842735 23.319216 53.000000 
196.539398 -100.937141 23.331083 61.000000 
196.528305 -100.934357 23.325607 56.000000 
196.460785 -101.045784 23.328875 67.000000 
196.519867 -100.923897 23.326027 51.000000 
196.454285 -101.030746 23.332674 56.000000 
196.512512 -100.912201 23.327814 52.000000 
196.442291 -101.029289 23.326073 55.000000 
196.431351 -101.026550 23.320782 57.000000 
196.365891 -101.125328 23.337358 54.000000 
196.424591 -101.007484 23.326502 61.000000 
196.348221 -101.135765 23.321770 84.000000 
196.417175 -100.995491 23.328146 61.000000 
196.334595 -101.137108 23.312996 79.000000 
196.408127 -100.986237 23.327372 63.000000 
196.330551 -101.115509 23.321089 75.000000 
196.325500 -101.095169 23.327963 65.000000 
196.317474 -101.082550 23.329308 56.000000 
196.237961 -101.208405 23.330095 63.000000 
196.301392 -101.089890 23.316147 79.000000 
196.227783 -101.200142 23.327978 75.000000 
196.218414 -101.188416 23.327896 66.000000 
196.208954 -101.178551 23.326923 70.000000 
196.122345 -101.313438 23.326540 87.000000 
196.197418 -101.175179 23.321789 66.000000 
196.110397 -101.309860 23.321375 73.000000 
196.190704 -101.159111 23.325220 66.000000 
196.100662 -101.299660 23.320269 76.000000 
196.088303 -101.293732 23.315878 76.000000 
196.001175 -101.411415 23.328691 56.000000 
196.082855 -101.274193 23.321154 70.000000 
195.990494 -101.402466 23.326469 61.000000 
196.076080 -101.257767 23.324369 68.000000 
195.982773 -101.387245 23.328346 60.000000 
195.973648 -101.375137 23.328226 69.000000 
195.964584 -101.363014 23.328142 64.000000 
195.953308 -101.355515 23.325024 64.000000 
195.856583 -101.495064 23.331493 53.000000 
195.941299 -101.349518 23.320906 56.000000 
195.843384 -101.490372 23.326323 56.000000 
195.830765 -101.486023 23.321331 56.000000 
195.722839 -101.643028 23.324133 56.000000 
195.817566 -101.481224 23.316200 55.000000 
195.719666 -101.617630 23.331297 65.000000 
195.813873 -101.457825 23.322969 55.000000 
195.707672 -101.609428 23.328068 72.000000 
195.696503 -101.599632 23.325817 68.000000 
195.683960 -101.590942 23.322483 63.000000 
195.679504 -101.568695 23.327934 59.000000 
195.550613 -101.753502 23.319340 94.000000 
195.667648 -101.560379 23.324827 59.000000 
195.541641 -101.738571 23.319761 78.000000 
195.537903 -101.714310 23.325733 71.000000 
195.526245 -101.706017 23.322723 67.000000 
195.515732 -101.694153 23.321424 67.000000 
195.390045 -101.863899 23.328791 66.000000 
195.501480 -101.690414 23.315702 55.000000 
195.376175 -101.858315 23.323959 69.000000 
195.365280 -101.846008 23.322521 66.000000 
195.357452 -101.827042 23.324501 61.000000 
195.218414 -102.013496 23.330717 50.000000 
195.351257 -101.806999 23.327574 56.000000 
195.199677 -102.013176 23.322382 75.000000 
195.183716 -102.008110 23.316603 106.000000 
195.174362 -101.992165 23.316784 69.000000 
195.169830 -101.968506 23.321251 63.000000 
194.984650 -102.186249 23.310282 120.000000 
194.981781 -102.158928 23.315941 122.000000 
194.978073 -102.133186 23.320848 120.000000 
194.789368 -102.346123 23.322052 107.000000 
194.762085 -102.355263 23.308729 120.000000 
194.745895 -102.347336 23.303921 123.000000 
194.742035 -102.320969 23.308443 121.000000 
194.734879 -102.301308 23.310076 121.000000 
197.756104 -100.053734 23.338522 58.000000 
197.744110 -100.059410 23.326538 71.000000 
197.735779 -100.049904 23.327110 71.000000 
197.728638 -100.035866 23.331490 80.000000 
197.674408 -100.132973 23.335020 57.000000 
197.719650 -100.029350 23.329609 63.000000 
197.663940 -100.130867 23.329334 70.000000 
197.709915 -100.025810 23.325228 71.000000 
197.658447 -100.110443 23.338406 65.000000 
197.701752 -100.016243 23.325918 57.000000 
197.648865 -100.105240 23.335230 52.000000 
197.637589 -100.106071 23.327143 56.000000 
197.586258 -100.186211 23.347376 52.000000 
197.628006 -100.100792 23.323997 58.000000 
197.569168 -100.205360 23.324966 60.000000 
197.620193 -100.089447 23.325819 60.000000 
197.561157 -100.193764 23.326551 56.000000 
197.553238 -100.185760 23.326084 62.000000 
197.493225 -100.285439 23.334349 50.000000 
197.545792 -100.172615 23.328939 55.000000 
197.484131 -100.276672 23.333431 64.000000 
197.536499 -100.163757 23.328056 64.000000 
197.475067 -100.266052 23.333551 53.000000 
197.529663 -100.149086 23.332195 64.000000 
197.467575 -100.252632 23.336216 52.000000 
197.462189 -100.234894 23.342606 52.000000 
197.385483 -100.375748 23.323242 69.000000 
197.450180 -100.235260 23.334753 52.000000 
197.382721 -100.348045 23.335955 63.000000 
197.442337 -100.223351 23.336344 52.000000 
197.375198 -100.334320 23.338446 59.000000 
197.363861 -100.331390 23.332958 59.000000 
197.353134 -100.325035 23.329622 53.000000 
197.286926 -100.428574 23.342052 76.000000 
197.341797 -100.322014 23.324169 51.000000 
197.272919 -100.431641 23.332134 69.000000 
197.264191 -100.420670 23.332249 75.000000 
197.255524 -100.409683 23.332396 65.000000 
197.248535 -100.397781 23.334011 63.000000 
197.174286 -100.512871 23.341656 67.000000 
197.240570 -100.385231 23.335342 63.000000 
197.161026 -100.512520 23.334082 74.000000 
197.230820 -100.377289 23.333347 50.000000 
197.152847 -100.499664 23.335196 75.000000 
197.149887 -100.474403 23.345036 63.000000 
197.058502 -100.623413 23.333986 71.000000 
197.137970 -100.470848 23.339708 59.000000 
197.048798 -100.613350 23.332808 76.000000 
197.128677 -100.461067 23.338757 59.000000 
197.043869 -100.592354 23.339024 59.000000 
197.030441 -100.587807 23.333384 61.000000 
197.022263 -100.574585 23.334415 64.000000 
196.937119 -100.692719 23.346012 50.000000 
197.008270 -100.577553 23.325230 59.000000 
196.921555 -100.694839 23.336649 63.000000 
197.006454 -100.550377 23.335846 54.000000 
196.909180 -100.686783 23.333097 61.000000 
196.902328 -100.670097 23.336031 59.000000 
196.806076 -100.813606 23.339758 50.000000 
196.898163 -100.651047 23.341375 59.000000 
196.792801 -100.811043 23.333681 62.000000 
196.887039 -100.643669 23.338242 59.000000 
196.787125 -100.792793 23.337494 59.000000 
196.782715 -100.769119 23.343996 53.000000 
196.768723 -100.768021 23.337008 52.000000 
196.662735 -100.921288 23.339867 58.000000 
196.756119 -100.759483 23.333527 53.000000 
196.652847 -100.906166 23.340067 63.000000 
196.640991 -100.898079 23.336819 60.000000 
196.629166 -100.889954 23.333599 57.000000 
196.618973 -100.878685 23.332319 56.000000 
196.502243 -101.043518 23.334511 78.000000 
196.610489 -100.864296 23.332993 50.000000 
196.489990 -101.034988 23.331223 77.000000 
196.481155 -101.020195 23.331646 71.000000 
196.476181 -101.001579 23.335197 64.000000 
196.357254 -101.164558 23.345787 50.000000 
196.469208 -100.983673 23.337551 56.000000 
196.340256 -101.163452 23.338062 73.000000 
196.455048 -100.975739 23.333158 53.000000 
196.328171 -101.150452 23.336220 59.000000 
196.324539 -101.125877 23.341831 58.000000 
196.315369 -101.112648 23.341448 56.000000 
196.168045 -101.314522 23.337116 75.000000 
196.302933 -101.103600 23.338272 56.000000 
196.160538 -101.295692 23.338884 66.000000 
196.152863 -101.278893 23.340015 112.000000 
196.137131 -101.274025 23.334213 108.000000 
196.123871 -101.261940 23.331526 72.000000 
195.976028 -101.454659 23.340647 121.000000 
196.115707 -101.244614 23.332611 54.000000 
195.963577 -101.443077 23.338142 122.000000 
195.951141 -101.431465 23.335674 121.000000 
195.935837 -101.424446 23.330791 121.000000 
195.936203 -101.392715 23.339005 115.000000 
195.753510 -101.632385 23.333223 124.000000 
195.746582 -101.610886 23.335321 121.000000 
195.740143 -101.592003 23.337021 123.000000 
195.729355 -101.576675 23.336102 121.000000 
195.717621 -101.562866 23.334446 122.000000 
198.660202 -99.358215 23.336771 57.000000 
198.648621 -99.362381 23.326044 78.000000 
198.638092 -99.361961 23.319096 77.000000 
198.627167 -99.362991 23.310892 68.000000 
198.620041 -99.348953 23.315346 68.000000 
198.567673 -99.438438 23.324699 85.000000 
198.614548 -99.328934 23.324909 77.000000 
198.555969 -99.440857 23.315344 73.000000 
198.604446 -99.326881 23.319304 68.000000 
198.550095 -99.421989 23.323286 63.000000 
198.596725 -99.315834 23.321333 54.000000 
198.543060 -99.407677 23.327570 58.000000 
198.532669 -99.405457 23.321983 54.000000 
198.474152 -99.509972 23.322374 64.000000 
198.524872 -99.394142 23.323854 52.000000 
198.465698 -99.499939 23.322807 80.000000 
198.512283 -99.399368 23.312088 50.000000 
198.455887 -99.494461 23.319643 71.000000 
198.446091 -99.488960 23.316502 72.000000 
198.385529 -99.590042 23.323036 54.000000 
198.437271 -99.480385 23.315805 58.000000 
198.379471 -99.572044 23.329245 71.000000 
198.430405 -99.465729 23.319992 56.000000 
198.370468 -99.563263 23.328428 64.000000 
198.423630 -99.451088 23.324223 60.000000 
198.358444 -99.563644 23.320557 56.000000 
198.350525 -99.551750 23.322153 58.000000 
198.281555 -99.669289 23.319576 69.000000 
198.344208 -99.537094 23.326307 53.000000 
198.270691 -99.666664 23.314228 63.000000 
198.335892 -99.526711 23.326790 51.000000 
198.264252 -99.649841 23.319088 59.000000 
198.257416 -99.632721 23.323841 52.000000 
198.181015 -99.764290 23.315662 52.000000 
198.247787 -99.625122 23.321871 65.000000 
198.177490 -99.739372 23.325836 79.000000 
198.238708 -99.617798 23.320082 52.000000 
198.166336 -99.736488 23.320559 85.000000 
198.158844 -99.722435 23.322987 58.000000 
198.146591 -99.720703 23.316469 55.000000 
198.134933 -99.717377 23.311089 62.000000 
198.067291 -99.815407 23.330488 54.000000 
198.131866 -99.692528 23.321497 55.000000 
198.054047 -99.815010 23.322943 64.000000 
198.042694 -99.809906 23.318682 66.000000 
198.036545 -99.792404 23.323187 65.000000 
197.947449 -99.935066 23.315968 65.000000 
198.027863 -99.781075 23.323359 50.000000 
197.939774 -99.920311 23.318024 87.000000 
198.021881 -99.763588 23.327950 53.000000 
197.929443 -99.911766 23.315882 62.000000 
197.925339 -99.889244 23.323315 62.000000 
197.914413 -99.882225 23.320183 61.000000 
197.827316 -100.001122 23.329935 50.000000 
197.812622 -99.999687 23.322475 60.000000 
197.805038 -99.984581 23.324444 55.000000 
197.792938 -99.980682 23.319401 58.000000 
197.786194 -99.963997 23.322470 56.000000 
197.685837 -100.112915 23.321188 65.000000 
197.676575 -100.100525 23.320971 57.000000 
197.668152 -100.086578 23.321783 55.000000 
197.551758 -100.230782 23.322079 58.000000 
197.651474 -100.058655 23.323524 55.000000 
197.543091 -100.216454 23.322689 61.000000 
197.536102 -100.198997 23.325262 65.000000 
197.525116 -100.189316 23.323067 54.000000 
197.513336 -100.181145 23.319939 51.000000 
197.399841 -100.339539 23.325018 82.000000 
197.390182 -100.326340 23.324579 66.000000 
197.378265 -100.315804 23.322163 55.000000 
197.366119 -100.307213 23.319008 53.000000 
197.250717 -100.461777 23.333185 50.000000 
197.355469 -100.297462 23.316969 56.000000 
197.236145 -100.457954 23.327442 63.000000 
197.220932 -100.453629 23.321558 67.000000 
197.212891 -100.436836 23.322840 59.000000 
197.207611 -100.415405 23.326845 58.000000 
197.063416 -100.612793 23.324312 107.000000 
197.052277 -100.600189 23.322775 106.000000 
197.049576 -100.573624 23.328978 66.000000 
197.038574 -100.561012 23.327524 66.000000 
197.023865 -100.554535 23.322670 66.000000 
196.875015 -100.748543 23.329819 115.000000 
196.863571 -100.735420 23.328218 115.000000 
196.851212 -100.723824 23.325836 109.000000 
196.836945 -100.715263 23.321844 111.000000 
196.827591 -100.698975 23.321997 113.000000 
196.655914 -100.919289 23.324459 119.000000 
196.642059 -100.908630 23.321213 121.000000 
196.635300 -100.887161 23.323486 120.000000 
196.631699 -100.861115 23.328167 119.000000 
196.613922 -100.856506 23.321898 55.000000 
199.559036 -98.685013 23.327770 60.000000 
199.547089 -98.690674 23.315737 63.000000 
199.540344 -98.676910 23.320267 81.000000 
199.529831 -98.676445 23.313299 83.000000 
199.520737 -98.668175 23.312513 77.000000 
199.467896 -98.759163 23.320480 57.000000 
199.511353 -98.663124 23.309378 74.000000 
199.457047 -98.758530 23.313559 64.000000 
199.501999 -98.658051 23.306261 71.000000 
199.447830 -98.751785 23.311590 58.000000 
199.497421 -98.635048 23.318430 68.000000 
199.439896 -98.740479 23.313362 60.000000 
199.431183 -98.732185 23.312687 60.000000 
199.376572 -98.823006 23.323935 50.000000 
199.360382 -98.838951 23.303812 66.000000 
199.415161 -98.711029 23.315155 56.000000 
199.353287 -98.824280 23.307854 68.000000 
199.405670 -98.705681 23.312077 50.000000 
199.347198 -98.806587 23.314363 70.000000 
199.337433 -98.801041 23.311213 64.000000 
199.275558 -98.904999 23.315088 58.000000 
199.327682 -98.795471 23.308084 70.000000 
199.272049 -98.879311 23.327213 64.000000 
199.319397 -98.787125 23.307566 52.000000 
199.261566 -98.876923 23.321831 55.000000 
199.311646 -98.775459 23.309357 52.000000 
199.251617 -98.871155 23.318672 55.000000 
199.182617 -98.988663 23.315899 65.000000 
199.240662 -98.866577 23.314192 52.000000 
199.173996 -98.976181 23.317097 63.000000 
199.233871 -98.851608 23.318203 50.000000 
199.164856 -98.967072 23.316187 64.000000 
199.226563 -98.841782 23.318993 55.000000 
199.153992 -98.966232 23.309856 61.000000 
199.146011 -98.953995 23.311306 63.000000 
199.077286 -99.063698 23.318649 72.000000 
199.138702 -98.938393 23.314951 53.000000 
199.059204 -99.075645 23.301796 95.000000 
199.130859 -98.926147 23.316479 57.000000 
199.054611 -99.053818 23.309793 65.000000 
199.120102 -98.923347 23.311230 59.000000 
199.050659 -99.032341 23.318005 56.000000 
199.039032 -99.029037 23.312597 69.000000 
198.965775 -99.140953 23.321810 54.000000 
199.027420 -99.025681 23.307205 90.000000 
198.956970 -99.129677 23.321856 69.000000 
199.018875 -99.014618 23.307480 54.000000 
198.947571 -99.119942 23.320845 70.000000 
198.934982 -99.117897 23.314388 65.000000 
198.851807 -99.246559 23.316582 67.000000 
198.923035 -99.114258 23.309044 65.000000 
198.840790 -99.239601 23.313322 88.000000 
198.915131 -99.099472 23.311247 53.000000 
198.829239 -99.232254 23.309927 67.000000 
198.816879 -99.228325 23.304592 71.000000 
198.807968 -99.216614 23.304598 59.000000 
198.724136 -99.327820 23.319601 54.000000 
198.804001 -99.194092 23.312099 52.000000 
198.710724 -99.325172 23.313280 67.000000 
198.797333 -99.177765 23.315388 62.000000 
198.706741 -99.302284 23.320366 64.000000 
198.696854 -99.293739 23.318382 56.000000 
198.596100 -99.444504 23.316013 50.000000 
198.685715 -99.286339 23.315233 58.000000 
198.591339 -99.422775 23.321697 73.000000 
198.674576 -99.278908 23.312111 55.000000 
198.579071 -99.416641 23.317472 60.000000 
198.564484 -99.415115 23.310278 55.000000 
198.551819 -99.406548 23.306778 53.000000 
198.454681 -99.542915 23.319735 63.000000 
198.546600 -99.386360 23.311632 57.000000 
198.439606 -99.541061 23.312630 67.000000 
198.428116 -99.535294 23.308754 65.000000 
198.421158 -99.517807 23.311331 63.000000 
198.415909 -99.497231 23.315887 56.000000 
198.288132 -99.682098 23.304802 75.000000 
198.404999 -99.487480 23.313719 51.000000 
198.281769 -99.662613 23.308022 82.000000 
198.277206 -99.640038 23.313150 66.000000 
198.265930 -99.629883 23.310883 61.000000 
198.255524 -99.618156 23.309580 59.000000 
198.136108 -99.778625 23.319746 69.000000 
198.120911 -99.774284 23.313814 66.000000 
198.113388 -99.753479 23.316536 56.000000 
198.096436 -99.752136 23.308868 54.000000 
197.948105 -99.924515 23.311663 104.000000 
197.937943 -99.910316 23.310982 69.000000 
197.927826 -99.896103 23.310341 56.000000 
197.922470 -99.874168 23.314045 63.000000 
197.753357 -100.068901 23.311754 121.000000 
197.744843 -100.051079 23.312616 115.000000 
197.733475 -100.037872 23.311049 105.000000 
197.719223 -100.029243 23.307041 109.000000 
197.548264 -100.247993 23.310102 124.000000 
197.541412 -100.226517 23.312305 119.000000 
197.527603 -100.215797 23.309053 117.000000 
197.515839 -100.201981 23.307409 114.000000 
197.505142 -100.186600 23.306595 105.000000 
200.441711 -97.999718 23.343121 51.000000 
200.431091 -97.997551 23.337233 60.000000 
200.421326 -97.994072 23.332775 78.000000 
200.413528 -97.984795 23.333536 86.000000 
200.404160 -97.979759 23.330379 83.000000 
200.351059 -98.070564 23.338596 57.000000 
200.394028 -97.977684 23.324713 68.000000 
200.343521 -98.057755 23.341532 77.000000 
200.385849 -97.968094 23.325392 57.000000 
200.332260 -98.058601 23.333410 83.000000 
200.377274 -97.958229 23.325947 83.000000 
200.321777 -98.054581 23.328840 62.000000 
200.313065 -98.046249 23.328154 56.000000 
200.260422 -98.129257 23.345730 52.000000 
200.304398 -98.037903 23.327497 56.000000 
200.244629 -98.143669 23.326868 64.000000 
200.301102 -98.011482 23.341755 58.000000 
200.235275 -98.136612 23.324865 73.000000 
200.228302 -98.121918 23.328926 67.000000 
200.166306 -98.225891 23.333281 54.000000 
200.222366 -98.104195 23.335451 74.000000 
200.157761 -98.215530 23.333557 67.000000 
200.213638 -98.099174 23.332642 57.000000 
200.150772 -98.204201 23.335365 66.000000 
200.204422 -98.092049 23.330753 64.000000 
200.143341 -98.190750 23.338062 56.000000 
200.133438 -98.181313 23.336943 53.000000 
200.062424 -98.303238 23.331047 67.000000 
200.125092 -98.170898 23.337353 51.000000 
200.057083 -98.283295 23.338120 83.000000 
200.114059 -98.171715 23.329815 51.000000 
200.048431 -98.276314 23.336378 67.000000 
200.038239 -98.270233 23.333189 63.000000 
199.969482 -98.379883 23.340929 50.000000 
200.028046 -98.264114 23.330023 61.000000 
199.960175 -98.370476 23.339901 76.000000 
200.020172 -98.251846 23.331493 61.000000 
199.945541 -98.374992 23.328844 85.000000 
200.013000 -98.236214 23.335155 61.000000 
199.937531 -98.360558 23.331057 67.000000 
199.928299 -98.351074 23.330107 58.000000 
199.855515 -98.461426 23.340948 57.000000 
199.922684 -98.334198 23.334957 52.000000 
199.843414 -98.459801 23.334597 72.000000 
199.911072 -98.330818 23.329576 79.000000 
199.835251 -98.446922 23.335709 79.000000 
199.827911 -98.430611 23.338879 60.000000 
199.819229 -98.419273 23.338978 58.000000 
199.731689 -98.556931 23.335012 91.000000 
199.809158 -98.412880 23.335989 68.000000 
199.725311 -98.540947 23.338245 95.000000 
199.795914 -98.412262 23.328489 68.000000 
199.713669 -98.535500 23.333961 71.000000 
199.698715 -98.535851 23.325302 55.000000 
199.691956 -98.519470 23.328476 68.000000 
199.601929 -98.644730 23.334608 58.000000 
199.687210 -98.500381 23.333975 66.000000 
199.590683 -98.637367 23.331362 60.000000 
199.585297 -98.617546 23.336348 61.000000 
199.577820 -98.602394 23.338303 58.000000 
199.474289 -98.757530 23.333389 68.000000 
199.570602 -98.585327 23.341171 58.000000 
199.466721 -98.740051 23.335894 74.000000 
199.459824 -98.722969 23.338610 57.000000 
199.448151 -98.717148 23.334572 56.000000 
199.335434 -98.851189 23.340603 72.000000 
199.323380 -98.845039 23.336546 68.000000 
199.315613 -98.829109 23.338106 58.000000 
199.302200 -98.824036 23.332985 59.000000 
199.295380 -98.806526 23.335581 61.000000 
199.173737 -98.978539 23.332439 82.000000 
199.161774 -98.967957 23.329929 67.000000 
199.151291 -98.956223 23.328539 63.000000 
199.149506 -98.928986 23.336456 64.000000 
199.024506 -99.100693 23.341030 61.000000 
199.138306 -98.918785 23.334221 63.000000 
199.011063 -99.093239 23.336851 74.000000 
199.007828 -99.071121 23.341921 57.000000 
198.997147 -99.058968 23.340481 57.000000 
198.986526 -99.046791 23.339075 57.000000 
198.847473 -99.232391 23.342623 108.000000 
198.835480 -99.221329 23.340187 102.000000 
198.820358 -99.212364 23.335751 114.000000 
198.810303 -99.198135 23.335093 55.000000 
198.801254 -99.182343 23.335331 51.000000 
198.646820 -99.383568 23.338604 121.000000 
198.633453 -99.373474 23.335312 113.000000 
198.625977 -99.354088 23.336964 61.000000 
198.620544 -99.331627 23.340303 61.000000 
198.434937 -99.545830 23.338619 122.000000 
198.429199 -99.522812 23.341566 123.000000 
198.419495 -99.505951 23.341438 119.000000 
198.407822 -99.492149 23.339787 119.000000 
201.311234 -97.320305 23.319483 63.000000 
201.299896 -97.322754 23.309959 71.000000 
201.293152 -97.307144 23.315620 74.000000 
201.282181 -97.307999 23.307388 80.000000 
201.228271 -97.398865 23.315802 52.000000 
201.273895 -97.296600 23.309156 77.000000 
201.221512 -97.381172 23.322292 72.000000 
201.264511 -97.291412 23.306034 71.000000 
201.209763 -97.383408 23.312908 67.000000 
201.256424 -97.283478 23.305630 86.000000 
201.201050 -97.376801 23.311119 63.000000 
201.190567 -97.374413 23.305470 61.000000 
201.182755 -97.362976 23.307295 60.000000 
201.124069 -97.462601 23.311600 55.000000 
201.176788 -97.345528 23.314133 61.000000 
201.111832 -97.464584 23.302334 62.000000 
201.165894 -97.342789 23.308399 56.000000 
201.104843 -97.448021 23.307463 70.000000 
201.097961 -97.433273 23.311583 66.000000 
201.032944 -97.543045 23.311058 61.000000 
201.088181 -97.431168 23.306330 70.000000 
201.026459 -97.530106 23.314054 72.000000 
201.079407 -97.422432 23.305647 70.000000 
201.017456 -97.521164 23.313215 67.000000 
201.006912 -97.516769 23.308851 56.000000 
200.935974 -97.635620 23.305573 69.000000 
201.000107 -97.501701 23.312811 59.000000 
200.933411 -97.607925 23.318422 83.000000 
200.989609 -97.497253 23.308496 52.000000 
200.924850 -97.597176 23.318663 65.000000 
200.913483 -97.594063 23.313162 65.000000 
200.902115 -97.590897 23.307676 59.000000 
200.838745 -97.683289 23.327822 66.000000 
200.895370 -97.575500 23.311472 59.000000 
200.821060 -97.695389 23.311131 79.000000 
200.886444 -97.564354 23.311676 72.000000 
200.806976 -97.696274 23.302124 90.000000 
200.801361 -97.677452 23.307919 65.000000 
200.796371 -97.658989 23.313921 65.000000 
200.714264 -97.789063 23.310389 74.000000 
200.786591 -97.650909 23.311913 53.000000 
200.704773 -97.779175 23.309322 79.000000 
200.702515 -97.752319 23.320322 73.000000 
200.690521 -97.748589 23.314955 75.000000 
200.603989 -97.881401 23.314350 67.000000 
200.681732 -97.739014 23.314152 52.000000 
200.593506 -97.874657 23.311247 88.000000 
200.667740 -97.739784 23.305527 63.000000 
200.583862 -97.864426 23.310127 70.000000 
200.572311 -97.856903 23.306753 70.000000 
200.485413 -97.972511 23.319227 61.000000 
200.561325 -97.849701 23.303564 62.000000 
200.473373 -97.966637 23.314928 66.000000 
200.552505 -97.837852 23.303598 61.000000 
200.459885 -97.963806 23.308594 67.000000 
200.450821 -97.951653 23.308458 59.000000 
200.446289 -97.930222 23.314552 56.000000 
200.347000 -98.074158 23.316740 51.000000 
200.436615 -97.919594 23.313463 55.000000 
200.332321 -98.072540 23.309488 74.000000 
200.330063 -98.046066 23.318201 59.000000 
200.316986 -98.041275 23.313000 55.000000 
200.305496 -98.033348 23.309816 59.000000 
200.202209 -98.178429 23.317385 69.000000 
200.190094 -98.172150 23.313318 61.000000 
200.179871 -98.160759 23.312006 58.000000 
200.166595 -98.153572 23.307671 54.000000 
200.048340 -98.317848 23.309717 75.000000 
200.158936 -98.137512 23.309322 56.000000 
200.035187 -98.310699 23.305483 100.000000 
200.025482 -98.297310 23.304989 68.000000 
200.016693 -98.282356 23.305464 64.000000 
200.012070 -98.261673 23.309866 64.000000 
199.879898 -98.441910 23.309217 69.000000 
199.869034 -98.429626 23.307697 70.000000 
199.870834 -98.395683 23.318735 55.000000 
199.853806 -98.394203 23.311037 57.000000 
199.843109 -98.381874 23.309633 50.000000 
199.701431 -98.570602 23.311995 114.000000 
199.694977 -98.550102 23.314699 69.000000 
199.678253 -98.546562 23.308004 69.000000 
199.665314 -98.536797 23.304770 112.000000 
199.514771 -98.730309 23.312870 121.000000 
199.498398 -98.724716 23.307074 124.000000 
199.492752 -98.702126 23.310345 120.000000 
199.479675 -98.689789 23.307743 61.000000 
199.473236 -98.668747 23.310287 117.000000 
199.288803 -98.905258 23.304750 121.000000 
199.279572 -98.888779 23.304707 120.000000 
199.271744 -98.868675 23.306112 118.000000 
199.264008 -98.848587 23.307568 120.000000 
199.246078 -98.843727 23.301188 50.000000 
202.208389 -96.628685 23.344418 60.000000 
202.195297 -96.640488 23.327505 63.000000 
202.185837 -96.635391 23.324286 74.000000 
202.177872 -96.622505 23.327242 77.000000 
202.167679 -96.620361 23.321539 74.000000 
202.112366 -96.715683 23.326376 69.000000 
202.159073 -96.612190 23.320919 77.000000 
202.105255 -96.701256 23.330534 64.000000 
202.149689 -96.606987 23.317785 71.000000 
202.094330 -96.700447 23.323616 63.000000 
202.142441 -96.596054 23.319912 68.000000 
202.086929 -96.689293 23.325527 52.000000 
202.032303 -96.776955 23.339842 54.000000 
202.077332 -96.683891 23.322355 52.000000 
202.024796 -96.763786 23.342619 52.000000 
202.068634 -96.675446 23.321688 56.000000 
202.008865 -96.778030 23.323713 66.000000 
202.062714 -96.657990 23.328505 54.000000 
201.998062 -96.775436 23.318075 70.000000 
201.989166 -96.766731 23.317291 68.000000 
201.984238 -96.745903 23.326235 64.000000 
201.919083 -96.855583 23.325863 64.000000 
201.973480 -96.743217 23.320665 64.000000 
201.911606 -96.842049 23.328520 62.000000 
201.963730 -96.737480 23.317543 66.000000 
201.904709 -96.826988 23.332397 59.000000 
201.894730 -96.821068 23.329220 58.000000 
201.823166 -96.941261 23.324772 67.000000 
201.883682 -96.818161 23.323696 55.000000 
201.819550 -96.916634 23.335299 64.000000 
201.874802 -96.809135 23.322931 58.000000 
201.807632 -96.915085 23.328625 61.000000 
201.797379 -96.908882 23.325420 59.000000 
201.732925 -97.004395 23.343529 54.000000 
201.788818 -96.899902 23.324707 55.000000 
201.717575 -97.012238 23.330370 84.000000 
201.780945 -96.887543 23.326176 55.000000 
201.702835 -97.016579 23.319275 85.000000 
201.772629 -96.874863 23.327524 55.000000 
201.694824 -97.002045 23.321480 65.000000 
201.688019 -96.986298 23.325012 67.000000 
201.616806 -97.090195 23.340456 50.000000 
201.683075 -96.967819 23.330996 67.000000 
201.598877 -97.102386 23.324299 66.000000 
201.592651 -97.084763 23.328672 75.000000 
201.586639 -97.065277 23.334024 63.000000 
201.496918 -97.205971 23.328398 63.000000 
201.573334 -97.064598 23.326468 63.000000 
201.484467 -97.201988 23.322981 76.000000 
201.566544 -97.050400 23.328936 68.000000 
201.479477 -97.182800 23.328325 73.000000 
201.467773 -97.177208 23.324020 68.000000 
201.381866 -97.289421 23.338654 54.000000 
201.454834 -97.172752 23.318514 64.000000 
201.369843 -97.283577 23.334328 59.000000 
201.446671 -97.159370 23.319565 64.000000 
201.359283 -97.274574 23.332075 60.000000 
201.345078 -97.273293 23.324715 66.000000 
201.338821 -97.256866 23.327816 61.000000 
201.334335 -97.235435 23.333889 58.000000 
201.222427 -97.406029 23.319426 68.000000 
201.323196 -97.227890 23.330732 58.000000 
201.217957 -97.382210 23.325893 69.000000 
201.213196 -97.362312 23.330759 63.000000 
201.201111 -97.354019 23.327377 58.000000 
201.095566 -97.503906 23.332422 79.000000 
201.192566 -97.341850 23.327339 62.000000 
201.086090 -97.491005 23.331991 76.000000 
201.075027 -97.481186 23.329676 66.000000 
201.061523 -97.475990 23.324505 65.000000 
200.949356 -97.629524 23.333435 71.000000 
201.049911 -97.465683 23.322086 60.000000 
200.935623 -97.621994 23.329008 89.000000 
200.922501 -97.614845 23.324776 75.000000 
200.910004 -97.608086 23.320730 67.000000 
200.901245 -97.593124 23.321188 64.000000 
200.785736 -97.746048 23.337387 59.000000 
200.899796 -97.563843 23.329893 50.000000 
200.761780 -97.755112 23.323217 72.000000 
200.759018 -97.728874 23.329700 66.000000 
200.755493 -97.704216 23.335354 61.000000 
200.609406 -97.900772 23.333651 54.000000 
200.598206 -97.888039 23.331985 105.000000 
200.586121 -97.876831 23.329504 106.000000 
200.575958 -97.862503 23.328768 63.000000 
200.562714 -97.854797 23.324804 72.000000 
200.416290 -98.042259 23.336521 121.000000 
200.399933 -98.036728 23.330700 124.000000 
200.390396 -98.020325 23.330633 115.000000 
200.373077 -98.016220 23.324049 105.000000 
200.367569 -97.993629 23.327345 55.000000 
200.194153 -98.215546 23.330387 122.000000 
200.177170 -98.209343 23.324659 123.000000 
200.169312 -98.189255 23.325998 120.000000 
200.167664 -98.159973 23.332088 119.000000 
203.068848 -95.956863 23.351120 51.000000 
203.055923 -95.967041 23.335505 63.000000 
203.046402 -95.961845 23.332283 61.000000 
203.038116 -95.952118 23.332861 71.000000 
203.029465 -95.943871 23.332209 74.000000 
202.971939 -96.043610 23.334127 69.000000 
203.019547 -95.938324 23.328899 71.000000 
202.965683 -96.024269 23.341789 51.000000 
203.010101 -95.933014 23.325768 68.000000 
202.956467 -96.017311 23.339813 50.000000 
203.004608 -95.917801 23.331837 63.000000 
202.947327 -96.013893 23.335712 56.000000 
202.938583 -96.005371 23.335014 50.000000 
202.879547 -96.103409 23.341574 54.000000 
202.928940 -95.998062 23.332951 52.000000 
202.867203 -96.103516 23.333368 58.000000 
202.921219 -95.986504 23.334785 52.000000 
202.857300 -96.097771 23.330151 66.000000 
202.914032 -95.973442 23.337896 51.000000 
202.850403 -96.082901 23.334190 66.000000 
202.843079 -96.069557 23.337065 62.000000 
202.776855 -96.179031 23.337563 68.000000 
202.833755 -96.064041 23.334085 60.000000 
202.767761 -96.171814 23.335665 77.000000 
202.825516 -96.053688 23.334604 55.000000 
202.757675 -96.165787 23.332453 74.000000 
202.751984 -96.145737 23.339710 61.000000 
202.675262 -96.276466 23.328215 69.000000 
202.741959 -96.139671 23.336557 53.000000 
202.672897 -96.248657 23.340969 83.000000 
202.731339 -96.136909 23.331219 58.000000 
202.664261 -96.239616 23.340197 72.000000 
202.655716 -96.228714 23.340441 65.000000 
202.583130 -96.342514 23.346003 56.000000 
202.641922 -96.231529 23.330368 50.000000 
202.568863 -96.345238 23.336050 84.000000 
202.556412 -96.343262 23.329445 79.000000 
202.629303 -96.197121 23.340063 61.000000 
202.544647 -96.337822 23.324926 79.000000 
202.539749 -96.317345 23.331778 75.000000 
202.533691 -96.299957 23.336443 67.000000 
202.450043 -96.429634 23.334253 57.000000 
202.523865 -96.291740 23.334421 75.000000 
202.439865 -96.421150 23.332085 66.000000 
202.434952 -96.402222 23.337711 68.000000 
202.343033 -96.544228 23.332458 68.000000 
202.427582 -96.387566 23.339962 61.000000 
202.336761 -96.526123 23.336502 75.000000 
202.414291 -96.384811 23.333372 66.000000 
202.327209 -96.513855 23.336220 84.000000 
202.402191 -96.380821 23.328045 68.000000 
202.316132 -96.506561 23.332972 82.000000 
202.307053 -96.496521 23.332024 76.000000 
202.216568 -96.616272 23.342783 66.000000 
202.296738 -96.487633 23.329885 73.000000 
202.204453 -96.610222 23.338480 72.000000 
202.290817 -96.469521 23.334131 64.000000 
202.196106 -96.596397 23.339310 58.000000 
202.186493 -96.583725 23.338993 61.000000 
202.177505 -96.571419 23.338873 58.000000 
202.070297 -96.727203 23.334728 68.000000 
202.169342 -96.557571 23.339815 58.000000 
202.060181 -96.716072 23.333416 61.000000 
202.054886 -96.695656 23.338072 66.000000 
202.045471 -96.684906 23.336994 57.000000 
201.936020 -96.839005 23.340635 60.000000 
202.034714 -96.675270 23.334795 55.000000 
201.930634 -96.818184 23.344952 73.000000 
201.917023 -96.812866 23.339767 59.000000 
201.905090 -96.804398 23.336521 56.000000 
201.785446 -96.968277 23.340488 66.000000 
201.893173 -96.795898 23.333300 57.000000 
201.776535 -96.953232 23.340816 77.000000 
201.756378 -96.958305 23.329231 82.000000 
201.750763 -96.938995 23.332548 70.000000 
201.632629 -97.092819 23.349531 51.000000 
201.738449 -96.930046 23.329292 70.000000 
201.736206 -96.902168 23.336992 60.000000 
201.601135 -97.083069 23.337362 56.000000 
201.592987 -97.065979 23.338476 59.000000 
201.589508 -97.041183 23.344067 56.000000 
201.445908 -97.231300 23.347868 54.000000 
201.580612 -97.025642 23.344385 55.000000 
201.427139 -97.230782 23.339417 68.000000 
201.416855 -97.216278 23.338615 106.000000 
201.407578 -97.200226 23.338703 106.000000 
201.397415 -97.185692 23.337982 111.000000 
201.249268 -97.372353 23.351530 50.000000 
201.226898 -97.375862 23.340860 112.000000 
201.212372 -97.366951 23.336702 121.000000 
201.195862 -97.361061 23.330946 121.000000 
201.200348 -97.322998 23.342337 120.000000 
201.011017 -97.563377 23.337149 120.000000 
200.997955 -97.550766 23.334530 124.000000 
200.992828 -97.527977 23.337547 124.000000 
200.990219 -97.500076 23.342781 122.000000 
203.953049 -95.274635 23.349129 57.000000 
203.940338 -95.281487 23.335886 61.000000 
203.934875 -95.261269 23.345308 71.000000 
203.925003 -95.257530 23.340910 77.000000 
203.864151 -95.369438 23.333002 69.000000 
203.916382 -95.249283 23.340317 71.000000 
203.906586 -95.247238 23.334845 77.000000 
203.852249 -95.334602 23.346434 61.000000 
203.898010 -95.238937 23.334299 71.000000 
203.842575 -95.329132 23.343277 61.000000 
203.891220 -95.224686 23.338856 86.000000 
203.832916 -95.323639 23.340139 60.000000 
203.774475 -95.420235 23.348005 61.000000 
203.822342 -95.321106 23.334549 56.000000 
203.763580 -95.417595 23.342396 55.000000 
203.815521 -95.306549 23.338882 54.000000 
203.754166 -95.410347 23.340416 60.000000 
203.808319 -95.293495 23.342018 51.000000 
203.743774 -95.406105 23.336046 64.000000 
203.735397 -95.395775 23.336527 62.000000 
203.729645 -95.377899 23.343088 62.000000 
203.659546 -95.497925 23.335279 67.000000 
203.719330 -95.373581 23.338795 68.000000 
203.653168 -95.481216 23.340322 66.000000 
203.710052 -95.366219 23.336945 58.000000 
203.646362 -95.466049 23.344236 61.000000 
203.567398 -95.604912 23.327358 60.000000 
203.635757 -95.461502 23.339931 51.000000 
203.565613 -95.573708 23.342251 96.000000 
203.558670 -95.560066 23.344940 82.000000 
203.616821 -95.446259 23.336107 52.000000 
203.546661 -95.556496 23.339312 78.000000 
203.462479 -95.699898 23.324102 51.000000 
203.533905 -95.558083 23.330568 58.000000 
203.468353 -95.651611 23.350876 75.000000 
203.528885 -95.539825 23.336794 51.000000 
203.454483 -95.656487 23.340179 66.000000 
203.522751 -95.524620 23.340761 55.000000 
203.442017 -95.654472 23.333626 79.000000 
203.514038 -95.509659 23.343002 52.000000 
203.433517 -95.639481 23.335712 69.000000 
203.425507 -95.626678 23.337042 63.000000 
203.349152 -95.739555 23.347103 50.000000 
203.420547 -95.609962 23.342081 54.000000 
203.333420 -95.747215 23.334446 64.000000 
203.408783 -95.606293 23.336744 55.000000 
203.324570 -95.735626 23.334497 66.000000 
203.318069 -95.715637 23.339708 66.000000 
203.307983 -95.707100 23.337660 59.000000 
203.216064 -95.847130 23.333376 73.000000 
203.299683 -95.697708 23.337038 59.000000 
203.211716 -95.828194 23.338898 64.000000 
203.286194 -95.696732 23.329578 65.000000 
203.201340 -95.819336 23.336760 59.000000 
203.104645 -95.949379 23.340321 56.000000 
203.187714 -95.814316 23.331161 62.000000 
203.096939 -95.934006 23.342157 61.000000 
203.178116 -95.803856 23.330135 61.000000 
203.087814 -95.921722 23.341993 60.000000 
203.170013 -95.790314 23.331261 62.000000 
203.077209 -95.912506 23.339817 57.000000 
202.948624 -96.054016 23.330259 59.000000 
202.939896 -96.035439 23.332462 57.000000 
202.936005 -96.013855 23.338327 50.000000 
202.818588 -96.181763 23.333679 54.000000 
202.922989 -96.006874 23.334011 52.000000 
202.813934 -96.159340 23.338953 63.000000 
202.911957 -95.999130 23.331026 52.000000 
202.803558 -96.147789 23.337606 69.000000 
202.794907 -96.133118 23.338202 66.000000 
202.782089 -96.126137 23.334051 57.000000 
202.662018 -96.289917 23.338388 59.000000 
202.772430 -96.114937 23.332960 59.000000 
202.653702 -96.275269 23.338940 67.000000 
202.634323 -96.278702 23.328325 85.000000 
202.621918 -96.269707 23.325089 68.000000 
202.616638 -96.248375 23.329264 61.000000 
202.491150 -96.414650 23.339554 63.000000 
202.608795 -96.231667 23.330717 82.000000 
202.476563 -96.408348 23.334499 55.000000 
202.466553 -96.394287 23.333897 70.000000 
202.463989 -96.367912 23.340427 61.000000 
202.453201 -96.355377 23.339024 59.000000 
202.293747 -96.567650 23.330275 114.000000 
202.293228 -96.535622 23.338694 114.000000 
202.283936 -96.519524 23.338848 111.000000 
202.276337 -96.502380 23.340054 72.000000 
202.114090 -96.710472 23.342573 115.000000 
202.095520 -96.707687 23.335199 122.000000 
202.087875 -96.687950 23.336786 122.000000 
202.083313 -96.663635 23.340862 117.000000 
202.062790 -96.663750 23.331951 117.000000 
201.881561 -96.892288 23.334129 119.000000 
201.864334 -96.885727 23.328470 121.000000 
201.861237 -96.859810 23.333090 120.000000 
201.854446 -96.837944 23.335272 123.000000 
204.851471 -94.570427 23.375860 63.000000 
204.836014 -94.587822 23.353863 68.000000 
204.827774 -94.578117 23.354498 83.000000 
204.820007 -94.566902 23.356426 77.000000 
204.764023 -94.661873 23.361811 75.000000 
204.812286 -94.555687 23.358389 80.000000 
204.754791 -94.654953 23.359863 58.000000 
204.802917 -94.550415 23.355324 71.000000 
204.746490 -94.644997 23.360403 67.000000 
204.794418 -94.542137 23.354815 74.000000 
204.738235 -94.635017 23.360973 68.000000 
204.784210 -94.539780 23.349255 77.000000 
204.728638 -94.629539 23.357870 65.000000 
204.671265 -94.722794 23.367844 56.000000 
204.720001 -94.621025 23.357260 61.000000 
204.661438 -94.717133 23.364679 66.000000 
204.711395 -94.612495 23.356678 63.000000 
204.650116 -94.715996 23.357922 80.000000 
204.702332 -94.607208 23.353792 58.000000 
204.640762 -94.710541 23.354948 72.000000 
204.630447 -94.706284 23.350630 81.000000 
204.569565 -94.800438 23.362970 67.000000 
204.625259 -94.686913 23.358425 74.000000 
204.557343 -94.800583 23.355103 78.000000 
204.618637 -94.672081 23.362638 61.000000 
204.548355 -94.791527 23.354300 74.000000 
204.607895 -94.669258 23.357189 62.000000 
204.540497 -94.779411 23.355879 70.000000 
204.466660 -94.902374 23.350161 69.000000 
204.534927 -94.761223 23.362215 70.000000 
204.458588 -94.889954 23.351524 89.000000 
204.523285 -94.759697 23.355604 56.000000 
204.453522 -94.869873 23.358654 65.000000 
204.517303 -94.743027 23.360836 66.000000 
204.446793 -94.854401 23.362392 59.000000 
204.370087 -94.978874 23.360052 52.000000 
204.436569 -94.848083 23.359282 57.000000 
204.360123 -94.970795 23.357944 72.000000 
204.427567 -94.838692 23.358492 61.000000 
204.348938 -94.965759 23.353632 85.000000 
204.416168 -94.835350 23.353123 61.000000 
204.340271 -94.954544 23.353806 79.000000 
204.409668 -94.819855 23.357002 65.000000 
204.331665 -94.943306 23.354012 75.000000 
204.323090 -94.932068 23.354252 63.000000 
204.240845 -95.058578 23.354280 57.000000 
204.313934 -94.922333 23.353403 63.000000 
204.231369 -95.048569 23.353252 64.000000 
204.310043 -94.900414 23.361567 65.000000 
204.219910 -95.043159 23.348995 68.000000 
204.213898 -95.025429 23.353460 65.000000 
204.129364 -95.150017 23.359665 67.000000 
204.209351 -95.004662 23.360153 55.000000 
204.116867 -95.145874 23.354349 76.000000 
204.200089 -94.994598 23.359261 56.000000 
204.104370 -95.141678 23.349052 84.000000 
204.189453 -94.987572 23.356213 55.000000 
204.099075 -95.122047 23.354321 71.000000 
204.002838 -95.254097 23.356873 56.000000 
204.090256 -95.110107 23.354359 73.000000 
203.999710 -95.229454 23.364851 61.000000 
204.078552 -95.104286 23.350199 64.000000 
203.989929 -95.218765 23.363705 58.000000 
203.976379 -95.215759 23.357479 61.000000 
203.965881 -95.206543 23.355366 58.000000 
203.865784 -95.348320 23.360273 50.000000 
203.959274 -95.189629 23.358406 57.000000 
203.851746 -95.344971 23.354094 54.000000 
203.952759 -95.172729 23.361490 55.000000 
203.836914 -95.343102 23.346945 56.000000 
203.828491 -95.328850 23.347725 59.000000 
203.824997 -95.305367 23.354490 52.000000 
203.711044 -95.466797 23.353289 61.000000 
203.816742 -95.291115 23.355356 53.000000 
203.702408 -95.452164 23.353874 60.000000 
203.695511 -95.434441 23.356409 57.000000 
203.682770 -95.427490 23.352295 52.000000 
203.563599 -95.589409 23.357199 57.000000 
203.676865 -95.408218 23.355865 58.000000 
203.548645 -95.585182 23.351194 89.000000 
203.536316 -95.576263 23.347967 68.000000 
203.525772 -95.564232 23.346611 59.000000 
203.515274 -95.552170 23.345289 64.000000 
203.389114 -95.717667 23.355143 63.000000 
203.507507 -95.535484 23.346773 63.000000 
203.371826 -95.716011 23.347477 64.000000 
203.363724 -95.698883 23.348671 61.000000 
203.359406 -95.675613 23.353455 57.000000 
203.206650 -95.879257 23.350046 65.000000 
203.189667 -95.875519 23.343365 108.000000 
203.188934 -95.845558 23.351118 74.000000 
203.185471 -95.820267 23.356388 54.000000 
203.171509 -95.811844 23.352362 75.000000 
202.997223 -96.038109 23.345093 117.000000 
202.995483 -96.009163 23.351515 121.000000 
202.989929 -95.986404 23.354755 109.000000 
202.972427 -95.981995 23.348291 111.000000 
202.960968 -95.968361 23.346735 115.000000 
202.780930 -96.192924 23.350107 120.000000 
202.762726 -96.187912 23.343714 122.000000 
202.754868 -96.167572 23.345097 121.000000 
202.749207 -96.144196 23.348082 120.000000 
205.750290 -93.892647 23.371717 50.000000 
205.742889 -93.880013 23.374882 55.000000 
205.731934 -93.882607 23.365629 74.000000 
205.720474 -93.884872 23.356220 83.000000 
205.711060 -93.879623 23.353138 86.000000 
205.659775 -93.957863 23.371885 57.000000 
205.704224 -93.865425 23.357674 83.000000 
205.646118 -93.966042 23.357660 64.000000 
205.697464 -93.851219 23.362251 74.000000 
205.637390 -93.957573 23.357004 73.000000 
205.689026 -93.842957 23.361790 71.000000 
205.629166 -93.947586 23.357613 65.000000 
205.678421 -93.842064 23.354994 61.000000 
205.623322 -93.930084 23.364445 63.000000 
205.563004 -94.032204 23.366747 56.000000 
205.613785 -93.924568 23.361403 63.000000 
205.550201 -94.035614 23.356379 64.000000 
205.604752 -93.919296 23.358532 68.000000 
205.542358 -94.025627 23.357033 76.000000 
205.595245 -93.913727 23.355530 61.000000 
205.536606 -94.007790 23.363609 66.000000 
205.525833 -94.005043 23.358124 72.000000 
205.463364 -94.103508 23.366449 64.000000 
205.516083 -93.999237 23.355078 69.000000 
205.455521 -94.091446 23.368031 72.000000 
205.511597 -93.978409 23.364199 64.000000 
205.442230 -94.094566 23.357851 69.000000 
205.502457 -93.971077 23.362427 54.000000 
205.433334 -94.085495 23.357124 67.000000 
205.361633 -94.202080 23.355614 69.000000 
205.425034 -94.074883 23.357607 59.000000 
205.354813 -94.186615 23.359331 89.000000 
205.420746 -94.053703 23.366417 61.000000 
205.348083 -94.171158 23.363091 72.000000 
205.411438 -94.046104 23.364603 52.000000 
205.339645 -94.160278 23.363441 67.000000 
205.267715 -94.272179 23.369638 66.000000 
205.330658 -94.150902 23.362671 61.000000 
205.250977 -94.281029 23.355310 79.000000 
205.321701 -94.141510 23.361931 61.000000 
205.242310 -94.269829 23.355499 95.000000 
205.310333 -94.138153 23.356594 61.000000 
205.236877 -94.250954 23.361320 82.000000 
205.226425 -94.244324 23.358221 79.000000 
205.218567 -94.231567 23.359636 58.000000 
205.142258 -94.343903 23.368914 66.000000 
205.205566 -94.230957 23.352095 69.000000 
205.127502 -94.346237 23.359253 68.000000 
205.200409 -94.212097 23.358072 56.000000 
205.118134 -94.336220 23.358311 66.000000 
205.108124 -94.327713 23.356306 59.000000 
205.022766 -94.453590 23.361012 81.000000 
205.105042 -94.303917 23.365253 58.000000 
205.008148 -94.454048 23.352568 84.000000 
205.096542 -94.292351 23.365507 65.000000 
204.998550 -94.443672 23.351528 71.000000 
204.992599 -94.425598 23.355808 73.000000 
204.896225 -94.557388 23.357948 59.000000 
204.983841 -94.413666 23.355898 71.000000 
204.892426 -94.534325 23.364981 58.000000 
204.976593 -94.398666 23.358145 73.000000 
204.883453 -94.522087 23.364908 66.000000 
204.870697 -94.517517 23.359741 61.000000 
204.861008 -94.506767 23.358702 61.000000 
204.759979 -94.649796 23.362106 74.000000 
204.851379 -94.495995 23.357695 61.000000 
204.746796 -94.644882 23.356955 73.000000 
204.736816 -94.633751 23.355785 69.000000 
204.723633 -94.628746 23.350679 60.000000 
204.623871 -94.763969 23.365648 75.000000 
204.716156 -94.612961 23.352552 57.000000 
204.606934 -94.764854 23.356724 75.000000 
204.596680 -94.753319 23.355459 69.000000 
204.585632 -94.743301 23.353270 63.000000 
204.462296 -94.913048 23.353350 63.000000 
204.579712 -94.724045 23.356867 55.000000 
204.451675 -94.901085 23.351946 67.000000 
204.573059 -94.706337 23.359550 52.000000 
204.439346 -94.892181 23.348734 75.000000 
204.439423 -94.861694 23.358461 67.000000 
204.302353 -95.047668 23.356325 54.000000 
204.423935 -94.856918 23.352400 72.000000 
204.412628 -94.846405 23.350218 78.000000 
204.283569 -95.016159 23.356733 67.000000 
204.277985 -94.996483 23.359898 59.000000 
204.266327 -94.985558 23.357626 56.000000 
204.254684 -94.974594 23.355387 58.000000 
204.100693 -95.179375 23.350506 116.000000 
204.096161 -95.155617 23.354906 117.000000 
204.085037 -95.142624 23.353409 111.000000 
204.077820 -95.123497 23.355354 68.000000 
203.911697 -95.337524 23.354149 109.000000 
204.066803 -95.110474 23.353935 75.000000 
203.893158 -95.334755 23.346817 124.000000 
203.894531 -95.301254 23.355770 122.000000 
203.890076 -95.277008 23.359905 121.000000 
203.873657 -95.271072 23.354309 123.000000 
203.682709 -95.512543 23.348495 120.000000 
203.671722 -95.496834 23.347538 122.000000 
203.664917 -95.475006 23.349730 121.000000 
203.653030 -95.460793 23.348083 120.000000 
203.639084 -95.449585 23.344917 123.000000 
206.657654 -93.197472 23.368660 51.000000 
206.644287 -93.207298 23.352869 68.000000 
206.634872 -93.202103 23.349730 68.000000 
206.627533 -93.189430 23.352959 86.000000 
206.616394 -93.186630 23.347017 83.000000 
206.560669 -93.279884 23.352810 57.000000 
206.607040 -93.181351 23.343946 80.000000 
206.551941 -93.271439 23.352135 59.000000 
206.598618 -93.176567 23.341198 71.000000 
206.543304 -93.266525 23.349314 63.000000 
206.592316 -93.160881 23.347101 94.000000 
206.534637 -93.258034 23.348686 60.000000 
206.587433 -93.140800 23.356886 91.000000 
206.525070 -93.252518 23.345596 63.000000 
206.470901 -93.335037 23.363297 52.000000 
206.516464 -93.243988 23.345022 61.000000 
206.455200 -93.347511 23.345610 62.000000 
206.510742 -93.226509 23.351965 61.000000 
206.444885 -93.343269 23.341257 68.000000 
206.502228 -93.217964 23.351456 60.000000 
206.438095 -93.328453 23.345432 64.000000 
206.430405 -93.314857 23.348280 60.000000 
206.363602 -93.425430 23.346521 64.000000 
206.419128 -93.313538 23.341562 70.000000 
206.355728 -93.413345 23.348104 66.000000 
206.411453 -93.303482 23.342337 73.000000 
206.348404 -93.401558 23.349878 65.000000 
206.403854 -93.291641 23.344213 63.000000 
206.337875 -93.397026 23.345591 61.000000 
206.263245 -93.521187 23.337643 69.000000 
206.332993 -93.375557 23.354259 61.000000 
206.260544 -93.493187 23.350456 83.000000 
206.320847 -93.375488 23.346453 59.000000 
206.252060 -93.482323 23.350782 61.000000 
206.314850 -93.360657 23.350739 64.000000 
206.241196 -93.479355 23.345507 63.000000 
206.170303 -93.588226 23.353468 52.000000 
206.232193 -93.469955 23.344728 57.000000 
206.159805 -93.581673 23.350281 65.000000 
206.223724 -93.460861 23.344133 59.000000 
206.144836 -93.587662 23.338274 85.000000 
206.218460 -93.442383 23.350389 61.000000 
206.138107 -93.571846 23.341875 72.000000 
206.207855 -93.435638 23.347229 65.000000 
206.129669 -93.558754 23.343111 72.000000 
206.123734 -93.541428 23.347929 65.000000 
206.038712 -93.673691 23.342278 57.000000 
206.114670 -93.531708 23.347134 65.000000 
206.028625 -93.665207 23.340202 69.000000 
206.104965 -93.523468 23.345236 51.000000 
206.023315 -93.645996 23.345831 68.000000 
205.935425 -93.778229 23.345646 62.000000 
206.014679 -93.634430 23.346020 65.000000 
205.923676 -93.772537 23.341370 75.000000 
206.004044 -93.627419 23.342941 61.000000 
205.914764 -93.760643 23.341366 84.000000 
205.994812 -93.617340 23.342091 61.000000 
205.906616 -93.747200 23.342459 70.000000 
205.894211 -93.742935 23.337196 64.000000 
205.803635 -93.862343 23.346897 52.000000 
205.882523 -93.737091 23.333019 58.000000 
205.795349 -93.848564 23.347822 73.000000 
205.877441 -93.717491 23.338484 68.000000 
205.784103 -93.840927 23.344660 67.000000 
205.774384 -93.830193 23.343588 66.000000 
205.767792 -93.813309 23.346687 59.000000 
205.663589 -93.962402 23.345123 56.000000 
205.757416 -93.804070 23.344652 57.000000 
205.650421 -93.957458 23.339939 74.000000 
205.643082 -93.939774 23.342611 66.000000 
205.633179 -93.928627 23.341484 64.000000 
205.520157 -94.088440 23.339951 65.000000 
205.620056 -93.923569 23.336382 58.000000 
205.518219 -94.061501 23.348282 75.000000 
205.609406 -93.913887 23.334311 55.000000 
205.503006 -94.059219 23.341249 73.000000 
205.489197 -94.055763 23.335356 66.000000 
205.376144 -94.206856 23.345549 57.000000 
205.480743 -94.041107 23.336092 68.000000 
205.364731 -94.196472 23.343237 79.000000 
205.472351 -94.026443 23.336868 63.000000 
205.344589 -94.201447 23.331665 85.000000 
205.331436 -94.194023 23.327539 83.000000 
205.328934 -94.168182 23.334623 67.000000 
205.325684 -94.143913 23.340832 64.000000 
205.186676 -94.330437 23.336109 63.000000 
205.177704 -94.314896 23.336473 69.000000 
205.176193 -94.287094 23.344044 60.000000 
205.028442 -94.482880 23.342972 50.000000 
205.166779 -94.271095 23.344343 59.000000 
205.009033 -94.481773 23.334398 75.000000 
205.156174 -94.258606 23.343046 54.000000 
204.998810 -94.467255 23.333725 110.000000 
204.993454 -94.445076 23.337385 102.000000 
204.983383 -94.430542 23.336798 68.000000 
204.964630 -94.429688 23.328491 108.000000 
204.804596 -94.632408 23.331705 126.000000 
204.797058 -94.612732 23.333389 123.000000 
204.785599 -94.599159 23.331829 122.000000 
204.774200 -94.585564 23.330305 124.000000 
204.590225 -94.816170 23.328569 121.000000 
204.572769 -94.811707 23.322309 126.000000 
204.563904 -94.792915 23.322975 123.000000 
204.566544 -94.757439 23.332338 122.000000 
204.551636 -94.747765 23.328384 124.000000 
207.553833 -92.501442 23.363081 63.000000 
207.543304 -92.500771 23.356150 63.000000 
207.533157 -92.498566 23.350498 74.000000 
207.521759 -92.500771 23.341030 86.000000 
207.512405 -92.495506 23.337954 71.000000 
207.460617 -92.575165 23.354446 53.000000 
207.505600 -92.481346 23.342573 74.000000 
207.448380 -92.578735 23.343847 64.000000 
207.498886 -92.467186 23.347233 74.000000 
207.439255 -92.571770 23.341978 65.000000 
207.488327 -92.466278 23.340387 90.000000 
207.430634 -92.563286 23.341385 65.000000 
207.479965 -92.457977 23.339975 90.000000 
207.423889 -92.548820 23.345823 60.000000 
207.365921 -92.643227 23.353050 52.000000 
207.414398 -92.543282 23.342785 68.000000 
207.351730 -92.651093 23.338959 64.000000 
207.403976 -92.540680 23.337257 61.000000 
207.344452 -92.637817 23.341946 76.000000 
207.396439 -92.529152 23.339285 63.000000 
207.337738 -92.623047 23.346195 72.000000 
207.272354 -92.730583 23.346188 50.000000 
207.327026 -92.620255 23.340691 67.000000 
207.264496 -92.718544 23.347795 64.000000 
207.319885 -92.608749 23.342710 71.000000 
207.258270 -92.703781 23.351978 72.000000 
207.312317 -92.596954 23.344610 71.000000 
207.243973 -92.709854 23.339344 66.000000 
207.304810 -92.585152 23.346548 61.000000 
207.233475 -92.705292 23.335066 61.000000 
207.167419 -92.806435 23.343861 71.000000 
207.230225 -92.681168 23.346363 62.000000 
207.157776 -92.798637 23.341875 70.000000 
207.224380 -92.662781 23.352779 59.000000 
207.147064 -92.792023 23.338596 59.000000 
207.212296 -92.662659 23.344995 56.000000 
207.139252 -92.779625 23.340157 61.000000 
207.072693 -92.877586 23.355247 54.000000 
207.133881 -92.761177 23.346418 67.000000 
207.052338 -92.895523 23.334017 79.000000 
207.123795 -92.754807 23.343384 63.000000 
207.042480 -92.887375 23.331997 90.000000 
207.111786 -92.754745 23.335844 63.000000 
207.042023 -92.858231 23.346027 72.000000 
207.102936 -92.745293 23.335190 67.000000 
207.030380 -92.854637 23.340675 75.000000 
207.018219 -92.850662 23.335190 72.000000 
206.945740 -92.953682 23.349779 69.000000 
207.009155 -92.840919 23.334427 72.000000 
206.931076 -92.955948 23.340048 79.000000 
207.002625 -92.826981 23.337265 82.000000 
206.921631 -92.947815 23.338202 66.000000 
206.909622 -92.943871 23.332911 68.000000 
206.826981 -93.063400 23.340387 87.000000 
206.906052 -92.919807 23.341873 65.000000 
206.810486 -93.066513 23.329590 89.000000 
206.898285 -92.906731 23.343290 61.000000 
206.804535 -93.048492 23.333948 79.000000 
206.795059 -93.038109 23.332991 70.000000 
206.700089 -93.166550 23.335526 58.000000 
206.789993 -93.018578 23.338511 70.000000 
206.697113 -93.142036 23.343763 61.000000 
206.779160 -93.011215 23.335472 68.000000 
206.685928 -93.134415 23.340637 58.000000 
206.766861 -93.006844 23.330305 64.000000 
206.677063 -93.122177 23.340658 66.000000 
206.663635 -93.119064 23.334463 67.000000 
206.564865 -93.257210 23.339090 56.000000 
206.655396 -93.107155 23.334696 66.000000 
206.553131 -93.251137 23.335091 60.000000 
206.540024 -93.246155 23.329950 62.000000 
206.532806 -93.228493 23.332735 62.000000 
206.428070 -93.372673 23.339849 68.000000 
206.522995 -93.217339 23.331686 60.000000 
206.414551 -93.367348 23.334736 69.000000 
206.519531 -93.195930 23.337893 74.000000 
206.398285 -93.368530 23.325914 65.000000 
206.394043 -93.346260 23.331535 63.000000 
206.386780 -93.328171 23.334137 58.000000 
206.257828 -93.506317 23.325914 68.000000 
206.375916 -93.318130 23.332058 67.000000 
206.249100 -93.491272 23.326471 100.000000 
206.243958 -93.470100 23.330818 72.000000 
206.229172 -93.465744 23.324890 66.000000 
206.220627 -93.450661 23.325565 67.000000 
206.096069 -93.612427 23.334265 66.000000 
206.209442 -93.440132 23.323454 75.000000 
206.083527 -93.603065 23.331099 69.000000 
206.074722 -93.587570 23.331577 60.000000 
206.064117 -93.575104 23.330286 61.000000 
205.911957 -93.776329 23.324347 107.000000 
206.054504 -93.561096 23.329937 64.000000 
205.899902 -93.764900 23.322004 112.000000 
205.892685 -93.745811 23.324026 74.000000 
205.881683 -93.732811 23.322624 55.000000 
205.878510 -93.707649 23.328211 58.000000 
205.708771 -93.925270 23.321299 112.000000 
205.696655 -93.911217 23.319593 123.000000 
205.696274 -93.880943 23.327219 123.000000 
205.686646 -93.866417 23.326750 115.000000 
205.506882 -94.090538 23.326263 118.000000 
205.671356 -93.858894 23.321999 102.000000 
205.491943 -94.081001 23.322241 122.000000 
205.479095 -94.068382 23.319836 124.000000 
205.465256 -94.057236 23.316673 123.000000 
205.455612 -94.040016 23.316727 124.000000 
208.417816 -91.826561 23.366331 57.000000 
208.407623 -91.824341 23.360695 74.000000 
208.399506 -91.814636 23.361422 86.000000 
208.391006 -91.806404 23.360907 83.000000 
208.334320 -91.902412 23.364046 65.000000 
208.380402 -91.805557 23.354052 90.000000 
208.327454 -91.887947 23.368366 70.000000 
208.372375 -91.795792 23.354856 94.000000 
208.316986 -91.885490 23.362791 68.000000 
208.366165 -91.780121 23.360804 77.000000 
208.305588 -91.885971 23.354742 68.000000 
208.296967 -91.877441 23.354172 65.000000 
208.244156 -91.955261 23.375462 54.000000 
208.291260 -91.859962 23.361115 68.000000 
208.229416 -91.964668 23.360231 66.000000 
208.283234 -91.849930 23.361860 73.000000 
208.216095 -91.969452 23.348631 73.000000 
208.275711 -91.840164 23.362783 70.000000 
208.212936 -91.945900 23.360294 71.000000 
208.148376 -92.050385 23.363321 50.000000 
208.206314 -91.931107 23.364555 71.000000 
208.139450 -92.041367 23.362549 67.000000 
208.196640 -91.925285 23.361540 72.000000 
208.130539 -92.032326 23.361807 72.000000 
208.185928 -91.922432 23.356100 74.000000 
208.122787 -92.020241 23.363464 69.000000 
208.113968 -92.011169 23.362782 69.000000 
208.039810 -92.133438 23.355696 98.000000 
208.102936 -92.008095 23.357367 62.000000 
208.037766 -92.105797 23.368719 70.000000 
208.096451 -91.992966 23.361502 66.000000 
208.027603 -92.099510 23.365623 65.000000 
208.084885 -91.991325 23.354935 58.000000 
208.016251 -92.096214 23.360231 57.000000 
207.950241 -92.192513 23.376951 56.000000 
208.006104 -92.089851 23.357176 61.000000 
207.932312 -92.204361 23.360336 90.000000 
207.998413 -92.077415 23.358789 65.000000 
207.921860 -92.197754 23.357206 82.000000 
207.992004 -92.061958 23.362764 77.000000 
207.912048 -92.189590 23.355227 75.000000 
207.904205 -92.176834 23.356661 72.000000 
207.829193 -92.286087 23.367577 52.000000 
207.899658 -92.156494 23.363781 69.000000 
207.813141 -92.291466 23.355692 74.000000 
207.887375 -92.154335 23.357370 89.000000 
207.807175 -92.273796 23.360229 72.000000 
207.799545 -92.256981 23.363411 70.000000 
207.708710 -92.394974 23.358650 68.000000 
207.789627 -92.248474 23.361452 61.000000 
207.700546 -92.381577 23.359726 87.000000 
207.779739 -92.239937 23.359520 54.000000 
207.690292 -92.372765 23.357649 78.000000 
207.767776 -92.235924 23.354311 66.000000 
207.681519 -92.360870 23.357729 71.000000 
207.592331 -92.480904 23.367517 52.000000 
207.673157 -92.351219 23.357084 64.000000 
207.581848 -92.471786 23.365376 55.000000 
207.660080 -92.348434 23.350824 78.000000 
207.572144 -92.461113 23.364292 58.000000 
207.655853 -92.327347 23.357405 71.000000 
207.555603 -92.464211 23.353956 64.000000 
207.550552 -92.444275 23.359121 64.000000 
207.542511 -92.430466 23.360197 64.000000 
207.431686 -92.591530 23.350500 65.000000 
207.533737 -92.418175 23.360275 72.000000 
207.428116 -92.568108 23.357317 66.000000 
207.421463 -92.550850 23.360195 61.000000 
207.410019 -92.542778 23.357115 67.000000 
207.300125 -92.696037 23.359192 75.000000 
207.401855 -92.528564 23.358068 61.000000 
207.291626 -92.681458 23.359875 72.000000 
207.282333 -92.668411 23.359631 65.000000 
207.268845 -92.662994 23.354595 66.000000 
207.151321 -92.821396 23.359770 71.000000 
207.259628 -92.649895 23.354418 61.000000 
207.134720 -92.820244 23.351940 94.000000 
207.249619 -92.638306 23.353308 59.000000 
207.124252 -92.808266 23.350624 71.000000 
207.113831 -92.796257 23.349344 71.000000 
207.108810 -92.775063 23.353687 70.000000 
206.976288 -92.950836 23.355362 69.000000 
207.101196 -92.758461 23.355284 72.000000 
206.961853 -92.944550 23.350384 77.000000 
206.953888 -92.927483 23.351686 73.000000 
206.949402 -92.901833 23.357201 66.000000 
206.938812 -92.889359 23.355913 75.000000 
206.786301 -93.090347 23.351051 75.000000 
206.777481 -93.076843 23.350748 110.000000 
206.774170 -93.051636 23.356174 74.000000 
206.760300 -93.043221 23.352198 61.000000 
206.612518 -93.227478 23.364933 57.000000 
206.749390 -93.030197 23.350834 54.000000 
206.589203 -93.232384 23.353527 118.000000 
206.575790 -93.221909 23.350340 121.000000 
206.564407 -93.208351 23.348831 124.000000 
206.556122 -93.190216 23.349831 126.000000 
206.370819 -93.421791 23.346933 121.000000 
206.353760 -93.415253 23.341352 125.000000 
206.349854 -93.386269 23.346464 122.000000 
206.346451 -93.359970 23.351173 122.000000 
206.335098 -93.348412 23.349165 121.000000 
209.308365 -91.147690 23.390339 57.000000 
209.293274 -91.163460 23.369535 71.000000 
209.284271 -91.156685 23.367615 80.000000 
209.276566 -91.145409 23.369507 80.000000 
209.221146 -91.235466 23.378412 52.000000 
209.269760 -91.131149 23.373964 80.000000 
209.209274 -91.237541 23.369040 64.000000 
209.261307 -91.122841 23.373394 74.000000 
209.201935 -91.224487 23.372002 61.000000 
209.249374 -91.126366 23.362701 80.000000 
209.194199 -91.212936 23.373768 61.000000 
209.241837 -91.115036 23.364714 83.000000 
209.186523 -91.201378 23.375568 63.000000 
209.127472 -91.297211 23.382828 56.000000 
209.176529 -91.199074 23.370127 61.000000 
209.118179 -91.291763 23.379782 58.000000 
209.167007 -91.193466 23.367023 63.000000 
209.106903 -91.290543 23.372976 62.000000 
209.160416 -91.178879 23.371393 65.000000 
209.095596 -91.289261 23.366180 64.000000 
209.153915 -91.164299 23.375807 54.000000 
209.086334 -91.281898 23.364235 62.000000 
209.080215 -91.265495 23.369583 68.000000 
209.015747 -91.366539 23.375494 74.000000 
209.073135 -91.252106 23.372551 62.000000 
209.004105 -91.365028 23.368771 79.000000 
209.062408 -91.249191 23.367050 80.000000 
208.996338 -91.352852 23.370317 69.000000 
208.921616 -91.475266 23.364288 65.000000 
208.989746 -91.337654 23.374268 67.000000 
208.915985 -91.456665 23.370205 89.000000 
208.980408 -91.330002 23.372339 59.000000 
208.909866 -91.439613 23.375025 77.000000 
208.974533 -91.313286 23.377550 69.000000 
208.901459 -91.428673 23.375290 68.000000 
208.892487 -91.419235 23.374437 66.000000 
208.817047 -91.536743 23.376089 72.000000 
208.879913 -91.418877 23.366692 68.000000 
208.806564 -91.530106 23.372856 90.000000 
208.872223 -91.406357 23.368198 68.000000 
208.796097 -91.523430 23.369644 82.000000 
208.863968 -91.395340 23.368582 62.000000 
208.786301 -91.515198 23.367579 75.000000 
208.777176 -91.505417 23.366659 75.000000 
208.706055 -91.603607 23.385918 50.000000 
208.767426 -91.497131 23.364647 79.000000 
208.685242 -91.619713 23.366398 64.000000 
208.762619 -91.474495 23.372484 79.000000 
208.674805 -91.608917 23.365040 75.000000 
208.667557 -91.594208 23.367310 68.000000 
208.584198 -91.713493 23.376270 63.000000 
208.664902 -91.572586 23.375393 66.000000 
208.569290 -91.717705 23.365961 70.000000 
208.655731 -91.562469 23.374466 66.000000 
208.561172 -91.704193 23.366949 78.000000 
208.555298 -91.686073 23.371147 82.000000 
208.458939 -91.815804 23.374165 72.000000 
208.545853 -91.675613 23.370096 71.000000 
208.455978 -91.791153 23.382139 66.000000 
208.534973 -91.668190 23.366953 71.000000 
208.445557 -91.781952 23.379936 65.000000 
208.523376 -91.662254 23.362772 57.000000 
208.434372 -91.774254 23.376738 69.000000 
208.420898 -91.771118 23.370483 73.000000 
208.319000 -91.913651 23.373867 62.000000 
208.412857 -91.757225 23.371447 61.000000 
208.303436 -91.913292 23.365654 68.000000 
208.293472 -91.902084 23.364391 71.000000 
208.285660 -91.883904 23.366812 71.000000 
208.175079 -92.037079 23.370094 57.000000 
208.279099 -91.866554 23.369602 67.000000 
208.165680 -92.023956 23.369663 77.000000 
208.270462 -91.856125 23.368765 63.000000 
208.158356 -92.010139 23.370550 72.000000 
208.149918 -91.995453 23.371149 72.000000 
208.019653 -92.175339 23.364454 57.000000 
208.137543 -91.986465 23.367788 69.000000 
208.021622 -92.139694 23.376587 57.000000 
208.132660 -91.965645 23.372307 72.000000 
208.004120 -92.140015 23.367773 100.000000 
207.996063 -92.125336 23.368362 72.000000 
207.984787 -92.114799 23.366055 71.000000 
207.972641 -92.105759 23.362852 78.000000 
207.847229 -92.267143 23.373625 63.000000 
207.830963 -92.263863 23.366787 69.000000 
207.823959 -92.245186 23.368855 68.000000 
207.815186 -92.229576 23.369186 68.000000 
207.660126 -92.433540 23.364002 107.000000 
207.812119 -92.204819 23.374908 50.000000 
207.645157 -92.426636 23.358961 114.000000 
207.648514 -92.390579 23.370131 102.000000 
207.640427 -92.372948 23.371138 114.000000 
207.471252 -92.589134 23.367842 106.000000 
207.630478 -92.358360 23.370480 116.000000 
207.460739 -92.574020 23.366907 115.000000 
207.450287 -92.558891 23.366014 122.000000 
207.444916 -92.536118 23.369242 122.000000 
207.433594 -92.522491 23.367619 124.000000 
207.260971 -92.733879 23.376091 109.000000 
207.234650 -92.741081 23.363405 121.000000 
207.224869 -92.723793 23.363173 121.000000 
207.213074 -92.709534 23.361427 123.000000 
207.201324 -92.695244 23.359718 125.000000 
210.208923 -90.460808 23.390274 60.000000 
210.198334 -90.460098 23.383383 63.000000 
210.187286 -90.460823 23.375235 74.000000 
210.176636 -90.459999 23.368359 86.000000 
210.166397 -90.457642 23.362759 77.000000 
210.113617 -90.538628 23.378897 58.000000 
210.160538 -90.440437 23.369883 83.000000 
210.103119 -90.536140 23.373310 59.000000 
210.153412 -90.425941 23.374361 80.000000 
210.091171 -90.536331 23.365103 58.000000 
210.143692 -90.422035 23.370108 90.000000 
210.083466 -90.524780 23.366983 65.000000 
210.027451 -90.611687 23.381510 54.000000 
210.137619 -90.408066 23.374952 69.000000 
210.079178 -90.504547 23.376509 63.000000 
210.011612 -90.625908 23.362829 60.000000 
210.069687 -90.498955 23.373491 60.000000 
210.005310 -90.609535 23.368166 68.000000 
210.061661 -90.490646 23.373137 63.000000 
209.999084 -90.594978 23.372494 68.000000 
210.050217 -90.490929 23.365170 61.000000 
209.989853 -90.587646 23.370638 73.000000 
209.924759 -90.691994 23.374142 64.000000 
209.982208 -90.575798 23.372454 71.000000 
209.919113 -90.673805 23.380447 66.000000 
209.972504 -90.569923 23.369436 69.000000 
209.906921 -90.673820 23.372620 66.000000 
209.963898 -90.561028 23.368877 74.000000 
209.896942 -90.667732 23.369534 62.000000 
209.826447 -90.779457 23.371328 71.000000 
209.888672 -90.657082 23.370024 59.000000 
209.819702 -90.763969 23.375067 89.000000 
209.884445 -90.635887 23.378860 64.000000 
209.811844 -90.751541 23.376545 72.000000 
209.878052 -90.620735 23.382996 59.000000 
209.802246 -90.743668 23.374599 61.000000 
209.795700 -90.728180 23.378454 67.000000 
209.718018 -90.851807 23.375296 72.000000 
209.788025 -90.715729 23.380039 67.000000 
209.703094 -90.855888 23.364304 85.000000 
209.776184 -90.712006 23.374557 65.000000 
209.694611 -90.842751 23.365498 89.000000 
209.765472 -90.707047 23.370403 72.000000 
209.688019 -90.826904 23.369133 85.000000 
209.682678 -90.809883 23.374090 69.000000 
209.600494 -90.934204 23.374453 63.000000 
209.669678 -90.809212 23.366541 79.000000 
209.593857 -90.918037 23.377850 72.000000 
209.657455 -90.805107 23.361109 82.000000 
209.584015 -90.907646 23.376770 70.000000 
209.571289 -90.905212 23.370407 63.000000 
209.487534 -91.026100 23.378044 87.000000 
209.560654 -90.898148 23.367344 61.000000 
209.472946 -91.026497 23.369598 78.000000 
209.553528 -90.883469 23.369789 68.000000 
209.462677 -91.017616 23.367516 79.000000 
209.549149 -90.864601 23.375717 56.000000 
209.453720 -91.007553 23.366678 76.000000 
209.362747 -91.126625 23.376869 56.000000 
209.447189 -90.990990 23.369963 67.000000 
209.349945 -91.122055 23.371647 58.000000 
209.440750 -90.974442 23.373291 76.000000 
209.345581 -91.100540 23.377733 55.000000 
209.429901 -90.967010 23.370272 71.000000 
209.336700 -91.088242 23.377707 56.000000 
209.231552 -91.238838 23.375933 50.000000 
209.326309 -91.078995 23.375656 58.000000 
209.222351 -91.226189 23.375708 56.000000 
209.316956 -91.066277 23.375544 59.000000 
209.211823 -91.214653 23.374367 65.000000 
209.301132 -91.067612 23.366325 64.000000 
209.201904 -91.203499 23.373219 64.000000 
209.190979 -91.195786 23.370266 63.000000 
209.084915 -91.341339 23.378054 63.000000 
209.181137 -91.184578 23.369179 64.000000 
209.073868 -91.331352 23.375822 72.000000 
209.171341 -91.173347 23.368124 69.000000 
209.061996 -91.322868 23.372660 72.000000 
209.049301 -91.315880 23.368567 65.000000 
209.043488 -91.296616 23.372192 61.000000 
208.921783 -91.460747 23.374239 55.000000 
209.036911 -91.278893 23.374903 61.000000 
208.902481 -91.464134 23.363661 89.000000 
208.896454 -91.444405 23.366962 82.000000 
208.892319 -91.421631 23.372168 70.000000 
208.883789 -91.406517 23.372786 71.000000 
208.749634 -91.583328 23.374149 63.000000 
208.737976 -91.572380 23.371855 67.000000 
208.733185 -91.548691 23.376558 66.000000 
208.717880 -91.543808 23.370773 81.000000 
208.571671 -91.734047 23.373035 116.000000 
208.711060 -91.525169 23.373049 54.000000 
208.568283 -91.708794 23.378342 115.000000 
208.554367 -91.700394 23.374315 117.000000 
208.543396 -91.687370 23.372883 105.000000 
208.390350 -91.879135 23.382410 50.000000 
208.533447 -91.672798 23.372343 74.000000 
208.370941 -91.877876 23.374285 115.000000 
208.347488 -91.882637 23.362913 124.000000 
208.353180 -91.843132 23.375252 122.000000 
208.347610 -91.822487 23.378004 123.000000 
208.154877 -92.064529 23.370371 121.000000 
208.139877 -92.054924 23.366339 125.000000 
208.138779 -92.023438 23.373085 125.000000 
208.130173 -92.004692 23.373817 124.000000 
208.111801 -92.001610 23.366934 124.000000 
211.103561 -89.793953 23.370991 57.000000 
211.092972 -89.794952 23.362953 68.000000 
211.086487 -89.779251 23.368704 80.000000 
211.074936 -89.779640 23.360384 77.000000 
211.018753 -89.872810 23.366556 71.000000 
211.065567 -89.774307 23.357309 80.000000 
211.011841 -89.858307 23.370821 58.000000 
211.058411 -89.763290 23.359497 83.000000 
211.003189 -89.851585 23.369089 64.000000 
211.049072 -89.757912 23.356468 77.000000 
210.991287 -89.853546 23.359777 68.000000 
211.045120 -89.734818 23.368776 60.000000 
210.982635 -89.844978 23.359167 61.000000 
210.925568 -89.934982 23.371191 50.000000 
210.974976 -89.833420 23.361074 60.000000 
210.911255 -89.942841 23.357151 60.000000 
210.971237 -89.809944 23.372988 65.000000 
210.903931 -89.929497 23.360065 70.000000 
210.959824 -89.810272 23.364994 56.000000 
210.895142 -89.920662 23.359379 70.000000 
210.950363 -89.804619 23.362005 65.000000 
210.888458 -89.905800 23.363583 70.000000 
210.823334 -90.010162 23.366930 61.000000 
210.879776 -89.896942 23.362959 64.000000 
210.814392 -90.001076 23.366146 64.000000 
210.869980 -89.894630 23.357788 66.000000 
210.809799 -89.983505 23.372805 55.000000 
210.861328 -89.885727 23.357212 70.000000 
210.798737 -89.980446 23.367344 61.000000 
210.721359 -90.110489 23.355036 69.000000 
210.790054 -89.967697 23.368715 59.000000 
210.718231 -90.082138 23.367657 63.000000 
210.777298 -89.969070 23.359724 66.000000 
210.710358 -90.069702 23.369129 64.000000 
210.770828 -89.953888 23.363844 52.000000 
210.700760 -90.061821 23.367172 67.000000 
210.626999 -90.176567 23.370867 52.000000 
210.686951 -90.064507 23.357141 59.000000 
210.615875 -90.171501 23.366560 62.000000 
210.681641 -90.045967 23.363337 59.000000 
210.601578 -90.174034 23.356659 74.000000 
210.675186 -90.030464 23.367260 63.000000 
210.593613 -90.161232 23.358006 69.000000 
210.663620 -90.030663 23.359903 63.000000 
210.589340 -90.143005 23.364201 63.000000 
210.581528 -90.130211 23.365623 65.000000 
210.495956 -90.262260 23.360384 57.000000 
210.570114 -90.122795 23.362261 69.000000 
210.484802 -90.253036 23.357992 66.000000 
210.559753 -90.116020 23.359228 82.000000 
210.478165 -90.236839 23.361416 70.000000 
210.389679 -90.368851 23.361712 56.000000 
210.470245 -90.223694 23.362690 68.000000 
210.377899 -90.363091 23.357437 70.000000 
210.458893 -90.218147 23.358517 61.000000 
210.371155 -90.346535 23.360605 68.000000 
210.450027 -90.210243 23.356865 72.000000 
210.359802 -90.342979 23.355639 78.000000 
210.353180 -90.326416 23.358877 73.000000 
210.257294 -90.452477 23.363424 57.000000 
210.340408 -90.319786 23.354399 68.000000 
210.249786 -90.437103 23.365366 58.000000 
210.332428 -90.306252 23.355587 79.000000 
210.236237 -90.434021 23.359119 66.000000 
210.231918 -90.412491 23.365252 67.000000 
210.125076 -90.566246 23.361397 56.000000 
210.223404 -90.402466 23.364525 69.000000 
210.115402 -90.557449 23.359489 53.000000 
210.212250 -90.394699 23.361450 74.000000 
210.101379 -90.553978 23.353310 65.000000 
210.095901 -90.531212 23.358788 59.000000 
210.084366 -90.523064 23.355656 60.000000 
209.971436 -90.681068 23.355761 77.000000 
210.077271 -90.509598 23.356859 62.000000 
209.968231 -90.659546 23.361496 68.000000 
210.065796 -90.501396 23.353785 55.000000 
209.956329 -90.651039 23.358311 65.000000 
209.948715 -90.634827 23.359964 63.000000 
209.829956 -90.794792 23.364904 57.000000 
209.933456 -90.632378 23.352983 59.000000 
209.808014 -90.802849 23.351492 89.000000 
209.928513 -90.611557 23.357609 63.000000 
209.794815 -90.795403 23.347338 89.000000 
209.785187 -90.781776 23.346920 78.000000 
209.779175 -90.762009 23.350254 75.000000 
209.651566 -90.928665 23.358383 56.000000 
209.774155 -90.740746 23.354568 83.000000 
209.633377 -90.928467 23.349796 61.000000 
209.628098 -90.906715 23.353704 60.000000 
209.627579 -90.877342 23.362127 64.000000 
209.478104 -91.074257 23.360909 54.000000 
209.612244 -90.872429 23.356310 75.000000 
209.461197 -91.070480 23.354219 72.000000 
209.449066 -91.058975 23.351824 112.000000 
209.444702 -91.035210 23.356312 114.000000 
209.433670 -91.022141 23.354853 114.000000 
209.418777 -91.015129 23.349995 108.000000 
209.256042 -91.220428 23.352190 120.000000 
209.244522 -91.206810 23.350576 121.000000 
209.230042 -91.197723 23.346542 121.000000 
209.221634 -91.179489 23.347466 124.000000 
209.043945 -91.398911 23.352121 120.000000 
209.020599 -91.401436 23.341806 122.000000 
209.018005 -91.373474 23.347147 124.000000 
209.010681 -91.351051 23.349255 125.000000 
209.000992 -91.333733 23.349222 68.000000 
211.979965 -89.092346 23.389145 63.000000 
211.969788 -89.090088 23.383492 74.000000 
211.959595 -89.087776 23.377850 90.000000 
211.953278 -89.072052 23.383621 86.000000 
211.895584 -89.169228 23.385818 65.000000 
211.945740 -89.060791 23.385632 71.000000 
211.884628 -89.168243 23.378958 64.000000 
211.935608 -89.058395 23.380054 71.000000 
211.878342 -89.152199 23.384480 78.000000 
211.926346 -89.053009 23.377033 65.000000 
211.869766 -89.143661 23.383850 70.000000 
211.919830 -89.038750 23.381678 68.000000 
211.860275 -89.138092 23.380768 65.000000 
211.801529 -89.232117 23.388916 58.000000 
211.850800 -89.132484 23.377707 67.000000 
211.790787 -89.229385 23.383354 66.000000 
211.843781 -89.119415 23.380886 59.000000 
211.780533 -89.225090 23.379015 73.000000 
211.838806 -89.100410 23.389090 61.000000 
211.770798 -89.219254 23.375906 72.000000 
211.764236 -89.204384 23.380098 69.000000 
211.700958 -89.302208 23.388056 64.000000 
211.757751 -89.189522 23.384333 72.000000 
211.690460 -89.297676 23.383736 69.000000 
211.748123 -89.183624 23.381308 69.000000 
211.679413 -89.294617 23.378250 63.000000 
211.740677 -89.171738 23.383179 72.000000 
211.676834 -89.268860 23.390535 59.000000 
211.599106 -89.398285 23.377928 71.000000 
211.666992 -89.262749 23.387476 64.000000 
211.594833 -89.376678 23.386250 64.000000 
211.658325 -89.253593 23.386812 62.000000 
211.587677 -89.362717 23.388870 59.000000 
211.647354 -89.250420 23.381422 59.000000 
211.576355 -89.359383 23.383457 55.000000 
211.507248 -89.461365 23.395987 56.000000 
211.565521 -89.356316 23.378212 59.000000 
211.492294 -89.467361 23.384024 84.000000 
211.556656 -89.346840 23.377455 59.000000 
211.479965 -89.465286 23.377499 79.000000 
211.549805 -89.330994 23.381210 63.000000 
211.470306 -89.455200 23.376438 72.000000 
211.459915 -89.448471 23.373320 72.000000 
211.389526 -89.545036 23.393469 52.000000 
211.454803 -89.429573 23.379227 72.000000 
211.371414 -89.554977 23.378325 66.000000 
211.447800 -89.415237 23.381804 82.000000 
211.360733 -89.547966 23.375158 70.000000 
211.436203 -89.411469 23.376518 58.000000 
211.355606 -89.528702 23.380754 66.000000 
211.269577 -89.653969 23.385069 63.000000 
211.349899 -89.510994 23.385305 59.000000 
211.249985 -89.665131 23.369190 76.000000 
211.340057 -89.502411 23.383331 68.000000 
211.245514 -89.643944 23.375509 89.000000 
211.331665 -89.490776 23.383579 63.000000 
211.241150 -89.622795 23.381882 70.000000 
211.230286 -89.615410 23.378759 70.000000 
211.137451 -89.736984 23.386442 58.000000 
211.222412 -89.601906 23.379911 65.000000 
211.128357 -89.726624 23.385464 60.000000 
211.210648 -89.597878 23.374868 64.000000 
211.115646 -89.721985 23.380253 66.000000 
211.101608 -89.718445 23.373875 69.000000 
211.002014 -89.856255 23.380121 57.000000 
211.097504 -89.696922 23.380030 64.000000 
210.993698 -89.842026 23.380865 68.000000 
211.090378 -89.681519 23.382111 67.000000 
210.978958 -89.840080 23.373705 63.000000 
210.970734 -89.825806 23.374516 63.000000 
210.862671 -89.974220 23.380405 63.000000 
210.969131 -89.799301 23.383329 60.000000 
210.852493 -89.962669 23.379070 67.000000 
210.957764 -89.791145 23.380238 69.000000 
210.840637 -89.954163 23.375853 68.000000 
210.840500 -89.926117 23.385292 61.000000 
210.828766 -89.917587 23.382147 60.000000 
210.702484 -90.089127 23.379366 57.000000 
210.818787 -89.905975 23.380955 61.000000 
210.691162 -90.078659 23.377041 89.000000 
210.803635 -89.903465 23.374012 50.000000 
210.680771 -90.066620 23.375671 68.000000 
210.671310 -90.053032 23.375263 82.000000 
210.656509 -90.048584 23.369329 71.000000 
210.531067 -90.209854 23.379889 63.000000 
210.653473 -90.024284 23.375484 70.000000 
210.517593 -90.201965 23.375759 67.000000 
210.511597 -90.181793 23.378771 68.000000 
210.498505 -90.171837 23.375439 66.000000 
210.345261 -90.372543 23.371712 107.000000 
210.495483 -90.147102 23.381218 68.000000 
210.336075 -90.356445 23.371830 108.000000 
210.334076 -90.332161 23.377428 114.000000 
210.327011 -90.313026 23.379343 114.000000 
210.166748 -90.515236 23.383053 50.000000 
210.319397 -90.293388 23.381145 111.000000 
210.148666 -90.510368 23.376322 115.000000 
210.137268 -90.496788 23.374670 123.000000 
210.130936 -90.475578 23.377142 123.000000 
210.120667 -90.460442 23.376390 124.000000 
209.949081 -90.670143 23.385294 109.000000 
210.108414 -90.448326 23.374043 120.000000 
209.923813 -90.675804 23.373434 121.000000 
209.908875 -90.666145 23.369370 123.000000 
209.898849 -90.650940 23.368618 124.000000 
209.889236 -90.633644 23.368525 124.000000 
212.864609 -88.390396 23.418066 52.000000 
212.853241 -88.394386 23.407572 74.000000 
212.842667 -88.393570 23.400702 86.000000 
212.835602 -88.382561 23.402832 83.000000 
212.779984 -88.471901 23.411371 65.000000 
212.828125 -88.371277 23.404842 77.000000 
212.767197 -88.476944 23.399628 67.000000 
212.818451 -88.365646 23.401670 71.000000 
212.758621 -88.466614 23.400049 68.000000 
212.809250 -88.360252 23.398668 80.000000 
212.752975 -88.449059 23.406832 63.000000 
212.800980 -88.351875 23.398228 83.000000 
212.745483 -88.437500 23.408718 63.000000 
212.735092 -88.434891 23.403208 58.000000 
212.673401 -88.535904 23.405266 66.000000 
212.727631 -88.426842 23.402971 56.000000 
212.664154 -88.532188 23.401262 73.000000 
212.719254 -88.418221 23.402460 56.000000 
212.654999 -88.524841 23.399378 68.000000 
212.592255 -88.621056 23.408909 50.000000 
212.644272 -88.521973 23.393890 66.000000 
212.585663 -88.605896 23.412800 67.000000 
212.637848 -88.507072 23.398104 70.000000 
212.575790 -88.599846 23.409679 72.000000 
212.630539 -88.491592 23.402058 66.000000 
212.562668 -88.599213 23.401562 70.000000 
212.622620 -88.481186 23.402714 62.000000 
212.556229 -88.584015 23.405556 67.000000 
212.482788 -88.700951 23.402538 67.000000 
212.550858 -88.569450 23.409895 62.000000 
212.475433 -88.690651 23.403135 67.000000 
212.545181 -88.552773 23.415154 56.000000 
212.468948 -88.675148 23.406887 65.000000 
212.530930 -88.554993 23.404760 56.000000 
212.460312 -88.662041 23.408077 67.000000 
212.387848 -88.771278 23.415117 54.000000 
212.452744 -88.649567 23.409615 65.000000 
212.371719 -88.778450 23.401932 90.000000 
212.439987 -88.652840 23.399967 57.000000 
212.365601 -88.764793 23.404673 89.000000 
212.431229 -88.643341 23.399246 63.000000 
212.357224 -88.753525 23.404903 82.000000 
212.423264 -88.630486 23.400719 53.000000 
212.345078 -88.749512 23.399416 79.000000 
212.273895 -88.847176 23.418510 54.000000 
212.334106 -88.744270 23.395222 72.000000 
212.257828 -88.852509 23.406691 74.000000 
212.327316 -88.728050 23.398752 72.000000 
212.246704 -88.845154 23.403395 75.000000 
212.324509 -88.704628 23.408102 60.000000 
212.235428 -88.839645 23.399195 72.000000 
212.150421 -88.961456 23.405983 67.000000 
212.232254 -88.819572 23.406208 63.000000 
212.140610 -88.954880 23.403111 76.000000 
212.226028 -88.803383 23.409695 59.000000 
212.126785 -88.953674 23.395731 84.000000 
212.215240 -88.794067 23.407461 66.000000 
212.119232 -88.936356 23.398594 70.000000 
212.026306 -89.057816 23.406822 56.000000 
212.115082 -88.915199 23.404985 73.000000 
212.020493 -89.039368 23.410749 55.000000 
212.103561 -88.909309 23.400852 67.000000 
212.011688 -89.027084 23.410643 63.000000 
212.094315 -88.898819 23.399918 68.000000 
212.000153 -89.023216 23.405775 66.000000 
211.989853 -89.013939 23.403681 69.000000 
211.885223 -89.160484 23.404072 68.000000 
211.978241 -89.005775 23.400438 69.000000 
211.878036 -89.142769 23.406622 74.000000 
211.971176 -88.990356 23.402506 66.000000 
211.865555 -89.138153 23.401636 78.000000 
211.857422 -89.123886 23.402447 67.000000 
211.748245 -89.273331 23.407551 58.000000 
211.844131 -89.120720 23.396515 60.000000 
211.737289 -89.263329 23.405273 69.000000 
211.842194 -89.093819 23.405172 63.000000 
211.723801 -89.257896 23.400167 68.000000 
211.715485 -89.243217 23.400808 63.000000 
211.711548 -89.220886 23.406265 60.000000 
211.581223 -89.398071 23.400223 68.000000 
211.701630 -89.209259 23.405077 61.000000 
211.567276 -89.392181 23.395151 82.000000 
211.567688 -89.361717 23.404802 71.000000 
211.559235 -89.346611 23.405319 63.000000 
211.543900 -89.341713 23.399269 68.000000 
211.416901 -89.505905 23.408354 63.000000 
211.530975 -89.334167 23.395241 71.000000 
211.403503 -89.498016 23.404249 64.000000 
211.395752 -89.480911 23.405476 61.000000 
211.383347 -89.471428 23.402319 58.000000 
211.233749 -89.663361 23.403093 112.000000 
211.373825 -89.457344 23.401852 70.000000 
211.227600 -89.642685 23.405750 114.000000 
211.211823 -89.637299 23.399984 72.000000 
211.201263 -89.622208 23.399174 104.000000 
211.196335 -89.600006 23.402815 63.000000 
211.027832 -89.811737 23.401154 118.000000 
211.016495 -89.798141 23.399508 122.000000 
211.018417 -89.764755 23.408447 121.000000 
211.006882 -89.753204 23.406237 120.000000 
210.826096 -89.976425 23.408724 109.000000 
210.988571 -89.750160 23.399021 102.000000 
210.812271 -89.965302 23.405424 121.000000 
210.799179 -89.954697 23.402323 124.000000 
210.787521 -89.940468 23.400637 124.000000 
210.772049 -89.930168 23.396507 125.000000 
213.755600 -87.713036 23.415829 51.000000 
213.748474 -87.700317 23.419071 57.000000 
213.734818 -87.709923 23.403423 78.000000 
213.721512 -87.717949 23.389021 83.000000 
213.714874 -87.703651 23.393587 80.000000 
213.709244 -87.686417 23.400730 80.000000 
213.648773 -87.788933 23.398085 51.000000 
213.700470 -87.681267 23.397915 74.000000 
213.642639 -87.774635 23.402592 67.000000 
213.690308 -87.678764 23.392431 68.000000 
213.634628 -87.764557 23.403278 68.000000 
213.681534 -87.673553 23.389648 74.000000 
213.626633 -87.756226 23.402905 65.000000 
213.567444 -87.849770 23.411211 52.000000 
213.616196 -87.753548 23.397444 56.000000 
213.553009 -87.857513 23.397301 64.000000 
213.605270 -87.750534 23.391851 61.000000 
213.543854 -87.848335 23.396507 70.000000 
213.599960 -87.732971 23.398859 68.000000 
213.534683 -87.840935 23.394688 73.000000 
213.472107 -87.935547 23.405577 55.000000 
213.526566 -87.832314 23.394253 64.000000 
213.463791 -87.926727 23.404997 60.000000 
213.516357 -87.827850 23.390055 70.000000 
213.452148 -87.925140 23.398401 59.000000 
213.510117 -87.811134 23.395447 76.000000 
213.444046 -87.912636 23.399921 58.000000 
213.502747 -87.799194 23.397381 72.000000 
213.436493 -87.900436 23.401628 59.000000 
213.358902 -88.026352 23.391926 62.000000 
213.431854 -87.882538 23.408253 62.000000 
213.352249 -88.012642 23.394714 70.000000 
213.421478 -87.877831 23.404114 50.000000 
213.345779 -87.997086 23.398537 61.000000 
213.411804 -87.869781 23.402218 59.000000 
213.338898 -87.981224 23.402250 53.000000 
213.265320 -88.091904 23.408457 64.000000 
213.328812 -87.974739 23.399244 61.000000 
213.249039 -88.098953 23.395319 84.000000 
213.319244 -87.968544 23.396410 55.000000 
213.242432 -88.084923 23.397970 85.000000 
213.309204 -87.961998 23.393448 63.000000 
213.232712 -88.076637 23.396030 79.000000 
213.299957 -87.952087 23.392677 50.000000 
213.224503 -88.063438 23.397326 63.000000 
213.149551 -88.168648 23.411201 52.000000 
213.213501 -88.058128 23.393200 55.000000 
213.131256 -88.178436 23.396179 66.000000 
213.201828 -88.054283 23.387968 62.000000 
213.122711 -88.166771 23.396358 65.000000 
213.111374 -88.161179 23.392220 66.000000 
213.028030 -88.278282 23.402550 63.000000 
213.104355 -88.146439 23.394640 61.000000 
213.012665 -88.280098 23.393114 76.000000 
213.099548 -88.127167 23.400375 59.000000 
212.999481 -88.277245 23.386847 78.000000 
213.091751 -88.115822 23.400841 52.000000 
212.995819 -88.256409 23.393414 67.000000 
212.899277 -88.383873 23.397968 56.000000 
212.989456 -88.239792 23.396709 70.000000 
212.891357 -88.368057 23.399771 61.000000 
212.979614 -88.228882 23.395662 70.000000 
212.887222 -88.346504 23.405853 63.000000 
212.968811 -88.221352 23.392677 68.000000 
212.875076 -88.342171 23.400894 64.000000 
212.769379 -88.490334 23.400829 56.000000 
212.863953 -88.334343 23.397848 61.000000 
212.764130 -88.471855 23.404722 59.000000 
212.853897 -88.323051 23.396729 59.000000 
212.745728 -88.473633 23.394379 68.000000 
212.846863 -88.307587 23.398874 67.000000 
212.738113 -88.459717 23.395380 73.000000 
212.726639 -88.451492 23.392305 63.000000 
212.617554 -88.599236 23.398994 60.000000 
212.719131 -88.437553 23.393373 60.000000 
212.606552 -88.589134 23.396786 81.000000 
212.715881 -88.411758 23.400974 60.000000 
212.593262 -88.581627 23.392548 68.000000 
212.588409 -88.560768 23.397083 68.000000 
212.581909 -88.542984 23.399757 66.000000 
212.448029 -88.724434 23.391497 71.000000 
212.571091 -88.532791 23.397686 58.000000 
212.436707 -88.713837 23.389252 92.000000 
212.433273 -88.691444 23.394547 83.000000 
212.422058 -88.680809 23.392374 66.000000 
212.295670 -88.843636 23.403234 51.000000 
212.411789 -88.668633 23.391155 63.000000 
212.279358 -88.840263 23.396532 72.000000 
212.396957 -88.664001 23.385353 59.000000 
212.271515 -88.823082 23.397791 75.000000 
212.262802 -88.807426 23.398212 68.000000 
212.123520 -88.982597 23.409128 51.000000 
212.250351 -88.797836 23.395130 59.000000 
212.100830 -88.987915 23.397482 72.000000 
212.240509 -88.781181 23.395323 59.000000 
212.084274 -88.981926 23.391602 112.000000 
212.078186 -88.961166 23.394379 108.000000 
212.072220 -88.940414 23.397205 72.000000 
211.906342 -89.147682 23.399006 109.000000 
212.063354 -88.924225 23.397532 102.000000 
211.886810 -89.146202 23.390942 112.000000 
211.875412 -89.132477 23.389372 124.000000 
211.875336 -89.102066 23.396763 123.000000 
211.866806 -89.085854 23.397060 123.000000 
211.670654 -89.327881 23.390387 120.000000 
211.854584 -89.073616 23.394806 113.000000 
211.658798 -89.313538 23.388700 123.000000 
211.652283 -89.291611 23.390919 123.000000 
211.642670 -89.274223 23.390863 123.000000 
211.627792 -89.264328 23.386978 123.000000 
214.644684 -87.038780 23.406374 56.000000 
214.634933 -87.034935 23.402086 68.000000 
214.624268 -87.034027 23.395281 80.000000 
214.618134 -87.020020 23.400042 77.000000 
214.562592 -87.107765 23.409861 60.000000 
214.612076 -87.004280 23.405966 63.000000 
214.549210 -87.114182 23.396936 64.000000 
214.602386 -87.000336 23.401762 58.000000 
214.544067 -87.095131 23.405039 65.000000 
214.592712 -86.996346 23.397575 63.000000 
214.535583 -87.086533 23.404520 58.000000 
214.527588 -87.078201 23.404177 54.000000 
214.463638 -87.185280 23.401535 55.000000 
214.519165 -87.069565 23.403709 52.000000 
214.457062 -87.170403 23.405735 66.000000 
214.508728 -87.066833 23.398293 56.000000 
214.447372 -87.164536 23.402719 70.000000 
214.437683 -87.158638 23.399723 66.000000 
214.375137 -87.253174 23.410421 69.000000 
214.428680 -87.147636 23.400091 60.000000 
214.365921 -87.241936 23.410599 64.000000 
214.420151 -87.138702 23.399574 60.000000 
214.356613 -87.234306 23.408754 66.000000 
214.414841 -87.124397 23.404243 60.000000 
214.345978 -87.233284 23.402506 62.000000 
214.273438 -87.347252 23.402063 67.000000 
214.339615 -87.218086 23.406618 59.000000 
214.266281 -87.333252 23.404716 89.000000 
214.331161 -87.205269 23.408108 55.000000 
214.256943 -87.321640 23.404804 63.000000 
214.324966 -87.190079 23.412302 59.000000 
214.249298 -87.309143 23.406384 63.000000 
214.179810 -87.410797 23.419260 54.000000 
214.242722 -87.297287 23.408295 57.000000 
214.159424 -87.430779 23.397518 69.000000 
214.231384 -87.293823 23.403017 61.000000 
214.149628 -87.422523 23.395550 79.000000 
214.222610 -87.284294 23.402376 63.000000 
214.147125 -87.397514 23.405918 75.000000 
214.138779 -87.386208 23.406261 67.000000 
214.061417 -87.497665 23.415649 50.000000 
214.127121 -87.382446 23.401026 62.000000 
214.047302 -87.498322 23.407143 74.000000 
214.118835 -87.371101 23.401426 55.000000 
214.037369 -87.489746 23.405167 70.000000 
214.028168 -87.479630 23.404305 66.000000 
213.944519 -87.598358 23.413317 67.000000 
214.019714 -87.467972 23.404564 65.000000 
213.927719 -87.603294 23.401791 76.000000 
214.011307 -87.456299 23.404858 56.000000 
213.918991 -87.591309 23.401861 78.000000 
214.005127 -87.440086 23.408463 58.000000 
213.908829 -87.582359 23.399855 67.000000 
213.816666 -87.700394 23.410276 62.000000 
213.898148 -87.573006 23.397722 58.000000 
213.806229 -87.691154 23.408178 61.000000 
213.894852 -87.550331 23.405304 64.000000 
213.799500 -87.676140 23.410347 63.000000 
213.886124 -87.540192 23.404602 64.000000 
213.789932 -87.665329 23.409332 66.000000 
213.781189 -87.652969 23.409374 57.000000 
213.673920 -87.804047 23.406940 56.000000 
213.770111 -87.645164 23.406374 55.000000 
213.664047 -87.792854 23.405796 65.000000 
213.759048 -87.637314 23.403397 51.000000 
213.654205 -87.781639 23.404686 64.000000 
213.646072 -87.767349 23.405586 60.000000 
213.537491 -87.915222 23.411909 77.000000 
213.627960 -87.771332 23.394627 60.000000 
213.521378 -87.914398 23.404013 66.000000 
213.625778 -87.746353 23.402536 62.000000 
213.513855 -87.898170 23.405663 61.000000 
213.505539 -87.883469 23.406401 59.000000 
213.492905 -87.876381 23.402395 54.000000 
213.373718 -88.033592 23.408873 57.000000 
213.490845 -87.851013 23.409908 57.000000 
213.350739 -88.042992 23.394722 77.000000 
213.346664 -88.020164 23.399874 64.000000 
213.341797 -87.998894 23.404156 64.000000 
213.212509 -88.166039 23.411884 54.000000 
213.331543 -87.986763 23.402958 68.000000 
213.191544 -88.170387 23.400789 72.000000 
213.317978 -87.978706 23.398872 59.000000 
213.192459 -88.137466 23.410738 66.000000 
213.184708 -88.120346 23.412069 64.000000 
213.036011 -88.313049 23.413397 50.000000 
213.171005 -88.114334 23.407396 64.000000 
213.021744 -88.306664 23.408676 75.000000 
213.006836 -88.299713 23.403822 108.000000 
212.996826 -88.285095 23.403231 102.000000 
212.984909 -88.273499 23.400980 111.000000 
212.816498 -88.485756 23.400398 121.000000 
212.975998 -88.257317 23.401312 105.000000 
212.806046 -88.470573 23.399614 124.000000 
212.798691 -88.450813 23.401300 123.000000 
212.794144 -88.428566 23.404812 121.000000 
212.790070 -88.404289 23.409029 122.000000 
212.589432 -88.654297 23.398125 121.000000 
212.576859 -88.639435 23.396294 126.000000 
212.577713 -88.606956 23.403938 123.000000 
212.563187 -88.595100 23.400658 120.000000 
212.551514 -88.580757 23.399118 119.000000 
215.550415 -86.346504 23.409847 63.000000 
215.543304 -86.332039 23.414251 78.000000 
215.531876 -86.334145 23.404907 74.000000 
215.523575 -86.329330 23.402208 74.000000 
215.514359 -86.323952 23.399229 65.000000 
215.459274 -86.409927 23.409733 58.000000 
215.505600 -86.315323 23.398670 68.000000 
215.449356 -86.404091 23.406548 70.000000 
215.501083 -86.295204 23.408484 65.000000 
215.438934 -86.401489 23.401052 63.000000 
215.492905 -86.286835 23.408138 86.000000 
215.431488 -86.389915 23.403028 63.000000 
215.371368 -86.486351 23.408390 61.000000 
215.426620 -86.370926 23.411263 51.000000 
215.356979 -86.494072 23.394445 70.000000 
215.352539 -86.474998 23.402454 76.000000 
215.346115 -86.460144 23.406723 71.000000 
215.337128 -86.450981 23.406023 60.000000 
215.272415 -86.551147 23.411156 58.000000 
215.327560 -86.445076 23.403065 62.000000 
215.265427 -86.537514 23.414022 61.000000 
215.317383 -86.442406 23.397837 62.000000 
215.258423 -86.525696 23.415895 62.000000 
215.180374 -86.654587 23.403019 69.000000 
215.313980 -86.420120 23.408344 54.000000 
215.247482 -86.522583 23.410538 58.000000 
215.177490 -86.629982 23.413715 63.000000 
215.234879 -86.522102 23.402672 53.000000 
215.165695 -86.626335 23.408201 56.000000 
215.228668 -86.506927 23.406857 58.000000 
215.153778 -86.624474 23.401701 63.000000 
215.223022 -86.492081 23.411224 55.000000 
215.144211 -86.618355 23.398829 65.000000 
215.076523 -86.715240 23.414581 76.000000 
215.137939 -86.602844 23.402769 65.000000 
215.059692 -86.723824 23.400301 90.000000 
215.130463 -86.590347 23.404432 61.000000 
215.050659 -86.714066 23.399471 69.000000 
215.123062 -86.577850 23.406132 67.000000 
215.045639 -86.695198 23.405415 69.000000 
215.038864 -86.679039 23.409006 67.000000 
214.952530 -86.809959 23.403345 63.000000 
215.029999 -86.669258 23.408283 56.000000 
214.944717 -86.796837 23.404619 72.000000 
215.016235 -86.671837 23.398708 69.000000 
214.938904 -86.781021 23.408264 68.000000 
214.930511 -86.769417 23.408520 63.000000 
214.837433 -86.907646 23.402803 75.000000 
214.920227 -86.760468 23.406471 54.000000 
214.830429 -86.890747 23.405882 68.000000 
214.909058 -86.754875 23.402405 61.000000 
214.822571 -86.877274 23.407043 62.000000 
214.900803 -86.743210 23.402752 50.000000 
214.808792 -86.875977 23.399759 61.000000 
214.798004 -86.868538 23.396734 57.000000 
214.706848 -86.984787 23.407341 55.000000 
214.791779 -86.851974 23.400116 66.000000 
214.693405 -86.981651 23.401182 58.000000 
214.784103 -86.838448 23.401409 55.000000 
214.689957 -86.960556 23.407520 64.000000 
214.684494 -86.942139 23.411701 56.000000 
214.573959 -87.098869 23.404169 62.000000 
214.672974 -86.933975 23.408566 56.000000 
214.561951 -87.090355 23.400906 65.000000 
214.660416 -86.929184 23.403542 51.000000 
214.557983 -87.068466 23.406763 62.000000 
214.548325 -87.057266 23.405710 57.000000 
214.435410 -87.212357 23.406147 60.000000 
214.535339 -87.052124 23.400705 53.000000 
214.430527 -87.191589 23.410671 65.000000 
214.418839 -87.183083 23.407581 61.000000 
214.405441 -87.177582 23.402597 58.000000 
214.285660 -87.336205 23.407192 71.000000 
214.397293 -87.162903 23.403402 58.000000 
214.274445 -87.325737 23.404959 94.000000 
214.388321 -87.149742 23.403284 54.000000 
214.262375 -87.316772 23.401833 78.000000 
214.252136 -87.304710 23.400585 67.000000 
214.241928 -87.292633 23.399370 63.000000 
214.114319 -87.456261 23.407785 63.000000 
214.239120 -87.268394 23.405607 57.000000 
214.100006 -87.449890 23.402864 69.000000 
214.095108 -87.428230 23.406847 60.000000 
214.091888 -87.405540 23.411924 57.000000 
213.939240 -87.603844 23.408442 105.000000 
214.081497 -87.393028 23.410664 55.000000 
213.923447 -87.598495 23.402712 112.000000 
213.920364 -87.573280 23.408068 102.000000 
213.908569 -87.561783 23.405811 63.000000 
213.746689 -87.764725 23.408567 106.000000 
213.895813 -87.551765 23.402733 66.000000 
213.739395 -87.745094 23.410225 121.000000 
213.723083 -87.739159 23.404610 123.000000 
213.713242 -87.722008 23.404566 121.000000 
213.704117 -87.705376 23.404722 117.000000 
213.524643 -87.924866 23.408010 122.000000 
213.695724 -87.689262 23.405075 53.000000 
213.505951 -87.923965 23.400463 125.000000 
213.499512 -87.902184 23.402710 121.000000 
213.488266 -87.885895 23.401739 113.000000 
213.485214 -87.859612 23.406422 122.000000 
216.464340 -85.633324 23.408386 79.000000 
216.453888 -85.632538 23.401573 83.000000 
216.448639 -85.613991 23.410080 90.000000 
216.387863 -85.722404 23.400768 52.000000 
216.439529 -85.608719 23.407139 90.000000 
216.381226 -85.707985 23.405191 85.000000 
216.431793 -85.602486 23.405787 86.000000 
216.376083 -85.692627 23.411200 83.000000 
216.421814 -85.600098 23.400320 80.000000 
216.364365 -85.694595 23.401978 62.000000 
216.414566 -85.587158 23.403706 90.000000 
216.358414 -85.676918 23.408857 68.000000 
216.299835 -85.771751 23.414156 56.000000 
216.408325 -85.573021 23.408558 57.000000 
216.348145 -85.674355 23.403416 68.000000 
216.287201 -85.775070 23.403833 66.000000 
216.341309 -85.663162 23.405655 58.000000 
216.278625 -85.768120 23.402191 73.000000 
216.335052 -85.648735 23.410292 56.000000 
216.270111 -85.759369 23.401646 71.000000 
216.328888 -85.634315 23.414968 61.000000 
216.261642 -85.750595 23.401125 63.000000 
216.198929 -85.847847 23.407598 75.000000 
216.255875 -85.734360 23.406754 66.000000 
216.186905 -85.847885 23.399818 67.000000 
216.244324 -85.732697 23.400023 73.000000 
216.178894 -85.835533 23.401426 67.000000 
216.237061 -85.720909 23.402044 62.000000 
216.172562 -85.820480 23.405603 67.000000 
216.100525 -85.935585 23.401867 69.000000 
216.162186 -85.817719 23.400414 67.000000 
216.094589 -85.920525 23.405926 83.000000 
216.154816 -85.805641 23.402267 63.000000 
216.080963 -85.923309 23.395947 82.000000 
216.145142 -85.799515 23.399364 69.000000 
216.074631 -85.907913 23.399916 75.000000 
216.002838 -86.017059 23.405352 66.000000 
216.139648 -85.782959 23.404881 54.000000 
216.064667 -85.901558 23.396942 68.000000 
215.995132 -86.004417 23.406801 95.000000 
216.056580 -85.890671 23.397490 62.000000 
215.982315 -86.003922 23.399250 89.000000 
216.047928 -85.881264 23.396902 60.000000 
215.975342 -85.989723 23.401888 82.000000 
216.039948 -85.870346 23.397511 82.000000 
215.963837 -85.986115 23.396637 67.000000 
215.885284 -86.102043 23.400850 60.000000 
215.958939 -85.967369 23.402744 63.000000 
215.878876 -86.085999 23.404375 72.000000 
215.948807 -85.960693 23.399813 69.000000 
215.867722 -86.080612 23.400248 68.000000 
215.941391 -85.947968 23.401455 63.000000 
215.860748 -86.066071 23.402748 59.000000 
215.765945 -86.210663 23.391375 72.000000 
215.854553 -86.050026 23.406387 56.000000 
215.758011 -86.197289 23.392540 93.000000 
215.845612 -86.040031 23.405655 56.000000 
215.750870 -86.182381 23.394810 78.000000 
215.833847 -86.036041 23.400532 58.000000 
215.746735 -86.161385 23.401392 68.000000 
215.734573 -86.157127 23.396261 65.000000 
215.643082 -86.276680 23.403261 61.000000 
215.723145 -86.151306 23.392220 58.000000 
215.631287 -86.270622 23.399174 67.000000 
215.713989 -86.140915 23.391418 61.000000 
215.621063 -86.261467 23.397179 72.000000 
215.704865 -86.130493 23.390646 51.000000 
215.611664 -86.250771 23.396250 67.000000 
215.514053 -86.386833 23.401575 57.000000 
215.603073 -86.238525 23.396389 61.000000 
215.502731 -86.378868 23.398497 50.000000 
215.598511 -86.218712 23.401760 64.000000 
215.490601 -86.372398 23.394444 55.000000 
215.483154 -86.358665 23.395576 56.000000 
215.372604 -86.510712 23.396290 58.000000 
215.478500 -86.338448 23.400612 53.000000 
215.362610 -86.499268 23.395109 65.000000 
215.470062 -86.323921 23.401527 53.000000 
215.351212 -86.488914 23.392841 69.000000 
215.348160 -86.465218 23.399469 65.000000 
215.335739 -86.458298 23.395493 58.000000 
215.211594 -86.626183 23.392530 82.000000 
215.327682 -86.443748 23.396393 65.000000 
215.208466 -86.602036 23.398733 71.000000 
215.316452 -86.437614 23.392765 55.000000 
215.199493 -86.591026 23.397840 71.000000 
215.185776 -86.585197 23.392939 63.000000 
215.173874 -86.576286 23.389929 71.000000 
215.057083 -86.725235 23.405466 69.000000 
215.166550 -86.559761 23.391630 70.000000 
215.041077 -86.722076 23.398800 64.000000 
215.028778 -86.712753 23.395742 57.000000 
215.019333 -86.698837 23.395411 59.000000 
214.871811 -86.889259 23.394094 74.000000 
215.015625 -86.675819 23.400515 57.000000 
214.861938 -86.874870 23.393545 106.000000 
214.851135 -86.861977 23.392176 74.000000 
214.846954 -86.835945 23.397434 51.000000 
214.677200 -87.052780 23.390272 115.000000 
214.838257 -86.820015 23.397877 65.000000 
214.670959 -87.031731 23.392868 115.000000 
214.665131 -87.013268 23.395000 111.000000 
214.654037 -86.999832 23.393568 111.000000 
214.640289 -86.988869 23.390371 61.000000 
214.471909 -87.195541 23.398436 121.000000 
214.630295 -86.973862 23.389839 51.000000 
214.455139 -87.189133 23.392935 123.000000 
214.445694 -87.172073 23.392965 123.000000 
214.432098 -87.161034 23.389889 122.000000 
214.424500 -87.142990 23.390942 121.000000 
217.370941 -84.941376 23.410282 51.000000 
217.357513 -84.950951 23.394541 68.000000 
217.350967 -84.936852 23.399258 81.000000 
217.343597 -84.925697 23.401453 90.000000 
217.334961 -84.918945 23.399830 83.000000 
217.276077 -85.019524 23.396217 85.000000 
217.325424 -84.916824 23.394520 83.000000 
217.270981 -85.002426 23.403402 68.000000 
217.315430 -84.914398 23.389076 71.000000 
217.262650 -84.993965 23.402967 68.000000 
217.308701 -84.900002 23.393814 71.000000 
217.251923 -84.991135 23.397394 61.000000 
217.304367 -84.880066 23.403898 60.000000 
217.242630 -84.985580 23.394493 61.000000 
217.182571 -85.083145 23.396963 67.000000 
217.234360 -84.977043 23.394129 54.000000 
217.171463 -85.081871 23.390326 76.000000 
217.229156 -84.959686 23.401356 54.000000 
217.162430 -85.074577 23.388601 81.000000 
217.156586 -85.060135 23.393185 81.000000 
217.093765 -85.157234 23.399248 56.000000 
217.147644 -85.052818 23.391516 67.000000 
217.082886 -85.154228 23.393881 62.000000 
217.139893 -85.040741 23.393423 61.000000 
217.074921 -85.141884 23.395557 62.000000 
217.132660 -85.028961 23.395508 58.000000 
217.068665 -85.126854 23.399815 62.000000 
216.995926 -85.243225 23.394373 69.000000 
217.058319 -85.124062 23.394659 59.000000 
216.988220 -85.232712 23.395016 76.000000 
217.050995 -85.112000 23.396582 55.000000 
216.978867 -85.224892 23.393208 82.000000 
217.038513 -85.111496 23.388771 59.000000 
216.970245 -85.213722 23.393612 62.000000 
216.898361 -85.322655 23.398523 72.000000 
216.959091 -85.210350 23.388351 58.000000 
216.890717 -85.310020 23.400043 90.000000 
216.951538 -85.199776 23.389105 52.000000 
216.879730 -85.306786 23.394941 79.000000 
216.944809 -85.185890 23.392088 55.000000 
216.872162 -85.294121 23.396521 69.000000 
216.861511 -85.287148 23.393440 69.000000 
216.785645 -85.396706 23.401400 66.000000 
216.852036 -85.278961 23.391668 55.000000 
216.775208 -85.389816 23.398405 72.000000 
216.850006 -85.254272 23.402475 64.000000 
216.767563 -85.376839 23.399849 79.000000 
216.839966 -85.247574 23.399632 50.000000 
216.755081 -85.374428 23.393589 69.000000 
216.667282 -85.503448 23.392330 91.000000 
216.752991 -85.351204 23.402990 61.000000 
216.657791 -85.495049 23.390524 88.000000 
216.740540 -85.348740 23.396780 58.000000 
216.652206 -85.477135 23.395023 78.000000 
216.728806 -85.344719 23.391693 56.000000 
216.645233 -85.462273 23.397423 70.000000 
216.634598 -85.454979 23.394489 68.000000 
216.544662 -85.571182 23.402836 73.000000 
216.620972 -85.453682 23.387276 62.000000 
216.531403 -85.568176 23.396730 77.000000 
216.614151 -85.438774 23.389772 62.000000 
216.522812 -85.556000 23.396883 74.000000 
216.509552 -85.552902 23.390820 66.000000 
216.413712 -85.683708 23.398321 74.000000 
216.502869 -85.535751 23.394016 59.000000 
216.398636 -85.681458 23.391138 64.000000 
216.499207 -85.514481 23.400536 57.000000 
216.387360 -85.673447 23.388145 61.000000 
216.379974 -85.659729 23.389359 60.000000 
216.270676 -85.810318 23.390448 60.000000 
216.381226 -85.628952 23.401558 62.000000 
216.259903 -85.800415 23.388372 69.000000 
216.370132 -85.620903 23.398670 57.000000 
216.252579 -85.784378 23.390211 69.000000 
216.249634 -85.760750 23.396954 59.000000 
216.237579 -85.751892 23.393866 63.000000 
216.112442 -85.920883 23.388983 92.000000 
216.226120 -85.743431 23.390953 63.000000 
216.105850 -85.902901 23.391563 78.000000 
216.095444 -85.892975 23.389652 72.000000 
216.087204 -85.878021 23.390434 72.000000 
215.960892 -86.041771 23.396006 73.000000 
216.072647 -85.873657 23.384678 67.000000 
215.949539 -86.030991 23.393856 70.000000 
216.067230 -85.854141 23.388355 50.000000 
215.934479 -86.026253 23.388134 68.000000 
215.922226 -86.016907 23.385143 58.000000 
215.786011 -86.191071 23.392969 105.000000 
215.919449 -85.992401 23.391216 66.000000 
215.774261 -86.179787 23.390751 106.000000 
215.757690 -86.176064 23.384247 69.000000 
215.749878 -86.158623 23.385551 75.000000 
215.740189 -86.144211 23.385166 69.000000 
215.578064 -86.348488 23.383890 102.000000 
215.734512 -86.123749 23.388292 66.000000 
215.570923 -86.329010 23.385767 120.000000 
215.565887 -86.306503 23.389345 119.000000 
215.550797 -86.299126 23.384684 117.000000 
215.539810 -86.285660 23.383371 121.000000 
215.363220 -86.501991 23.384781 121.000000 
215.353790 -86.484955 23.384867 123.000000 
215.342316 -86.470924 23.383411 121.000000 
215.329849 -86.458374 23.381203 122.000000 
215.320602 -86.441292 23.381411 59.000000 
218.237656 -84.271202 23.403675 57.000000 
218.228470 -84.265900 23.400709 85.000000 
218.220184 -84.259361 23.399185 80.000000 
218.211929 -84.251060 23.398819 80.000000 
218.154282 -84.345787 23.400923 52.000000 
218.200027 -84.254463 23.388222 74.000000 
218.146805 -84.334297 23.402927 72.000000 
218.193665 -84.240257 23.393028 77.000000 
218.138412 -84.325760 23.402468 70.000000 
218.185486 -84.231895 23.392735 71.000000 
218.129059 -84.320175 23.399529 60.000000 
218.182114 -84.208969 23.405340 71.000000 
218.117722 -84.320450 23.391596 58.000000 
218.061691 -84.404678 23.405849 52.000000 
218.111877 -84.306236 23.396370 54.000000 
218.046768 -84.415588 23.389595 64.000000 
218.038742 -84.405243 23.390289 73.000000 
218.097427 -84.283127 23.400711 59.000000 
218.032410 -84.390434 23.394688 60.000000 
217.967270 -84.492081 23.397900 54.000000 
218.025589 -84.377113 23.397902 64.000000 
217.957443 -84.485992 23.394897 61.000000 
218.017197 -84.368233 23.397470 70.000000 
217.952805 -84.466385 23.402651 72.000000 
218.007721 -84.362282 23.394609 64.000000 
217.943054 -84.460258 23.399708 69.000000 
217.994400 -84.364838 23.384237 54.000000 
217.932831 -84.453796 23.396639 65.000000 
217.862671 -84.560928 23.398907 50.000000 
217.924286 -84.444626 23.396135 63.000000 
217.855118 -84.548515 23.400566 67.000000 
217.915085 -84.438721 23.393404 65.000000 
217.845627 -84.542435 23.397753 67.000000 
217.907806 -84.426559 23.395353 67.000000 
217.834396 -84.538994 23.392483 67.000000 
217.766754 -84.635605 23.407146 76.000000 
217.824417 -84.532509 23.389563 61.000000 
217.754547 -84.633492 23.400759 85.000000 
217.819580 -84.514069 23.396015 61.000000 
217.743652 -84.628304 23.396648 69.000000 
217.812256 -84.501602 23.397835 65.000000 
217.733429 -84.621574 23.393692 69.000000 
217.659637 -84.725060 23.406937 52.000000 
217.727264 -84.605789 23.397573 63.000000 
217.647751 -84.721138 23.401726 60.000000 
217.720505 -84.591522 23.400358 54.000000 
217.637268 -84.714134 23.398733 72.000000 
217.711761 -84.581741 23.399767 79.000000 
217.632462 -84.695007 23.404581 70.000000 
217.541168 -84.829971 23.399685 67.000000 
217.624191 -84.683441 23.404961 61.000000 
217.532578 -84.818085 23.399843 95.000000 
217.613098 -84.677887 23.400951 55.000000 
217.522552 -84.809235 23.397898 85.000000 
217.605637 -84.664787 23.402496 66.000000 
217.517792 -84.789742 23.403467 71.000000 
217.507111 -84.782364 23.400518 62.000000 
217.418076 -84.895378 23.411716 54.000000 
217.497223 -84.773453 23.398666 62.000000 
217.405548 -84.890778 23.406647 72.000000 
217.488098 -84.763008 23.397917 62.000000 
217.394577 -84.883087 23.403667 72.000000 
217.384430 -84.873848 23.401752 59.000000 
217.286362 -85.007500 23.407930 61.000000 
217.376709 -84.860054 23.402985 66.000000 
217.275070 -84.999474 23.404905 74.000000 
217.370651 -84.843239 23.406334 59.000000 
217.262970 -84.992928 23.400906 71.000000 
217.256683 -84.975723 23.403954 64.000000 
217.146790 -85.126015 23.405661 56.000000 
217.250504 -84.958527 23.407045 60.000000 
217.133438 -85.120636 23.400679 69.000000 
217.241867 -84.945862 23.407162 60.000000 
217.126129 -85.104546 23.402491 73.000000 
217.120621 -85.085419 23.406281 65.000000 
217.111725 -85.072365 23.406237 59.000000 
216.984085 -85.244118 23.400295 94.000000 
217.098480 -85.066856 23.401371 59.000000 
216.982010 -85.218452 23.407497 75.000000 
216.969208 -85.211075 23.403561 67.000000 
216.951859 -85.211220 23.394976 60.000000 
216.838654 -85.351830 23.415113 61.000000 
216.946381 -85.191628 23.398571 63.000000 
216.822632 -85.348618 23.408482 67.000000 
216.815063 -85.331665 23.409943 66.000000 
216.800949 -85.325317 23.405157 58.000000 
216.665131 -85.497498 23.414385 105.000000 
216.790649 -85.312874 23.403996 59.000000 
216.643692 -85.501404 23.403576 112.000000 
216.628036 -85.496078 23.397938 108.000000 
216.622208 -85.475548 23.400938 74.000000 
216.621429 -85.447479 23.408298 102.000000 
216.454636 -85.657280 23.404245 121.000000 
216.443497 -85.643829 23.402805 122.000000 
216.439529 -85.619766 23.407171 121.000000 
216.426483 -85.609306 23.404163 115.000000 
216.237900 -85.844360 23.397310 125.000000 
216.412430 -85.600311 23.400362 117.000000 
216.239883 -85.810600 23.405951 120.000000 
216.228394 -85.796555 23.404446 123.000000 
216.216949 -85.782471 23.402977 122.000000 
216.200241 -85.775864 23.397608 123.000000 
219.118439 -83.581512 23.399900 52.000000 
219.108337 -83.579071 23.394409 74.000000 
219.098679 -83.575127 23.390213 80.000000 
219.089951 -83.569954 23.387461 71.000000 
219.035019 -83.654236 23.398453 60.000000 
219.080765 -83.564476 23.384583 65.000000 
219.025116 -83.650101 23.394255 61.000000 
219.071152 -83.558693 23.381582 74.000000 
219.014252 -83.647110 23.388670 63.000000 
219.070190 -83.528496 23.400671 63.000000 
219.004852 -83.641418 23.385757 60.000000 
219.059158 -83.530495 23.391565 58.000000 
218.997986 -83.630112 23.388042 63.000000 
218.935593 -83.730576 23.388807 58.000000 
218.992767 -83.612656 23.395252 61.000000 
218.923248 -83.732086 23.379728 76.000000 
218.983017 -83.606621 23.392281 63.000000 
218.919678 -83.708038 23.391365 76.000000 
218.972672 -83.603760 23.386944 58.000000 
218.913422 -83.693207 23.395840 69.000000 
218.840851 -83.812500 23.384510 58.000000 
218.903259 -83.690491 23.390656 61.000000 
218.838440 -83.788681 23.396030 62.000000 
218.893173 -83.685951 23.386574 70.000000 
218.830994 -83.776535 23.397888 64.000000 
218.882614 -83.681076 23.382368 76.000000 
218.820755 -83.770020 23.394840 62.000000 
218.742233 -83.896675 23.382032 67.000000 
218.809814 -83.766754 23.389561 55.000000 
218.738327 -83.875168 23.390690 76.000000 
218.800552 -83.760788 23.386841 58.000000 
218.727524 -83.872009 23.385553 65.000000 
218.793274 -83.748573 23.388815 53.000000 
218.718750 -83.862503 23.384956 65.000000 
218.651337 -83.957664 23.401003 66.000000 
218.708237 -83.855629 23.381907 63.000000 
218.633942 -83.965706 23.386541 79.000000 
218.699524 -83.846077 23.381365 55.000000 
218.620285 -83.966446 23.377893 90.000000 
218.694748 -83.827599 23.387890 61.000000 
218.611313 -83.956604 23.377211 82.000000 
218.686142 -83.818031 23.387417 50.000000 
218.606445 -83.937752 23.383387 69.000000 
218.601685 -83.918930 23.389610 69.000000 
218.515732 -84.046097 23.385002 69.000000 
218.591507 -83.912056 23.386751 67.000000 
218.504471 -84.040474 23.380938 66.000000 
218.581848 -83.905495 23.384056 63.000000 
218.501648 -84.018631 23.389206 72.000000 
218.407104 -84.157906 23.381395 64.000000 
218.491913 -84.009972 23.387413 65.000000 
218.397736 -84.147430 23.380524 93.000000 
218.481689 -84.000923 23.385504 58.000000 
218.389359 -84.133530 23.381678 84.000000 
218.472015 -83.992203 23.383766 61.000000 
218.378555 -84.126038 23.378727 68.000000 
218.366791 -84.121887 23.373796 76.000000 
218.279739 -84.228783 23.389927 52.000000 
218.359085 -84.108315 23.375196 65.000000 
218.265747 -84.225136 23.383690 60.000000 
218.352463 -84.091362 23.378643 61.000000 
218.252289 -84.221817 23.377617 69.000000 
218.250626 -84.197746 23.386290 64.000000 
218.144943 -84.343315 23.384815 62.000000 
218.244507 -84.180840 23.389658 64.000000 
218.131882 -84.338158 23.379808 68.000000 
218.232208 -84.174049 23.385614 55.000000 
218.121613 -84.326477 23.378698 55.000000 
218.117828 -84.304634 23.384821 52.000000 
218.003281 -84.460724 23.383158 63.000000 
218.107391 -84.294861 23.382925 51.000000 
217.997620 -84.441490 23.386925 65.000000 
217.989441 -84.426819 23.387829 63.000000 
217.978394 -84.418625 23.385027 60.000000 
217.852539 -84.585838 23.382725 71.000000 
217.965012 -84.412964 23.380157 58.000000 
217.845871 -84.567688 23.385288 100.000000 
217.956970 -84.398239 23.381161 58.000000 
217.832016 -84.561668 23.380413 83.000000 
217.822739 -84.548035 23.380245 70.000000 
217.808899 -84.541931 23.375425 66.000000 
217.685181 -84.697495 23.387239 59.000000 
217.802490 -84.523735 23.378141 66.000000 
217.672775 -84.687988 23.384218 64.000000 
217.660721 -84.676453 23.381979 66.000000 
217.655075 -84.656319 23.385330 64.000000 
217.512070 -84.837196 23.390032 107.000000 
217.649536 -84.636200 23.388731 60.000000 
217.491409 -84.839302 23.380095 110.000000 
217.484512 -84.820168 23.382256 69.000000 
217.480698 -84.796524 23.387056 63.000000 
217.320938 -84.994102 23.390566 60.000000 
217.470993 -84.781929 23.386717 69.000000 
217.304642 -84.988091 23.385027 121.000000 
217.296143 -84.971985 23.385445 124.000000 
217.288086 -84.953842 23.386580 121.000000 
217.275986 -84.941689 23.384443 120.000000 
217.097656 -85.157326 23.387527 120.000000 
217.084991 -85.144630 23.385252 124.000000 
217.075546 -85.127396 23.385380 122.000000 
217.103821 -85.086632 23.380562 119.000000 
217.090591 -85.073250 23.378248 59.000000 
220.009827 -82.904671 23.404615 63.000000 
220.002441 -82.893402 23.406805 74.000000 
219.993729 -82.886520 23.405184 83.000000 
219.984100 -82.882538 23.401020 90.000000 
219.927628 -82.971100 23.408300 78.000000 
219.973511 -82.881424 23.394304 83.000000 
219.917725 -82.966942 23.404112 61.000000 
219.968201 -82.864273 23.401747 77.000000 
219.907318 -82.964233 23.398689 68.000000 
219.962006 -82.850044 23.406662 77.000000 
219.898956 -82.955582 23.398294 65.000000 
219.841965 -83.041229 23.411572 50.000000 
219.952957 -82.844513 23.403877 65.000000 
219.890610 -82.946915 23.397928 60.000000 
219.825882 -83.053223 23.393963 66.000000 
219.885437 -82.929443 23.405136 58.000000 
219.815689 -83.048767 23.389790 80.000000 
219.874573 -82.928070 23.398535 50.000000 
219.810455 -83.030930 23.396662 74.000000 
219.742386 -83.138519 23.395496 50.000000 
219.866348 -82.919357 23.398252 50.000000 
219.805313 -83.013115 23.403580 66.000000 
219.734818 -83.126350 23.397276 58.000000 
219.797394 -83.004478 23.403318 60.000000 
219.728958 -83.111488 23.401627 72.000000 
219.786758 -83.001411 23.398022 58.000000 
219.720337 -83.102295 23.401087 67.000000 
219.776108 -82.998291 23.392738 62.000000 
219.711731 -83.093086 23.400578 66.000000 
219.638504 -83.206154 23.398569 71.000000 
219.700775 -83.089790 23.395302 62.000000 
219.633423 -83.187668 23.404900 64.000000 
219.692841 -83.079048 23.396042 55.000000 
219.620239 -83.188675 23.396139 65.000000 
219.684341 -83.069771 23.395613 56.000000 
219.611481 -83.179153 23.395548 61.000000 
219.544601 -83.272682 23.412889 56.000000 
219.601471 -83.172592 23.392651 63.000000 
219.527679 -83.281044 23.398607 84.000000 
219.592758 -83.163025 23.392115 57.000000 
219.511337 -83.287796 23.385448 85.000000 
219.586227 -83.147179 23.396149 63.000000 
219.505905 -83.268578 23.391426 72.000000 
219.500412 -83.251228 23.396463 60.000000 
219.418015 -83.371040 23.397888 52.000000 
219.494507 -83.233551 23.401402 55.000000 
219.399109 -83.380188 23.382654 66.000000 
219.482254 -83.231133 23.395136 74.000000 
219.396393 -83.356422 23.391811 63.000000 
219.391968 -83.339439 23.396904 58.000000 
219.297867 -83.477097 23.390507 63.000000 
219.384415 -83.326256 23.398430 58.000000 
219.287750 -83.468117 23.388569 82.000000 
219.369583 -83.328018 23.388924 54.000000 
219.281433 -83.451546 23.392008 78.000000 
219.362091 -83.314789 23.390507 51.000000 
219.269867 -83.445541 23.387993 64.000000 
219.262161 -83.431969 23.389362 64.000000 
219.167923 -83.552315 23.396229 55.000000 
219.250641 -83.425896 23.385397 59.000000 
219.154465 -83.549019 23.390146 60.000000 
219.141769 -83.544159 23.385120 66.000000 
219.137161 -83.524185 23.390507 64.000000 
219.031937 -83.668167 23.390560 62.000000 
219.131851 -83.505745 23.394903 55.000000 
219.017181 -83.666000 23.383554 68.000000 
219.010788 -83.648643 23.386600 63.000000 
219.004501 -83.631294 23.389688 61.000000 
218.890442 -83.785797 23.389547 69.000000 
218.998291 -83.613953 23.392822 54.000000 
218.881302 -83.772598 23.389431 72.000000 
218.876587 -83.751816 23.394192 73.000000 
218.865540 -83.739258 23.392891 75.000000 
218.737473 -83.909340 23.389175 68.000000 
218.852142 -83.733566 23.388035 72.000000 
218.724457 -83.901779 23.385208 94.000000 
218.719055 -83.884476 23.388098 71.000000 
218.707001 -83.875343 23.385122 64.000000 
218.693130 -83.869179 23.380306 63.000000 
218.563354 -84.033752 23.387358 66.000000 
218.686707 -83.850945 23.383009 56.000000 
218.550888 -84.024162 23.384329 75.000000 
218.538437 -84.014542 23.381330 68.000000 
218.403061 -84.183685 23.394247 52.000000 
218.532745 -83.994331 23.384655 64.000000 
218.381348 -84.187309 23.383442 72.000000 
218.529083 -83.971138 23.389828 59.000000 
218.363510 -84.184761 23.376083 112.000000 
218.364456 -84.153458 23.385099 72.000000 
218.351639 -84.143303 23.382113 69.000000 
218.182083 -84.354492 23.379477 112.000000 
218.343857 -84.125595 23.383474 104.000000 
218.171738 -84.339272 23.378851 121.000000 
218.168640 -84.313484 23.384026 117.000000 
218.160522 -84.295242 23.385138 111.000000 
218.144196 -84.288994 23.379688 117.000000 
217.966873 -84.503616 23.385035 122.000000 
217.998093 -84.458336 23.382280 124.000000 
217.986420 -84.443993 23.380810 122.000000 
217.973740 -84.431114 23.378592 120.000000 
220.905411 -82.207794 23.410187 57.000000 
220.895309 -82.205353 23.404728 71.000000 
220.887497 -82.195549 23.405701 80.000000 
220.880219 -82.184280 23.407988 83.000000 
220.872040 -82.175919 23.407734 80.000000 
220.811661 -82.276031 23.404514 72.000000 
220.863388 -82.170715 23.405071 71.000000 
220.806778 -82.258873 23.411804 70.000000 
220.854309 -82.165215 23.402287 68.000000 
220.798462 -82.250275 23.411459 61.000000 
220.846207 -82.156784 23.402105 71.000000 
220.787598 -82.248993 23.404850 73.000000 
220.730713 -82.334412 23.417658 52.000000 
220.777756 -82.244728 23.400770 58.000000 
220.716812 -82.340408 23.404964 71.000000 
220.772079 -82.230507 23.405678 58.000000 
220.706604 -82.337738 23.399773 76.000000 
220.767075 -82.213089 23.413013 60.000000 
220.700363 -82.322914 23.404280 76.000000 
220.692612 -82.310753 23.406227 71.000000 
220.625565 -82.414772 23.406666 64.000000 
220.683121 -82.304756 23.403421 61.000000 
220.616959 -82.405609 23.406168 66.000000 
220.675262 -82.296104 23.403244 58.000000 
220.608871 -82.396736 23.405842 72.000000 
220.533432 -82.515800 23.398848 51.000000 
220.602753 -82.381607 23.410200 65.000000 
220.524597 -82.506332 23.398233 62.000000 
220.593185 -82.373573 23.408451 59.000000 
220.519089 -82.487549 23.404501 64.000000 
220.582291 -82.370247 23.403255 58.000000 
220.512283 -82.473587 23.407461 77.000000 
220.432602 -82.597229 23.401634 50.000000 
220.501678 -82.468567 23.403440 70.000000 
220.425613 -82.582939 23.404348 69.000000 
220.490433 -82.464989 23.398266 75.000000 
220.418701 -82.568657 23.407101 95.000000 
220.481140 -82.456924 23.396627 60.000000 
220.409821 -82.558876 23.406481 79.000000 
220.473862 -82.444389 23.398537 59.000000 
220.399612 -82.552071 23.403616 63.000000 
220.322495 -82.661263 23.412334 52.000000 
220.389435 -82.545235 23.400772 56.000000 
220.309158 -82.660248 23.404999 60.000000 
220.380646 -82.535385 23.400234 69.000000 
220.297226 -82.656166 23.399881 66.000000 
220.290359 -82.641518 23.402523 63.000000 
220.199524 -82.773079 23.399994 65.000000 
220.280640 -82.632866 23.400776 56.000000 
220.193207 -82.756577 23.403456 81.000000 
220.278290 -82.609245 23.410143 61.000000 
220.180161 -82.753670 23.397316 84.000000 
220.266464 -82.605049 23.405132 63.000000 
220.172440 -82.740166 23.398705 68.000000 
220.168381 -82.721024 23.404570 62.000000 
220.069946 -82.850365 23.404507 61.000000 
220.158478 -82.712021 23.402807 61.000000 
220.063126 -82.833115 23.407663 65.000000 
220.145752 -82.707100 23.397699 57.000000 
220.049744 -82.829842 23.401653 64.000000 
220.037949 -82.823494 23.397739 67.000000 
219.938873 -82.956833 23.404322 62.000000 
220.029419 -82.811104 23.398022 59.000000 
219.924179 -82.954727 23.397364 65.000000 
219.913681 -82.945000 23.395449 59.000000 
219.905746 -82.930725 23.396584 57.000000 
219.799820 -83.071533 23.404644 64.000000 
219.896164 -82.919449 23.395739 60.000000 
219.788162 -83.062973 23.401686 67.000000 
219.891769 -82.899155 23.400984 53.000000 
219.774750 -83.057396 23.396812 68.000000 
219.765457 -83.046165 23.395992 63.000000 
219.635040 -83.220940 23.389139 70.000000 
219.758286 -83.029968 23.397978 60.000000 
219.628357 -83.202766 23.391735 79.000000 
219.749725 -83.014839 23.398891 58.000000 
219.623001 -83.181129 23.396099 78.000000 
219.613770 -83.167519 23.395983 63.000000 
219.604584 -83.153893 23.395903 61.000000 
219.467804 -83.330521 23.394865 69.000000 
219.595459 -83.140251 23.395857 64.000000 
219.463928 -83.307373 23.399971 61.000000 
219.454453 -83.293312 23.399731 56.000000 
219.442139 -83.283745 23.396828 54.000000 
219.295166 -83.470634 23.398226 72.000000 
219.426941 -83.278648 23.391249 59.000000 
219.280380 -83.463638 23.393505 108.000000 
219.268570 -83.452057 23.391399 72.000000 
219.250809 -83.449471 23.384144 66.000000 
219.248032 -83.424294 23.389883 63.000000 
219.076324 -83.638039 23.384657 121.000000 
219.067108 -83.621346 23.384951 121.000000 
219.062088 -83.598633 23.388594 117.000000 
219.056137 -83.577438 23.391459 111.000000 
218.869186 -83.805099 23.388693 121.000000 
218.899979 -83.759514 23.385548 123.000000 
218.898987 -83.730225 23.392014 123.000000 
218.885315 -83.718925 23.389072 123.000000 
218.872742 -83.706093 23.386957 118.000000 
221.811813 -81.494453 23.435148 51.000000 
221.799973 -81.497955 23.424633 79.000000 
221.787613 -81.502838 23.412832 83.000000 
221.779373 -81.497993 23.410313 80.000000 
221.723053 -81.588081 23.415897 52.000000 
221.774033 -81.480934 23.417837 80.000000 
221.714661 -81.579552 23.415550 72.000000 
221.766937 -81.466263 23.422556 74.000000 
221.704361 -81.573395 23.412436 65.000000 
221.756943 -81.463722 23.417257 80.000000 
221.697571 -81.560425 23.415916 73.000000 
221.749878 -81.452477 23.419731 83.000000 
221.691360 -81.545982 23.420692 59.000000 
221.626434 -81.655060 23.413404 52.000000 
221.683655 -81.535942 23.421726 58.000000 
221.617935 -81.646240 23.413012 71.000000 
221.671265 -81.539017 23.411419 54.000000 
221.610031 -81.635925 23.413876 70.000000 
221.603287 -81.622650 23.417231 60.000000 
221.592590 -81.621445 23.410904 64.000000 
221.531799 -81.710632 23.423124 61.000000 
221.584808 -81.611084 23.411852 60.000000 
221.522079 -81.704521 23.420303 62.000000 
221.577072 -81.600716 23.412830 53.000000 
221.512360 -81.698380 23.417503 61.000000 
221.569962 -81.588875 23.415075 51.000000 
221.501450 -81.695168 23.412319 62.000000 
221.432419 -81.799019 23.416544 50.000000 
221.493713 -81.682732 23.414236 59.000000 
221.420670 -81.795273 23.411224 70.000000 
221.486511 -81.670601 23.416325 61.000000 
221.408127 -81.794792 23.403725 77.000000 
221.476883 -81.664352 23.413620 56.000000 
221.402634 -81.777878 23.409115 68.000000 
221.328339 -81.889336 23.412064 74.000000 
221.397247 -81.760979 23.414551 62.000000 
221.318085 -81.882622 23.409204 79.000000 
221.387360 -81.754471 23.411810 58.000000 
221.311905 -81.866875 23.413193 75.000000 
221.377487 -81.747925 23.409092 59.000000 
221.305817 -81.851143 23.417223 75.000000 
221.297729 -81.839897 23.417871 69.000000 
221.213165 -81.965424 23.413782 69.000000 
221.287628 -81.833107 23.415127 62.000000 
221.209137 -81.944832 23.420887 66.000000 
221.277145 -81.829933 23.410387 56.000000 
221.199768 -81.938499 23.418362 66.000000 
221.102951 -82.083733 23.405655 69.000000 
221.190842 -81.928429 23.417793 56.000000 
221.101868 -82.056679 23.416676 93.000000 
221.179230 -81.922462 23.413788 65.000000 
221.093628 -82.042908 23.417969 73.000000 
221.171097 -81.910858 23.414389 66.000000 
221.079895 -82.041557 23.410851 68.000000 
221.068665 -82.033752 23.407906 62.000000 
220.974609 -82.155701 23.412909 58.000000 
221.063400 -82.015800 23.412666 61.000000 
220.962784 -82.149483 23.409010 69.000000 
221.059006 -81.996368 23.418549 59.000000 
220.957397 -82.131157 23.413460 66.000000 
220.950760 -82.118134 23.415106 61.000000 
220.845825 -82.263672 23.413036 51.000000 
220.940674 -82.108841 23.413380 54.000000 
220.838394 -82.249916 23.414322 62.000000 
220.931427 -82.098022 23.412724 54.000000 
220.833267 -82.229301 23.419384 60.000000 
220.820908 -82.224594 23.414703 56.000000 
220.710052 -82.374191 23.416147 56.000000 
220.698990 -82.361824 23.414911 67.000000 
220.796829 -82.206985 23.408751 50.000000 
220.691772 -82.345741 23.416910 72.000000 
220.677261 -82.343666 23.410341 72.000000 
220.671021 -82.326042 23.413382 55.000000 
220.548203 -82.488335 23.413073 75.000000 
220.657150 -82.320015 23.408529 57.000000 
220.533813 -82.481956 23.408184 78.000000 
220.525528 -82.466911 23.409082 67.000000 
220.513611 -82.457886 23.406269 67.000000 
220.386948 -82.619553 23.413811 66.000000 
220.509155 -82.436806 23.410995 67.000000 
220.371750 -82.614677 23.408226 67.000000 
220.367050 -82.593132 23.412561 56.000000 
220.359573 -82.576126 23.414242 58.000000 
220.212494 -82.764687 23.414063 75.000000 
220.348312 -82.565125 23.412357 54.000000 
220.199722 -82.754768 23.411152 108.000000 
220.193909 -82.734245 23.414312 102.000000 
220.181503 -82.726776 23.410891 63.000000 
220.016464 -82.933708 23.409182 109.000000 
220.175858 -82.706261 23.414133 106.000000 
220.011353 -82.911125 23.412827 115.000000 
220.001602 -82.894066 23.413080 121.000000 
219.990524 -82.880531 23.411871 121.000000 
219.973679 -82.873940 23.406422 120.000000 
219.797089 -83.088333 23.410112 121.000000 
219.966827 -82.854355 23.408594 51.000000 
219.785507 -83.074203 23.408760 122.000000 
219.817230 -83.031868 23.405313 121.000000 
219.807861 -83.014687 23.405611 121.000000 
219.801514 -82.990410 23.408833 118.000000 
222.695602 -80.818611 23.419426 63.000000 
222.691116 -80.798683 23.429514 74.000000 
222.680649 -80.797714 23.422899 77.000000 
222.669678 -80.798141 23.415003 65.000000 
222.615356 -80.882027 23.425131 64.000000 
222.662521 -80.786926 23.417452 74.000000 
222.607559 -80.872055 23.426119 61.000000 
222.655426 -80.775711 23.419935 74.000000 
222.598282 -80.866470 23.423357 60.000000 
222.650375 -80.758720 23.427633 77.000000 
222.585922 -80.869629 23.413042 58.000000 
222.528015 -80.959511 23.421688 52.000000 
222.580811 -80.852295 23.420420 58.000000 
222.516846 -80.958130 23.415194 64.000000 
222.507309 -80.952271 23.412405 68.000000 
222.502243 -80.934593 23.419498 68.000000 
222.495041 -80.922821 23.421701 70.000000 
222.426956 -81.031189 23.417814 58.000000 
222.485611 -80.916908 23.418993 64.000000 
222.418991 -81.020615 23.418621 61.000000 
222.475616 -80.912422 23.415070 60.000000 
222.412872 -81.005585 23.423065 58.000000 
222.466797 -80.904984 23.413641 64.000000 
222.403214 -80.999443 23.420326 62.000000 
222.331329 -81.110634 23.418236 54.000000 
222.392349 -80.996208 23.415197 53.000000 
222.324524 -81.096771 23.421280 67.000000 
222.382690 -80.989990 23.412498 62.000000 
222.314606 -81.090370 23.418505 77.000000 
222.374924 -80.979340 23.413446 69.000000 
222.304047 -81.085419 23.414576 68.000000 
222.235336 -81.184738 23.426208 79.000000 
222.292847 -81.081909 23.409492 64.000000 
222.226501 -81.175087 23.425676 85.000000 
222.286224 -81.068001 23.412661 57.000000 
222.215683 -81.169907 23.421755 65.000000 
222.279663 -81.054092 23.415863 72.000000 
222.203491 -81.167671 23.415571 72.000000 
222.127106 -81.276886 23.423630 60.000000 
222.197311 -81.153793 23.418678 58.000000 
222.117889 -81.268761 23.422054 66.000000 
222.192078 -81.136620 23.423975 57.000000 
222.106766 -81.263268 23.418148 75.000000 
222.182037 -81.129837 23.421297 79.000000 
222.101410 -81.245728 23.423134 67.000000 
222.094696 -81.231209 23.425941 61.000000 
221.999283 -81.372932 23.414618 84.000000 
222.083145 -81.225288 23.421984 58.000000 
221.992569 -81.356163 23.418104 71.000000 
222.071365 -81.221169 23.417068 52.000000 
221.986450 -81.339775 23.421774 71.000000 
221.972763 -81.338402 23.414713 67.000000 
221.883774 -81.451195 23.425463 69.000000 
221.961365 -81.332466 23.410900 56.000000 
221.868851 -81.451080 23.417452 74.000000 
221.956985 -81.313065 23.416830 57.000000 
221.861908 -81.435822 23.419878 66.000000 
221.847778 -81.434097 23.412949 64.000000 
221.749573 -81.567505 23.418688 61.000000 
221.845825 -81.409821 23.421711 56.000000 
221.740799 -81.554901 23.418880 55.000000 
221.836639 -81.399055 23.421112 56.000000 
221.725357 -81.554359 23.411045 57.000000 
221.722549 -81.531158 23.418362 60.000000 
221.610748 -81.684135 23.417534 51.000000 
221.718185 -81.511009 23.423710 59.000000 
221.600006 -81.674164 23.415663 65.000000 
221.704498 -81.507355 23.417974 51.000000 
221.591919 -81.659615 23.416739 61.000000 
221.585663 -81.642052 23.419800 60.000000 
221.449127 -81.828979 23.404177 66.000000 
221.574173 -81.633522 23.417053 57.000000 
221.449783 -81.798798 23.414394 77.000000 
221.561813 -81.626450 23.413359 55.000000 
221.446976 -81.774742 23.420933 68.000000 
221.434189 -81.767319 23.417206 78.000000 
221.423264 -81.756844 23.415382 66.000000 
221.298874 -81.915405 23.424011 63.000000 
221.409576 -81.750839 23.410770 61.000000 
221.287552 -81.904541 23.422079 59.000000 
221.272446 -81.899689 23.416573 55.000000 
221.265015 -81.882729 23.418310 51.000000 
221.121155 -82.066734 23.420176 61.000000 
221.253799 -81.871773 23.416473 57.000000 
221.108459 -82.056870 23.417318 74.000000 
221.093796 -82.049973 23.412764 66.000000 
221.085098 -82.034004 23.413427 66.000000 
220.921280 -82.239395 23.412014 115.000000 
221.078476 -82.015022 23.415865 66.000000 
220.915207 -82.218369 23.414902 115.000000 
220.909225 -82.197357 23.417839 117.000000 
220.901291 -82.179375 23.419168 115.000000 
220.890320 -82.165878 23.418055 113.000000 
220.707535 -82.391304 23.415405 122.000000 
220.705536 -82.363708 23.421204 122.000000 
220.735580 -82.319969 23.417204 123.000000 
220.723129 -82.307365 23.415203 122.000000 
220.707474 -82.299194 23.410864 118.000000 
223.603104 -80.121681 23.423050 51.000000 
223.590332 -80.128044 23.409966 68.000000 
223.582169 -80.119781 23.409796 81.000000 
223.575409 -80.110596 23.411217 83.000000 
223.569214 -80.096519 23.416279 86.000000 
223.507034 -80.203636 23.405590 58.000000 
223.561172 -80.088234 23.416193 74.000000 
223.502274 -80.184853 23.414188 56.000000 
223.550720 -80.087128 23.409639 61.000000 
223.497635 -80.166100 23.422836 63.000000 
223.540787 -80.082817 23.405565 68.000000 
223.487976 -80.160225 23.419998 58.000000 
223.534302 -80.070152 23.409452 51.000000 
223.476166 -80.161865 23.410975 50.000000 
223.417053 -80.254265 23.416422 67.000000 
223.466888 -80.157921 23.407167 60.000000 
223.407516 -80.250191 23.412579 73.000000 
223.398056 -80.244316 23.409853 66.000000 
223.385880 -80.243973 23.402056 63.000000 
223.326981 -80.328598 23.417271 56.000000 
223.382721 -80.221954 23.413013 68.000000 
223.316711 -80.323982 23.413313 66.000000 
223.374969 -80.213394 23.412977 55.000000 
223.307541 -80.318153 23.410717 67.000000 
223.300919 -80.304626 23.414049 58.000000 
223.229050 -80.415619 23.411404 54.000000 
223.292053 -80.295197 23.413652 64.000000 
223.216095 -80.414864 23.403795 62.000000 
223.281845 -80.290459 23.409784 66.000000 
223.211914 -80.395058 23.411629 67.000000 
223.205917 -80.379730 23.415979 59.000000 
223.130035 -80.495270 23.414274 74.000000 
223.194153 -80.377716 23.409754 72.000000 
223.121902 -80.484116 23.414927 74.000000 
223.184814 -80.371552 23.407219 53.000000 
223.116364 -80.468803 23.419182 63.000000 
223.173019 -80.369446 23.401024 50.000000 
223.106293 -80.462105 23.416464 63.000000 
223.026535 -80.578575 23.418165 52.000000 
223.098495 -80.449097 23.418224 67.000000 
223.017059 -80.568260 23.417467 60.000000 
223.087082 -80.445305 23.413261 65.000000 
223.011017 -80.552284 23.421385 66.000000 
223.079880 -80.432602 23.415218 62.000000 
222.999985 -80.546776 23.417549 61.000000 
222.908600 -80.681015 23.411158 68.000000 
222.989685 -80.539742 23.414848 65.000000 
222.903168 -80.663155 23.415901 75.000000 
222.982864 -80.527077 23.416771 65.000000 
222.896103 -80.650192 23.417589 62.000000 
222.976318 -80.512573 23.419714 72.000000 
222.883987 -80.645859 23.412691 64.000000 
222.879013 -80.626144 23.418495 64.000000 
222.779190 -80.759758 23.413643 52.000000 
222.870041 -80.615776 23.417984 64.000000 
222.772018 -80.746445 23.415195 58.000000 
222.860077 -80.608742 23.415464 64.000000 
222.767578 -80.726730 23.420834 57.000000 
222.657623 -80.882797 23.410398 50.000000 
222.756485 -80.720917 23.417217 61.000000 
222.654388 -80.861542 23.416813 62.000000 
222.745697 -80.713181 23.414537 66.000000 
222.649872 -80.841438 23.422123 51.000000 
222.736557 -80.702423 23.413984 64.000000 
222.639572 -80.831894 23.420395 55.000000 
222.626770 -80.826836 23.415655 53.000000 
222.519409 -80.971954 23.418772 60.000000 
222.616821 -80.815323 23.414862 53.000000 
222.510803 -80.957069 23.419748 63.000000 
222.605759 -80.807182 23.412203 55.000000 
222.497589 -80.951645 23.415039 65.000000 
222.483780 -80.945747 23.410215 58.000000 
222.373367 -81.088402 23.421009 57.000000 
222.477676 -80.928223 23.413393 60.000000 
222.356964 -81.087128 23.413513 71.000000 
222.473434 -80.907722 23.418573 60.000000 
222.343277 -81.081253 23.408857 66.000000 
222.335129 -81.066307 23.409882 68.000000 
222.215866 -81.217400 23.422318 56.000000 
222.328888 -81.048347 23.412830 75.000000 
222.202698 -81.209633 23.418606 63.000000 
222.319946 -81.034889 23.412989 75.000000 
222.194321 -81.194275 23.419447 61.000000 
222.190430 -81.173363 23.424088 59.000000 
222.177383 -81.165512 23.420473 61.000000 
222.027191 -81.357712 23.415628 71.000000 
222.164352 -81.157616 23.416885 64.000000 
222.022461 -81.335815 23.419771 104.000000 
222.008911 -81.327484 23.416142 106.000000 
222.001358 -81.310097 23.417761 66.000000 
221.846878 -81.501427 23.422194 112.000000 
221.987869 -81.301689 23.414196 61.000000 
221.833862 -81.491089 23.419386 121.000000 
221.827011 -81.471695 23.421595 121.000000 
221.813049 -81.462791 23.418024 120.000000 
221.801163 -81.450859 23.416151 115.000000 
221.623688 -81.668350 23.416027 118.000000 
221.610184 -81.657364 23.413225 121.000000 
221.607346 -81.631371 23.418394 122.000000 
221.646286 -81.575562 23.420238 115.000000 
221.628906 -81.573051 23.413843 55.000000 
224.498856 -79.427879 23.411600 51.000000 
224.487015 -79.431259 23.401096 63.000000 
224.477478 -79.427338 23.397079 74.000000 
224.467941 -79.423378 23.393082 80.000000 
224.410614 -79.516006 23.394987 52.000000 
224.461258 -79.412460 23.395741 77.000000 
224.402267 -79.509232 23.393635 64.000000 
224.456146 -79.395515 23.403509 77.000000 
224.395538 -79.496315 23.397247 73.000000 
224.447189 -79.390060 23.400887 83.000000 
224.387314 -79.487770 23.397081 65.000000 
224.436234 -79.390297 23.393059 68.000000 
224.383316 -79.467598 23.407125 61.000000 
224.317322 -79.579048 23.395948 54.000000 
224.373077 -79.464836 23.401930 54.000000 
224.307816 -79.573181 23.393206 64.000000 
224.364456 -79.457703 23.400576 50.000000 
224.303909 -79.552635 23.402901 66.000000 
224.293381 -79.549667 23.397730 66.000000 
224.285110 -79.540825 23.397552 53.000000 
224.222076 -79.635544 23.403656 55.000000 
224.274567 -79.537781 23.392416 52.000000 
224.211227 -79.632370 23.398518 61.000000 
224.269241 -79.521637 23.398527 58.000000 
224.200989 -79.627678 23.394608 66.000000 
224.192566 -79.618546 23.394360 65.000000 
224.123535 -79.721985 23.397282 83.000000 
224.184189 -79.609398 23.394140 65.000000 
224.113632 -79.715569 23.394550 72.000000 
224.177841 -79.594078 23.398689 65.000000 
224.104538 -79.705833 23.394072 78.000000 
224.097931 -79.691986 23.397308 60.000000 
224.025070 -79.799904 23.400963 90.000000 
224.091705 -79.680260 23.399660 55.000000 
224.013245 -79.799843 23.393904 60.000000 
224.081924 -79.673759 23.397034 63.000000 
224.008591 -79.781212 23.400389 65.000000 
224.070999 -79.668358 23.393110 52.000000 
224.002151 -79.765244 23.404482 60.000000 
223.917236 -79.891953 23.397776 52.000000 
223.989349 -79.764404 23.397217 56.000000 
223.911148 -79.875969 23.401730 66.000000 
223.982834 -79.750229 23.400356 57.000000 
223.904419 -79.861488 23.404604 63.000000 
223.891205 -79.860413 23.397442 61.000000 
223.882370 -79.850357 23.397017 59.000000 
223.798599 -79.967598 23.401968 73.000000 
223.869888 -79.847694 23.391010 58.000000 
223.787231 -79.961754 23.398161 62.000000 
223.864319 -79.829849 23.396128 59.000000 
223.776108 -79.954002 23.395327 57.000000 
223.684875 -80.071182 23.401888 56.000000 
223.765549 -79.946587 23.392653 59.000000 
223.674774 -80.062012 23.400192 73.000000 
223.758102 -79.933197 23.394361 59.000000 
223.660675 -80.060310 23.393265 72.000000 
223.750732 -79.919800 23.396105 62.000000 
223.656006 -80.042480 23.398069 59.000000 
223.550537 -80.189247 23.393311 52.000000 
223.649261 -80.027267 23.400677 56.000000 
223.544312 -80.172134 23.396637 62.000000 
223.639297 -80.018005 23.399097 59.000000 
223.535629 -80.159546 23.396954 60.000000 
223.531250 -80.139458 23.402399 57.000000 
223.521011 -80.129852 23.400751 51.000000 
223.408981 -80.282219 23.398283 58.000000 
223.509079 -80.123207 23.397089 56.000000 
223.401855 -80.266228 23.400450 67.000000 
223.393051 -80.253242 23.400690 61.000000 
223.379852 -80.247726 23.396042 61.000000 
223.367874 -80.238747 23.393257 58.000000 
223.251312 -80.389862 23.397579 68.000000 
223.242264 -80.376442 23.397701 68.000000 
223.118439 -80.535156 23.404959 51.000000 
223.228638 -80.370491 23.393116 64.000000 
223.221527 -80.354034 23.395203 71.000000 
223.099731 -80.507500 23.404871 56.000000 
223.085678 -80.501167 23.400328 57.000000 
223.077393 -80.485786 23.401281 55.000000 
222.929794 -80.675529 23.397821 50.000000 
223.072067 -80.465919 23.405014 59.000000 
222.919128 -80.662682 23.396788 65.000000 
222.911499 -80.645302 23.398411 66.000000 
222.907547 -80.623924 23.402834 74.000000 
222.895065 -80.614029 23.400164 87.000000 
222.739182 -80.806511 23.402958 62.000000 
222.729248 -80.791634 23.402712 117.000000 
222.720413 -80.775238 23.403341 123.000000 
222.711014 -80.758324 23.403879 121.000000 
222.537292 -80.969284 23.405853 120.000000 
222.519592 -80.964317 23.399900 122.000000 
222.512527 -80.944351 23.401957 122.000000 
222.543152 -80.900597 23.397989 125.000000 
222.537308 -80.879128 23.400932 121.000000 
225.389847 -78.759392 23.406172 63.000000 
225.383087 -78.746758 23.409857 78.000000 
225.372635 -78.745712 23.403208 83.000000 
225.364487 -78.740829 23.400736 74.000000 
225.305374 -78.837708 23.398907 52.000000 
225.355453 -78.735367 23.398008 77.000000 
225.298599 -78.824768 23.402428 64.000000 
225.348450 -78.720703 23.402840 71.000000 
225.290955 -78.811264 23.405708 70.000000 
225.340469 -78.712334 23.402771 65.000000 
225.277054 -78.818703 23.391531 50.000000 
225.332504 -78.703949 23.402727 74.000000 
225.273560 -78.797005 23.402771 54.000000 
225.212479 -78.893738 23.404331 54.000000 
225.324081 -78.696976 23.401403 50.000000 
225.198578 -78.899612 23.391636 82.000000 
225.258392 -78.776871 23.405025 56.000000 
225.194107 -78.880470 23.400019 83.000000 
225.248169 -78.774002 23.399815 52.000000 
225.186935 -78.868675 23.402243 71.000000 
225.117859 -78.978271 23.396524 58.000000 
225.237213 -78.775986 23.391050 50.000000 
225.178467 -78.863304 23.399797 71.000000 
225.111481 -78.966805 23.398832 58.000000 
225.167938 -78.860222 23.394609 60.000000 
225.104782 -78.953239 23.402102 62.000000 
225.157959 -78.855652 23.390684 53.000000 
225.096359 -78.944099 23.401773 62.000000 
225.152115 -78.840897 23.395514 64.000000 
225.084290 -78.943748 23.394194 55.000000 
225.016693 -79.042641 23.400904 54.000000 
225.074661 -78.937477 23.391481 56.000000 
225.006149 -79.037674 23.396938 67.000000 
225.068787 -78.922409 23.396091 59.000000 
224.994965 -79.034142 23.391809 61.000000 
225.060776 -78.909637 23.398041 61.000000 
224.985397 -79.024002 23.391153 65.000000 
224.914627 -79.125938 23.399828 62.000000 
224.978165 -79.011559 23.393171 63.000000 
224.905853 -79.116211 23.399328 60.000000 
224.973648 -78.993240 23.399967 61.000000 
224.895737 -79.109436 23.396557 69.000000 
224.962555 -78.989594 23.394936 55.000000 
224.887024 -79.099663 23.396112 58.000000 
224.807114 -79.214363 23.398834 52.000000 
224.882523 -79.081001 23.402613 69.000000 
224.794556 -79.211792 23.392679 57.000000 
224.873230 -79.072693 23.401081 64.000000 
224.789230 -79.194244 23.397713 57.000000 
224.864944 -79.065041 23.399839 58.000000 
224.783585 -79.180405 23.400827 59.000000 
224.686859 -79.323303 23.387693 69.000000 
224.774750 -79.170311 23.400343 61.000000 
224.683716 -79.300865 23.395685 75.000000 
224.765228 -79.161682 23.398766 56.000000 
224.682220 -79.275482 23.405901 66.000000 
224.752747 -79.158936 23.392725 61.000000 
224.671661 -79.268082 23.403149 64.000000 
224.659576 -79.263618 23.398245 57.000000 
224.565216 -79.384819 23.401625 61.000000 
224.646698 -79.260597 23.392273 54.000000 
224.555939 -79.374077 23.400940 58.000000 
224.543488 -79.369293 23.396078 58.000000 
224.443222 -79.505318 23.398746 52.000000 
224.534271 -79.358490 23.395451 56.000000 
224.433670 -79.494202 23.397947 62.000000 
224.423325 -79.484573 23.396162 59.000000 
224.415543 -79.470413 23.397461 59.000000 
224.408676 -79.454758 23.399817 50.000000 
224.294296 -79.609932 23.395676 54.000000 
224.400482 -79.440193 23.401058 51.000000 
224.284836 -79.596458 23.395664 69.000000 
224.282196 -79.572899 23.402710 65.000000 
224.268677 -79.569260 23.397152 60.000000 
224.148361 -79.726486 23.397993 57.000000 
224.257278 -79.560654 23.394430 58.000000 
224.140167 -79.711517 23.398951 68.000000 
224.131119 -79.698044 23.399000 68.000000 
224.115631 -79.695038 23.392447 66.000000 
223.998276 -79.841087 23.407223 56.000000 
224.102936 -79.687477 23.388762 61.000000 
223.987045 -79.830215 23.405306 56.000000 
224.096786 -79.669456 23.391758 63.000000 
223.973953 -79.822327 23.401600 59.000000 
223.961823 -79.812881 23.398832 54.000000 
223.955536 -79.794441 23.401573 59.000000 
223.801865 -79.990929 23.393740 71.000000 
223.791229 -79.977982 23.392660 75.000000 
223.782639 -79.962021 23.393364 75.000000 
223.775116 -79.944550 23.394985 69.000000 
223.618423 -80.136719 23.398233 112.000000 
223.768692 -79.925606 23.397526 51.000000 
223.606415 -80.124748 23.396231 117.000000 
223.601685 -80.102287 23.400124 119.000000 
223.588745 -80.091782 23.397360 121.000000 
223.409561 -80.310463 23.396025 123.000000 
223.575851 -80.081230 23.394630 119.000000 
223.405579 -80.285927 23.400341 119.000000 
223.392120 -80.274857 23.397524 121.000000 
223.425705 -80.226685 23.397173 123.000000 
223.413406 -80.214050 23.395222 119.000000 
226.265686 -78.080688 23.403555 63.000000 
226.257523 -78.072342 23.403393 61.000000 
226.251328 -78.058212 23.408443 74.000000 
226.238861 -78.062805 23.396650 74.000000 
226.182144 -78.150826 23.402761 60.000000 
226.231766 -78.051521 23.399158 74.000000 
226.178009 -78.130554 23.412666 67.000000 
226.223221 -78.044533 23.397793 61.000000 
226.166138 -78.132133 23.403597 63.000000 
226.219772 -78.023232 23.409491 54.000000 
226.156876 -78.126404 23.400881 61.000000 
226.209808 -78.020508 23.404270 58.000000 
226.149765 -78.114845 23.403273 60.000000 
226.085327 -78.218765 23.398916 61.000000 
226.143799 -78.100395 23.408245 58.000000 
226.076370 -78.211327 23.397400 70.000000 
226.134094 -78.096046 23.404331 51.000000 
226.068588 -78.200943 23.398390 62.000000 
226.125473 -78.088783 23.402987 61.000000 
226.063156 -78.184715 23.404379 54.000000 
226.053162 -78.180138 23.400459 56.000000 
225.987335 -78.279007 23.403399 55.000000 
226.044342 -78.172623 23.399050 52.000000 
225.980087 -78.266876 23.405508 55.000000 
226.034958 -78.166534 23.396418 66.000000 
225.969208 -78.263542 23.400377 56.000000 
225.897491 -78.371292 23.400326 54.000000 
225.961441 -78.252846 23.401333 52.000000 
225.888840 -78.361816 23.399912 54.000000 
225.948837 -78.252037 23.393679 50.000000 
225.879059 -78.353470 23.398209 65.000000 
225.944916 -78.232567 23.401989 56.000000 
225.867844 -78.349854 23.393126 61.000000 
225.800812 -78.442848 23.409128 72.000000 
225.858444 -78.343575 23.390560 55.000000 
225.790482 -78.437904 23.405352 79.000000 
225.852570 -78.328140 23.394987 59.000000 
225.778275 -78.435547 23.399160 90.000000 
225.768143 -78.428688 23.396431 62.000000 
225.691406 -78.535934 23.405275 57.000000 
225.760132 -78.417374 23.397179 52.000000 
225.678818 -78.533318 23.399149 57.000000 
225.756409 -78.397202 23.404875 69.000000 
225.669861 -78.523193 23.398617 64.000000 
225.746384 -78.390289 23.402233 60.000000 
225.664627 -78.505623 23.403702 58.000000 
225.565125 -78.652962 23.387848 64.000000 
225.657257 -78.492516 23.405474 55.000000 
225.561218 -78.631981 23.394762 69.000000 
225.645462 -78.488281 23.400560 53.000000 
225.556671 -78.612534 23.400646 70.000000 
225.635178 -78.481049 23.397909 55.000000 
225.550674 -78.596092 23.404409 66.000000 
225.541641 -78.585617 23.403872 62.000000 
225.439667 -78.720230 23.398266 58.000000 
225.529510 -78.581055 23.399017 61.000000 
225.431152 -78.707909 23.398643 65.000000 
225.515793 -78.579407 23.392004 59.000000 
225.419418 -78.701553 23.394852 66.000000 
225.320297 -78.834549 23.400278 50.000000 
225.410156 -78.690681 23.394239 61.000000 
225.313797 -78.819267 23.402678 62.000000 
225.406723 -78.669388 23.401031 56.000000 
225.300308 -78.813675 23.397734 65.000000 
225.397583 -78.658508 23.400490 55.000000 
225.290497 -78.804359 23.396135 59.000000 
225.282181 -78.789719 23.397346 57.000000 
225.169800 -78.940353 23.396994 58.000000 
225.275894 -78.774406 23.399883 51.000000 
225.158218 -78.931747 23.394199 72.000000 
225.264557 -78.763794 23.397980 53.000000 
225.147858 -78.919670 23.393257 81.000000 
225.144394 -78.897552 23.399363 66.000000 
225.007019 -79.081802 23.383953 66.000000 
225.137115 -78.883354 23.400736 66.000000 
225.011276 -79.047600 23.397316 71.000000 
225.126602 -78.873169 23.399055 55.000000 
225.007736 -79.025047 23.403048 68.000000 
224.994049 -79.018974 23.398422 68.000000 
224.979431 -79.014343 23.392874 63.000000 
224.854507 -79.170509 23.401930 54.000000 
224.966690 -79.006668 23.389242 57.000000 
224.847076 -79.153511 23.403694 51.000000 
224.833923 -79.145485 23.400042 55.000000 
224.823700 -79.132942 23.399149 57.000000 
224.679214 -79.314301 23.401114 68.000000 
224.810593 -79.124832 23.395555 64.000000 
224.668549 -79.301292 23.400061 75.000000 
224.651306 -79.296730 23.393673 63.000000 
224.641724 -79.282158 23.393560 50.000000 
224.470795 -79.465637 23.394411 117.000000 
224.464966 -79.444572 23.397470 113.000000 
224.454025 -79.430969 23.396400 111.000000 
224.445236 -79.414375 23.397039 111.000000 
224.264038 -79.631775 23.396488 121.000000 
224.306274 -79.571922 23.402508 122.000000 
224.292786 -79.560715 23.399757 122.000000 
224.278259 -79.550949 23.396240 121.000000 
227.176056 -77.405777 23.421013 60.000000 
227.167892 -77.395737 23.421946 74.000000 
227.160248 -77.385956 23.423048 83.000000 
227.156464 -77.366310 23.433380 80.000000 
227.088730 -77.487846 23.410109 60.000000 
227.145538 -77.366638 23.425480 83.000000 
227.082443 -77.473381 23.414858 64.000000 
227.136002 -77.364304 23.420315 74.000000 
227.080307 -77.448982 23.428635 68.000000 
227.126022 -77.361649 23.415030 58.000000 
227.071075 -77.443314 23.425879 60.000000 
227.119598 -77.347214 23.420033 74.000000 
227.060349 -77.440231 23.420473 60.000000 
226.999542 -77.535446 23.423677 61.000000 
227.050079 -77.437393 23.415216 56.000000 
226.987839 -77.535423 23.415943 73.000000 
226.978912 -77.527992 23.414396 64.000000 
226.970001 -77.520546 23.412876 58.000000 
226.961716 -77.511612 23.412619 58.000000 
226.897278 -77.607704 23.418242 57.000000 
226.956345 -77.495377 23.418596 53.000000 
226.886368 -77.604446 23.413040 59.000000 
226.949203 -77.485275 23.419779 56.000000 
226.878387 -77.595558 23.412825 55.000000 
226.873642 -77.577530 23.419756 53.000000 
226.798859 -77.692596 23.413761 69.000000 
226.862808 -77.574181 23.414621 53.000000 
226.790207 -77.683121 23.413307 67.000000 
226.855087 -77.563477 23.415567 51.000000 
226.786789 -77.661789 23.422300 61.000000 
226.710159 -77.777168 23.420937 66.000000 
226.773010 -77.664124 23.412487 65.000000 
226.699982 -77.770424 23.418102 74.000000 
226.763153 -77.657547 23.409758 59.000000 
226.693924 -77.754692 23.422157 79.000000 
226.755493 -77.644722 23.411644 53.000000 
226.682617 -77.749054 23.418095 67.000000 
226.748367 -77.632233 23.413702 59.000000 
226.675308 -77.736290 23.419928 65.000000 
226.594437 -77.852310 23.421869 54.000000 
226.663849 -77.732399 23.414904 63.000000 
226.586212 -77.840744 23.422390 57.000000 
226.656616 -77.719604 23.416800 67.000000 
226.575134 -77.835136 23.418491 61.000000 
226.651382 -77.704216 23.421165 58.000000 
226.563843 -77.831337 23.413635 63.000000 
226.473373 -77.960663 23.410976 68.000000 
226.558685 -77.813759 23.418705 55.000000 
226.466476 -77.945709 23.413528 81.000000 
226.548401 -77.806580 23.415997 54.000000 
226.455811 -77.938248 23.410719 64.000000 
226.540390 -77.794922 23.416668 65.000000 
226.446701 -77.927773 23.410099 57.000000 
226.441788 -77.907951 23.415871 51.000000 
226.341385 -78.039536 23.412506 66.000000 
226.336655 -78.021606 23.417168 65.000000 
226.422028 -77.891769 23.411676 54.000000 
226.324966 -78.015282 23.413345 59.000000 
226.219818 -78.160660 23.410759 50.000000 
226.315750 -78.004433 23.412695 59.000000 
226.215546 -78.138512 23.416862 62.000000 
226.302429 -78.001007 23.406818 51.000000 
226.206024 -78.127335 23.416073 68.000000 
226.189178 -78.127716 23.407066 57.000000 
226.182266 -78.111977 23.409376 57.000000 
226.075989 -78.252014 23.416027 51.000000 
226.172852 -78.100716 23.408676 53.000000 
226.061798 -78.247955 23.410267 58.000000 
226.048492 -78.242332 23.405504 60.000000 
226.042328 -78.224686 23.408606 59.000000 
225.921356 -78.381805 23.410458 57.000000 
226.038055 -78.204063 23.413713 58.000000 
225.907593 -78.375793 23.405725 77.000000 
225.904022 -78.353203 23.411388 57.000000 
225.894989 -78.339638 23.411438 63.000000 
225.767654 -78.500565 23.417883 50.000000 
225.884125 -78.329041 23.409634 56.000000 
225.753494 -78.494118 23.413219 69.000000 
225.869537 -78.324379 23.404074 52.000000 
225.745102 -78.478607 23.414019 57.000000 
225.732925 -78.469086 23.411226 55.000000 
225.724640 -78.453545 23.412102 55.000000 
225.579117 -78.636345 23.413343 103.000000 
225.569458 -78.621834 23.413109 69.000000 
225.558868 -78.608810 23.412041 69.000000 
225.539246 -78.609192 23.403164 54.000000 
225.385818 -78.795197 23.411163 118.000000 
225.372711 -78.784630 23.408298 122.000000 
225.362762 -78.769547 23.407965 117.000000 
225.349731 -78.758911 23.405170 111.000000 
225.176361 -78.966347 23.410837 121.000000 
225.348892 -78.732430 23.411728 117.000000 
225.162384 -78.957237 23.407303 124.000000 
225.199371 -78.904785 23.409018 123.000000 
225.193787 -78.881096 23.412424 121.000000 
225.178192 -78.872826 23.408060 120.000000 
228.061234 -76.705048 23.434183 66.000000 
228.050232 -76.705452 23.426273 81.000000 
228.040146 -76.704620 23.419798 77.000000 
228.032013 -76.696251 23.419670 83.000000 
227.972458 -76.793152 23.418436 52.000000 
228.026871 -76.679214 23.427353 74.000000 
227.963623 -76.786011 23.416924 64.000000 
228.018845 -76.670830 23.427288 77.000000 
227.957932 -76.770096 23.423025 70.000000 
228.008835 -76.668167 23.422049 71.000000 
227.951813 -76.755646 23.427902 58.000000 
228.000854 -76.659737 23.422031 83.000000 
227.942566 -76.749924 23.425211 60.000000 
227.878357 -76.854012 23.421154 61.000000 
227.934875 -76.741562 23.425213 60.000000 
227.870987 -76.843956 23.422239 66.000000 
227.925659 -76.735786 23.422565 63.000000 
227.860916 -76.839455 23.418270 73.000000 
227.917572 -76.727089 23.422482 63.000000 
227.853714 -76.827606 23.420509 76.000000 
227.789520 -76.923920 23.426367 55.000000 
227.843094 -76.824501 23.415342 66.000000 
227.781006 -76.914772 23.426016 58.000000 
227.835388 -76.814079 23.416399 66.000000 
227.771301 -76.908554 23.423279 62.000000 
227.828934 -76.800751 23.419973 56.000000 
227.759155 -76.908188 23.415730 59.000000 
227.751450 -76.895706 23.417736 53.000000 
227.680923 -77.000488 23.420334 63.000000 
227.745544 -76.880608 23.422335 58.000000 
227.666428 -77.004341 23.409351 59.000000 
227.735947 -76.874283 23.419693 56.000000 
227.661682 -76.985947 23.416031 67.000000 
227.589478 -77.091042 23.423185 56.000000 
227.655731 -76.970520 23.420399 65.000000 
227.577209 -77.088745 23.416973 74.000000 
227.645859 -76.963928 23.417725 63.000000 
227.570450 -77.074486 23.419928 69.000000 
227.636002 -76.957314 23.415073 59.000000 
227.565140 -77.057251 23.425211 85.000000 
227.624817 -76.953583 23.410078 57.000000 
227.555725 -77.048935 23.423656 67.000000 
227.474030 -77.166512 23.424751 52.000000 
227.542816 -77.047974 23.416386 56.000000 
227.468704 -77.148949 23.429768 66.000000 
227.532227 -77.040710 23.413593 58.000000 
227.458557 -77.139992 23.428015 63.000000 
227.443771 -77.141769 23.418623 61.000000 
227.356964 -77.263573 23.421581 71.000000 
227.434158 -77.133087 23.417049 58.000000 
227.350098 -77.248634 23.424198 70.000000 
227.428314 -77.116982 23.421091 53.000000 
227.337891 -77.244164 23.419294 68.000000 
227.420303 -77.105316 23.421818 58.000000 
227.328796 -77.233681 23.418734 64.000000 
227.234146 -77.355095 23.423227 54.000000 
227.321304 -77.220200 23.420370 61.000000 
227.217529 -77.357811 23.413139 63.000000 
227.312302 -77.209686 23.419872 62.000000 
227.213043 -77.337967 23.418755 61.000000 
227.303345 -77.199150 23.419407 53.000000 
227.205399 -77.324127 23.420225 61.000000 
227.096207 -77.475105 23.413691 50.000000 
227.194504 -77.316246 23.417536 59.000000 
227.089951 -77.457870 23.416960 65.000000 
227.184479 -77.306847 23.415922 72.000000 
227.082092 -77.443649 23.418245 60.000000 
227.074280 -77.429420 23.419569 60.000000 
226.957825 -77.587891 23.414875 56.000000 
227.061371 -77.424149 23.414843 57.000000 
226.955887 -77.562714 23.422796 54.000000 
227.051941 -77.412865 23.414200 59.000000 
226.942535 -77.557121 23.418077 63.000000 
226.929199 -77.551476 23.413380 61.000000 
226.917664 -77.542793 23.410664 59.000000 
226.796478 -77.699989 23.413033 83.000000 
226.909760 -77.528107 23.411898 59.000000 
226.786362 -77.687912 23.412125 77.000000 
226.777222 -77.674309 23.412191 64.000000 
226.770584 -77.658165 23.414316 61.000000 
226.762512 -77.643059 23.415400 59.000000 
226.626953 -77.815697 23.414896 66.000000 
226.748810 -77.636871 23.410849 52.000000 
226.618530 -77.800148 23.415747 69.000000 
226.613068 -77.780106 23.419359 56.000000 
226.602219 -77.767059 23.418344 57.000000 
226.442612 -77.970909 23.407907 68.000000 
226.438858 -77.947327 23.412928 54.000000 
226.433228 -77.926773 23.416262 61.000000 
226.414551 -77.925606 23.408329 58.000000 
226.256836 -78.117653 23.413580 112.000000 
226.403580 -77.914452 23.406647 54.000000 
226.245361 -78.106064 23.411751 117.000000 
226.232224 -78.095406 23.408983 117.000000 
226.214935 -78.090660 23.402918 109.000000 
226.038071 -78.302750 23.407251 116.000000 
226.255875 -78.032249 23.408230 111.000000 
226.075363 -78.248230 23.409704 116.000000 
226.061722 -78.236954 23.406919 120.000000 
226.056732 -78.213753 23.410517 108.000000 
226.050781 -78.192062 23.413370 111.000000 
228.962143 -76.025826 23.442398 63.000000 
228.955429 -76.013176 23.446100 85.000000 
228.945389 -76.012390 23.439640 83.000000 
228.936340 -76.006950 23.436932 83.000000 
228.876541 -76.105202 23.434278 62.000000 
228.926315 -76.004364 23.431654 80.000000 
228.869278 -76.093697 23.436554 78.000000 
228.921249 -75.987350 23.439356 74.000000 
228.861557 -76.083656 23.437599 68.000000 
228.912827 -75.978691 23.439182 65.000000 
228.849716 -76.083511 23.429684 60.000000 
228.905914 -75.967430 23.441769 83.000000 
228.843643 -76.069061 23.434578 56.000000 
228.782333 -76.165779 23.436728 54.000000 
228.839188 -76.052010 23.442183 58.000000 
228.771057 -76.166046 23.429176 66.000000 
228.763260 -76.155685 23.430141 76.000000 
228.820328 -76.041939 23.435646 51.000000 
228.758362 -76.138000 23.437323 61.000000 
228.690231 -76.244576 23.434591 50.000000 
228.749527 -76.130562 23.435881 66.000000 
228.682312 -76.233955 23.435434 61.000000 
228.739548 -76.126007 23.431982 73.000000 
228.676270 -76.218895 23.439924 62.000000 
228.728973 -76.122871 23.426859 69.000000 
228.666626 -76.212685 23.437214 62.000000 
228.723755 -76.106644 23.432940 51.000000 
228.658234 -76.203499 23.436943 61.000000 
228.584793 -76.315582 23.433439 69.000000 
228.646118 -76.203087 23.429440 58.000000 
228.576157 -76.306122 23.433037 67.000000 
228.637772 -76.193848 23.429213 55.000000 
228.564301 -76.304054 23.426781 82.000000 
228.557693 -76.290115 23.429958 62.000000 
228.485443 -76.394920 23.436861 76.000000 
228.549988 -76.277328 23.431860 62.000000 
228.475479 -76.386322 23.435108 85.000000 
228.544189 -76.261925 23.436293 58.000000 
228.463959 -76.382500 23.430086 72.000000 
228.532211 -76.261520 23.429075 53.000000 
228.457825 -76.368584 23.433237 69.000000 
228.376266 -76.486191 23.434389 52.000000 
228.453384 -76.349899 23.439728 65.000000 
228.365845 -76.479103 23.431618 60.000000 
228.441940 -76.345993 23.434782 65.000000 
228.359833 -76.463028 23.435539 68.000000 
228.431198 -76.340569 23.431004 53.000000 
228.356125 -76.442497 23.442841 61.000000 
228.253052 -76.597252 23.421722 69.000000 
228.342865 -76.441315 23.435705 59.000000 
228.252243 -76.570274 23.432920 87.000000 
228.331085 -76.437096 23.430813 59.000000 
228.246979 -76.552345 23.437714 62.000000 
228.320801 -76.429878 23.428173 59.000000 
228.239487 -76.538925 23.439314 68.000000 
228.225800 -76.537415 23.432299 61.000000 
228.130280 -76.660027 23.435511 66.000000 
228.215225 -76.529892 23.429628 62.000000 
228.119370 -76.652237 23.432762 77.000000 
228.211029 -76.510483 23.435652 62.000000 
228.110107 -76.641418 23.432129 70.000000 
228.007004 -76.781868 23.432669 52.000000 
228.102524 -76.627602 23.433622 65.000000 
227.998260 -76.769196 23.432901 65.000000 
228.096680 -76.610802 23.437252 59.000000 
227.987885 -76.759521 23.431149 68.000000 
228.085068 -76.604401 23.433569 55.000000 
227.974976 -76.754311 23.426390 54.000000 
227.976685 -76.723640 23.438871 56.000000 
227.962128 -76.721382 23.432150 53.000000 
227.845078 -76.879128 23.427027 57.000000 
227.954514 -76.707153 23.433567 59.000000 
227.841553 -76.856995 23.433060 65.000000 
227.830078 -76.848373 23.430347 63.000000 
227.705597 -77.011551 23.428669 71.000000 
227.818039 -76.839279 23.427526 58.000000 
227.700455 -76.990036 23.433249 68.000000 
227.806595 -76.830574 23.424870 57.000000 
227.689514 -76.979507 23.431435 66.000000 
227.677338 -76.972389 23.427904 63.000000 
227.663651 -76.966270 23.423321 59.000000 
227.541306 -77.119919 23.434881 63.000000 
227.656555 -76.949677 23.425369 64.000000 
227.529068 -77.110435 23.432114 61.000000 
227.520737 -77.094917 23.432995 60.000000 
227.506989 -77.086388 23.429251 57.000000 
227.363876 -77.264275 23.433493 105.000000 
227.346222 -77.261780 23.426380 63.000000 
227.339233 -77.244743 23.428097 61.000000 
227.335709 -77.221245 23.433193 66.000000 
227.167206 -77.429741 23.428782 115.000000 
227.325226 -77.208191 23.432253 56.000000 
227.161316 -77.408684 23.431772 119.000000 
227.155518 -77.387642 23.434814 115.000000 
227.141876 -77.376518 23.431952 111.000000 
227.127853 -77.367371 23.428427 117.000000 
226.949463 -77.582359 23.430428 121.000000 
226.983673 -77.534782 23.429567 122.000000 
226.969070 -77.525040 23.426022 122.000000 
226.954483 -77.515251 23.422510 120.000000 
229.854584 -75.346626 23.434349 73.000000 
229.848328 -75.332504 23.439329 74.000000 
229.842621 -75.316940 23.445642 74.000000 
229.834595 -75.308617 23.445522 80.000000 
229.770233 -75.419785 23.431067 65.000000 
229.823639 -75.308922 23.437645 86.000000 
229.768143 -75.393646 23.445967 61.000000 
229.813660 -75.306290 23.432371 65.000000 
229.756302 -75.395287 23.436897 51.000000 
229.807678 -75.292145 23.437515 77.000000 
229.749695 -75.382317 23.440500 58.000000 
229.688599 -75.479027 23.442417 54.000000 
229.803253 -75.275436 23.445433 52.000000 
229.739899 -75.379791 23.435396 58.000000 
229.678482 -75.476387 23.437305 76.000000 
229.731781 -75.371147 23.435247 56.000000 
229.669022 -75.470467 23.434538 70.000000 
229.726501 -75.353531 23.442625 54.000000 
229.657944 -75.467140 23.429180 70.000000 
229.717377 -75.347763 23.439997 52.000000 
229.653076 -75.449455 23.436365 70.000000 
229.587784 -75.548492 23.439421 53.000000 
229.645996 -75.437630 23.438633 70.000000 
229.576309 -75.546745 23.433031 59.000000 
229.636642 -75.431618 23.435968 64.000000 
229.567841 -75.537575 23.432690 61.000000 
229.628937 -75.422981 23.435942 68.000000 
229.561127 -75.525764 23.434931 61.000000 
229.486542 -75.640961 23.429035 50.000000 
229.552750 -75.516563 23.434647 61.000000 
229.475296 -75.637444 23.423889 59.000000 
229.540665 -75.516136 23.427120 59.000000 
229.473129 -75.613136 23.435226 67.000000 
229.531067 -75.509804 23.424456 61.000000 
229.463257 -75.606621 23.432489 77.000000 
229.389832 -75.714470 23.436916 72.000000 
229.452911 -75.599747 23.429640 72.000000 
229.382568 -75.699921 23.439693 79.000000 
229.441086 -75.597580 23.423405 56.000000 
229.372467 -75.693153 23.436928 79.000000 
229.434601 -75.583618 23.426643 77.000000 
229.363068 -75.684868 23.435333 67.000000 
229.351593 -75.681000 23.430319 63.000000 
229.275604 -75.786484 23.440126 60.000000 
229.344849 -75.668564 23.432350 63.000000 
229.266495 -75.778275 23.438602 65.000000 
229.339798 -75.651360 23.437735 75.000000 
229.253967 -75.775642 23.432512 68.000000 
229.163788 -75.905075 23.429857 65.000000 
229.248062 -75.759575 23.436472 58.000000 
229.156876 -75.890144 23.432417 93.000000 
229.240753 -75.746483 23.438240 56.000000 
229.147751 -75.879723 23.431780 84.000000 
229.229752 -75.740784 23.434452 63.000000 
229.138657 -75.869278 23.431173 68.000000 
229.135040 -75.848373 23.438169 73.000000 
229.035828 -75.978554 23.435757 54.000000 
229.120590 -75.848328 23.430048 67.000000 
229.028152 -75.964783 23.437151 65.000000 
229.113205 -75.834862 23.431702 68.000000 
229.016464 -75.958488 23.433344 66.000000 
229.005600 -75.950661 23.430607 59.000000 
228.904007 -76.087906 23.432808 64.000000 
228.995041 -75.940910 23.428812 67.000000 
228.899811 -76.065804 23.438965 62.000000 
228.989212 -75.924103 23.432440 69.000000 
228.885254 -76.063652 23.432148 56.000000 
228.872940 -76.058846 23.427511 55.000000 
228.770493 -76.193016 23.438126 56.000000 
228.861801 -76.050598 23.424789 52.000000 
228.756317 -76.189003 23.432384 54.000000 
228.742142 -76.184937 23.426662 69.000000 
228.738663 -76.162827 23.432707 60.000000 
228.730240 -76.147789 23.433767 63.000000 
228.599228 -76.321205 23.424845 71.000000 
228.718842 -76.139137 23.431074 61.000000 
228.593796 -76.301643 23.428627 82.000000 
228.586594 -76.285095 23.430571 68.000000 
228.451065 -76.459816 23.428930 54.000000 
228.574799 -76.276031 23.427834 67.000000 
228.445450 -76.439804 23.432407 57.000000 
228.563019 -76.266922 23.425125 64.000000 
228.438965 -76.421310 23.435024 69.000000 
228.428726 -76.408829 23.434063 59.000000 
228.414276 -76.404282 23.428732 56.000000 
228.273041 -76.581322 23.433632 65.000000 
228.403107 -76.393227 23.426922 58.000000 
228.261398 -76.569862 23.431669 69.000000 
228.247162 -76.560860 23.427862 63.000000 
228.235580 -76.549324 23.425968 72.000000 
228.227692 -76.533783 23.426855 72.000000 
228.068115 -76.728531 23.429504 120.000000 
228.055054 -76.717972 23.426689 113.000000 
228.046173 -76.701408 23.427233 115.000000 
228.040497 -76.680367 23.430321 119.000000 
227.849091 -76.912979 23.422087 116.000000 
228.073990 -76.632088 23.428959 60.000000 
227.884064 -76.861107 23.422066 121.000000 
227.882309 -76.833496 23.427994 123.000000 
227.870605 -76.821358 23.426165 121.000000 
227.857162 -76.810097 23.423437 121.000000 
230.766800 -74.648186 23.457090 60.000000 
230.754486 -74.653038 23.445297 73.000000 
230.746323 -74.648193 23.442822 78.000000 
230.736771 -74.644234 23.438795 80.000000 
230.727783 -74.635353 23.438400 68.000000 
230.668518 -74.732117 23.436792 69.000000 
230.723648 -74.615479 23.448685 71.000000 
230.661270 -74.720627 23.439075 64.000000 
230.715179 -74.608574 23.447330 57.000000 
230.653030 -74.712051 23.438862 73.000000 
230.705231 -74.605949 23.442097 63.000000 
230.648499 -74.693268 23.447544 68.000000 
230.695663 -74.605270 23.435833 80.000000 
230.640228 -74.688156 23.445126 65.000000 
230.575821 -74.793571 23.439423 64.000000 
230.631058 -74.682442 23.442457 61.000000 
230.569702 -74.778854 23.444080 70.000000 
230.621887 -74.676704 23.439810 63.000000 
230.560257 -74.772942 23.441355 64.000000 
230.612198 -74.672371 23.435907 51.000000 
230.550842 -74.766991 23.438648 68.000000 
230.539795 -74.763634 23.433348 66.000000 
230.477371 -74.855255 23.442425 55.000000 
230.535049 -74.745979 23.440620 66.000000 
230.466492 -74.852020 23.437273 61.000000 
230.527359 -74.737358 23.440607 66.000000 
230.456100 -74.849052 23.432274 59.000000 
230.448914 -74.836922 23.434414 56.000000 
230.378036 -74.943115 23.435476 69.000000 
230.443039 -74.821861 23.439014 56.000000 
230.365540 -74.942566 23.428015 63.000000 
230.435989 -74.809738 23.441227 62.000000 
230.360825 -74.924210 23.434700 65.000000 
230.288284 -75.030701 23.440271 75.000000 
230.353271 -74.909653 23.437626 72.000000 
230.277786 -75.021805 23.438353 90.000000 
230.344116 -74.901634 23.436134 58.000000 
230.270386 -75.009087 23.440172 67.000000 
230.335297 -74.895721 23.433748 65.000000 
230.264053 -74.997040 23.442301 65.000000 
230.324158 -74.892044 23.428751 51.000000 
230.256775 -74.984314 23.444187 56.000000 
230.174759 -75.103279 23.443638 54.000000 
230.245346 -74.980461 23.439215 51.000000 
230.166565 -75.091743 23.444212 60.000000 
230.234619 -74.975082 23.435410 64.000000 
230.156967 -75.083176 23.442591 61.000000 
230.146133 -75.075722 23.439745 59.000000 
230.057480 -75.201920 23.438889 67.000000 
230.133621 -75.073036 23.433710 55.000000 
230.052170 -75.184021 23.443666 67.000000 
230.129822 -75.054367 23.440123 50.000000 
230.042099 -75.176994 23.441059 66.000000 
230.031525 -75.169556 23.438339 62.000000 
229.933304 -75.298447 23.437057 57.000000 
230.020966 -75.162086 23.435642 57.000000 
229.923981 -75.287689 23.436369 67.000000 
230.015137 -75.145676 23.439482 53.000000 
229.917130 -75.272415 23.438852 56.000000 
229.908707 -75.260132 23.439278 59.000000 
229.800812 -75.409554 23.433176 52.000000 
229.900345 -75.247833 23.439737 56.000000 
229.794601 -75.392380 23.436447 62.000000 
229.889572 -75.239990 23.437077 58.000000 
229.789337 -75.373711 23.440775 57.000000 
229.779892 -75.362556 23.440077 57.000000 
229.670029 -75.510376 23.441534 54.000000 
229.768784 -75.354370 23.437380 52.000000 
229.659378 -75.500366 23.439711 56.000000 
229.757126 -75.345726 23.434576 59.000000 
229.649948 -75.486893 23.439735 72.000000 
229.636703 -75.481331 23.435041 72.000000 
229.625565 -75.470795 23.433174 66.000000 
229.507614 -75.623352 23.437548 68.000000 
229.617737 -75.456192 23.434418 65.000000 
229.494827 -75.615883 23.433825 68.000000 
229.484833 -75.603867 23.432957 68.000000 
229.475815 -75.590324 23.433065 71.000000 
229.347778 -75.752777 23.438435 63.000000 
229.471558 -75.569321 23.437939 78.000000 
229.335541 -75.743347 23.435640 69.000000 
229.460785 -75.558754 23.436234 61.000000 
229.331039 -75.721870 23.440128 61.000000 
229.328812 -75.699875 23.445843 64.000000 
229.313828 -75.694878 23.440430 66.000000 
229.161758 -75.888184 23.435160 75.000000 
229.155487 -75.867210 23.438322 72.000000 
229.146942 -75.851242 23.439060 72.000000 
229.133041 -75.844719 23.434746 72.000000 
228.980103 -76.030685 23.442154 115.000000 
228.968109 -76.018707 23.440195 121.000000 
228.953049 -76.011177 23.435774 117.000000 
228.939026 -76.002090 23.432215 115.000000 
228.934448 -75.979599 23.436197 113.000000 
228.799103 -76.161072 23.436321 122.000000 
228.782394 -76.154404 23.431164 122.000000 
228.773209 -76.137260 23.431599 123.000000 
228.769501 -76.112701 23.436058 123.000000 
231.652023 -73.956902 23.446188 79.000000 
231.645798 -73.942856 23.451244 94.000000 
231.636307 -73.938934 23.447254 94.000000 
231.629196 -73.929482 23.448612 77.000000 
231.566376 -74.037804 23.436211 65.000000 
231.619247 -73.926941 23.443357 80.000000 
231.560135 -74.023430 23.441072 78.000000 
231.611786 -73.915474 23.445803 67.000000 
231.553009 -74.010239 23.444569 65.000000 
231.604355 -73.905708 23.447111 58.000000 
231.541702 -74.010406 23.436798 60.000000 
231.595947 -73.898788 23.445833 63.000000 
231.534592 -73.998924 23.439219 58.000000 
231.473114 -74.097076 23.439411 52.000000 
231.531830 -73.975876 23.451866 56.000000 
231.463089 -74.092667 23.435444 58.000000 
231.522552 -73.973640 23.446968 58.000000 
231.459076 -74.075638 23.442940 66.000000 
231.512360 -73.970787 23.441822 65.000000 
231.450821 -74.066803 23.442753 68.000000 
231.382553 -74.174820 23.438015 54.000000 
231.441544 -74.059113 23.441214 60.000000 
231.371780 -74.169846 23.433929 58.000000 
231.431030 -74.056046 23.436094 62.000000 
231.366928 -74.151886 23.440905 62.000000 
231.420502 -74.052940 23.430988 58.000000 
231.356079 -74.148643 23.435797 62.000000 
231.348923 -74.136559 23.437990 59.000000 
231.279053 -74.241241 23.439655 83.000000 
231.338104 -74.133247 23.432920 59.000000 
231.269180 -74.234810 23.436939 72.000000 
231.329773 -74.124054 23.432737 62.000000 
231.258011 -74.231293 23.431879 66.000000 
231.190430 -74.327408 23.445070 54.000000 
231.248322 -74.222984 23.430254 62.000000 
231.181152 -74.317406 23.444485 63.000000 
231.239136 -74.214973 23.428789 53.000000 
231.168335 -74.316643 23.437170 62.000000 
231.237991 -74.189362 23.441591 63.000000 
231.159607 -74.306923 23.436769 79.000000 
231.151627 -74.295700 23.437551 65.000000 
231.074814 -74.404312 23.444479 52.000000 
231.147690 -74.277428 23.444263 62.000000 
231.137009 -74.272095 23.440493 54.000000 
231.054672 -74.390602 23.439186 57.000000 
231.049500 -74.373116 23.444342 63.000000 
230.954498 -74.512840 23.433033 87.000000 
231.038513 -74.367516 23.440577 55.000000 
230.949158 -74.494972 23.437866 65.000000 
231.028275 -74.360390 23.437952 56.000000 
230.943924 -74.477119 23.442745 62.000000 
231.016541 -74.356178 23.433104 54.000000 
230.933380 -74.469734 23.440063 62.000000 
230.922836 -74.462303 23.437407 61.000000 
230.829468 -74.581955 23.441692 66.000000 
230.910751 -74.457809 23.432596 57.000000 
230.818619 -74.574234 23.438986 63.000000 
230.904984 -74.441429 23.436529 52.000000 
230.805344 -74.570953 23.433146 67.000000 
230.706909 -74.703941 23.437756 56.000000 
230.799438 -74.554214 23.436810 57.000000 
230.697372 -74.692848 23.437035 62.000000 
230.795242 -74.534515 23.442629 56.000000 
230.685364 -74.686241 23.433298 56.000000 
230.681000 -74.666122 23.438747 53.000000 
230.675049 -74.649017 23.442205 56.000000 
230.555618 -74.813126 23.431908 56.000000 
230.546753 -74.800095 23.432114 63.000000 
230.542358 -74.779556 23.437269 65.000000 
230.536865 -74.762466 23.440638 63.000000 
230.414993 -74.922630 23.439297 57.000000 
230.521912 -74.759865 23.434061 63.000000 
230.402252 -74.915215 23.435610 66.000000 
230.509964 -74.750816 23.431316 61.000000 
230.389847 -74.905807 23.432762 75.000000 
230.378983 -74.895317 23.431026 72.000000 
230.259933 -75.044395 23.443901 56.000000 
230.368164 -74.884796 23.429323 70.000000 
230.246811 -75.036545 23.440247 56.000000 
230.360184 -74.869781 23.430502 63.000000 
230.235611 -75.025650 23.438442 51.000000 
230.223495 -75.016220 23.435759 51.000000 
230.215271 -75.000786 23.436754 54.000000 
230.069580 -75.185257 23.435991 68.000000 
230.208099 -74.983856 23.438704 50.000000 
230.053009 -75.181343 23.429766 72.000000 
230.049438 -75.157921 23.434927 63.000000 
230.044983 -75.136024 23.439264 56.000000 
229.880356 -75.340134 23.435545 106.000000 
230.036591 -75.120102 23.440144 52.000000 
229.871445 -75.323692 23.436138 109.000000 
229.865707 -75.302757 23.439281 115.000000 
229.849670 -75.296738 23.434097 119.000000 
229.838867 -75.283218 23.433132 122.000000 
229.668076 -75.487389 23.438725 119.000000 
229.698135 -75.443230 23.434507 121.000000 
229.686462 -75.431190 23.432753 123.000000 
229.674149 -75.418564 23.430899 122.000000 
232.546326 -73.278488 23.438475 66.000000 
232.537231 -73.273125 23.435738 71.000000 
232.532410 -73.254730 23.444721 77.000000 
232.524353 -73.246452 23.444641 80.000000 
232.461624 -73.354881 23.432117 69.000000 
232.514389 -73.243912 23.439373 77.000000 
232.458908 -73.330299 23.445873 70.000000 
232.505402 -73.238457 23.436729 77.000000 
232.450714 -73.321785 23.445704 63.000000 
232.499405 -73.224396 23.441946 80.000000 
232.441513 -73.316154 23.443014 63.000000 
232.492477 -73.213196 23.444586 80.000000 
232.432312 -73.310501 23.440344 68.000000 
232.369904 -73.411629 23.437815 70.000000 
232.425110 -73.302490 23.440512 61.000000 
232.361389 -73.406349 23.435354 76.000000 
232.418106 -73.291016 23.442997 54.000000 
232.350800 -73.403374 23.430153 74.000000 
232.410248 -73.278969 23.445257 58.000000 
232.343796 -73.388092 23.434660 72.000000 
232.279068 -73.487396 23.437162 61.000000 
232.337814 -73.373405 23.439482 74.000000 
232.268188 -73.484215 23.431995 62.000000 
232.324997 -73.376160 23.429356 71.000000 
232.260895 -73.472153 23.434128 56.000000 
232.319107 -73.361458 23.434235 74.000000 
232.252457 -73.463028 23.433863 61.000000 
232.181030 -73.572525 23.432018 60.000000 
232.244064 -73.453888 23.433628 64.000000 
232.171097 -73.566109 23.429262 76.000000 
232.234467 -73.447655 23.430983 64.000000 
232.166290 -73.547813 23.435993 67.000000 
232.224258 -73.442841 23.427137 69.000000 
232.155136 -73.544312 23.430923 67.000000 
232.145279 -73.537811 23.428244 67.000000 
232.078217 -73.632332 23.442297 79.000000 
232.135437 -73.531288 23.425587 61.000000 
232.067444 -73.627121 23.438421 69.000000 
232.127594 -73.520325 23.426519 72.000000 
232.055984 -73.623352 23.433413 65.000000 
232.123459 -73.504173 23.432503 63.000000 
232.046906 -73.617256 23.430996 60.000000 
231.970886 -73.724564 23.438993 64.000000 
232.041031 -73.601593 23.435266 60.000000 
231.958374 -73.722031 23.432896 66.000000 
232.031418 -73.591148 23.434689 63.000000 
231.946243 -73.715759 23.428785 63.000000 
232.022842 -73.581367 23.434402 62.000000 
231.938812 -73.702721 23.430578 59.000000 
231.850540 -73.829178 23.429140 71.000000 
231.935135 -73.682266 23.438023 56.000000 
231.842148 -73.817314 23.429642 82.000000 
231.923401 -73.678108 23.433144 66.000000 
231.836090 -73.800949 23.433437 61.000000 
231.913910 -73.669472 23.431662 63.000000 
231.830109 -73.784599 23.437275 66.000000 
231.821121 -73.774208 23.436792 64.000000 
231.726089 -73.898834 23.437744 61.000000 
231.808014 -73.773071 23.429922 61.000000 
231.713608 -73.894112 23.432920 65.000000 
231.795929 -73.768539 23.425119 53.000000 
231.700333 -73.890831 23.427059 64.000000 
231.693558 -73.875580 23.429672 57.000000 
231.594940 -74.008392 23.433861 68.000000 
231.687134 -73.858452 23.433250 55.000000 
231.576462 -74.011887 23.422840 57.000000 
231.574585 -73.987267 23.431358 57.000000 
231.565170 -73.976120 23.430733 55.000000 
231.451889 -74.129921 23.427311 58.000000 
231.560944 -73.956024 23.436279 57.000000 
231.440353 -74.121407 23.424566 61.000000 
231.436798 -74.099365 23.430717 69.000000 
231.428925 -74.084831 23.431986 66.000000 
231.297089 -74.261765 23.420103 83.000000 
231.420212 -74.071785 23.432304 58.000000 
231.291580 -74.242271 23.423977 71.000000 
231.406143 -74.067642 23.426722 55.000000 
231.286163 -74.222786 23.427898 78.000000 
231.272507 -74.216789 23.423306 72.000000 
231.267258 -74.197311 23.427307 68.000000 
231.139435 -74.359718 23.431459 59.000000 
231.249893 -74.197189 23.418959 71.000000 
231.128204 -74.348808 23.429647 61.000000 
231.117966 -74.336380 23.428780 60.000000 
231.104507 -74.330360 23.424416 58.000000 
230.964813 -74.506111 23.428905 58.000000 
231.098236 -74.311920 23.427279 54.000000 
230.949219 -74.500694 23.423532 62.000000 
230.941238 -74.485252 23.424458 58.000000 
230.932693 -74.469299 23.425287 58.000000 
230.776337 -74.661743 23.428316 60.000000 
230.924988 -74.449371 23.427652 61.000000 
230.760941 -74.651741 23.424442 121.000000 
230.751007 -74.636757 23.424234 115.000000 
230.744247 -74.617294 23.426586 113.000000 
230.777344 -74.571159 23.424881 119.000000 
230.596115 -74.790527 23.422213 118.000000 
230.589264 -74.773079 23.423744 121.000000 
230.579010 -74.757492 23.423443 122.000000 
230.568130 -74.741333 23.423046 122.000000 
230.555817 -74.728668 23.421217 115.000000 
233.446045 -72.599297 23.458902 51.000000 
233.434647 -72.602943 23.448500 79.000000 
233.426468 -72.594650 23.448313 90.000000 
233.420227 -72.580544 23.453337 101.000000 
233.358414 -72.686348 23.443993 52.000000 
233.414063 -72.566460 23.458401 88.000000 
233.350571 -72.676331 23.444969 92.000000 
233.401672 -72.571106 23.446609 94.000000 
233.346329 -72.656067 23.454840 83.000000 
233.394119 -72.561302 23.447826 74.000000 
233.337601 -72.648979 23.453354 79.000000 
233.387115 -72.550056 23.450377 77.000000 
233.326279 -72.649132 23.445543 79.000000 
233.267502 -72.740250 23.452391 54.000000 
233.379166 -72.541672 23.450352 57.000000 
233.317032 -72.643425 23.442825 70.000000 
233.256897 -72.737328 23.447124 64.000000 
233.306198 -72.642029 23.436308 60.000000 
233.245728 -72.735832 23.440636 76.000000 
233.307175 -72.608803 23.457840 61.000000 
233.237350 -72.726952 23.440355 76.000000 
233.231857 -72.710747 23.446314 81.000000 
233.165619 -72.812981 23.446800 58.000000 
233.225296 -72.697479 23.449829 71.000000 
233.154114 -72.811249 23.440392 58.000000 
233.213593 -72.697304 23.442175 61.000000 
233.145615 -72.802094 23.440042 56.000000 
233.206543 -72.685471 23.444504 62.000000 
233.141998 -72.781151 23.449417 62.000000 
233.065262 -72.902466 23.438482 50.000000 
233.131149 -72.777855 23.444286 61.000000 
233.055923 -72.894516 23.436855 64.000000 
233.120300 -72.774506 23.439169 62.000000 
233.051102 -72.876160 23.443508 82.000000 
232.965576 -73.012993 23.426159 51.000000 
233.110687 -72.768196 23.436501 56.000000 
233.042496 -72.866699 23.443125 78.000000 
232.970016 -72.973282 23.448479 82.000000 
233.030655 -72.864601 23.436857 72.000000 
232.961197 -72.963570 23.447969 90.000000 
233.020782 -72.858032 23.434155 60.000000 
232.951050 -72.956825 23.445194 82.000000 
233.015579 -72.841156 23.439772 75.000000 
232.940918 -72.950035 23.442440 65.000000 
232.932709 -72.940598 23.442148 67.000000 
232.857742 -73.044830 23.452824 83.000000 
232.925415 -72.927841 23.444052 62.000000 
232.843765 -73.045265 23.444469 77.000000 
232.921906 -72.905899 23.452780 65.000000 
232.831421 -73.040802 23.439335 75.000000 
232.826904 -73.021759 23.445539 75.000000 
232.737564 -73.149612 23.443415 105.000000 
232.822495 -73.002754 23.451792 81.000000 
232.726883 -73.142212 23.440615 85.000000 
232.812241 -72.995605 23.449123 75.000000 
232.720810 -73.125801 23.444342 85.000000 
232.713287 -73.112381 23.445940 68.000000 
232.616760 -73.238365 23.446465 54.000000 
232.701172 -73.107895 23.441055 70.000000 
232.609329 -73.226891 23.447094 67.000000 
232.693222 -73.098167 23.440809 70.000000 
232.597626 -73.220627 23.443275 67.000000 
232.588364 -73.209839 23.442636 74.000000 
232.491104 -73.341743 23.448669 65.000000 
232.577515 -73.202011 23.439920 74.000000 
232.477371 -73.338165 23.442818 65.000000 
232.569962 -73.188194 23.441450 67.000000 
232.464462 -73.333023 23.438002 55.000000 
232.454102 -73.323334 23.436260 60.000000 
232.450348 -73.299347 23.443441 60.000000 
232.334351 -73.455635 23.438492 72.000000 
232.446121 -73.279205 23.448912 60.000000 
232.324554 -73.444061 23.437658 73.000000 
232.316574 -73.429466 23.438818 73.000000 
232.313110 -73.407394 23.444935 68.000000 
232.178101 -73.588715 23.430838 71.000000 
232.300140 -73.404114 23.439554 69.000000 
232.173767 -73.570061 23.434914 78.000000 
232.170166 -73.547516 23.440643 67.000000 
232.158356 -73.538490 23.437899 70.000000 
232.145615 -73.530914 23.434235 72.000000 
232.023605 -73.684692 23.444851 63.000000 
232.132904 -73.523293 23.430595 61.000000 
232.009827 -73.676277 23.441017 59.000000 
231.998596 -73.665291 23.439173 59.000000 
231.986435 -73.655762 23.436449 58.000000 
231.845276 -73.832848 23.440763 72.000000 
231.832642 -73.822884 23.437960 72.000000 
231.817032 -73.817368 23.432566 75.000000 
231.810455 -73.798363 23.435070 54.000000 
231.651474 -73.993614 23.437281 118.000000 
231.641174 -73.976044 23.437515 122.000000 
231.627090 -73.966988 23.433895 121.000000 
231.672241 -73.905182 23.442369 109.000000 
231.656174 -73.899055 23.437143 117.000000 
231.469086 -74.125694 23.431402 121.000000 
231.468704 -74.094566 23.438810 122.000000 
231.454147 -74.084877 23.435247 121.000000 
231.438522 -74.076614 23.430916 118.000000 
234.314880 -71.917709 23.451481 60.000000 
234.305740 -71.914009 23.447561 85.000000 
234.296616 -71.908562 23.444817 90.000000 
234.290909 -71.891266 23.452345 85.000000 
234.281860 -71.885780 23.449656 82.000000 
234.220169 -71.988289 23.442825 64.000000 
234.272812 -71.880257 23.446983 91.000000 
234.216019 -71.968018 23.452751 77.000000 
234.263779 -71.874710 23.444332 69.000000 
234.207275 -71.960869 23.451300 65.000000 
234.256744 -71.865128 23.445747 77.000000 
234.196365 -71.961220 23.443649 65.000000 
234.139313 -72.046371 23.455587 54.000000 
234.187088 -71.955444 23.440962 61.000000 
234.126465 -72.049255 23.445402 76.000000 
234.179001 -71.945023 23.441988 50.000000 
234.115906 -72.044449 23.441282 80.000000 
234.171967 -71.933449 23.444454 50.000000 
234.106400 -72.038437 23.438562 69.000000 
234.100159 -72.027176 23.441105 72.000000 
234.035736 -72.123436 23.446676 72.000000 
234.094193 -72.012413 23.445904 67.000000 
234.024796 -72.120148 23.441505 74.000000 
234.082672 -72.008636 23.440502 66.000000 
234.015945 -72.108849 23.442141 61.000000 
233.942551 -72.221382 23.438732 51.000000 
234.011185 -72.090836 23.449148 62.000000 
233.935089 -72.208939 23.440655 67.000000 
233.998444 -72.091843 23.440403 58.000000 
233.927048 -72.197975 23.441431 67.000000 
233.991318 -72.079674 23.442617 58.000000 
233.919067 -72.186996 23.442240 72.000000 
233.909637 -72.180756 23.439665 78.000000 
233.835907 -72.288704 23.444101 79.000000 
233.901077 -72.171211 23.439346 64.000000 
233.827759 -72.277435 23.444777 95.000000 
233.888031 -72.170113 23.431808 68.000000 
233.816391 -72.271744 23.440750 75.000000 
233.882202 -72.154671 23.436289 70.000000 
233.808319 -72.260437 23.441484 60.000000 
233.730896 -72.369209 23.449131 56.000000 
233.797485 -72.255028 23.437641 72.000000 
233.716843 -72.369576 23.440783 74.000000 
233.788086 -72.246628 23.436127 60.000000 
233.707138 -72.360939 23.439148 68.000000 
233.784714 -72.228622 23.442989 62.000000 
233.697769 -72.354469 23.436693 56.000000 
233.609467 -72.479500 23.437359 72.000000 
233.691818 -72.338364 23.440706 53.000000 
233.603287 -72.463043 23.441057 100.000000 
233.685425 -72.321907 23.444630 58.000000 
233.591278 -72.456680 23.437073 68.000000 
233.678146 -72.308777 23.446482 68.000000 
233.583694 -72.443199 23.438677 68.000000 
233.487717 -72.565895 23.441759 56.000000 
233.578751 -72.423393 23.444529 68.000000 
233.481552 -72.549088 23.445269 57.000000 
233.568161 -72.415848 23.441858 62.000000 
233.472763 -72.538658 23.444756 67.000000 
233.556549 -72.411606 23.437164 66.000000 
233.457779 -72.538277 23.436771 67.000000 
233.447403 -72.530769 23.434200 67.000000 
233.349319 -72.662514 23.440714 69.000000 
233.436493 -72.522835 23.431519 72.000000 
233.339752 -72.651306 23.439976 62.000000 
233.433380 -72.499657 23.439293 58.000000 
233.328232 -72.640747 23.437979 74.000000 
233.314148 -72.638855 23.431328 66.000000 
233.206329 -72.780243 23.437040 56.000000 
233.307541 -72.621185 23.434624 60.000000 
233.194702 -72.771622 23.434256 67.000000 
233.303894 -72.601395 23.440271 65.000000 
233.182220 -72.764458 23.430517 75.000000 
233.175446 -72.746361 23.433554 78.000000 
233.173828 -72.721252 23.441692 68.000000 
233.035065 -72.906631 23.425079 82.000000 
233.165344 -72.710449 23.441277 66.000000 
233.031677 -72.886421 23.430149 89.000000 
233.029999 -72.860840 23.437830 78.000000 
233.016281 -72.854698 23.433233 67.000000 
232.886230 -73.020508 23.437078 59.000000 
233.000671 -72.851463 23.426764 66.000000 
232.875839 -73.007965 23.436119 72.000000 
232.868774 -72.988945 23.438704 70.000000 
232.857529 -72.977867 23.436911 61.000000 
232.713348 -73.157402 23.439812 107.000000 
232.842041 -72.974670 23.430717 75.000000 
232.699295 -73.150871 23.435421 112.000000 
232.687622 -73.139290 23.433538 114.000000 
232.672958 -73.132156 23.429066 108.000000 
232.663361 -73.117531 23.428999 74.000000 
232.504349 -73.310814 23.432619 118.000000 
232.535309 -73.265312 23.429962 121.000000 
232.526367 -73.248680 23.430571 121.000000 
232.522079 -73.224083 23.435276 111.000000 
232.510147 -73.211884 23.433456 119.000000 
232.322556 -73.438400 23.428268 122.000000 
232.317154 -73.417274 23.431238 122.000000 
232.303604 -73.405960 23.428522 123.000000 
232.290085 -73.394608 23.425842 122.000000 
235.225281 -71.218872 23.463331 66.000000 
235.216171 -71.213524 23.460541 74.000000 
235.204742 -71.215385 23.451279 83.000000 
235.199402 -71.198387 23.458916 71.000000 
235.139099 -71.299896 23.453205 69.000000 
235.193192 -71.184303 23.463995 71.000000 
235.130753 -71.291351 23.452925 72.000000 
235.183212 -71.181740 23.458693 86.000000 
235.124451 -71.276955 23.457750 61.000000 
235.175186 -71.173393 23.458620 86.000000 
235.118240 -71.262566 23.462616 58.000000 
235.165207 -71.170753 23.453350 83.000000 
235.109009 -71.256905 23.459887 61.000000 
235.047150 -71.356857 23.458931 56.000000 
235.099777 -71.251213 23.457176 63.000000 
235.037643 -71.350983 23.456137 66.000000 
235.090561 -71.245491 23.454485 56.000000 
235.029251 -71.342148 23.455847 70.000000 
235.083511 -71.233971 23.456928 63.000000 
235.019211 -71.337685 23.451855 73.000000 
234.956757 -71.431374 23.459587 63.000000 
235.010880 -71.328804 23.451616 71.000000 
234.945847 -71.428207 23.454365 64.000000 
235.002579 -71.319908 23.451405 76.000000 
234.938507 -71.416138 23.456429 59.000000 
234.996613 -71.305183 23.456215 74.000000 
234.926422 -71.415840 23.448818 56.000000 
234.986084 -71.302063 23.451065 64.000000 
234.917938 -71.406670 23.448509 59.000000 
234.846176 -71.516296 23.446983 50.000000 
234.911942 -71.391624 23.453093 62.000000 
234.834930 -71.512802 23.441820 59.000000 
234.903549 -71.382439 23.452847 62.000000 
234.828781 -71.497414 23.446133 67.000000 
234.753235 -71.611900 23.445812 50.000000 
234.893951 -71.376144 23.450186 53.000000 
234.822723 -71.482033 23.450487 63.000000 
234.746979 -71.596199 23.449860 72.000000 
234.814789 -71.471092 23.451326 72.000000 
234.737442 -71.587959 23.448202 79.000000 
234.804291 -71.466011 23.447447 57.000000 
234.733368 -71.567795 23.455778 60.000000 
234.793121 -71.462364 23.442396 63.000000 
234.724625 -71.558052 23.455338 60.000000 
234.712463 -71.555695 23.449154 55.000000 
234.634705 -71.666023 23.455118 60.000000 
234.700272 -71.553284 23.442984 60.000000 
234.627182 -71.652992 23.456812 60.000000 
234.698608 -71.528725 23.454187 51.000000 
234.613190 -71.653366 23.448456 59.000000 
234.524200 -71.781677 23.446352 69.000000 
234.605530 -71.642136 23.449221 56.000000 
234.520752 -71.761131 23.453421 100.000000 
234.598129 -71.629059 23.451006 52.000000 
234.509323 -71.755241 23.449539 64.000000 
234.588791 -71.618576 23.450443 58.000000 
234.496597 -71.750435 23.444456 61.000000 
234.487488 -71.739990 23.443884 64.000000 
234.389282 -71.869209 23.442305 66.000000 
234.484604 -71.717621 23.452066 55.000000 
234.383881 -71.850914 23.446867 65.000000 
234.471710 -71.714577 23.446110 54.000000 
234.375610 -71.836746 23.448175 67.000000 
234.366333 -71.825951 23.447548 67.000000 
234.263550 -71.966606 23.447050 51.000000 
234.356277 -71.816628 23.445896 61.000000 
234.257294 -71.949448 23.450352 54.000000 
234.343796 -71.811729 23.441095 61.000000 
234.249451 -71.935303 23.451658 62.000000 
234.234314 -71.936935 23.443064 59.000000 
234.132309 -72.071564 23.453068 56.000000 
234.223984 -71.927223 23.441360 50.000000 
234.116394 -72.070602 23.445337 72.000000 
234.218811 -71.908546 23.445829 52.000000 
234.106583 -72.059036 23.444511 72.000000 
234.095932 -72.048958 23.442734 68.000000 
234.090637 -72.029869 23.446909 60.000000 
233.963928 -72.197815 23.441059 89.000000 
234.082779 -72.015282 23.448166 61.000000 
233.948334 -72.194832 23.434454 67.000000 
233.947449 -72.167778 23.443068 71.000000 
233.939301 -72.152748 23.444130 70.000000 
233.809677 -72.318573 23.446949 61.000000 
233.928772 -72.140244 23.443192 67.000000 
233.794876 -72.311676 23.442171 72.000000 
233.793152 -72.285690 23.449434 60.000000 
233.779663 -72.279686 23.445000 59.000000 
233.767487 -72.270164 23.442284 59.000000 
233.623505 -72.451881 23.443483 104.000000 
233.614822 -72.435913 23.444191 104.000000 
233.601212 -72.427414 23.440548 72.000000 
233.586609 -72.420357 23.436058 69.000000 
233.434845 -72.605293 23.443796 118.000000 
233.466797 -72.560310 23.440573 124.000000 
233.450638 -72.554237 23.435272 121.000000 
233.442764 -72.536186 23.436728 122.000000 
233.262375 -72.756691 23.434908 122.000000 
233.439133 -72.512199 23.441597 121.000000 
233.250854 -72.742561 23.433666 121.000000 
233.242584 -72.723923 23.434868 124.000000 
233.236526 -72.702309 23.437719 122.000000 
233.223053 -72.691101 23.434996 123.000000 
236.119110 -70.522949 23.465990 66.000000 
236.110458 -70.517883 23.463379 78.000000 
236.102310 -70.509636 23.463251 90.000000 
236.092285 -70.508850 23.456770 77.000000 
236.036163 -70.598717 23.460964 69.000000 
236.084167 -70.500549 23.456686 80.000000 
236.026840 -70.593147 23.458199 67.000000 
236.079941 -70.480751 23.467085 71.000000 
236.019043 -70.583168 23.459272 68.000000 
236.070969 -70.475319 23.464451 71.000000 
236.010788 -70.574631 23.459101 56.000000 
236.060074 -70.473854 23.457777 74.000000 
235.937241 -70.674644 23.450129 64.000000 
235.929871 -70.662895 23.452339 70.000000 
235.986237 -70.548935 23.458752 56.000000 
235.924149 -70.648514 23.457212 70.000000 
235.977051 -70.543213 23.456125 52.000000 
235.914124 -70.644073 23.453259 62.000000 
235.905228 -70.636681 23.451818 52.000000 
235.842224 -70.731720 23.457899 55.000000 
235.894653 -70.633621 23.446653 55.000000 
235.831345 -70.728539 23.452730 61.000000 
235.888077 -70.620377 23.450266 58.000000 
235.821640 -70.722359 23.450010 56.000000 
235.811951 -70.716156 23.447313 62.000000 
235.744202 -70.816963 23.452591 69.000000 
235.802277 -70.709915 23.444637 62.000000 
235.733612 -70.812019 23.448652 62.000000 
235.798767 -70.689056 23.454201 62.000000 
235.724319 -70.804085 23.447109 65.000000 
235.718246 -70.788742 23.451529 67.000000 
235.643494 -70.901482 23.451674 85.000000 
235.712280 -70.773422 23.455990 65.000000 
235.633286 -70.894768 23.448912 72.000000 
235.700653 -70.769516 23.450830 63.000000 
235.626678 -70.878769 23.452965 72.000000 
235.688187 -70.768822 23.443438 57.000000 
235.618591 -70.867569 23.453728 58.000000 
235.534409 -70.993164 23.448170 60.000000 
235.609879 -70.857834 23.453365 69.000000 
235.530350 -70.972679 23.455486 66.000000 
235.599808 -70.851021 23.450714 65.000000 
235.522827 -70.959679 23.457241 58.000000 
235.589554 -70.846001 23.447056 52.000000 
235.510818 -70.957443 23.451300 59.000000 
235.420715 -71.088829 23.446541 91.000000 
235.502640 -70.945900 23.451988 58.000000 
235.419724 -71.061958 23.457901 76.000000 
235.490112 -70.943222 23.445948 59.000000 
235.408325 -71.056114 23.454071 62.000000 
235.485718 -70.924255 23.452335 63.000000 
235.396164 -71.051720 23.449171 57.000000 
235.385544 -71.044289 23.446476 59.000000 
235.290100 -71.169098 23.447590 61.000000 
235.376480 -71.033859 23.445993 59.000000 
235.278336 -71.162865 23.443785 63.000000 
235.372131 -71.014526 23.452110 61.000000 
235.271393 -71.147614 23.446346 72.000000 
235.170959 -71.285751 23.447714 50.000000 
235.266953 -71.127892 23.452124 67.000000 
235.159668 -71.277679 23.444927 65.000000 
235.256119 -71.120102 23.449467 57.000000 
235.151733 -71.263557 23.446251 56.000000 
235.243652 -71.115250 23.444712 56.000000 
235.145523 -71.246437 23.449661 56.000000 
235.137726 -71.232315 23.451063 59.000000 
235.124893 -71.227135 23.446348 56.000000 
235.014267 -71.376610 23.445747 64.000000 
235.113754 -71.218925 23.443708 62.000000 
235.005341 -71.363586 23.445972 63.000000 
234.993805 -71.355034 23.443264 65.000000 
234.873260 -71.514519 23.442978 59.000000 
234.980530 -71.349434 23.438602 77.000000 
234.864929 -71.499557 23.443996 67.000000 
234.976196 -71.328888 23.443882 81.000000 
234.850281 -71.495110 23.438391 61.000000 
234.837448 -71.487610 23.434713 64.000000 
234.831116 -71.469589 23.437742 66.000000 
234.706467 -71.628143 23.444902 66.000000 
234.824860 -71.451591 23.440817 68.000000 
234.695145 -71.617241 23.443060 67.000000 
234.683853 -71.606300 23.441248 58.000000 
234.683151 -71.578880 23.449568 54.000000 
234.530411 -71.776222 23.441362 105.000000 
234.669098 -71.572403 23.445078 50.000000 
234.519684 -71.763298 23.440344 104.000000 
234.509979 -71.748856 23.440239 61.000000 
234.502335 -71.731407 23.441936 66.000000 
234.534744 -71.685310 23.440361 72.000000 
234.376358 -71.880936 23.441471 117.000000 
234.367355 -71.864464 23.442089 121.000000 
234.355331 -71.852463 23.440220 119.000000 
234.339203 -71.846382 23.435011 113.000000 
234.166962 -72.054596 23.438980 121.000000 
234.330353 -71.829842 23.435741 111.000000 
234.153366 -72.043510 23.436216 124.000000 
234.139786 -72.032379 23.433483 123.000000 
234.129456 -72.016747 23.433203 122.000000 
234.126694 -71.990730 23.438608 122.000000 
236.982727 -69.834900 23.465178 73.000000 
236.975967 -69.822281 23.468981 83.000000 
236.971191 -69.803902 23.478029 90.000000 
236.959671 -69.809090 23.466534 74.000000 
236.898102 -69.913284 23.458139 58.000000 
236.950623 -69.803627 23.463905 68.000000 
236.893890 -69.893074 23.468140 70.000000 
236.940094 -69.802429 23.457375 63.000000 
236.886673 -69.881615 23.470552 61.000000 
236.934555 -69.786903 23.463940 68.000000 
236.876373 -69.878845 23.465349 56.000000 
236.817230 -69.971497 23.470690 64.000000 
236.867111 -69.873138 23.462713 56.000000 
236.806061 -69.970032 23.464254 66.000000 
236.797089 -69.962662 23.462805 76.000000 
236.785339 -69.962563 23.455154 67.000000 
236.778107 -69.950760 23.457487 66.000000 
236.713684 -70.048744 23.461563 66.000000 
236.769791 -69.941856 23.457355 58.000000 
236.705734 -70.038155 23.462500 61.000000 
236.763855 -69.927139 23.462252 60.000000 
236.696014 -70.031952 23.459824 61.000000 
236.754105 -69.919060 23.460674 52.000000 
236.689026 -70.016312 23.464205 61.000000 
236.617386 -70.125809 23.462509 60.000000 
236.678146 -70.012993 23.459148 59.000000 
236.608704 -70.116402 23.462170 76.000000 
236.669113 -70.005249 23.457764 51.000000 
236.598770 -70.109924 23.459490 88.000000 
236.658859 -70.000389 23.453964 55.000000 
236.590790 -70.098991 23.460390 70.000000 
236.517090 -70.208656 23.463224 82.000000 
236.582230 -70.089523 23.460133 66.000000 
236.510300 -70.194481 23.466267 79.000000 
236.568375 -70.091759 23.450396 55.000000 
236.500824 -70.186241 23.464737 74.000000 
236.563171 -70.074913 23.456135 63.000000 
236.490692 -70.179459 23.462080 60.000000 
236.479172 -70.175598 23.457136 60.000000 
236.400711 -70.287453 23.462095 57.000000 
236.472885 -70.163536 23.459410 60.000000 
236.392776 -70.278107 23.461910 60.000000 
236.468475 -70.144913 23.466085 58.000000 
236.382370 -70.271004 23.459242 60.000000 
236.373154 -70.258713 23.459702 61.000000 
236.281586 -70.391182 23.454182 63.000000 
236.368744 -70.239731 23.466082 59.000000 
236.273911 -70.377769 23.455818 57.000000 
236.357712 -70.234047 23.462378 56.000000 
236.270142 -70.356903 23.462933 68.000000 
236.345932 -70.229790 23.457567 55.000000 
236.261063 -70.346481 23.462471 57.000000 
236.162231 -70.477081 23.459673 54.000000 
236.250473 -70.339012 23.459856 62.000000 
236.155289 -70.461830 23.462242 67.000000 
236.239883 -70.331497 23.457266 68.000000 
236.144638 -70.456322 23.458788 67.000000 
236.135361 -70.445526 23.458256 58.000000 
236.124466 -70.437691 23.455641 58.000000 
236.026398 -70.569077 23.461294 60.000000 
236.120209 -70.417953 23.461519 72.000000 
236.016006 -70.559433 23.459639 65.000000 
236.002228 -70.555725 23.453928 57.000000 
235.995316 -70.540047 23.456415 65.000000 
235.882584 -70.692421 23.454483 58.000000 
235.989349 -70.522896 23.459967 50.000000 
235.870987 -70.683846 23.451790 61.000000 
235.864746 -70.666267 23.455040 63.000000 
235.857452 -70.647835 23.458073 60.000000 
235.845993 -70.639191 23.455481 60.000000 
235.722412 -70.800713 23.453484 66.000000 
235.716064 -70.782700 23.456516 64.000000 
235.703278 -70.775146 23.452934 63.000000 
235.578339 -70.933472 23.460623 50.000000 
235.693314 -70.763084 23.452236 71.000000 
235.570847 -70.916534 23.462484 66.000000 
235.681519 -70.753960 23.449667 75.000000 
235.557648 -70.908569 23.458910 59.000000 
235.547379 -70.896088 23.458105 59.000000 
235.535202 -70.886559 23.455505 64.000000 
235.394196 -71.063744 23.459513 72.000000 
235.524033 -70.875511 23.453850 60.000000 
235.378555 -71.058266 23.454210 69.000000 
235.366913 -71.046753 23.452438 66.000000 
235.356308 -71.033722 23.451578 63.000000 
235.191269 -71.238113 23.448576 115.000000 
235.350830 -71.013260 23.455151 72.000000 
235.182236 -71.221565 23.449228 118.000000 
235.218933 -71.167168 23.452572 117.000000 
235.218399 -71.138733 23.460028 121.000000 
235.203339 -71.131096 23.455772 119.000000 
235.019531 -71.353340 23.452139 119.000000 
235.013443 -71.331749 23.455072 120.000000 
235.000992 -71.319069 23.453247 120.000000 
234.984253 -71.312271 23.448250 122.000000 
234.970367 -71.303024 23.445015 121.000000 
237.868881 -69.158974 23.469604 63.000000 
237.861588 -69.147797 23.472143 81.000000 
237.851944 -69.143829 23.468216 83.000000 
237.839859 -69.147003 23.457796 68.000000 
237.784775 -69.232712 23.466722 60.000000 
237.836624 -69.124290 23.470831 74.000000 
237.775879 -69.225609 23.465326 70.000000 
237.829529 -69.113083 23.473490 60.000000 
237.767548 -69.217033 23.465225 68.000000 
237.820984 -69.106148 23.472261 63.000000 
237.758179 -69.211334 23.462606 60.000000 
237.699570 -69.302917 23.469891 50.000000 
237.809891 -69.106316 23.464516 51.000000 
237.753113 -69.194046 23.470200 65.000000 
237.686615 -69.305832 23.459784 66.000000 
237.745972 -69.182549 23.472736 54.000000 
237.679810 -69.292580 23.463331 76.000000 
237.734528 -69.182556 23.465086 56.000000 
237.673630 -69.277870 23.468159 66.000000 
237.726456 -69.172173 23.466272 50.000000 
237.663620 -69.271606 23.465431 56.000000 
237.598145 -69.372772 23.467545 69.000000 
237.653519 -69.267067 23.461609 64.000000 
237.589539 -69.363647 23.467314 67.000000 
237.643417 -69.262489 23.457806 62.000000 
237.579758 -69.357445 23.464687 67.000000 
237.636871 -69.249199 23.461512 66.000000 
237.571838 -69.346809 23.465723 61.000000 
237.505341 -69.444801 23.474169 63.000000 
237.562576 -69.340866 23.463270 59.000000 
237.493256 -69.444618 23.466932 69.000000 
237.554733 -69.330208 23.464363 52.000000 
237.481293 -69.442566 23.460754 72.000000 
237.549484 -69.313713 23.470358 62.000000 
237.470612 -69.437515 23.456955 67.000000 
237.405014 -69.529739 23.474466 75.000000 
237.463257 -69.425072 23.459097 77.000000 
237.391342 -69.530457 23.466070 84.000000 
237.459274 -69.405296 23.467197 70.000000 
237.379013 -69.528137 23.459982 72.000000 
237.449371 -69.398712 23.464666 68.000000 
237.375000 -69.507988 23.467712 62.000000 
237.436279 -69.397606 23.457279 50.000000 
237.365692 -69.497871 23.467300 58.000000 
237.359055 -69.483650 23.470509 55.000000 
237.274780 -69.607399 23.466820 63.000000 
237.346588 -69.483009 23.463486 62.000000 
237.267014 -69.596184 23.467686 61.000000 
237.258789 -69.584595 23.468452 55.000000 
237.162842 -69.726410 23.457134 72.000000 
237.247620 -69.578926 23.464769 61.000000 
237.159668 -69.703995 23.465300 93.000000 
237.237976 -69.570259 23.463352 56.000000 
237.148132 -69.698044 23.461590 78.000000 
237.229340 -69.558258 23.464083 61.000000 
237.137619 -69.688698 23.459944 67.000000 
237.123764 -69.687119 23.453022 64.000000 
237.033798 -69.801872 23.463116 61.000000 
237.122253 -69.663643 23.462566 66.000000 
237.020325 -69.798553 23.457340 60.000000 
237.116364 -69.647224 23.466589 53.000000 
237.013641 -69.781357 23.460924 66.000000 
236.912628 -69.919449 23.463604 52.000000 
237.010056 -69.760094 23.467838 57.000000 
236.902084 -69.909790 23.461964 65.000000 
237.000793 -69.749260 23.467421 51.000000 
236.896667 -69.891113 23.466448 74.000000 
236.987396 -69.745796 23.461752 56.000000 
236.885376 -69.882912 23.463856 56.000000 
236.876678 -69.870209 23.464348 57.000000 
236.761444 -70.027466 23.460396 58.000000 
236.866302 -69.860458 23.462833 50.000000 
236.755951 -70.008362 23.464621 67.000000 
236.745209 -69.998260 23.463003 60.000000 
236.731812 -69.992607 23.458467 59.000000 
236.720779 -69.984352 23.456049 56.000000 
236.601883 -70.138931 23.460125 89.000000 
236.714661 -69.966721 23.459440 50.000000 
236.591721 -70.126877 23.459404 75.000000 
236.578796 -70.119286 23.455875 63.000000 
236.572464 -70.101212 23.459007 66.000000 
236.446365 -70.261162 23.466784 59.000000 
236.567871 -70.077782 23.464779 63.000000 
236.422165 -70.267197 23.453922 69.000000 
236.418503 -70.244164 23.459518 55.000000 
236.419113 -70.217659 23.468149 55.000000 
236.260574 -70.422356 23.457560 72.000000 
236.406876 -70.208084 23.465641 56.000000 
236.245743 -70.415314 23.453188 75.000000 
236.247345 -70.382301 23.463535 69.000000 
236.235641 -70.370743 23.461855 75.000000 
236.224609 -70.359657 23.460335 69.000000 
236.067566 -70.552147 23.465187 121.000000 
236.056442 -70.538574 23.464260 121.000000 
236.088272 -70.494125 23.462536 121.000000 
236.071991 -70.487915 23.457504 120.000000 
236.063492 -70.469269 23.459068 61.000000 
235.878235 -70.693169 23.456257 121.000000 
235.865601 -70.680412 23.454479 119.000000 
235.857742 -70.659645 23.456594 120.000000 
235.850647 -70.639450 23.458883 121.000000 
238.762924 -68.486084 23.472931 55.000000 
238.754150 -68.479248 23.471571 81.000000 
238.747330 -68.466606 23.475420 86.000000 
238.740097 -68.455414 23.478010 86.000000 
238.678268 -68.561577 23.469194 65.000000 
238.729950 -68.452843 23.472828 80.000000 
238.667770 -68.558861 23.463993 59.000000 
238.721298 -68.445923 23.471567 63.000000 
238.665604 -68.532799 23.479095 63.000000 
238.710663 -68.444702 23.465113 74.000000 
238.655182 -68.530045 23.473949 65.000000 
238.704575 -68.430588 23.470417 68.000000 
238.645813 -68.524345 23.471357 68.000000 
238.587204 -68.615913 23.478788 50.000000 
238.636444 -68.518616 23.468788 63.000000 
238.573090 -68.621765 23.466244 64.000000 
238.629288 -68.507095 23.471336 65.000000 
238.562881 -68.617279 23.462372 76.000000 
238.624374 -68.489807 23.479021 61.000000 
238.556686 -68.602539 23.467209 69.000000 
238.549408 -68.590729 23.469601 67.000000 
238.484436 -68.690491 23.473230 64.000000 
238.541031 -68.581810 23.469536 61.000000 
238.473999 -68.685776 23.469393 72.000000 
238.532089 -68.574326 23.468252 66.000000 
238.462326 -68.683952 23.463154 58.000000 
238.390137 -68.795746 23.461695 51.000000 
238.459930 -68.660103 23.475113 56.000000 
238.380615 -68.787781 23.460197 58.000000 
238.446442 -68.662613 23.465279 55.000000 
238.375031 -68.770905 23.465796 62.000000 
238.439209 -68.650467 23.467602 61.000000 
238.366913 -68.759956 23.466717 65.000000 
238.428207 -68.647049 23.462658 53.000000 
238.358185 -68.750465 23.466490 53.000000 
238.285126 -68.859100 23.471577 72.000000 
238.346848 -68.746841 23.461559 55.000000 
238.275497 -68.850845 23.470081 85.000000 
238.338181 -68.737305 23.461382 59.000000 
238.267273 -68.839592 23.470905 69.000000 
238.332245 -68.721901 23.465975 59.000000 
238.255615 -68.835732 23.466019 67.000000 
238.246048 -68.827393 23.464600 54.000000 
238.166122 -68.942696 23.468489 69.000000 
238.238647 -68.814613 23.466661 57.000000 
238.154831 -68.937073 23.464750 68.000000 
238.234177 -68.795944 23.473370 57.000000 
238.147217 -68.923973 23.466612 68.000000 
238.057419 -69.054237 23.464754 65.000000 
238.141174 -68.907898 23.470745 68.000000 
238.050354 -69.039307 23.467491 93.000000 
238.132950 -68.896278 23.471561 61.000000 
238.037201 -69.036339 23.461618 68.000000 
238.126297 -68.881691 23.474651 70.000000 
238.032562 -69.016907 23.467669 68.000000 
238.031158 -68.991547 23.478100 66.000000 
237.926773 -69.133049 23.469120 66.000000 
238.017319 -68.989990 23.471228 78.000000 
237.917282 -69.122246 23.468594 63.000000 
238.002670 -68.989853 23.463282 70.000000 
237.911087 -69.105438 23.472290 66.000000 
237.898422 -69.100578 23.467630 61.000000 
237.796494 -69.240242 23.469719 62.000000 
237.885757 -69.095665 23.462990 61.000000 
237.787613 -69.227554 23.470129 71.000000 
237.879730 -69.078835 23.466791 59.000000 
237.771118 -69.228340 23.461449 64.000000 
237.761429 -69.217087 23.460901 57.000000 
237.657715 -69.355316 23.470703 60.000000 
237.756119 -69.198364 23.465467 56.000000 
237.645081 -69.348244 23.467093 56.000000 
237.748291 -69.184120 23.467024 53.000000 
237.632462 -69.341125 23.463509 61.000000 
237.624329 -69.326477 23.464846 58.000000 
237.618057 -69.308838 23.468180 60.000000 
237.485733 -69.486351 23.458628 89.000000 
237.610077 -69.294189 23.469593 65.000000 
237.481003 -69.465240 23.463539 81.000000 
237.474518 -69.447159 23.466610 68.000000 
237.464371 -69.435059 23.465950 67.000000 
237.336655 -69.598457 23.472660 57.000000 
237.450500 -69.428894 23.461540 68.000000 
237.320358 -69.594963 23.466429 61.000000 
237.315659 -69.573418 23.471088 60.000000 
237.301346 -69.566849 23.466726 73.000000 
237.288986 -69.557236 23.464207 73.000000 
237.138992 -69.748604 23.462568 112.000000 
237.132126 -69.729530 23.465178 74.000000 
237.117645 -69.720421 23.461618 105.000000 
237.108887 -69.704315 23.462568 66.000000 
236.945877 -69.906372 23.463577 118.000000 
237.099808 -69.690201 23.462812 50.000000 
236.933212 -69.896263 23.461100 122.000000 
236.929260 -69.872154 23.466005 120.000000 
236.921249 -69.854034 23.467632 119.000000 
236.953857 -69.807640 23.466457 102.000000 
236.760498 -70.044106 23.458330 123.000000 
236.757385 -70.017899 23.463661 123.000000 
236.749023 -69.999161 23.465080 122.000000 
236.735321 -69.987823 23.462576 119.000000 
239.656006 -67.791344 23.474968 68.000000 
239.645859 -67.788849 23.469658 71.000000 
239.636169 -67.784874 23.465654 74.000000 
239.627426 -67.779686 23.463099 74.000000 
239.571289 -67.868416 23.469816 64.000000 
239.620193 -67.768425 23.465622 80.000000 
239.561844 -67.862770 23.467075 64.000000 
239.613541 -67.754021 23.470644 71.000000 
239.552475 -67.855354 23.465485 54.000000 
239.604431 -67.748497 23.468031 71.000000 
239.546204 -67.840919 23.470394 56.000000 
239.485947 -67.936981 23.474237 52.000000 
239.540024 -67.826492 23.475344 60.000000 
239.471359 -67.944359 23.460381 66.000000 
239.529633 -67.823669 23.470163 61.000000 
239.465042 -67.929596 23.465061 68.000000 
239.519714 -67.821083 23.465130 61.000000 
239.459274 -67.915146 23.469917 68.000000 
239.389328 -68.028587 23.462948 54.000000 
239.448563 -67.912102 23.464762 64.000000 
239.384750 -68.009064 23.471020 67.000000 
239.438995 -67.906105 23.462103 70.000000 
239.376709 -67.998451 23.471905 55.000000 
239.429443 -67.900070 23.459463 66.000000 
239.369308 -67.986351 23.474030 59.000000 
239.423523 -67.883537 23.465427 62.000000 
239.357834 -67.982765 23.468800 55.000000 
239.286835 -68.091331 23.469435 62.000000 
239.346832 -67.979446 23.463718 56.000000 
239.276764 -68.084869 23.466694 62.000000 
239.267334 -68.076889 23.465151 67.000000 
239.334839 -67.949287 23.473028 53.000000 
239.255997 -68.073326 23.460098 63.000000 
239.191605 -68.162643 23.480276 66.000000 
239.249893 -68.057907 23.464502 65.000000 
239.177963 -68.163399 23.471823 84.000000 
239.243866 -68.042496 23.468945 63.000000 
239.162888 -68.167061 23.461088 85.000000 
239.233932 -68.035912 23.466333 63.000000 
239.156723 -68.151306 23.465258 75.000000 
239.151321 -68.134079 23.470615 60.000000 
239.066589 -68.259865 23.466555 52.000000 
239.141830 -68.125755 23.469122 53.000000 
239.056732 -68.251266 23.464931 66.000000 
239.130951 -68.120354 23.465351 60.000000 
239.051300 -68.233688 23.470016 59.000000 
239.041336 -68.226906 23.467474 61.000000 
238.949875 -68.359993 23.463276 71.000000 
239.034561 -68.212311 23.470404 58.000000 
238.945862 -68.339027 23.470238 70.000000 
239.020630 -68.210686 23.463177 55.000000 
238.933014 -68.334213 23.465229 64.000000 
238.922226 -68.326729 23.462540 64.000000 
238.832825 -68.439911 23.473898 54.000000 
238.911469 -68.319206 23.459875 64.000000 
238.816147 -68.442688 23.463848 63.000000 
238.902298 -68.308678 23.459406 55.000000 
238.805618 -68.435257 23.461267 59.000000 
238.799408 -68.418411 23.464865 59.000000 
238.793564 -68.399696 23.469423 57.000000 
238.683075 -68.554169 23.461092 74.000000 
238.781784 -68.393303 23.465750 66.000000 
238.673355 -68.542953 23.460390 60.000000 
238.670181 -68.521622 23.466948 62.000000 
238.548431 -68.691628 23.455980 54.000000 
238.658859 -68.513382 23.464287 60.000000 
238.547119 -68.664894 23.464907 58.000000 
238.647568 -68.505104 23.461653 56.000000 
238.538910 -68.650269 23.466080 63.000000 
238.527222 -68.641647 23.463379 63.000000 
238.513779 -68.635994 23.458746 58.000000 
238.388855 -68.801720 23.456989 75.000000 
238.503922 -68.624306 23.458059 59.000000 
238.379486 -68.788132 23.457056 77.000000 
238.369553 -68.774071 23.457024 66.000000 
238.356583 -68.766449 23.453394 63.000000 
238.352020 -68.745331 23.458288 63.000000 
238.214355 -68.923576 23.455896 63.000000 
238.343811 -68.730194 23.459448 71.000000 
238.204758 -68.909500 23.455879 67.000000 
238.199066 -68.889412 23.459526 68.000000 
238.194443 -68.867844 23.464127 58.000000 
238.034851 -69.074402 23.453596 103.000000 
238.185059 -68.853752 23.464231 55.000000 
238.025909 -69.058304 23.454321 75.000000 
238.019028 -69.039200 23.456821 75.000000 
238.012238 -69.020103 23.459368 108.000000 
237.850494 -69.220833 23.461069 60.000000 
237.997467 -69.012939 23.454988 114.000000 
237.838196 -69.208725 23.459146 118.000000 
237.826965 -69.195091 23.458090 121.000000 
237.810593 -69.188889 23.452911 113.000000 
237.800476 -69.173691 23.452757 117.000000 
237.624191 -69.386513 23.457546 121.000000 
237.646408 -69.352638 23.448275 121.000000 
237.636871 -69.335342 23.448734 122.000000 
237.631714 -69.312080 23.452415 120.000000 
237.624512 -69.291817 23.454556 120.000000 
240.554352 -67.101463 23.484980 57.000000 
240.542374 -67.104858 23.474472 74.000000 
240.535492 -67.092201 23.478191 71.000000 
240.531052 -67.072311 23.488420 60.000000 
240.467102 -67.185867 23.473175 57.000000 
240.520462 -67.074684 23.479523 61.000000 
240.462112 -67.170547 23.479507 67.000000 
240.512787 -67.064911 23.480743 71.000000 
240.457275 -67.151756 23.488136 60.000000 
240.503265 -67.057457 23.479132 63.000000 
240.445984 -67.148499 23.482615 52.000000 
240.436127 -67.144302 23.478647 51.000000 
240.375504 -67.241768 23.481031 61.000000 
240.426743 -67.140350 23.474833 58.000000 
240.366379 -67.236198 23.478411 73.000000 
240.420609 -67.125931 23.479797 58.000000 
240.357330 -67.228844 23.476908 70.000000 
240.294189 -67.326096 23.483116 50.000000 
240.346161 -67.225555 23.471581 68.000000 
240.286774 -67.312263 23.486202 61.000000 
240.340561 -67.209358 23.477562 58.000000 
240.275803 -67.309120 23.481031 58.000000 
240.334473 -67.194633 23.482347 56.000000 
240.265411 -67.304459 23.477083 50.000000 
240.326736 -67.184288 23.483440 64.000000 
240.258621 -67.290894 23.480400 53.000000 
240.188126 -67.399582 23.480841 65.000000 
240.251297 -67.278801 23.482546 55.000000 
240.175552 -67.399155 23.473368 63.000000 
240.166763 -67.389725 23.472958 62.000000 
240.233139 -67.263412 23.479664 55.000000 
240.163773 -67.366928 23.483170 61.000000 
240.089371 -67.480164 23.484510 66.000000 
240.153809 -67.360458 23.480473 55.000000 
240.077759 -67.476486 23.479443 79.000000 
240.142563 -67.356918 23.475439 59.000000 
240.072189 -67.459297 23.484686 60.000000 
240.132614 -67.350380 23.472784 59.000000 
240.062653 -67.451080 23.483101 64.000000 
240.051773 -67.445816 23.479250 53.000000 
239.973221 -67.559776 23.483932 54.000000 
240.041580 -67.439018 23.476566 69.000000 
239.965561 -67.546761 23.485613 64.000000 
240.035583 -67.423309 23.480804 69.000000 
239.951492 -67.547218 23.477312 55.000000 
239.942459 -67.537140 23.476822 58.000000 
239.856781 -67.659874 23.479977 71.000000 
239.937119 -67.519600 23.481939 63.000000 
239.848236 -67.648003 23.480429 70.000000 
239.930389 -67.505051 23.484865 56.000000 
239.834442 -67.646637 23.473360 66.000000 
239.920044 -67.497917 23.482237 58.000000 
239.828247 -67.630211 23.477114 57.000000 
239.823685 -67.610809 23.483074 59.000000 
239.722855 -67.746429 23.477985 58.000000 
239.811462 -67.606346 23.478243 57.000000 
239.718185 -67.726639 23.483601 56.000000 
239.800812 -67.598862 23.475601 51.000000 
239.707993 -67.717384 23.481932 57.000000 
239.604156 -67.863792 23.479670 56.000000 
239.697021 -67.709610 23.479244 56.000000 
239.599411 -67.843605 23.484959 62.000000 
239.684448 -67.704788 23.474480 67.000000 
239.587250 -67.837029 23.481192 57.000000 
239.469894 -67.971458 23.484560 60.000000 
239.562958 -67.823746 23.473732 52.000000 
239.460800 -67.958450 23.484688 56.000000 
239.555939 -67.808052 23.476131 51.000000 
239.444778 -67.957527 23.477041 65.000000 
239.548996 -67.792366 23.478569 52.000000 
239.434875 -67.945969 23.476252 65.000000 
239.423248 -67.937393 23.473537 61.000000 
239.300919 -68.100334 23.473152 75.000000 
239.421692 -67.914650 23.480919 61.000000 
239.292786 -68.087730 23.473457 82.000000 
239.288071 -68.066673 23.478226 71.000000 
239.281342 -68.046249 23.481831 64.000000 
239.265732 -68.043251 23.475370 57.000000 
239.139999 -68.205612 23.482418 63.000000 
239.257538 -68.028206 23.476492 57.000000 
239.136200 -68.182617 23.487799 67.000000 
239.120071 -68.179230 23.481455 56.000000 
239.111633 -68.163757 23.482389 57.000000 
238.965225 -68.350548 23.482252 103.000000 
239.096481 -68.158752 23.477003 51.000000 
238.953430 -68.339127 23.480345 72.000000 
238.940964 -68.331680 23.477007 63.000000 
238.925232 -68.326187 23.471684 58.000000 
238.769501 -68.519836 23.477022 109.000000 
238.920532 -68.304176 23.475962 58.000000 
238.763367 -68.498802 23.480028 118.000000 
238.748108 -68.491310 23.475607 122.000000 
238.737717 -68.473709 23.475933 120.000000 
238.730789 -68.454170 23.478241 120.000000 
238.544800 -68.684395 23.473217 121.000000 
238.532425 -68.674377 23.470711 119.000000 
238.571518 -68.616653 23.474133 120.000000 
238.558640 -68.601364 23.472740 120.000000 
238.543961 -68.591629 23.469275 64.000000 
241.446579 -66.394455 23.488667 57.000000 
241.437424 -66.389145 23.485939 78.000000 
241.427338 -66.388428 23.479479 74.000000 
241.416290 -66.388832 23.471594 68.000000 
241.361710 -66.474709 23.480427 69.000000 
241.410492 -66.371597 23.479174 68.000000 
241.352844 -66.465935 23.480074 64.000000 
241.404297 -66.357529 23.484335 60.000000 
241.342957 -66.461800 23.476082 65.000000 
241.396225 -66.349220 23.484322 68.000000 
241.335648 -66.450340 23.478453 60.000000 
241.385208 -66.349487 23.476509 60.000000 
241.261520 -66.553978 23.467987 55.000000 
241.321136 -66.429153 23.482155 56.000000 
241.254562 -66.542511 23.470325 58.000000 
241.311340 -66.424919 23.478254 54.000000 
241.249374 -66.524872 23.477518 68.000000 
241.239838 -66.518982 23.474829 68.000000 
241.233124 -66.505745 23.478374 60.000000 
241.169815 -66.602516 23.483873 57.000000 
241.223633 -66.499809 23.475735 62.000000 
241.158859 -66.599358 23.478741 53.000000 
241.213593 -66.495293 23.471870 68.000000 
241.150299 -66.590256 23.478468 56.000000 
241.083145 -66.691490 23.484449 60.000000 
241.140091 -66.583771 23.475666 58.000000 
241.068237 -66.695244 23.473330 63.000000 
241.131592 -66.574631 23.475447 56.000000 
241.058823 -66.687332 23.471775 67.000000 
241.124847 -66.562851 23.477818 62.000000 
241.049316 -66.681206 23.469200 67.000000 
240.981537 -66.779640 23.481995 66.000000 
241.043182 -66.665855 23.473600 59.000000 
240.968597 -66.778976 23.474655 79.000000 
241.037933 -66.647232 23.480276 57.000000 
240.955109 -66.777916 23.467192 79.000000 
241.025421 -66.646622 23.472918 51.000000 
240.952301 -66.754768 23.477097 65.000000 
240.946716 -66.739433 23.481443 60.000000 
240.935181 -66.735649 23.476488 60.000000 
240.853012 -66.856895 23.475098 63.000000 
240.925720 -66.727371 23.475008 55.000000 
240.848984 -66.836388 23.482416 61.000000 
240.837097 -66.832336 23.477497 59.000000 
240.745026 -66.968651 23.470461 72.000000 
240.826889 -66.823418 23.475821 56.000000 
240.741165 -66.945869 23.478369 87.000000 
240.817947 -66.813339 23.475422 58.000000 
240.732697 -66.934013 23.478893 64.000000 
240.811066 -66.800636 23.477427 50.000000 
240.722519 -66.927010 23.476332 59.000000 
240.711807 -66.919601 23.473661 57.000000 
240.615067 -67.047813 23.473652 55.000000 
240.701141 -66.912155 23.471016 52.000000 
240.604813 -67.038589 23.471972 63.000000 
240.698257 -66.889816 23.479273 55.000000 
240.599411 -67.020332 23.476624 67.000000 
240.593292 -67.003586 23.480267 67.000000 
240.486893 -67.154228 23.474298 62.000000 
240.582382 -66.995811 23.477634 58.000000 
240.478302 -67.139694 23.475483 59.000000 
240.574753 -66.982048 23.479246 50.000000 
240.473434 -67.121460 23.480022 50.000000 
240.463318 -67.109940 23.479254 50.000000 
240.348297 -67.269241 23.473957 58.000000 
240.450958 -67.105186 23.474710 51.000000 
240.343597 -67.248672 23.479042 65.000000 
240.333740 -67.237167 23.478294 61.000000 
240.320389 -67.231651 23.473654 59.000000 
240.201126 -67.390083 23.475492 83.000000 
240.310577 -67.220085 23.472965 59.000000 
240.192734 -67.375130 23.476509 77.000000 
240.303513 -67.204018 23.475262 51.000000 
240.184402 -67.360161 23.477564 63.000000 
240.168793 -67.357224 23.471094 53.000000 
240.051254 -67.507957 23.485165 50.000000 
240.161469 -67.340721 23.473164 57.000000 
240.033234 -67.507713 23.476973 59.000000 
240.154236 -67.324219 23.475275 63.000000 
239.855804 -67.657394 23.473867 75.000000 
240.003250 -67.440002 23.484442 51.000000 
239.847931 -67.639954 23.475470 69.000000 
239.844101 -67.616501 23.480600 66.000000 
239.831421 -67.606575 23.477930 63.000000 
239.669083 -67.810760 23.476408 62.000000 
239.817780 -67.598106 23.474417 69.000000 
239.666046 -67.785263 23.481972 112.000000 
239.652893 -67.774826 23.479256 113.000000 
239.641830 -67.761353 23.478243 113.000000 
239.622528 -67.759804 23.470581 111.000000 
239.459991 -67.957146 23.482586 121.000000 
239.442123 -67.952118 23.476675 123.000000 
239.428482 -67.941032 23.473974 122.000000 
239.465271 -67.885773 23.475765 122.000000 
239.460312 -67.862732 23.479523 120.000000 
242.333359 -65.707596 23.495531 57.000000 
242.324188 -65.702278 23.492750 64.000000 
242.314560 -65.698387 23.488697 80.000000 
242.305862 -65.693283 23.486090 80.000000 
242.249802 -65.783485 23.491282 52.000000 
242.297668 -65.684982 23.485956 71.000000 
242.240906 -65.776451 23.489744 51.000000 
242.290009 -65.673492 23.488306 65.000000 
242.232071 -65.767654 23.489355 53.000000 
242.284821 -65.656517 23.496017 74.000000 
242.276291 -65.649628 23.494675 63.000000 
242.216995 -65.746178 23.492735 56.000000 
242.140503 -65.855446 23.477352 58.000000 
242.201004 -65.729317 23.492567 54.000000 
242.137955 -65.832161 23.489531 68.000000 
242.130646 -65.820396 23.491739 64.000000 
242.061752 -65.932228 23.485554 55.000000 
242.122269 -65.811562 23.491505 66.000000 
242.056595 -65.914223 23.492376 58.000000 
242.111664 -65.808563 23.486336 55.000000 
242.048599 -65.903664 23.493221 58.000000 
242.099426 -65.808136 23.478567 52.000000 
242.040771 -65.891296 23.495169 61.000000 
242.095734 -65.787567 23.488344 51.000000 
242.029861 -65.888100 23.490038 58.000000 
241.959915 -65.995033 23.491407 76.000000 
242.017731 -65.887794 23.482504 58.000000 
241.948029 -65.993118 23.485107 72.000000 
242.011093 -65.874207 23.485880 52.000000 
241.939285 -65.983704 23.484697 70.000000 
241.870850 -66.083511 23.496456 64.000000 
242.004532 -65.860634 23.489294 55.000000 
241.928680 -65.978729 23.480785 58.000000 
241.858612 -66.081383 23.490225 84.000000 
241.922592 -65.963348 23.485142 63.000000 
241.846344 -66.079185 23.484007 79.000000 
241.840836 -66.061996 23.489241 67.000000 
241.905411 -65.944405 23.484526 65.000000 
241.833359 -66.049294 23.491083 62.000000 
241.827835 -66.033951 23.495390 60.000000 
241.740829 -66.165611 23.486280 51.000000 
241.816345 -66.030151 23.490414 62.000000 
241.733902 -66.151077 23.489056 53.000000 
241.804840 -66.026306 23.485455 65.000000 
241.731384 -66.127563 23.498549 56.000000 
241.630554 -66.281914 23.478613 72.000000 
241.718109 -66.126495 23.491383 53.000000 
241.627213 -66.259453 23.486553 87.000000 
241.707733 -66.119408 23.488691 51.000000 
241.623230 -66.238541 23.493467 61.000000 
241.697372 -66.112289 23.486025 55.000000 
241.611008 -66.234192 23.488556 52.000000 
241.601852 -66.223793 23.487988 62.000000 
241.502747 -66.356499 23.485033 50.000000 
241.589645 -66.219360 23.483120 61.000000 
241.497269 -66.338219 23.489555 55.000000 
241.580551 -66.208908 23.482607 53.000000 
241.483887 -66.335007 23.483662 56.000000 
241.479080 -66.317116 23.488398 58.000000 
241.375336 -66.461365 23.486809 65.000000 
241.471405 -66.303345 23.489893 56.000000 
241.364563 -66.453690 23.484148 62.000000 
241.461334 -66.294052 23.488274 61.000000 
241.356018 -66.439133 23.485281 55.000000 
241.350647 -66.420471 23.489630 50.000000 
241.222458 -66.572418 23.480824 57.000000 
241.220413 -66.547279 23.488775 60.000000 
241.207062 -66.541763 23.484072 63.000000 
241.197266 -66.530197 23.483309 60.000000 
241.079315 -66.685226 23.487244 71.000000 
241.187500 -66.518600 23.482576 60.000000 
241.070068 -66.671761 23.487272 68.000000 
241.054459 -66.668831 23.480745 64.000000 
240.928680 -66.831215 23.487879 56.000000 
241.045288 -66.655312 23.480839 59.000000 
240.919113 -66.817307 23.487747 59.000000 
241.037094 -66.640282 23.481911 63.000000 
240.906738 -66.807915 23.484941 67.000000 
240.897873 -66.794434 23.485020 60.000000 
240.886536 -66.783478 23.483183 56.000000 
240.742828 -66.967926 23.485128 75.000000 
240.883301 -66.758522 23.489412 57.000000 
240.729401 -66.957527 23.482161 63.000000 
240.717621 -66.946075 23.480234 61.000000 
240.718781 -66.915062 23.489637 58.000000 
240.707138 -66.903595 23.487793 52.000000 
240.539093 -67.114838 23.482397 114.000000 
240.535065 -67.090797 23.487057 111.000000 
240.523972 -67.077301 23.485950 111.000000 
240.511902 -67.065277 23.484049 60.000000 
240.338120 -67.277046 23.488331 118.000000 
240.501938 -67.050232 23.483849 55.000000 
240.326553 -67.262978 23.487093 120.000000 
240.357620 -67.217583 23.484861 120.000000 
240.341873 -67.209435 23.480520 120.000000 
240.334030 -67.188751 23.482431 120.000000 
243.204254 -65.011726 23.496750 68.000000 
243.197464 -64.997368 23.501617 71.000000 
243.186935 -64.996338 23.495028 68.000000 
243.178284 -64.991196 23.492466 77.000000 
243.120834 -65.083946 23.495012 65.000000 
243.170639 -64.981415 23.493677 61.000000 
243.114014 -65.071014 23.498569 64.000000 
243.161072 -64.977386 23.489727 65.000000 
243.103149 -65.069778 23.492054 56.000000 
243.156006 -64.960396 23.497486 68.000000 
243.094864 -65.061195 23.491875 58.000000 
243.147049 -64.953178 23.496056 63.000000 
243.022995 -65.155296 23.488939 64.000000 
243.080612 -65.036446 23.497810 50.000000 
243.013412 -65.149399 23.486191 66.000000 
243.005463 -65.140823 23.486073 64.000000 
243.063736 -65.022369 23.495245 51.000000 
243.001602 -65.120224 23.495747 64.000000 
242.932709 -65.230133 23.490707 61.000000 
242.992035 -65.116028 23.491974 60.000000 
242.927002 -65.215401 23.495314 59.000000 
242.983154 -65.108589 23.490568 68.000000 
242.919678 -65.203323 23.497414 53.000000 
242.973145 -65.104034 23.486700 73.000000 
242.908752 -65.200089 23.492302 58.000000 
242.901505 -65.187981 23.494457 56.000000 
242.829788 -65.297501 23.493443 69.000000 
242.888397 -65.186981 23.486702 53.000000 
242.819458 -65.288918 23.491610 64.000000 
242.882492 -65.171913 23.491341 59.000000 
242.808853 -65.283920 23.487724 67.000000 
242.741272 -65.380356 23.501760 82.000000 
242.799408 -65.277733 23.485170 63.000000 
242.730225 -65.376999 23.496857 90.000000 
242.792114 -65.265282 23.487219 61.000000 
242.716614 -65.377731 23.488403 75.000000 
242.788879 -65.244011 23.496389 63.000000 
242.708466 -65.366478 23.489113 65.000000 
242.701065 -65.353737 23.490999 58.000000 
242.621384 -65.468781 23.494520 50.000000 
242.697922 -65.332100 23.499805 56.000000 
242.609482 -65.464729 23.489548 60.000000 
242.687851 -65.325279 23.497175 60.000000 
242.602646 -65.450165 23.492376 63.000000 
242.599350 -65.430000 23.499830 55.000000 
242.504410 -65.570221 23.489656 71.000000 
242.587524 -65.425873 23.494936 51.000000 
242.499725 -65.550797 23.495504 57.000000 
242.577927 -65.417244 23.493410 55.000000 
242.568359 -65.408592 23.491909 58.000000 
242.479111 -65.534477 23.491144 50.000000 
242.385437 -65.654495 23.496628 50.000000 
242.466370 -65.529625 23.486166 50.000000 
242.376846 -65.642250 23.497002 55.000000 
242.458847 -65.516167 23.487839 52.000000 
242.361603 -65.643913 23.488140 51.000000 
242.353058 -65.631615 23.488569 56.000000 
242.252167 -65.769608 23.491371 52.000000 
242.347015 -65.614815 23.492174 56.000000 
242.245865 -65.752441 23.494650 56.000000 
242.340240 -65.599525 23.494772 52.000000 
242.233734 -65.745819 23.490898 56.000000 
242.103897 -65.873131 23.490705 51.000000 
242.091690 -65.864166 23.487812 57.000000 
242.089828 -65.839043 23.495823 57.000000 
242.078293 -65.830475 23.493135 60.000000 
241.953674 -65.995735 23.490538 94.000000 
242.065903 -65.823357 23.489496 52.000000 
241.949020 -65.974686 23.495283 70.000000 
241.937698 -65.966164 23.492689 68.000000 
241.925812 -65.957146 23.489986 63.000000 
241.804047 -66.111229 23.501492 56.000000 
241.912994 -65.949585 23.486370 63.000000 
241.788895 -66.106369 23.496016 66.000000 
241.903015 -65.937500 23.485611 59.000000 
241.778519 -66.093918 23.495081 55.000000 
241.768188 -66.081444 23.494181 57.000000 
241.758865 -66.067459 23.494221 54.000000 
241.612335 -66.254044 23.494230 104.000000 
241.600616 -66.242592 23.492338 61.000000 
241.591919 -66.226601 23.493080 69.000000 
241.583298 -66.210609 23.493862 69.000000 
241.417770 -66.416924 23.491272 62.000000 
241.571701 -66.199081 23.492077 56.000000 
241.414856 -66.391380 23.496777 109.000000 
241.404846 -66.376381 23.496529 113.000000 
241.392807 -66.364342 23.494659 109.000000 
241.380814 -66.352272 23.492825 113.000000 
241.201385 -66.571121 23.493261 118.000000 
241.235886 -66.519211 23.493843 117.000000 
241.221619 -66.507492 23.490990 114.000000 
241.210236 -66.493309 23.489893 117.000000 
244.092606 -64.320648 23.487268 57.000000 
244.086731 -64.306831 23.492437 78.000000 
244.076187 -64.305771 23.485840 80.000000 
244.066620 -64.300064 23.483015 71.000000 
244.009537 -64.391350 23.486639 69.000000 
244.056534 -64.297470 23.477743 83.000000 
244.001205 -64.382797 23.486425 67.000000 
244.049408 -64.286217 23.480293 68.000000 
243.991348 -64.378601 23.482435 60.000000 
244.043335 -64.272095 23.485483 74.000000 
243.983063 -64.370003 23.482271 61.000000 
244.036331 -64.260849 23.488104 83.000000 
243.974808 -64.361389 23.482134 61.000000 
243.912064 -64.462891 23.480511 61.000000 
243.970871 -64.341187 23.492205 56.000000 
243.900269 -64.462845 23.472818 80.000000 
243.960037 -64.339783 23.485762 51.000000 
243.894058 -64.448090 23.477533 69.000000 
243.889084 -64.430428 23.484772 64.000000 
243.821793 -64.535881 23.483156 64.000000 
243.878922 -64.427666 23.479757 62.000000 
243.813690 -64.527054 23.482964 59.000000 
243.871780 -64.415833 23.482092 60.000000 
243.807556 -64.512016 23.487503 59.000000 
243.860580 -64.414154 23.475739 64.000000 
243.797852 -64.505806 23.484814 64.000000 
243.788162 -64.499573 23.482145 58.000000 
243.716888 -64.607613 23.482149 56.000000 
243.775528 -64.498833 23.474510 53.000000 
243.706406 -64.600807 23.479286 62.000000 
243.769592 -64.483757 23.479177 53.000000 
243.697083 -64.592819 23.477760 61.000000 
243.630051 -64.687775 23.492750 64.000000 
243.687134 -64.586281 23.475079 61.000000 
243.618484 -64.684052 23.487711 79.000000 
243.679840 -64.573822 23.477154 55.000000 
243.606918 -64.680275 23.482687 85.000000 
243.673935 -64.558434 23.481632 59.000000 
243.597412 -64.672005 23.481127 69.000000 
243.590027 -64.659256 23.483042 63.000000 
243.510956 -64.772736 23.487356 52.000000 
243.585495 -64.640594 23.489597 56.000000 
243.500504 -64.765671 23.484619 64.000000 
243.576126 -64.632278 23.488131 62.000000 
243.493698 -64.751122 23.487486 58.000000 
243.488235 -64.735443 23.491640 58.000000 
243.391647 -64.878555 23.478920 71.000000 
243.476410 -64.731293 23.486752 55.000000 
243.383163 -64.866638 23.479406 67.000000 
243.466080 -64.724129 23.484123 54.000000 
243.377029 -64.850220 23.483171 59.000000 
243.366348 -64.842766 23.480476 52.000000 
243.273865 -64.961617 23.486883 54.000000 
243.357254 -64.832306 23.479977 59.000000 
243.262878 -64.953880 23.484138 58.000000 
243.348175 -64.821823 23.479507 53.000000 
243.251892 -64.946098 23.481419 55.000000 
243.244995 -64.930809 23.483978 59.000000 
243.144897 -65.067146 23.487253 51.000000 
243.234909 -64.921486 23.482368 58.000000 
243.132751 -65.060539 23.483486 51.000000 
243.229782 -64.903214 23.487106 59.000000 
243.120621 -65.053894 23.479742 57.000000 
243.114456 -65.036713 23.483135 52.000000 
243.110092 -65.016548 23.488604 55.000000 
242.991486 -65.179588 23.480230 54.000000 
243.100662 -65.005356 23.488008 60.000000 
242.981613 -65.168015 23.479446 63.000000 
242.978897 -65.144417 23.486538 60.000000 
242.967377 -65.135826 23.483864 61.000000 
242.839874 -65.305511 23.477985 77.000000 
242.957672 -65.124214 23.483185 65.000000 
242.837982 -65.279945 23.485603 68.000000 
242.826996 -65.269447 23.483835 63.000000 
242.812332 -65.264908 23.478313 64.000000 
242.689438 -65.420441 23.488560 57.000000 
242.802322 -65.252846 23.477549 64.000000 
242.676163 -65.412529 23.484900 67.000000 
242.662918 -65.404572 23.481266 58.000000 
242.649078 -65.396080 23.477528 55.000000 
242.512527 -65.567955 23.486214 72.000000 
242.645554 -65.373093 23.483053 59.000000 
242.499802 -65.558029 23.483442 54.000000 
242.484741 -65.553055 23.478230 58.000000 
242.477036 -65.535553 23.479874 56.000000 
242.469421 -65.518044 23.481562 72.000000 
242.304688 -65.722717 23.479305 117.000000 
242.296646 -65.704681 23.480707 119.000000 
242.292816 -65.680664 23.485487 111.000000 
242.325699 -65.634254 23.483309 117.000000 
242.140717 -65.860428 23.479170 121.000000 
242.313721 -65.622169 23.481499 105.000000 
242.134476 -65.838814 23.481953 121.000000 
242.120865 -65.827660 23.479219 119.000000 
242.107285 -65.816467 23.476521 120.000000 
242.093735 -65.805237 23.473854 122.000000 
245.045288 -63.711945 23.488762 53.000000 
244.989029 -63.647282 23.493179 57.000000 
244.979828 -63.641907 23.490402 74.000000 
244.974869 -63.625153 23.498119 63.000000 
244.964310 -63.624092 23.491514 83.000000 
244.903366 -63.727325 23.485392 52.000000 
244.953735 -63.622978 23.484919 65.000000 
244.899506 -63.705551 23.496473 64.000000 
244.946564 -63.611717 23.487411 77.000000 
244.890656 -63.698460 23.494976 59.000000 
244.937454 -63.606213 23.484743 77.000000 
244.879257 -63.698647 23.487179 56.000000 
244.932861 -63.587757 23.493797 63.000000 
244.870941 -63.690029 23.486988 56.000000 
244.797653 -63.787075 23.481674 64.000000 
244.788040 -63.781132 23.478910 70.000000 
244.784561 -63.760784 23.488676 70.000000 
244.714432 -63.873974 23.481560 54.000000 
244.777893 -63.747498 23.492163 60.000000 
244.708725 -63.857407 23.487186 64.000000 
244.768402 -63.741512 23.489485 58.000000 
244.703110 -63.840858 23.492857 64.000000 
244.755447 -63.744236 23.479376 60.000000 
244.695770 -63.828754 23.494951 62.000000 
244.683624 -63.828430 23.487411 55.000000 
244.611176 -63.939724 23.485548 64.000000 
244.675751 -63.817760 23.488350 52.000000 
244.604324 -63.925808 23.488642 61.000000 
244.666687 -63.810013 23.486898 56.000000 
244.595612 -63.916351 23.488247 59.000000 
244.583038 -63.915760 23.480814 57.000000 
244.514481 -64.013756 23.493900 65.000000 
244.502884 -64.010010 23.488836 62.000000 
244.567062 -63.893764 23.482508 50.000000 
244.491959 -64.004715 23.484936 58.000000 
244.560654 -63.878014 23.486816 50.000000 
244.479828 -64.000534 23.479773 74.000000 
244.405670 -64.103882 23.492636 52.000000 
244.475861 -63.980320 23.487383 52.000000 
244.395172 -64.096832 23.489849 60.000000 
244.468323 -63.969364 23.488285 53.000000 
244.384491 -64.091591 23.486113 63.000000 
244.460312 -63.958057 23.489084 50.000000 
244.376190 -64.079987 23.486710 58.000000 
244.284851 -64.213058 23.482468 69.000000 
244.371628 -64.060921 23.492912 58.000000 
244.277039 -64.199615 23.483963 75.000000 
244.361252 -64.053772 23.490234 53.000000 
244.269302 -64.186172 23.485497 61.000000 
244.352371 -64.043625 23.489815 55.000000 
244.264694 -64.166725 23.491385 61.000000 
244.255554 -64.156273 23.490831 57.000000 
244.161942 -64.278458 23.495485 61.000000 
244.242310 -64.155128 23.483948 57.000000 
244.150146 -64.272209 23.491673 67.000000 
244.233231 -64.144615 23.483446 57.000000 
244.134567 -64.271538 23.483561 67.000000 
244.125198 -64.260696 23.482935 67.000000 
244.029770 -64.388054 23.492916 62.000000 
244.118332 -64.245354 23.485489 64.000000 
244.012573 -64.390472 23.483063 60.000000 
244.113174 -64.227043 23.490181 51.000000 
244.006302 -64.373253 23.486374 59.000000 
243.996719 -64.362038 23.485674 56.000000 
243.885132 -64.513489 23.486107 58.000000 
243.994888 -64.337349 23.494137 50.000000 
243.871689 -64.507942 23.481356 61.000000 
243.982559 -64.332512 23.489580 50.000000 
243.864120 -64.493744 23.482624 58.000000 
243.861374 -64.470100 23.489658 60.000000 
243.719589 -64.664452 23.469486 70.000000 
243.849808 -64.461479 23.486956 60.000000 
243.723892 -64.628189 23.483557 71.000000 
243.840973 -64.448334 23.487221 51.000000 
243.721970 -64.602585 23.491119 57.000000 
243.709442 -64.593109 23.488239 57.000000 
243.696594 -64.585541 23.484583 55.000000 
243.570648 -64.745567 23.492579 63.000000 
243.683777 -64.577934 23.480953 56.000000 
243.561172 -64.731590 23.492506 67.000000 
243.549820 -64.720612 23.490660 60.000000 
243.536591 -64.712593 23.487034 55.000000 
243.391052 -64.897995 23.488297 68.000000 
243.378265 -64.888016 23.485491 61.000000 
243.369125 -64.873993 23.485458 54.000000 
243.359406 -64.859451 23.485323 58.000000 
243.201050 -65.055595 23.488991 115.000000 
243.351135 -64.841408 23.486832 63.000000 
243.184082 -65.049057 23.483540 107.000000 
243.179092 -65.026474 23.487387 107.000000 
243.219055 -64.972115 23.490986 61.000000 
243.207001 -64.960022 23.489101 109.000000 
243.021774 -65.186203 23.485706 120.000000 
243.014435 -65.166046 23.487640 120.000000 
243.002930 -65.151863 23.486454 120.000000 
242.989990 -65.141205 23.483854 120.000000 
245.892105 -62.962933 23.487858 63.000000 
245.883347 -62.954403 23.487503 64.000000 
245.875549 -62.944672 23.488607 68.000000 
245.869202 -62.930580 23.493631 65.000000 
245.807739 -63.036839 23.484621 51.000000 
245.861984 -62.919388 23.496099 77.000000 
245.801804 -63.020969 23.490654 50.000000 
245.850510 -62.921181 23.486910 55.000000 
245.793945 -63.010971 23.491669 64.000000 
245.841904 -62.914272 23.485527 77.000000 
245.786636 -62.999504 23.493980 51.000000 
245.723709 -63.104477 23.490005 50.000000 
245.714645 -63.097168 23.488422 54.000000 
245.706680 -63.086887 23.489334 53.000000 
245.697586 -63.081303 23.486704 55.000000 
245.686920 -63.078331 23.481476 53.000000 
245.626404 -63.167980 23.493481 58.000000 
245.614365 -63.166027 23.486925 51.000000 
245.673599 -63.050037 23.489565 56.000000 
245.605164 -63.158398 23.485350 61.000000 
245.664719 -63.042606 23.488138 53.000000 
245.597778 -63.146313 23.487429 53.000000 
245.525452 -63.259506 23.484184 50.000000 
245.591049 -63.132751 23.490753 52.000000 
245.514130 -63.256084 23.479013 59.000000 
245.583176 -63.122135 23.491688 58.000000 
245.508484 -63.239212 23.484449 72.000000 
245.574127 -63.114441 23.490229 51.000000 
245.501663 -63.225330 23.487572 65.000000 
245.426575 -63.340126 23.487671 72.000000 
245.491699 -63.218864 23.484835 63.000000 
245.416275 -63.333443 23.484842 90.000000 
245.484985 -63.204971 23.488026 52.000000 
245.412704 -63.311756 23.493488 69.000000 
245.471817 -63.205826 23.479427 57.000000 
245.403854 -63.302055 23.493015 65.000000 
245.392319 -63.298294 23.487980 58.000000 
245.315231 -63.409222 23.494625 57.000000 
245.380585 -63.296307 23.481949 52.000000 
245.307388 -63.398067 23.495302 60.000000 
245.376648 -63.276150 23.489605 58.000000 
245.294800 -63.395550 23.489185 63.000000 
245.204407 -63.529110 23.484581 64.000000 
245.281662 -63.392624 23.482948 54.000000 
245.197495 -63.512344 23.488054 93.000000 
245.275574 -63.376568 23.486917 55.000000 
245.187454 -63.503494 23.486315 68.000000 
245.271042 -63.357552 23.493166 54.000000 
245.177444 -63.494617 23.484602 73.000000 
245.257751 -63.356361 23.486021 52.000000 
245.168991 -63.482712 23.485083 62.000000 
245.075516 -63.605099 23.489468 54.000000 
245.165939 -63.460320 23.493185 55.000000 
245.065247 -63.595898 23.487698 60.000000 
245.155319 -63.452896 23.490486 59.000000 
245.061920 -63.575001 23.494476 56.000000 
245.049377 -63.570290 23.489626 54.000000 
244.943161 -63.721252 23.484007 50.000000 
245.040039 -63.559525 23.488997 50.000000 
244.941132 -63.694599 23.493170 53.000000 
244.930389 -63.686935 23.490515 50.000000 
244.808029 -63.830475 23.487577 60.000000 
244.898041 -63.657200 23.485069 50.000000 
244.786682 -63.808556 23.484707 56.000000 
244.775925 -63.798519 23.482901 59.000000 
244.764313 -63.789963 23.480145 61.000000 
244.644760 -63.948341 23.482199 82.000000 
244.761581 -63.766361 23.487236 59.000000 
244.634521 -63.936378 23.481249 71.000000 
244.628906 -63.916843 23.485054 67.000000 
244.620621 -63.901844 23.486069 60.000000 
244.612091 -63.888794 23.486313 52.000000 
244.478989 -64.063210 23.485521 59.000000 
244.476105 -64.038704 23.491779 59.000000 
244.466064 -64.024307 23.491596 50.000000 
244.451904 -64.017876 23.487041 54.000000 
244.307159 -64.203659 23.487509 74.000000 
244.299652 -64.184212 23.489763 63.000000 
244.286942 -64.174294 23.486979 66.000000 
244.275253 -64.162834 23.485098 69.000000 
244.117676 -64.359360 23.487875 112.000000 
244.102432 -64.351929 23.483374 113.000000 
244.134232 -64.306953 23.479986 121.000000 
244.126205 -64.288918 23.481380 109.000000 
243.942337 -64.516190 23.477514 124.000000 
244.123428 -64.263420 23.486998 117.000000 
243.934860 -64.496071 23.479404 120.000000 
243.926437 -64.477463 23.480547 111.000000 
243.921951 -64.454910 23.484261 114.000000 
243.909439 -64.442284 23.482306 120.000000 
246.788315 -62.276081 23.506796 57.000000 
246.777802 -62.276875 23.498901 74.000000 
246.768143 -62.272961 23.494724 74.000000 
246.758026 -62.270462 23.489277 77.000000 
246.702438 -62.357899 23.497520 52.000000 
246.751633 -62.256279 23.494162 68.000000 
246.693497 -62.350822 23.495848 64.000000 
246.747208 -62.236301 23.504257 74.000000 
246.682587 -62.349617 23.489168 61.000000 
246.737656 -62.232292 23.500175 63.000000 
246.676178 -62.335129 23.493835 52.000000 
246.728577 -62.226799 23.497404 51.000000 
246.670868 -62.317722 23.501070 54.000000 
246.661041 -62.313503 23.496979 51.000000 
246.596756 -62.419743 23.492182 62.000000 
246.653290 -62.303410 23.497967 58.000000 
246.590927 -62.403473 23.497898 68.000000 
246.644012 -62.297672 23.495186 60.000000 
246.583557 -62.391647 23.499960 68.000000 
246.573410 -62.388958 23.494793 55.000000 
246.509583 -62.485836 23.501024 50.000000 
246.563873 -62.382988 23.491970 54.000000 
246.500366 -62.478203 23.499323 55.000000 
246.554932 -62.375519 23.490404 62.000000 
246.491776 -62.469059 23.498850 59.000000 
246.481430 -62.464340 23.494791 52.000000 
246.409195 -62.575947 23.493185 59.000000 
246.472504 -62.453045 23.495295 53.000000 
246.398132 -62.568851 23.489967 59.000000 
246.388077 -62.562370 23.487068 63.000000 
246.382355 -62.547245 23.491373 61.000000 
246.309937 -62.654423 23.497728 69.000000 
246.376221 -62.531803 23.495577 61.000000 
246.293030 -62.662743 23.483408 62.000000 
246.368866 -62.519337 23.497469 53.000000 
246.288727 -62.642445 23.490747 74.000000 
246.356369 -62.518700 23.489969 55.000000 
246.284546 -62.622177 23.498138 53.000000 
246.274353 -62.615383 23.495287 62.000000 
246.191772 -62.736702 23.494617 69.000000 
246.265549 -62.605576 23.494751 64.000000 
246.188324 -62.714569 23.502779 65.000000 
246.252823 -62.602833 23.488371 60.000000 
246.177368 -62.707153 23.499752 61.000000 
246.082733 -62.848057 23.490149 65.000000 
246.166214 -62.701553 23.495783 58.000000 
246.077820 -62.828548 23.495771 81.000000 
246.156830 -62.695129 23.493231 52.000000 
246.069611 -62.818878 23.495283 66.000000 
246.146439 -62.687962 23.490417 52.000000 
246.059616 -62.809952 23.493452 73.000000 
246.042496 -62.812286 23.482735 59.000000 
246.039398 -62.789776 23.490673 53.000000 
245.940231 -62.920712 23.489084 58.000000 
246.034882 -62.770302 23.496502 59.000000 
245.935532 -62.900837 23.494522 58.000000 
245.927750 -62.887012 23.495827 67.000000 
245.918411 -62.876186 23.495075 57.000000 
245.807236 -63.032219 23.485615 52.000000 
245.907486 -62.868336 23.492258 55.000000 
245.805847 -63.005886 23.494799 52.000000 
245.792877 -63.000729 23.489887 52.000000 
245.781052 -62.996346 23.485281 56.000000 
245.672729 -63.141819 23.489794 60.000000 
245.773163 -62.982082 23.486492 55.000000 
245.661041 -63.133255 23.486847 58.000000 
245.652008 -63.120125 23.486856 54.000000 
245.641251 -63.109989 23.484945 50.000000 
245.515564 -63.277218 23.481972 68.000000 
245.633194 -63.095322 23.486000 57.000000 
245.508911 -63.259098 23.484629 71.000000 
245.494156 -63.254593 23.478870 64.000000 
245.488876 -63.232986 23.483345 60.000000 
245.482452 -63.214867 23.486130 56.000000 
245.345947 -63.391560 23.484190 63.000000 
245.469040 -63.206795 23.482208 52.000000 
245.335770 -63.377041 23.483801 67.000000 
245.339615 -63.341885 23.496273 51.000000 
245.181915 -63.547379 23.486137 52.000000 
245.322830 -63.342346 23.488251 57.000000 
245.171326 -63.536884 23.484297 68.000000 
245.165375 -63.516300 23.487387 69.000000 
245.155579 -63.501759 23.487053 56.000000 
245.142868 -63.491711 23.484150 54.000000 
244.986328 -63.684849 23.489479 109.000000 
244.975128 -63.671299 23.488146 109.000000 
245.007446 -63.624813 23.487061 113.000000 
244.995316 -63.612713 23.484962 109.000000 
244.813568 -63.834980 23.484329 122.000000 
244.986313 -63.596085 23.485397 109.000000 
244.802948 -63.819298 23.483667 121.000000 
244.786789 -63.808479 23.479582 123.000000 
244.780533 -63.786751 23.482176 120.000000 
244.778931 -63.761684 23.487492 121.000000 
247.672867 -61.599873 23.505907 63.000000 
247.667221 -61.582779 23.513243 74.000000 
247.654861 -61.587669 23.501360 74.000000 
247.647507 -61.576412 23.503620 83.000000 
247.590576 -61.668205 23.508089 64.000000 
247.636459 -61.576809 23.495609 77.000000 
247.581146 -61.662621 23.505154 64.000000 
247.632004 -61.556793 23.505661 58.000000 
247.573212 -61.652573 23.506006 63.000000 
247.624313 -61.546970 23.506729 63.000000 
247.562820 -61.649879 23.500599 61.000000 
247.505280 -61.738796 23.511126 50.000000 
247.555969 -61.636856 23.504023 51.000000 
247.491409 -61.744881 23.498377 64.000000 
247.482819 -61.736023 23.497890 70.000000 
247.476425 -61.721218 23.502346 68.000000 
247.470673 -61.704945 23.508074 60.000000 
247.401443 -61.816952 23.502522 61.000000 
247.461151 -61.699013 23.505220 58.000000 
247.394470 -61.803341 23.505558 66.000000 
247.451065 -61.694523 23.501156 55.000000 
247.388718 -61.786747 23.511032 56.000000 
247.442123 -61.687054 23.499578 58.000000 
247.376602 -61.786537 23.503345 53.000000 
247.304031 -61.899921 23.500919 50.000000 
247.368134 -61.775566 23.503937 50.000000 
247.295898 -61.887169 23.502474 59.000000 
247.288330 -61.874729 23.504211 53.000000 
247.278305 -61.868271 23.501307 65.000000 
247.209396 -61.968109 23.513628 56.000000 
247.265747 -61.867744 23.493736 55.000000 
247.193863 -61.973518 23.501585 66.000000 
247.260071 -61.852600 23.498049 57.000000 
247.183411 -61.968628 23.497644 64.000000 
247.255280 -61.834175 23.504610 61.000000 
247.175110 -61.957344 23.498129 74.000000 
247.169556 -61.940060 23.503206 55.000000 
247.089355 -62.057156 23.506252 60.000000 
247.164108 -61.922791 23.508327 60.000000 
247.076706 -62.054661 23.499977 62.000000 
247.153946 -61.915981 23.505493 69.000000 
247.070404 -62.038540 23.503675 65.000000 
247.064911 -62.020920 23.508522 53.000000 
246.965897 -62.171017 23.492729 63.000000 
247.053955 -62.013470 23.505507 51.000000 
246.963364 -62.145039 23.502451 65.000000 
246.955551 -62.131592 23.503794 54.000000 
246.947586 -62.120018 23.504246 57.000000 
246.936874 -62.112583 23.501354 53.000000 
246.839645 -62.240829 23.502192 58.000000 
246.924637 -62.108112 23.496332 53.000000 
246.829361 -62.231564 23.500277 61.000000 
246.819901 -62.220757 23.499432 61.000000 
246.814468 -62.202389 23.503836 55.000000 
246.709473 -62.348213 23.501898 56.000000 
246.806732 -62.188553 23.505150 55.000000 
246.698929 -62.338570 23.499931 52.000000 
246.689224 -62.327381 23.499004 56.000000 
246.581711 -62.473488 23.503994 54.000000 
246.687103 -62.302578 23.507189 51.000000 
246.567398 -62.469578 23.498066 55.000000 
246.675018 -62.295902 23.503305 53.000000 
246.560837 -62.451912 23.500896 54.000000 
246.555252 -62.432747 23.504745 56.000000 
246.545380 -62.421158 23.503771 59.000000 
246.415833 -62.596313 23.496223 60.000000 
246.530273 -62.418598 23.496977 58.000000 
246.412735 -62.572124 23.502562 66.000000 
246.401611 -62.561630 23.500525 61.000000 
246.387207 -62.555195 23.495556 59.000000 
246.377975 -62.541607 23.495459 56.000000 
246.254074 -62.698982 23.505722 59.000000 
246.238876 -62.694107 23.500032 61.000000 
246.227448 -62.683117 23.497972 54.000000 
246.087555 -62.861839 23.504286 59.000000 
246.222397 -62.663517 23.501509 50.000000 
246.071457 -62.858513 23.497940 74.000000 
246.061539 -62.844002 23.497505 69.000000 
246.053650 -62.826450 23.498840 56.000000 
246.047806 -62.805882 23.501951 72.000000 
245.875824 -63.023708 23.494247 115.000000 
245.867569 -63.005611 23.495323 119.000000 
245.908142 -62.947231 23.500463 105.000000 
245.899033 -62.930653 23.500803 105.000000 
245.703461 -63.174671 23.489450 116.000000 
245.884857 -62.921574 23.497034 117.000000 
245.702148 -63.145370 23.495811 116.000000 
245.686646 -63.135166 23.491825 120.000000 
245.679230 -63.114944 23.493555 120.000000 
245.663422 -63.106720 23.489002 120.000000 
248.555466 -60.912144 23.517303 52.000000 
248.541733 -60.921494 23.501556 68.000000 
248.533813 -60.911648 23.502417 68.000000 
248.529160 -60.891533 23.512270 77.000000 
248.519043 -60.889000 23.506792 71.000000 
248.458023 -60.991051 23.503014 59.000000 
248.509857 -60.883507 23.503895 77.000000 
248.453506 -60.970573 23.512527 52.000000 
248.498764 -60.883801 23.495872 80.000000 
248.442581 -60.969326 23.505821 51.000000 
248.493454 -60.866611 23.503309 74.000000 
248.436722 -60.953300 23.511662 56.000000 
248.424271 -60.956394 23.501223 56.000000 
248.361542 -61.056927 23.502398 58.000000 
248.417999 -60.941822 23.505875 52.000000 
248.352417 -61.049484 23.500637 73.000000 
248.412857 -60.924332 23.513084 56.000000 
248.342209 -61.044987 23.496454 64.000000 
248.335342 -61.031570 23.499647 62.000000 
248.270889 -61.128609 23.506912 57.000000 
248.329651 -61.015202 23.505333 66.000000 
248.262192 -61.119408 23.506308 62.000000 
248.320663 -61.007690 23.503685 58.000000 
248.254105 -61.108700 23.506926 50.000000 
248.247269 -61.095005 23.509972 58.000000 
248.169662 -61.218689 23.499907 56.000000 
248.239899 -61.082794 23.511856 56.000000 
248.162018 -61.206169 23.501541 64.000000 
248.229553 -61.077988 23.507776 52.000000 
248.156311 -61.189140 23.506704 61.000000 
248.217987 -61.076096 23.501310 55.000000 
248.146271 -61.182606 23.503752 57.000000 
248.069412 -61.298904 23.504251 65.000000 
248.134964 -61.179020 23.498486 59.000000 
248.061035 -61.287586 23.504618 74.000000 
248.124939 -61.172409 23.495575 55.000000 
248.053391 -61.274746 23.506151 69.000000 
248.120132 -61.153889 23.502052 59.000000 
248.044449 -61.264908 23.505451 63.000000 
248.032822 -61.261047 23.500237 56.000000 
247.953796 -61.373436 23.507410 66.000000 
248.025131 -61.250004 23.500872 57.000000 
247.940918 -61.372723 23.500147 66.000000 
248.021118 -61.229656 23.508228 51.000000 
247.928909 -61.368576 23.494947 66.000000 
247.925720 -61.344456 23.503969 59.000000 
247.830048 -61.485256 23.495573 81.000000 
247.918854 -61.329754 23.506567 58.000000 
247.819138 -61.477764 23.492529 89.000000 
247.909866 -61.319542 23.505882 53.000000 
247.815033 -61.456623 23.499134 67.000000 
247.714294 -61.591335 23.497108 52.000000 
247.809525 -61.438534 23.503651 59.000000 
247.711472 -61.568676 23.504519 58.000000 
247.797775 -61.434383 23.498709 55.000000 
247.702713 -61.556305 23.504585 58.000000 
247.788559 -61.423801 23.497932 52.000000 
247.690811 -61.549976 23.500540 61.000000 
247.681335 -61.539070 23.499632 64.000000 
247.672684 -61.526638 23.499794 55.000000 
247.566605 -61.672215 23.498896 57.000000 
247.555740 -61.664387 23.496014 65.000000 
247.544586 -61.654179 23.493858 55.000000 
247.425858 -61.788364 23.498823 59.000000 
247.414658 -61.775810 23.497398 59.000000 
247.404663 -61.764099 23.496313 57.000000 
247.400299 -61.745682 23.500412 51.000000 
247.268616 -61.922001 23.493101 55.000000 
247.391312 -61.732445 23.500370 50.000000 
247.255554 -61.914413 23.489084 68.000000 
247.253433 -61.888588 23.496290 68.000000 
247.240463 -61.880955 23.492344 63.000000 
247.231186 -61.867241 23.492165 56.000000 
247.098602 -62.036396 23.496437 64.000000 
247.094650 -62.013165 23.501440 58.000000 
247.080338 -62.006596 23.496616 54.000000 
246.917526 -62.188488 23.493277 62.000000 
246.907547 -62.173832 23.492758 72.000000 
246.893677 -62.165195 23.488831 66.000000 
246.886780 -62.145969 23.490973 75.000000 
246.717224 -62.357243 23.488333 120.000000 
246.751892 -62.305580 23.489622 119.000000 
246.747742 -62.281284 23.493933 111.000000 
246.744751 -62.255520 23.499121 105.000000 
246.553833 -62.489719 23.493959 105.000000 
246.533646 -62.487484 23.486088 119.000000 
246.532440 -62.458069 23.492376 121.000000 
246.523972 -62.439217 23.493219 119.000000 
246.510223 -62.427841 23.490171 120.000000 
249.435608 -60.244606 23.521852 52.000000 
249.424927 -60.240116 23.517214 61.000000 
249.415619 -60.234650 23.514170 55.000000 
249.410019 -60.219124 23.520203 56.000000 
249.403595 -60.204807 23.524857 56.000000 
249.341263 -60.309795 23.519205 59.000000 
249.394867 -60.197826 23.523170 61.000000 
249.334747 -60.295174 23.523600 58.000000 
249.385696 -60.192287 23.520229 61.000000 
249.327805 -60.282047 23.526791 51.000000 
249.378479 -60.180882 23.522429 57.000000 
249.254578 -60.379932 23.523193 52.000000 
249.310028 -60.267609 23.523308 51.000000 
249.245422 -60.372490 23.521332 52.000000 
249.298065 -60.269188 23.514103 52.000000 
249.236282 -60.365025 23.519497 58.000000 
249.229370 -60.351574 23.522554 53.000000 
249.217545 -60.351501 23.514681 53.000000 
249.154419 -60.443958 23.526173 55.000000 
249.210724 -60.338028 23.517797 56.000000 
249.143387 -60.440735 23.520741 53.000000 
249.203415 -60.326035 23.519732 60.000000 
249.133514 -60.434467 23.517698 53.000000 
249.058075 -60.552498 23.513483 65.000000 
249.126633 -60.420696 23.520620 52.000000 
249.052200 -60.535385 23.518429 76.000000 
249.044556 -60.522816 23.519958 61.000000 
249.036972 -60.510242 23.521523 57.000000 
249.030075 -60.496162 23.524282 52.000000 
248.943665 -60.633595 23.509703 66.000000 
249.019424 -60.491074 23.520121 57.000000 
248.937210 -60.617641 23.513321 69.000000 
249.009399 -60.484447 23.517139 59.000000 
248.934189 -60.594139 23.522606 72.000000 
248.996796 -60.483753 23.509525 53.000000 
248.925903 -60.582752 23.522938 69.000000 
248.914948 -60.577366 23.518787 53.000000 
248.827774 -60.706333 23.514626 60.000000 
248.900574 -60.579441 23.509007 64.000000 
248.822113 -60.688530 23.519171 63.000000 
248.810806 -60.682850 23.515005 50.000000 
248.723755 -60.805645 23.520596 56.000000 
248.797363 -60.681656 23.507568 57.000000 
248.709869 -60.804276 23.513210 60.000000 
248.794052 -60.659317 23.515516 53.000000 
248.701187 -60.792183 23.513262 62.000000 
248.688797 -60.787666 23.508038 55.000000 
248.592819 -60.911636 23.514317 52.000000 
248.682480 -60.770992 23.511341 59.000000 
248.677780 -60.751308 23.516819 59.000000 
248.580658 -60.876076 23.521366 58.000000 
248.668549 -60.740685 23.515945 52.000000 
248.571136 -60.865154 23.520329 62.000000 
248.559250 -60.858757 23.516230 59.000000 
248.548981 -60.849293 23.514217 61.000000 
248.442307 -60.994743 23.514322 51.000000 
248.536301 -60.844322 23.509132 52.000000 
248.431671 -60.984932 23.512190 53.000000 
248.312592 -61.149319 23.507954 54.000000 
248.421921 -60.973568 23.511084 55.000000 
248.310135 -61.123802 23.515255 60.000000 
248.407135 -60.971268 23.504019 56.000000 
248.297424 -61.116657 23.511112 61.000000 
248.400818 -60.953800 23.506966 52.000000 
248.287354 -61.104897 23.509874 59.000000 
248.275574 -61.096153 23.506746 56.000000 
248.267334 -61.081310 23.507500 57.000000 
248.139343 -61.249931 23.506300 59.000000 
248.263596 -61.058903 23.513115 55.000000 
248.123505 -61.246849 23.499411 75.000000 
248.120438 -61.222424 23.505505 70.000000 
248.115662 -61.201073 23.509800 64.000000 
247.974426 -61.384117 23.507381 56.000000 
248.106369 -61.187302 23.509502 61.000000 
247.962784 -61.372944 23.505053 67.000000 
247.964478 -61.340481 23.515219 68.000000 
247.953918 -61.327785 23.513866 59.000000 
247.791687 -61.537788 23.504646 62.000000 
247.939590 -61.321114 23.508978 59.000000 
247.785507 -61.516960 23.507355 106.000000 
247.782394 -61.491596 23.512672 69.000000 
247.766541 -61.485943 23.506941 56.000000 
247.753647 -61.475697 23.503798 56.000000 
247.582245 -61.688236 23.501862 117.000000 
247.619415 -61.633747 23.504042 121.000000 
247.606003 -61.622944 23.500826 113.000000 
247.600861 -61.600048 23.504190 113.000000 
247.408936 -61.834064 23.501026 109.000000 
247.391785 -61.827183 23.495396 108.000000 
247.383102 -61.808174 23.496025 120.000000 
247.376648 -61.786163 23.498262 121.000000 
247.370285 -61.764164 23.500551 118.000000 
250.344864 -59.538040 23.536810 55.000000 
250.331604 -59.544262 23.523458 71.000000 
250.324539 -59.531475 23.526802 80.000000 
250.313934 -59.532219 23.518858 65.000000 
250.259445 -59.615444 23.531996 57.000000 
250.304672 -59.526756 23.515875 65.000000 
250.247543 -59.617298 23.522726 64.000000 
250.297272 -59.515400 23.518026 68.000000 
250.239990 -59.605701 23.524664 73.000000 
250.292282 -59.496723 23.526615 61.000000 
250.230011 -59.601521 23.520403 78.000000 
250.283142 -59.489475 23.524853 60.000000 
250.220078 -59.595531 23.517258 65.000000 
250.215179 -59.576508 23.525536 59.000000 
250.145309 -59.698132 23.509951 62.000000 
250.207291 -59.568115 23.525248 50.000000 
250.140869 -59.679028 23.518009 70.000000 
250.195847 -59.568233 23.517317 50.000000 
250.133881 -59.665619 23.521088 73.000000 
250.122101 -59.663799 23.514288 66.000000 
250.057739 -59.761108 23.522078 58.000000 
250.115219 -59.650364 23.517433 60.000000 
250.052994 -59.741394 23.529716 64.000000 
250.107132 -59.643456 23.516010 53.000000 
250.042969 -59.738819 23.524624 64.000000 
249.959824 -59.878368 23.503866 51.000000 
250.033112 -59.732586 23.521626 53.000000 
249.961151 -59.843102 23.522694 50.000000 
249.953064 -59.828434 23.525105 56.000000 
249.941086 -59.826462 23.518589 55.000000 
249.929703 -59.822933 23.513247 53.000000 
249.855484 -59.933559 23.519016 59.000000 
249.923401 -59.807365 23.517221 57.000000 
249.842438 -59.932846 23.511419 62.000000 
249.917053 -59.793633 23.520220 52.000000 
249.831863 -59.927872 23.507368 74.000000 
249.830811 -59.899876 23.520123 58.000000 
249.821152 -59.891521 23.518244 57.000000 
249.732559 -60.025494 23.510603 54.000000 
249.810852 -59.884640 23.515259 64.000000 
249.723969 -60.013790 23.510794 57.000000 
249.799896 -59.879227 23.511162 69.000000 
249.721100 -59.989952 23.519794 61.000000 
249.617233 -60.119465 23.512335 56.000000 
249.609787 -60.106270 23.513628 60.000000 
249.689209 -59.970222 23.509832 50.000000 
249.601105 -60.094219 23.513739 61.000000 
249.587616 -60.088974 23.508247 57.000000 
249.495132 -60.206997 23.518211 50.000000 
249.578262 -60.078384 23.507353 55.000000 
249.487396 -60.195385 23.518499 55.000000 
249.576904 -60.054962 23.516409 54.000000 
249.474640 -60.190590 23.513351 52.000000 
249.464752 -60.177364 23.513084 56.000000 
249.458420 -60.160374 23.516266 56.000000 
249.348434 -60.313950 23.511049 50.000000 
249.449768 -60.147919 23.516380 51.000000 
249.334442 -60.310272 23.504944 52.000000 
249.332901 -60.283737 23.513842 53.000000 
249.325974 -60.270210 23.515100 56.000000 
249.204422 -60.438976 23.507093 56.000000 
249.308685 -60.272491 23.505072 51.000000 
249.199448 -60.418098 23.511648 54.000000 
249.191116 -60.403336 23.512398 55.000000 
249.056778 -60.556240 23.512388 52.000000 
249.167587 -60.385899 23.506279 55.000000 
249.036469 -60.560894 23.500883 77.000000 
249.026947 -60.547165 23.500523 75.000000 
249.014740 -60.537975 23.497410 61.000000 
249.008072 -60.519661 23.499914 66.000000 
248.873703 -60.692421 23.503574 51.000000 
249.003647 -60.496365 23.505110 63.000000 
248.860458 -60.682316 23.500250 59.000000 
248.856400 -60.658989 23.505159 61.000000 
248.854996 -60.633152 23.512064 57.000000 
248.686508 -60.854149 23.496284 103.000000 
248.681244 -60.831806 23.499920 66.000000 
248.677063 -60.807972 23.504465 58.000000 
248.664124 -60.797787 23.501343 69.000000 
248.696564 -60.751644 23.498926 66.000000 
248.532745 -60.953960 23.502251 109.000000 
248.521317 -60.940197 23.500698 119.000000 
248.508926 -60.927917 23.498362 115.000000 
248.492447 -60.921627 23.492775 122.000000 
248.309311 -61.144032 23.495621 118.000000 
248.293549 -61.133587 23.491442 121.000000 
248.283798 -61.116123 23.491371 122.000000 
248.270218 -61.102577 23.488836 123.000000 
248.273407 -61.067108 23.498276 118.000000 
251.239807 -58.816555 23.552856 63.000000 
251.229355 -58.815750 23.546072 74.000000 
251.218018 -58.821323 23.534483 74.000000 
251.211517 -58.807163 23.539213 83.000000 
251.154739 -58.900528 23.542551 52.000000 
251.207825 -58.784210 23.551666 74.000000 
251.145325 -58.895027 23.539557 85.000000 
251.196457 -58.786201 23.542385 63.000000 
251.137390 -58.885040 23.540329 73.000000 
251.187866 -58.777630 23.541952 50.000000 
251.131973 -58.865871 23.548487 60.000000 
251.177399 -58.776600 23.535259 58.000000 
251.122665 -58.860317 23.545576 58.000000 
251.061523 -58.960915 23.546024 54.000000 
251.171677 -58.760975 23.541451 54.000000 
251.114380 -58.851780 23.545193 54.000000 
251.052475 -58.953659 23.544264 71.000000 
251.104111 -58.849113 23.539814 54.000000 
251.041855 -58.950851 23.538864 73.000000 
251.094803 -58.845219 23.535847 51.000000 
251.032791 -58.945316 23.536070 67.000000 
251.024323 -58.936485 23.535599 74.000000 
250.963333 -59.027508 23.546928 61.000000 
251.018097 -58.921711 23.540060 60.000000 
250.953568 -59.021465 23.543959 64.000000 
251.010849 -58.909901 23.542107 62.000000 
250.942673 -59.018391 23.538624 64.000000 
250.870239 -59.133507 23.535219 51.000000 
251.001968 -58.902512 23.540497 64.000000 
250.936417 -59.003311 23.542860 64.000000 
250.863190 -59.119614 23.537985 58.000000 
250.927902 -58.994202 23.542355 59.000000 
250.851929 -59.116287 23.532663 67.000000 
250.918228 -58.988052 23.539478 53.000000 
250.843735 -59.105385 23.533171 72.000000 
250.770294 -59.217590 23.536695 52.000000 
250.909760 -58.978905 23.539024 56.000000 
250.838730 -59.086964 23.539530 68.000000 
250.761261 -59.207939 23.535904 79.000000 
250.830032 -59.077553 23.538944 70.000000 
250.753571 -59.195232 23.537401 100.000000 
250.820129 -59.071117 23.536051 70.000000 
250.745300 -59.184036 23.537804 82.000000 
250.810226 -59.064648 23.533180 66.000000 
250.739044 -59.168297 23.541637 63.000000 
250.726868 -59.166122 23.535303 55.000000 
250.649826 -59.277134 23.542810 63.000000 
250.717377 -59.157879 23.533527 58.000000 
250.638657 -59.271706 23.538712 61.000000 
250.709946 -59.145119 23.535189 60.000000 
250.629578 -59.261688 23.537935 65.000000 
250.540848 -59.392406 23.536457 62.000000 
250.617020 -59.259209 23.531679 52.000000 
250.532211 -59.380554 23.536596 69.000000 
250.610855 -59.243103 23.535370 56.000000 
250.524368 -59.367165 23.537836 70.000000 
250.603333 -59.230019 23.536892 52.000000 
250.512146 -59.362888 23.532705 68.000000 
250.594437 -59.219929 23.536238 54.000000 
250.502899 -59.352497 23.531870 59.000000 
250.408707 -59.476563 23.536121 50.000000 
250.498215 -59.333012 23.537493 62.000000 
250.402313 -59.459755 23.539289 67.000000 
250.489075 -59.322605 23.536728 55.000000 
250.394424 -59.446003 23.540430 66.000000 
250.476929 -59.318195 23.531696 52.000000 
250.385818 -59.433762 23.540571 57.000000 
250.275848 -59.592625 23.530972 52.000000 
250.372269 -59.432499 23.533628 52.000000 
250.274231 -59.566235 23.539902 62.000000 
250.359726 -59.427761 23.528629 58.000000 
250.262665 -59.560131 23.536034 55.000000 
250.352829 -59.412422 23.530937 61.000000 
250.249146 -59.554699 23.530886 55.000000 
250.238419 -59.546986 23.528063 57.000000 
250.133789 -59.686359 23.536785 58.000000 
250.229370 -59.531967 23.528845 52.000000 
250.121552 -59.677494 23.533588 63.000000 
250.223755 -59.515144 23.532120 52.000000 
250.108185 -59.672062 23.528639 63.000000 
250.099457 -59.657036 23.529375 58.000000 
249.976517 -59.821720 23.528769 57.000000 
250.091370 -59.642429 23.530298 58.000000 
249.964462 -59.812817 23.525694 82.000000 
250.085373 -59.627163 23.532522 52.000000 
249.957230 -59.798672 23.526678 82.000000 
249.949753 -59.782112 23.528328 61.000000 
249.941452 -59.767067 23.529085 56.000000 
249.806000 -59.944412 23.527786 54.000000 
249.926804 -59.762600 23.523331 50.000000 
249.802017 -59.921307 23.532776 54.000000 
249.793442 -59.905830 23.533335 54.000000 
249.639435 -60.077942 23.534859 72.000000 
249.766022 -59.891479 23.524679 55.000000 
249.624710 -60.071129 23.530054 66.000000 
249.613892 -60.058178 23.528715 63.000000 
249.598206 -60.052776 23.523106 58.000000 
249.441650 -60.248177 23.528503 106.000000 
249.596344 -60.026169 23.529596 56.000000 
249.427368 -60.239262 23.524555 115.000000 
249.416138 -60.225739 23.523106 113.000000 
249.450592 -60.174362 23.522181 113.000000 
249.446625 -60.150246 23.526592 60.000000 
249.259308 -60.381924 23.521690 118.000000 
249.434555 -60.138187 23.524443 55.000000 
249.249741 -60.364777 23.521708 113.000000 
249.247574 -60.337051 23.527267 114.000000 
249.231842 -60.328938 23.522655 114.000000 
249.223526 -60.310261 23.523590 120.000000 
252.135895 -58.113419 23.551172 58.000000 
252.127213 -58.106743 23.549536 68.000000 
252.116791 -58.105923 23.542797 68.000000 
252.059753 -58.202286 23.543095 62.000000 
252.107239 -58.100391 23.539772 77.000000 
252.052734 -58.187649 23.547478 78.000000 
252.100876 -58.086304 23.544622 71.000000 
252.045792 -58.174778 23.550800 63.000000 
252.095963 -58.067848 23.553371 57.000000 
252.032639 -58.181171 23.537868 58.000000 
252.085587 -58.066906 23.546711 60.000000 
252.025284 -58.169735 23.539988 56.000000 
251.967743 -58.261520 23.547434 56.000000 
251.956131 -58.261814 23.539593 76.000000 
251.948669 -58.250107 23.541552 66.000000 
251.942871 -58.233929 23.547220 73.000000 
251.931793 -58.232624 23.540661 68.000000 
251.867584 -58.334206 23.543018 61.000000 
251.925034 -58.219410 23.543945 56.000000 
251.860092 -58.322212 23.544847 56.000000 
251.914520 -58.216549 23.538651 56.000000 
251.850372 -58.316208 23.541927 56.000000 
251.839996 -58.313465 23.536777 61.000000 
251.774551 -58.411839 23.545486 58.000000 
251.832626 -58.301426 23.538694 53.000000 
251.763367 -58.408607 23.540199 70.000000 
251.823654 -58.292053 23.538099 55.000000 
251.750458 -58.408031 23.532450 77.000000 
251.818756 -58.274067 23.544893 55.000000 
251.741714 -58.398689 23.531858 58.000000 
251.674423 -58.497116 23.544853 66.000000 
251.735489 -58.383331 23.535971 53.000000 
251.664200 -58.490578 23.541876 79.000000 
251.729355 -58.367981 23.540123 55.000000 
251.652695 -58.487034 23.536655 85.000000 
251.718231 -58.364582 23.534943 55.000000 
251.645782 -58.472874 23.539398 62.000000 
251.565689 -58.593403 23.539783 54.000000 
251.639603 -58.457211 23.543318 58.000000 
251.557251 -58.581978 23.540083 50.000000 
251.630157 -58.449070 23.541584 54.000000 
251.550919 -58.565979 23.543724 57.000000 
251.620743 -58.440903 23.539877 58.000000 
251.543991 -58.551510 23.546303 59.000000 
251.449020 -58.697624 23.533239 59.000000 
251.534317 -58.543087 23.544498 58.000000 
251.445450 -58.675137 23.540890 93.000000 
251.523972 -58.536152 23.541616 55.000000 
251.439819 -58.657265 23.545387 57.000000 
251.428406 -58.651581 23.541365 54.000000 
251.415527 -58.648884 23.535217 52.000000 
251.325256 -58.767029 23.542849 57.000000 
251.401871 -58.647640 23.528011 50.000000 
251.313492 -58.761013 23.538822 65.000000 
251.398727 -58.625202 23.535875 52.000000 
251.302505 -58.753433 23.535856 55.000000 
251.191391 -58.886250 23.534716 56.000000 
251.183289 -58.872189 23.535704 62.000000 
251.176056 -58.856598 23.537735 57.000000 
251.168076 -58.842529 23.538799 52.000000 
251.055298 -59.001186 23.535126 54.000000 
251.047012 -58.986729 23.535954 54.000000 
251.038788 -58.972263 23.536819 65.000000 
251.031494 -58.956268 23.538696 69.000000 
251.016495 -58.953960 23.531868 63.000000 
250.900772 -59.108242 23.536886 71.000000 
251.005829 -58.943996 23.529921 60.000000 
250.887024 -59.102531 23.531990 77.000000 
250.999557 -58.926445 23.532877 59.000000 
250.875046 -59.093716 23.528988 71.000000 
250.862213 -59.086384 23.525078 64.000000 
250.745575 -59.235443 23.540340 56.000000 
250.852997 -59.072933 23.524942 63.000000 
250.728607 -59.233887 23.532810 63.000000 
250.848389 -59.051903 23.529539 63.000000 
250.719055 -59.220039 23.532482 64.000000 
250.708633 -59.207699 23.531292 56.000000 
250.564590 -59.396206 23.531658 54.000000 
250.704834 -59.184715 23.536446 52.000000 
250.551773 -59.386463 23.528572 65.000000 
250.692642 -59.175385 23.533531 50.000000 
250.541901 -59.372108 23.528103 61.000000 
250.535950 -59.351650 23.531122 63.000000 
250.526199 -59.337276 23.530735 69.000000 
250.360931 -59.548336 23.526535 106.000000 
250.507675 -59.336498 23.522596 69.000000 
250.358704 -59.521252 23.532518 115.000000 
250.344528 -59.512440 23.528652 109.000000 
250.374344 -59.470955 23.523819 109.000000 
250.362228 -59.459019 23.521667 111.000000 
250.187424 -59.674656 23.524630 121.000000 
250.356277 -59.438011 23.524527 119.000000 
250.175797 -59.660664 23.523125 123.000000 
250.161087 -59.651176 23.519293 121.000000 
250.155838 -59.628071 23.522600 121.000000 
250.148605 -59.607998 23.524378 118.000000 
252.322159 -57.999802 23.543398 69.000000 
252.316513 -57.981888 23.547901 87.000000 
252.305801 -57.974632 23.544971 84.000000 
252.295090 -57.967342 23.542065 67.000000 
252.288910 -57.950943 23.545612 67.000000 
252.194321 -58.076340 23.548227 58.000000 
252.279785 -57.940586 23.544910 70.000000 
252.188797 -58.058075 23.552542 58.000000 
252.270691 -57.930210 23.544237 61.000000 
252.177063 -58.051979 23.548605 59.000000 
252.168518 -58.039780 23.548845 57.000000 
252.153641 -58.039654 23.540798 59.000000 
252.149170 -58.019863 23.546301 64.000000 
252.047012 -58.160694 23.546745 50.000000 
252.031235 -58.132488 23.549028 50.000000 
251.918243 -58.288765 23.546309 54.000000 
251.903198 -58.286453 23.539494 60.000000 
251.896790 -58.268879 23.542387 56.000000 
251.893967 -58.245255 23.549206 50.000000 
251.766144 -58.418842 23.542086 77.000000 
251.755951 -58.406944 23.540981 78.000000 
251.750336 -58.387424 23.544579 67.000000 
251.618881 -58.560783 23.545660 54.000000 
251.738449 -58.378536 23.541677 61.000000 
251.612076 -58.542351 23.548010 59.000000 
251.725662 -58.371120 23.537870 61.000000 
251.607224 -58.520874 23.552195 64.000000 
251.594025 -58.513107 23.548357 60.000000 
251.579269 -58.506340 23.543501 54.000000 
251.439255 -58.686577 23.548414 105.000000 
251.429413 -58.672230 23.547987 58.000000 
251.415741 -58.663944 23.544157 63.000000 
251.399124 -58.660152 23.537771 56.000000 
251.394974 -58.638649 23.541903 52.000000 
251.232819 -58.842941 23.541391 115.000000 
251.220627 -58.831039 23.539207 117.000000 
251.210510 -58.816082 23.538706 111.000000 
251.205551 -58.793560 23.542368 105.000000 
251.013947 -59.033203 23.533081 124.000000 
251.240860 -58.740242 23.544083 60.000000 
251.055893 -58.968616 23.539938 121.000000 
251.045395 -58.953068 23.539301 122.000000 
251.035614 -58.938049 23.538851 120.000000 
251.022034 -58.926971 23.535929 118.000000 
252.330582 -57.992893 23.544876 54.000000 
252.315903 -57.986149 23.540186 72.000000 
252.309021 -57.967213 23.542425 66.000000 
252.298309 -57.954334 23.541252 75.000000 
252.289627 -57.938416 23.541847 104.000000 
252.127472 -58.142605 23.540821 115.000000 
252.124420 -58.117077 23.546114 113.000000 
252.112335 -58.105190 23.544024 107.000000 
252.099274 -58.094776 23.541142 58.000000 
252.086227 -58.084320 23.538290 60.000000 
251.911667 -58.297565 23.541702 119.000000 
251.942551 -58.251873 23.538561 117.000000 
251.924728 -58.246849 23.532490 111.000000 
251.920029 -58.221703 23.536581 63.000000 
