ply
format ascii 1.0
comment Created by CloudCompare v2.14.alpha (Sep  7 2025)
comment Created 2025-11-10T17:31:30
obj_info Generated by CloudCompare!
element vertex 6242
property float x
property float y
property float z
property float intensity
end_header
253.012909 -57.447113 23.541859 68.000000 
253.003708 -57.441849 23.538946 74.000000 
252.995865 -57.432144 23.539892 71.000000 
252.989426 -57.418026 23.544716 68.000000 
252.929489 -57.521667 23.538988 72.000000 
252.980316 -57.412697 23.541878 71.000000 
252.922012 -57.510220 23.541056 61.000000 
252.972153 -57.404419 23.541630 74.000000 
252.917526 -57.489883 23.550671 68.000000 
252.964951 -57.393211 23.543983 52.000000 
252.905243 -57.493221 23.540283 60.000000 
252.956390 -57.386360 23.542503 78.000000 
252.897903 -57.481750 23.542446 61.000000 
252.836777 -57.582359 23.542799 64.000000 
252.888611 -57.476154 23.539616 58.000000 
252.828781 -57.572113 23.543550 60.000000 
252.880859 -57.466129 23.540583 51.000000 
252.817627 -57.570789 23.536985 66.000000 
252.809143 -57.561985 23.536562 55.000000 
252.749603 -57.650181 23.550247 52.000000 
252.802887 -57.547237 23.541075 52.000000 
252.736984 -57.651676 23.541363 56.000000 
252.794510 -57.538414 23.540714 54.000000 
252.726044 -57.648609 23.536066 55.000000 
252.786163 -57.529572 23.540379 53.000000 
252.718582 -57.636536 23.537960 59.000000 
252.713531 -57.618500 23.544680 56.000000 
252.642212 -57.730186 23.543043 54.000000 
252.634048 -57.719341 23.543615 70.000000 
252.692978 -57.609192 23.536644 53.000000 
252.624695 -57.711487 23.541887 72.000000 
252.552780 -57.820488 23.547218 54.000000 
252.616608 -57.700611 23.542519 65.000000 
252.544464 -57.809357 23.547653 69.000000 
252.603653 -57.699867 23.534861 57.000000 
252.535690 -57.797890 23.547974 64.000000 
252.595001 -57.690434 23.534374 57.000000 
252.528137 -57.785229 23.549610 64.000000 
252.588974 -57.675034 23.538607 57.000000 
252.515976 -57.783096 23.543331 58.000000 
252.413528 -57.863186 23.549715 51.000000 
252.403152 -57.856213 23.546856 50.000000 
253.906616 -56.741161 23.549604 54.000000 
253.899704 -56.732025 23.550863 56.000000 
253.891037 -56.725292 23.549295 68.000000 
253.882385 -56.718529 23.547752 58.000000 
253.823456 -56.819080 23.544191 57.000000 
253.871445 -56.719044 23.539797 52.000000 
253.865143 -56.704937 23.544733 56.000000 
253.858917 -56.690842 23.549711 56.000000 
253.729431 -56.884182 23.544109 61.000000 
253.719330 -56.879898 23.539997 70.000000 
253.711914 -56.868156 23.542040 68.000000 
253.707275 -56.848999 23.550261 60.000000 
253.638382 -56.962471 23.543030 58.000000 
253.698364 -56.841698 23.548687 70.000000 
253.630310 -56.951942 23.543715 61.000000 
253.687805 -56.838795 23.543440 66.000000 
253.622849 -56.939911 23.545630 58.000000 
253.676117 -56.838787 23.535738 55.000000 
253.612549 -56.935329 23.541584 52.000000 
253.605774 -56.921787 23.544760 58.000000 
253.533844 -57.034912 23.541677 59.000000 
253.594894 -56.918629 23.539557 56.000000 
253.526306 -57.022564 23.543453 61.000000 
253.586426 -56.909508 23.539185 56.000000 
253.515717 -57.017708 23.539423 52.000000 
253.448288 -57.116081 23.552477 56.000000 
253.505127 -57.012814 23.535410 55.000000 
253.434799 -57.117081 23.543890 74.000000 
253.497711 -57.000420 23.537275 63.000000 
253.423904 -57.111973 23.539852 74.000000 
253.491653 -56.985050 23.541523 57.000000 
253.413681 -57.105320 23.536970 56.000000 
253.483078 -56.975624 23.541111 50.000000 
253.407486 -57.089619 23.540943 51.000000 
253.310684 -57.185379 23.543314 50.000000 
253.305222 -57.167850 23.548195 53.000000 
253.207962 -57.316593 23.533041 67.000000 
253.295547 -57.159363 23.546476 50.000000 
253.204514 -57.294102 23.540796 65.000000 
253.197464 -57.279236 23.543247 62.000000 
253.174576 -57.267620 23.535372 50.000000 
253.081329 -57.390045 23.540106 61.000000 
253.068192 -57.385063 23.534971 58.000000 
253.058762 -57.374348 23.534164 57.000000 
253.054672 -57.354931 23.539780 57.000000 
252.953079 -57.496445 23.540525 59.000000 
253.047745 -57.339680 23.542171 59.000000 
252.939285 -57.493008 23.534586 65.000000 
253.037125 -57.330059 23.540287 52.000000 
252.929047 -57.481514 23.533548 61.000000 
252.924408 -57.461315 23.538734 57.000000 
252.812454 -57.616470 23.537203 51.000000 
252.915421 -57.450607 23.538055 51.000000 
252.803070 -57.605427 23.536339 57.000000 
252.904221 -57.442490 23.535248 51.000000 
252.797470 -57.586338 23.540215 61.000000 
252.787048 -57.574429 23.539135 57.000000 
252.656769 -57.753033 23.529425 52.000000 
252.774612 -57.567459 23.535311 55.000000 
252.658112 -57.721275 23.540453 71.000000 
252.763077 -57.558933 23.532486 54.000000 
252.645248 -57.713943 23.536589 71.000000 
252.636902 -57.698978 23.537434 66.000000 
252.622864 -57.695049 23.531895 71.000000 
252.510269 -57.836033 23.551685 50.000000 
252.613693 -57.681553 23.531866 63.000000 
252.495163 -57.831337 23.546055 56.000000 
252.610138 -57.659012 23.537516 59.000000 
252.481949 -57.823544 23.542246 51.000000 
252.473465 -57.808132 23.542973 51.000000 
254.799866 -56.056660 23.551754 60.000000 
254.789352 -56.055801 23.545059 74.000000 
254.779724 -56.051964 23.540941 86.000000 
254.773315 -56.037865 23.545847 77.000000 
254.714737 -56.136990 23.543646 62.000000 
254.766052 -56.026688 23.548216 71.000000 
254.705322 -56.131470 23.540775 78.000000 
254.756973 -56.021324 23.545458 77.000000 
254.697418 -56.121494 23.541695 78.000000 
254.748856 -56.013027 23.545303 60.000000 
254.692047 -56.104145 23.548935 68.000000 
254.681229 -56.102978 23.542364 59.000000 
254.620529 -56.202072 23.543762 64.000000 
254.674484 -56.090034 23.545895 60.000000 
254.613617 -56.188854 23.547037 76.000000 
254.663132 -56.090252 23.538094 60.000000 
254.604065 -56.183052 23.544207 69.000000 
254.657516 -56.074368 23.544214 50.000000 
254.594528 -56.177216 23.541397 64.000000 
254.532761 -56.271358 23.550030 67.000000 
254.585007 -56.171349 23.538609 62.000000 
254.524704 -56.260841 23.550756 64.000000 
254.577255 -56.159267 23.540638 56.000000 
254.513306 -56.257465 23.545382 61.000000 
254.572861 -56.140133 23.549015 54.000000 
254.502380 -56.254349 23.540163 58.000000 
254.496674 -56.239616 23.544714 56.000000 
254.425232 -56.351257 23.542889 69.000000 
254.490570 -56.224586 23.549164 55.000000 
254.413345 -56.349407 23.536524 64.000000 
254.478745 -56.220768 23.543743 59.000000 
254.405472 -56.334888 23.539246 77.000000 
254.335983 -56.437836 23.548998 72.000000 
254.401184 -56.315044 23.546976 64.000000 
254.323761 -56.435768 23.542704 95.000000 
254.389999 -56.311607 23.541857 53.000000 
254.316803 -56.421589 23.545515 65.000000 
254.382019 -56.300697 23.542625 59.000000 
254.311264 -56.404408 23.550640 75.000000 
254.301773 -56.396240 23.548973 67.000000 
254.219666 -56.519390 23.547056 54.000000 
254.289581 -56.394032 23.542767 52.000000 
254.216873 -56.495811 23.556324 60.000000 
254.279449 -56.387291 23.540003 64.000000 
254.205750 -56.490391 23.552382 65.000000 
254.197479 -56.478909 23.552887 56.000000 
254.107468 -56.612320 23.548363 91.000000 
254.182404 -56.484631 23.541508 54.000000 
254.099258 -56.602757 23.547903 82.000000 
254.176346 -56.468594 23.545389 56.000000 
254.087769 -56.596989 23.543964 73.000000 
254.079300 -56.585136 23.544344 62.000000 
254.072388 -56.570259 23.546909 54.000000 
253.973816 -56.703205 23.544132 61.000000 
254.065567 -56.555386 23.549513 59.000000 
253.968292 -56.684937 23.548534 67.000000 
254.055725 -56.546513 23.547842 54.000000 
253.959946 -56.670841 23.549721 64.000000 
253.950607 -56.660145 23.549000 64.000000 
253.939453 -56.654331 23.545319 55.000000 
253.696014 -56.914581 23.542318 57.000000 
253.686981 -56.901577 23.542360 59.000000 
253.675385 -56.893101 23.539520 56.000000 
253.548477 -57.065559 23.533709 66.000000 
253.669952 -56.874020 23.543526 55.000000 
253.545380 -57.041439 23.540117 67.000000 
253.661972 -56.859474 23.544651 51.000000 
253.532471 -57.034073 23.536291 55.000000 
253.525940 -57.016056 23.539049 59.000000 
253.519501 -56.998047 23.541849 61.000000 
253.385483 -57.173954 23.540771 54.000000 
253.510056 -56.986523 23.541077 52.000000 
253.208633 -57.326591 23.537485 58.000000 
253.206528 -57.300030 23.544031 65.000000 
253.014969 -57.460934 23.542418 112.000000 
253.001770 -57.450527 23.539503 121.000000 
252.984512 -57.446114 23.533314 111.000000 
252.980576 -57.422066 23.537909 109.000000 
252.795898 -57.650963 23.534060 122.000000 
252.973663 -57.402550 23.540070 58.000000 
252.788437 -57.630852 23.535830 119.000000 
252.777893 -57.615265 23.535284 108.000000 
252.771652 -57.593658 23.537937 114.000000 
252.803955 -57.546783 23.535975 68.000000 
252.787598 -57.538059 23.531456 52.000000 
255.688095 -55.378704 23.538633 57.000000 
255.675308 -55.385147 23.525486 74.000000 
255.670135 -55.366615 23.534172 80.000000 
255.660049 -55.364178 23.528757 77.000000 
255.651794 -55.355873 23.528507 77.000000 
255.595047 -55.447598 23.532764 72.000000 
255.642624 -55.353905 23.523403 83.000000 
255.587555 -55.439629 23.532684 61.000000 
255.636307 -55.339748 23.528366 83.000000 
255.579163 -55.431087 23.532341 65.000000 
255.632004 -55.319809 23.538544 83.000000 
255.567780 -55.431347 23.524467 63.000000 
255.511475 -55.517269 23.537279 54.000000 
255.561462 -55.416885 23.529215 58.000000 
255.499207 -55.518894 23.528254 71.000000 
255.554306 -55.401871 23.533726 56.000000 
255.485931 -55.519867 23.518944 70.000000 
255.545029 -55.396183 23.530968 54.000000 
255.480103 -55.503601 23.524694 73.000000 
255.474930 -55.485882 23.531721 60.000000 
255.407547 -55.593342 23.529568 69.000000 
255.465408 -55.479961 23.528925 60.000000 
255.398880 -55.584240 23.529079 76.000000 
255.456375 -55.474308 23.526287 56.000000 
255.393066 -55.569477 23.533564 66.000000 
255.383316 -55.563324 23.530733 66.000000 
255.312180 -55.673603 23.530348 62.000000 
255.371887 -55.559792 23.525375 62.000000 
255.303482 -55.662395 23.530809 67.000000 
255.363953 -55.549133 23.526201 59.000000 
255.292191 -55.658974 23.525600 77.000000 
255.283432 -55.649532 23.525091 72.000000 
255.215378 -55.747864 23.538380 75.000000 
255.272797 -55.644543 23.521091 64.000000 
255.203140 -55.745731 23.532070 90.000000 
255.265381 -55.632084 23.522984 54.000000 
255.190201 -55.745045 23.524633 79.000000 
255.259323 -55.616657 23.527266 72.000000 
255.180603 -55.736797 23.522907 75.000000 
255.175430 -55.721718 23.527197 55.000000 
255.094711 -55.840324 23.528969 75.000000 
255.169327 -55.705975 23.531244 57.000000 
255.084167 -55.833309 23.526068 79.000000 
255.158844 -55.697006 23.529333 53.000000 
255.076141 -55.818020 23.528440 77.000000 
255.068542 -55.804943 23.530033 66.000000 
254.978439 -55.936787 23.526976 100.000000 
255.058090 -55.797852 23.527218 53.000000 
254.969116 -55.926407 23.526207 84.000000 
255.049133 -55.787743 23.526653 54.000000 
254.961319 -55.912983 23.527618 71.000000 
254.952087 -55.902569 23.526913 67.000000 
254.863159 -56.015884 23.538111 50.000000 
254.939087 -55.899647 23.520849 59.000000 
254.848206 -56.015804 23.530006 65.000000 
254.837952 -56.006569 23.528164 66.000000 
254.825897 -56.002220 23.523363 66.000000 
254.730331 -56.131683 23.532679 56.000000 
254.820496 -55.983887 23.527838 56.000000 
254.718124 -56.125145 23.528746 65.000000 
254.815445 -55.963676 23.533264 57.000000 
254.707031 -56.115124 23.526707 71.000000 
254.695709 -56.106995 23.523834 57.000000 
254.689438 -56.089771 23.527050 50.000000 
254.576645 -56.244621 23.525667 69.000000 
254.569275 -56.228519 23.527607 75.000000 
254.566330 -56.204849 23.534454 59.000000 
254.425034 -56.401707 23.513628 52.000000 
254.551239 -56.202366 23.527710 57.000000 
254.422729 -56.375984 23.520926 83.000000 
254.538788 -56.195293 23.523911 51.000000 
254.420578 -56.350315 23.528282 89.000000 
254.411301 -56.336815 23.528194 71.000000 
254.394760 -56.335392 23.520630 61.000000 
254.282684 -56.474899 23.541721 50.000000 
254.383713 -56.324844 23.518723 55.000000 
254.265640 -56.473167 23.534286 66.000000 
254.253296 -56.463779 23.531378 61.000000 
254.240982 -56.454350 23.528496 52.000000 
254.080826 -56.635334 23.524509 106.000000 
254.067017 -56.626911 23.520700 66.000000 
254.062088 -56.604851 23.524710 56.000000 
254.056290 -56.584316 23.527901 61.000000 
253.883347 -56.773483 23.526918 106.000000 
253.874207 -56.756950 23.527302 105.000000 
253.866165 -56.738903 23.528557 51.000000 
253.853058 -56.728359 23.525705 58.000000 
253.672699 -56.949108 23.525661 120.000000 
253.656876 -56.941013 23.521130 122.000000 
253.643173 -56.929855 23.518209 120.000000 
253.632690 -56.914162 23.517696 123.000000 
253.661713 -56.871529 23.513237 103.000000 
256.590210 -54.685463 23.551811 79.000000 
256.579681 -54.684628 23.545105 86.000000 
256.570465 -54.679348 23.542259 83.000000 
256.560364 -54.676960 23.536861 68.000000 
256.506134 -54.763096 23.546345 85.000000 
256.555786 -54.657005 23.546919 74.000000 
256.495728 -54.760567 23.540955 78.000000 
256.546661 -54.651657 23.544144 74.000000 
256.487274 -54.752079 23.540600 70.000000 
256.538513 -54.643372 23.543968 71.000000 
256.476898 -54.749470 23.535244 65.000000 
256.528931 -54.639416 23.539944 57.000000 
256.470520 -54.735050 23.539968 61.000000 
256.409454 -54.835903 23.540400 67.000000 
256.463196 -54.723572 23.542213 52.000000 
256.400330 -54.828636 23.538744 73.000000 
256.454895 -54.715019 23.541969 58.000000 
256.394989 -54.810944 23.545704 72.000000 
256.384338 -54.808094 23.540422 61.000000 
256.318207 -54.914486 23.539721 66.000000 
256.374786 -54.802242 23.537615 60.000000 
256.316345 -54.887470 23.553564 58.000000 
256.365784 -54.794880 23.536062 51.000000 
256.304260 -54.887421 23.545925 62.000000 
256.358490 -54.783085 23.538235 68.000000 
256.294495 -54.881348 23.543091 58.000000 
256.284729 -54.875240 23.540276 58.000000 
256.217712 -54.976665 23.546946 58.000000 
256.274963 -54.869099 23.537483 55.000000 
256.205200 -54.976357 23.539408 67.000000 
256.270020 -54.851086 23.544344 53.000000 
256.195160 -54.969986 23.536552 65.000000 
256.123901 -55.077793 23.543219 52.000000 
256.187622 -54.957603 23.538397 59.000000 
256.117493 -55.062111 23.547100 79.000000 
256.181458 -54.942230 23.542620 67.000000 
256.103912 -55.063053 23.538540 95.000000 
256.170227 -54.938774 23.537500 65.000000 
256.098267 -55.045845 23.543625 89.000000 
256.161560 -54.929333 23.537094 51.000000 
256.089355 -55.036167 23.543064 72.000000 
256.007416 -55.159721 23.541590 52.000000 
256.081177 -55.024975 23.543673 63.000000 
255.998947 -55.148235 23.541992 69.000000 
256.070984 -55.018257 23.540890 65.000000 
255.994019 -55.129177 23.547947 75.000000 
256.058075 -55.017471 23.533558 63.000000 
255.986374 -55.116177 23.549526 65.000000 
255.892227 -55.259136 23.538975 71.000000 
255.973801 -55.113712 23.543392 68.000000 
255.889450 -55.235126 23.547815 67.000000 
255.964096 -55.105183 23.541708 65.000000 
255.877197 -55.230900 23.542789 68.000000 
255.957306 -55.090637 23.544489 68.000000 
255.866425 -55.223595 23.539927 68.000000 
255.854172 -55.219273 23.534941 62.000000 
255.763367 -55.337456 23.543198 66.000000 
255.850998 -55.196823 23.542881 61.000000 
255.752289 -55.329823 23.540304 67.000000 
255.843384 -55.183434 23.544413 61.000000 
255.740448 -55.323669 23.536396 69.000000 
255.738113 -55.299320 23.545002 61.000000 
255.631104 -55.451805 23.538965 69.000000 
255.728745 -55.288601 23.544285 59.000000 
255.627060 -55.430073 23.545084 68.000000 
255.716202 -55.283878 23.539423 61.000000 
255.619843 -55.414452 23.547235 57.000000 
255.608551 -55.406414 23.544394 59.000000 
255.498611 -55.558826 23.545050 58.000000 
255.594772 -55.402874 23.538555 68.000000 
255.487747 -55.548908 23.543095 69.000000 
255.580139 -55.400780 23.531723 53.000000 
255.478653 -55.535915 23.543108 69.000000 
255.469620 -55.522911 23.543159 63.000000 
255.453644 -55.522003 23.535465 58.000000 
255.340027 -55.671646 23.543909 100.000000 
255.448181 -55.502899 23.539473 54.000000 
255.329788 -55.659748 23.542868 75.000000 
255.316895 -55.652390 23.539053 71.000000 
255.304901 -55.643467 23.536201 66.000000 
255.186081 -55.795475 23.550056 56.000000 
255.303925 -55.616371 23.544634 70.000000 
255.169022 -55.793808 23.542648 76.000000 
255.158508 -55.781425 23.541548 68.000000 
255.157516 -55.753872 23.549488 59.000000 
255.144302 -55.746017 23.545767 55.000000 
254.994446 -55.941410 23.541861 112.000000 
254.992371 -55.914860 23.548422 108.000000 
254.983566 -55.898960 23.549000 64.000000 
254.966949 -55.895138 23.542704 54.000000 
254.818146 -56.080032 23.552988 121.000000 
254.803940 -56.071217 23.549238 121.000000 
254.789749 -56.062344 23.545519 120.000000 
254.775589 -56.053425 23.541828 111.000000 
254.764511 -56.039944 23.540651 113.000000 
254.589233 -56.255199 23.543871 123.000000 
254.577637 -56.241173 23.542519 120.000000 
254.563278 -56.229576 23.539486 118.000000 
254.561310 -56.201973 23.545313 114.000000 
257.472168 -54.005058 23.542912 63.000000 
257.465607 -53.990955 23.547718 78.000000 
257.458221 -53.981525 23.548857 71.000000 
257.449066 -53.976208 23.546026 68.000000 
257.390472 -54.075462 23.543983 78.000000 
257.438538 -53.976963 23.538204 71.000000 
257.384918 -54.059853 23.550003 61.000000 
257.430328 -53.968658 23.537981 68.000000 
257.376526 -54.051369 23.549646 58.000000 
257.423096 -53.957432 23.540365 65.000000 
257.367157 -54.045815 23.546803 54.000000 
257.309387 -54.137722 23.554527 54.000000 
257.417816 -53.940403 23.547955 58.000000 
257.356812 -54.043175 23.541460 56.000000 
257.296631 -54.140934 23.544281 66.000000 
257.349518 -54.031681 23.543694 56.000000 
257.287018 -54.135143 23.541391 66.000000 
257.344330 -54.014332 23.551012 54.000000 
257.277405 -54.129322 23.538521 66.000000 
257.215179 -54.225353 23.546370 54.000000 
257.268890 -54.120502 23.538132 68.000000 
257.204773 -54.220833 23.542248 64.000000 
257.264282 -54.101326 23.546387 60.000000 
257.196075 -54.211777 23.541735 66.000000 
257.254303 -54.095150 23.543459 60.000000 
257.187500 -54.200909 23.542303 70.000000 
257.244263 -54.090706 23.539459 64.000000 
257.181213 -54.185860 23.546646 70.000000 
257.108856 -54.300880 23.542782 65.000000 
257.173126 -54.177078 23.546366 69.000000 
257.100494 -54.291855 23.542339 63.000000 
257.162811 -54.172417 23.542364 57.000000 
257.092316 -54.280991 23.542948 70.000000 
257.152618 -54.165932 23.539448 58.000000 
257.081146 -54.275787 23.538771 72.000000 
257.010376 -54.381916 23.546459 64.000000 
257.072418 -54.266380 23.538265 64.000000 
257.002014 -54.370770 23.546932 84.000000 
257.061920 -54.259613 23.535307 66.000000 
256.991882 -54.362293 23.545025 85.000000 
257.053894 -54.248672 23.536032 57.000000 
256.980988 -54.357132 23.541012 65.000000 
257.048340 -54.233597 23.540451 57.000000 
256.969910 -54.353771 23.536024 62.000000 
256.895874 -54.459053 23.547945 54.000000 
256.962372 -54.341038 23.537752 58.000000 
256.886047 -54.450603 23.546137 66.000000 
256.958832 -54.321163 23.545361 57.000000 
256.876099 -54.443985 23.543394 70.000000 
256.867737 -54.432461 23.543848 59.000000 
256.778320 -54.564674 23.540911 87.000000 
256.860840 -54.417915 23.546551 53.000000 
256.769684 -54.552830 23.541183 76.000000 
256.851868 -54.407879 23.545965 54.000000 
256.761108 -54.540970 23.541489 66.000000 
256.840973 -54.400455 23.543049 56.000000 
256.755798 -54.521168 23.547054 61.000000 
256.745087 -54.513824 23.544212 55.000000 
256.650360 -54.639332 23.546885 61.000000 
256.732880 -54.509460 23.539242 61.000000 
256.637726 -54.634727 23.541904 69.000000 
256.720673 -54.505047 23.534290 50.000000 
256.629852 -54.620979 23.543186 67.000000 
256.532593 -54.755287 23.549362 56.000000 
256.618073 -54.614780 23.539295 64.000000 
256.522064 -54.745781 23.547421 68.000000 
256.611908 -54.597988 23.542730 59.000000 
256.506592 -54.745380 23.539482 65.000000 
256.604980 -54.582710 23.545162 51.000000 
256.495239 -54.737312 23.536585 66.000000 
256.487244 -54.723148 23.537743 54.000000 
256.384521 -54.861691 23.547270 58.000000 
256.483490 -54.701431 23.543982 52.000000 
256.367706 -54.862427 23.538519 63.000000 
256.473969 -54.690292 23.543201 55.000000 
256.359467 -54.847878 23.539486 63.000000 
256.354767 -54.827255 23.544380 60.000000 
256.343201 -54.818760 23.541536 57.000000 
256.219543 -54.984879 23.539351 85.000000 
256.334259 -54.805702 23.541643 54.000000 
256.216522 -54.960770 23.545769 68.000000 
256.200928 -54.957951 23.539135 67.000000 
256.075409 -55.122742 23.545942 54.000000 
256.187134 -54.952030 23.534391 64.000000 
256.074158 -55.095135 23.553734 61.000000 
256.181274 -54.934429 23.537325 66.000000 
256.059631 -55.090881 23.548252 74.000000 
256.044464 -55.086094 23.542645 70.000000 
256.034973 -55.072163 23.542467 60.000000 
255.892334 -55.255127 23.545565 75.000000 
256.023651 -55.061237 23.540522 57.000000 
255.884384 -55.237698 23.546907 72.000000 
255.868698 -55.232407 23.541389 75.000000 
255.857910 -55.219482 23.540215 63.000000 
255.849518 -55.201511 23.541531 69.000000 
255.685211 -55.408909 23.539339 121.000000 
255.681061 -55.384850 23.543804 121.000000 
255.677032 -55.360817 23.548325 119.000000 
255.661896 -55.353397 23.543795 109.000000 
255.478149 -55.582989 23.539993 125.000000 
255.648422 -55.344936 23.540262 102.000000 
255.474487 -55.558907 23.544237 120.000000 
255.460815 -55.547882 23.541290 120.000000 
255.448593 -55.533249 23.539814 120.000000 
255.430740 -55.528141 23.533779 119.000000 
258.360748 -53.305965 23.545603 55.000000 
258.349335 -53.308022 23.536285 71.000000 
258.340576 -53.301216 23.534679 74.000000 
258.333191 -53.290005 23.536955 58.000000 
258.275757 -53.384861 23.538736 65.000000 
258.328644 -53.270035 23.546997 74.000000 
258.264862 -53.383759 23.532047 64.000000 
258.318604 -53.267567 23.541609 60.000000 
258.258850 -53.367836 23.537931 63.000000 
258.307617 -53.269684 23.532499 65.000000 
258.254913 -53.347790 23.547779 63.000000 
258.300415 -53.258427 23.534893 65.000000 
258.245605 -53.342197 23.544937 58.000000 
258.235260 -53.339512 23.539593 60.000000 
258.174194 -53.438469 23.540894 56.000000 
258.224945 -53.336777 23.534262 60.000000 
258.165131 -53.431152 23.539232 66.000000 
258.217255 -53.324959 23.536394 52.000000 
258.155640 -53.423519 23.537455 60.000000 
258.145538 -53.419102 23.533379 64.000000 
258.085541 -53.507191 23.546839 54.000000 
258.140350 -53.403160 23.539333 62.000000 
258.075684 -53.502911 23.542891 55.000000 
258.131439 -53.395760 23.537777 66.000000 
258.064758 -53.499775 23.537617 55.000000 
257.992126 -53.614822 23.533802 51.000000 
258.123108 -53.386868 23.537483 70.000000 
258.056183 -53.490654 23.537165 55.000000 
257.986328 -53.597923 23.539017 58.000000 
257.973175 -53.599052 23.530258 64.000000 
257.964996 -53.588135 23.530865 65.000000 
257.960022 -53.569736 23.537361 59.000000 
257.884949 -53.684605 23.537884 76.000000 
257.951324 -53.560307 23.536867 67.000000 
257.873993 -53.679447 23.533813 85.000000 
257.941376 -53.553829 23.534052 57.000000 
257.868347 -53.662209 23.538872 67.000000 
257.928223 -53.554729 23.525375 82.000000 
257.860138 -53.650993 23.539413 75.000000 
257.780548 -53.768250 23.542154 52.000000 
257.849274 -53.645756 23.535421 62.000000 
257.773499 -53.753719 23.544737 69.000000 
257.837738 -53.641968 23.530306 60.000000 
257.763733 -53.745232 23.542934 68.000000 
257.833038 -53.623238 23.536655 63.000000 
257.753967 -53.736717 23.541157 65.000000 
257.663666 -53.870335 23.536940 71.000000 
257.742493 -53.728973 23.538013 59.000000 
257.656189 -53.853188 23.540113 76.000000 
257.734222 -53.717403 23.538513 55.000000 
257.646149 -53.844353 23.538260 66.000000 
257.729980 -53.700546 23.543776 61.000000 
257.637207 -53.836224 23.536722 73.000000 
257.627258 -53.827335 23.534922 66.000000 
257.531433 -53.954338 23.536564 50.000000 
257.624146 -53.804886 23.542850 62.000000 
257.523499 -53.940582 23.537786 63.000000 
257.615021 -53.794479 23.542198 68.000000 
257.516418 -53.925304 23.540091 67.000000 
257.505432 -53.917583 23.537216 67.000000 
257.404358 -54.057606 23.539053 56.000000 
257.492065 -53.914349 23.531231 59.000000 
257.399567 -54.037392 23.544153 62.000000 
257.485962 -53.897530 23.534681 64.000000 
257.387451 -54.030857 23.540234 62.000000 
257.376190 -54.022770 23.537346 57.000000 
257.361572 -54.020679 23.530441 52.000000 
257.255676 -54.163399 23.536762 72.000000 
257.355377 -54.003468 23.533672 55.000000 
257.240570 -54.161003 23.529930 69.000000 
257.234985 -54.141865 23.533831 65.000000 
257.101715 -54.325104 23.521481 57.000000 
257.224274 -54.131817 23.531925 59.000000 
257.099396 -54.299393 23.528759 78.000000 
257.219727 -54.111187 23.536886 59.000000 
257.086456 -54.291977 23.524853 89.000000 
257.081635 -54.270866 23.529419 75.000000 
257.075134 -54.252808 23.532154 63.000000 
257.065063 -54.240791 23.531170 57.000000 
256.935944 -54.407284 23.535440 69.000000 
257.053162 -54.231762 23.528336 56.000000 
256.930176 -54.387276 23.538809 68.000000 
256.919769 -54.374844 23.537710 61.000000 
256.906555 -54.366917 23.533932 56.000000 
256.762756 -54.551289 23.535898 75.000000 
256.893341 -54.358940 23.530178 50.000000 
256.753906 -54.535336 23.536392 66.000000 
256.739197 -54.528446 23.531729 54.000000 
256.725494 -54.519989 23.527958 61.000000 
256.572845 -54.709087 23.535719 121.000000 
256.715790 -54.505470 23.527693 56.000000 
256.554565 -54.706219 23.528591 123.000000 
256.543365 -54.692699 23.527285 115.000000 
256.535309 -54.674641 23.528505 109.000000 
256.531403 -54.650578 23.533096 113.000000 
256.347046 -54.877388 23.529495 121.000000 
256.334412 -54.864784 23.527300 123.000000 
256.327057 -54.844639 23.529099 122.000000 
256.313446 -54.833488 23.526188 120.000000 
256.295593 -54.828270 23.520134 52.000000 
259.254578 -52.614754 23.555202 60.000000 
259.245850 -52.608006 23.553610 74.000000 
259.234406 -52.610027 23.544338 77.000000 
259.227997 -52.595901 23.549206 77.000000 
259.169678 -52.693573 23.548433 65.000000 
259.218842 -52.590534 23.546392 68.000000 
259.163208 -52.679161 23.553055 73.000000 
259.212097 -52.577862 23.550041 55.000000 
259.151367 -52.680996 23.543911 73.000000 
259.205872 -52.563744 23.555019 63.000000 
259.147491 -52.659199 23.554878 68.000000 
259.140656 -52.648010 23.557236 54.000000 
259.076843 -52.755894 23.551161 52.000000 
259.129852 -52.646805 23.550663 50.000000 
259.068298 -52.747124 23.550726 71.000000 
259.059418 -52.736267 23.551260 68.000000 
259.050446 -52.728943 23.549656 58.000000 
259.041870 -52.723656 23.547123 60.000000 
258.981476 -52.813080 23.559301 51.000000 
258.971161 -52.808514 23.555241 50.000000 
258.960815 -52.803913 23.551199 56.000000 
258.949310 -52.802238 23.544773 51.000000 
258.882568 -52.901920 23.552561 54.000000 
258.870697 -52.900070 23.546175 67.000000 
258.859436 -52.896671 23.540972 67.000000 
258.787781 -53.004219 23.547586 52.000000 
258.852234 -52.880627 23.544859 61.000000 
258.780396 -52.987850 23.551163 69.000000 
258.848663 -52.859276 23.553761 67.000000 
258.766174 -52.990250 23.541452 85.000000 
258.838470 -52.856449 23.548914 53.000000 
258.762909 -52.970673 23.549086 79.000000 
258.828583 -52.849964 23.546154 57.000000 
258.758087 -52.951965 23.555342 62.000000 
258.673798 -53.079662 23.550245 52.000000 
258.746582 -52.948254 23.550245 65.000000 
258.668884 -53.060589 23.556152 66.000000 
258.736450 -52.941509 23.547451 65.000000 
258.662659 -53.044563 23.559900 72.000000 
258.724274 -52.939198 23.541248 50.000000 
258.648682 -53.045128 23.551521 63.000000 
258.556946 -53.181694 23.545250 96.000000 
258.641144 -53.032089 23.553120 59.000000 
258.554260 -53.157681 23.554085 82.000000 
258.629333 -53.028042 23.548100 63.000000 
258.543518 -53.150387 23.551188 78.000000 
258.623322 -53.011986 23.551983 65.000000 
258.529053 -53.150616 23.542948 67.000000 
258.519073 -53.141724 23.541168 57.000000 
258.429443 -53.256512 23.551350 58.000000 
258.515991 -53.119270 23.549099 59.000000 
258.416840 -53.251892 23.546370 60.000000 
258.511505 -53.099857 23.554928 59.000000 
258.412964 -53.230560 23.552847 57.000000 
258.300201 -53.364281 23.550867 62.000000 
258.392700 -53.212112 23.549271 50.000000 
258.292175 -53.350166 23.551964 57.000000 
258.385834 -53.196835 23.551702 67.000000 
258.286682 -53.331497 23.556114 50.000000 
258.265900 -53.312325 23.552452 50.000000 
258.145264 -53.452450 23.551678 56.000000 
258.135712 -53.439007 23.551577 61.000000 
258.123291 -53.432018 23.547762 55.000000 
258.006592 -53.585693 23.552954 63.000000 
258.114990 -53.419384 23.548010 63.000000 
257.995239 -53.577267 23.550180 63.000000 
257.981476 -53.571396 23.545416 59.000000 
257.975006 -53.553368 23.548172 61.000000 
257.850220 -53.713989 23.556189 63.000000 
257.969574 -53.533848 23.551914 75.000000 
257.837891 -53.704674 23.553253 69.000000 
257.960541 -53.520359 23.551941 50.000000 
257.829346 -53.689259 23.553946 60.000000 
257.824707 -53.667786 23.558281 59.000000 
257.674866 -53.862999 23.554102 75.000000 
257.816925 -53.652840 23.559200 58.000000 
257.666962 -53.845581 23.555449 72.000000 
257.656219 -53.832710 23.554249 72.000000 
257.647491 -53.816792 23.554811 69.000000 
257.635864 -53.805386 23.552822 66.000000 
257.481476 -53.997253 23.558537 111.000000 
257.472412 -53.980831 23.558893 113.000000 
257.455231 -53.976475 23.552685 111.000000 
257.442169 -53.966022 23.549807 102.000000 
257.269592 -54.178631 23.554567 124.000000 
257.437347 -53.943520 23.553587 113.000000 
257.258026 -54.164627 23.553164 119.000000 
257.243347 -54.155113 23.549437 120.000000 
257.236084 -54.135033 23.551262 121.000000 
257.233185 -54.108967 23.556295 120.000000 
260.138000 -51.924927 23.559521 73.000000 
260.129272 -51.916409 23.559036 85.000000 
260.117828 -51.918407 23.549753 86.000000 
260.106354 -51.920338 23.540472 77.000000 
260.053284 -52.000305 23.555248 78.000000 
260.100922 -51.903229 23.547895 80.000000 
260.044861 -51.991783 23.554831 73.000000 
260.096497 -51.883232 23.557940 58.000000 
260.032013 -51.996540 23.543163 67.000000 
260.085541 -51.883614 23.550001 60.000000 
260.026642 -51.979107 23.550314 64.000000 
259.968781 -52.069347 23.559586 52.000000 
260.022369 -51.958755 23.560024 56.000000 
259.954407 -52.076973 23.545660 66.000000 
259.947449 -52.063675 23.548853 73.000000 
260.002808 -51.950371 23.551891 50.000000 
259.941132 -52.048897 23.553310 71.000000 
259.930481 -52.045971 23.547993 64.000000 
259.867004 -52.142998 23.554659 56.000000 
259.923096 -52.035912 23.548975 66.000000 
259.861145 -52.128227 23.559042 61.000000 
259.914703 -52.027020 23.548615 55.000000 
259.852539 -52.119133 23.558538 61.000000 
259.906342 -52.018112 23.548281 52.000000 
259.840454 -52.118961 23.550879 58.000000 
259.771729 -52.223209 23.555517 58.000000 
259.830719 -52.112782 23.548023 55.000000 
259.759827 -52.221355 23.549089 62.000000 
259.750427 -52.213440 23.547331 59.000000 
259.818542 -52.082581 23.556801 55.000000 
259.740387 -52.206997 23.544434 57.000000 
259.672272 -52.305298 23.558096 66.000000 
259.733704 -52.191235 23.548420 50.000000 
259.660828 -52.299828 23.553865 90.000000 
259.647247 -52.300678 23.545269 89.000000 
259.641663 -52.283401 23.550297 79.000000 
259.636841 -52.264645 23.556509 63.000000 
259.625824 -52.261223 23.551529 58.000000 
259.544830 -52.379475 23.553379 66.000000 
259.614990 -52.255924 23.547562 62.000000 
259.537903 -52.364899 23.555971 65.000000 
259.528870 -52.354847 23.555294 65.000000 
259.438110 -52.488171 23.551460 71.000000 
259.520630 -52.343269 23.555750 54.000000 
259.432495 -52.470200 23.555973 67.000000 
259.504425 -52.348171 23.544060 52.000000 
259.421753 -52.462856 23.553043 62.000000 
259.501343 -52.326065 23.552326 56.000000 
259.412537 -52.452457 23.552280 64.000000 
259.401855 -52.445053 23.549402 59.000000 
259.304810 -52.573246 23.550388 55.000000 
259.391174 -52.437611 23.546549 55.000000 
259.292419 -52.566658 23.546263 60.000000 
259.387665 -52.414764 23.554337 53.000000 
259.290131 -52.542248 23.554766 56.000000 
259.184906 -52.689838 23.552114 50.000000 
259.282928 -52.528843 23.556190 55.000000 
259.175720 -52.679134 23.551281 59.000000 
259.273621 -52.518059 23.555428 51.000000 
259.166046 -52.668003 23.550327 60.000000 
259.161377 -52.647755 23.555429 59.000000 
259.150940 -52.638119 23.553545 51.000000 
259.040802 -52.788322 23.555365 58.000000 
259.141418 -52.626945 23.552696 50.000000 
259.031738 -52.775288 23.555296 69.000000 
259.021851 -52.763756 23.554295 65.000000 
259.011139 -52.753716 23.552355 58.000000 
258.996063 -52.751198 23.545589 57.000000 
258.879608 -52.903149 23.552317 82.000000 
258.866730 -52.895733 23.548424 66.000000 
258.854736 -52.886749 23.545488 57.000000 
258.847382 -52.870174 23.547260 71.000000 
258.725647 -53.024437 23.559425 57.000000 
258.841949 -52.850590 23.550947 56.000000 
258.704834 -53.028740 23.548384 72.000000 
258.698151 -53.010204 23.550817 70.000000 
258.698242 -52.981102 23.559591 60.000000 
258.543793 -53.182060 23.552507 105.000000 
258.687958 -52.968643 23.558521 61.000000 
258.531982 -53.170639 23.550362 106.000000 
258.531036 -53.142532 23.557716 69.000000 
258.517365 -53.134109 23.553926 63.000000 
258.506714 -53.121120 23.552753 75.000000 
258.347534 -53.318691 23.555788 120.000000 
258.339417 -53.300667 23.556911 109.000000 
258.328369 -53.287170 23.555609 109.000000 
258.311157 -53.282669 23.549389 60.000000 
258.134979 -53.497341 23.553102 118.000000 
258.303253 -53.264599 23.550632 55.000000 
258.125488 -53.480225 23.553221 118.000000 
258.115021 -53.464611 23.552595 117.000000 
258.105652 -53.447475 23.552797 117.000000 
258.098114 -53.429390 23.553976 121.000000 
261.033783 -51.242203 23.551401 57.000000 
261.020966 -51.248623 23.538261 78.000000 
261.010345 -51.247635 23.531527 86.000000 
261.001099 -51.242214 23.528660 80.000000 
260.946960 -51.325443 23.541159 57.000000 
260.993713 -51.230930 23.530958 71.000000 
260.936035 -51.324295 23.534483 67.000000 
260.988739 -51.212368 23.539736 63.000000 
260.926056 -51.320137 23.530327 68.000000 
260.977203 -51.214153 23.530497 65.000000 
260.917572 -51.311527 23.529957 65.000000 
260.969971 -51.202843 23.532890 77.000000 
260.913208 -51.291145 23.539684 60.000000 
260.902283 -51.289856 23.533081 50.000000 
260.837433 -51.397919 23.527716 64.000000 
260.894470 -51.279739 23.534061 54.000000 
260.832062 -51.380131 23.534636 64.000000 
260.822998 -51.372723 23.532999 58.000000 
260.814392 -51.365589 23.531530 52.000000 
260.752289 -51.458286 23.541996 55.000000 
260.803680 -51.362545 23.526243 50.000000 
260.741241 -51.455128 23.536709 53.000000 
260.794647 -51.355053 23.524675 54.000000 
260.723358 -51.438263 23.534582 51.000000 
260.652985 -51.545647 23.537096 62.000000 
260.714752 -51.429062 23.534159 51.000000 
260.641022 -51.543709 23.530682 61.000000 
260.630890 -51.537224 23.527786 61.000000 
260.623352 -51.524734 23.529593 57.000000 
260.548981 -51.636768 23.533251 72.000000 
260.617126 -51.509262 23.533777 53.000000 
260.532623 -51.643589 23.520103 85.000000 
260.606628 -51.502384 23.530823 67.000000 
260.529724 -51.618393 23.530672 72.000000 
260.595978 -51.497284 23.526859 72.000000 
260.522766 -51.604092 23.533482 67.000000 
260.514343 -51.594620 23.533054 62.000000 
260.431763 -51.716297 23.533176 63.000000 
260.504089 -51.587776 23.530230 63.000000 
260.425415 -51.700157 23.536882 70.000000 
260.491791 -51.585361 23.523998 72.000000 
260.414856 -51.693066 23.533997 68.000000 
260.402893 -51.688938 23.528919 68.000000 
260.319611 -51.805767 23.537413 87.000000 
260.391632 -51.683266 23.524969 63.000000 
260.302032 -51.811996 23.524841 89.000000 
260.386963 -51.664101 23.531034 61.000000 
260.294922 -51.796974 23.527290 70.000000 
260.282013 -51.792130 23.522114 62.000000 
260.193176 -51.904083 23.535332 59.000000 
260.276520 -51.774082 23.526787 66.000000 
260.181000 -51.899746 23.530470 65.000000 
260.270905 -51.757931 23.530567 59.000000 
260.173859 -51.884373 23.532759 66.000000 
260.165955 -51.870510 23.534046 61.000000 
260.059357 -52.019737 23.530813 50.000000 
260.156525 -51.859657 23.533285 61.000000 
260.047882 -52.011578 23.527857 59.000000 
260.147919 -51.847282 23.533600 55.000000 
260.040558 -51.995808 23.529955 68.000000 
260.030823 -51.984573 23.529076 63.000000 
259.915527 -52.114552 23.536484 61.000000 
260.006409 -51.971062 23.521351 51.000000 
259.905518 -52.102959 23.535490 59.000000 
259.892059 -52.097393 23.530643 60.000000 
259.766083 -52.266888 23.527813 52.000000 
259.880371 -52.088757 23.527765 59.000000 
259.758392 -52.250267 23.529482 68.000000 
259.872223 -52.074059 23.528812 60.000000 
259.742615 -52.247322 23.522783 82.000000 
259.733215 -52.233700 23.522654 57.000000 
259.725708 -52.217037 23.524435 52.000000 
259.578064 -52.383606 23.521898 66.000000 
259.570251 -52.366478 23.523438 67.000000 
259.571106 -52.335758 23.533129 56.000000 
259.559692 -52.324699 23.531158 59.000000 
259.402466 -52.528778 23.523193 104.000000 
259.547363 -52.315105 23.528316 52.000000 
259.393433 -52.512669 23.523664 108.000000 
259.390411 -52.487492 23.529362 64.000000 
259.225250 -52.664928 23.536343 57.000000 
259.359833 -52.474796 23.519268 51.000000 
259.200745 -52.671013 23.524292 112.000000 
259.189423 -52.657368 23.522984 115.000000 
259.175079 -52.648201 23.519230 117.000000 
259.169037 -52.626991 23.522133 113.000000 
258.984314 -52.854355 23.520620 119.000000 
258.969391 -52.844597 23.516840 120.000000 
258.962952 -52.822784 23.519400 121.000000 
259.004700 -52.762024 23.524303 115.000000 
261.922058 -50.565220 23.556293 50.000000 
261.915924 -50.551304 23.561111 60.000000 
261.907166 -50.544495 23.559437 81.000000 
261.894806 -50.551151 23.546421 90.000000 
261.886047 -50.544262 23.544775 77.000000 
261.831299 -50.628700 23.556032 60.000000 
261.876404 -50.538540 23.541723 74.000000 
261.820404 -50.625797 23.550409 67.000000 
261.869080 -50.527222 23.543976 68.000000 
261.810486 -50.621647 23.546200 78.000000 
261.864227 -50.508621 23.552691 63.000000 
261.801056 -50.615982 23.543259 67.000000 
261.854187 -50.506027 23.547293 63.000000 
261.792664 -50.607342 23.542847 70.000000 
261.736267 -50.691605 23.557398 52.000000 
261.787903 -50.588390 23.551252 59.000000 
261.719696 -50.705116 23.538553 66.000000 
261.779083 -50.581203 23.549648 56.000000 
261.711639 -50.694721 23.539257 73.000000 
261.769257 -50.576916 23.545551 50.000000 
261.706940 -50.675411 23.547338 70.000000 
261.639648 -50.781536 23.547245 63.000000 
261.699005 -50.665012 23.548113 73.000000 
261.632660 -50.767883 23.550207 79.000000 
261.688354 -50.661980 23.542778 63.000000 
261.626312 -50.752743 23.554401 79.000000 
261.676544 -50.661850 23.534996 62.000000 
261.614166 -50.752529 23.546688 63.000000 
261.672119 -50.642563 23.543236 50.000000 
261.609711 -50.732906 23.554539 61.000000 
261.536163 -50.847462 23.551134 70.000000 
261.598785 -50.729649 23.549259 56.000000 
261.527344 -50.838009 23.550480 77.000000 
261.590271 -50.720417 23.548796 53.000000 
261.514160 -50.839039 23.541704 66.000000 
261.583008 -50.708214 23.550762 53.000000 
261.506012 -50.828026 23.542263 62.000000 
261.433960 -50.933739 23.550543 76.000000 
261.498566 -50.815514 23.544022 57.000000 
261.420349 -50.934551 23.541889 79.000000 
261.492432 -50.800014 23.548155 53.000000 
261.410034 -50.927757 23.538908 75.000000 
261.482513 -50.793438 23.545301 53.000000 
261.403076 -50.913418 23.541622 63.000000 
261.396912 -50.897579 23.545509 62.000000 
261.315430 -51.015953 23.547939 66.000000 
261.388733 -50.886242 23.546028 72.000000 
261.304169 -51.010380 23.543850 75.000000 
261.377869 -50.880856 23.542021 65.000000 
261.301483 -50.986668 23.553009 73.000000 
261.205139 -51.130722 23.542208 62.000000 
261.293182 -50.975037 23.553396 55.000000 
261.197968 -51.115711 23.544497 81.000000 
261.277679 -50.978401 23.542761 58.000000 
261.187866 -51.106766 23.542555 84.000000 
261.268982 -50.970425 23.541271 63.000000 
261.178131 -51.100052 23.539869 67.000000 
261.168854 -51.089542 23.539049 67.000000 
261.079498 -51.198841 23.552898 50.000000 
261.158539 -51.078259 23.537970 65.000000 
261.066864 -51.194126 23.547825 63.000000 
261.152405 -51.061699 23.541512 61.000000 
261.053406 -51.190872 23.541735 67.000000 
261.049561 -51.169422 23.548117 66.000000 
261.040710 -51.158955 23.547421 66.000000 
260.929291 -51.315113 23.539045 65.000000 
261.031372 -51.148071 23.546608 64.000000 
260.922852 -51.297798 23.542046 53.000000 
260.915100 -51.281593 23.543940 56.000000 
260.908844 -51.264294 23.547028 59.000000 
260.796936 -51.415737 23.548342 63.000000 
260.894196 -51.262066 23.540094 55.000000 
260.785248 -51.407162 23.545324 61.000000 
260.775330 -51.395519 23.544271 56.000000 
260.764557 -51.385368 23.542282 51.000000 
260.641296 -51.547981 23.543058 68.000000 
260.752045 -51.378201 23.538380 56.000000 
260.627411 -51.541996 23.538151 77.000000 
260.618073 -51.528370 23.537930 64.000000 
260.606964 -51.517754 23.535877 63.000000 
260.604462 -51.495956 23.541636 64.000000 
260.470215 -51.670120 23.542778 73.000000 
260.599030 -51.476292 23.545275 50.000000 
260.457794 -51.660599 23.539740 68.000000 
260.449524 -51.642998 23.541069 64.000000 
260.447693 -51.616829 23.547989 58.000000 
260.283630 -51.829063 23.534634 109.000000 
260.433868 -51.608276 23.544016 54.000000 
260.279907 -51.803345 23.540007 114.000000 
260.276978 -51.778164 23.545589 66.000000 
260.267517 -51.766090 23.544626 63.000000 
260.105713 -51.966721 23.546890 62.000000 
260.254822 -51.755993 23.541672 63.000000 
260.095490 -51.951622 23.546272 121.000000 
260.077484 -51.946533 23.539778 122.000000 
260.070435 -51.926857 23.541708 120.000000 
260.057922 -51.916721 23.538876 109.000000 
259.878052 -52.135975 23.541134 121.000000 
259.863251 -52.126255 23.537262 123.000000 
259.898102 -52.071945 23.537819 122.000000 
259.888672 -52.054657 23.537954 120.000000 
259.881104 -52.036438 23.539070 64.000000 
262.823181 -49.861481 23.559788 73.000000 
262.815308 -49.851776 23.560665 83.000000 
262.807892 -49.840591 23.562857 80.000000 
262.797852 -49.838200 23.557381 68.000000 
262.739075 -49.937496 23.555452 78.000000 
262.789612 -49.829910 23.557058 71.000000 
262.733459 -49.921848 23.561378 58.000000 
262.779114 -49.832363 23.548040 61.000000 
262.725525 -49.913620 23.561081 60.000000 
262.773254 -49.816738 23.554201 71.000000 
262.715668 -49.911293 23.555790 61.000000 
262.660217 -49.993980 23.570860 54.000000 
262.766998 -49.802582 23.559113 74.000000 
262.706848 -49.902462 23.555246 54.000000 
262.647034 -49.998711 23.559324 71.000000 
262.697998 -49.895363 23.553617 50.000000 
262.637421 -49.992920 23.556355 73.000000 
262.626282 -49.989780 23.550806 71.000000 
262.685608 -49.864708 23.564173 52.000000 
262.618866 -49.977978 23.552786 67.000000 
262.557404 -50.070732 23.562847 72.000000 
262.614136 -49.960537 23.559862 67.000000 
262.544678 -50.073997 23.552851 72.000000 
262.602448 -49.960564 23.552067 61.000000 
262.537140 -50.061913 23.554667 70.000000 
262.593597 -49.951389 23.551535 76.000000 
262.531494 -50.043541 23.561163 72.000000 
262.521759 -50.037422 23.558258 62.000000 
262.447174 -50.156727 23.550791 56.000000 
262.513123 -50.030090 23.556721 61.000000 
262.442505 -50.138626 23.557278 64.000000 
262.502258 -50.026878 23.551453 56.000000 
262.430664 -50.136749 23.550827 77.000000 
262.359680 -50.242859 23.558558 56.000000 
262.422638 -50.124008 23.552422 57.000000 
262.350800 -50.231361 23.558786 79.000000 
262.412689 -50.117561 23.549519 53.000000 
262.339233 -50.227745 23.553528 79.000000 
262.405914 -50.103630 23.552498 52.000000 
262.329620 -50.219555 23.551693 69.000000 
262.399200 -50.089703 23.555517 50.000000 
262.320709 -50.209827 23.551022 63.000000 
262.245850 -50.316536 23.561750 56.000000 
262.314362 -50.195919 23.553944 52.000000 
262.233093 -50.316021 23.554489 66.000000 
262.307556 -50.181675 23.556757 60.000000 
262.222595 -50.309032 23.551502 72.000000 
262.298309 -50.171577 23.556040 53.000000 
262.217896 -50.288063 23.558344 65.000000 
262.127655 -50.421734 23.554237 71.000000 
262.211029 -50.273502 23.560957 58.000000 
262.116119 -50.415966 23.550138 82.000000 
262.199219 -50.269470 23.555847 56.000000 
262.109009 -50.401039 23.552488 73.000000 
262.188843 -50.262390 23.552977 55.000000 
262.102692 -50.384602 23.555952 67.000000 
262.010162 -50.507683 23.560974 65.000000 
262.089539 -50.383659 23.548861 64.000000 
262.000641 -50.497013 23.560020 66.000000 
262.085602 -50.362679 23.555620 55.000000 
261.988861 -50.490891 23.555983 72.000000 
262.070404 -50.364296 23.546270 52.000000 
261.977844 -50.483208 23.553007 67.000000 
261.877960 -50.622089 23.556206 69.000000 
261.965515 -50.476616 23.548870 61.000000 
261.871674 -50.602982 23.560019 80.000000 
261.958496 -50.461300 23.551161 67.000000 
261.855469 -50.604118 23.550980 71.000000 
261.956360 -50.436951 23.559755 59.000000 
261.844116 -50.596046 23.547981 64.000000 
261.836090 -50.581863 23.549040 60.000000 
261.727234 -50.731037 23.551716 56.000000 
261.831207 -50.563545 23.553307 52.000000 
261.717834 -50.719963 23.550758 67.000000 
261.705292 -50.713017 23.546768 61.000000 
261.702576 -50.687370 23.554321 67.000000 
261.693604 -50.674316 23.554293 72.000000 
261.568054 -50.843403 23.550053 92.000000 
261.683807 -50.662758 23.553326 61.000000 
261.563202 -50.822311 23.554497 71.000000 
261.547638 -50.819481 23.547750 67.000000 
261.421265 -50.983742 23.554361 54.000000 
261.535675 -50.810520 23.544775 63.000000 
261.419952 -50.956089 23.562048 59.000000 
261.526489 -50.796982 23.544647 59.000000 
261.405762 -50.949833 23.557207 72.000000 
261.393127 -50.942467 23.553440 58.000000 
261.377045 -50.939133 23.546844 60.000000 
261.373291 -50.916077 23.552008 57.000000 
261.225739 -51.106590 23.550531 104.000000 
261.215881 -51.092152 23.550070 72.000000 
261.204468 -51.078716 23.548632 69.000000 
261.201599 -51.053665 23.554312 69.000000 
261.034180 -51.265484 23.549267 122.000000 
261.189606 -51.044220 23.551519 58.000000 
261.030670 -51.241920 23.553778 122.000000 
261.021576 -51.225437 23.554050 120.000000 
261.007446 -51.216484 23.550222 121.000000 
260.828003 -51.437885 23.550079 122.000000 
260.996399 -51.202965 23.548912 121.000000 
260.821564 -51.416260 23.552486 120.000000 
260.809326 -51.401649 23.550844 120.000000 
260.836731 -51.362480 23.544022 118.000000 
260.832947 -51.340450 23.547655 108.000000 
263.725647 -49.170071 23.563843 68.000000 
263.714722 -49.170712 23.555759 78.000000 
263.705505 -49.165413 23.552813 90.000000 
263.700317 -49.146885 23.561451 71.000000 
263.639984 -49.252186 23.554235 78.000000 
263.691620 -49.138363 23.560989 77.000000 
263.629608 -49.247879 23.549847 78.000000 
263.680695 -49.138847 23.552969 74.000000 
263.624969 -49.227516 23.559429 62.000000 
263.672028 -49.133720 23.550255 68.000000 
263.618042 -49.216335 23.561674 65.000000 
263.667603 -49.113762 23.560343 52.000000 
263.608704 -49.210770 23.558769 61.000000 
263.548676 -49.308559 23.561335 67.000000 
263.600861 -49.202515 23.558550 63.000000 
263.540070 -49.301594 23.559740 80.000000 
263.592560 -49.193958 23.558212 54.000000 
263.528931 -49.300266 23.553110 81.000000 
263.519867 -49.292950 23.551407 72.000000 
263.459717 -49.382847 23.563715 69.000000 
263.514618 -49.275234 23.558348 76.000000 
263.451050 -49.373829 23.563128 75.000000 
263.506836 -49.263165 23.560261 66.000000 
263.437378 -49.376469 23.552835 70.000000 
263.496246 -49.260227 23.554947 60.000000 
263.429871 -49.364395 23.554689 66.000000 
263.358795 -49.476597 23.553106 67.000000 
263.487823 -49.253128 23.553495 52.000000 
263.425232 -49.346664 23.561531 65.000000 
263.350403 -49.467575 23.552576 76.000000 
263.414948 -49.342033 23.557446 59.000000 
263.341583 -49.458214 23.551926 77.000000 
263.405273 -49.335880 23.554583 59.000000 
263.335846 -49.441330 23.557150 87.000000 
263.260803 -49.558117 23.556530 56.000000 
263.325867 -49.434948 23.554224 68.000000 
263.251770 -49.548485 23.555775 84.000000 
263.316528 -49.427040 23.552492 62.000000 
263.244080 -49.535812 23.557322 82.000000 
263.305969 -49.422085 23.548437 51.000000 
263.234497 -49.527657 23.555492 72.000000 
263.298584 -49.409657 23.550280 52.000000 
263.222931 -49.523994 23.550270 72.000000 
263.148346 -49.630871 23.560791 60.000000 
263.213379 -49.515778 23.548487 65.000000 
263.140564 -49.617882 23.562202 69.000000 
263.208038 -49.496712 23.554586 60.000000 
263.126099 -49.618179 23.553549 72.000000 
263.201965 -49.480995 23.558590 65.000000 
263.115631 -49.611191 23.550591 68.000000 
263.027740 -49.740555 23.549669 72.000000 
263.112030 -49.590950 23.557783 63.000000 
263.023254 -49.721451 23.555357 93.000000 
263.105164 -49.576408 23.560438 56.000000 
263.009552 -49.720253 23.548063 94.000000 
263.093384 -49.572372 23.555347 58.000000 
263.003204 -49.703823 23.551529 76.000000 
262.910339 -49.826775 23.556273 54.000000 
263.081573 -49.568287 23.550272 50.000000 
262.992462 -49.696484 23.548580 61.000000 
262.902313 -49.813065 23.557394 57.000000 
262.987000 -49.678539 23.553202 61.000000 
262.890533 -49.806969 23.553350 69.000000 
262.977844 -49.668144 23.552471 57.000000 
262.882050 -49.792847 23.554390 74.000000 
262.962128 -49.669365 23.542980 50.000000 
262.868713 -49.789707 23.548313 59.000000 
262.774170 -49.919720 23.557318 62.000000 
262.860657 -49.777824 23.548668 56.000000 
262.761993 -49.913258 23.553289 57.000000 
262.854492 -49.761024 23.552050 54.000000 
262.747986 -49.911720 23.546412 57.000000 
262.741028 -49.894123 23.549343 62.000000 
262.620026 -50.036633 23.547642 67.000000 
262.723480 -49.868828 23.549562 52.000000 
262.609192 -50.026665 23.545591 81.000000 
262.601807 -50.010582 23.547468 65.000000 
262.597137 -49.989952 23.552315 66.000000 
262.465820 -50.170021 23.541206 75.000000 
262.588196 -49.976910 23.552324 57.000000 
262.460876 -50.148922 23.545654 89.000000 
262.574921 -49.971397 23.547478 59.000000 
262.454254 -50.130890 23.548277 67.000000 
262.440491 -50.125004 23.543419 63.000000 
262.318359 -50.283535 23.553320 50.000000 
262.433075 -50.108471 23.545177 55.000000 
262.308777 -50.269657 23.552965 63.000000 
262.420258 -50.100994 23.541319 57.000000 
262.297333 -50.258804 23.550842 64.000000 
262.284088 -50.250957 23.546946 54.000000 
262.273682 -50.238522 23.545792 55.000000 
262.134552 -50.415199 23.551750 108.000000 
262.269012 -50.217007 23.550112 55.000000 
262.117920 -50.411453 23.545238 105.000000 
262.106140 -50.400047 23.543083 102.000000 
262.101532 -50.380527 23.546467 64.000000 
262.094757 -50.361546 23.548731 56.000000 
261.922302 -50.580902 23.539022 124.000000 
261.919128 -50.555294 23.544258 121.000000 
261.915100 -50.531239 23.548721 120.000000 
261.898651 -50.522739 23.543789 109.000000 
261.719757 -50.744564 23.543234 121.000000 
261.933319 -50.473335 23.543699 55.000000 
261.755920 -50.691589 23.544472 122.000000 
261.743317 -50.679024 23.542227 124.000000 
261.725464 -50.673943 23.536047 121.000000 
261.718201 -50.653793 23.537844 122.000000 
264.619263 -48.487373 23.568838 60.000000 
264.609161 -48.486790 23.562227 81.000000 
264.596375 -48.493237 23.549068 94.000000 
264.592041 -48.470020 23.561440 80.000000 
264.584656 -48.458817 23.563730 74.000000 
264.522980 -48.567005 23.554249 64.000000 
264.575958 -48.453712 23.561045 67.000000 
264.517395 -48.551357 23.560247 70.000000 
264.564026 -48.457047 23.550499 61.000000 
264.508942 -48.542831 23.559866 68.000000 
264.553436 -48.455948 23.543825 71.000000 
264.501526 -48.531342 23.562027 68.000000 
264.441956 -48.627804 23.566231 52.000000 
264.491150 -48.528667 23.556667 52.000000 
264.431244 -48.625004 23.560856 71.000000 
264.481323 -48.522732 23.553699 56.000000 
264.420074 -48.621872 23.555351 80.000000 
264.410431 -48.616013 23.552464 69.000000 
264.400818 -48.610123 23.549597 71.000000 
264.340332 -48.700058 23.562325 75.000000 
264.394501 -48.595337 23.554140 66.000000 
264.330475 -48.693981 23.559408 79.000000 
264.387634 -48.583809 23.556398 58.000000 
264.321136 -48.688179 23.556656 67.000000 
264.378113 -48.577858 23.553610 56.000000 
264.311310 -48.682037 23.553782 65.000000 
264.241608 -48.789700 23.556133 67.000000 
264.304565 -48.666641 23.557997 63.000000 
264.231598 -48.781506 23.554213 70.000000 
264.296600 -48.656010 23.558788 55.000000 
264.223358 -48.770599 23.554800 72.000000 
264.286255 -48.651279 23.554789 51.000000 
264.215790 -48.758186 23.556591 70.000000 
264.143524 -48.867352 23.562086 64.000000 
264.207031 -48.748756 23.556072 68.000000 
264.132538 -48.862221 23.558006 90.000000 
264.196899 -48.744102 23.552208 57.000000 
264.124054 -48.852859 23.557499 79.000000 
264.186920 -48.737598 23.549395 61.000000 
264.115082 -48.843143 23.556875 67.000000 
264.104797 -48.836414 23.554003 69.000000 
264.029205 -48.944744 23.563795 54.000000 
264.094574 -48.829647 23.551153 60.000000 
264.017975 -48.939289 23.559759 69.000000 
264.085846 -48.818027 23.551613 52.000000 
264.004791 -48.936462 23.553389 79.000000 
263.994965 -48.927902 23.551607 71.000000 
263.908783 -49.052616 23.554407 87.000000 
263.987823 -48.915157 23.553320 66.000000 
263.898438 -49.045654 23.551598 95.000000 
263.983124 -48.896061 23.559368 52.000000 
263.886841 -49.039810 23.547590 82.000000 
263.972717 -48.888954 23.556568 52.000000 
263.878998 -49.026360 23.548975 76.000000 
263.785614 -49.149273 23.554430 65.000000 
263.872742 -49.009888 23.552549 61.000000 
263.779907 -49.130932 23.558733 61.000000 
263.864258 -48.997940 23.552935 61.000000 
263.768829 -49.123241 23.555807 65.000000 
263.853546 -48.990482 23.550117 52.000000 
263.759338 -49.112484 23.554987 58.000000 
263.750671 -49.100197 23.555241 61.000000 
263.648682 -49.241882 23.556479 65.000000 
263.738068 -49.095428 23.550310 59.000000 
263.637268 -49.233810 23.553532 66.000000 
263.732697 -49.077087 23.554806 55.000000 
263.624237 -49.228737 23.548599 73.000000 
263.616180 -49.214531 23.549736 56.000000 
263.512299 -49.354652 23.558590 68.000000 
263.607361 -49.201824 23.549902 56.000000 
263.497986 -49.350761 23.552717 65.000000 
263.486267 -49.342251 23.549780 63.000000 
263.478027 -49.327644 23.550762 60.000000 
263.351746 -49.498814 23.546410 78.000000 
263.469879 -49.313026 23.551781 60.000000 
263.341370 -49.486824 23.545282 100.000000 
263.461792 -49.298405 23.552841 58.000000 
263.333771 -49.470249 23.546995 81.000000 
263.330750 -49.446091 23.553438 70.000000 
263.316925 -49.440128 23.548674 63.000000 
263.184418 -49.613274 23.550114 69.000000 
263.304962 -49.431091 23.545811 56.000000 
263.174744 -49.599297 23.549835 73.000000 
263.167023 -49.582272 23.551395 70.000000 
263.154968 -49.570820 23.549244 60.000000 
263.011444 -49.755810 23.552130 107.000000 
263.146423 -49.555286 23.549984 60.000000 
262.997589 -49.747421 23.548271 118.000000 
262.986664 -49.734436 23.547031 114.000000 
262.974823 -49.722935 23.544964 102.000000 
262.965637 -49.708893 23.544807 66.000000 
262.800781 -49.916382 23.543324 122.000000 
262.958832 -49.689819 23.547144 52.000000 
262.789429 -49.902824 23.541977 123.000000 
262.782227 -49.883205 23.543978 123.000000 
262.781250 -49.854561 23.550999 120.000000 
262.636902 -50.055370 23.545618 122.000000 
262.810059 -49.812134 23.547464 121.000000 
262.624451 -50.040668 23.544025 122.000000 
262.611694 -50.027996 23.541834 126.000000 
262.605988 -50.006836 23.544565 123.000000 
262.595459 -49.991127 23.544035 122.000000 
262.574707 -49.988281 23.536272 55.000000 
265.504608 -47.806244 23.575146 57.000000 
265.494415 -47.803909 23.569702 74.000000 
265.482910 -47.805935 23.560423 83.000000 
265.473602 -47.800571 23.557566 83.000000 
265.420502 -47.882645 23.571436 60.000000 
265.464294 -47.795177 23.554729 74.000000 
265.409058 -47.883053 23.563526 67.000000 
265.457825 -47.784462 23.557341 74.000000 
265.400482 -47.878040 23.560925 73.000000 
265.451385 -47.770294 23.562281 65.000000 
265.391479 -47.870964 23.559307 78.000000 
265.443176 -47.760216 23.563253 61.000000 
265.383514 -47.859161 23.561344 68.000000 
265.326904 -47.946980 23.573442 52.000000 
265.376099 -47.847637 23.563557 61.000000 
265.309265 -47.963543 23.552191 66.000000 
265.302185 -47.950233 23.555424 80.000000 
265.360382 -47.827499 23.565561 58.000000 
265.297882 -47.929508 23.564831 76.000000 
265.229279 -48.042271 23.559971 54.000000 
265.347351 -47.832008 23.553972 51.000000 
265.287140 -47.926582 23.559544 69.000000 
265.222168 -48.028679 23.563019 64.000000 
265.277496 -47.920654 23.556732 64.000000 
265.217407 -48.009106 23.570887 64.000000 
265.268402 -47.913219 23.555174 52.000000 
265.207520 -48.002995 23.568029 64.000000 
265.260498 -47.902824 23.556108 56.000000 
265.197662 -47.996853 23.565193 64.000000 
265.123138 -48.116714 23.558521 74.000000 
265.185455 -47.996616 23.557577 56.000000 
265.114777 -48.105801 23.559103 83.000000 
265.177399 -47.985950 23.558384 50.000000 
265.105255 -48.097874 23.557384 65.000000 
265.173035 -47.966400 23.566446 56.000000 
265.095093 -48.091423 23.554523 63.000000 
265.029785 -48.184284 23.573204 54.000000 
265.088776 -48.075974 23.558702 65.000000 
265.012207 -48.194267 23.557831 84.000000 
265.081268 -48.063515 23.560581 63.000000 
264.999146 -48.193581 23.550390 95.000000 
265.072510 -48.054024 23.560146 65.000000 
264.992065 -48.179287 23.553186 85.000000 
264.988403 -48.157494 23.561714 75.000000 
264.907928 -48.276661 23.564257 52.000000 
264.978760 -48.149212 23.560040 63.000000 
264.893799 -48.277222 23.555838 69.000000 
264.969330 -48.139072 23.559393 62.000000 
264.889648 -48.254700 23.563847 70.000000 
264.957001 -48.136696 23.553202 54.000000 
264.879089 -48.247635 23.560997 70.000000 
264.789246 -48.380161 23.558910 67.000000 
264.867615 -48.243896 23.556099 66.000000 
264.780304 -48.370129 23.558270 76.000000 
264.859222 -48.232262 23.556620 63.000000 
264.767883 -48.365772 23.553228 94.000000 
264.851379 -48.220970 23.557312 58.000000 
264.756012 -48.361736 23.548349 85.000000 
264.670929 -48.468212 23.566050 61.000000 
264.746643 -48.351250 23.547640 65.000000 
264.658966 -48.462044 23.562092 58.000000 
264.739563 -48.336224 23.550190 56.000000 
264.646210 -48.457348 23.557119 63.000000 
264.736389 -48.313702 23.558161 55.000000 
264.636047 -48.446156 23.556179 66.000000 
264.631287 -48.426266 23.561661 66.000000 
264.523529 -48.578892 23.556543 59.000000 
264.623169 -48.414326 23.562119 57.000000 
264.510132 -48.575737 23.550760 68.000000 
264.610504 -48.409500 23.557253 58.000000 
264.506897 -48.552380 23.557911 69.000000 
264.498199 -48.537743 23.558937 60.000000 
264.386627 -48.691849 23.559685 81.000000 
264.483459 -48.535583 23.552084 51.000000 
264.376526 -48.680286 23.558691 75.000000 
264.368774 -48.666088 23.559813 76.000000 
264.356110 -48.659031 23.555971 66.000000 
264.233337 -48.824413 23.556210 66.000000 
264.346985 -48.645885 23.556046 60.000000 
264.225586 -48.807823 23.557917 82.000000 
264.337036 -48.634235 23.555182 56.000000 
264.206177 -48.811008 23.547527 89.000000 
264.200348 -48.791332 23.551170 67.000000 
264.191864 -48.776215 23.552052 66.000000 
264.069519 -48.932949 23.564363 57.000000 
264.182831 -48.760635 23.552834 59.000000 
264.043213 -48.944347 23.548727 74.000000 
264.037231 -48.924206 23.552103 70.000000 
264.037048 -48.895004 23.560923 58.000000 
264.025604 -48.883976 23.558994 55.000000 
263.863159 -49.097706 23.546106 116.000000 
263.866791 -49.061890 23.557810 105.000000 
263.854858 -49.050358 23.555784 72.000000 
263.841003 -49.041813 23.552067 56.000000 
263.681122 -49.242043 23.555735 121.000000 
263.829132 -49.030212 23.550106 58.000000 
263.663666 -49.237545 23.549492 124.000000 
263.660065 -49.213871 23.554140 121.000000 
263.647766 -49.201748 23.552088 120.000000 
263.474152 -49.414589 23.558781 118.000000 
263.680023 -49.153023 23.551798 121.000000 
263.492218 -49.384979 23.548100 121.000000 
263.477203 -49.375248 23.544369 126.000000 
263.475616 -49.347988 23.550262 122.000000 
263.467102 -49.329212 23.551336 118.000000 
263.452637 -49.317341 23.548370 50.000000 
266.387512 -47.108467 23.594261 57.000000 
266.374695 -47.114956 23.581175 78.000000 
266.366333 -47.110142 23.578592 90.000000 
266.359375 -47.097435 23.582138 80.000000 
266.304260 -47.185085 23.591005 60.000000 
266.352936 -47.079803 23.589289 74.000000 
266.292389 -47.183445 23.584076 73.000000 
266.341888 -47.080242 23.581366 71.000000 
266.283905 -47.174900 23.583696 78.000000 
266.335052 -47.070976 23.582724 51.000000 
266.278412 -47.160995 23.588633 67.000000 
266.325409 -47.066971 23.578682 58.000000 
266.270508 -47.150959 23.589565 59.000000 
266.208069 -47.254768 23.588146 61.000000 
266.260162 -47.146511 23.585369 54.000000 
266.197906 -47.248661 23.585112 83.000000 
266.190399 -47.236858 23.587130 74.000000 
266.241974 -47.133671 23.581081 50.000000 
266.180786 -47.230988 23.584288 66.000000 
266.115295 -47.334415 23.586752 63.000000 
266.170074 -47.228046 23.579018 60.000000 
266.108276 -47.320827 23.589796 69.000000 
266.163239 -47.214722 23.582348 64.000000 
266.100189 -47.310238 23.590496 64.000000 
266.156525 -47.201397 23.585716 62.000000 
266.089172 -47.307098 23.585260 56.000000 
266.082214 -47.295284 23.587349 61.000000 
266.007996 -47.413288 23.581982 56.000000 
266.076019 -47.280186 23.591724 59.000000 
265.997253 -47.408386 23.577919 63.000000 
266.063965 -47.278130 23.585218 52.000000 
265.989136 -47.395618 23.579544 65.000000 
266.054840 -47.270412 23.583662 53.000000 
265.984100 -47.377178 23.586006 63.000000 
265.910278 -47.489216 23.589802 56.000000 
265.972290 -47.373375 23.580717 61.000000 
265.894104 -47.494305 23.577719 84.000000 
265.963562 -47.363884 23.580256 57.000000 
265.886414 -47.481533 23.579348 90.000000 
265.953918 -47.359493 23.576593 52.000000 
265.880463 -47.467930 23.582432 75.000000 
265.946564 -47.346992 23.578522 52.000000 
265.868805 -47.464161 23.577328 72.000000 
265.794281 -47.569386 23.590107 56.000000 
265.860596 -47.452858 23.577917 67.000000 
265.782288 -47.565411 23.585018 69.000000 
265.854462 -47.437061 23.581951 67.000000 
265.770294 -47.561382 23.579947 68.000000 
265.847229 -47.422424 23.584751 75.000000 
265.759918 -47.552429 23.578054 65.000000 
265.674835 -47.673973 23.583784 71.000000 
265.754425 -47.534782 23.582951 66.000000 
265.660950 -47.672688 23.576607 88.000000 
265.746887 -47.521656 23.584579 55.000000 
265.650055 -47.665276 23.573711 76.000000 
265.736420 -47.514503 23.581818 66.000000 
265.643738 -47.648762 23.577251 82.000000 
265.639557 -47.629612 23.583113 67.000000 
265.540955 -47.761120 23.582790 58.000000 
265.627258 -47.625156 23.578167 65.000000 
265.532654 -47.745007 23.584778 65.000000 
265.613129 -47.621395 23.571890 59.000000 
265.521576 -47.737236 23.581921 69.000000 
265.514008 -47.725681 23.582479 66.000000 
265.412415 -47.865696 23.585665 65.000000 
265.502991 -47.717857 23.579676 64.000000 
265.401001 -47.857582 23.582762 77.000000 
265.495483 -47.702091 23.581955 58.000000 
265.388184 -47.850540 23.578741 66.000000 
265.376770 -47.842346 23.575890 67.000000 
265.271545 -47.983845 23.584816 65.000000 
265.368774 -47.828079 23.577078 55.000000 
265.261505 -47.972279 23.583822 72.000000 
265.365112 -47.806282 23.583328 53.000000 
265.246277 -47.969799 23.577070 78.000000 
265.238068 -47.955135 23.578066 69.000000 
265.108459 -48.130692 23.572130 57.000000 
265.238739 -47.925358 23.588779 61.000000 
265.101685 -48.112537 23.574741 75.000000 
265.223877 -47.920837 23.582943 55.000000 
265.096191 -48.090904 23.579109 94.000000 
265.087769 -48.075809 23.579950 68.000000 
265.075104 -48.070679 23.575523 66.000000 
265.066772 -48.055550 23.576431 61.000000 
264.941742 -48.214405 23.586952 73.000000 
265.056641 -48.043419 23.575510 64.000000 
264.927399 -48.207970 23.582273 75.000000 
264.914032 -48.199963 23.578514 64.000000 
264.774841 -48.377129 23.587036 56.000000 
264.906433 -48.182865 23.580162 60.000000 
264.760956 -48.368698 23.583231 75.000000 
264.742157 -48.367790 23.575172 114.000000 
264.736572 -48.345142 23.578999 105.000000 
264.723755 -48.335072 23.576147 61.000000 
264.567383 -48.528595 23.583479 121.000000 
264.719971 -48.311440 23.581070 61.000000 
264.545868 -48.530144 23.573988 124.000000 
264.546875 -48.498398 23.582556 120.000000 
264.538788 -48.480263 23.583794 117.000000 
264.525574 -48.469631 23.580965 105.000000 
264.338226 -48.699295 23.578218 122.000000 
264.368622 -48.651009 23.576130 126.000000 
264.361237 -48.630737 23.577930 123.000000 
264.355286 -48.611603 23.580061 120.000000 
264.337311 -48.606274 23.574102 118.000000 
267.302521 -46.411911 23.593000 50.000000 
267.291992 -46.411102 23.586327 63.000000 
267.282776 -46.407570 23.582367 78.000000 
267.276733 -46.392025 23.588558 83.000000 
267.267120 -46.386459 23.585651 77.000000 
267.207733 -46.488728 23.581127 69.000000 
267.257019 -46.384037 23.580328 65.000000 
267.201721 -46.472862 23.587070 82.000000 
267.247375 -46.381844 23.575151 54.000000 
267.192780 -46.467617 23.584406 89.000000 
267.242065 -46.364830 23.582767 60.000000 
267.181396 -46.467957 23.576590 68.000000 
267.235382 -46.352184 23.586548 63.000000 
267.172485 -46.460892 23.575077 59.000000 
267.115051 -46.551369 23.584225 67.000000 
267.104889 -46.547081 23.580175 83.000000 
267.094727 -46.542755 23.576145 81.000000 
267.087860 -46.529514 23.579510 69.000000 
267.021118 -46.637386 23.577663 55.000000 
267.080475 -46.517750 23.581680 60.000000 
267.012970 -46.626846 23.578409 64.000000 
267.073181 -46.505981 23.583883 58.000000 
267.006592 -46.611816 23.582779 62.000000 
267.000336 -46.596794 23.587191 56.000000 
266.990570 -46.590694 23.584436 58.000000 
266.916870 -46.708588 23.578207 62.000000 
266.979614 -46.587524 23.579298 55.000000 
266.911133 -46.691730 23.583548 70.000000 
266.970490 -46.579876 23.577787 51.000000 
266.899841 -46.688362 23.578415 77.000000 
266.963226 -46.567780 23.579918 50.000000 
266.891083 -46.678970 23.577980 72.000000 
266.819641 -46.786503 23.584486 79.000000 
266.879150 -46.677010 23.571712 55.000000 
266.807343 -46.784401 23.578247 90.000000 
266.874329 -46.658649 23.578367 52.000000 
266.798370 -46.774727 23.577705 65.000000 
266.866333 -46.647728 23.579193 57.000000 
266.786743 -46.771030 23.572639 56.000000 
266.712219 -46.878021 23.583694 57.000000 
266.780029 -46.754974 23.576574 60.000000 
266.701843 -46.869225 23.581810 69.000000 
266.775299 -46.736282 23.582970 51.000000 
266.689880 -46.865276 23.576780 79.000000 
266.767029 -46.726887 23.582689 53.000000 
266.683441 -46.851082 23.579651 67.000000 
266.677948 -46.833538 23.584633 63.000000 
266.583252 -46.976200 23.574135 71.000000 
266.668243 -46.825008 23.583008 58.000000 
266.576874 -46.959785 23.577719 88.000000 
266.654907 -46.823925 23.575855 52.000000 
266.567566 -46.949429 23.577055 65.000000 
266.558319 -46.939049 23.576420 65.000000 
266.546021 -46.934669 23.571514 61.000000 
266.456451 -47.049580 23.581934 61.000000 
266.537598 -46.922737 23.572010 57.000000 
266.442230 -47.047962 23.574972 69.000000 
266.533081 -46.903309 23.577934 51.000000 
266.432739 -47.037216 23.574268 74.000000 
266.333618 -47.174576 23.578798 52.000000 
266.427338 -47.018913 23.578806 61.000000 
266.325500 -47.160454 23.579960 62.000000 
266.418793 -47.006645 23.579214 55.000000 
266.310791 -47.158470 23.573122 74.000000 
266.409454 -46.995861 23.578611 58.000000 
266.299408 -47.150364 23.570322 64.000000 
266.294769 -47.130146 23.575609 54.000000 
266.178192 -47.292984 23.569792 67.000000 
266.173340 -47.272331 23.574699 60.000000 
266.165985 -47.256252 23.576742 67.000000 
266.157837 -47.241684 23.577854 65.000000 
266.147095 -47.231636 23.576082 57.000000 
266.023163 -47.397663 23.574236 89.000000 
266.131958 -47.229076 23.569468 58.000000 
266.005646 -47.397827 23.565800 78.000000 
266.000885 -47.376732 23.570486 67.000000 
265.985199 -47.373760 23.563969 64.000000 
265.871368 -47.516476 23.583769 50.000000 
265.980591 -47.352665 23.568737 57.000000 
265.852356 -47.517738 23.574652 73.000000 
265.976074 -47.331596 23.573551 57.000000 
265.835205 -47.515877 23.567347 77.000000 
265.828827 -47.495358 23.570730 60.000000 
265.828979 -47.466301 23.579714 64.000000 
265.663666 -47.684006 23.563215 118.000000 
265.815735 -47.458317 23.576113 75.000000 
265.659637 -47.660412 23.568138 120.000000 
265.655701 -47.636848 23.573111 111.000000 
265.644592 -47.625854 23.571358 69.000000 
265.481842 -47.830162 23.571596 121.000000 
265.635864 -47.609825 23.572096 72.000000 
265.471588 -47.815132 23.571220 123.000000 
265.464447 -47.795567 23.573362 121.000000 
265.448151 -47.789532 23.568110 120.000000 
265.435974 -47.777435 23.566195 113.000000 
265.262909 -47.987816 23.572670 123.000000 
265.428009 -47.759331 23.567629 58.000000 
265.244904 -47.982704 23.566692 125.000000 
265.226898 -47.977520 23.560741 123.000000 
265.267059 -47.920330 23.563736 120.000000 
265.264099 -47.894169 23.568914 119.000000 
268.212830 -45.720303 23.603458 63.000000 
268.203186 -45.716591 23.599319 78.000000 
268.193146 -45.717773 23.591629 90.000000 
268.185730 -45.706654 23.593945 91.000000 
268.128387 -45.804863 23.593121 62.000000 
268.178802 -45.692341 23.598730 80.000000 
268.119873 -45.794697 23.593853 85.000000 
268.171936 -45.679760 23.602407 60.000000 
268.111420 -45.786270 23.593504 68.000000 
268.163300 -45.674725 23.599802 58.000000 
268.104431 -45.775146 23.595839 63.000000 
268.151886 -45.676655 23.590612 63.000000 
268.098969 -45.757851 23.603102 58.000000 
268.036743 -45.864796 23.598158 56.000000 
268.026550 -45.862370 23.592979 76.000000 
268.019562 -45.849194 23.596268 73.000000 
268.008911 -45.846413 23.590984 64.000000 
268.003082 -45.830257 23.596798 64.000000 
267.941986 -45.924671 23.605200 75.000000 
267.991913 -45.828896 23.590324 62.000000 
267.929932 -45.924706 23.597561 72.000000 
267.985687 -45.814213 23.594975 60.000000 
267.921295 -45.915710 23.597128 76.000000 
267.909363 -45.912060 23.591637 62.000000 
267.845428 -46.007778 23.602793 62.000000 
267.900177 -45.904499 23.590052 59.000000 
267.832336 -46.009071 23.594095 70.000000 
267.896118 -45.887142 23.597198 53.000000 
267.821472 -46.007919 23.588026 72.000000 
267.812653 -45.998589 23.587536 72.000000 
267.744446 -46.100471 23.598406 85.000000 
267.807251 -45.978138 23.594999 57.000000 
267.732452 -46.094795 23.594101 95.000000 
267.798553 -45.968796 23.594578 51.000000 
267.724792 -46.082176 23.595789 75.000000 
267.787354 -45.965385 23.589485 59.000000 
267.722443 -46.057507 23.606625 75.000000 
267.635406 -46.195000 23.594633 54.000000 
267.707611 -46.061436 23.595852 63.000000 
267.631683 -46.172943 23.602770 64.000000 
267.696747 -46.056290 23.591932 53.000000 
267.623962 -46.160027 23.604328 79.000000 
267.615570 -46.148613 23.604818 68.000000 
267.604095 -46.146938 23.598970 65.000000 
267.514832 -46.280956 23.594492 96.000000 
267.591522 -46.144516 23.592855 55.000000 
267.508392 -46.264622 23.598036 88.000000 
267.582916 -46.130825 23.594257 52.000000 
267.498016 -46.253647 23.597044 84.000000 
267.481323 -46.258514 23.585619 62.000000 
267.481781 -46.228546 23.598955 59.000000 
267.385590 -46.358955 23.598061 69.000000 
267.474121 -46.215233 23.600502 52.000000 
267.373749 -46.352905 23.594168 67.000000 
267.368195 -46.334679 23.598631 66.000000 
267.361176 -46.319496 23.601051 55.000000 
267.258881 -46.464481 23.599396 77.000000 
267.250549 -46.452377 23.599691 66.000000 
267.241455 -46.441780 23.599010 64.000000 
267.227417 -46.440266 23.592306 56.000000 
267.122559 -46.583405 23.598316 64.000000 
267.111725 -46.573555 23.596401 75.000000 
267.102631 -46.560631 23.596460 65.000000 
267.091278 -46.550304 23.594465 60.000000 
267.078827 -46.543404 23.590694 55.000000 
266.957001 -46.708546 23.589149 85.000000 
266.944336 -46.699287 23.586124 68.000000 
266.941315 -46.675236 23.592649 68.000000 
266.934784 -46.657288 23.595474 56.000000 
266.802551 -46.834389 23.594242 69.000000 
266.922882 -46.648422 23.592699 56.000000 
266.791992 -46.822090 23.593151 64.000000 
266.788971 -46.797607 23.599302 57.000000 
266.776672 -46.788326 23.596485 57.000000 
266.766296 -46.775982 23.595505 56.000000 
266.621338 -46.963650 23.595263 108.000000 
266.610504 -46.950840 23.594116 105.000000 
266.598755 -46.939522 23.592140 69.000000 
266.587006 -46.928173 23.590197 54.000000 
266.432831 -47.122616 23.595118 118.000000 
266.575317 -46.916790 23.588287 58.000000 
266.421600 -47.109272 23.593876 121.000000 
266.404358 -47.104980 23.587704 119.000000 
266.392181 -47.093067 23.585699 111.000000 
266.391296 -47.064560 23.592857 113.000000 
266.205048 -47.298969 23.586063 122.000000 
266.195099 -47.284004 23.585678 122.000000 
266.187714 -47.263954 23.587559 120.000000 
266.178284 -47.246910 23.587904 119.000000 
266.210175 -47.202110 23.586109 119.000000 
269.097717 -45.051640 23.608021 79.000000 
269.088043 -45.047894 23.603846 98.000000 
269.083649 -45.026436 23.615028 80.000000 
269.074493 -45.021187 23.612186 71.000000 
269.016022 -45.122227 23.609201 65.000000 
269.065308 -45.017635 23.608223 77.000000 
269.011810 -45.102165 23.618916 70.000000 
269.056152 -45.012321 23.605415 74.000000 
269.000977 -45.101170 23.612291 73.000000 
269.047974 -45.002331 23.606348 61.000000 
268.990601 -45.096882 23.608036 65.000000 
268.981232 -45.091351 23.605194 61.000000 
268.923645 -45.183437 23.613253 67.000000 
268.974335 -45.080170 23.607534 58.000000 
268.911896 -45.185486 23.604397 76.000000 
268.904877 -45.172264 23.607622 87.000000 
268.897980 -45.159046 23.610886 71.000000 
268.832886 -45.264103 23.611567 69.000000 
268.891663 -45.144344 23.615412 76.000000 
268.825287 -45.252106 23.613413 69.000000 
268.882141 -45.138542 23.612616 76.000000 
268.815460 -45.246109 23.610527 66.000000 
268.870422 -45.138618 23.604921 60.000000 
268.809113 -45.231094 23.614824 65.000000 
268.736298 -45.349518 23.608973 63.000000 
268.799927 -45.223560 23.613186 59.000000 
268.729797 -45.334179 23.612997 76.000000 
268.789032 -45.220470 23.607979 56.000000 
268.719757 -45.327908 23.610096 77.000000 
268.778107 -45.217335 23.602787 61.000000 
268.710327 -45.320095 23.608379 68.000000 
268.640228 -45.426529 23.616325 66.000000 
268.702148 -45.309254 23.609016 62.000000 
268.633789 -45.410881 23.620155 100.000000 
268.693420 -45.299896 23.608521 60.000000 
268.620911 -45.410408 23.612728 99.000000 
268.684723 -45.290524 23.608051 63.000000 
268.611298 -45.402309 23.610970 82.000000 
268.599854 -45.396870 23.606827 75.000000 
268.527222 -45.500916 23.620056 60.000000 
268.592957 -45.382687 23.609655 79.000000 
268.518066 -45.491024 23.619331 72.000000 
268.586792 -45.367004 23.613659 67.000000 
268.505493 -45.488712 23.613138 72.000000 
268.577301 -45.358822 23.612017 50.000000 
268.497101 -45.477245 23.613565 59.000000 
268.407776 -45.611427 23.609907 72.000000 
268.491394 -45.461582 23.617474 59.000000 
268.401093 -45.596943 23.612427 102.000000 
268.482391 -45.451614 23.616865 59.000000 
268.392487 -45.585148 23.612703 84.000000 
268.469849 -45.449146 23.610760 52.000000 
268.386139 -45.568779 23.616219 68.000000 
268.373932 -45.564556 23.611221 64.000000 
268.288391 -45.673740 23.625687 73.000000 
268.362457 -45.558769 23.607313 59.000000 
268.275055 -45.670799 23.619682 77.000000 
268.353241 -45.548412 23.606644 52.000000 
268.262695 -45.664371 23.615616 67.000000 
268.253265 -45.653721 23.614828 55.000000 
268.160583 -45.780495 23.626095 86.000000 
268.243866 -45.643051 23.614071 58.000000 
268.145203 -45.780258 23.618179 73.000000 
268.239319 -45.623287 23.619577 51.000000 
268.132233 -45.775360 23.613277 64.000000 
268.126434 -45.758636 23.616550 58.000000 
268.004608 -45.904606 23.613558 75.000000 
268.112244 -45.727444 23.620930 50.000000 
268.001465 -45.880962 23.620279 72.000000 
267.997589 -45.858883 23.626089 63.000000 
267.985168 -45.852043 23.622272 60.000000 
267.861877 -46.020229 23.619240 100.000000 
267.975372 -45.840607 23.621387 56.000000 
267.855225 -46.002289 23.621876 83.000000 
267.841461 -45.996567 23.617111 75.000000 
267.835815 -45.977093 23.620756 64.000000 
267.715149 -46.133881 23.631670 66.000000 
267.821503 -45.970852 23.615908 57.000000 
267.700348 -46.127319 23.626795 73.000000 
267.690826 -46.113529 23.626562 64.000000 
267.675720 -46.108852 23.620993 59.000000 
267.669128 -46.090450 23.623518 58.000000 
267.526947 -46.275570 23.625742 106.000000 
267.510651 -46.269943 23.620083 75.000000 
267.501831 -46.254089 23.620605 66.000000 
267.502167 -46.227074 23.628330 56.000000 
267.336456 -46.439781 23.623617 118.000000 
267.329254 -46.420372 23.625563 121.000000 
267.324158 -46.397934 23.629196 117.000000 
267.309052 -46.390675 23.624664 109.000000 
267.299011 -46.375797 23.624273 61.000000 
267.124908 -46.591526 23.627386 121.000000 
267.109161 -46.583691 23.622868 123.000000 
267.103241 -46.560123 23.626066 120.000000 
267.087555 -46.552208 23.621616 120.000000 
267.079315 -46.533703 23.622698 110.000000 
269.997955 -44.343094 23.617882 63.000000 
269.986633 -44.345291 23.608606 81.000000 
269.976105 -44.344479 23.601894 86.000000 
269.969635 -44.333866 23.604452 83.000000 
269.961365 -44.325657 23.604191 77.000000 
269.903168 -44.425022 23.602100 64.000000 
269.955444 -44.308395 23.611532 80.000000 
269.894714 -44.414825 23.602819 70.000000 
269.945435 -44.306004 23.606184 74.000000 
269.886322 -44.406364 23.602459 65.000000 
269.935852 -44.303833 23.600983 71.000000 
269.880371 -44.392262 23.607290 61.000000 
269.819916 -44.493202 23.607557 56.000000 
269.872040 -44.383781 23.606991 54.000000 
269.807159 -44.496460 23.597317 66.000000 
269.801697 -44.480556 23.603142 76.000000 
269.854919 -44.369984 23.604086 54.000000 
269.794250 -44.468842 23.605188 71.000000 
269.783142 -44.465736 23.599756 71.000000 
269.722321 -44.558605 23.609678 66.000000 
269.771423 -44.465832 23.592024 69.000000 
269.709106 -44.561623 23.599621 67.000000 
269.766266 -44.448151 23.599075 74.000000 
269.701569 -44.549599 23.601530 72.000000 
269.761780 -44.429020 23.607409 84.000000 
269.690643 -44.546528 23.596285 69.000000 
269.623413 -44.649750 23.601929 58.000000 
269.682709 -44.534172 23.598114 65.000000 
269.611603 -44.646172 23.596544 67.000000 
269.677704 -44.516174 23.604925 62.000000 
269.602173 -44.638348 23.594816 82.000000 
269.668976 -44.510670 23.602434 66.000000 
269.594971 -44.628128 23.595736 72.000000 
269.525269 -44.732914 23.604544 75.000000 
269.590607 -44.608276 23.603413 64.000000 
269.514954 -44.726357 23.601618 95.000000 
269.580658 -44.601906 23.600605 68.000000 
269.502716 -44.724304 23.595312 92.000000 
269.571991 -44.592522 23.600163 64.000000 
269.499023 -44.702579 23.603785 69.000000 
269.488800 -44.695946 23.600939 82.000000 
269.410553 -44.811954 23.604885 52.000000 
269.479248 -44.687775 23.599255 72.000000 
269.404877 -44.794437 23.609686 69.000000 
269.467896 -44.682240 23.595175 69.000000 
269.394562 -44.785683 23.607769 72.000000 
269.385529 -44.775734 23.607128 66.000000 
269.296722 -44.908081 23.603964 93.000000 
269.372955 -44.773300 23.600983 61.000000 
269.288849 -44.894772 23.605314 84.000000 
269.366119 -44.758781 23.603718 56.000000 
269.276611 -44.890575 23.600275 71.000000 
269.359558 -44.742420 23.607464 53.000000 
269.265289 -44.882935 23.597258 68.000000 
269.256042 -44.872593 23.596556 64.000000 
269.167419 -44.990009 23.605883 66.000000 
269.256226 -44.846375 23.607990 61.000000 
269.157166 -44.980900 23.604019 72.000000 
269.244080 -44.842060 23.603058 53.000000 
269.153198 -44.959618 23.610497 66.000000 
269.045410 -45.115528 23.602291 50.000000 
269.140686 -44.955029 23.605579 64.000000 
269.040497 -45.095348 23.607353 68.000000 
269.128937 -44.948879 23.601725 67.000000 
269.033234 -45.079773 23.609455 68.000000 
269.116425 -44.944191 23.596849 50.000000 
269.020294 -45.074852 23.604565 58.000000 
269.009827 -45.065327 23.602713 55.000000 
268.996918 -45.060314 23.597870 55.000000 
268.894470 -45.198788 23.607077 68.000000 
268.882843 -45.190422 23.604176 69.000000 
268.872955 -45.178978 23.603243 68.000000 
268.863098 -45.167511 23.602343 66.000000 
268.742828 -45.329372 23.602831 94.000000 
268.861176 -45.142414 23.610235 61.000000 
268.733521 -45.315990 23.602707 72.000000 
268.724243 -45.302589 23.602619 67.000000 
268.597961 -45.468754 23.608133 56.000000 
268.719543 -45.281590 23.607250 59.000000 
268.592957 -45.447300 23.612331 64.000000 
268.705872 -45.275745 23.602552 66.000000 
268.579681 -45.439602 23.608503 83.000000 
268.577667 -45.413597 23.615486 66.000000 
268.564484 -45.405849 23.611727 64.000000 
268.556030 -45.390491 23.612501 56.000000 
268.411591 -45.578312 23.612349 108.000000 
268.401489 -45.561508 23.612587 105.000000 
268.394684 -45.542637 23.614883 64.000000 
268.373505 -45.548950 23.603685 56.000000 
268.229095 -45.727875 23.616945 121.000000 
268.215973 -45.717609 23.614010 119.000000 
268.201843 -45.708820 23.610281 111.000000 
268.194855 -45.689407 23.612366 111.000000 
268.184875 -45.674519 23.612015 119.000000 
268.006134 -45.895878 23.611231 123.000000 
267.994598 -45.881943 23.609873 124.000000 
267.995728 -45.849884 23.618008 121.000000 
267.980133 -45.841957 23.613583 123.000000 
270.892548 -43.656288 23.598328 73.000000 
270.886383 -43.640766 23.604389 83.000000 
270.877716 -43.635803 23.601641 86.000000 
270.867706 -43.633472 23.596191 86.000000 
270.811493 -43.726913 23.598696 85.000000 
270.857239 -43.634289 23.588318 74.000000 
270.804932 -43.714317 23.602182 73.000000 
270.851746 -43.617283 23.595798 71.000000 
270.794647 -43.711811 23.596756 73.000000 
270.846375 -43.598583 23.604483 57.000000 
270.784363 -43.707508 23.592457 64.000000 
270.775513 -43.700493 23.590841 60.000000 
270.718353 -43.790913 23.599308 64.000000 
270.772644 -43.675823 23.604404 54.000000 
270.705688 -43.794136 23.589008 68.000000 
270.761902 -43.674667 23.597799 50.000000 
270.700287 -43.776470 23.595930 66.000000 
270.693939 -43.761795 23.600437 68.000000 
270.627228 -43.871071 23.596476 69.000000 
270.685547 -43.753048 23.600050 68.000000 
270.619110 -43.860588 23.597124 61.000000 
270.677094 -43.746052 23.598597 58.000000 
270.613220 -43.845905 23.601551 64.000000 
270.667114 -43.741688 23.594553 68.000000 
270.603516 -43.839886 23.598661 64.000000 
270.534821 -43.947495 23.599976 63.000000 
270.594482 -43.830559 23.598057 58.000000 
270.524292 -43.940937 23.596870 69.000000 
270.584229 -43.825970 23.594007 52.000000 
270.515533 -43.931652 23.596275 77.000000 
270.575623 -43.818680 23.592531 55.000000 
270.506653 -43.924164 23.594683 78.000000 
270.437164 -44.028839 23.602705 85.000000 
270.496094 -43.919327 23.590622 72.000000 
270.426300 -44.023838 23.598600 79.000000 
270.489258 -43.905491 23.593632 68.000000 
270.417999 -44.012745 23.599066 90.000000 
270.482513 -43.891655 23.596678 57.000000 
270.407806 -44.006165 23.596146 67.000000 
270.401062 -43.990192 23.599955 60.000000 
270.392242 -43.980564 23.599379 58.000000 
270.308502 -44.108341 23.593418 63.000000 
270.384796 -43.967922 23.601120 60.000000 
270.302856 -44.090839 23.598236 59.000000 
270.374054 -43.962746 23.597162 51.000000 
270.295929 -44.076374 23.600880 66.000000 
270.287476 -44.066780 23.600370 66.000000 
270.197144 -44.201862 23.594076 84.000000 
270.275696 -44.062836 23.595295 68.000000 
270.189331 -44.188560 23.595423 71.000000 
270.265564 -44.053993 23.593439 63.000000 
270.181763 -44.173378 23.597738 73.000000 
270.167389 -44.173683 23.589453 67.000000 
270.079376 -44.287281 23.599766 69.000000 
270.158234 -44.163353 23.588737 67.000000 
270.066101 -44.284306 23.593689 74.000000 
270.149078 -44.153008 23.588055 65.000000 
270.055115 -44.276707 23.590759 72.000000 
270.048828 -44.259987 23.594130 67.000000 
269.947998 -44.401852 23.594120 62.000000 
270.041077 -44.246300 23.595449 58.000000 
269.937500 -44.392395 23.592155 68.000000 
270.032593 -44.234112 23.595757 59.000000 
269.926208 -44.384426 23.589209 60.000000 
269.920410 -44.367718 23.592503 58.000000 
269.811829 -44.518711 23.593088 54.000000 
269.913330 -44.352131 23.594681 55.000000 
269.799316 -44.511913 23.589117 69.000000 
269.902985 -44.342590 23.592842 50.000000 
269.793640 -44.492874 23.592974 81.000000 
269.786346 -44.476894 23.594923 68.000000 
269.776550 -44.465469 23.593979 66.000000 
269.653931 -44.631905 23.590553 82.000000 
269.764191 -44.458557 23.590132 75.000000 
269.641937 -44.623123 23.587566 78.000000 
269.631195 -44.610817 23.586344 72.000000 
269.620178 -44.600449 23.584360 70.000000 
269.500885 -44.754074 23.596073 66.000000 
269.615509 -44.579453 23.589014 68.000000 
269.487640 -44.746387 23.592173 69.000000 
269.607330 -44.564526 23.589939 64.000000 
269.478119 -44.732567 23.591919 66.000000 
269.467743 -44.720253 23.590797 61.000000 
269.465851 -44.694294 23.597876 56.000000 
269.313904 -44.894352 23.589684 103.000000 
269.450867 -44.689514 23.592291 51.000000 
269.305054 -44.878513 23.590160 104.000000 
269.296234 -44.862663 23.590679 75.000000 
269.286530 -44.848324 23.590368 72.000000 
269.131348 -45.044018 23.593277 118.000000 
269.273956 -44.838490 23.587481 72.000000 
269.125214 -45.023109 23.596079 121.000000 
269.112793 -45.013340 23.593254 124.000000 
269.103760 -44.996967 23.593643 121.000000 
269.090088 -44.986099 23.590595 121.000000 
268.916656 -45.199993 23.592651 121.000000 
268.900970 -45.192127 23.588062 124.000000 
268.888428 -45.179676 23.585886 124.000000 
268.880157 -45.161179 23.586929 124.000000 
271.794952 -42.981041 23.597301 79.000000 
271.786163 -42.974350 23.595617 86.000000 
271.781708 -42.952919 23.606794 94.000000 
271.771271 -42.950352 23.601175 88.000000 
271.711487 -43.055813 23.593763 69.000000 
271.762573 -42.943607 23.599573 64.000000 
271.707642 -43.032516 23.605827 67.000000 
271.753021 -42.943218 23.593126 61.000000 
271.697815 -43.032059 23.599411 65.000000 
271.746185 -42.930584 23.596725 77.000000 
271.688446 -43.026566 23.596481 63.000000 
271.677185 -43.023441 23.590763 58.000000 
271.620056 -43.114037 23.599461 70.000000 
271.671783 -43.006096 23.597960 52.000000 
271.608398 -43.114296 23.591587 73.000000 
271.600311 -43.105846 23.591238 66.000000 
271.656189 -42.987877 23.598728 50.000000 
271.592834 -43.094112 23.593227 63.000000 
271.529907 -43.193184 23.598099 58.000000 
271.587494 -43.078217 23.599092 66.000000 
271.520569 -43.187508 23.595263 69.000000 
271.577454 -43.073891 23.594988 58.000000 
271.511871 -43.178501 23.594694 70.000000 
271.566406 -43.070705 23.589523 56.000000 
271.503876 -43.166183 23.596409 74.000000 
271.496399 -43.154160 23.598307 65.000000 
271.422150 -43.275341 23.589209 69.000000 
271.486023 -43.151375 23.593161 62.000000 
271.417389 -43.257294 23.595716 67.000000 
271.476898 -43.143780 23.591499 58.000000 
271.407379 -43.250992 23.592764 77.000000 
271.330963 -43.372654 23.588638 55.000000 
271.398102 -43.241337 23.592030 62.000000 
271.330261 -43.341457 23.603621 76.000000 
271.386292 -43.239468 23.585608 68.000000 
271.316833 -43.342499 23.594954 85.000000 
271.379425 -43.225594 23.588594 62.000000 
271.308502 -43.331371 23.595402 82.000000 
271.373901 -43.208744 23.593975 50.000000 
271.298279 -43.324760 23.592463 69.000000 
271.222931 -43.434875 23.600451 57.000000 
271.292023 -43.309086 23.596397 58.000000 
271.213776 -43.424984 23.599659 63.000000 
271.284515 -43.296425 23.598087 58.000000 
271.203308 -43.418106 23.596684 66.000000 
271.277069 -43.283756 23.599812 51.000000 
271.195587 -43.405136 23.598166 58.000000 
271.103516 -43.545395 23.589222 69.000000 
271.187958 -43.392162 23.599682 58.000000 
271.094849 -43.533604 23.589403 87.000000 
271.180908 -43.379528 23.601381 58.000000 
271.091827 -43.511497 23.597288 73.000000 
271.170532 -43.372562 23.598518 56.000000 
271.089142 -43.487549 23.606153 64.000000 
271.076477 -43.482994 23.600927 64.000000 
270.983429 -43.607365 23.603825 57.000000 
271.062866 -43.481773 23.593710 53.000000 
270.972229 -43.601738 23.599943 72.000000 
271.052734 -43.474819 23.590969 52.000000 
270.959686 -43.597214 23.594891 69.000000 
270.948700 -43.589600 23.591946 69.000000 
270.854095 -43.721436 23.599520 62.000000 
270.943207 -43.571350 23.596346 61.000000 
270.840363 -43.718113 23.593481 62.000000 
270.939423 -43.550095 23.602888 55.000000 
270.833099 -43.702530 23.595531 65.000000 
270.827515 -43.683903 23.599640 62.000000 
270.716125 -43.839275 23.597208 56.000000 
270.820129 -43.670246 23.600908 52.000000 
270.708405 -43.825256 23.598209 56.000000 
270.694244 -43.821514 23.592281 65.000000 
270.689423 -43.800945 23.597099 61.000000 
270.679596 -43.789520 23.596107 61.000000 
270.558960 -43.953175 23.594803 83.000000 
270.668335 -43.779171 23.594027 67.000000 
270.555206 -43.928688 23.601006 77.000000 
270.542389 -43.921452 23.597078 68.000000 
270.531677 -43.909164 23.595852 68.000000 
270.411530 -44.066422 23.605740 59.000000 
270.515289 -43.907909 23.588211 61.000000 
270.396454 -44.061844 23.599997 69.000000 
270.385071 -44.051102 23.597893 61.000000 
270.371887 -44.043369 23.594007 57.000000 
270.364594 -44.028934 23.594976 64.000000 
270.221802 -44.213680 23.595804 103.000000 
270.364624 -43.999947 23.603855 60.000000 
270.205231 -44.210052 23.589294 104.000000 
270.198303 -44.191151 23.591488 75.000000 
270.193390 -44.169220 23.595465 66.000000 
270.031616 -44.375919 23.592709 118.000000 
270.183075 -44.154385 23.594994 72.000000 
270.025726 -44.352951 23.596119 122.000000 
270.019623 -44.332035 23.598906 123.000000 
270.008209 -44.320740 23.596899 122.000000 
269.996155 -44.308895 23.594776 121.000000 
269.821045 -44.526192 23.595423 120.000000 
269.807404 -44.515320 23.592363 122.000000 
269.793823 -44.504402 23.589338 124.000000 
269.781281 -44.491936 23.587143 123.000000 
269.772980 -44.473419 23.588167 124.000000 
272.727478 -42.380165 23.595560 65.000000 
272.717834 -42.371532 23.594669 68.000000 
272.635071 -42.448509 23.593040 60.000000 
272.626740 -42.440372 23.592564 61.000000 
272.661743 -42.300880 23.602869 63.000000 
272.538666 -42.520176 23.590294 66.000000 
272.654266 -42.293167 23.602810 74.000000 
272.532654 -42.505985 23.594767 54.000000 
272.647278 -42.280506 23.606331 83.000000 
272.638062 -42.275169 23.603472 74.000000 
272.578857 -42.376163 23.600588 64.000000 
272.452759 -42.589176 23.600462 58.000000 
272.627930 -42.272724 23.598061 80.000000 
272.573242 -42.358761 23.607674 67.000000 
272.442657 -42.583271 23.597345 62.000000 
272.618286 -42.267048 23.595095 68.000000 
272.563812 -42.351456 23.605888 60.000000 
272.610992 -42.255795 23.597448 80.000000 
272.555389 -42.342926 23.605526 60.000000 
272.607544 -42.234650 23.609009 51.000000 
272.545471 -42.340549 23.600306 61.000000 
272.485168 -42.438522 23.603500 64.000000 
272.343048 -42.677826 23.589785 50.000000 
272.539124 -42.326096 23.605026 63.000000 
272.476044 -42.431225 23.601809 80.000000 
272.531372 -42.314301 23.607126 54.000000 
272.464844 -42.428070 23.596319 72.000000 
272.522064 -42.308636 23.604353 52.000000 
272.457367 -42.416264 23.598356 71.000000 
272.393707 -42.515266 23.604006 58.000000 
272.451050 -42.401493 23.602886 60.000000 
272.385529 -42.504700 23.604662 62.000000 
272.441467 -42.395584 23.600069 56.000000 
272.379150 -42.489635 23.608938 55.000000 
272.433441 -42.388771 23.598785 55.000000 
272.372650 -42.478172 23.611145 55.000000 
272.362274 -42.473545 23.607101 51.000000 
272.288391 -42.591545 23.601116 59.000000 
272.131165 -42.838970 23.598457 63.000000 
272.351440 -42.468567 23.602936 53.000000 
272.278992 -42.581841 23.600380 77.000000 
272.341675 -42.462376 23.600134 56.000000 
272.272034 -42.567936 23.603319 70.000000 
272.260742 -42.564507 23.598118 64.000000 
272.192230 -42.664551 23.610579 79.000000 
272.249451 -42.561035 23.592932 64.000000 
272.179291 -42.663960 23.603121 85.000000 
272.243256 -42.545597 23.597136 64.000000 
272.168976 -42.657272 23.600214 75.000000 
272.236481 -42.531654 23.600206 58.000000 
272.158020 -42.652058 23.596195 62.000000 
272.151917 -42.634457 23.601162 72.000000 
272.070709 -42.754784 23.602125 63.000000 
272.146454 -42.617218 23.606316 65.000000 
272.058746 -42.750809 23.596998 66.000000 
272.136597 -42.612614 23.602661 53.000000 
272.053467 -42.735413 23.601017 66.000000 
271.963928 -42.867897 23.598625 62.000000 
272.047943 -42.717819 23.605892 61.000000 
271.955963 -42.854496 23.599930 87.000000 
272.039612 -42.706249 23.606382 53.000000 
271.947327 -42.842606 23.600201 78.000000 
272.028473 -42.700665 23.602467 61.000000 
271.938751 -42.830704 23.600506 68.000000 
271.850281 -42.944553 23.612226 56.000000 
271.927948 -42.823322 23.597624 70.000000 
271.841492 -42.932362 23.612377 54.000000 
271.918701 -42.812889 23.596916 67.000000 
271.823639 -42.936504 23.601009 65.000000 
271.907410 -42.805069 23.593946 64.000000 
271.814117 -42.925758 23.600176 58.000000 
271.804871 -42.913090 23.600271 64.000000 
271.704712 -43.051914 23.603823 52.000000 
271.797821 -42.897778 23.602627 58.000000 
271.695740 -43.039295 23.603880 65.000000 
271.791168 -42.884750 23.604261 52.000000 
271.682190 -43.038109 23.597233 62.000000 
271.674957 -43.022404 23.599360 65.000000 
271.667236 -43.006290 23.601383 55.000000 
271.553070 -43.164524 23.598486 63.000000 
271.660980 -42.989082 23.604601 55.000000 
271.544769 -43.149940 23.599417 61.000000 
271.539978 -43.129276 23.604267 61.000000 
271.528351 -43.120754 23.601391 60.000000 
271.404663 -43.287125 23.599766 75.000000 
271.515533 -43.115646 23.596737 60.000000 
271.398560 -43.269512 23.602551 89.000000 
271.386505 -43.260582 23.599621 75.000000 
271.370850 -43.257671 23.592978 63.000000 
271.364319 -43.239578 23.595726 68.000000 
271.242554 -43.396282 23.607285 66.000000 
271.356934 -43.223003 23.597578 63.000000 
271.225464 -43.394508 23.599852 67.000000 
271.217773 -43.377495 23.601431 61.000000 
271.206360 -43.366531 23.599449 55.000000 
271.064117 -43.547829 23.603912 75.000000 
271.050293 -43.539455 23.600084 69.000000 
271.040405 -43.524975 23.599733 66.000000 
271.034546 -43.504436 23.602875 58.000000 
270.872284 -43.709087 23.602945 106.000000 
271.028748 -43.483917 23.606066 66.000000 
270.862000 -43.694092 23.602423 112.000000 
270.859924 -43.666973 23.608538 121.000000 
270.844696 -43.659523 23.603975 117.000000 
270.828461 -43.653515 23.598612 61.000000 
270.659698 -43.860218 23.607300 121.000000 
270.647003 -43.847660 23.605108 123.000000 
270.635406 -43.833561 23.603741 121.000000 
270.621765 -43.822441 23.600834 119.000000 
270.656128 -43.770416 23.602945 118.000000 
273.618774 -41.687283 23.598085 61.000000 
273.611328 -41.676430 23.600281 71.000000 
273.598938 -41.681690 23.588371 68.000000 
273.526794 -41.757732 23.594978 58.000000 
273.516113 -41.755322 23.589460 58.000000 
273.565338 -41.606441 23.615675 51.000000 
273.550720 -41.618801 23.597443 68.000000 
273.429230 -41.832516 23.590197 68.000000 
273.541351 -41.613461 23.594599 78.000000 
273.422729 -41.816257 23.595675 62.000000 
273.534302 -41.600780 23.598202 83.000000 
273.525482 -41.595665 23.595545 71.000000 
273.467499 -41.692505 23.596743 57.000000 
273.340576 -41.907490 23.595884 63.000000 
273.516174 -41.590252 23.592766 74.000000 
273.458893 -41.683971 23.596394 61.000000 
273.328247 -41.907616 23.588099 66.000000 
273.505493 -41.590889 23.584982 71.000000 
273.452820 -41.669800 23.601242 65.000000 
273.321838 -41.892830 23.592348 72.000000 
273.500977 -41.570908 23.595161 77.000000 
273.441315 -41.670067 23.593401 61.000000 
273.387360 -41.750664 23.611790 50.000000 
273.497559 -41.549793 23.606823 51.000000 
273.432281 -41.664692 23.590748 61.000000 
273.370728 -41.766006 23.591917 64.000000 
273.425873 -41.650219 23.595547 52.000000 
273.360931 -41.760139 23.589060 70.000000 
273.220978 -41.990566 23.583042 57.000000 
273.419067 -41.635468 23.600250 56.000000 
273.350677 -41.753948 23.586082 68.000000 
273.411774 -41.623928 23.602602 58.000000 
273.344208 -41.739147 23.590654 55.000000 
273.338928 -41.721409 23.597733 70.000000 
273.270966 -41.830879 23.595055 58.000000 
273.330414 -41.712517 23.597452 66.000000 
273.265076 -41.814297 23.600613 64.000000 
273.116516 -42.052860 23.595453 55.000000 
273.318054 -41.712116 23.589649 64.000000 
273.258209 -41.798908 23.604874 58.000000 
273.175262 -41.939941 23.581825 67.000000 
273.247162 -41.795708 23.599695 58.000000 
273.171143 -41.918472 23.590601 69.000000 
273.236603 -41.792770 23.594671 53.000000 
273.167023 -41.898861 23.598402 62.000000 
273.002930 -42.159988 23.586073 63.000000 
273.229156 -41.780617 23.596758 64.000000 
273.156250 -41.893913 23.594414 65.000000 
273.219360 -41.774353 23.594049 56.000000 
273.146088 -41.887436 23.591618 59.000000 
273.074158 -41.995384 23.598858 69.000000 
273.134705 -41.883900 23.586498 55.000000 
273.060425 -41.996208 23.590321 74.000000 
273.129089 -41.866955 23.591965 52.000000 
273.052643 -41.983433 23.592031 62.000000 
272.876190 -42.254021 23.582207 59.000000 
273.123566 -41.850029 23.597475 53.000000 
273.042236 -41.976654 23.589220 58.000000 
273.033386 -41.965012 23.589716 52.000000 
272.953278 -42.082691 23.593523 66.000000 
273.026459 -41.950710 23.592670 69.000000 
272.940460 -42.080154 23.587360 79.000000 
272.758148 -42.341763 23.591242 58.000000 
273.015778 -41.947521 23.587927 69.000000 
272.935822 -42.063217 23.592564 64.000000 
272.930237 -42.045586 23.597530 65.000000 
272.835754 -42.187130 23.588919 81.000000 
272.917664 -42.041103 23.592413 61.000000 
272.825714 -42.176319 23.588055 68.000000 
272.906372 -42.035427 23.588564 55.000000 
272.818512 -42.161327 23.590586 73.000000 
272.808350 -42.152363 23.588856 62.000000 
272.715424 -42.273945 23.595999 65.000000 
272.798981 -42.141869 23.588230 68.000000 
272.706329 -42.263550 23.595362 66.000000 
272.785583 -42.140728 23.581305 62.000000 
272.695129 -42.255779 23.592533 56.000000 
272.470306 -42.578835 23.581354 56.000000 
272.780914 -42.121197 23.587206 52.000000 
272.682343 -42.250988 23.587646 61.000000 
272.677582 -42.231091 23.593212 64.000000 
272.569244 -42.385582 23.587322 65.000000 
272.669708 -42.217224 23.594646 66.000000 
272.557129 -42.376991 23.584326 61.000000 
272.661072 -42.204853 23.595072 51.000000 
272.551147 -42.360104 23.587685 66.000000 
272.544128 -42.342407 23.590805 61.000000 
272.427948 -42.504082 23.586807 60.000000 
272.533264 -42.334576 23.588186 57.000000 
272.420380 -42.487900 23.588791 60.000000 
272.520416 -42.327381 23.584309 52.000000 
272.417236 -42.464142 23.595676 58.000000 
272.405457 -42.455540 23.592884 58.000000 
272.391357 -42.449478 23.588034 57.000000 
272.264160 -42.620434 23.584400 82.000000 
272.380493 -42.439285 23.586271 54.000000 
272.252808 -42.609856 23.582485 75.000000 
272.246094 -42.591690 23.585287 64.000000 
272.232086 -42.585590 23.580626 63.000000 
272.226105 -42.567863 23.583643 64.000000 
272.092377 -42.742867 23.585264 63.000000 
272.078827 -42.734821 23.581530 67.000000 
272.076752 -42.708630 23.588642 66.000000 
272.070984 -42.688503 23.592201 64.000000 
271.907501 -42.901577 23.579264 116.000000 
271.905609 -42.872833 23.586622 74.000000 
271.900574 -42.850685 23.590727 72.000000 
271.888306 -42.841095 23.588095 69.000000 
271.719055 -43.054794 23.584351 109.000000 
271.710663 -43.036617 23.585609 123.000000 
271.707458 -43.010902 23.591042 124.000000 
271.694122 -43.000248 23.588255 123.000000 
271.678711 -42.992546 23.583845 124.000000 
271.497498 -43.215851 23.585144 121.000000 
271.480377 -43.209091 23.579929 125.000000 
271.509674 -43.166557 23.576170 123.000000 
271.507507 -43.138733 23.582073 121.000000 
274.529785 -40.993149 23.621859 83.000000 
274.523499 -40.976112 23.628990 83.000000 
274.439209 -41.057278 23.623463 60.000000 
274.430389 -41.048931 23.622950 54.000000 
274.472534 -40.925926 23.628069 57.000000 
274.458313 -40.935143 23.612297 71.000000 
274.341949 -41.135586 23.616364 68.000000 
274.447601 -40.934246 23.605623 86.000000 
274.333496 -41.125420 23.617006 56.000000 
274.440979 -40.923576 23.608221 80.000000 
274.434387 -40.909447 23.613142 80.000000 
274.374878 -41.012348 23.609461 64.000000 
274.425079 -40.904076 23.610382 74.000000 
274.365265 -41.006802 23.606613 67.000000 
274.245911 -41.200588 23.622709 50.000000 
274.415802 -40.898674 23.607643 83.000000 
274.359161 -40.990883 23.612568 65.000000 
274.234161 -41.199242 23.616171 53.000000 
274.405579 -40.896149 23.602343 80.000000 
274.349640 -40.985294 23.609774 61.000000 
274.400665 -40.877640 23.611263 51.000000 
274.341125 -40.976734 23.609516 58.000000 
274.282074 -41.072189 23.615671 64.000000 
274.149597 -41.287842 23.621328 61.000000 
274.329590 -40.976959 23.601727 60.000000 
274.268555 -41.076797 23.604269 80.000000 
274.139221 -41.281662 23.618326 53.000000 
274.323181 -40.962486 23.606556 58.000000 
274.262024 -41.062031 23.608810 74.000000 
274.125366 -41.284588 23.608414 61.000000 
274.318970 -40.942184 23.616478 60.000000 
274.252289 -41.056156 23.606024 71.000000 
274.188812 -41.155682 23.612291 58.000000 
274.243652 -41.047295 23.605717 71.000000 
274.178802 -41.149605 23.609447 69.000000 
274.236816 -41.032223 23.610228 63.000000 
274.168884 -41.141689 23.607681 64.000000 
274.023895 -41.373287 23.609133 62.000000 
274.227173 -41.026279 23.607517 62.000000 
274.015167 -41.362144 23.609528 52.000000 
274.155396 -41.114811 23.614241 51.000000 
274.079742 -41.237843 23.605438 67.000000 
274.071991 -41.225430 23.607262 61.000000 
274.135040 -41.103912 23.607580 50.000000 
274.063019 -41.216007 23.606785 61.000000 
273.907593 -41.457340 23.609301 63.000000 
274.127014 -41.093243 23.608496 59.000000 
274.054108 -41.206566 23.606337 61.000000 
273.977966 -41.325333 23.605919 72.000000 
273.894684 -41.455040 23.603046 52.000000 
274.043945 -41.200089 23.603579 61.000000 
273.966156 -41.321655 23.600801 90.000000 
274.032532 -41.196556 23.598497 55.000000 
273.961639 -41.301361 23.608185 75.000000 
274.024994 -41.184067 23.600473 63.000000 
273.948547 -41.300629 23.600845 72.000000 
273.773438 -41.568302 23.593817 57.000000 
273.941498 -41.286346 23.603758 65.000000 
273.865936 -41.395210 23.614504 54.000000 
273.932465 -41.276550 23.603291 65.000000 
273.847504 -41.404846 23.599552 69.000000 
273.927612 -41.257786 23.609697 62.000000 
273.835358 -41.400780 23.594528 68.000000 
273.655029 -41.653797 23.603966 52.000000 
273.828400 -41.384266 23.598227 66.000000 
273.743652 -41.506535 23.604326 60.000000 
273.822052 -41.368118 23.602108 68.000000 
273.726685 -41.511299 23.592924 67.000000 
273.814117 -41.356834 23.602840 63.000000 
273.720673 -41.495148 23.596653 68.000000 
273.803528 -41.349659 23.600140 61.000000 
273.715698 -41.475609 23.602428 66.000000 
273.706299 -41.465141 23.601810 62.000000 
273.608734 -41.595882 23.602983 50.000000 
273.693848 -41.460659 23.596922 61.000000 
273.600616 -41.582047 23.604311 56.000000 
273.682953 -41.453129 23.594204 64.000000 
273.586212 -41.580315 23.597364 61.000000 
273.577362 -41.567947 23.597713 65.000000 
273.569366 -41.554058 23.599136 58.000000 
273.466125 -41.697628 23.600672 50.000000 
273.562286 -41.538666 23.601641 64.000000 
273.451233 -41.695511 23.593849 57.000000 
273.445496 -41.676689 23.598099 60.000000 
273.439056 -41.659397 23.601389 60.000000 
273.321960 -41.822659 23.596842 61.000000 
273.427582 -41.651138 23.598673 59.000000 
273.311768 -41.811020 23.595951 63.000000 
273.306854 -41.790268 23.600912 61.000000 
273.298523 -41.775585 23.602037 65.000000 
273.171844 -41.946999 23.598972 55.000000 
273.288513 -41.763912 23.601257 65.000000 
273.154114 -41.947086 23.590540 89.000000 
273.266937 -41.771748 23.587852 51.000000 
273.145447 -41.931927 23.591459 75.000000 
273.133179 -41.922810 23.588676 63.000000 
273.122803 -41.910633 23.587795 57.000000 
272.998108 -42.070541 23.599260 66.000000 
273.115234 -41.893925 23.589762 63.000000 
272.978851 -42.071625 23.590162 64.000000 
272.972839 -42.051437 23.593653 58.000000 
272.967896 -42.029762 23.598089 54.000000 
272.811279 -42.234867 23.591534 68.000000 
272.954407 -42.021645 23.594469 54.000000 
272.795227 -42.229332 23.586109 106.000000 
272.786041 -42.213146 23.586733 106.000000 
272.781891 -42.189419 23.591707 75.000000 
272.774902 -42.170231 23.594145 75.000000 
272.604431 -42.385605 23.590485 109.000000 
272.595978 -42.367374 23.591768 121.000000 
272.589661 -42.346134 23.594744 122.000000 
272.580353 -42.329411 23.595293 123.000000 
272.612030 -42.284481 23.592743 122.000000 
272.419464 -42.522430 23.586927 119.000000 
272.404327 -42.512585 23.583326 121.000000 
272.398804 -42.489197 23.586834 121.000000 
272.388062 -42.473305 23.586456 123.000000 
275.454437 -40.274700 23.648508 57.000000 
275.445435 -40.268261 23.646811 80.000000 
275.434479 -40.269260 23.638784 71.000000 
275.376007 -40.344833 23.652561 61.000000 
275.364227 -40.345444 23.644474 54.000000 
275.354218 -40.343506 23.639172 60.000000 
275.345886 -40.331985 23.641050 56.000000 
275.381317 -40.230103 23.629303 60.000000 
275.268982 -40.424450 23.636765 70.000000 
275.368958 -40.235214 23.617516 74.000000 
275.262512 -40.408356 23.642294 60.000000 
275.363159 -40.218235 23.624992 90.000000 
275.354340 -40.211525 23.623510 86.000000 
275.185974 -40.487431 23.650928 61.000000 
275.344208 -40.209179 23.618189 80.000000 
275.290527 -40.295719 23.627722 78.000000 
275.175964 -40.481716 23.647961 55.000000 
275.333099 -40.209702 23.610302 74.000000 
275.281525 -40.290546 23.625063 73.000000 
275.164917 -40.479012 23.642643 59.000000 
275.328491 -40.189804 23.620499 77.000000 
275.269135 -40.292171 23.615858 68.000000 
275.322601 -40.174297 23.626871 61.000000 
275.260101 -40.286922 23.613230 64.000000 
275.312988 -40.170391 23.622927 60.000000 
275.254181 -40.269329 23.620434 56.000000 
275.193695 -40.370617 23.620934 64.000000 
275.067047 -40.574005 23.634541 59.000000 
275.248260 -40.255249 23.625431 63.000000 
275.180817 -40.373802 23.610771 66.000000 
275.059601 -40.562119 23.636360 67.000000 
275.239868 -40.248489 23.624146 51.000000 
275.175812 -40.358204 23.616871 83.000000 
275.230469 -40.244633 23.620350 54.000000 
275.168823 -40.345005 23.620272 78.000000 
275.103882 -40.450390 23.620893 61.000000 
275.158783 -40.337135 23.618509 67.000000 
275.094666 -40.439304 23.621399 81.000000 
274.961731 -40.646610 23.639345 79.000000 
275.148041 -40.334240 23.613340 59.000000 
275.087067 -40.427307 23.623415 72.000000 
274.952515 -40.637169 23.638660 50.000000 
275.137878 -40.329830 23.609421 68.000000 
275.076050 -40.424244 23.618261 63.000000 
275.133911 -40.309250 23.619135 55.000000 
275.066742 -40.416679 23.616730 53.000000 
275.000916 -40.517166 23.624821 89.000000 
274.856323 -40.740707 23.638937 53.000000 
275.058105 -40.407604 23.616426 55.000000 
274.988922 -40.515385 23.618528 77.000000 
274.848206 -40.727871 23.640362 58.000000 
275.048279 -40.401470 23.613741 53.000000 
274.978790 -40.509056 23.615761 72.000000 
275.040894 -40.389400 23.615906 58.000000 
274.966797 -40.507175 23.609501 70.000000 
274.900391 -40.604801 23.624327 79.000000 
274.960480 -40.491817 23.613810 70.000000 
274.886749 -40.605770 23.615845 95.000000 
274.954895 -40.474987 23.619335 62.000000 
274.877655 -40.596130 23.615339 79.000000 
274.722687 -40.825710 23.633133 54.000000 
274.944244 -40.470043 23.615496 64.000000 
274.868622 -40.586468 23.614861 67.000000 
274.864716 -40.568462 23.621531 60.000000 
274.780396 -40.698433 23.615717 72.000000 
274.615082 -40.929546 23.638851 57.000000 
274.854431 -40.561775 23.618832 58.000000 
274.775330 -40.679394 23.621765 87.000000 
274.601929 -40.922974 23.634575 66.000000 
274.844513 -40.551403 23.618177 60.000000 
274.767181 -40.664211 23.624264 79.000000 
274.832214 -40.549118 23.612095 62.000000 
274.753815 -40.663269 23.617104 66.000000 
274.666382 -40.793015 23.616623 93.000000 
274.744690 -40.653255 23.616613 66.000000 
274.658417 -40.779678 23.618109 94.000000 
274.730530 -40.653706 23.608374 59.000000 
274.647522 -40.772396 23.615335 70.000000 
274.455414 -41.041546 23.622215 57.000000 
274.728027 -40.630184 23.617950 66.000000 
274.636658 -40.765076 23.612589 64.000000 
274.547272 -40.882446 23.622276 50.000000 
274.622009 -40.765255 23.604481 58.000000 
274.533752 -40.879414 23.616365 69.000000 
274.620300 -40.739811 23.614714 62.000000 
274.522583 -40.871769 23.613590 74.000000 
274.614105 -40.723419 23.618526 62.000000 
274.514587 -40.858032 23.615007 74.000000 
274.508240 -40.841270 23.618549 69.000000 
274.405579 -40.986607 23.617876 51.000000 
274.496368 -40.835060 23.614820 61.000000 
274.389984 -40.986198 23.610064 68.000000 
274.485321 -40.827305 23.612162 61.000000 
274.385956 -40.964478 23.616364 60.000000 
274.377350 -40.954189 23.615927 56.000000 
274.143951 -41.280312 23.613539 63.000000 
274.362610 -40.952129 23.609190 56.000000 
274.259338 -41.092686 23.618162 65.000000 
274.350647 -40.943573 23.606380 55.000000 
274.247833 -41.082310 23.616228 67.000000 
274.343506 -40.927876 23.608791 51.000000 
274.234314 -41.076870 23.611544 65.000000 
274.221710 -41.069866 23.607857 60.000000 
273.970276 -41.409130 23.611042 56.000000 
274.213501 -41.055279 23.609072 63.000000 
274.085510 -41.229515 23.602839 85.000000 
274.208313 -41.034241 23.614100 58.000000 
274.076324 -41.214039 23.603682 71.000000 
274.069641 -41.195980 23.606579 64.000000 
273.798126 -41.555786 23.613613 52.000000 
274.061218 -41.180946 23.607639 66.000000 
274.049164 -41.171928 23.604979 67.000000 
273.920502 -41.339100 23.610184 66.000000 
273.917450 -41.314548 23.616461 61.000000 
273.901215 -41.311165 23.610159 60.000000 
273.753540 -41.504288 23.609011 61.000000 
273.587646 -41.720451 23.605509 113.000000 
273.889099 -41.304142 23.606853 57.000000 
273.742828 -41.493858 23.607367 105.000000 
273.734802 -41.476357 23.608927 104.000000 
273.723877 -41.463379 23.607937 63.000000 
273.709015 -41.456398 23.603519 56.000000 
273.550903 -41.655434 23.607508 109.000000 
273.696533 -41.444355 23.601597 72.000000 
273.535797 -41.645927 23.603771 118.000000 
273.521393 -41.636898 23.600208 121.000000 
273.520996 -41.608799 23.607569 117.000000 
273.510834 -41.593723 23.607391 109.000000 
273.316528 -41.836552 23.597399 121.000000 
273.311737 -41.809200 23.602242 122.000000 
273.349701 -41.752804 23.603926 123.000000 
273.335907 -41.741604 23.601257 123.000000 
273.317871 -41.736324 23.595455 125.000000 
276.387970 -39.560997 23.673866 83.000000 
276.377960 -39.559216 23.668402 77.000000 
276.368652 -39.554401 23.665495 77.000000 
276.359375 -39.549557 23.662605 65.000000 
276.281555 -39.619183 23.665613 61.000000 
276.207764 -39.703812 23.666094 66.000000 
276.200409 -39.692699 23.668186 64.000000 
276.293915 -39.517708 23.640347 89.000000 
276.191681 -39.684349 23.667730 66.000000 
276.284698 -39.512608 23.637608 98.000000 
276.275513 -39.507481 23.634888 97.000000 
276.265900 -39.503780 23.630896 88.000000 
276.209473 -39.602123 23.629513 65.000000 
276.101227 -39.774708 23.659225 64.000000 
276.259430 -39.489841 23.635973 69.000000 
276.201904 -39.590847 23.631786 82.000000 
276.091309 -39.769081 23.656330 55.000000 
276.252594 -39.479080 23.638632 61.000000 
276.192963 -39.585739 23.629185 89.000000 
276.243042 -39.475311 23.634706 77.000000 
276.186951 -39.570023 23.635307 73.000000 
276.233490 -39.469795 23.631968 77.000000 
276.177612 -39.562866 23.633751 67.000000 
276.115692 -39.671558 23.627163 73.000000 
276.000519 -39.849152 23.658916 59.000000 
276.168274 -39.557423 23.631086 64.000000 
276.110718 -39.652538 23.635494 90.000000 
275.993774 -39.834072 23.662996 59.000000 
276.162445 -39.543446 23.636181 63.000000 
276.101593 -39.647186 23.632910 81.000000 
276.152161 -39.540882 23.631027 61.000000 
276.094147 -39.635601 23.635149 87.000000 
276.082977 -39.634350 23.628769 71.000000 
276.022736 -39.729080 23.636787 64.000000 
275.898224 -39.921040 23.663868 58.000000 
276.074524 -39.625679 23.628588 76.000000 
276.012360 -39.724689 23.632856 72.000000 
275.887878 -39.914837 23.660999 60.000000 
276.066101 -39.616989 23.628433 69.000000 
276.002563 -39.718769 23.630148 76.000000 
276.057709 -39.608284 23.628307 63.000000 
275.990479 -39.718765 23.622637 74.000000 
275.928589 -39.811867 23.635803 83.000000 
275.984161 -39.703865 23.627213 67.000000 
275.914307 -39.816231 23.624861 98.000000 
275.979706 -39.684532 23.635454 57.000000 
275.906677 -39.804016 23.626827 72.000000 
275.967651 -39.684429 23.628006 59.000000 
275.899719 -39.790302 23.630003 75.000000 
275.829437 -39.899982 23.634466 69.000000 
275.891602 -39.779579 23.630865 72.000000 
275.817841 -39.896557 23.629435 100.000000 
275.672089 -40.112942 23.654871 57.000000 
275.882263 -39.771816 23.629400 68.000000 
275.812103 -39.879517 23.634695 92.000000 
275.661896 -40.104534 23.653055 62.000000 
275.873596 -39.762547 23.629141 66.000000 
275.805786 -39.864002 23.638859 82.000000 
275.651031 -40.097633 23.650196 51.000000 
275.862396 -39.759186 23.624184 66.000000 
275.797577 -39.852993 23.639626 75.000000 
275.716705 -39.978432 23.635817 64.000000 
275.785400 -39.850956 23.633549 63.000000 
275.710327 -39.962574 23.639740 74.000000 
275.538788 -40.209824 23.647926 56.000000 
275.774078 -39.845547 23.629650 55.000000 
275.697937 -39.958477 23.634686 79.000000 
275.527618 -40.202560 23.645060 61.000000 
275.765259 -39.835957 23.629351 62.000000 
275.688141 -39.950150 23.633120 83.000000 
275.602112 -40.079998 23.631348 59.000000 
275.674866 -39.949306 23.626013 67.000000 
275.593475 -40.068333 23.631830 102.000000 
275.670837 -39.928913 23.633413 59.000000 
275.583405 -40.059689 23.630190 94.000000 
275.407166 -40.304913 23.650591 52.000000 
275.662415 -39.919361 23.633179 61.000000 
275.570221 -40.058941 23.623318 71.000000 
275.652039 -39.912437 23.630606 61.000000 
275.562439 -40.045696 23.624966 70.000000 
275.469452 -40.172180 23.627066 63.000000 
275.557709 -40.026428 23.630976 70.000000 
275.460693 -40.160130 23.627476 78.000000 
275.275116 -40.421227 23.652060 61.000000 
275.545532 -40.022198 23.626202 67.000000 
275.459778 -40.132900 23.638371 66.000000 
275.263336 -40.413216 23.649193 60.000000 
275.534851 -40.014927 23.623615 68.000000 
275.446442 -40.129936 23.632580 74.000000 
275.430969 -40.129547 23.624578 59.000000 
275.338196 -40.258152 23.633745 68.000000 
275.423981 -40.114422 23.627218 58.000000 
275.329315 -40.245731 23.634085 71.000000 
275.115448 -40.545227 23.645573 56.000000 
275.414673 -40.103798 23.626741 54.000000 
275.309784 -40.253006 23.621302 60.000000 
275.100708 -40.541374 23.639917 63.000000 
275.301788 -40.238998 23.622705 56.000000 
275.187103 -40.374992 23.625742 68.000000 
275.291534 -40.202343 23.631849 51.000000 
275.174561 -40.368206 23.622082 72.000000 
275.169830 -40.347740 23.627245 75.000000 
275.164307 -40.328812 23.631477 65.000000 
275.041718 -40.497227 23.627106 85.000000 
275.155396 -40.315926 23.631832 58.000000 
275.029694 -40.488503 23.624414 85.000000 
275.020386 -40.475193 23.624575 75.000000 
274.773163 -40.801987 23.646915 63.000000 
275.010559 -40.461430 23.624641 64.000000 
274.885895 -40.626305 23.630018 61.000000 
274.998627 -40.452610 23.622042 63.000000 
274.878174 -40.609531 23.631840 61.000000 
274.986725 -40.443760 23.619473 68.000000 
274.869598 -40.594276 23.632795 66.000000 
274.855408 -40.588097 23.628357 61.000000 
274.721130 -40.763397 23.635651 54.000000 
274.569244 -40.961609 23.639524 115.000000 
274.845642 -40.576283 23.627699 58.000000 
274.705139 -40.760334 23.629616 75.000000 
274.836243 -40.562485 23.627853 56.000000 
274.687500 -40.758228 23.622601 69.000000 
274.678619 -40.742432 23.623419 106.000000 
274.666870 -40.731148 23.621670 66.000000 
274.520691 -40.915531 23.631884 62.000000 
274.351746 -41.130802 23.636126 117.000000 
274.664063 -40.706291 23.627790 104.000000 
274.502441 -40.912895 23.625046 118.000000 
274.340973 -41.115528 23.635677 52.000000 
274.657410 -40.687481 23.630478 50.000000 
274.495270 -40.893547 23.627367 121.000000 
274.484161 -40.880238 23.626406 121.000000 
274.473083 -40.866901 23.625481 119.000000 
274.457275 -40.859020 23.621132 119.000000 
274.283203 -41.074833 23.623066 123.000000 
274.269501 -41.063923 23.620426 124.000000 
274.256927 -41.051468 23.618614 123.000000 
274.295258 -40.995369 23.620575 121.000000 
274.287720 -40.977448 23.622156 108.000000 
277.271027 -38.880878 23.634859 80.000000 
277.264343 -38.865601 23.640923 90.000000 
277.255432 -38.859253 23.639343 80.000000 
277.246155 -38.854362 23.636503 54.000000 
277.185791 -38.938560 23.641241 56.000000 
277.175446 -38.936474 23.635862 65.000000 
277.166382 -38.931602 23.633146 58.000000 
277.198181 -38.833591 23.618580 63.000000 
277.090759 -39.018944 23.630857 62.000000 
277.189789 -38.825577 23.618441 85.000000 
277.083862 -39.004520 23.635332 80.000000 
277.181488 -38.820980 23.616003 90.000000 
277.076080 -38.996662 23.635223 57.000000 
277.176239 -38.802719 23.624987 86.000000 
277.167114 -38.797581 23.622334 80.000000 
277.108185 -38.904625 23.612617 85.000000 
276.999207 -39.080360 23.638966 69.000000 
277.156189 -38.798214 23.614500 71.000000 
277.104889 -38.880116 23.626358 73.000000 
276.987213 -39.080791 23.631319 69.000000 
277.148865 -38.787209 23.617086 71.000000 
277.095062 -38.876240 23.622406 70.000000 
277.139771 -38.781979 23.614491 68.000000 
277.084747 -38.873798 23.617203 67.000000 
277.030334 -38.961838 23.627478 54.000000 
277.133942 -38.766628 23.621052 50.000000 
277.071930 -38.878628 23.605656 57.000000 
277.020233 -38.957767 23.623526 64.000000 
276.896362 -39.160980 23.633678 72.000000 
277.008057 -38.959583 23.614637 76.000000 
276.885071 -39.158092 23.628490 72.000000 
277.062286 -38.839710 23.624489 60.000000 
277.000610 -38.946270 23.618023 80.000000 
277.052032 -38.837147 23.619370 52.000000 
276.992096 -38.937668 23.617855 74.000000 
276.801544 -39.243168 23.637615 74.000000 
276.984131 -38.929329 23.617844 71.000000 
276.920776 -39.032932 23.617908 64.000000 
276.795319 -39.228096 23.641718 63.000000 
276.976776 -38.917755 23.620218 69.000000 
276.910980 -39.027046 23.615223 62.000000 
276.966217 -38.914963 23.615145 74.000000 
276.904053 -39.013706 23.618616 66.000000 
276.895447 -39.004810 23.618408 66.000000 
276.826782 -39.115761 23.616531 67.000000 
276.698303 -39.307308 23.650684 65.000000 
276.884552 -39.001808 23.613369 67.000000 
276.817352 -39.108105 23.615015 82.000000 
276.687103 -39.302368 23.646751 68.000000 
276.874847 -38.995815 23.610777 62.000000 
276.809143 -39.097439 23.615885 93.000000 
276.799774 -39.089737 23.614424 72.000000 
276.735413 -39.185806 23.628527 92.000000 
276.591827 -39.400688 23.653034 66.000000 
276.789795 -39.083500 23.611803 72.000000 
276.725189 -39.179405 23.625839 95.000000 
276.579620 -39.396996 23.648052 64.000000 
276.780457 -39.075748 23.610390 70.000000 
276.715637 -39.171467 23.624323 79.000000 
276.776886 -39.054653 23.619680 78.000000 
276.702148 -39.172497 23.615931 75.000000 
276.696564 -39.155518 23.621368 63.000000 
276.621338 -39.268833 23.625807 66.000000 
276.468231 -39.481377 23.656746 61.000000 
276.687775 -39.146011 23.621082 65.000000 
276.609467 -39.265118 23.620903 68.000000 
276.457916 -39.472710 23.654982 51.000000 
276.677643 -39.139462 23.618517 60.000000 
276.600403 -39.255333 23.620487 66.000000 
276.594177 -39.239521 23.624578 68.000000 
276.507782 -39.370747 23.620701 87.000000 
276.583069 -39.234207 23.620865 65.000000 
276.499908 -39.357616 23.622347 82.000000 
276.332977 -39.585846 23.651928 56.000000 
276.571259 -39.230347 23.616051 61.000000 
276.493591 -39.341461 23.626200 78.000000 
276.559448 -39.226437 23.611256 61.000000 
276.482910 -39.334362 23.623577 73.000000 
276.396118 -39.450268 23.631899 63.000000 
276.470001 -39.331741 23.617716 67.000000 
276.383606 -39.445934 23.627132 86.000000 
276.205383 -39.696362 23.656057 61.000000 
276.459351 -39.324562 23.615139 67.000000 
276.371857 -39.440041 23.623438 69.000000 
276.451721 -39.311363 23.616945 82.000000 
276.357208 -39.438255 23.616476 69.000000 
276.353333 -39.417187 23.623362 61.000000 
276.256531 -39.555008 23.625257 68.000000 
276.348511 -39.399529 23.628311 58.000000 
276.244995 -39.549133 23.621721 65.000000 
276.047028 -39.822914 23.647396 66.000000 
276.339264 -39.389019 23.627893 58.000000 
276.237823 -39.533741 23.624180 60.000000 
276.229309 -39.519466 23.625530 59.000000 
276.120819 -39.674046 23.622841 65.000000 
276.218109 -39.511608 23.622967 60.000000 
276.110016 -39.664349 23.621157 82.000000 
276.209167 -39.501099 23.622599 60.000000 
276.103271 -39.648960 23.623562 81.000000 
275.886688 -39.940636 23.649805 61.000000 
276.096008 -39.633163 23.625875 68.000000 
276.082184 -39.627529 23.621208 68.000000 
275.971008 -39.777905 23.627100 94.000000 
276.067200 -39.625267 23.614719 68.000000 
275.953735 -39.778427 23.618788 89.000000 
275.943268 -39.768684 23.617250 86.000000 
275.932281 -39.758480 23.615612 70.000000 
275.821381 -39.902309 23.632563 66.000000 
275.926147 -39.738758 23.619576 75.000000 
275.805725 -39.897400 23.627066 67.000000 
275.918884 -39.722500 23.621811 70.000000 
275.792511 -39.889843 23.623543 75.000000 
275.783997 -39.874676 23.624607 68.000000 
275.511597 -40.230328 23.642679 113.000000 
275.779358 -39.853466 23.629360 60.000000 
275.637085 -40.042240 23.626900 101.000000 
275.767822 -39.844776 23.626974 60.000000 
275.618256 -40.043785 23.618298 107.000000 
275.610413 -40.026588 23.620068 110.000000 
275.608521 -40.000343 23.627131 77.000000 
275.291901 -40.406586 23.634251 122.000000 
275.591034 -39.998230 23.620228 81.000000 
275.437469 -40.194584 23.621847 121.000000 
275.577484 -39.990028 23.616854 63.000000 
275.425354 -40.182934 23.620077 123.000000 
275.416290 -40.166725 23.620855 123.000000 
275.409363 -40.147499 23.623348 117.000000 
275.392273 -40.143280 23.617493 113.000000 
275.213165 -40.368565 23.612873 123.000000 
275.203033 -40.351200 23.613348 125.000000 
275.196808 -40.329861 23.616394 121.000000 
275.192413 -40.307579 23.620411 120.000000 
275.181091 -40.293747 23.619543 120.000000 
278.148773 -38.188660 23.622705 90.000000 
278.070282 -38.258331 23.625416 58.000000 
278.061615 -38.250175 23.624977 54.000000 
278.098450 -38.139450 23.622164 60.000000 
278.090118 -38.131432 23.621954 89.000000 
277.976868 -38.332520 23.619812 58.000000 
278.080994 -38.128040 23.618023 90.000000 
278.071869 -38.122898 23.615267 90.000000 
278.016144 -38.219746 23.614489 69.000000 
278.064056 -38.113358 23.616425 68.000000 
278.008575 -38.208500 23.616728 88.000000 
278.056702 -38.102352 23.618910 65.000000 
278.000610 -38.198719 23.617735 78.000000 
277.881683 -38.400791 23.621420 59.000000 
278.048553 -38.094242 23.618828 77.000000 
277.991241 -38.193348 23.614967 71.000000 
278.037659 -38.094799 23.610950 68.000000 
277.985748 -38.176197 23.622377 67.000000 
277.923187 -38.287769 23.612471 70.000000 
277.975494 -38.173721 23.617123 62.000000 
277.917664 -38.270275 23.619558 80.000000 
277.789886 -38.482327 23.622314 82.000000 
277.967712 -38.163887 23.618244 51.000000 
277.910675 -38.257252 23.622976 78.000000 
277.782532 -38.468742 23.625210 57.000000 
277.958954 -38.156963 23.616848 58.000000 
277.901672 -38.250149 23.621471 71.000000 
277.890076 -38.250404 23.613779 69.000000 
277.831696 -38.340603 23.624659 72.000000 
277.881073 -38.244995 23.611204 63.000000 
277.820221 -38.341026 23.617184 81.000000 
277.690063 -38.546459 23.632402 74.000000 
277.875336 -38.228985 23.617231 70.000000 
277.810455 -38.335136 23.614420 69.000000 
277.801849 -38.326241 23.614101 65.000000 
277.739105 -38.422218 23.623930 71.000000 
277.793854 -38.315845 23.615025 56.000000 
277.726135 -38.423618 23.615250 82.000000 
277.787628 -38.300999 23.619625 59.000000 
277.715546 -38.418953 23.611296 72.000000 
277.577576 -38.629704 23.630333 56.000000 
277.775665 -38.300922 23.612097 62.000000 
277.706177 -38.411263 23.609722 58.000000 
277.703552 -38.387131 23.621183 65.000000 
277.630859 -38.502468 23.619795 108.000000 
277.692444 -38.383888 23.616125 63.000000 
277.622559 -38.491520 23.620461 89.000000 
277.473633 -38.714893 23.637873 50.000000 
277.685059 -38.371693 23.618198 63.000000 
277.616913 -38.474541 23.625755 69.000000 
277.606781 -38.468082 23.623037 62.000000 
277.531647 -38.581352 23.627153 56.000000 
277.596680 -38.461590 23.620340 65.000000 
277.522583 -38.571625 23.626606 66.000000 
277.353851 -38.816025 23.634663 69.000000 
277.586578 -38.455067 23.617668 63.000000 
277.510803 -38.567921 23.621618 68.000000 
277.342743 -38.808826 23.631739 54.000000 
277.579834 -38.441063 23.620796 53.000000 
277.499725 -38.562656 23.617767 65.000000 
277.419067 -38.681808 23.622458 64.000000 
277.489319 -38.555851 23.615057 65.000000 
277.411224 -38.668697 23.623995 93.000000 
277.480377 -38.546009 23.614614 59.000000 
277.399811 -38.663162 23.620146 78.000000 
277.223114 -38.909378 23.636690 64.000000 
277.473572 -38.531666 23.617573 58.000000 
277.388397 -38.657585 23.616318 68.000000 
277.377747 -38.650459 23.613598 65.000000 
277.288300 -38.770763 23.618549 77.000000 
277.375275 -38.626743 23.622881 57.000000 
277.281677 -38.756123 23.621174 69.000000 
277.363739 -38.622948 23.618177 59.000000 
277.274597 -38.741116 23.623697 59.000000 
277.263947 -38.731789 23.621908 56.000000 
277.164124 -38.875736 23.619375 76.000000 
277.251526 -38.727329 23.617119 55.000000 
277.163269 -38.848167 23.629816 62.000000 
277.242218 -38.716801 23.616575 56.000000 
277.148041 -38.848011 23.621988 65.000000 
277.136047 -38.841721 23.618254 59.000000 
277.035126 -38.982647 23.624184 60.000000 
276.927399 -39.131245 23.632109 50.000000 
277.124847 -38.833874 23.615562 56.000000 
277.028595 -38.965359 23.627289 65.000000 
277.117798 -38.818447 23.618008 51.000000 
277.011139 -38.967876 23.617657 82.000000 
277.002167 -38.955112 23.617878 81.000000 
276.792877 -39.232243 23.651192 54.000000 
276.995789 -38.937790 23.621090 72.000000 
276.886536 -39.085087 23.628313 55.000000 
276.987762 -38.923504 23.622374 60.000000 
276.863220 -39.096359 23.613237 82.000000 
276.853943 -39.083160 23.613337 85.000000 
276.629883 -39.374969 23.652203 81.000000 
276.852783 -39.056297 23.622019 70.000000 
276.730255 -39.219830 23.626230 54.000000 
276.839203 -39.050671 23.617443 67.000000 
276.725342 -39.198627 23.630741 59.000000 
276.827423 -39.041969 23.614796 70.000000 
276.709473 -39.195709 23.624357 72.000000 
276.702850 -39.177544 23.627127 64.000000 
276.450317 -39.502243 23.660084 56.000000 
276.690735 -39.168468 23.624451 64.000000 
276.567749 -39.326809 23.638920 69.000000 
276.679565 -39.157845 23.622723 58.000000 
276.543701 -39.335625 23.625679 107.000000 
276.529175 -39.329124 23.621204 108.000000 
276.526306 -39.304409 23.627283 71.000000 
276.509552 -39.302856 23.620371 81.000000 
276.366241 -39.484001 23.629459 121.000000 
276.348236 -39.481548 23.622534 124.000000 
276.343628 -39.457333 23.627247 123.000000 
276.340790 -39.432148 23.632990 120.000000 
276.167084 -39.651714 23.629976 118.000000 
276.322845 -39.429565 23.626162 121.000000 
276.150513 -39.645653 23.624830 122.000000 
276.143280 -39.625931 23.626921 123.000000 
276.132599 -39.612774 23.625982 122.000000 
276.115021 -39.608070 23.620127 125.000000 
276.099945 -39.598259 23.616579 55.000000 
279.031952 -37.506256 23.592173 94.000000 
279.026489 -37.486462 23.602119 59.000000 
278.954468 -37.569901 23.599714 68.000000 
278.999329 -37.464931 23.598310 63.000000 
278.944397 -37.562656 23.597721 73.000000 
278.992554 -37.451042 23.603245 74.000000 
278.987213 -37.436207 23.609800 74.000000 
278.977234 -37.434006 23.604404 68.000000 
278.860962 -37.642368 23.594955 78.000000 
278.966766 -37.431503 23.598883 77.000000 
278.912781 -37.522491 23.602741 72.000000 
278.848846 -37.642586 23.586908 53.000000 
278.958923 -37.421955 23.600039 63.000000 
278.905212 -37.511253 23.604990 61.000000 
278.951141 -37.412395 23.601223 71.000000 
278.894928 -37.508835 23.599636 61.000000 
278.772705 -37.720139 23.595230 58.000000 
278.944733 -37.398491 23.606363 77.000000 
278.886505 -37.500504 23.599396 56.000000 
278.764801 -37.708344 23.597084 64.000000 
278.879059 -37.489223 23.601734 56.000000 
278.819855 -37.590481 23.600109 64.000000 
278.873627 -37.472099 23.609222 58.000000 
278.808258 -37.590797 23.592308 70.000000 
278.865295 -37.467201 23.606785 58.000000 
278.802673 -37.576836 23.597252 64.000000 
278.676300 -37.782665 23.603693 72.000000 
278.797760 -37.557888 23.605696 62.000000 
278.732056 -37.669186 23.599075 58.000000 
278.788269 -37.552223 23.602949 60.000000 
278.724426 -37.657349 23.601093 69.000000 
278.779297 -37.545059 23.601475 70.000000 
278.716858 -37.645508 23.603148 76.000000 
278.581848 -37.863209 23.608019 65.000000 
278.768311 -37.541977 23.596132 55.000000 
278.707733 -37.636341 23.602663 74.000000 
278.571594 -37.855091 23.606064 54.000000 
278.699127 -37.627453 23.602345 63.000000 
278.631714 -37.735424 23.602064 83.000000 
278.688232 -37.626236 23.596087 56.000000 
278.622192 -37.729588 23.599388 72.000000 
278.680817 -37.614342 23.598261 64.000000 
278.612793 -37.721916 23.597780 57.000000 
278.468384 -37.948002 23.604364 59.000000 
278.602325 -37.715397 23.594872 67.000000 
278.536560 -37.814541 23.606012 79.000000 
278.596649 -37.698746 23.600456 72.000000 
278.526978 -37.806625 23.604347 90.000000 
278.587341 -37.691013 23.598932 57.000000 
278.516144 -37.801689 23.600395 75.000000 
278.360077 -38.040615 23.605953 61.000000 
278.578705 -37.681778 23.598629 53.000000 
278.510437 -37.784714 23.605721 65.000000 
278.503387 -37.772568 23.607752 62.000000 
278.422882 -37.897961 23.602221 66.000000 
278.493286 -37.766068 23.605038 69.000000 
278.413757 -37.888199 23.601660 66.000000 
278.247101 -38.124435 23.613792 64.000000 
278.482208 -37.758877 23.602079 62.000000 
278.405029 -37.874729 23.603102 66.000000 
278.396667 -37.863430 23.603733 61.000000 
278.315308 -37.984058 23.606539 81.000000 
278.384918 -37.859615 23.598755 59.000000 
278.308899 -37.967918 23.610277 68.000000 
278.378052 -37.845287 23.601702 58.000000 
278.296783 -37.963890 23.605316 64.000000 
278.283234 -37.962830 23.598186 59.000000 
278.201538 -38.068146 23.613064 81.000000 
278.275513 -37.949665 23.599833 59.000000 
278.193207 -38.058487 23.612659 74.000000 
278.267426 -37.940216 23.599590 61.000000 
278.180023 -38.055656 23.606709 64.000000 
278.173157 -38.038784 23.610186 61.000000 
278.076172 -38.178364 23.609833 64.000000 
278.166962 -38.022297 23.613844 59.000000 
278.066498 -38.167599 23.609066 55.000000 
278.153809 -38.019356 23.607969 56.000000 
278.056091 -38.158333 23.607307 60.000000 
278.049713 -38.141457 23.610710 55.000000 
277.943542 -38.293255 23.608644 54.000000 
278.039642 -38.130249 23.609909 55.000000 
277.939697 -38.269482 23.615566 68.000000 
278.030151 -38.119411 23.609276 57.000000 
277.933197 -38.252247 23.618723 65.000000 
277.921204 -38.247986 23.614264 58.000000 
277.908081 -38.242863 23.609550 57.000000 
277.807129 -38.376640 23.624334 57.000000 
277.900330 -38.226696 23.611683 67.000000 
277.785126 -38.384529 23.610909 89.000000 
277.775055 -38.372940 23.610048 68.000000 
277.763245 -38.364365 23.607307 63.000000 
277.755890 -38.348183 23.609388 71.000000 
277.638947 -38.502441 23.617764 69.000000 
277.745941 -38.336533 23.608629 61.000000 
277.624023 -38.498055 23.612232 75.000000 
277.619232 -38.476906 23.616852 61.000000 
277.612701 -38.458809 23.619677 59.000000 
277.598785 -38.452805 23.615158 59.000000 
277.455048 -38.644497 23.608667 112.000000 
277.458740 -38.609192 23.620930 66.000000 
277.445313 -38.601242 23.617329 71.000000 
277.431274 -38.592770 23.613625 63.000000 
277.287628 -38.775616 23.620180 118.000000 
277.271698 -38.770214 23.614882 113.000000 
277.260773 -38.757183 23.613844 115.000000 
277.248871 -38.745636 23.611994 60.000000 
277.090027 -38.944355 23.618988 123.000000 
277.241333 -38.730549 23.612993 58.000000 
277.072815 -38.942471 23.612446 123.000000 
277.062500 -38.927357 23.612122 124.000000 
277.051544 -38.911697 23.611702 122.000000 
277.046539 -38.889030 23.615513 122.000000 
279.907593 -36.843403 23.582136 83.000000 
279.898315 -36.841747 23.576828 77.000000 
279.879486 -36.831390 23.570805 56.000000 
279.872955 -36.815880 23.576876 78.000000 
279.815948 -36.916821 23.574722 51.000000 
279.866547 -36.800385 23.582993 77.000000 
279.863159 -36.774662 23.598232 71.000000 
279.853088 -36.772354 23.592764 52.000000 
279.791595 -36.885708 23.578321 77.000000 
279.845184 -36.762718 23.593811 64.000000 
279.782959 -36.877285 23.577896 73.000000 
279.724396 -36.976643 23.580429 59.000000 
279.838226 -36.750168 23.597492 54.000000 
279.832214 -36.734718 23.603819 51.000000 
279.771454 -36.842731 23.592377 56.000000 
279.822662 -36.730862 23.599745 56.000000 
279.696014 -36.956608 23.573908 62.000000 
279.638763 -37.043503 23.589733 56.000000 
279.693329 -36.930061 23.588316 58.000000 
279.750549 -36.805958 23.601843 51.000000 
279.688232 -36.912758 23.595486 62.000000 
279.681732 -36.898148 23.600071 58.000000 
279.608856 -37.027554 23.579678 67.000000 
279.673828 -36.884453 23.603170 66.000000 
279.606079 -36.998531 23.594582 55.000000 
279.530640 -37.128529 23.579145 61.000000 
279.664337 -36.878693 23.600361 55.000000 
279.600647 -36.980625 23.601370 55.000000 
279.652710 -36.878773 23.592575 68.000000 
279.591980 -36.971676 23.600925 61.000000 
279.581085 -36.968651 23.595646 53.000000 
279.511597 -37.081524 23.592718 62.000000 
279.574005 -36.958771 23.596748 51.000000 
279.506165 -37.065086 23.598213 67.000000 
279.566010 -36.948280 23.597599 59.000000 
279.495422 -37.062149 23.593100 67.000000 
279.484314 -37.057041 23.588900 72.000000 
279.412140 -37.169842 23.590439 79.000000 
279.479034 -37.040600 23.594496 65.000000 
279.408081 -37.148220 23.599003 64.000000 
279.472260 -37.025028 23.598667 61.000000 
279.396545 -37.144707 23.593798 79.000000 
279.462341 -37.018688 23.595882 50.000000 
279.390778 -37.127625 23.598993 69.000000 
279.384460 -37.112057 23.603077 62.000000 
279.301147 -37.242012 23.594942 54.000000 
279.210785 -37.383438 23.585157 61.000000 
279.373016 -37.108463 23.597950 58.000000 
279.296722 -37.221561 23.602106 57.000000 
279.364838 -37.097363 23.598631 62.000000 
279.288269 -37.210194 23.602592 59.000000 
279.279236 -37.200325 23.601988 59.000000 
279.191437 -37.333076 23.596777 75.000000 
279.091309 -37.477432 23.586531 66.000000 
279.270203 -37.190434 23.601414 63.000000 
279.186371 -37.313782 23.602551 66.000000 
279.259125 -37.185017 23.597490 70.000000 
279.175629 -37.306633 23.599661 59.000000 
279.164917 -37.299446 23.596796 55.000000 
279.074982 -37.419884 23.601740 54.000000 
279.155701 -37.289207 23.596142 59.000000 
279.062439 -37.415455 23.596710 65.000000 
279.149445 -37.272938 23.599892 66.000000 
279.052155 -37.406425 23.594870 61.000000 
279.045013 -37.391304 23.597288 57.000000 
278.950134 -37.524811 23.602127 51.000000 
279.041779 -37.368641 23.605043 58.000000 
278.938019 -37.518509 23.598173 55.000000 
279.029327 -37.364094 23.600124 67.000000 
278.930695 -37.503033 23.600378 62.000000 
278.924255 -37.486042 23.603647 53.000000 
278.803833 -37.632626 23.597607 64.000000 
278.901825 -37.470211 23.597998 55.000000 
278.795532 -37.618275 23.598635 67.000000 
278.788147 -37.602398 23.600689 58.000000 
278.776581 -37.594109 23.597836 60.000000 
278.659821 -37.753811 23.597551 70.000000 
278.765076 -37.585781 23.595009 61.000000 
278.654816 -37.732937 23.602232 71.000000 
278.638489 -37.731880 23.594566 68.000000 
278.626556 -37.723152 23.591692 68.000000 
278.516907 -37.863953 23.609922 56.000000 
278.619110 -37.706818 23.593626 71.000000 
278.500061 -37.862541 23.602409 63.000000 
278.618317 -37.677963 23.603121 64.000000 
278.488678 -37.851906 23.600416 59.000000 
278.480103 -37.836685 23.601210 64.000000 
278.475922 -37.815857 23.605865 56.000000 
278.330963 -38.007366 23.600616 65.000000 
278.461884 -37.809708 23.601215 54.000000 
278.314453 -38.003864 23.594164 108.000000 
278.320892 -37.963833 23.608892 68.000000 
278.306396 -37.957253 23.604275 74.000000 
278.289978 -37.953636 23.597918 104.000000 
278.145081 -38.136333 23.605915 120.000000 
278.134003 -38.123180 23.604696 121.000000 
278.124969 -38.106976 23.605207 109.000000 
278.107971 -38.102840 23.598986 117.000000 
277.962830 -38.280560 23.618767 109.000000 
277.935028 -38.291164 23.604570 121.000000 
277.926666 -38.272888 23.605715 122.000000 
277.918396 -38.254612 23.606903 120.000000 
277.910217 -38.236336 23.608139 124.000000 
280.736847 -36.156151 23.565670 74.000000 
280.720062 -36.138046 23.566170 58.000000 
280.712402 -36.126781 23.568407 58.000000 
280.652039 -36.231709 23.563160 56.000000 
280.707458 -36.106773 23.578457 56.000000 
280.640442 -36.231995 23.555098 51.000000 
280.581818 -36.327274 23.562943 52.000000 
280.705353 -36.078087 23.596354 58.000000 
280.696136 -36.072666 23.593523 51.000000 
280.563416 -36.311108 23.560511 54.000000 
280.686951 -36.067219 23.590714 58.000000 
280.551971 -36.309692 23.553783 68.000000 
280.551819 -36.277321 23.573166 53.000000 
280.482574 -36.394173 23.565861 54.000000 
280.548248 -36.253639 23.585056 55.000000 
280.603058 -36.137722 23.589659 50.000000 
280.540680 -36.240063 23.588192 58.000000 
280.461761 -36.381618 23.559610 88.000000 
280.531494 -36.232685 23.586546 52.000000 
280.456085 -36.363483 23.566246 74.000000 
280.524475 -36.221165 23.588797 55.000000 
280.519196 -36.203468 23.595915 54.000000 
280.449524 -36.317173 23.588276 55.000000 
280.276855 -36.550434 23.569275 51.000000 
280.431549 -36.269032 23.603941 55.000000 
280.265015 -36.546776 23.563932 58.000000 
280.253143 -36.543068 23.558605 90.000000 
280.245117 -36.530262 23.560173 62.000000 
280.169189 -36.641808 23.569704 55.000000 
280.330414 -36.360161 23.594002 51.000000 
280.146820 -36.629299 23.562473 62.000000 
280.241211 -36.446903 23.599623 51.000000 
280.138031 -36.617683 23.562792 68.000000 
280.229095 -36.442810 23.594326 58.000000 
280.220856 -36.431557 23.594961 50.000000 
280.034760 -36.718384 23.567474 60.000000 
280.130859 -36.542175 23.594162 50.000000 
280.023499 -36.712887 23.563515 100.000000 
279.936737 -36.825211 23.577787 58.000000 
280.121735 -36.532108 23.593536 51.000000 
280.023346 -36.682724 23.576756 64.000000 
280.114044 -36.519035 23.595186 50.000000 
279.920074 -36.797661 23.580034 61.000000 
280.013977 -36.642242 23.589329 53.000000 
279.908783 -36.789970 23.577019 69.000000 
279.906708 -36.764011 23.586634 51.000000 
280.003571 -36.604877 23.599926 54.000000 
279.904816 -36.738110 23.596308 50.000000 
279.899933 -36.718307 23.601833 58.000000 
279.774963 -36.906475 23.571453 77.000000 
279.890472 -36.707581 23.601078 56.000000 
279.881042 -36.696831 23.600355 56.000000 
279.769592 -36.827473 23.599186 52.000000 
279.652435 -36.964474 23.600780 51.000000 
279.639862 -36.957569 23.596846 56.000000 
279.631531 -36.943039 23.597855 58.000000 
279.502167 -37.122650 23.587231 59.000000 
279.621582 -36.931522 23.596933 58.000000 
279.506683 -37.084770 23.602180 63.000000 
279.611664 -36.919987 23.596045 58.000000 
279.493713 -37.077454 23.598269 68.000000 
279.483429 -37.065536 23.597225 68.000000 
279.477661 -37.046021 23.600967 61.000000 
279.349304 -37.215359 23.603264 51.000000 
279.469299 -37.031059 23.601904 63.000000 
279.335022 -37.209118 23.598461 59.000000 
279.328125 -37.190670 23.600981 54.000000 
279.325073 -37.166172 23.607201 54.000000 
279.171783 -37.370266 23.597303 57.000000 
279.311829 -37.158333 23.603413 57.000000 
279.161774 -37.355896 23.596914 62.000000 
279.160461 -37.327839 23.604445 69.000000 
279.147675 -37.318016 23.601515 69.000000 
279.138824 -37.302109 23.602129 72.000000 
278.981781 -37.501354 23.603054 118.000000 
278.971497 -37.486469 23.602581 121.000000 
278.963593 -37.471085 23.603279 120.000000 
278.941345 -37.474281 23.592800 119.000000 
278.776642 -37.677238 23.601620 121.000000 
278.934937 -37.450729 23.596352 107.000000 
278.764618 -37.660675 23.600704 123.000000 
278.746735 -37.655758 23.594526 121.000000 
278.741364 -37.632683 23.597998 120.000000 
278.735046 -37.611137 23.600719 124.000000 
281.630280 -35.520466 23.578886 68.000000 
281.604584 -35.457817 23.602711 52.000000 
281.596039 -35.449448 23.602308 64.000000 
281.587097 -35.442524 23.600645 77.000000 
281.582275 -35.422447 23.610619 60.000000 
281.571106 -35.422783 23.602558 71.000000 
281.511139 -35.522530 23.601236 59.000000 
281.563660 -35.411442 23.604853 68.000000 
281.504456 -35.507984 23.605831 56.000000 
281.552948 -35.411964 23.596960 74.000000 
281.497375 -35.496670 23.608089 54.000000 
281.546539 -35.397701 23.601904 65.000000 
281.486847 -35.493870 23.602654 52.000000 
281.476837 -35.487804 23.599617 56.000000 
281.412628 -35.593433 23.596994 54.000000 
281.470398 -35.473240 23.604351 63.000000 
281.403900 -35.584476 23.596498 60.000000 
281.466125 -35.452862 23.614202 60.000000 
281.395172 -35.575500 23.596031 58.000000 
281.315186 -35.715378 23.569853 64.000000 
281.387604 -35.563560 23.598064 60.000000 
281.317566 -35.676208 23.593246 59.000000 
281.382233 -35.547508 23.603991 68.000000 
281.310303 -35.664291 23.595228 61.000000 
281.372559 -35.541439 23.601139 68.000000 
281.303802 -35.649082 23.599506 56.000000 
281.210785 -35.812946 23.559275 89.000000 
281.299805 -35.626156 23.609713 52.000000 
281.203461 -35.796970 23.563080 52.000000 
281.288116 -35.624294 23.603210 58.000000 
281.277618 -35.619427 23.599140 50.000000 
281.102783 -35.907619 23.554394 50.000000 
281.099182 -35.884071 23.563841 55.000000 
281.100311 -35.850033 23.581335 57.000000 
281.178986 -35.699604 23.598843 51.000000 
281.092407 -35.837112 23.582912 55.000000 
281.086578 -35.819695 23.587957 51.000000 
281.076080 -35.812748 23.585028 51.000000 
281.071747 -35.792358 23.592451 50.000000 
281.068909 -35.769032 23.602222 53.000000 
280.966156 -35.901367 23.585838 50.000000 
280.863068 -36.027931 23.580057 50.000000 
280.857971 -36.008266 23.585701 50.000000 
280.730988 -36.195610 23.548399 55.000000 
280.852966 -35.988625 23.591393 55.000000 
280.843536 -35.978016 23.590641 52.000000 
280.600586 -36.299408 23.553669 54.000000 
280.458008 -36.416725 23.555059 55.000000 
280.448120 -36.405319 23.554039 77.000000 
280.444489 -36.381287 23.560703 52.000000 
280.292206 -36.535599 23.552608 89.000000 
280.444977 -36.291344 23.592793 50.000000 
280.282349 -36.521759 23.552313 53.000000 
280.295380 -36.439552 23.585789 52.000000 
280.134399 -36.659248 23.561405 55.000000 
280.128021 -36.638885 23.564611 51.000000 
279.955688 -36.808594 23.562178 59.000000 
280.120850 -36.559772 23.585423 57.000000 
279.950104 -36.786201 23.565969 114.000000 
279.968933 -36.725914 23.591530 55.000000 
279.953918 -36.718796 23.586760 61.000000 
279.939880 -36.710117 23.582888 66.000000 
279.760437 -36.939640 23.570990 122.000000 
279.932800 -36.690853 23.585152 66.000000 
279.773926 -36.887966 23.590309 107.000000 
279.761414 -36.875751 23.588087 115.000000 
279.756409 -36.850918 23.592419 109.000000 
279.547180 -37.115559 23.571787 120.000000 
279.749146 -36.831158 23.594454 117.000000 
279.555878 -37.070911 23.586090 122.000000 
279.592865 -37.016403 23.588774 123.000000 
279.587311 -36.993027 23.592093 121.000000 
279.579742 -36.972668 23.593872 122.000000 
282.560516 -34.799782 23.627449 86.000000 
282.468079 -34.871407 23.622387 63.000000 
282.516724 -34.727386 23.645411 55.000000 
282.503540 -34.735279 23.630892 71.000000 
282.493317 -34.731102 23.626526 77.000000 
282.367065 -34.954613 23.609388 54.000000 
282.484009 -34.725697 23.623613 80.000000 
282.477478 -34.714973 23.626179 77.000000 
282.470978 -34.700798 23.631077 68.000000 
282.408600 -34.808994 23.621393 61.000000 
282.462250 -34.693882 23.629534 61.000000 
282.403015 -34.791557 23.628557 63.000000 
282.453522 -34.686947 23.628016 65.000000 
282.395508 -34.780022 23.630714 56.000000 
282.336029 -34.875248 23.636129 50.000000 
282.441986 -34.686924 23.619886 83.000000 
282.387604 -34.768196 23.632763 54.000000 
282.320587 -34.883972 23.620716 66.000000 
282.376678 -34.766880 23.626116 50.000000 
282.315613 -34.864716 23.628868 83.000000 
282.366730 -34.764343 23.620890 50.000000 
282.307495 -34.856144 23.628571 74.000000 
282.156036 -35.112617 23.599356 52.000000 
282.359924 -34.751293 23.624432 56.000000 
282.296753 -34.853157 23.623211 67.000000 
282.233673 -34.949272 23.631008 58.000000 
282.289307 -34.841297 23.625294 57.000000 
282.224335 -34.941639 23.629263 62.000000 
282.279694 -34.835304 23.622452 62.000000 
282.215576 -34.932487 23.628750 64.000000 
282.272400 -34.821651 23.625700 64.000000 
282.202881 -34.931919 23.620880 58.000000 
282.133301 -35.038296 23.624369 83.000000 
282.198883 -34.910858 23.630083 59.000000 
282.124969 -35.027355 23.624920 61.000000 
282.191833 -34.900806 23.631153 50.000000 
282.113373 -35.027527 23.617575 65.000000 
282.183868 -34.890125 23.631969 58.000000 
282.106934 -35.012058 23.621706 63.000000 
282.036133 -35.116978 23.630671 52.000000 
281.937195 -35.281414 23.601133 68.000000 
282.100861 -34.992970 23.627947 61.000000 
282.015564 -35.130699 23.611416 74.000000 
282.090820 -34.986443 23.625092 61.000000 
282.008392 -35.116379 23.614161 90.000000 
282.080017 -34.983173 23.620037 63.000000 
282.003815 -35.097904 23.620523 79.000000 
282.068695 -34.979530 23.614857 55.000000 
281.996796 -35.083603 23.623350 72.000000 
281.915253 -35.204235 23.624161 50.000000 
281.988495 -35.072292 23.623919 67.000000 
281.903900 -35.198681 23.620083 64.000000 
281.975525 -35.071392 23.616474 67.000000 
281.895355 -35.187054 23.620474 70.000000 
281.970886 -35.050774 23.623863 51.000000 
281.884216 -35.179569 23.617411 66.000000 
281.797577 -35.304478 23.620144 60.000000 
281.873627 -35.172405 23.614519 66.000000 
281.785156 -35.300098 23.615000 67.000000 
281.869873 -35.153965 23.620876 70.000000 
281.776794 -35.290371 23.614492 68.000000 
281.863708 -35.137817 23.624754 56.000000 
281.767365 -35.279877 23.613716 68.000000 
281.758972 -35.265980 23.614992 61.000000 
281.663239 -35.391792 23.618080 53.000000 
281.754181 -35.246452 23.620789 61.000000 
281.653046 -35.380573 23.617064 55.000000 
281.742859 -35.238544 23.617807 55.000000 
281.645020 -35.366707 23.618324 52.000000 
281.638977 -35.352112 23.620962 56.000000 
281.525970 -35.513741 23.608906 52.000000 
281.626282 -35.347256 23.615988 64.000000 
281.524231 -35.487328 23.618067 59.000000 
281.508881 -35.484776 23.610916 57.000000 
281.371765 -35.685020 23.581972 51.000000 
281.502411 -35.467468 23.614084 55.000000 
281.489319 -35.462215 23.609161 59.000000 
281.380219 -35.609859 23.613003 51.000000 
281.368378 -35.601246 23.610033 51.000000 
281.358917 -35.590000 23.609200 54.000000 
281.202698 -35.811687 23.573782 82.000000 
281.351501 -35.573780 23.611198 60.000000 
281.208130 -35.772087 23.589550 52.000000 
281.198914 -35.728039 23.599604 66.000000 
281.036194 -35.952702 23.571871 50.000000 
281.196136 -35.701828 23.606928 59.000000 
281.185883 -35.689671 23.605930 53.000000 
281.040985 -35.853981 23.604460 50.000000 
280.842896 -36.124554 23.558918 68.000000 
281.030334 -35.841362 23.603331 57.000000 
280.862823 -36.031242 23.594450 54.000000 
280.842987 -35.999886 23.594414 59.000000 
280.645813 -36.256683 23.566759 117.000000 
280.838898 -35.976170 23.599339 51.000000 
280.432526 -36.437431 23.566456 124.000000 
280.636719 -36.147713 23.591467 103.000000 
280.472198 -36.377945 23.570581 65.000000 
280.478943 -36.336372 23.583405 111.000000 
280.486969 -36.293427 23.597107 102.000000 
280.481506 -36.270103 23.600513 122.000000 
283.405762 -34.017323 23.666321 73.000000 
283.397430 -34.009117 23.666012 74.000000 
283.387817 -34.005276 23.661861 68.000000 
283.331360 -34.098846 23.664539 52.000000 
283.377319 -34.006042 23.653992 65.000000 
283.325256 -34.084747 23.669310 72.000000 
283.370422 -33.993385 23.657625 61.000000 
283.318268 -34.071861 23.672712 67.000000 
283.361755 -33.986542 23.656118 68.000000 
283.306488 -34.073708 23.663540 61.000000 
283.298126 -34.065205 23.663212 52.000000 
283.238800 -34.161625 23.666782 61.000000 
283.227112 -34.161823 23.658949 76.000000 
283.217468 -34.156021 23.656052 71.000000 
283.211670 -34.138050 23.662903 66.000000 
283.203735 -34.127781 23.663769 66.000000 
283.138672 -34.230968 23.664690 75.000000 
283.194702 -34.122215 23.661093 66.000000 
283.127106 -34.231201 23.657122 72.000000 
283.187408 -34.110447 23.663254 70.000000 
283.124176 -34.207230 23.668686 70.000000 
283.112701 -34.205612 23.662222 59.000000 
283.039795 -34.322155 23.656609 58.000000 
283.104706 -34.195038 23.663015 50.000000 
283.029724 -34.315811 23.653683 59.000000 
283.093842 -34.191853 23.657795 51.000000 
283.023346 -34.300449 23.657822 59.000000 
283.010864 -34.300041 23.650248 63.000000 
282.941956 -34.401741 23.660917 79.000000 
283.000824 -34.293606 23.647392 59.000000 
282.928406 -34.402672 23.652279 95.000000 
282.993347 -34.281189 23.649273 63.000000 
282.918762 -34.394501 23.650503 89.000000 
282.987854 -34.264320 23.654728 52.000000 
282.908447 -34.387802 23.647608 75.000000 
282.834625 -34.493439 23.659239 56.000000 
282.902832 -34.370583 23.652754 67.000000 
282.821991 -34.491062 23.652964 74.000000 
282.896820 -34.353046 23.657804 54.000000 
282.810913 -34.483742 23.649887 83.000000 
282.622192 -34.758068 23.641087 61.000000 
282.885986 -34.347790 23.653854 74.000000 
282.801056 -34.475224 23.648092 69.000000 
282.713989 -34.603313 23.648199 65.000000 
282.796173 -34.456154 23.654119 64.000000 
282.702362 -34.597546 23.644144 93.000000 
282.786438 -34.447609 23.652390 63.000000 
282.692963 -34.587185 23.643345 73.000000 
282.778656 -34.436401 23.653061 54.000000 
282.690033 -34.565063 23.651352 73.000000 
282.765381 -34.435276 23.645798 54.000000 
282.676270 -34.563751 23.644142 61.000000 
282.589264 -34.674553 23.657217 50.000000 
282.666260 -34.554844 23.642355 62.000000 
282.571991 -34.679081 23.645920 63.000000 
282.657013 -34.544407 23.641678 62.000000 
282.563232 -34.666836 23.646132 74.000000 
282.653900 -34.521965 23.649710 66.000000 
282.551361 -34.660625 23.642187 66.000000 
282.455475 -34.792133 23.650171 50.000000 
282.546631 -34.640793 23.647705 66.000000 
282.444061 -34.784107 23.647205 65.000000 
282.538818 -34.627010 23.649071 61.000000 
282.428558 -34.783642 23.639208 68.000000 
282.529449 -34.616219 23.648371 64.000000 
282.423737 -34.763401 23.644394 61.000000 
282.417358 -34.746204 23.647600 61.000000 
282.301056 -34.909260 23.640860 67.000000 
282.405487 -34.737659 23.644611 54.000000 
282.293823 -34.891224 23.643608 69.000000 
282.396729 -34.724976 23.644846 62.000000 
282.284668 -34.878174 23.643616 69.000000 
282.278778 -34.860992 23.646742 58.000000 
282.148438 -35.039852 23.636621 71.000000 
282.264526 -34.856983 23.640938 55.000000 
282.144287 -35.017220 23.642105 71.000000 
282.250275 -34.852917 23.635153 56.000000 
282.132233 -35.008289 23.639158 75.000000 
282.118347 -35.002354 23.634354 63.000000 
281.998413 -35.156269 23.647091 57.000000 
282.107208 -34.991825 23.632406 59.000000 
281.979462 -35.157593 23.637764 67.000000 
282.105255 -34.966202 23.639957 66.000000 
281.970703 -35.142105 23.638420 64.000000 
281.961090 -35.128128 23.638208 61.000000 
281.952454 -35.112625 23.638943 60.000000 
281.800568 -35.311504 23.633070 109.000000 
281.949585 -35.088078 23.645176 58.000000 
281.791504 -35.295502 23.633549 111.000000 
281.783508 -35.277977 23.634941 72.000000 
281.774933 -35.259953 23.636230 68.000000 
281.608948 -35.471119 23.632149 104.000000 
281.764099 -35.246944 23.635092 63.000000 
281.594543 -35.462158 23.628298 121.000000 
281.593292 -35.433479 23.635305 121.000000 
281.580017 -35.422962 23.632364 117.000000 
281.348358 -35.722691 23.591909 108.000000 
281.567780 -35.410896 23.630293 113.000000 
281.379547 -35.646851 23.623089 61.000000 
281.422424 -35.583069 23.629913 120.000000 
281.410706 -35.568913 23.628534 118.000000 
281.398010 -35.556229 23.626396 121.000000 
281.384247 -35.545010 23.623497 106.000000 
284.293060 -33.332497 23.663443 63.000000 
284.279846 -33.340351 23.648952 78.000000 
284.272858 -33.327686 23.652538 80.000000 
284.265930 -33.318478 23.653858 61.000000 
284.257660 -33.310173 23.653625 61.000000 
284.197571 -33.412304 23.648605 58.000000 
284.248962 -33.301579 23.653282 57.000000 
284.191071 -33.396126 23.654419 56.000000 
284.238434 -33.300465 23.646612 60.000000 
284.183167 -33.386108 23.655359 56.000000 
284.233582 -33.281994 23.655558 57.000000 
284.173767 -33.380474 23.652531 52.000000 
284.117004 -33.467922 23.663576 52.000000 
284.102112 -33.476925 23.648354 60.000000 
284.094086 -33.466614 23.649187 66.000000 
284.083374 -33.463661 23.643862 66.000000 
284.018341 -33.565643 23.646496 54.000000 
284.077057 -33.448898 23.648468 53.000000 
284.011292 -33.552067 23.649605 58.000000 
284.069702 -33.437080 23.650633 51.000000 
284.000885 -33.547421 23.645514 59.000000 
283.995026 -33.532654 23.650040 55.000000 
283.988739 -33.517590 23.654463 53.000000 
283.913391 -33.638435 23.645311 62.000000 
283.904633 -33.627205 23.645790 63.000000 
283.898285 -33.611805 23.649981 65.000000 
283.889526 -33.602371 23.649496 65.000000 
283.816315 -33.712860 23.653114 79.000000 
283.878265 -33.598854 23.644320 59.000000 
283.805359 -33.707672 23.649067 95.000000 
283.870178 -33.587887 23.645069 52.000000 
283.795044 -33.700947 23.646185 79.000000 
283.787445 -33.688206 23.647917 58.000000 
283.775177 -33.685902 23.641642 57.000000 
283.701965 -33.788090 23.655296 56.000000 
283.766968 -33.674610 23.642282 58.000000 
283.687256 -33.790108 23.645729 69.000000 
283.678131 -33.780037 23.645090 68.000000 
283.670471 -33.766945 23.646715 56.000000 
283.584747 -33.889858 23.649651 93.000000 
283.666473 -33.746384 23.653969 61.000000 
283.570984 -33.888546 23.642422 73.000000 
283.655334 -33.740757 23.650074 56.000000 
283.563141 -33.875107 23.643867 62.000000 
283.559113 -33.854156 23.650768 61.000000 
283.548401 -33.846725 23.647953 62.000000 
283.454559 -33.968987 23.652124 61.000000 
283.539246 -33.836273 23.647337 61.000000 
283.444305 -33.959751 23.650303 56.000000 
283.435669 -33.947475 23.650612 51.000000 
283.337830 -34.081520 23.655985 64.000000 
283.327301 -34.071949 23.654091 62.000000 
283.316528 -34.064266 23.651354 57.000000 
283.301880 -34.062176 23.644432 52.000000 
283.201477 -34.196220 23.656277 54.000000 
283.295593 -34.044975 23.647705 56.000000 
283.188904 -34.189297 23.652374 69.000000 
283.174652 -34.185356 23.646536 76.000000 
283.170807 -34.163219 23.652493 68.000000 
283.034119 -34.352531 23.635429 52.000000 
283.166199 -34.142624 23.657518 63.000000 
283.025513 -34.337494 23.636230 75.000000 
283.151459 -34.138161 23.651628 59.000000 
283.019989 -34.315933 23.640703 66.000000 
283.016113 -34.293339 23.646318 63.000000 
283.006866 -34.279823 23.646305 57.000000 
282.992157 -34.275318 23.640640 53.000000 
282.863007 -34.441963 23.644400 76.000000 
282.851196 -34.433002 23.641640 73.000000 
282.840729 -34.420513 23.640583 59.000000 
282.832184 -34.404995 23.641388 58.000000 
282.678589 -34.604717 23.634140 110.000000 
282.818939 -34.396969 23.637667 54.000000 
282.669617 -34.588692 23.634689 74.000000 
282.655792 -34.580200 23.630913 61.000000 
282.649902 -34.559628 23.634163 69.000000 
282.486084 -34.765606 23.632275 115.000000 
282.644745 -34.539574 23.637602 75.000000 
282.470398 -34.760136 23.626957 121.000000 
282.465179 -34.737499 23.630709 121.000000 
282.459442 -34.714363 23.634371 109.000000 
282.494720 -34.663120 23.634991 119.000000 
282.300781 -34.903706 23.623764 124.000000 
282.480927 -34.651955 23.632042 51.000000 
282.295685 -34.878414 23.627840 123.000000 
282.284058 -34.864201 23.626528 121.000000 
282.273132 -34.850529 23.625397 118.000000 
282.258362 -34.840736 23.621758 111.000000 
285.193298 -32.655483 23.672512 57.000000 
285.181458 -32.658970 23.661879 74.000000 
285.170410 -32.659462 23.653824 94.000000 
285.162537 -32.649693 23.654819 77.000000 
285.154236 -32.641365 23.654551 82.000000 
285.097382 -32.733341 23.658653 72.000000 
285.148743 -32.624317 23.662085 71.000000 
285.086945 -32.730690 23.653219 61.000000 
285.139130 -32.620319 23.657988 77.000000 
285.079468 -32.719177 23.655380 60.000000 
285.129517 -32.618004 23.652748 77.000000 
285.072510 -32.707939 23.657719 56.000000 
285.013611 -32.801434 23.664034 52.000000 
285.064148 -32.699345 23.657413 60.000000 
284.999207 -32.808960 23.650021 66.000000 
285.054779 -32.693653 23.654598 54.000000 
284.993256 -32.792702 23.655752 73.000000 
285.044403 -32.690838 23.649261 52.000000 
284.983612 -32.786804 23.652872 74.000000 
284.918060 -32.890331 23.654406 54.000000 
284.975098 -32.777927 23.652491 63.000000 
284.911560 -32.875256 23.658680 61.000000 
284.962769 -32.779316 23.643459 68.000000 
284.903412 -32.864658 23.659384 69.000000 
284.959290 -32.757183 23.654293 60.000000 
284.891266 -32.864449 23.651672 65.000000 
284.816650 -32.984314 23.644333 51.000000 
284.951447 -32.746796 23.655241 53.000000 
284.880859 -32.859734 23.647596 61.000000 
284.812561 -32.962875 23.653088 67.000000 
284.803650 -32.953457 23.652506 64.000000 
284.793579 -32.947006 23.649599 72.000000 
284.859833 -32.820332 23.656094 53.000000 
284.785370 -32.936054 23.650248 67.000000 
284.712677 -33.045216 23.655367 76.000000 
284.777863 -32.923603 23.652109 53.000000 
284.695801 -33.053566 23.640997 95.000000 
284.768616 -32.913788 23.651503 51.000000 
284.688843 -33.037441 23.644783 79.000000 
284.757355 -32.910198 23.646339 53.000000 
284.684509 -33.017174 23.652197 51.000000 
284.676086 -33.007736 23.651773 57.000000 
284.595276 -33.126568 23.653263 72.000000 
284.590302 -33.107464 23.659231 79.000000 
284.579071 -33.101917 23.655226 61.000000 
284.567139 -33.097832 23.650124 53.000000 
284.479889 -33.223919 23.651196 93.000000 
284.466827 -33.221081 23.645012 62.000000 
284.455963 -33.213657 23.642088 51.000000 
284.444580 -33.205822 23.639044 55.000000 
284.357605 -33.314987 23.653505 65.000000 
284.343933 -33.313713 23.646523 58.000000 
284.332794 -33.305939 23.643600 60.000000 
284.328796 -33.284557 23.650148 58.000000 
284.319366 -33.273739 23.649391 58.000000 
284.208771 -33.430454 23.639860 59.000000 
284.308350 -33.265900 23.646563 55.000000 
284.205536 -33.407139 23.647053 57.000000 
284.190826 -33.405010 23.640087 59.000000 
284.182770 -33.390762 23.641272 52.000000 
284.172272 -33.381016 23.639439 51.000000 
284.065796 -33.523773 23.645638 69.000000 
284.048859 -33.524281 23.636835 63.000000 
284.040619 -33.509609 23.637861 54.000000 
284.034485 -33.489986 23.641731 50.000000 
283.908997 -33.657471 23.638283 57.000000 
283.889648 -33.660549 23.627781 68.000000 
283.886292 -33.638309 23.633514 66.000000 
283.883362 -33.614147 23.640100 64.000000 
283.870453 -33.606544 23.636307 52.000000 
283.731232 -33.788181 23.631430 63.000000 
283.726318 -33.766552 23.635769 61.000000 
283.722412 -33.743439 23.641069 56.000000 
283.708160 -33.736877 23.636389 55.000000 
283.561615 -33.924271 23.636593 74.000000 
283.551666 -33.909710 23.636261 58.000000 
283.540802 -33.896641 23.635096 69.000000 
283.529999 -33.883549 23.633965 58.000000 
283.381683 -34.065022 23.645697 60.000000 
283.359283 -34.068058 23.635225 109.000000 
283.344971 -34.058949 23.631454 111.000000 
283.340912 -34.034801 23.636089 107.000000 
283.380829 -33.978180 23.640324 52.000000 
283.186279 -34.218334 23.629129 124.000000 
283.184052 -34.190578 23.634941 123.000000 
283.176666 -34.170357 23.636818 121.000000 
283.165131 -34.156116 23.635540 121.000000 
286.074982 -31.973246 23.668941 68.000000 
286.067505 -31.962055 23.671171 74.000000 
286.057892 -31.961618 23.664682 77.000000 
286.047791 -31.959139 23.659203 80.000000 
285.992432 -32.046803 23.667059 78.000000 
286.037659 -31.953163 23.656040 71.000000 
285.982056 -32.040665 23.663816 73.000000 
286.031708 -31.937550 23.662270 63.000000 
285.971649 -32.037998 23.658361 51.000000 
286.026276 -31.923946 23.667522 61.000000 
285.963654 -32.031445 23.657007 61.000000 
285.956207 -32.019913 23.659187 52.000000 
285.896576 -32.114845 23.664158 64.000000 
285.950867 -32.002529 23.666477 52.000000 
285.882202 -32.122334 23.650103 73.000000 
285.942566 -31.993916 23.666191 52.000000 
285.877838 -32.101624 23.659531 66.000000 
285.870392 -32.089809 23.661585 60.000000 
285.803070 -32.197643 23.659168 75.000000 
285.862427 -32.079460 23.662434 52.000000 
285.794312 -32.188530 23.658617 66.000000 
285.848633 -32.081715 23.651857 55.000000 
285.788055 -32.169853 23.665043 69.000000 
285.841278 -32.069847 23.653999 54.000000 
285.776520 -32.168144 23.658518 59.000000 
285.705383 -32.278793 23.657871 74.000000 
285.770630 -32.155155 23.661974 52.000000 
285.700531 -32.262524 23.663416 83.000000 
285.689850 -32.257603 23.659298 67.000000 
285.752289 -32.139736 23.658714 51.000000 
285.679779 -32.251148 23.656378 57.000000 
285.667236 -32.250618 23.648760 55.000000 
285.593658 -32.361252 23.652660 100.000000 
285.660980 -32.235168 23.652966 57.000000 
285.585236 -32.350002 23.653124 79.000000 
285.656067 -32.216770 23.659578 55.000000 
285.573608 -32.346241 23.647888 79.000000 
285.569275 -32.325970 23.655300 54.000000 
285.564362 -32.307224 23.661615 57.000000 
285.478699 -32.436401 23.654850 63.000000 
285.554169 -32.300415 23.658766 57.000000 
285.469513 -32.426323 23.654127 70.000000 
285.466003 -32.404209 23.662365 56.000000 
285.369629 -32.550060 23.649019 69.000000 
285.454834 -32.398621 23.658361 59.000000 
285.362396 -32.535099 23.651421 87.000000 
285.442230 -32.395977 23.652142 53.000000 
285.354492 -32.521652 23.652781 84.000000 
285.344055 -32.510471 23.651716 71.000000 
285.255066 -32.624191 23.662590 52.000000 
285.334045 -32.501511 23.649893 58.000000 
285.241638 -32.621052 23.656464 52.000000 
285.323273 -32.494026 23.647013 55.000000 
285.228973 -32.616337 23.651403 58.000000 
285.316345 -32.479031 23.649597 54.000000 
285.217102 -32.610065 23.647415 64.000000 
285.211578 -32.591698 23.651867 58.000000 
285.109253 -32.733368 23.652327 59.000000 
285.202698 -32.581253 23.651239 55.000000 
285.091858 -32.737785 23.641373 59.000000 
285.085358 -32.720516 23.644505 56.000000 
285.080017 -32.699829 23.649572 52.000000 
284.963959 -32.861221 23.643785 65.000000 
285.070374 -32.688610 23.648720 53.000000 
284.957275 -32.843555 23.646656 65.000000 
284.948975 -32.828926 23.647610 59.000000 
284.942474 -32.811272 23.650570 58.000000 
284.811523 -32.989914 23.640297 66.000000 
284.927643 -32.811062 23.643032 55.000000 
284.806824 -32.971180 23.644180 79.000000 
284.915985 -32.802406 23.640146 52.000000 
284.790222 -32.969757 23.636454 92.000000 
284.778717 -32.956764 23.635080 67.000000 
284.768433 -32.944649 23.634039 57.000000 
284.641876 -33.107197 23.641163 77.000000 
284.764618 -32.921989 23.639683 50.000000 
284.631256 -33.094685 23.639969 66.000000 
284.622559 -33.079124 23.640631 54.000000 
284.472290 -33.247971 23.644310 70.000000 
284.443878 -33.262264 23.627304 103.000000 
284.442596 -33.234058 23.634773 54.000000 
284.421539 -33.203869 23.633821 50.000000 
284.250946 -33.388580 23.634798 115.000000 
284.241669 -33.371952 23.635159 105.000000 
284.256042 -33.324821 23.625256 103.000000 
284.086212 -33.531349 23.632984 109.000000 
284.064026 -33.532166 23.623560 118.000000 
284.048065 -33.523876 23.618958 121.000000 
284.043793 -33.499088 23.623215 106.000000 
286.970795 -31.280310 23.674603 57.000000 
286.959412 -31.284019 23.664080 78.000000 
286.947937 -31.285934 23.654705 83.000000 
286.940460 -31.274689 23.656994 68.000000 
286.933990 -31.260536 23.661911 77.000000 
286.874176 -31.361277 23.658102 64.000000 
286.925720 -31.252188 23.661673 60.000000 
286.866638 -31.349766 23.660240 67.000000 
286.915161 -31.251045 23.654955 63.000000 
286.861145 -31.332386 23.667482 73.000000 
286.907440 -31.241203 23.656065 74.000000 
286.852264 -31.325270 23.665888 58.000000 
286.792755 -31.420147 23.670597 50.000000 
286.842896 -31.319590 23.663046 54.000000 
286.781006 -31.420225 23.662729 66.000000 
286.832031 -31.318247 23.656406 51.000000 
286.772461 -31.411383 23.662298 70.000000 
286.761749 -31.408415 23.656935 70.000000 
286.698853 -31.504417 23.664194 54.000000 
286.751068 -31.405401 23.651587 70.000000 
286.688416 -31.499786 23.660046 64.000000 
286.745300 -31.389143 23.657446 62.000000 
286.681427 -31.486197 23.663168 64.000000 
286.739655 -31.372906 23.663349 54.000000 
286.671600 -31.480022 23.660276 62.000000 
286.663544 -31.469381 23.661043 52.000000 
286.592224 -31.579805 23.660065 64.000000 
286.657318 -31.454300 23.665483 51.000000 
286.580902 -31.576363 23.654774 72.000000 
286.647003 -31.449535 23.661457 53.000000 
286.575165 -31.559452 23.660120 67.000000 
286.565125 -31.552971 23.657242 67.000000 
286.484558 -31.680086 23.648180 72.000000 
286.555115 -31.546455 23.654385 55.000000 
286.476135 -31.668819 23.648659 85.000000 
286.545105 -31.539907 23.651548 55.000000 
286.473694 -31.644058 23.659508 75.000000 
286.536407 -31.530375 23.651110 59.000000 
286.463409 -31.637285 23.656616 53.000000 
286.451813 -31.633459 23.651443 64.000000 
286.377014 -31.738691 23.662722 63.000000 
286.440857 -31.628099 23.647442 58.000000 
286.364380 -31.736162 23.656446 75.000000 
286.434052 -31.613798 23.650391 64.000000 
286.355255 -31.726070 23.655775 65.000000 
286.344025 -31.720449 23.651775 54.000000 
286.259521 -31.840412 23.656830 100.000000 
286.244232 -31.842079 23.647379 84.000000 
286.332428 -31.686745 23.660685 53.000000 
286.231903 -31.837645 23.642277 67.000000 
286.225555 -31.821142 23.645891 64.000000 
286.135437 -31.936266 23.655659 61.000000 
286.218536 -31.806149 23.648460 54.000000 
286.124298 -31.928518 23.652708 55.000000 
286.212341 -31.789665 23.652159 53.000000 
286.117157 -31.913195 23.655048 60.000000 
286.108459 -31.900883 23.655321 57.000000 
286.097443 -31.893061 23.652462 56.000000 
285.994049 -32.035980 23.651556 71.000000 
286.084351 -31.891975 23.645683 55.000000 
285.983795 -32.028645 23.648911 60.000000 
285.972412 -32.020454 23.645998 51.000000 
285.858185 -32.149147 23.652937 68.000000 
285.844757 -32.143635 23.648018 67.000000 
285.830444 -32.139576 23.642136 58.000000 
285.819611 -32.129429 23.640217 52.000000 
285.702362 -32.283588 23.645121 78.000000 
285.819916 -32.097363 23.651873 58.000000 
285.688141 -32.275204 23.640898 94.000000 
285.677856 -32.263134 23.639849 63.000000 
285.677582 -32.234467 23.649294 59.000000 
285.660126 -32.234417 23.640711 52.000000 
285.528717 -32.404160 23.642616 66.000000 
285.521576 -32.387577 23.644369 64.000000 
285.516724 -32.366001 23.648758 55.000000 
285.358612 -32.542046 23.646029 107.000000 
285.338959 -32.542641 23.636919 114.000000 
285.331635 -32.525558 23.638502 72.000000 
285.317841 -32.516991 23.634706 57.000000 
285.311615 -32.498390 23.637243 56.000000 
285.148041 -32.702354 23.635632 115.000000 
285.130646 -32.697773 23.629295 121.000000 
285.121124 -32.678547 23.630262 117.000000 
285.120148 -32.649906 23.637465 117.000000 
284.937073 -32.875927 23.633972 103.000000 
284.924286 -32.863220 23.631777 116.000000 
284.958954 -32.811218 23.631943 122.000000 
284.948395 -32.795467 23.631435 115.000000 
284.932587 -32.787140 23.626944 117.000000 
287.875854 -30.614511 23.687941 51.000000 
287.866547 -30.607492 23.686068 57.000000 
287.855591 -30.608053 23.677929 74.000000 
287.848083 -30.596838 23.680115 90.000000 
287.840637 -30.585619 23.682335 71.000000 
287.829681 -30.587788 23.673094 77.000000 
287.773743 -30.676897 23.679653 64.000000 
287.821381 -30.579439 23.672773 71.000000 
287.765259 -30.668358 23.679192 67.000000 
287.814056 -30.566448 23.676228 61.000000 
287.753906 -30.666882 23.672289 63.000000 
287.808167 -30.550837 23.682463 80.000000 
287.745453 -30.658287 23.671875 56.000000 
287.690002 -30.741486 23.686834 50.000000 
287.738495 -30.647028 23.674166 54.000000 
287.675140 -30.752316 23.670431 71.000000 
287.734161 -30.626707 23.683960 56.000000 
287.665466 -30.746431 23.667442 73.000000 
287.725403 -30.617811 23.683500 58.000000 
287.659576 -30.728382 23.674219 74.000000 
287.653198 -30.713604 23.678717 67.000000 
287.584717 -30.824331 23.673737 78.000000 
287.644135 -30.707970 23.675961 57.000000 
287.574188 -30.821487 23.668480 63.000000 
287.634033 -30.703474 23.671839 64.000000 
287.574036 -30.789999 23.686016 58.000000 
287.488495 -30.938362 23.655811 51.000000 
287.622833 -30.701874 23.665249 60.000000 
287.561981 -30.789793 23.678253 58.000000 
287.485474 -30.913870 23.666824 62.000000 
287.552216 -30.783600 23.675341 55.000000 
287.481995 -30.890930 23.676727 59.000000 
287.542450 -30.777372 23.672449 53.000000 
287.471954 -30.884504 23.673748 67.000000 
287.460663 -30.881033 23.668434 63.000000 
287.390533 -30.984213 23.677963 72.000000 
287.449371 -30.877514 23.663136 57.000000 
287.377625 -30.983561 23.670368 95.000000 
287.365326 -30.981340 23.663929 85.000000 
287.438202 -30.843647 23.673885 63.000000 
287.356964 -30.970060 23.664385 82.000000 
287.349976 -30.955772 23.667171 72.000000 
287.271912 -31.068659 23.672995 52.000000 
287.345093 -30.937010 23.673449 55.000000 
287.256500 -31.072201 23.662188 69.000000 
287.334900 -30.930189 23.670559 62.000000 
287.250793 -31.054562 23.666994 63.000000 
287.247284 -31.032431 23.675196 59.000000 
287.148621 -31.182795 23.658524 81.000000 
287.237518 -31.023834 23.673388 55.000000 
287.140625 -31.169323 23.659800 89.000000 
287.226563 -31.016348 23.670345 55.000000 
287.135834 -31.147921 23.666376 64.000000 
287.126526 -31.137474 23.665567 70.000000 
287.039490 -31.248463 23.678549 56.000000 
287.116302 -31.130390 23.662764 61.000000 
287.027649 -31.242294 23.674479 61.000000 
287.104767 -31.124399 23.658752 50.000000 
287.011353 -31.243267 23.665031 65.000000 
287.098053 -31.107513 23.662239 50.000000 
286.999512 -31.236988 23.660999 66.000000 
286.992950 -31.222019 23.663454 58.000000 
286.890503 -31.363665 23.663851 62.000000 
286.989868 -31.199152 23.671072 58.000000 
286.873383 -31.366152 23.653711 71.000000 
286.870148 -31.342817 23.660872 61.000000 
286.863770 -31.325563 23.664013 53.000000 
286.748474 -31.485363 23.659012 60.000000 
286.855774 -31.311331 23.665159 50.000000 
286.740967 -31.469215 23.660862 61.000000 
286.734406 -31.451555 23.663738 60.000000 
286.722748 -31.442976 23.660757 59.000000 
286.711090 -31.434357 23.657801 56.000000 
286.590179 -31.594345 23.658688 89.000000 
286.700348 -31.424196 23.655861 54.000000 
286.578979 -31.583828 23.656595 70.000000 
286.566925 -31.574793 23.653587 66.000000 
286.554291 -31.565260 23.650459 57.000000 
286.435120 -31.715502 23.664509 57.000000 
286.550507 -31.542608 23.656073 53.000000 
286.412415 -31.722748 23.651440 67.000000 
286.404663 -31.705666 23.652971 66.000000 
286.397919 -31.687077 23.655458 61.000000 
286.258759 -31.864292 23.661320 72.000000 
286.395050 -31.662481 23.661652 54.000000 
286.233337 -31.874056 23.646879 105.000000 
286.227234 -31.853434 23.649948 75.000000 
286.223877 -31.830318 23.654972 61.000000 
286.214050 -31.815756 23.654629 54.000000 
286.052856 -32.016895 23.654631 107.000000 
286.038574 -32.007862 23.650721 120.000000 
286.027313 -31.994261 23.649359 119.000000 
286.017151 -31.979136 23.648876 111.000000 
286.002930 -31.969978 23.645065 107.000000 
285.827179 -32.183228 23.647968 121.000000 
285.809570 -32.175980 23.642342 120.000000 
285.842590 -32.127930 23.642139 119.000000 
285.838043 -32.105247 23.645712 120.000000 
288.755524 -29.919235 23.711206 73.000000 
288.744598 -29.919844 23.703054 78.000000 
288.734070 -29.918921 23.696188 68.000000 
288.723083 -29.919416 23.688046 77.000000 
288.670868 -29.996799 23.705242 60.000000 
288.719208 -29.896423 23.700495 77.000000 
288.660492 -29.994228 23.699680 67.000000 
288.711853 -29.886898 23.701557 65.000000 
288.650085 -29.993376 23.693029 65.000000 
288.702271 -29.882925 23.697342 61.000000 
288.643555 -29.978878 23.697546 65.000000 
288.694550 -29.873098 23.698311 65.000000 
288.639038 -29.958488 23.707138 60.000000 
288.572510 -30.074238 23.695076 58.000000 
288.630188 -29.951387 23.705444 50.000000 
288.564392 -30.063919 23.695692 80.000000 
288.558411 -30.047632 23.701250 78.000000 
288.609589 -29.945902 23.694544 53.000000 
288.549347 -30.040276 23.699476 66.000000 
288.479980 -30.154232 23.692717 58.000000 
288.539795 -30.034376 23.696497 66.000000 
288.477875 -30.127096 23.706387 69.000000 
288.530243 -30.028446 23.693537 61.000000 
288.469788 -30.116508 23.706947 62.000000 
288.521790 -30.019533 23.693069 62.000000 
288.458862 -30.113384 23.701538 59.000000 
288.385040 -30.231636 23.695368 51.000000 
288.447937 -30.110212 23.696142 56.000000 
288.376099 -30.222240 23.694605 54.000000 
288.440491 -30.098068 23.697983 53.000000 
288.367828 -30.211319 23.695042 59.000000 
288.433105 -30.085920 23.699860 53.000000 
288.355347 -30.210907 23.687321 63.000000 
288.347961 -30.194790 23.691023 61.000000 
288.279022 -30.294769 23.703135 56.000000 
288.341675 -30.179331 23.695072 61.000000 
288.262268 -30.303238 23.688692 90.000000 
288.335236 -30.167517 23.697107 61.000000 
288.254913 -30.292646 23.689348 75.000000 
288.324036 -30.163977 23.691822 53.000000 
288.250549 -30.272333 23.696573 69.000000 
288.240295 -30.265575 23.693571 65.000000 
288.159485 -30.384356 23.695217 60.000000 
288.230103 -30.258783 23.690594 63.000000 
288.148254 -30.378851 23.691036 75.000000 
288.220215 -30.248285 23.689636 67.000000 
288.141541 -30.360502 23.695442 71.000000 
288.131744 -30.351923 23.693537 55.000000 
288.043762 -30.479427 23.693604 71.000000 
288.121643 -30.347038 23.689735 55.000000 
288.035492 -30.469770 23.692970 76.000000 
288.115448 -30.330898 23.693447 58.000000 
288.021027 -30.469976 23.684525 78.000000 
288.010956 -30.461033 23.682554 62.000000 
287.921631 -30.574614 23.693850 52.000000 
288.006134 -30.441492 23.688166 54.000000 
287.909760 -30.568434 23.689707 55.000000 
287.997681 -30.429506 23.688423 50.000000 
287.899475 -30.559172 23.687675 63.000000 
287.894653 -30.539272 23.692986 66.000000 
287.884460 -30.529980 23.691023 55.000000 
287.775574 -30.683657 23.683649 59.000000 
287.873474 -30.522169 23.688040 52.000000 
287.770660 -30.663343 23.688623 60.000000 
287.760956 -30.652164 23.687580 56.000000 
287.747986 -30.647022 23.682522 56.000000 
287.640137 -30.793037 23.686989 60.000000 
287.736664 -30.638805 23.679510 57.000000 
287.630127 -30.781473 23.685820 60.000000 
287.618439 -30.772924 23.682732 60.000000 
287.606750 -30.764336 23.679670 58.000000 
287.482544 -30.930714 23.677618 63.000000 
287.600311 -30.746639 23.682512 56.000000 
287.474884 -30.914108 23.679163 79.000000 
287.593964 -30.728952 23.685400 60.000000 
287.460999 -30.908146 23.674162 82.000000 
287.453430 -30.891510 23.675781 66.000000 
287.447754 -30.871853 23.679331 55.000000 
287.310059 -31.052340 23.675562 69.000000 
287.440369 -30.855228 23.681038 57.000000 
287.300385 -31.038298 23.675131 75.000000 
287.300110 -31.009073 23.683802 56.000000 
287.290588 -30.995043 23.683460 58.000000 
287.143738 -31.184248 23.682777 70.000000 
287.277344 -30.987028 23.679522 55.000000 
287.130890 -31.174305 23.679615 103.000000 
287.117096 -31.165836 23.675615 106.000000 
287.108185 -31.149759 23.675997 69.000000 
287.096436 -31.138195 23.673805 54.000000 
286.944000 -31.325577 23.682161 109.000000 
286.919678 -31.331715 23.669849 121.000000 
286.910461 -31.315071 23.670050 113.000000 
286.903320 -31.295408 23.671963 102.000000 
286.892944 -31.277689 23.671946 111.000000 
286.706238 -31.507851 23.666782 121.000000 
286.692474 -31.496630 23.663616 122.000000 
286.691650 -31.469967 23.669561 118.000000 
286.682220 -31.452717 23.669666 108.000000 
289.646057 -29.234638 23.713614 57.000000 
289.633392 -29.241110 23.700327 81.000000 
289.622833 -29.240150 23.693453 80.000000 
289.618011 -29.220083 23.703314 74.000000 
289.559387 -29.318087 23.702623 60.000000 
289.608826 -29.214678 23.700346 74.000000 
289.549438 -29.313995 23.698313 70.000000 
289.597839 -29.215076 23.692240 83.000000 
289.543335 -29.298023 23.704071 73.000000 
289.589569 -29.206684 23.691889 58.000000 
289.534424 -29.290928 23.702326 68.000000 
289.583221 -29.192465 23.696739 65.000000 
289.526001 -29.282333 23.701864 65.000000 
289.469940 -29.366781 23.715698 52.000000 
289.514648 -29.282543 23.693859 64.000000 
289.455688 -29.374390 23.701618 76.000000 
289.444489 -29.372978 23.694906 76.000000 
289.503021 -29.250595 23.705708 54.000000 
289.434326 -29.368547 23.690668 81.000000 
289.429535 -29.349274 23.698778 74.000000 
289.365234 -29.447975 23.703848 69.000000 
289.423218 -29.334461 23.703236 69.000000 
289.353699 -29.446337 23.697212 64.000000 
289.413727 -29.328497 23.700314 59.000000 
289.348450 -29.428223 23.703808 64.000000 
289.403656 -29.323973 23.696177 51.000000 
289.340424 -29.417582 23.704435 50.000000 
289.263123 -29.543043 23.692162 71.000000 
289.331238 -29.409899 23.702684 53.000000 
289.256622 -29.527580 23.696114 62.000000 
289.320343 -29.406635 23.697338 55.000000 
289.250854 -29.510624 23.701281 77.000000 
289.240234 -29.505661 23.697105 68.000000 
289.167999 -29.613159 23.703402 56.000000 
289.227234 -29.504814 23.689278 70.000000 
289.155884 -29.609154 23.697903 84.000000 
289.220367 -29.490820 23.692198 58.000000 
289.144287 -29.605434 23.692575 79.000000 
289.213440 -29.478645 23.694126 63.000000 
289.135162 -29.597492 23.690840 75.000000 
289.125549 -29.589186 23.688980 62.000000 
289.050629 -29.694361 23.700760 54.000000 
289.117981 -29.576363 23.690584 58.000000 
289.037292 -29.693382 23.693266 64.000000 
289.113159 -29.557566 23.696812 56.000000 
289.026062 -29.687811 23.689114 72.000000 
289.019745 -29.671654 23.692764 70.000000 
288.932281 -29.797647 23.693972 71.000000 
289.014221 -29.654007 23.697573 59.000000 
288.918518 -29.796341 23.686581 76.000000 
289.004517 -29.645367 23.695738 55.000000 
288.910614 -29.782850 23.687824 84.000000 
288.904266 -29.766333 23.691263 68.000000 
288.810333 -29.888926 23.696043 56.000000 
288.894257 -29.757360 23.689342 59.000000 
288.803101 -29.873594 23.698172 61.000000 
288.885040 -29.746859 23.688532 64.000000 
288.791260 -29.867369 23.694071 63.000000 
288.875854 -29.736336 23.687752 52.000000 
288.779449 -29.861099 23.689995 72.000000 
288.767609 -29.854784 23.685938 64.000000 
288.666473 -29.993225 23.688850 74.000000 
288.761383 -29.837889 23.689255 66.000000 
288.653442 -29.988115 23.683741 67.000000 
288.757629 -29.816500 23.695766 51.000000 
288.642059 -29.979921 23.680679 56.000000 
288.635651 -29.962620 23.683727 50.000000 
288.526733 -30.110092 23.687189 77.000000 
288.628479 -29.946835 23.685806 52.000000 
288.513275 -30.104584 23.682127 76.000000 
288.505005 -30.089914 23.682953 72.000000 
288.501099 -30.067673 23.688717 63.000000 
288.367065 -30.250643 23.675961 63.000000 
288.490356 -30.057541 23.686687 58.000000 
288.360291 -30.232481 23.678461 77.000000 
288.475250 -30.054909 23.679779 60.000000 
288.352661 -30.215847 23.680063 71.000000 
288.339722 -30.208303 23.676048 61.000000 
288.331299 -30.193157 23.676783 57.000000 
288.209961 -30.346169 23.689409 54.000000 
288.319336 -30.184032 23.673771 66.000000 
288.189148 -30.350384 23.678133 67.000000 
288.180481 -30.334795 23.678669 64.000000 
288.170929 -30.320713 23.678335 59.000000 
288.165222 -30.300589 23.681683 57.000000 
288.008820 -30.502909 23.672972 107.000000 
287.996918 -30.491341 23.670713 72.000000 
287.988983 -30.473703 23.671980 63.000000 
287.985046 -30.450047 23.676788 58.000000 
287.811340 -30.669115 23.667511 118.000000 
287.798981 -30.656977 23.665182 124.000000 
287.799866 -30.625208 23.673746 121.000000 
287.790741 -30.608549 23.674013 121.000000 
287.781647 -30.591879 23.674324 113.000000 
287.595093 -30.819832 23.669668 121.000000 
287.575745 -30.813482 23.663015 122.000000 
287.564087 -30.799175 23.661495 120.000000 
287.556732 -30.778862 23.663214 121.000000 
290.545563 -28.561218 23.716373 60.000000 
290.535034 -28.560343 23.709475 73.000000 
290.524902 -28.557943 23.703865 74.000000 
290.513458 -28.559906 23.694416 80.000000 
290.504181 -28.554476 23.691397 83.000000 
290.451202 -28.633419 23.707518 53.000000 
290.498505 -28.537312 23.698700 65.000000 
290.437927 -28.639702 23.694418 64.000000 
290.490204 -28.528927 23.698317 65.000000 
290.428894 -28.632572 23.692617 63.000000 
290.481476 -28.523712 23.695522 68.000000 
290.422791 -28.618319 23.697279 63.000000 
290.473236 -28.515285 23.695187 74.000000 
290.416321 -28.603790 23.701834 63.000000 
290.352325 -28.710737 23.697515 58.000000 
290.405945 -28.599279 23.697449 51.000000 
290.341095 -28.707537 23.691835 66.000000 
290.397064 -28.592079 23.695757 52.000000 
290.334045 -28.694172 23.694927 73.000000 
290.386688 -28.589243 23.690294 54.000000 
290.326508 -28.682293 23.696829 66.000000 
290.257721 -28.793343 23.692787 64.000000 
290.316864 -28.676332 23.693834 66.000000 
290.252838 -28.773680 23.700476 62.000000 
290.304016 -28.679199 23.683455 73.000000 
290.242401 -28.769009 23.696220 66.000000 
290.299316 -28.659893 23.691616 70.000000 
290.236542 -28.752357 23.701595 58.000000 
290.159851 -28.876699 23.691021 71.000000 
290.225372 -28.752726 23.694080 62.000000 
290.153687 -28.863356 23.694057 76.000000 
290.217896 -28.740528 23.695910 53.000000 
290.145966 -28.850878 23.695650 63.000000 
290.135864 -28.844398 23.692598 63.000000 
290.127014 -28.834890 23.691912 59.000000 
290.048706 -28.956186 23.688412 84.000000 
290.118439 -28.821722 23.693306 53.000000 
290.033386 -28.957808 23.678164 90.000000 
290.108429 -28.815161 23.690332 55.000000 
290.027527 -28.940424 23.683050 85.000000 
290.097137 -28.811537 23.685024 55.000000 
290.023071 -28.920048 23.690268 79.000000 
290.012787 -28.913210 23.687248 62.000000 
289.929993 -29.035147 23.687172 63.000000 
290.005157 -28.900351 23.688831 63.000000 
289.924896 -29.015928 23.692944 66.000000 
289.994904 -28.893457 23.685863 60.000000 
289.913635 -29.010323 23.688774 65.000000 
289.904480 -29.000158 23.687962 65.000000 
289.816650 -29.126261 23.689608 81.000000 
289.893219 -28.994478 23.683840 55.000000 
289.802094 -29.126423 23.681120 73.000000 
289.886993 -28.978268 23.687542 66.000000 
289.792664 -29.115908 23.680183 70.000000 
289.783264 -29.105371 23.679277 64.000000 
289.688812 -29.228142 23.684757 57.000000 
289.774689 -29.093311 23.679483 59.000000 
289.678375 -29.218819 23.682680 58.000000 
289.769897 -29.073721 23.685135 55.000000 
289.669556 -29.206432 23.682718 61.000000 
289.665497 -29.184952 23.689070 55.000000 
289.654968 -29.177485 23.686195 55.000000 
289.544647 -29.332722 23.678314 71.000000 
289.643921 -29.169586 23.683197 55.000000 
289.536438 -29.318419 23.679235 71.000000 
289.529327 -29.300661 23.682068 63.000000 
289.512970 -29.301470 23.672935 58.000000 
289.408661 -29.439951 23.682983 72.000000 
289.505737 -29.285604 23.674980 55.000000 
289.393433 -29.437433 23.675945 69.000000 
289.384216 -29.424219 23.675768 68.000000 
289.373322 -29.414017 23.673668 59.000000 
289.255554 -29.568180 23.679714 57.000000 
289.365082 -29.399256 23.674541 59.000000 
289.233551 -29.575878 23.666206 89.000000 
289.361298 -29.376961 23.680363 55.000000 
289.222260 -29.565228 23.664003 75.000000 
289.218201 -29.542427 23.669382 68.000000 
289.084778 -29.715740 23.671162 56.000000 
289.211548 -29.524193 23.671978 59.000000 
289.081482 -29.690964 23.677015 54.000000 
289.199524 -29.515005 23.668943 64.000000 
289.060547 -29.695076 23.665709 67.000000 
289.060516 -29.668238 23.673777 70.000000 
289.050903 -29.654091 23.673414 60.000000 
288.895538 -29.855518 23.666628 68.000000 
289.042938 -29.634445 23.675516 59.000000 
288.881256 -29.844406 23.663113 114.000000 
288.878998 -29.817616 23.669531 72.000000 
288.866119 -29.807474 23.666416 69.000000 
288.848328 -29.804813 23.658964 75.000000 
288.682922 -30.010420 23.658419 120.000000 
288.672485 -29.995165 23.657724 123.000000 
288.665192 -29.975374 23.659576 121.000000 
288.660004 -29.952585 23.663147 120.000000 
288.648773 -29.938808 23.661747 115.000000 
288.450104 -30.183445 23.649384 118.000000 
288.440338 -30.166029 23.649372 121.000000 
288.440155 -30.135107 23.656590 122.000000 
288.430908 -30.120346 23.656187 122.000000 
291.403625 -27.876156 23.720879 63.000000 
291.393433 -27.873747 23.715338 74.000000 
291.386383 -27.861015 23.718784 74.000000 
291.381653 -27.844429 23.726414 77.000000 
291.320190 -27.951365 23.718590 64.000000 
291.372437 -27.839024 23.723511 71.000000 
291.311615 -27.942804 23.718092 67.000000 
291.361877 -27.836233 23.717909 71.000000 
291.306030 -27.923584 23.726252 60.000000 
291.351746 -27.833668 23.712463 68.000000 
291.296600 -27.917961 23.723312 56.000000 
291.289185 -27.906414 23.725422 61.000000 
291.228516 -28.004314 23.728598 64.000000 
291.277771 -27.906622 23.717493 60.000000 
291.216217 -28.005926 23.719498 83.000000 
291.270416 -27.895039 23.719658 56.000000 
291.208679 -27.994087 23.721439 76.000000 
291.265717 -27.876141 23.728170 50.000000 
291.197968 -27.991144 23.716045 71.000000 
291.136047 -28.084175 23.726652 64.000000 
291.191589 -27.976318 23.720507 63.000000 
291.127289 -28.075066 23.726048 72.000000 
291.185303 -27.961500 23.725010 60.000000 
291.112854 -28.080898 23.713505 69.000000 
291.174103 -27.959948 23.718452 68.000000 
291.105835 -28.067240 23.716536 59.000000 
291.032776 -28.182610 23.713455 69.000000 
291.104187 -28.040184 23.730408 56.000000 
291.025024 -28.170151 23.715084 56.000000 
291.094421 -28.033991 23.727522 59.000000 
291.019775 -28.151672 23.721415 56.000000 
291.083496 -28.030727 23.722250 53.000000 
291.011566 -28.140720 23.721954 65.000000 
290.933197 -28.263659 23.717583 52.000000 
291.001495 -28.134247 23.719019 61.000000 
290.927307 -28.246349 23.722475 72.000000 
290.991455 -28.127741 23.716105 63.000000 
290.914337 -28.245680 23.714930 95.000000 
290.981445 -28.121201 23.713213 53.000000 
290.907288 -28.231379 23.717623 75.000000 
290.896942 -28.224598 23.714666 72.000000 
290.885986 -28.219286 23.710592 67.000000 
290.811035 -28.324537 23.722990 69.000000 
290.883118 -28.195974 23.720236 55.000000 
290.799042 -28.320515 23.717791 83.000000 
290.874268 -28.186146 23.719650 64.000000 
290.789185 -28.311916 23.715925 81.000000 
290.704865 -28.432156 23.722277 62.000000 
290.780060 -28.301783 23.715195 61.000000 
290.691040 -28.430893 23.714960 93.000000 
290.775970 -28.281116 23.722260 63.000000 
290.675720 -28.432598 23.705509 94.000000 
290.766968 -28.270973 23.721601 59.000000 
290.669281 -28.416048 23.708946 70.000000 
290.576965 -28.536020 23.716927 54.000000 
290.665924 -28.393467 23.716726 64.000000 
290.569641 -28.520670 23.719063 59.000000 
290.655884 -28.384487 23.714872 61.000000 
290.561615 -28.506840 23.720200 65.000000 
290.645111 -28.376982 23.711969 61.000000 
290.552856 -28.494522 23.720335 61.000000 
290.540192 -28.489758 23.715296 59.000000 
290.529144 -28.481920 23.712362 66.000000 
290.424713 -28.626492 23.711969 68.000000 
290.522095 -28.466524 23.714678 52.000000 
290.413269 -28.618319 23.708954 71.000000 
290.400146 -28.613140 23.703953 58.000000 
290.396240 -28.591278 23.710070 57.000000 
290.287292 -28.738802 23.714334 69.000000 
290.391602 -28.570961 23.715229 53.000000 
290.271210 -28.737846 23.706448 73.000000 
290.264648 -28.720119 23.709274 72.000000 
290.260773 -28.697863 23.715067 66.000000 
290.131042 -28.873255 23.707985 71.000000 
290.249969 -28.687714 23.713108 60.000000 
290.115295 -28.870325 23.701183 82.000000 
290.239227 -28.677536 23.711182 51.000000 
290.110352 -28.849098 23.705645 78.000000 
290.102783 -28.832443 23.707340 66.000000 
290.088898 -28.826361 23.702499 56.000000 
289.960052 -28.991636 23.708941 66.000000 
290.079315 -28.814655 23.701593 64.000000 
289.947235 -28.984121 23.705145 70.000000 
289.943268 -28.960939 23.710247 59.000000 
289.929260 -28.952414 23.706219 55.000000 
289.786774 -29.134035 23.711203 75.000000 
289.917816 -28.941305 23.704178 57.000000 
289.768005 -29.133135 23.702951 108.000000 
289.757050 -29.120039 23.701641 66.000000 
289.746124 -29.106916 23.700365 75.000000 
289.743195 -29.081732 23.706066 56.000000 
289.566315 -29.305407 23.695620 121.000000 
289.559998 -29.284168 23.698336 124.000000 
289.560913 -29.252394 23.706902 121.000000 
289.549713 -29.238729 23.705576 115.000000 
289.368896 -29.459747 23.706526 107.000000 
289.350830 -29.454573 23.700277 119.000000 
289.332794 -29.449318 23.694054 122.000000 
289.324951 -29.431053 23.695133 122.000000 
289.311157 -29.419699 23.692142 123.000000 
292.312286 -27.175558 23.741753 57.000000 
292.303009 -27.170292 23.738789 81.000000 
292.293365 -27.169941 23.732294 74.000000 
292.284119 -27.164606 23.729362 68.000000 
292.219727 -27.247005 23.734894 72.000000 
292.267487 -27.147997 23.728704 56.000000 
292.209778 -27.242947 23.730675 73.000000 
292.263367 -27.126541 23.740015 74.000000 
292.200806 -27.235889 23.728981 67.000000 
292.252838 -27.125498 23.733316 68.000000 
292.191345 -27.230284 23.726055 50.000000 
292.136230 -27.313593 23.741625 50.000000 
292.187866 -27.206972 23.738253 52.000000 
292.121368 -27.322758 23.726410 66.000000 
292.178528 -27.201344 23.735388 52.000000 
292.113251 -27.312450 23.727118 80.000000 
292.108429 -27.291430 23.736305 72.000000 
292.037781 -27.410120 23.726238 54.000000 
292.098816 -27.285572 23.733400 61.000000 
292.031769 -27.393522 23.731592 64.000000 
292.088074 -27.284414 23.726967 66.000000 
292.026917 -27.375746 23.738333 69.000000 
292.079041 -27.277006 23.725330 58.000000 
292.014771 -27.375639 23.730600 65.000000 
292.070587 -27.268101 23.724955 56.000000 
292.003784 -27.372486 23.725275 62.000000 
291.937073 -27.472795 23.733595 76.000000 
291.998627 -27.354401 23.731976 52.000000 
291.927551 -27.464933 23.731771 72.000000 
291.991882 -27.339001 23.736177 51.000000 
291.915741 -27.461235 23.726324 75.000000 
291.981567 -27.334290 23.732132 56.000000 
291.905640 -27.454809 23.723381 68.000000 
291.898071 -27.442362 23.725142 66.000000 
291.818329 -27.568188 23.718218 90.000000 
291.891815 -27.426924 23.729280 54.000000 
291.811859 -27.552401 23.722034 79.000000 
291.882446 -27.418943 23.727594 55.000000 
291.806091 -27.535118 23.727032 75.000000 
291.797791 -27.523865 23.727518 60.000000 
291.788177 -27.515602 23.725758 54.000000 
291.708862 -27.631441 23.729969 69.000000 
291.777252 -27.510303 23.721735 74.000000 
291.702484 -27.615345 23.733633 75.000000 
291.690369 -27.613199 23.727524 58.000000 
291.600677 -27.745701 23.724962 64.000000 
291.678406 -27.609140 23.722389 54.000000 
291.595612 -27.726187 23.730511 93.000000 
291.669312 -27.599022 23.721712 55.000000 
291.582550 -27.723404 23.724308 78.000000 
291.663147 -27.582890 23.725513 52.000000 
291.570984 -27.717533 23.720270 67.000000 
291.558105 -27.712757 23.715033 61.000000 
291.471252 -27.821901 23.729919 61.000000 
291.552551 -27.694736 23.719656 55.000000 
291.454681 -27.824854 23.719654 63.000000 
291.547852 -27.675232 23.725405 53.000000 
291.447449 -27.809507 23.721888 72.000000 
291.442688 -27.789623 23.727291 56.000000 
291.330231 -27.951368 23.715540 68.000000 
291.433228 -27.778822 23.726479 50.000000 
291.323608 -27.934099 23.718550 68.000000 
291.421417 -27.772516 23.722559 56.000000 
291.322021 -27.907721 23.727646 58.000000 
291.310638 -27.899591 23.724699 50.000000 
291.196655 -28.058218 23.721863 58.000000 
291.296783 -27.895964 23.718750 53.000000 
291.189117 -28.042088 23.723680 67.000000 
291.287140 -27.884731 23.717876 59.000000 
291.179962 -28.029007 23.723597 78.000000 
291.167358 -28.021982 23.719654 68.000000 
291.042023 -28.191887 23.716391 52.000000 
291.156525 -28.011885 23.717686 60.000000 
291.034271 -28.175301 23.718002 68.000000 
291.144836 -28.003265 23.714771 59.000000 
291.020325 -28.169378 23.713100 77.000000 
291.007294 -28.161882 23.709162 75.000000 
291.003632 -28.141605 23.713997 64.000000 
290.997070 -28.123474 23.716702 64.000000 
290.862305 -28.299559 23.716295 69.000000 
290.852936 -28.283541 23.716732 70.000000 
290.850830 -28.257383 23.723680 59.000000 
290.838470 -28.247898 23.720741 58.000000 
290.680145 -28.455553 23.710443 114.000000 
290.825165 -28.239880 23.716927 56.000000 
290.678864 -28.427334 23.717768 114.000000 
290.670898 -28.409773 23.719093 69.000000 
290.657104 -28.401274 23.715260 63.000000 
290.643951 -28.393230 23.711601 72.000000 
290.477661 -28.602083 23.709219 121.000000 
290.471375 -28.580915 23.711975 122.000000 
290.461121 -28.565796 23.711462 109.000000 
290.444794 -28.559689 23.706005 109.000000 
290.265076 -28.781693 23.707157 121.000000 
290.441528 -28.531443 23.711931 55.000000 
290.242462 -28.779947 23.698246 122.000000 
290.239105 -28.753620 23.703115 122.000000 
290.237579 -28.726397 23.708984 119.000000 
290.225983 -28.712133 23.707619 121.000000 
293.202393 -26.496271 23.732960 63.000000 
293.195313 -26.485355 23.735256 64.000000 
293.190033 -26.466816 23.743851 77.000000 
293.180847 -26.461512 23.740936 54.000000 
293.169434 -26.463495 23.731611 61.000000 
293.115784 -26.546612 23.743479 61.000000 
293.161163 -26.455191 23.731302 68.000000 
293.105408 -26.544058 23.738018 63.000000 
293.154327 -26.442497 23.734892 80.000000 
293.096008 -26.538502 23.735081 61.000000 
293.087555 -26.533474 23.732456 54.000000 
293.027924 -26.630056 23.736647 61.000000 
293.078674 -26.526384 23.730818 51.000000 
293.017761 -26.625769 23.732441 68.000000 
293.073395 -26.505491 23.740273 51.000000 
293.007141 -26.619370 23.729185 70.000000 
293.000702 -26.604603 23.733620 66.000000 
292.936707 -26.705154 23.737722 60.000000 
292.991669 -26.597258 23.731943 73.000000 
292.926849 -26.699112 23.734730 66.000000 
292.986450 -26.579536 23.738918 58.000000 
292.918701 -26.688545 23.735353 61.000000 
292.977356 -26.575708 23.735117 66.000000 
292.913269 -26.674089 23.739897 53.000000 
292.835175 -26.804575 23.724457 69.000000 
292.904083 -26.666494 23.738184 51.000000 
292.831512 -26.783434 23.733229 56.000000 
292.893829 -26.660051 23.735149 51.000000 
292.822845 -26.770422 23.734608 64.000000 
292.883514 -26.655369 23.731077 58.000000 
292.813416 -26.762547 23.732817 57.000000 
292.803864 -26.756466 23.730028 55.000000 
292.729706 -26.870262 23.731974 100.000000 
292.792603 -26.753025 23.724770 55.000000 
292.722595 -26.856047 23.734644 69.000000 
292.787109 -26.734289 23.731119 61.000000 
292.711151 -26.850565 23.730381 55.000000 
292.779694 -26.721857 23.732962 59.000000 
292.701508 -26.842360 23.728567 60.000000 
292.626862 -26.949436 23.739408 57.000000 
292.693756 -26.831457 23.729204 62.000000 
292.614075 -26.948938 23.732132 63.000000 
292.689514 -26.811214 23.736582 53.000000 
292.602844 -26.943481 23.728033 63.000000 
292.678009 -26.807455 23.731428 58.000000 
292.596466 -26.927391 23.731701 61.000000 
292.503601 -27.067665 23.723566 64.000000 
292.592285 -26.906784 23.738739 58.000000 
292.497040 -27.051207 23.726940 93.000000 
292.581848 -26.899759 23.735836 56.000000 
292.570709 -26.894199 23.731848 59.000000 
292.486359 -27.013767 23.737040 64.000000 
292.471161 -27.015518 23.727640 51.000000 
292.384064 -27.126204 23.740946 54.000000 
292.463379 -27.002089 23.729019 59.000000 
292.370697 -27.123156 23.734825 63.000000 
292.449646 -27.000702 23.721806 57.000000 
292.360413 -27.113970 23.732885 58.000000 
292.347809 -27.109301 23.727844 55.000000 
292.249481 -27.245275 23.733038 50.000000 
292.343079 -27.089457 23.733267 55.000000 
292.238647 -27.237659 23.730158 65.000000 
292.335846 -27.076061 23.734697 58.000000 
292.221558 -27.240271 23.720100 65.000000 
292.215607 -27.223438 23.723310 63.000000 
292.213043 -27.196310 23.732180 55.000000 
292.098389 -27.356245 23.727728 65.000000 
292.203156 -27.187082 23.730427 52.000000 
292.086670 -27.347786 23.724699 61.000000 
292.081818 -27.327118 23.729488 56.000000 
292.066711 -27.324682 23.722626 59.000000 
291.943207 -27.491367 23.720726 78.000000 
292.057953 -27.309643 23.723446 57.000000 
291.935822 -27.472845 23.723137 100.000000 
292.047211 -27.299551 23.721519 52.000000 
291.927338 -27.457825 23.723869 75.000000 
291.915588 -27.451286 23.720242 67.000000 
291.901764 -27.445318 23.715401 67.000000 
291.780121 -27.602320 23.726727 69.000000 
291.895233 -27.427212 23.718117 60.000000 
291.765808 -27.595993 23.721882 70.000000 
291.754303 -27.585052 23.719772 58.000000 
291.749451 -27.563475 23.724026 51.000000 
291.604614 -27.749622 23.725334 61.000000 
291.739960 -27.549479 23.723803 51.000000 
291.583038 -27.753441 23.714483 112.000000 
291.575348 -27.733879 23.716486 72.000000 
291.570343 -27.711796 23.720421 69.000000 
291.563141 -27.694763 23.721949 66.000000 
291.395599 -27.906881 23.717176 118.000000 
291.391357 -27.882748 23.721571 121.000000 
291.380127 -27.869228 23.720207 120.000000 
291.364868 -27.861715 23.715557 113.000000 
291.355774 -27.845119 23.715929 113.000000 
291.180450 -28.060778 23.719183 122.000000 
291.158325 -28.061749 23.709793 123.000000 
291.149811 -28.043039 23.710728 121.000000 
291.142426 -28.022831 23.712503 120.000000 
294.104797 -25.805298 23.734041 57.000000 
294.093842 -25.805941 23.725937 74.000000 
294.085907 -25.796230 23.726826 80.000000 
294.080200 -25.779177 23.734177 77.000000 
294.020477 -25.883251 23.728289 60.000000 
294.071014 -25.773853 23.731274 68.000000 
294.011017 -25.877747 23.725290 64.000000 
294.060059 -25.774340 23.723228 74.000000 
294.005829 -25.858875 23.733616 60.000000 
294.051788 -25.767756 23.721792 90.000000 
293.998840 -25.847700 23.735851 58.000000 
294.048187 -25.744886 23.734459 77.000000 
293.988495 -25.845097 23.730417 58.000000 
293.930634 -25.937199 23.738003 67.000000 
293.978149 -25.842449 23.724995 54.000000 
293.916351 -25.944887 23.723982 73.000000 
293.970276 -25.832415 23.725903 50.000000 
293.909851 -25.930143 23.728384 74.000000 
293.898132 -25.930265 23.720520 61.000000 
293.838013 -26.020489 23.733023 55.000000 
293.892242 -25.914022 23.726219 64.000000 
293.828705 -26.012966 23.731220 64.000000 
293.885834 -25.901049 23.729639 73.000000 
293.818817 -26.008720 23.727194 69.000000 
293.877411 -25.892212 23.729246 76.000000 
293.810120 -25.999649 23.726639 66.000000 
293.867981 -25.884533 23.727501 54.000000 
293.802673 -25.985775 23.729572 54.000000 
293.727966 -26.107052 23.720829 67.000000 
293.794067 -25.976675 23.729080 53.000000 
293.723267 -26.087135 23.728340 67.000000 
293.785492 -25.967556 23.728617 56.000000 
293.714447 -26.077776 23.727715 77.000000 
293.774597 -25.964342 23.723351 58.000000 
293.705017 -26.069895 23.725945 78.000000 
293.633636 -26.177671 23.732149 56.000000 
293.693146 -26.067972 23.719503 58.000000 
293.624634 -26.168037 23.731419 84.000000 
293.685638 -26.055550 23.721306 61.000000 
293.613678 -26.162916 23.727301 75.000000 
293.679962 -26.040466 23.725637 59.000000 
293.603271 -26.158089 23.723351 63.000000 
293.592346 -26.152885 23.719271 52.000000 
293.518982 -26.256840 23.732042 52.000000 
293.586914 -26.133808 23.725361 62.000000 
293.508606 -26.248043 23.730007 66.000000 
293.582764 -26.113598 23.732794 58.000000 
293.497406 -26.242588 23.725931 63.000000 
293.488281 -26.232565 23.725206 63.000000 
293.399658 -26.363466 23.723028 71.000000 
293.482758 -26.214994 23.730072 53.000000 
293.390991 -26.351612 23.723232 70.000000 
293.474976 -26.203802 23.730673 61.000000 
293.385101 -26.335554 23.726845 66.000000 
293.461029 -26.204231 23.722242 50.000000 
293.378754 -26.319141 23.730352 62.000000 
293.367523 -26.311438 23.727282 64.000000 
293.273590 -26.435604 23.730574 66.000000 
293.356812 -26.304062 23.724382 66.000000 
293.260986 -26.431007 23.725502 63.000000 
293.349152 -26.290644 23.725838 64.000000 
293.252289 -26.418776 23.725676 57.000000 
293.151093 -26.560930 23.726391 50.000000 
293.242859 -26.408043 23.724834 56.000000 
293.145325 -26.542240 23.730408 62.000000 
293.233459 -26.397289 23.724028 58.000000 
293.127472 -26.546425 23.719332 65.000000 
293.228882 -26.377485 23.729546 52.000000 
293.117737 -26.535311 23.718367 51.000000 
293.114624 -26.512047 23.725531 51.000000 
293.001953 -26.669056 23.722687 56.000000 
292.990234 -26.660627 23.719656 67.000000 
292.982788 -26.644548 23.721529 63.000000 
292.976318 -26.626957 23.724422 61.000000 
292.961243 -26.624514 23.717575 56.000000 
292.842102 -26.783287 23.719698 94.000000 
292.957764 -26.604734 23.722792 57.000000 
292.837494 -26.764622 23.723557 75.000000 
292.824585 -26.757242 23.719629 63.000000 
292.814117 -26.742861 23.719204 61.000000 
292.693237 -26.897858 23.730446 57.000000 
292.803101 -26.732378 23.717224 57.000000 
292.675293 -26.897697 23.721994 69.000000 
292.663849 -26.886812 23.719894 56.000000 
292.653381 -26.874382 23.718733 54.000000 
292.643890 -26.860418 23.718517 57.000000 
292.500488 -27.045191 23.720066 65.000000 
292.485748 -27.038361 23.715298 50.000000 
292.477844 -27.020870 23.716644 54.000000 
292.473938 -26.997343 23.721519 61.000000 
292.301910 -27.217157 23.711775 115.000000 
292.465210 -26.981377 23.722086 51.000000 
292.298645 -27.191540 23.717020 118.000000 
292.290466 -27.173525 23.718159 105.000000 
292.275269 -27.166069 23.713507 61.000000 
292.265198 -27.151035 23.713058 107.000000 
292.090637 -27.364761 23.716192 121.000000 
292.077606 -27.354265 23.713293 111.000000 
292.063934 -27.343178 23.710276 114.000000 
292.052368 -27.329039 23.708887 120.000000 
292.046143 -27.307392 23.711525 105.000000 
295.002899 -25.119843 23.733799 68.000000 
294.991943 -25.120491 23.725679 68.000000 
294.987427 -25.099010 23.736820 71.000000 
294.976501 -25.099596 23.728739 71.000000 
294.919525 -25.194876 23.730536 72.000000 
294.968170 -25.091333 23.728386 65.000000 
294.912384 -25.181952 23.733793 73.000000 
294.961243 -25.078669 23.731928 57.000000 
294.905334 -25.169027 23.737087 58.000000 
294.950745 -25.077673 23.725178 71.000000 
294.894989 -25.166464 23.731619 54.000000 
294.884613 -25.165611 23.725052 51.000000 
294.826660 -25.257841 23.732809 61.000000 
294.814972 -25.258062 23.724901 76.000000 
294.806335 -25.249279 23.724369 72.000000 
294.743805 -25.347227 23.730972 54.000000 
294.798828 -25.237505 23.726326 58.000000 
294.735535 -25.336712 23.731512 64.000000 
294.791443 -25.222176 23.730490 58.000000 
294.726349 -25.325583 23.731785 61.000000 
294.782990 -25.213358 23.730057 60.000000 
294.717651 -25.316538 23.731194 61.000000 
294.773865 -25.209539 23.726229 52.000000 
294.712189 -25.302101 23.735725 55.000000 
294.636200 -25.428158 23.723520 67.000000 
294.701874 -25.297514 23.731588 51.000000 
294.630127 -25.413088 23.727627 69.000000 
294.691528 -25.292891 23.727470 53.000000 
294.621948 -25.400412 23.729134 65.000000 
294.681763 -25.286739 23.724573 58.000000 
294.613617 -25.391375 23.728640 61.000000 
294.600616 -25.390686 23.720844 55.000000 
294.529175 -25.498589 23.727226 106.000000 
294.593567 -25.378597 23.722742 59.000000 
294.520752 -25.487427 23.727608 79.000000 
294.584290 -25.368851 23.722031 67.000000 
294.511749 -25.477764 23.726883 69.000000 
294.578094 -25.353445 23.726202 57.000000 
294.496918 -25.481655 23.715923 72.000000 
294.427094 -25.578295 23.734499 52.000000 
294.492523 -25.461390 23.723238 69.000000 
294.415161 -25.574444 23.729252 66.000000 
294.488251 -25.441156 23.730604 54.000000 
294.403931 -25.569023 23.725130 63.000000 
294.396851 -25.554476 23.727680 58.000000 
294.307190 -25.688757 23.723494 69.000000 
294.393311 -25.532377 23.735821 56.000000 
294.298462 -25.676920 23.723642 87.000000 
294.380066 -25.531412 23.728453 56.000000 
294.292694 -25.658978 23.728125 64.000000 
294.371765 -25.519865 23.728888 63.000000 
294.283356 -25.648647 23.727272 66.000000 
294.275543 -25.635269 23.728607 62.000000 
294.182007 -25.759775 23.732042 50.000000 
294.263336 -25.630953 23.723503 59.000000 
294.167847 -25.758278 23.724844 63.000000 
294.253357 -25.622063 23.721661 73.000000 
294.159088 -25.746058 23.724960 58.000000 
294.146698 -25.739513 23.720785 59.000000 
294.051056 -25.871054 23.728716 51.000000 
294.142731 -25.718166 23.727243 57.000000 
294.037231 -25.867657 23.722639 57.000000 
294.130981 -25.711956 23.723276 59.000000 
294.026642 -25.858101 23.720617 60.000000 
294.018555 -25.843954 23.721657 59.000000 
294.013275 -25.827574 23.725054 55.000000 
293.898987 -25.987740 23.720291 67.000000 
294.005280 -25.813427 23.726168 57.000000 
293.889801 -25.974726 23.720156 73.000000 
293.883209 -25.957129 23.722984 76.000000 
293.746704 -26.148935 23.705700 57.000000 
293.875854 -25.941059 23.724878 66.000000 
293.747681 -26.117056 23.716627 78.000000 
293.861084 -25.936691 23.718842 73.000000 
293.742920 -26.093988 23.721840 94.000000 
293.852936 -25.922106 23.719831 50.000000 
293.732635 -26.082064 23.720680 68.000000 
293.714661 -26.081833 23.711870 66.000000 
293.601349 -26.225075 23.730837 50.000000 
293.702637 -26.072861 23.708883 57.000000 
293.584351 -26.223452 23.723242 73.000000 
293.701813 -26.048119 23.716606 61.000000 
293.575958 -26.210485 23.723202 57.000000 
293.557037 -26.211779 23.713837 58.000000 
293.553101 -26.188711 23.718990 55.000000 
293.404572 -26.383194 23.715563 103.000000 
293.546448 -26.170218 23.721474 54.000000 
293.393616 -26.370295 23.714201 104.000000 
293.386566 -26.351288 23.716349 63.000000 
293.383514 -26.326229 23.722021 63.000000 
293.211243 -26.548235 23.711685 106.000000 
293.374725 -26.310280 23.722525 104.000000 
293.206848 -26.524122 23.716024 112.000000 
293.199585 -26.504595 23.717926 115.000000 
293.191742 -26.484554 23.719723 105.000000 
293.179596 -26.472591 23.717552 107.000000 
293.163055 -26.468645 23.711390 51.000000 
292.983459 -26.690084 23.710596 122.000000 
292.970734 -26.677507 23.708307 122.000000 
292.959473 -26.661325 23.707493 120.000000 
292.952087 -26.641172 23.709265 120.000000 
295.895050 -24.434929 23.744804 57.000000 
295.882446 -24.441519 23.731535 78.000000 
295.877045 -24.422924 23.739996 77.000000 
295.869598 -24.411722 23.742107 80.000000 
295.811584 -24.509817 23.741484 60.000000 
295.858673 -24.412275 23.733990 74.000000 
295.804016 -24.498362 23.743406 67.000000 
295.849091 -24.410109 23.728596 74.000000 
295.795563 -24.491638 23.741760 63.000000 
295.842621 -24.395922 23.733355 77.000000 
295.786163 -24.486099 23.738733 65.000000 
295.837158 -24.378826 23.740732 83.000000 
295.775818 -24.483490 23.733215 58.000000 
295.718658 -24.572601 23.743605 50.000000 
295.769379 -24.469017 23.737764 56.000000 
295.704956 -24.578831 23.730761 66.000000 
295.763000 -24.454550 23.742355 58.000000 
295.694794 -24.574511 23.726477 62.000000 
295.755737 -24.443037 23.744467 58.000000 
295.689331 -24.556728 23.733240 60.000000 
295.622009 -24.666414 23.730326 54.000000 
295.681885 -24.544920 23.735144 60.000000 
295.614868 -24.652822 23.733185 58.000000 
295.673920 -24.534594 23.735853 66.000000 
295.608917 -24.636225 23.738472 59.000000 
295.665497 -24.525734 23.735363 68.000000 
295.601929 -24.622646 23.741413 51.000000 
295.656006 -24.519815 23.732435 52.000000 
295.591583 -24.618050 23.737206 55.000000 
295.517334 -24.737799 23.729908 63.000000 
295.581177 -24.615215 23.731966 53.000000 
295.513702 -24.716640 23.738609 50.000000 
295.573761 -24.603088 23.733799 56.000000 
295.501862 -24.714817 23.732054 54.000000 
295.564728 -24.593620 23.733112 55.000000 
295.491943 -24.706596 23.730030 59.000000 
295.422180 -24.809774 23.739973 76.000000 
295.483154 -24.697168 23.729353 63.000000 
295.406769 -24.815319 23.727808 90.000000 
295.476288 -24.683229 23.732220 52.000000 
295.399017 -24.802582 23.729258 58.000000 
295.468231 -24.672281 23.732779 65.000000 
295.390045 -24.792866 23.728472 62.000000 
295.382416 -24.780113 23.729990 63.000000 
295.303406 -24.896088 23.734041 60.000000 
295.377472 -24.761337 23.736105 63.000000 
295.290802 -24.893692 23.727633 65.000000 
295.368652 -24.751595 23.735420 69.000000 
295.285767 -24.874544 23.733393 65.000000 
295.278076 -24.861479 23.734776 61.000000 
295.183533 -25.004522 23.724232 68.000000 
295.270752 -24.850622 23.735388 55.000000 
295.179535 -24.985722 23.729977 87.000000 
295.259644 -24.845078 23.731291 61.000000 
295.173096 -24.969265 23.733315 84.000000 
295.247467 -24.838783 23.726921 55.000000 
295.161255 -24.961197 23.729948 64.000000 
295.148285 -24.958370 23.723686 59.000000 
295.057739 -25.074926 23.732742 55.000000 
295.140533 -24.944906 23.724979 59.000000 
295.048981 -25.062687 23.732763 56.000000 
295.131348 -24.934454 23.724152 55.000000 
295.038727 -25.053480 23.730740 57.000000 
294.938873 -25.192490 23.733791 50.000000 
295.026184 -25.048792 23.725615 55.000000 
294.929077 -25.181425 23.732655 65.000000 
295.023041 -25.025894 23.733042 57.000000 
294.913422 -25.182964 23.723660 62.000000 
295.010529 -25.021151 23.727974 52.000000 
294.905304 -25.168776 23.724588 55.000000 
294.903290 -25.146271 23.731913 57.000000 
294.788177 -25.305891 23.727297 56.000000 
294.892029 -25.138163 23.728884 56.000000 
294.778961 -25.292856 23.727058 63.000000 
294.881042 -25.128099 23.726744 50.000000 
294.773529 -25.271751 23.731565 63.000000 
294.761902 -25.263273 23.728487 58.000000 
294.629822 -25.445280 23.716919 52.000000 
294.748566 -25.257793 23.723488 57.000000 
294.628265 -25.417994 23.724960 75.000000 
294.739563 -25.244688 23.723392 52.000000 
294.618896 -25.404509 23.724632 77.000000 
294.608978 -25.390558 23.724184 68.000000 
294.597015 -25.381599 23.721109 64.000000 
294.585968 -25.371084 23.719004 82.000000 
294.463013 -25.529139 23.728868 66.000000 
294.581329 -25.349966 23.723532 50.000000 
294.447876 -25.524338 23.723034 64.000000 
294.444244 -25.503706 23.727474 57.000000 
294.436646 -25.486704 23.728937 58.000000 
294.281921 -25.687628 23.720919 103.000000 
294.273315 -25.669621 23.721924 72.000000 
294.266357 -25.650589 23.723999 61.000000 
294.257568 -25.634594 23.724384 58.000000 
294.095184 -25.839092 23.723356 109.000000 
294.243896 -25.626139 23.720463 75.000000 
294.086945 -25.821060 23.724310 117.000000 
294.076416 -25.808098 23.722975 113.000000 
294.064270 -25.796101 23.720686 122.000000 
294.049469 -25.786556 23.716616 121.000000 
293.872162 -26.005228 23.717892 122.000000 
293.860504 -25.991123 23.716280 123.000000 
293.848541 -25.979055 23.714071 120.000000 
293.885559 -25.924360 23.715563 121.000000 
293.873383 -25.909630 23.713915 119.000000 
296.777740 -23.745802 23.726074 68.000000 
296.771454 -23.730225 23.732090 77.000000 
296.762695 -23.725203 23.729290 83.000000 
296.704071 -23.826553 23.725964 57.000000 
296.751740 -23.725742 23.721205 74.000000 
296.697815 -23.810658 23.731728 64.000000 
296.743408 -23.717459 23.720869 83.000000 
296.688843 -23.803675 23.729996 61.000000 
296.737823 -23.700409 23.728313 80.000000 
296.679413 -23.798149 23.727030 65.000000 
296.730988 -23.686022 23.733076 74.000000 
296.669525 -23.792311 23.723938 60.000000 
296.610199 -23.889156 23.727934 61.000000 
296.661102 -23.783773 23.723537 60.000000 
296.598969 -23.887880 23.721241 68.000000 
296.657135 -23.761995 23.734545 73.000000 
296.590851 -23.877613 23.721937 58.000000 
296.646332 -23.760782 23.727884 79.000000 
296.583282 -23.865845 23.723898 56.000000 
296.520142 -23.965202 23.729029 67.000000 
296.577850 -23.849916 23.729740 68.000000 
296.511841 -23.956486 23.728556 81.000000 
296.567230 -23.847031 23.724363 66.000000 
296.500854 -23.953449 23.723156 70.000000 
296.555573 -23.845280 23.717619 76.000000 
296.493896 -23.938093 23.727242 67.000000 
296.484619 -23.930510 23.725498 59.000000 
296.413666 -24.042955 23.723755 62.000000 
296.475342 -23.924700 23.722721 55.000000 
296.405853 -24.032423 23.724396 67.000000 
296.468445 -23.911123 23.725853 50.000000 
296.396973 -24.023069 23.723747 63.000000 
296.388123 -24.013697 23.723129 65.000000 
296.316284 -24.123213 23.728167 90.000000 
296.376862 -24.010292 23.717838 57.000000 
296.302765 -24.124195 23.719444 89.000000 
296.369293 -23.997879 23.719624 53.000000 
296.294342 -24.113012 23.719851 79.000000 
296.364319 -23.979502 23.726158 55.000000 
296.283997 -24.106340 23.716866 67.000000 
296.275787 -24.093281 23.718330 79.000000 
296.199890 -24.203493 23.726561 63.000000 
296.270142 -24.076048 23.723415 51.000000 
296.186584 -24.202635 23.719109 68.000000 
296.259949 -24.069313 23.720516 55.000000 
296.180817 -24.185053 23.723879 65.000000 
296.175842 -24.165979 23.729811 59.000000 
296.081848 -24.309223 23.718710 67.000000 
296.164673 -24.160490 23.725769 56.000000 
296.073151 -24.297373 23.718895 70.000000 
296.154236 -24.153460 23.722862 56.000000 
296.069580 -24.274872 23.726656 62.000000 
296.057861 -24.270966 23.721670 64.000000 
296.048584 -24.260597 23.720879 68.000000 
295.954041 -24.386599 23.723173 61.000000 
296.034088 -24.260765 23.712542 73.000000 
295.943695 -24.377436 23.721203 63.000000 
296.031616 -24.236790 23.721554 57.000000 
295.933624 -24.366343 23.720161 59.000000 
295.835815 -24.502659 23.724901 52.000000 
295.925690 -24.352581 23.721395 59.000000 
295.823334 -24.498142 23.719976 62.000000 
295.919952 -24.336180 23.724911 59.000000 
295.811127 -24.491650 23.715931 57.000000 
295.801910 -24.480949 23.715096 56.000000 
295.682404 -24.620722 23.715260 58.000000 
295.789032 -24.446569 23.721338 57.000000 
295.668945 -24.615349 23.710245 56.000000 
295.774719 -24.442577 23.715233 51.000000 
295.669067 -24.585537 23.720894 61.000000 
295.659119 -24.574038 23.719862 61.000000 
295.646332 -24.569006 23.715090 61.000000 
295.526672 -24.729633 23.716129 68.000000 
295.638184 -24.554428 23.716082 61.000000 
295.516357 -24.717707 23.714964 61.000000 
295.509644 -24.699677 23.717607 63.000000 
295.492249 -24.699860 23.708960 59.000000 
295.374908 -24.851156 23.723244 59.000000 
295.485077 -24.681349 23.711529 59.000000 
295.355408 -24.852074 23.713692 61.000000 
295.346680 -24.836622 23.714281 58.000000 
295.338959 -24.819643 23.715822 57.000000 
295.196747 -25.003222 23.718145 101.000000 
295.336945 -24.793589 23.722864 61.000000 
295.180054 -24.999506 23.711578 105.000000 
295.170074 -24.985071 23.711128 108.000000 
295.165985 -24.961523 23.715946 69.000000 
295.157776 -24.946064 23.716600 61.000000 
294.998169 -25.148069 23.716682 109.000000 
294.986877 -25.134647 23.715267 114.000000 
294.969971 -25.128252 23.709566 115.000000 
294.960785 -25.111732 23.709892 105.000000 
294.947601 -25.101231 23.706913 111.000000 
294.775177 -25.314451 23.710873 122.000000 
294.764526 -25.298883 23.710182 120.000000 
294.793610 -25.256546 23.705162 120.000000 
294.782013 -25.242424 23.703754 118.000000 
297.676758 -23.064688 23.738333 63.000000 
297.668335 -23.056473 23.737852 74.000000 
297.659515 -23.049715 23.736116 77.000000 
297.652039 -23.038519 23.738258 83.000000 
297.590912 -23.147205 23.728777 64.000000 
297.642853 -23.033190 23.735289 71.000000 
297.583710 -23.134241 23.731968 61.000000 
297.633667 -23.027828 23.732340 86.000000 
297.578949 -23.113853 23.741470 60.000000 
297.625427 -23.019514 23.731989 86.000000 
297.567627 -23.114244 23.733442 52.000000 
297.560150 -23.102751 23.735483 54.000000 
297.500153 -23.200916 23.738277 64.000000 
297.549805 -23.100105 23.730001 52.000000 
297.487946 -23.202629 23.729099 73.000000 
297.543396 -23.085640 23.734625 56.000000 
297.479828 -23.192339 23.729744 68.000000 
297.537567 -23.069715 23.740555 51.000000 
297.470703 -23.185013 23.727961 58.000000 
297.411041 -23.273739 23.741678 61.000000 
297.465851 -23.165779 23.736052 55.000000 
297.401764 -23.266218 23.739813 69.000000 
297.459503 -23.151022 23.740496 54.000000 
297.389679 -23.266180 23.731983 67.000000 
297.447296 -23.152536 23.731403 58.000000 
297.381531 -23.255596 23.732559 61.000000 
297.311157 -23.366657 23.732315 63.000000 
297.376282 -23.237528 23.739174 53.000000 
297.301025 -23.360342 23.729225 50.000000 
297.292694 -23.349464 23.729658 62.000000 
297.357269 -23.225569 23.733421 53.000000 
297.287354 -23.332867 23.734953 65.000000 
297.214325 -23.445463 23.737904 56.000000 
297.277313 -23.326488 23.731945 67.000000 
297.200806 -23.446484 23.729128 79.000000 
297.267303 -23.320076 23.728960 63.000000 
297.192993 -23.433779 23.730585 79.000000 
297.257294 -23.313631 23.725996 59.000000 
297.183319 -23.425611 23.728664 79.000000 
297.250305 -23.301510 23.727905 55.000000 
297.174835 -23.416241 23.728062 67.000000 
297.161926 -23.415554 23.720488 67.000000 
297.089722 -23.516563 23.735653 66.000000 
297.157227 -23.393093 23.728630 58.000000 
297.078796 -23.507406 23.733385 63.000000 
297.153015 -23.372845 23.735985 62.000000 
297.066895 -23.503460 23.728128 65.000000 
296.981293 -23.628628 23.730560 62.000000 
297.061218 -23.485857 23.732878 55.000000 
296.973297 -23.615255 23.731731 93.000000 
297.052856 -23.474302 23.733227 59.000000 
296.957397 -23.618645 23.721123 89.000000 
297.045959 -23.459732 23.735836 68.000000 
296.951630 -23.600655 23.725578 65.000000 
296.946716 -23.581167 23.731157 61.000000 
296.939240 -23.570005 23.731689 64.000000 
296.842224 -23.700363 23.730858 63.000000 
296.927063 -23.565647 23.726555 68.000000 
296.832123 -23.689276 23.729721 64.000000 
296.823395 -23.677027 23.729815 58.000000 
296.810577 -23.674248 23.723818 64.000000 
296.711853 -23.812059 23.727776 59.000000 
296.804291 -23.657417 23.727114 61.000000 
296.703674 -23.797916 23.728716 59.000000 
296.690674 -23.792904 23.723635 57.000000 
296.682587 -23.778727 23.724646 60.000000 
296.570068 -23.933968 23.722864 60.000000 
296.679504 -23.755451 23.731773 77.000000 
296.559998 -23.922462 23.721691 58.000000 
296.551666 -23.907883 23.722504 60.000000 
296.546844 -23.887213 23.727264 60.000000 
296.415894 -24.067846 23.716278 83.000000 
296.536957 -23.875671 23.726204 65.000000 
296.409912 -24.048237 23.719700 94.000000 
296.524780 -23.866707 23.723068 58.000000 
296.404327 -24.026674 23.723955 70.000000 
296.390533 -24.020796 23.718998 61.000000 
296.381226 -24.007275 23.718781 61.000000 
296.258301 -24.165424 23.728376 63.000000 
296.371063 -23.995253 23.717657 59.000000 
296.245880 -24.156094 23.725256 69.000000 
296.236298 -24.142159 23.724882 57.000000 
296.223938 -24.132759 23.721823 56.000000 
296.086700 -24.308870 23.728796 72.000000 
296.215698 -24.115280 23.723188 52.000000 
296.066528 -24.309231 23.719416 105.000000 
296.052734 -24.300858 23.715422 66.000000 
296.043793 -24.284853 23.715809 63.000000 
296.040802 -24.259766 23.721470 104.000000 
295.869690 -24.478167 23.712606 121.000000 
295.865021 -24.456070 23.716257 119.000000 
295.858826 -24.434994 23.718969 115.000000 
295.852692 -24.413931 23.721731 121.000000 
295.838562 -24.404936 23.717857 111.000000 
295.659882 -24.624763 23.717598 121.000000 
295.691406 -24.577633 23.715750 123.000000 
295.678772 -24.565027 23.713434 120.000000 
295.667206 -24.550880 23.711950 121.000000 
298.577850 -22.379311 23.751171 54.000000 
298.539490 -22.362736 23.735331 63.000000 
298.486176 -22.446363 23.747532 52.000000 
298.532013 -22.351530 23.737516 71.000000 
298.476257 -22.442385 23.743258 78.000000 
298.524994 -22.338852 23.741022 71.000000 
298.465363 -22.441339 23.736490 65.000000 
298.516296 -22.332026 23.739412 55.000000 
298.457794 -22.429863 23.738520 63.000000 
298.507568 -22.325172 23.737825 71.000000 
298.451721 -22.413944 23.744354 50.000000 
298.443268 -22.407175 23.742828 56.000000 
298.380737 -22.512772 23.739517 61.000000 
298.433411 -22.403049 23.738657 50.000000 
298.371582 -22.505495 23.737740 66.000000 
298.361969 -22.497902 23.735838 58.000000 
298.352325 -22.492058 23.732880 62.000000 
298.293243 -22.579277 23.747889 66.000000 
298.342712 -22.486185 23.729942 58.000000 
298.281708 -22.577766 23.741295 58.000000 
298.335785 -22.472881 23.733192 64.000000 
298.271851 -22.571703 23.738304 56.000000 
298.331604 -22.453972 23.741562 62.000000 
298.263641 -22.562920 23.737885 62.000000 
298.192627 -22.675476 23.736586 71.000000 
298.254395 -22.555307 23.736141 52.000000 
298.183075 -22.667637 23.734713 50.000000 
298.249908 -22.533962 23.745108 51.000000 
298.173065 -22.659456 23.732716 54.000000 
298.239594 -22.529301 23.741022 62.000000 
298.164764 -22.648556 23.733232 55.000000 
298.159607 -22.630142 23.739639 61.000000 
298.078613 -22.760685 23.728916 90.000000 
298.148376 -22.626720 23.734367 63.000000 
298.071442 -22.746445 23.731560 72.000000 
298.138855 -22.620586 23.731604 67.000000 
298.067444 -22.726498 23.738945 69.000000 
298.057159 -22.719816 23.735973 69.000000 
297.979919 -22.833092 23.742298 52.000000 
298.045715 -22.714268 23.731737 72.000000 
297.970856 -22.821255 23.742424 69.000000 
298.038116 -22.701513 23.733385 89.000000 
297.958923 -22.817337 23.737204 65.000000 
298.029724 -22.692085 23.732922 52.000000 
297.948914 -22.810694 23.734367 63.000000 
297.861877 -22.938904 23.734808 68.000000 
297.939758 -22.800646 23.733622 59.000000 
297.853851 -22.925522 23.736032 87.000000 
297.930664 -22.790579 23.732908 61.000000 
297.841553 -22.921268 23.730852 73.000000 
297.927307 -22.768473 23.741123 63.000000 
297.827759 -22.920004 23.723539 65.000000 
297.821320 -22.903522 23.727005 62.000000 
297.818695 -22.879498 23.735909 64.000000 
297.719452 -23.012495 23.733097 63.000000 
297.808929 -22.868713 23.735004 64.000000 
297.709900 -23.001766 23.732170 61.000000 
297.703491 -22.984947 23.735451 61.000000 
297.597321 -23.136330 23.730402 57.000000 
297.690887 -22.980246 23.730413 61.000000 
297.592072 -23.117994 23.734539 57.000000 
297.681213 -22.971352 23.728680 69.000000 
297.582275 -23.106895 23.733528 57.000000 
297.569824 -23.102264 23.728661 59.000000 
297.465912 -23.242500 23.737135 58.000000 
297.556244 -23.096769 23.723515 60.000000 
297.454987 -23.232565 23.735031 67.000000 
297.552063 -23.076906 23.728809 59.000000 
297.440704 -23.228704 23.729065 72.000000 
297.431824 -23.213697 23.729790 61.000000 
297.301941 -23.393179 23.720419 57.000000 
297.422699 -23.200624 23.729731 52.000000 
297.295898 -23.373554 23.723856 68.000000 
297.415100 -23.186453 23.730831 55.000000 
297.286133 -23.362030 23.722803 82.000000 
297.278473 -23.345467 23.724449 66.000000 
297.276276 -23.319790 23.731781 63.000000 
297.260651 -23.316895 23.725040 59.000000 
297.132782 -23.484673 23.729708 63.000000 
297.250488 -23.304859 23.723980 52.000000 
297.125885 -23.466156 23.732063 55.000000 
297.114410 -23.455246 23.729940 59.000000 
297.103912 -23.442793 23.728758 64.000000 
296.959229 -23.629101 23.729883 112.000000 
296.948303 -23.616188 23.728529 102.000000 
296.938354 -23.601728 23.728081 61.000000 
296.926544 -23.590284 23.725931 72.000000 
296.915741 -23.577293 23.724686 58.000000 
296.754364 -23.780495 23.724756 112.000000 
296.740051 -23.771547 23.720840 121.000000 
296.730804 -23.754984 23.721115 117.000000 
296.725677 -23.732380 23.724764 122.000000 
296.545013 -23.957821 23.723095 121.000000 
296.714539 -23.718824 23.723459 53.000000 
296.532227 -23.945242 23.720772 118.000000 
296.571136 -23.887650 23.724606 120.000000 
296.557434 -23.876532 23.721573 120.000000 
296.542694 -23.866875 23.717777 121.000000 
299.457825 -21.690464 23.759609 68.000000 
299.447723 -21.688183 23.754049 74.000000 
299.438873 -21.681433 23.752338 83.000000 
299.429230 -21.679340 23.746958 77.000000 
299.374481 -21.767393 23.755552 60.000000 
299.419952 -21.674002 23.744003 77.000000 
299.364044 -21.764891 23.750025 64.000000 
299.413422 -21.659838 23.748779 71.000000 
299.355011 -21.757883 23.748264 60.000000 
299.407837 -21.642757 23.756170 77.000000 
299.344604 -21.755301 23.742767 63.000000 
299.400543 -21.633265 23.757311 51.000000 
299.338501 -21.741110 23.747471 60.000000 
299.279022 -21.838001 23.752022 61.000000 
299.332977 -21.723694 23.754581 60.000000 
299.265228 -21.844223 23.739218 76.000000 
299.260193 -21.823166 23.748287 71.000000 
299.313782 -21.712173 23.748638 58.000000 
299.253693 -21.808399 23.752661 64.000000 
299.186096 -21.919788 23.748690 50.000000 
299.244080 -21.802567 23.749710 62.000000 
299.178375 -21.907726 23.750414 64.000000 
299.232849 -21.801151 23.743093 68.000000 
299.172394 -21.891148 23.755754 62.000000 
299.224335 -21.792284 23.742643 52.000000 
299.163666 -21.882088 23.755163 62.000000 
299.153870 -21.876001 23.752203 59.000000 
299.083984 -21.985422 23.753336 64.000000 
299.141663 -21.877653 23.743414 51.000000 
299.072571 -21.983957 23.746965 63.000000 
299.062439 -21.977594 23.743950 59.000000 
299.054871 -21.963356 23.746647 52.000000 
298.983490 -22.071377 23.753464 72.000000 
299.045441 -21.955442 23.744854 57.000000 
298.966736 -22.079962 23.739088 95.000000 
299.039124 -21.940016 23.748943 53.000000 
298.956970 -22.071770 23.737183 72.000000 
299.026611 -21.939537 23.741350 59.000000 
298.953766 -22.048431 23.746662 65.000000 
298.946716 -22.034187 23.749374 55.000000 
298.865356 -22.156517 23.749241 52.000000 
298.937805 -22.024460 23.748709 57.000000 
298.851318 -22.157175 23.740685 60.000000 
298.926880 -22.019217 23.744650 74.000000 
298.848969 -22.131954 23.750906 52.000000 
298.838440 -22.124958 23.747923 51.000000 
298.749146 -22.257660 23.745329 93.000000 
298.825806 -22.122459 23.741642 55.000000 
298.739685 -22.247316 23.744404 94.000000 
298.728821 -22.239996 23.741365 67.000000 
298.719421 -22.229603 23.740498 67.000000 
298.632446 -22.340649 23.754274 57.000000 
298.707123 -22.225250 23.735365 62.000000 
298.616730 -22.342216 23.744995 63.000000 
298.703003 -22.204220 23.742085 59.000000 
298.605560 -22.334545 23.741951 66.000000 
298.600433 -22.316568 23.746365 58.000000 
298.595612 -22.296709 23.751715 55.000000 
298.482178 -22.461781 23.737783 74.000000 
298.580902 -22.294657 23.744452 57.000000 
298.474945 -22.444134 23.740583 63.000000 
298.569885 -22.286882 23.741528 55.000000 
298.466766 -22.429953 23.741571 56.000000 
298.458405 -22.417688 23.741739 57.000000 
298.343170 -22.579729 23.737049 63.000000 
298.447021 -22.409559 23.738764 57.000000 
298.338959 -22.557482 23.742680 63.000000 
298.437347 -22.398365 23.737837 56.000000 
298.328888 -22.545956 23.741566 61.000000 
298.317139 -22.537455 23.738541 60.000000 
298.303711 -22.531954 23.733597 58.000000 
298.187164 -22.686552 23.739630 66.000000 
298.295471 -22.517309 23.734526 59.000000 
298.173248 -22.680696 23.734676 68.000000 
298.159637 -22.672813 23.730534 63.000000 
298.153809 -22.653170 23.734077 68.000000 
298.029144 -22.814682 23.742903 57.000000 
298.149902 -22.630514 23.739548 78.000000 
298.011078 -22.814489 23.734407 61.000000 
298.006958 -22.791353 23.739441 56.000000 
298.005432 -22.765680 23.746483 59.000000 
297.850647 -22.969097 23.738537 56.000000 
297.991180 -22.759291 23.741686 66.000000 
297.836731 -22.960747 23.734543 75.000000 
297.833466 -22.935593 23.740084 75.000000 
297.818665 -22.928707 23.735296 75.000000 
297.811371 -22.911657 23.736753 61.000000 
297.654297 -23.109152 23.740860 60.000000 
297.642944 -23.095673 23.739393 112.000000 
297.626617 -23.089754 23.733826 119.000000 
297.613342 -23.079227 23.730770 119.000000 
297.605499 -23.059076 23.732578 122.000000 
297.427582 -23.279875 23.733999 122.000000 
297.451294 -23.245369 23.725895 121.000000 
297.452759 -23.213610 23.734024 121.000000 
297.443207 -23.196432 23.734142 118.000000 
297.426727 -23.187695 23.729397 57.000000 
300.365326 -21.001402 23.776892 51.000000 
300.351929 -21.011066 23.761126 68.000000 
300.341797 -21.008791 23.755550 74.000000 
300.331207 -21.007950 23.748709 86.000000 
300.325867 -20.991108 23.756105 80.000000 
300.269409 -21.085108 23.759682 57.000000 
300.317505 -20.982847 23.755709 71.000000 
300.257599 -21.087093 23.750399 64.000000 
300.308746 -20.977772 23.752918 74.000000 
300.252777 -21.068445 23.758766 63.000000 
300.298645 -20.975327 23.747431 65.000000 
300.243317 -21.062922 23.755770 60.000000 
300.234375 -21.054123 23.755152 54.000000 
300.222015 -21.057413 23.744669 58.000000 
300.162262 -21.154255 23.749344 60.000000 
300.217499 -21.037024 23.754299 52.000000 
300.155640 -21.139481 23.753654 60.000000 
300.210144 -21.025503 23.756430 54.000000 
300.143890 -21.139641 23.745762 60.000000 
300.083252 -21.231621 23.757690 54.000000 
300.135803 -21.129314 23.746462 68.000000 
300.074432 -21.222591 23.757019 61.000000 
300.129364 -21.114521 23.750875 66.000000 
300.064545 -21.216553 23.753988 62.000000 
300.119751 -21.108631 23.747952 68.000000 
300.056915 -21.204475 23.755758 59.000000 
300.113434 -21.093836 23.752439 55.000000 
300.051605 -21.186398 23.762350 58.000000 
299.975983 -21.310966 23.751814 62.000000 
300.041656 -21.183905 23.757303 59.000000 
299.967438 -21.303757 23.750225 63.000000 
300.033600 -21.173298 23.757973 75.000000 
299.959717 -21.291361 23.751850 63.000000 
300.018097 -21.180225 23.744112 56.000000 
299.951538 -21.278639 23.753361 57.000000 
299.879639 -21.388222 23.759096 76.000000 
299.940247 -21.275249 23.748053 59.000000 
299.866730 -21.387714 23.751509 95.000000 
299.928955 -21.271811 23.742760 61.000000 
299.856995 -21.379553 23.749596 75.000000 
299.923889 -21.253366 23.749191 63.000000 
299.847290 -21.371367 23.747707 63.000000 
299.836426 -21.364326 23.744560 63.000000 
299.761047 -21.473127 23.754744 69.000000 
299.832733 -21.342522 23.752968 69.000000 
299.748383 -21.470758 23.748383 66.000000 
299.824463 -21.331278 23.753452 51.000000 
299.739136 -21.460732 23.747549 66.000000 
299.731323 -21.447655 23.748955 66.000000 
299.644928 -21.574362 23.750875 93.000000 
299.723572 -21.434570 23.750399 68.000000 
299.626770 -21.582369 23.737110 73.000000 
299.715881 -21.421482 23.751877 72.000000 
299.620209 -21.565866 23.740458 64.000000 
299.704010 -21.417418 23.746738 66.000000 
299.618835 -21.538727 23.751352 57.000000 
299.605072 -21.537443 23.744066 61.000000 
299.515411 -21.654804 23.753815 55.000000 
299.599274 -21.521330 23.747688 62.000000 
299.503510 -21.648685 23.749722 60.000000 
299.585510 -21.519953 23.740442 53.000000 
299.493134 -21.639475 23.747730 56.000000 
299.482056 -21.631756 23.744726 57.000000 
299.378662 -21.779093 23.743551 71.000000 
299.474335 -21.616034 23.746807 59.000000 
299.369263 -21.764109 23.744165 63.000000 
299.356750 -21.759487 23.739252 54.000000 
299.352631 -21.737658 23.745274 55.000000 
299.245056 -21.885988 23.749479 63.000000 
299.345123 -21.723864 23.746460 52.000000 
299.231567 -21.880627 23.744438 67.000000 
299.224609 -21.864931 23.746363 59.000000 
299.216278 -21.850340 23.747202 59.000000 
299.206573 -21.836836 23.746960 55.000000 
299.078857 -22.011351 23.740650 82.000000 
299.069336 -21.997843 23.740347 66.000000 
299.058990 -21.985846 23.739147 57.000000 
299.049591 -21.972301 23.738918 61.000000 
299.035736 -21.966333 23.734032 55.000000 
298.912537 -22.124580 23.744778 59.000000 
298.896332 -22.121296 23.738091 51.000000 
298.886932 -22.105291 23.738478 54.000000 
298.879211 -22.088232 23.739964 57.000000 
298.731110 -22.281204 23.738602 109.000000 
298.713348 -22.278910 23.731163 106.000000 
298.714966 -22.246119 23.741030 68.000000 
298.707306 -22.231089 23.741747 66.000000 
298.545410 -22.436365 23.741909 50.000000 
298.528046 -22.432014 23.735458 112.000000 
298.521027 -22.410349 23.737968 117.000000 
298.512756 -22.392256 23.739029 102.000000 
298.494415 -22.389263 23.731844 117.000000 
298.325165 -22.596062 23.740677 109.000000 
298.351379 -22.556437 23.734346 121.000000 
298.336151 -22.548876 23.729811 120.000000 
298.325470 -22.533161 23.729101 122.000000 
298.310333 -22.520815 23.725756 106.000000 
301.216370 -20.291777 23.737244 73.000000 
301.207123 -20.286474 23.734360 74.000000 
301.195648 -20.288443 23.725033 77.000000 
301.186829 -20.283331 23.722321 77.000000 
301.134155 -20.363886 23.736675 60.000000 
301.180328 -20.269201 23.727261 83.000000 
301.122284 -20.365725 23.727467 70.000000 
301.174805 -20.253901 23.733677 61.000000 
301.113281 -20.360416 23.724724 65.000000 
301.165192 -20.249922 23.729605 74.000000 
301.104767 -20.351864 23.724386 56.000000 
301.156525 -20.241301 23.729313 54.000000 
301.101837 -20.325430 23.739145 61.000000 
301.035492 -20.441189 23.726612 58.000000 
301.091461 -20.322727 23.733807 61.000000 
301.026337 -20.433870 23.724945 62.000000 
301.081543 -20.320263 23.728624 60.000000 
301.019806 -20.420902 23.728392 66.000000 
301.073242 -20.311651 23.728403 61.000000 
301.011230 -20.412073 23.728018 64.000000 
300.944305 -20.520187 23.725756 63.000000 
301.000031 -20.408817 23.722572 64.000000 
300.938995 -20.500355 23.733541 60.000000 
300.990417 -20.402872 23.719767 66.000000 
300.930847 -20.489788 23.734283 62.000000 
300.983521 -20.391336 23.722092 68.000000 
300.919189 -20.489912 23.726742 58.000000 
300.849121 -20.599352 23.727407 69.000000 
300.909332 -20.483742 23.723906 55.000000 
300.840790 -20.588480 23.728006 69.000000 
300.901978 -20.469841 23.727009 51.000000 
300.829529 -20.583265 23.723789 56.000000 
300.895172 -20.456253 23.730291 59.000000 
300.818817 -20.578327 23.719736 63.000000 
300.809967 -20.568882 23.719240 59.000000 
300.734253 -20.685795 23.718632 106.000000 
300.806183 -20.547527 23.728220 61.000000 
300.721863 -20.683596 23.712276 92.000000 
300.794922 -20.544001 23.723064 55.000000 
300.717407 -20.663332 23.719688 72.000000 
300.783630 -20.540428 23.717926 63.000000 
300.712372 -20.644598 23.726006 75.000000 
300.701416 -20.639328 23.722027 65.000000 
300.622253 -20.755341 23.725689 66.000000 
300.691132 -20.632528 23.719219 60.000000 
300.614441 -20.742292 23.727251 72.000000 
300.682922 -20.621235 23.719891 53.000000 
300.603882 -20.735250 23.724386 68.000000 
300.514404 -20.867865 23.721148 64.000000 
300.593353 -20.728174 23.721544 66.000000 
300.509338 -20.848398 23.726843 93.000000 
300.582092 -20.722561 23.717609 63.000000 
300.494049 -20.850128 23.717451 84.000000 
300.576630 -20.704967 23.722656 58.000000 
300.482422 -20.844236 23.713480 73.000000 
300.473785 -20.832279 23.713865 68.000000 
300.385651 -20.944677 23.726065 54.000000 
300.464478 -20.821814 23.713202 68.000000 
300.372162 -20.941526 23.720015 60.000000 
300.461273 -20.799353 23.721264 71.000000 
300.361023 -20.933779 23.717129 64.000000 
300.356781 -20.914324 23.722818 61.000000 
300.251862 -21.062500 23.719414 52.000000 
300.347321 -20.903530 23.722099 66.000000 
300.242828 -21.049850 23.719524 59.000000 
300.333344 -20.899824 23.716003 52.000000 
300.230804 -21.041325 23.716480 62.000000 
300.222687 -21.027126 23.717676 56.000000 
300.213531 -21.016342 23.717014 55.000000 
300.103607 -21.167227 23.718216 63.000000 
300.200500 -21.011145 23.712164 56.000000 
300.095276 -21.152639 23.719221 58.000000 
300.081207 -21.146696 23.714231 57.000000 
300.071198 -21.135088 23.713341 60.000000 
299.954559 -21.289570 23.718519 68.000000 
300.060089 -21.126902 23.710657 65.000000 
299.934082 -21.296259 23.706291 77.000000 
300.058990 -21.100235 23.719685 50.000000 
299.928223 -21.276634 23.709999 66.000000 
299.917023 -21.266090 23.708071 61.000000 
299.915894 -21.238945 23.716608 63.000000 
299.775909 -21.424278 23.709692 63.000000 
299.902039 -21.232891 23.711906 78.000000 
299.768066 -21.407232 23.711315 64.000000 
299.765930 -21.381124 23.718447 61.000000 
299.753540 -21.371639 23.715603 60.000000 
299.607147 -21.561258 23.714754 61.000000 
299.741180 -21.362114 23.712790 66.000000 
299.592285 -21.554342 23.710073 74.000000 
299.583282 -21.538305 23.710661 54.000000 
299.572418 -21.525272 23.709541 66.000000 
299.556976 -21.517719 23.704813 75.000000 
299.406067 -21.704100 23.713987 104.000000 
299.382599 -21.708660 23.702709 117.000000 
299.372314 -21.693542 23.702326 119.000000 
299.361053 -21.679903 23.701145 122.000000 
299.362183 -21.648293 23.710075 120.000000 
299.162537 -21.898479 23.694202 122.000000 
299.160217 -21.870707 23.700064 121.000000 
299.200256 -21.808804 23.703720 118.000000 
299.187592 -21.796059 23.701696 120.000000 
302.102142 -19.603582 23.750254 57.000000 
302.090240 -19.607134 23.739693 78.000000 
302.079620 -19.606218 23.732992 80.000000 
302.073944 -19.589180 23.740467 74.000000 
302.066559 -19.577995 23.742830 77.000000 
302.007935 -19.677439 23.740801 64.000000 
302.055969 -19.576988 23.736187 63.000000 
302.000885 -19.664515 23.744236 61.000000 
302.047699 -19.570395 23.734863 83.000000 
301.991913 -19.659237 23.741552 60.000000 
302.039490 -19.562061 23.734718 65.000000 
301.982483 -19.653648 23.738747 61.000000 
301.925659 -19.742880 23.749105 50.000000 
301.972595 -19.647749 23.735823 56.000000 
301.911285 -19.748720 23.736280 64.000000 
301.964233 -19.639172 23.735586 52.000000 
301.900513 -19.745859 23.730970 68.000000 
301.960480 -19.619186 23.745644 58.000000 
301.891296 -19.740288 23.728281 66.000000 
301.831207 -19.830658 23.741171 54.000000 
301.886017 -19.722576 23.735336 68.000000 
301.821869 -19.823111 23.739491 64.000000 
301.879761 -19.706066 23.741068 73.000000 
301.812042 -19.815233 23.737690 58.000000 
301.869659 -19.701626 23.737087 64.000000 
301.805664 -19.800186 23.742069 56.000000 
301.860565 -19.695978 23.734499 51.000000 
301.798645 -19.788427 23.744221 55.000000 
301.722626 -19.912666 23.733366 67.000000 
301.788849 -19.782290 23.741446 56.000000 
301.714325 -19.901787 23.733995 59.000000 
301.779083 -19.776117 23.738693 56.000000 
301.707916 -19.886402 23.738171 57.000000 
301.697815 -19.879993 23.735353 53.000000 
301.629639 -19.980318 23.747671 56.000000 
301.687256 -19.873228 23.732418 61.000000 
301.615509 -19.980911 23.738970 79.000000 
301.679749 -19.860804 23.734348 55.000000 
301.603821 -19.977249 23.733837 79.000000 
301.596802 -19.963026 23.736706 62.000000 
301.583832 -19.962288 23.729334 62.000000 
301.510437 -20.066360 23.742571 66.000000 
301.577576 -19.946543 23.733410 58.000000 
301.497040 -20.065437 23.735281 68.000000 
301.574158 -19.924849 23.742109 63.000000 
301.483612 -20.064447 23.728004 68.000000 
301.479401 -20.043842 23.735168 65.000000 
301.392059 -20.171770 23.735682 71.000000 
301.473907 -20.026270 23.740162 55.000000 
301.381165 -20.164450 23.732800 76.000000 
301.462494 -20.022539 23.735319 52.000000 
301.373047 -20.152922 23.733309 68.000000 
301.366699 -20.136484 23.736940 66.000000 
301.273682 -20.259542 23.742138 54.000000 
301.357391 -20.126083 23.736301 68.000000 
301.264099 -20.248854 23.741344 65.000000 
301.348145 -20.115662 23.735691 68.000000 
301.250854 -20.243818 23.736269 69.000000 
301.334564 -20.112335 23.729570 54.000000 
301.243713 -20.228535 23.738663 64.000000 
301.231049 -20.223808 23.733782 66.000000 
301.135803 -20.353573 23.743116 62.000000 
301.223206 -20.210007 23.735199 66.000000 
301.116974 -20.359200 23.731190 57.000000 
301.107758 -20.348457 23.730507 56.000000 
301.099701 -20.334267 23.731733 59.000000 
300.990967 -20.483809 23.734711 60.000000 
301.096710 -20.311026 23.739067 57.000000 
300.980042 -20.473812 23.732798 60.000000 
301.081177 -20.310379 23.731260 50.000000 
300.970001 -20.462267 23.731888 59.000000 
300.965210 -20.441618 23.736862 59.000000 
300.831299 -20.626738 23.723864 66.000000 
300.953552 -20.433073 23.734074 60.000000 
300.828064 -20.602558 23.730312 77.000000 
300.941895 -20.424490 23.731314 65.000000 
300.824921 -20.578421 23.736818 68.000000 
300.812866 -20.569471 23.733984 75.000000 
300.792908 -20.572117 23.723516 59.000000 
300.679199 -20.715178 23.743227 57.000000 
300.787292 -20.552511 23.727325 71.000000 
300.660187 -20.716454 23.734047 64.000000 
300.652435 -20.699451 23.735712 59.000000 
300.636230 -20.696049 23.729282 66.000000 
300.501740 -20.867691 23.740009 61.000000 
300.633972 -20.671955 23.735683 61.000000 
300.483032 -20.866928 23.731928 103.000000 
300.469147 -20.858505 23.728193 72.000000 
300.462158 -20.839458 23.730553 72.000000 
300.454285 -20.821930 23.732090 75.000000 
300.288879 -21.031204 23.729525 118.000000 
300.449127 -20.801897 23.735544 58.000000 
300.277191 -21.019716 23.727604 123.000000 
300.273041 -20.995604 23.732203 122.000000 
300.264862 -20.977539 23.733534 120.000000 
300.249603 -20.969975 23.729092 111.000000 
300.071381 -21.190409 23.730507 121.000000 
300.060028 -21.174208 23.729856 123.000000 
300.046234 -21.163052 23.727016 123.000000 
300.074493 -21.122791 23.721626 126.000000 
303.009308 -18.928810 23.733744 68.000000 
302.999176 -18.926495 23.728285 74.000000 
302.989960 -18.922935 23.724268 80.000000 
302.979797 -18.920536 23.718834 65.000000 
302.927490 -19.001154 23.733240 60.000000 
302.972809 -18.906164 23.723614 71.000000 
302.917084 -18.996872 23.728937 61.000000 
302.966339 -18.892069 23.728575 74.000000 
302.906647 -18.994301 23.723534 60.000000 
302.958557 -18.884054 23.728531 77.000000 
302.898651 -18.986074 23.723339 60.000000 
302.950836 -18.874308 23.729671 50.000000 
302.893646 -18.967268 23.731874 51.000000 
302.830322 -19.075808 23.725719 58.000000 
302.886292 -18.955818 23.734133 51.000000 
302.819611 -19.073004 23.720356 68.000000 
302.875427 -18.954603 23.727552 56.000000 
302.814148 -19.055321 23.727341 64.000000 
302.807190 -19.042101 23.730667 60.000000 
302.739685 -19.153261 23.725933 64.000000 
302.795959 -19.040695 23.724138 64.000000 
302.734863 -19.133757 23.733835 61.000000 
302.784210 -19.040710 23.716383 64.000000 
302.726135 -19.124733 23.733368 62.000000 
302.778473 -19.024502 23.722275 60.000000 
302.715179 -19.121649 23.728107 53.000000 
302.704681 -19.118824 23.723003 55.000000 
302.637238 -19.222170 23.728302 64.000000 
302.697235 -19.106754 23.725023 56.000000 
302.625305 -19.220346 23.721888 65.000000 
302.691681 -19.088455 23.731775 59.000000 
302.614685 -19.213657 23.718866 61.000000 
302.545532 -19.317326 23.728716 50.000000 
302.605835 -19.204264 23.718363 59.000000 
302.536469 -19.307714 23.728062 72.000000 
302.599548 -19.188889 23.722601 63.000000 
302.520264 -19.314680 23.714884 79.000000 
302.590790 -19.179472 23.722162 65.000000 
302.514465 -19.297459 23.719984 69.000000 
302.580658 -19.174812 23.718348 72.000000 
302.510590 -19.277586 23.727560 55.000000 
302.497009 -19.278387 23.719002 74.000000 
302.421112 -19.388542 23.727226 66.000000 
302.489563 -19.263836 23.721786 72.000000 
302.410675 -19.379736 23.725298 63.000000 
302.480011 -19.255585 23.720154 62.000000 
302.402924 -19.366724 23.726877 61.000000 
302.394531 -19.355211 23.727381 58.000000 
302.307556 -19.483114 23.727125 82.000000 
302.383331 -19.349688 23.723455 61.000000 
302.297424 -19.474323 23.725296 73.000000 
302.374817 -19.339987 23.723040 63.000000 
302.286407 -19.468899 23.721481 68.000000 
302.275574 -19.461557 23.718624 62.000000 
302.188324 -19.572180 23.731573 54.000000 
302.268738 -19.444775 23.722143 62.000000 
302.172577 -19.573692 23.722403 65.000000 
302.264038 -19.425369 23.728016 61.000000 
302.165375 -19.558443 23.724751 61.000000 
302.158997 -19.541685 23.728184 61.000000 
302.147186 -19.535498 23.724318 69.000000 
302.044189 -19.680506 23.722736 59.000000 
302.137787 -19.524752 23.723625 55.000000 
302.037659 -19.663355 23.725912 60.000000 
302.025208 -19.658739 23.721165 56.000000 
302.010559 -19.656696 23.714268 56.000000 
301.907166 -19.797211 23.722490 65.000000 
302.006104 -19.634575 23.720453 68.000000 
301.894836 -19.788361 23.719431 61.000000 
301.883087 -19.779892 23.716545 57.000000 
301.873108 -19.768358 23.715645 61.000000 
301.758057 -19.921581 23.721766 71.000000 
301.864899 -19.753780 23.716742 63.000000 
301.741486 -19.920340 23.714130 71.000000 
301.730286 -19.909904 23.712166 71.000000 
301.723602 -19.891861 23.714952 61.000000 
301.718811 -19.870806 23.719671 55.000000 
301.579651 -20.056484 23.712778 66.000000 
301.706848 -19.861834 23.716871 55.000000 
301.571808 -20.039503 23.714384 64.000000 
301.569672 -20.013430 23.721478 58.000000 
301.558228 -20.002522 23.719542 64.000000 
301.411682 -20.194014 23.717810 61.000000 
301.549683 -19.987059 23.720367 57.000000 
301.402679 -20.178082 23.718349 103.000000 
301.393707 -20.162140 23.718929 66.000000 
301.376038 -20.159788 23.711704 72.000000 
301.366180 -20.145300 23.711483 54.000000 
301.214142 -20.335062 23.718855 115.000000 
301.195831 -20.332209 23.711773 121.000000 
301.181519 -20.323233 23.708046 111.000000 
301.173340 -20.305178 23.709358 119.000000 
300.995361 -20.525785 23.709860 111.000000 
301.165222 -20.287119 23.710716 111.000000 
300.984619 -20.510193 23.709290 116.000000 
300.970825 -20.499098 23.706373 120.000000 
300.965454 -20.475941 23.709864 120.000000 
300.955963 -20.458799 23.710215 121.000000 
303.907532 -18.232918 23.741961 60.000000 
303.897888 -18.229164 23.737768 81.000000 
303.890442 -18.219770 23.738888 86.000000 
303.881256 -18.214493 23.736023 86.000000 
303.823181 -18.314127 23.733667 60.000000 
303.872986 -18.206266 23.735762 71.000000 
303.817017 -18.298277 23.739538 70.000000 
303.860199 -18.212585 23.722595 71.000000 
303.808594 -18.289835 23.739159 63.000000 
303.854248 -18.197023 23.728844 61.000000 
303.797272 -18.290222 23.731237 61.000000 
303.850220 -18.175678 23.740320 54.000000 
303.788849 -18.281725 23.730900 52.000000 
303.732208 -18.370913 23.740770 54.000000 
303.718903 -18.379164 23.727077 71.000000 
303.776550 -18.254978 23.739452 53.000000 
303.709259 -18.373377 23.724169 73.000000 
303.768280 -18.246454 23.739206 53.000000 
303.702789 -18.358662 23.728682 67.000000 
303.639771 -18.457890 23.733633 67.000000 
303.697479 -18.340998 23.735708 63.000000 
303.631012 -18.448889 23.733095 75.000000 
303.686859 -18.338114 23.730412 62.000000 
303.620026 -18.445850 23.727777 65.000000 
303.680054 -18.324881 23.733801 68.000000 
303.615326 -18.426352 23.735718 57.000000 
303.606689 -18.417305 23.735271 55.000000 
303.535309 -18.531034 23.732029 67.000000 
303.595184 -18.415663 23.728815 50.000000 
303.525238 -18.524729 23.729103 77.000000 
303.585449 -18.409527 23.726000 50.000000 
303.518219 -18.510887 23.732063 66.000000 
303.508820 -18.503036 23.730366 57.000000 
303.439026 -18.607841 23.738567 100.000000 
303.495056 -18.505611 23.720455 53.000000 
303.425507 -18.608828 23.729935 82.000000 
303.491943 -18.482788 23.730577 52.000000 
303.415863 -18.600697 23.728159 72.000000 
303.483398 -18.471579 23.731178 50.000000 
303.403107 -18.598221 23.721691 58.000000 
303.332947 -18.696419 23.738844 52.000000 
303.400085 -18.575016 23.731415 53.000000 
303.319672 -18.695614 23.731468 66.000000 
303.393738 -18.561174 23.734455 60.000000 
303.309631 -18.689039 23.728687 70.000000 
303.382904 -18.555960 23.730505 62.000000 
303.301178 -18.677549 23.729118 59.000000 
303.292786 -18.666048 23.729582 51.000000 
303.203766 -18.798542 23.726028 93.000000 
303.195099 -18.786718 23.726311 89.000000 
303.187958 -18.771851 23.728785 68.000000 
303.174957 -18.769081 23.722656 58.000000 
303.168671 -18.752680 23.726280 53.000000 
303.073425 -18.880074 23.727415 58.000000 
303.159454 -18.742306 23.725613 55.000000 
303.062347 -18.872438 23.724495 60.000000 
303.052063 -18.863251 23.722649 58.000000 
302.956696 -18.994913 23.730398 52.000000 
303.045746 -18.846481 23.726072 56.000000 
302.947723 -18.982370 23.730467 59.000000 
303.041077 -18.826710 23.731638 55.000000 
302.933075 -18.980467 23.723492 62.000000 
302.926636 -18.963314 23.726660 55.000000 
302.918610 -18.949200 23.727842 52.000000 
302.807098 -19.104834 23.725746 56.000000 
302.796234 -19.094906 23.723768 61.000000 
302.791382 -19.074308 23.728666 59.000000 
302.779724 -19.065865 23.725780 58.000000 
302.768127 -19.057384 23.722923 58.000000 
302.653839 -19.208675 23.729420 82.000000 
302.754791 -19.051886 23.718128 56.000000 
302.639130 -19.204403 23.723661 67.000000 
302.625305 -19.198553 23.718868 66.000000 
302.613312 -19.189619 23.715986 64.000000 
302.495453 -19.340336 23.729990 63.000000 
302.610413 -19.165556 23.722595 66.000000 
302.483978 -19.329525 23.727947 67.000000 
302.467865 -19.326273 23.721401 54.000000 
302.462097 -19.306297 23.724869 61.000000 
302.322510 -19.487118 23.728889 70.000000 
302.461121 -19.278791 23.732931 61.000000 
302.302948 -19.487984 23.719837 105.000000 
302.299835 -19.462955 23.725590 61.000000 
302.291962 -19.445536 23.727041 63.000000 
302.282196 -19.431133 23.726789 72.000000 
302.121643 -19.634443 23.725843 107.000000 
302.110413 -19.621046 23.724546 117.000000 
302.100220 -19.606112 23.724123 109.000000 
302.086060 -19.597189 23.720398 105.000000 
302.078003 -19.579199 23.721718 119.000000 
301.898865 -19.800718 23.720394 121.000000 
301.881653 -19.796293 23.714403 120.000000 
301.872131 -19.779202 23.714663 120.000000 
301.864777 -19.759102 23.716562 122.000000 
304.791595 -17.568518 23.733471 56.000000 
304.784454 -17.555883 23.736944 71.000000 
304.777405 -17.543251 23.740454 74.000000 
304.766388 -17.543810 23.732420 68.000000 
304.712189 -17.630245 23.741888 60.000000 
304.758972 -17.532612 23.734699 74.000000 
304.703186 -17.623274 23.740198 70.000000 
304.749786 -17.527246 23.731852 60.000000 
304.695648 -17.611835 23.742300 61.000000 
304.744751 -17.508755 23.740654 50.000000 
304.685272 -17.609255 23.736887 63.000000 
304.674866 -17.606627 23.731485 54.000000 
304.618500 -17.694414 23.743015 61.000000 
304.605194 -17.699095 23.731485 66.000000 
304.595520 -17.693283 23.728559 68.000000 
304.534058 -17.788292 23.737726 50.000000 
304.588531 -17.680019 23.731810 62.000000 
304.525238 -17.779278 23.737135 64.000000 
304.582123 -17.665277 23.736332 56.000000 
304.517029 -17.768745 23.737772 64.000000 
304.573639 -17.656454 23.735956 58.000000 
304.509399 -17.756702 23.739641 58.000000 
304.501862 -17.744658 23.741543 55.000000 
304.426971 -17.867697 23.731808 67.000000 
304.492554 -17.738871 23.738813 55.000000 
304.422119 -17.849619 23.738316 69.000000 
304.481628 -17.735720 23.733551 53.000000 
304.413239 -17.840284 23.737709 65.000000 
304.473602 -17.725109 23.734333 52.000000 
304.405609 -17.827925 23.739473 65.000000 
304.391876 -17.830540 23.729549 57.000000 
304.321106 -17.936953 23.737160 95.000000 
304.382050 -17.820480 23.728733 53.000000 
304.309723 -17.929670 23.733904 82.000000 
304.374542 -17.808065 23.730587 63.000000 
304.299408 -17.923016 23.730968 82.000000 
304.289612 -17.916660 23.728201 69.000000 
304.285278 -17.896425 23.735592 54.000000 
304.205963 -18.014000 23.738285 66.000000 
304.277191 -17.883375 23.737173 57.000000 
304.189331 -18.018826 23.726336 72.000000 
304.186401 -17.995188 23.735601 61.000000 
304.095978 -18.130993 23.730490 65.000000 
304.180450 -17.981346 23.738550 52.000000 
304.089783 -18.116827 23.733156 93.000000 
304.171387 -17.971319 23.737913 53.000000 
304.080383 -18.106499 23.732336 84.000000 
304.159515 -17.967274 23.732851 52.000000 
304.072479 -18.093117 23.733702 71.000000 
303.982941 -18.210352 23.742840 54.000000 
304.057953 -18.093346 23.725405 57.000000 
303.976410 -18.193611 23.746092 50.000000 
304.053131 -18.073881 23.731146 57.000000 
303.959167 -18.198206 23.734808 63.000000 
304.043884 -18.063477 23.730452 59.000000 
303.948853 -18.189028 23.732912 69.000000 
303.938568 -18.179821 23.731045 64.000000 
303.841125 -18.316397 23.736269 62.000000 
303.931458 -18.164537 23.733389 55.000000 
303.829132 -18.308002 23.733137 71.000000 
303.923615 -18.150766 23.734728 52.000000 
303.815033 -18.306461 23.726294 69.000000 
303.806335 -18.291895 23.727251 58.000000 
303.702362 -18.434143 23.734861 65.000000 
303.804596 -18.267529 23.735619 56.000000 
303.689758 -18.427277 23.730886 67.000000 
303.795227 -18.254490 23.735653 50.000000 
303.681396 -18.412739 23.731804 68.000000 
303.679108 -18.387547 23.739586 58.000000 
303.660583 -18.391230 23.728874 58.000000 
303.537506 -18.558115 23.726723 75.000000 
303.647186 -18.385731 23.724033 57.000000 
303.532501 -18.537025 23.731228 89.000000 
303.519531 -18.529659 23.727325 61.000000 
303.507477 -18.520727 23.724392 59.000000 
303.499054 -18.505701 23.725256 55.000000 
303.376984 -18.664394 23.735279 66.000000 
303.358948 -18.664204 23.726885 61.000000 
303.346832 -18.652821 23.724688 54.000000 
303.339142 -18.635820 23.726295 57.000000 
303.199127 -18.816620 23.731117 105.000000 
303.179504 -18.817430 23.722050 110.000000 
303.172455 -18.798409 23.724276 72.000000 
303.168396 -18.774855 23.729153 68.000000 
303.154663 -18.766430 23.725384 58.000000 
302.990570 -18.974295 23.722960 118.000000 
302.986664 -18.948158 23.728109 117.000000 
302.971375 -18.940725 23.723492 117.000000 
302.959808 -18.929234 23.721544 102.000000 
302.784851 -19.145185 23.724689 103.000000 
302.775208 -19.128094 23.724834 111.000000 
302.762482 -19.115513 23.722641 120.000000 
302.742432 -19.113432 23.714926 120.000000 
302.779816 -19.059156 23.717907 120.000000 
305.679443 -16.872988 23.758636 63.000000 
305.667572 -16.876591 23.747999 68.000000 
305.661346 -16.860966 23.753990 77.000000 
305.654755 -16.846827 23.758745 83.000000 
305.595886 -16.948021 23.755905 60.000000 
305.644653 -16.844431 23.753279 71.000000 
305.588287 -16.936565 23.757910 67.000000 
305.636383 -16.836138 23.752962 71.000000 
305.581238 -16.923618 23.761200 65.000000 
305.625366 -16.836588 23.744953 83.000000 
305.572784 -16.915119 23.760771 58.000000 
305.620361 -16.818041 23.753698 61.000000 
305.560455 -16.918428 23.750330 60.000000 
305.504974 -17.003174 23.764671 61.000000 
305.552032 -16.909866 23.749939 52.000000 
305.490662 -17.010887 23.750702 64.000000 
305.545105 -16.898624 23.752237 52.000000 
305.480408 -17.008350 23.745436 70.000000 
305.539307 -16.882694 23.758202 51.000000 
305.472321 -16.998034 23.746162 73.000000 
305.413269 -17.085287 23.761568 69.000000 
305.466492 -16.979984 23.752909 60.000000 
305.402344 -17.080473 23.757235 62.000000 
305.459076 -16.968178 23.754936 62.000000 
305.392456 -17.074417 23.754263 55.000000 
305.451080 -16.959621 23.754679 56.000000 
305.385956 -17.061144 23.757437 51.000000 
305.377869 -17.050558 23.758106 53.000000 
305.303711 -17.170383 23.751095 67.000000 
305.366913 -17.047415 23.752813 55.000000 
305.295990 -17.157995 23.752750 65.000000 
305.360077 -17.033813 23.755939 52.000000 
305.289581 -17.142590 23.756771 63.000000 
305.278290 -17.139215 23.751501 61.000000 
305.204895 -17.251633 23.754955 90.000000 
305.269470 -17.129797 23.750921 53.000000 
305.194519 -17.245007 23.751945 92.000000 
305.258972 -17.123026 23.747885 53.000000 
305.187561 -17.228931 23.755613 82.000000 
305.177277 -17.222258 23.752661 67.000000 
305.165680 -17.218561 23.747459 65.000000 
305.092224 -17.322517 23.760786 66.000000 
305.159393 -17.202797 23.751379 56.000000 
305.078918 -17.321655 23.753391 70.000000 
305.067657 -17.316181 23.749317 65.000000 
304.984894 -17.435244 23.756701 64.000000 
305.062714 -17.297058 23.755209 63.000000 
304.973999 -17.427988 23.753662 93.000000 
305.058075 -17.276100 23.762110 56.000000 
304.960419 -17.424904 23.747292 89.000000 
305.044800 -17.275082 23.754807 53.000000 
304.951752 -17.413002 23.747509 70.000000 
304.946442 -17.397274 23.751272 68.000000 
304.856445 -17.514200 23.760794 50.000000 
304.937164 -17.386875 23.750486 61.000000 
304.845337 -17.506584 23.757782 63.000000 
304.927887 -17.376455 23.749733 54.000000 
304.834259 -17.498930 23.754797 66.000000 
304.821838 -17.492374 23.750650 56.000000 
304.810791 -17.484642 23.747717 57.000000 
304.716858 -17.613243 23.758419 56.000000 
304.806641 -17.465168 23.753286 50.000000 
304.704651 -17.606749 23.754414 59.000000 
304.688934 -17.608227 23.745558 57.000000 
304.682739 -17.589067 23.749493 51.000000 
304.574921 -17.737034 23.753532 65.000000 
304.561462 -17.731653 23.748566 61.000000 
304.553162 -17.717072 23.749439 60.000000 
304.544922 -17.702484 23.750351 59.000000 
304.420837 -17.870859 23.747906 71.000000 
304.537598 -17.686375 23.752275 54.000000 
304.414001 -17.852797 23.750444 77.000000 
304.408173 -17.833214 23.753962 66.000000 
304.394348 -17.827343 23.749107 64.000000 
304.382324 -17.818380 23.746149 64.000000 
304.260376 -17.974997 23.757563 66.000000 
304.247314 -17.965195 23.754377 60.000000 
304.235870 -17.954298 23.752275 54.000000 
304.220032 -17.948965 23.746454 57.000000 
304.087463 -18.117435 23.758902 70.000000 
304.068848 -18.116756 23.750683 103.000000 
304.052429 -18.115458 23.743643 69.000000 
304.044464 -18.097921 23.744951 66.000000 
304.041473 -18.072826 23.750629 66.000000 
303.876282 -18.282110 23.748020 118.000000 
303.864960 -18.268621 23.746607 117.000000 
303.859772 -18.246019 23.750187 121.000000 
303.844543 -18.238546 23.745546 117.000000 
303.655609 -18.443344 23.746347 122.000000 
303.648071 -18.423185 23.748016 119.000000 
303.673706 -18.382654 23.741779 119.000000 
303.664215 -18.365473 23.741957 108.000000 
306.574829 -16.171402 23.759745 60.000000 
306.561707 -16.179388 23.745262 78.000000 
306.552460 -16.175806 23.741192 77.000000 
306.545868 -16.161669 23.745998 71.000000 
306.488678 -16.256899 23.747902 57.000000 
306.539825 -16.146076 23.752132 51.000000 
306.478271 -16.254345 23.742426 61.000000 
306.528839 -16.146542 23.744120 61.000000 
306.471649 -16.239904 23.747015 63.000000 
306.521515 -16.135309 23.746449 55.000000 
306.465149 -16.225477 23.751646 60.000000 
306.393616 -16.323921 23.746651 64.000000 
306.386475 -16.314234 23.747669 76.000000 
306.436462 -16.213598 23.739534 53.000000 
306.375244 -16.312881 23.741047 78.000000 
306.366241 -16.301987 23.741529 64.000000 
306.306061 -16.392149 23.754086 69.000000 
306.355530 -16.299063 23.736174 56.000000 
306.295624 -16.387613 23.749926 64.000000 
306.349731 -16.282806 23.741940 52.000000 
306.285767 -16.381540 23.746983 58.000000 
306.342377 -16.270987 23.744043 66.000000 
306.275940 -16.375437 23.744062 59.000000 
306.203613 -16.490938 23.740421 71.000000 
306.268829 -16.365446 23.745058 50.000000 
306.197479 -16.477682 23.743559 69.000000 
306.262543 -16.350376 23.749411 52.000000 
306.187347 -16.471319 23.740591 65.000000 
306.253387 -16.342726 23.747772 56.000000 
306.178497 -16.461920 23.739986 61.000000 
306.170868 -16.449505 23.741755 65.000000 
306.090973 -16.577019 23.733448 90.000000 
306.161591 -16.439754 23.741068 55.000000 
306.084564 -16.559414 23.738264 75.000000 
306.152222 -16.431793 23.739378 52.000000 
306.081390 -16.536125 23.747831 67.000000 
306.140808 -16.430080 23.733149 53.000000 
306.069000 -16.535791 23.740492 63.000000 
306.058044 -16.530556 23.736444 53.000000 
305.983795 -16.636032 23.748335 63.000000 
306.046051 -16.524601 23.732128 58.000000 
305.970093 -16.632910 23.741756 65.000000 
306.040527 -16.507332 23.737288 62.000000 
305.961639 -16.621359 23.742140 56.000000 
305.875214 -16.747936 23.743624 68.000000 
305.948273 -16.620346 23.734785 53.000000 
305.867218 -16.734554 23.744905 93.000000 
305.944855 -16.598225 23.743010 52.000000 
305.852692 -16.734844 23.736551 89.000000 
305.938293 -16.585850 23.744892 53.000000 
305.843658 -16.726704 23.734961 70.000000 
305.835815 -16.713264 23.736332 65.000000 
305.741760 -16.837820 23.740387 54.000000 
305.827240 -16.701328 23.736660 53.000000 
305.732147 -16.827103 23.739477 58.000000 
305.819489 -16.687876 23.738102 55.000000 
305.724915 -16.811804 23.741726 59.000000 
305.716217 -16.799540 23.741928 57.000000 
305.705170 -16.791796 23.739027 50.000000 
305.606537 -16.927547 23.744013 59.000000 
305.695740 -16.781000 23.738245 50.000000 
305.593506 -16.922535 23.739021 59.000000 
305.583740 -16.911396 23.738092 57.000000 
305.570740 -16.906294 23.733149 55.000000 
305.468597 -17.043535 23.743662 65.000000 
305.564362 -16.889061 23.736330 59.000000 
305.451752 -17.044230 23.734827 59.000000 
305.443451 -17.029634 23.735756 58.000000 
305.433472 -17.018064 23.734768 60.000000 
305.313538 -17.178709 23.736567 71.000000 
305.429626 -16.995892 23.740662 55.000000 
305.298737 -17.174376 23.730730 89.000000 
305.291992 -17.156290 23.733372 68.000000 
305.288055 -17.133661 23.738882 59.000000 
305.274231 -17.127712 23.734079 59.000000 
305.144684 -17.296444 23.737717 63.000000 
305.261322 -17.120197 23.730242 56.000000 
305.135956 -17.280970 23.738325 69.000000 
305.127289 -17.265486 23.738974 66.000000 
305.116791 -17.253021 23.737850 58.000000 
304.971680 -17.441210 23.738300 70.000000 
304.957825 -17.432846 23.734406 105.000000 
304.943024 -17.425949 23.729671 106.000000 
304.933105 -17.411430 23.729309 68.000000 
304.922272 -17.398405 23.728117 54.000000 
304.765686 -17.593952 23.732679 109.000000 
304.749664 -17.585974 23.727846 121.000000 
304.741455 -17.567883 23.729012 113.000000 
304.740051 -17.541283 23.735365 56.000000 
304.553040 -17.775663 23.728985 108.000000 
304.545441 -17.755489 23.730680 116.000000 
304.537933 -17.735321 23.732424 120.000000 
304.565674 -17.694315 23.726801 117.000000 
304.555115 -17.678621 23.726244 105.000000 
307.470184 -15.485271 23.773056 63.000000 
307.460968 -15.480045 23.770086 89.000000 
307.450867 -15.477739 23.764576 86.000000 
307.440338 -15.476860 23.757797 90.000000 
307.387024 -15.560226 23.770016 52.000000 
307.432922 -15.465655 23.760008 80.000000 
307.378998 -15.550290 23.770771 64.000000 
307.426453 -15.451515 23.764820 69.000000 
307.368164 -15.549259 23.764053 61.000000 
307.418701 -15.441769 23.765814 65.000000 
307.410980 -15.432013 23.766838 63.000000 
307.351288 -15.532248 23.763187 58.000000 
307.345367 -15.518091 23.767965 63.000000 
307.282227 -15.624876 23.763420 58.000000 
307.337524 -15.508083 23.768866 50.000000 
307.273132 -15.617603 23.761673 62.000000 
307.325195 -15.511286 23.758459 51.000000 
307.265106 -15.607327 23.762402 66.000000 
307.198578 -15.715505 23.760742 54.000000 
307.257660 -15.595551 23.764389 66.000000 
307.192047 -15.700445 23.764879 56.000000 
307.246490 -15.594151 23.757811 58.000000 
307.238037 -15.585304 23.757393 62.000000 
307.230164 -15.574961 23.758236 50.000000 
307.097290 -15.779453 23.766531 63.000000 
307.086609 -15.774659 23.762373 59.000000 
307.076569 -15.768316 23.759398 59.000000 
307.065277 -15.764950 23.754112 61.000000 
306.995758 -15.868255 23.764326 76.000000 
307.057709 -15.752534 23.755852 63.000000 
306.980927 -15.872281 23.753387 85.000000 
307.051483 -15.737123 23.759966 67.000000 
306.973816 -15.858051 23.756050 62.000000 
307.041504 -15.730676 23.757093 63.000000 
306.965454 -15.846844 23.756481 72.000000 
306.891052 -15.954017 23.767559 60.000000 
306.961151 -15.826582 23.763767 58.000000 
306.877747 -15.953218 23.760132 69.000000 
306.949585 -15.822888 23.758583 82.000000 
306.867859 -15.944754 23.758223 68.000000 
306.942078 -15.810149 23.760254 63.000000 
306.864258 -15.922611 23.766268 66.000000 
306.853790 -15.915639 23.763323 50.000000 
306.764526 -16.048054 23.760496 93.000000 
306.841888 -15.911649 23.758188 57.000000 
306.755859 -16.036209 23.760675 89.000000 
306.833405 -15.901939 23.757647 53.000000 
306.746338 -16.027760 23.758898 65.000000 
306.735535 -16.020437 23.755926 64.000000 
306.721985 -16.017252 23.749611 57.000000 
306.633209 -16.130913 23.761124 61.000000 
306.717224 -15.997761 23.755283 64.000000 
306.619812 -16.127840 23.755009 60.000000 
306.714081 -15.975286 23.763159 57.000000 
306.614197 -16.109505 23.759298 56.000000 
306.610016 -16.090055 23.764824 50.000000 
306.502136 -16.244129 23.757776 59.000000 
306.600616 -16.079325 23.763998 50.000000 
306.492340 -16.233049 23.756756 62.000000 
306.485321 -16.215450 23.759638 59.000000 
306.364624 -16.358368 23.758545 63.000000 
306.356873 -16.344254 23.759525 67.000000 
306.345184 -16.335814 23.756512 67.000000 
306.333221 -16.324966 23.754200 58.000000 
306.322449 -16.314932 23.752218 52.000000 
306.205048 -16.470686 23.756943 85.000000 
306.311401 -16.306810 23.749439 55.000000 
306.193604 -16.462252 23.754061 71.000000 
306.177979 -16.459425 23.747311 67.000000 
306.169556 -16.444378 23.748075 60.000000 
306.049469 -16.597960 23.761227 57.000000 
306.168457 -16.417213 23.756386 64.000000 
306.032379 -16.596273 23.753685 67.000000 
306.026520 -16.576239 23.756954 58.000000 
306.021667 -16.554701 23.761169 50.000000 
305.874115 -16.747551 23.759237 72.000000 
306.009369 -16.545303 23.758223 61.000000 
305.861267 -16.737726 23.756157 107.000000 
305.851349 -16.723293 23.755695 69.000000 
305.840515 -16.710363 23.754408 58.000000 
305.826782 -16.701946 23.750563 54.000000 
305.674622 -16.891489 23.758671 62.000000 
305.663361 -16.878052 23.757248 103.000000 
305.645081 -16.875198 23.750080 114.000000 
305.631866 -16.864700 23.747068 107.000000 
305.621735 -16.849638 23.746576 113.000000 
305.449219 -17.060450 23.752483 116.000000 
305.434418 -17.050905 23.748621 120.000000 
305.468140 -17.000940 23.748726 120.000000 
305.465027 -16.974764 23.753626 102.000000 
308.257141 -14.865422 23.768578 64.000000 
308.233337 -14.835530 23.771364 54.000000 
308.163422 -14.929239 23.770252 61.000000 
308.216675 -14.818481 23.770853 61.000000 
308.152191 -14.927924 23.763729 68.000000 
308.145813 -14.913198 23.768257 64.000000 
308.137878 -14.902924 23.769142 62.000000 
308.074554 -15.001734 23.774435 66.000000 
308.132721 -14.885254 23.776209 73.000000 
308.065308 -14.994208 23.772776 61.000000 
308.121552 -14.883818 23.769772 64.000000 
308.054321 -14.991138 23.767550 56.000000 
308.110931 -14.880858 23.764578 51.000000 
308.047455 -14.977592 23.770729 51.000000 
307.975830 -15.091214 23.768244 71.000000 
308.038269 -14.969995 23.769144 53.000000 
307.966949 -15.081882 23.767696 83.000000 
308.029724 -14.960891 23.768787 55.000000 
307.958130 -15.072531 23.767178 82.000000 
308.020020 -14.954725 23.766052 56.000000 
307.951843 -15.057169 23.771358 64.000000 
307.939941 -15.055266 23.765057 62.000000 
307.870422 -15.158223 23.775002 95.000000 
307.929962 -15.048837 23.762281 57.000000 
307.858154 -15.156137 23.768745 75.000000 
307.922546 -15.036427 23.764215 59.000000 
307.847870 -15.149477 23.765909 58.000000 
307.836945 -15.144285 23.761957 62.000000 
307.764496 -15.246639 23.776274 69.000000 
307.831421 -15.127069 23.767138 58.000000 
307.753967 -15.239722 23.773409 75.000000 
307.826019 -15.109871 23.772364 50.000000 
307.743439 -15.232770 23.770567 61.000000 
307.735077 -15.221260 23.771063 58.000000 
307.644348 -15.356612 23.766180 72.000000 
307.730347 -15.202219 23.777126 56.000000 
307.636444 -15.343252 23.767561 93.000000 
307.718506 -15.198205 23.772156 52.000000 
307.630859 -15.325336 23.772192 62.000000 
307.708099 -15.191151 23.769423 52.000000 
307.621582 -15.315002 23.771507 59.000000 
307.611603 -15.306158 23.769781 54.000000 
307.521698 -15.422667 23.778959 66.000000 
307.508301 -15.419614 23.773001 67.000000 
307.590973 -15.289886 23.765333 50.000000 
307.498047 -15.410439 23.771210 66.000000 
307.487854 -15.401236 23.769449 55.000000 
307.388824 -15.538430 23.773710 74.000000 
307.480072 -15.387482 23.770840 54.000000 
307.374176 -15.536518 23.766829 58.000000 
307.368591 -15.517833 23.771008 53.000000 
307.358948 -15.506739 23.770205 56.000000 
307.249695 -15.657582 23.772081 56.000000 
307.354370 -15.486561 23.775473 52.000000 
307.238861 -15.647652 23.770159 65.000000 
307.230621 -15.633130 23.771173 61.000000 
307.222473 -15.618601 23.772224 58.000000 
307.212616 -15.607092 23.771372 57.000000 
307.090118 -15.771823 23.770370 77.000000 
307.207214 -15.588019 23.775415 52.000000 
307.082581 -15.755345 23.772158 66.000000 
307.075134 -15.738871 23.773987 61.000000 
306.945648 -15.909408 23.777130 56.000000 
307.062256 -15.731480 23.770245 57.000000 
306.938812 -15.890981 23.779581 54.000000 
307.049408 -15.724044 23.766527 63.000000 
306.928314 -15.878648 23.778492 57.000000 
306.914093 -15.872364 23.773848 55.000000 
306.899872 -15.866023 23.769226 69.000000 
306.759949 -16.046602 23.774647 104.000000 
306.896484 -15.841042 23.775293 73.000000 
306.745514 -16.037821 23.770733 71.000000 
306.730743 -16.030998 23.766132 56.000000 
306.726471 -16.009480 23.770315 63.000000 
306.723633 -15.984476 23.776133 63.000000 
306.551636 -16.204187 23.767570 115.000000 
306.549500 -16.177094 23.773712 115.000000 
306.541382 -16.159119 23.774969 60.000000 
306.532318 -16.142651 23.775446 60.000000 
306.520264 -16.130684 23.773485 102.000000 
306.344940 -16.345791 23.776838 122.000000 
306.332306 -16.333281 23.774744 121.000000 
306.358551 -16.293926 23.768873 118.000000 
306.348083 -16.278322 23.768427 114.000000 
308.156128 -14.971683 23.775917 58.000000 
308.140137 -14.970957 23.768242 67.000000 
308.131897 -14.956460 23.769295 66.000000 
308.120209 -14.948027 23.766506 63.000000 
307.994934 -15.119583 23.762196 52.000000 
308.106812 -14.942582 23.761805 67.000000 
308.104889 -14.917459 23.769764 75.000000 
307.978760 -15.088159 23.764864 72.000000 
307.967621 -15.077761 23.762989 67.000000 
307.962891 -15.056725 23.767693 64.000000 
307.836121 -15.222633 23.773560 59.000000 
307.950928 -15.047802 23.764952 67.000000 
307.826508 -15.208784 23.773401 69.000000 
307.938995 -15.038841 23.762241 61.000000 
307.816956 -15.194920 23.773283 60.000000 
307.804596 -15.185586 23.770504 58.000000 
307.792603 -15.174231 23.768518 55.000000 
307.651733 -15.356194 23.772879 103.000000 
307.642822 -15.340308 23.773489 75.000000 
307.629700 -15.332480 23.769974 61.000000 
307.615967 -15.324113 23.766346 54.000000 
307.605225 -15.311176 23.765337 56.000000 
307.448151 -15.508092 23.769413 122.000000 
307.433868 -15.499201 23.765770 115.000000 
307.427795 -15.478193 23.768753 109.000000 
307.420807 -15.458704 23.770956 109.000000 
307.235535 -15.689380 23.766684 123.000000 
307.226990 -15.670808 23.767761 118.000000 
307.222778 -15.646211 23.772028 108.000000 
307.255432 -15.599847 23.769419 114.000000 
307.238617 -15.593253 23.764328 105.000000 
308.142059 -14.994781 23.751869 122.000000 
308.135651 -14.973237 23.754601 118.000000 
308.119843 -14.965243 23.750261 120.000000 
308.152161 -14.918476 23.747902 122.000000 
308.150238 -14.890933 23.753937 119.000000 
