ply
format ascii 1.0
comment Created by CloudCompare v2.14.alpha (Sep  7 2025)
comment Created 2025-11-10T15:14:42
obj_info Generated by CloudCompare!
element vertex 15780
property float x
property float y
property float z
property float intensity
end_header
-100.725754 71.372261 24.021721 48.000000 
-100.715164 71.364845 24.020550 74.000000 
-100.802765 71.274628 24.018415 47.000000 
-100.704979 71.357864 24.019342 62.000000 
-100.792465 71.267365 24.017185 50.000000 
-100.700851 71.345734 24.024311 58.000000 
-100.778358 71.262764 24.012224 88.000000 
-100.686432 71.340988 24.019569 64.000000 
-100.773178 71.251831 24.016058 70.000000 
-100.674591 71.334335 24.017290 69.000000 
-100.768051 71.240898 24.019911 64.000000 
-100.664055 71.326721 24.016254 69.000000 
-100.848854 71.158501 24.014418 60.000000 
-100.789604 71.187904 24.018530 64.000000 
-100.680130 71.277145 24.010126 69.000000 
-100.870262 71.105194 24.013027 66.000000 
-100.776413 71.181770 24.015001 70.000000 
-100.677071 71.263550 24.016502 65.000000 
-100.867943 71.092819 24.019548 62.000000 
-100.761002 71.177773 24.008936 78.000000 
-100.662628 71.258507 24.011911 52.000000 
-100.946815 71.014511 24.015474 71.000000 
-100.859657 71.085144 24.019598 61.000000 
-100.755058 71.168083 24.011566 72.000000 
-101.023514 70.937653 24.014111 46.000000 
-100.942184 71.004128 24.019495 73.000000 
-100.847176 71.079521 24.015892 62.000000 
-100.746155 71.159645 24.011797 78.000000 
-100.935066 70.995377 24.020901 64.000000 
-100.829536 71.077179 24.007090 62.000000 
-100.739883 71.149467 24.014544 72.000000 
-101.010910 70.919792 24.018221 64.000000 
-100.922890 70.989838 24.017063 60.000000 
-100.827354 71.064766 24.013695 64.000000 
-101.012802 70.905777 24.029076 65.000000 
-100.911987 70.983437 24.014572 70.000000 
-100.820061 71.055679 24.015198 64.000000 
-101.003471 70.898788 24.027805 58.000000 
-100.899803 70.977783 24.010794 68.000000 
-100.807587 71.049843 24.011604 64.000000 
-101.067398 70.833160 24.015017 56.000000 
-100.991615 70.893295 24.023865 54.000000 
-100.892746 70.968895 24.012297 70.000000 
-100.476318 71.291351 24.004128 49.000000 
-101.063255 70.823280 24.019215 89.000000 
-100.982292 70.886223 24.022646 61.000000 
-100.889580 70.957626 24.017761 76.000000 
-100.462883 71.284729 24.001194 60.000000 
-101.056320 70.814453 24.020744 77.000000 
-100.967552 70.881706 24.016144 61.000000 
-100.874489 70.952965 24.011517 74.000000 
-100.442177 71.281876 23.992546 59.000000 
-101.052254 70.804573 24.024981 77.000000 
-100.960785 70.873024 24.017670 63.000000 
-100.859726 70.948662 24.005228 58.000000 
-100.558235 71.178772 24.003939 55.000000 
-100.438354 71.269066 23.997850 56.000000 
-101.036324 70.802788 24.015306 77.000000 
-100.958542 70.862946 24.023094 73.000000 
-100.539101 71.177406 23.994699 69.000000 
-100.428474 71.261581 23.997162 51.000000 
-101.027252 70.795738 24.014078 80.000000 
-100.942856 70.859451 24.015257 61.000000 
-100.520523 71.174110 23.986881 74.000000 
-100.415047 71.254730 23.994356 56.000000 
-101.018196 70.788658 24.012875 80.000000 
-100.927139 70.855858 24.007456 73.000000 
-100.521095 71.159157 23.995909 60.000000 
-100.404396 71.246124 23.993910 66.000000 
-101.019287 70.775856 24.022690 83.000000 
-100.514870 71.148346 23.998953 54.000000 
-100.388184 71.240837 23.988842 53.000000 
-101.004547 70.770699 24.016195 80.000000 
-100.607468 71.060997 23.994963 59.000000 
-100.491386 71.146286 23.987825 58.000000 
-100.376770 71.231087 23.988655 50.000000 
-100.991714 70.765610 24.010946 90.000000 
-100.602882 71.049683 23.999271 55.000000 
-100.479660 71.138626 23.986139 64.000000 
-100.984627 70.758545 24.011051 47.000000 
-100.590858 71.044029 23.996014 53.000000 
-100.468704 71.131927 23.984289 60.000000 
-100.686241 70.959694 23.997408 46.000000 
-100.578110 71.037346 23.992975 51.000000 
-100.459778 71.122574 23.985052 55.000000 
-100.680573 70.949432 24.000526 57.000000 
-100.566727 71.029831 23.991198 52.000000 
-100.452271 71.112389 23.987038 55.000000 
-100.673584 70.939903 24.002399 56.000000 
-100.555359 71.022255 23.989452 53.000000 
-100.664917 70.930618 24.003128 51.000000 
-100.545013 71.013382 23.989063 51.000000 
-100.743195 70.858353 23.992086 60.000000 
-100.644310 70.928375 23.992420 51.000000 
-100.540604 71.001945 23.993515 51.000000 
-100.735100 70.849701 23.992685 68.000000 
-100.631889 70.921638 23.989328 52.000000 
-100.527885 70.995003 23.990629 50.000000 
-100.728386 70.840324 23.994606 64.000000 
-100.626335 70.911240 23.992573 59.000000 
-100.814056 70.766937 23.993679 45.000000 
-100.718300 70.833946 23.992470 58.000000 
-100.621513 70.901802 23.995636 52.000000 
-100.812935 70.755119 24.000898 67.000000 
-100.703461 70.828651 23.986673 62.000000 
-100.604973 70.897072 23.988853 53.000000 
-100.803497 70.746841 24.000267 60.000000 
-100.696465 70.818703 23.988770 62.000000 
-100.593613 70.888939 23.987240 51.000000 
-100.883659 70.677795 23.997837 47.000000 
-100.783615 70.744217 23.988960 58.000000 
-100.691200 70.808525 23.992081 64.000000 
-100.877754 70.669296 23.999659 45.000000 
-100.772118 70.738029 23.985548 54.000000 
-100.679443 70.802185 23.988857 53.000000 
-100.870232 70.660957 24.000238 68.000000 
-100.767067 70.728104 23.988880 51.000000 
-100.664597 70.796638 23.983192 55.000000 
-100.853394 70.656906 23.991354 74.000000 
-100.764763 70.716896 23.994875 54.000000 
-100.658020 70.787048 23.985289 50.000000 
-100.841866 70.650307 23.987926 63.000000 
-100.752983 70.710136 23.991640 63.000000 
-100.834373 70.641830 23.988590 65.000000 
-100.737106 70.705200 23.984478 51.000000 
-100.830940 70.631531 23.993334 68.000000 
-100.728050 70.697060 23.983946 49.000000 
-100.819450 70.624802 23.989990 68.000000 
-100.721764 70.687645 23.986076 45.000000 
-100.805244 70.619194 23.983978 74.000000 
-100.795105 70.611748 23.982046 61.000000 
-100.789055 70.602531 23.984184 63.000000 
-100.792885 70.589752 23.995653 52.000000 
-100.820206 71.248566 24.020468 55.000000 
-100.804665 71.242416 24.017525 71.000000 
-100.790405 71.235054 24.015614 67.000000 
-100.643204 71.374969 24.017649 66.000000 
-100.920586 71.092712 24.017662 54.000000 
-100.769630 71.233322 24.008739 67.000000 
-100.632477 71.363716 24.018814 60.000000 
-100.914253 71.081078 24.020735 65.000000 
-100.757706 71.225784 24.007780 70.000000 
-100.896568 71.077263 24.015635 58.000000 
-100.747391 71.214851 24.008963 70.000000 
-101.018509 70.943626 24.018808 46.000000 
-100.875267 71.074516 24.008612 60.000000 
-100.734764 71.203911 24.009302 75.000000 
-101.012894 70.930214 24.023188 55.000000 
-100.865387 71.063919 24.009809 65.000000 
-100.717888 71.198502 24.005562 64.000000 
-100.994835 70.928070 24.016769 52.000000 
-100.855202 71.055458 24.009876 69.000000 
-100.982780 70.919968 24.015823 52.000000 
-100.850655 71.040443 24.015276 66.000000 
-101.102165 70.793449 24.022432 66.000000 
-100.967651 70.913429 24.012819 56.000000 
-100.835098 71.033585 24.012480 68.000000 
-101.085335 70.789764 24.016968 61.000000 
-100.955612 70.905220 24.011938 59.000000 
-101.073685 70.781845 24.015989 59.000000 
-100.946220 70.894859 24.013231 60.000000 
-101.179909 70.675804 24.014280 67.000000 
-101.055511 70.779045 24.009480 67.000000 
-100.936859 70.884476 24.014555 62.000000 
-100.481972 71.286087 24.000723 59.000000 
-101.173752 70.664070 24.017826 64.000000 
-101.049545 70.767418 24.012939 69.000000 
-100.465141 71.280441 23.997410 57.000000 
-101.160316 70.658836 24.014439 61.000000 
-101.040550 70.757324 24.014269 69.000000 
-100.449142 71.273033 23.995163 49.000000 
-101.260178 70.554428 24.014551 57.000000 
-101.146439 70.653053 24.011145 57.000000 
-101.024994 70.752289 24.010075 59.000000 
-100.600609 71.120613 23.998171 67.000000 
-100.427628 71.269913 23.989149 57.000000 
-101.251793 70.544945 24.015833 53.000000 
-101.129944 70.649185 24.005587 64.000000 
-100.580986 71.116684 23.992794 61.000000 
-100.411613 71.262344 23.986979 61.000000 
-101.240860 70.537369 24.014769 53.000000 
-101.126503 70.635368 24.011532 68.000000 
-100.563576 71.109955 23.989519 56.000000 
-100.413162 71.240089 23.997276 47.000000 
-101.327858 70.444458 24.008057 84.000000 
-101.229515 70.529274 24.013802 59.000000 
-101.114822 70.626968 24.010691 64.000000 
-100.546661 71.103722 23.986202 52.000000 
-101.326180 70.430489 24.015474 62.000000 
-101.210808 70.527336 24.005699 61.000000 
-101.095688 70.624863 24.002939 47.000000 
-100.705238 70.951721 24.001108 49.000000 
-100.530243 71.097992 23.982838 64.000000 
-101.315979 70.423515 24.014309 62.000000 
-101.206810 70.515335 24.010567 68.000000 
-100.683334 70.949875 23.993473 51.000000 
-100.521645 71.085327 23.985523 59.000000 
-101.390594 70.341873 23.999794 82.000000 
-101.298943 70.420662 24.007145 74.000000 
-101.198532 70.505692 24.011980 66.000000 
-100.696350 70.898659 23.988722 52.000000 
-100.534203 71.033775 23.981077 61.000000 
-101.421143 70.281013 24.008463 65.000000 
-101.312599 70.371391 23.999802 72.000000 
-101.210526 70.457245 24.003754 51.000000 
-100.832535 70.765488 23.994881 46.000000 
-100.681282 70.891502 23.986305 55.000000 
-101.501358 70.197891 24.003071 50.000000 
-101.410835 70.273682 24.007332 63.000000 
-101.300690 70.364693 23.997576 67.000000 
-100.816071 70.761711 23.989977 54.000000 
-100.674095 70.880356 23.988878 57.000000 
-101.497108 70.188156 24.006868 64.000000 
-101.393623 70.272545 23.998573 67.000000 
-101.299988 70.351616 24.004963 72.000000 
-100.801422 70.754784 23.987402 53.000000 
-100.664604 70.869072 23.990625 50.000000 
-101.489624 70.179253 24.008249 64.000000 
-101.379456 70.267746 23.993744 72.000000 
-100.790909 70.744850 23.988052 50.000000 
-101.566322 70.100647 24.003012 47.000000 
-100.635612 70.871788 23.978064 49.000000 
-101.474548 70.175461 24.001932 64.000000 
-101.371719 70.258492 23.995201 75.000000 
-100.777657 70.736832 23.986607 52.000000 
-101.559082 70.091934 24.004398 71.000000 
-101.464539 70.168190 24.000792 61.000000 
-101.367905 70.246597 24.000431 72.000000 
-100.902771 70.616371 23.989649 52.000000 
-100.765343 70.727234 23.986345 56.000000 
-101.555283 70.080307 24.009836 70.000000 
-101.454170 70.160423 23.999750 62.000000 
-101.350761 70.242920 23.993265 55.000000 
-101.021088 70.509506 23.991430 60.000000 
-100.894035 70.605743 23.991385 52.000000 
-100.747925 70.722008 23.981785 52.000000 
-101.540535 70.076469 24.003353 64.000000 
-101.444191 70.153069 23.998665 62.000000 
-101.011307 70.500137 23.991987 52.000000 
-100.888100 70.593216 23.995346 49.000000 
-101.618675 69.998695 24.003246 73.000000 
-100.730492 70.716698 23.977264 52.000000 
-101.530830 70.069313 24.002174 70.000000 
-101.438080 70.143166 24.001453 66.000000 
-100.990616 70.498093 23.983480 67.000000 
-100.865593 70.591911 23.986156 50.000000 
-101.626724 69.980743 24.020895 60.000000 
-101.517326 70.064529 23.997072 83.000000 
-101.426834 70.136574 23.999134 59.000000 
-100.976730 70.491364 23.980694 64.000000 
-100.860130 70.579849 23.990086 55.000000 
-101.612671 69.977325 24.014170 56.000000 
-101.510536 70.056114 23.998503 71.000000 
-101.413368 70.132034 23.994204 45.000000 
-101.100273 70.379524 23.993637 49.000000 
-100.968758 70.481453 23.982388 59.000000 
-101.681335 69.908195 24.006865 84.000000 
-100.837570 70.578362 23.980974 50.000000 
-101.595741 69.974945 24.004850 56.000000 
-101.505974 70.045647 24.002663 72.000000 
-101.079979 70.377403 23.984835 53.000000 
-100.960815 70.471535 23.984108 55.000000 
-101.680519 69.895683 24.015305 94.000000 
-100.828499 70.566994 23.982954 51.000000 
-101.580940 69.970490 23.998339 58.000000 
-101.493401 70.039482 23.999033 66.000000 
-101.067429 70.369400 23.983187 66.000000 
-100.943359 70.465393 23.979332 59.000000 
-101.668907 69.890266 24.011257 85.000000 
-101.576599 69.960297 24.002565 60.000000 
-101.478592 70.035271 23.992731 63.000000 
-101.174591 70.270493 23.987577 62.000000 
-101.058022 70.360107 23.983822 59.000000 
-100.929909 70.458969 23.976580 66.000000 
-101.655121 69.886688 24.004402 74.000000 
-101.575180 69.949020 24.009424 63.000000 
-101.163170 70.263672 23.985640 50.000000 
-101.057274 70.346100 23.991402 54.000000 
-100.917427 70.451057 23.975086 54.000000 
-101.638481 69.884064 23.994896 80.000000 
-101.563286 69.943352 24.005610 56.000000 
-101.140495 70.263016 23.974186 69.000000 
-101.041054 70.341080 23.986246 55.000000 
-101.637199 69.873085 24.001884 71.000000 
-101.551720 69.938057 24.001745 60.000000 
-101.134499 70.252716 23.977125 64.000000 
-101.027977 70.334778 23.983366 56.000000 
-101.633125 69.863136 24.006210 90.000000 
-101.132248 70.239426 23.983786 57.000000 
-101.000633 70.336403 23.968958 66.000000 
-101.616127 69.859894 23.996872 94.000000 
-101.117348 70.233063 23.979746 58.000000 
-101.002007 70.319603 23.979155 49.000000 
-101.607025 69.852737 23.995743 71.000000 
-101.221657 70.140060 23.985178 56.000000 
-101.097321 70.230400 23.970846 62.000000 
-101.591904 69.849480 23.987686 77.000000 
-101.212914 70.131134 23.985806 57.000000 
-101.081764 70.225685 23.965490 62.000000 
-101.199112 70.125809 23.981424 52.000000 
-101.075493 70.214737 23.968655 58.000000 
-101.296532 70.038818 23.985397 57.000000 
-101.185936 70.118652 23.978504 52.000000 
-101.076202 70.199768 23.977829 60.000000 
-101.383270 69.960258 23.983541 45.000000 
-101.286736 70.030815 23.984739 55.000000 
-101.176231 70.110863 23.977886 52.000000 
-101.365730 69.956810 23.974974 50.000000 
-101.271538 70.025772 23.979042 53.000000 
-101.167183 70.101280 23.978724 57.000000 
-101.358856 69.947487 23.976852 54.000000 
-101.259041 70.019157 23.975914 53.000000 
-101.160271 70.091888 23.980619 49.000000 
-101.351013 69.939331 23.977360 68.000000 
-101.246895 70.012962 23.972717 53.000000 
-101.144714 70.086540 23.975266 51.000000 
-101.340157 69.932106 23.975388 60.000000 
-101.239861 70.003296 23.974707 56.000000 
-101.330658 69.924118 23.974741 60.000000 
-101.232857 69.993622 23.976717 53.000000 
-101.423492 69.845024 23.981792 50.000000 
-101.317116 69.918190 23.970236 55.000000 
-101.224503 69.984642 23.977491 50.000000 
-101.417274 69.836342 23.983629 59.000000 
-101.309326 69.909897 23.970842 56.000000 
-101.209633 69.979698 23.971886 47.000000 
-101.500977 69.764534 23.985249 47.000000 
-101.408081 69.828506 23.982927 54.000000 
-101.302582 69.900406 23.972868 58.000000 
-101.490707 69.757523 23.983086 47.000000 
-101.386810 69.826576 23.970310 48.000000 
-101.290413 69.893631 23.969744 56.000000 
-101.479118 69.751099 23.979591 68.000000 
-101.380310 69.817307 23.972324 48.000000 
-101.282341 69.884766 23.970530 50.000000 
-101.463547 69.746490 23.972054 77.000000 
-101.379234 69.805435 23.979658 47.000000 
-101.451942 69.739929 23.968626 68.000000 
-101.363319 69.800659 23.972448 54.000000 
-101.448357 69.729622 23.973364 65.000000 
-101.350098 69.794518 23.967922 50.000000 
-101.443466 69.719925 23.976765 61.000000 
-101.429214 69.714455 23.970709 61.000000 
-101.418991 69.707108 23.968748 60.000000 
-101.404716 69.701485 23.962763 60.000000 
-101.405334 69.689331 23.971659 57.000000 
-101.404961 69.678261 23.979105 51.000000 
-100.914993 71.111992 24.009764 49.000000 
-100.908783 71.093430 24.014856 118.000000 
-100.890999 71.086311 24.012411 120.000000 
-100.870605 71.081650 24.008322 117.000000 
-101.061241 70.865524 24.018925 103.000000 
-100.850189 71.076897 24.004272 121.000000 
-101.036324 70.866173 24.011080 106.000000 
-100.833687 71.068283 24.002783 123.000000 
-101.021751 70.856804 24.010330 113.000000 
-100.821129 71.055855 24.003851 123.000000 
-101.182182 70.674461 24.010366 71.000000 
-101.000664 70.853539 24.005211 117.000000 
-101.166870 70.666672 24.008633 69.000000 
-100.991356 70.839142 24.008057 119.000000 
-101.146355 70.663635 24.003248 66.000000 
-100.976830 70.829613 24.007412 117.000000 
-101.312241 70.479729 24.016748 56.000000 
-101.133644 70.653305 24.003429 69.000000 
-101.293602 70.475754 24.012060 55.000000 
-101.120972 70.642929 24.003645 104.000000 
-101.276230 70.470520 24.008369 51.000000 
-101.108315 70.632515 24.003893 69.000000 
-101.414818 70.316727 24.009504 55.000000 
-101.261467 70.462868 24.006638 61.000000 
-101.400528 70.309402 24.007635 60.000000 
-101.249336 70.452827 24.006861 64.000000 
-100.682816 70.990341 23.989416 62.000000 
-101.519890 70.175507 24.001389 45.000000 
-101.375809 70.311142 23.997799 63.000000 
-101.241188 70.439278 24.009993 64.000000 
-100.669106 70.978668 23.989981 118.000000 
-101.512970 70.163330 24.004560 60.000000 
-101.362000 70.304214 23.995939 64.000000 
-100.651955 70.971207 23.988005 108.000000 
-101.505600 70.150627 24.007816 60.000000 
-101.350311 70.294418 23.996172 71.000000 
-100.635559 70.961830 23.986973 111.000000 
-101.485756 70.149506 24.000652 56.000000 
-101.341789 70.282883 23.998367 66.000000 
-100.826309 70.761581 23.989077 109.000000 
-100.615669 70.956627 23.983404 120.000000 
-101.621086 70.005211 24.014233 53.000000 
-101.467987 70.145554 23.995665 60.000000 
-100.818710 70.745598 23.993172 111.000000 
-100.589638 70.955421 23.976620 111.000000 
-101.602859 70.000496 24.009111 55.000000 
-101.454445 70.136063 23.994987 65.000000 
-100.803162 70.734200 23.993078 102.000000 
-100.577530 70.939766 23.979200 105.000000 
-101.581657 69.999931 24.000677 48.000000 
-101.448494 70.122131 23.999401 67.000000 
-100.962936 70.564423 23.985666 47.000000 
-100.775063 70.735603 23.984137 105.000000 
-101.706337 69.869102 24.011419 61.000000 
-101.566933 69.993912 23.997656 50.000000 
-101.438637 70.111458 24.000731 65.000000 
-100.953163 70.551208 23.988092 68.000000 
-100.753784 70.731079 23.979609 121.000000 
-101.694641 69.861267 24.010450 58.000000 
-101.558754 69.982513 24.000042 57.000000 
-100.940697 70.540237 23.988724 54.000000 
-100.740776 70.719543 23.980358 105.000000 
-101.677757 69.857536 24.005058 55.000000 
-101.553238 69.968987 24.004602 65.000000 
-100.921387 70.534874 23.984821 54.000000 
-100.736130 70.701088 23.986372 48.000000 
-101.774681 69.758087 23.995169 60.000000 
-101.660851 69.853722 23.999701 58.000000 
-101.533272 69.967033 23.997381 57.000000 
-101.088867 70.363106 23.991402 51.000000 
-100.892403 70.537292 23.974573 58.000000 
-101.778748 69.738251 24.007957 62.000000 
-101.652664 69.844666 24.000912 57.000000 
-101.071144 70.359177 23.987103 59.000000 
-100.883812 70.525108 23.976974 63.000000 
-101.755363 69.741562 23.995350 51.000000 
-101.642296 69.835602 24.001171 64.000000 
-101.050972 70.355095 23.982046 55.000000 
-100.875549 70.510567 23.980482 54.000000 
-101.746590 69.731766 23.996693 57.000000 
-101.628860 69.828033 23.999310 67.000000 
-101.204178 70.199219 23.986889 50.000000 
-101.033005 70.348129 23.979017 51.000000 
-101.734802 69.723442 23.995836 61.000000 
-101.614563 69.821930 23.996302 54.000000 
-101.185867 70.194244 23.982552 71.000000 
-101.015556 70.341675 23.975945 61.000000 
-101.849251 69.608238 24.008490 51.000000 
-101.726082 69.713585 23.997234 59.000000 
-101.166168 70.190247 23.977261 61.000000 
-101.016151 70.321083 23.985260 59.000000 
-101.838295 69.600647 24.007492 49.000000 
-101.717392 69.703705 23.998659 68.000000 
-101.147812 70.185089 23.973001 53.000000 
-101.940994 69.496796 24.015289 54.000000 
-101.824753 69.594933 24.004156 51.000000 
-101.698204 69.701622 23.990948 57.000000 
-101.334885 69.986565 23.986258 51.000000 
-101.163040 70.131508 23.970274 59.000000 
-101.957214 69.445808 24.010155 69.000000 
-101.844505 69.540871 24.002796 60.000000 
-101.317032 69.981644 23.981754 55.000000 
-101.154373 70.118851 23.973009 68.000000 
-101.944023 69.440224 24.006680 58.000000 
-101.838791 69.529350 24.006609 66.000000 
-101.291870 69.983910 23.970955 51.000000 
-101.141182 70.111511 23.971643 52.000000 
-101.929047 69.437363 24.000656 60.000000 
-101.827408 69.523514 24.004395 63.000000 
-101.283615 69.971649 23.973719 50.000000 
-102.020454 69.343895 24.002161 67.000000 
-101.923607 69.426147 24.004543 53.000000 
-101.800728 69.526978 23.989374 48.000000 
-101.417969 69.838547 23.978516 54.000000 
-101.280464 69.954750 23.980701 54.000000 
-102.014870 69.332542 24.006168 76.000000 
-101.912613 69.418106 24.003662 58.000000 
-101.400520 69.833618 23.973860 53.000000 
-101.254250 69.955597 23.970194 54.000000 
-102.001999 69.326950 24.002617 65.000000 
-101.904640 69.408684 24.005165 69.000000 
-101.389938 69.823677 23.974558 48.000000 
-101.243301 69.945251 23.971001 48.000000 
-101.994286 69.317780 24.004099 65.000000 
-101.886223 69.406448 23.996977 51.000000 
-101.383530 69.810760 23.978472 47.000000 
-102.087906 69.226616 24.011408 56.000000 
-101.986603 69.308594 24.005606 67.000000 
-101.503670 69.694679 23.976887 46.000000 
-101.366539 69.806183 23.973827 51.000000 
-102.068077 69.226616 23.999968 61.000000 
-101.971542 69.305054 23.999565 77.000000 
-101.496246 69.683098 23.979767 52.000000 
-101.350456 69.800011 23.970373 53.000000 
-102.060646 69.217636 24.001474 59.000000 
-101.959976 69.298386 23.997377 70.000000 
-101.487480 69.672455 23.981571 50.000000 
-102.149414 69.132103 24.007874 56.000000 
-102.058395 69.205292 24.008137 62.000000 
-101.947105 69.292519 23.993973 48.000000 
-101.588371 69.577660 23.968317 48.000000 
-101.470451 69.667419 23.976820 49.000000 
-102.134644 69.128212 24.001476 66.000000 
-102.047157 69.198776 24.005842 66.000000 
-101.575783 69.570007 23.966709 55.000000 
-101.458511 69.658028 23.976585 56.000000 
-102.210083 69.051720 23.998753 45.000000 
-102.129692 69.117378 24.005718 66.000000 
-102.029083 69.195892 23.997253 74.000000 
-101.569649 69.557236 23.970900 55.000000 
-101.438683 69.654694 23.969717 46.000000 
-102.205666 69.041595 24.002962 65.000000 
-102.127693 69.105392 24.012529 70.000000 
-102.024338 69.185158 24.001419 67.000000 
-101.561234 69.546791 23.972754 53.000000 
-101.430420 69.644417 23.971550 45.000000 
-102.205421 69.029594 24.011158 56.000000 
-102.110718 69.103371 24.003511 68.000000 
-102.010872 69.180580 23.996572 47.000000 
-101.539444 69.545837 23.963215 57.000000 
-102.192238 69.024841 24.005972 56.000000 
-102.097206 69.098450 23.998547 76.000000 
-101.531052 69.535294 23.965130 59.000000 
-102.270958 68.949539 24.009577 60.000000 
-102.190132 69.012756 24.013010 61.000000 
-102.089790 69.089104 24.000257 74.000000 
-101.659096 69.420479 23.981039 55.000000 
-101.511147 69.531311 23.958126 61.000000 
-102.255569 68.946259 24.001476 73.000000 
-102.183334 69.004143 24.014605 60.000000 
-102.081451 69.080956 24.000597 53.000000 
-101.649704 69.411163 23.981762 53.000000 
-101.502785 69.520683 23.960102 57.000000 
-102.252716 68.935638 24.007187 65.000000 
-102.163773 69.002983 24.002779 78.000000 
-101.630676 69.407814 23.974352 52.000000 
-101.497253 69.508278 23.964363 47.000000 
-102.248650 68.925758 24.011536 71.000000 
-102.146721 69.000214 23.993683 70.000000 
-101.741524 69.307854 23.980679 66.000000 
-101.619919 69.399254 23.973974 52.000000 
-102.240219 68.919586 24.010237 77.000000 
-102.141891 68.991585 23.996532 57.000000 
-101.725014 69.304688 23.973988 62.000000 
-101.603035 69.395912 23.967606 63.000000 
-102.228607 68.913940 24.006374 80.000000 
-101.717323 69.294693 23.975925 57.000000 
-101.602036 69.381348 23.975430 56.000000 
-102.214447 68.909645 23.999794 86.000000 
-101.700012 69.290375 23.969496 53.000000 
-102.207924 68.901085 24.001484 77.000000 
-101.807014 69.195328 23.977169 54.000000 
-101.692352 69.280304 23.971491 58.000000 
-101.802002 69.183517 23.981684 47.000000 
-101.684349 69.269707 23.973612 53.000000 
-101.786446 69.178413 23.976267 47.000000 
-101.668411 69.264381 23.968483 51.000000 
-101.782227 69.167542 23.980633 46.000000 
-101.657021 69.257103 23.966873 49.000000 
-101.773560 69.158485 23.981428 51.000000 
-101.869370 69.074173 23.982546 58.000000 
-101.762146 69.150917 23.979792 47.000000 
-101.856888 69.067535 23.979504 52.000000 
-101.746582 69.145561 23.974504 47.000000 
-101.854340 69.056221 23.985224 55.000000 
-101.731361 69.140617 23.969151 45.000000 
-101.843254 69.048775 23.983500 52.000000 
-101.929695 68.971596 23.979942 52.000000 
-101.826309 69.043663 23.976870 58.000000 
-101.922958 68.962196 23.981991 50.000000 
-101.806923 69.040352 23.967663 56.000000 
-101.911133 68.955978 23.978790 54.000000 
-101.797546 69.032486 23.967190 51.000000 
-101.901703 68.947876 23.978304 58.000000 
-101.998177 68.868484 23.987749 47.000000 
-101.885429 68.943100 23.971399 68.000000 
-101.986336 68.861870 23.984533 48.000000 
-101.882896 68.931557 23.977417 60.000000 
-101.972809 68.855362 23.980135 56.000000 
-101.874565 68.922203 23.978411 49.000000 
-102.069740 68.778992 23.993437 55.000000 
-101.962318 68.847984 23.978304 60.000000 
-102.047455 68.777260 23.979288 58.000000 
-101.955940 68.838669 23.980461 65.000000 
-102.035881 68.770592 23.975998 58.000000 
-101.953697 68.827484 23.986589 49.000000 
-102.019218 68.766693 23.967234 58.000000 
-102.014412 68.756943 23.970755 61.000000 
-102.008583 68.748230 23.972837 61.000000 
-102.006569 68.737312 23.979086 58.000000 
-101.532822 70.216522 23.989254 49.000000 
-101.519997 70.204384 23.990105 113.000000 
-101.503357 70.196045 23.988461 120.000000 
-101.482857 70.191483 23.984322 114.000000 
-101.669937 69.974152 23.993799 62.000000 
-101.467506 70.181732 23.983597 120.000000 
-101.651382 69.968666 23.990324 111.000000 
-101.453468 70.170670 23.983751 121.000000 
-101.630836 69.966179 23.985067 107.000000 
-101.437492 70.162697 23.982204 122.000000 
-101.802734 69.769920 23.993977 54.000000 
-101.612244 69.960526 23.981667 105.000000 
-101.779610 69.769539 23.986654 59.000000 
-101.602737 69.946129 23.984488 115.000000 
-101.760307 69.765396 23.982145 63.000000 
-101.590668 69.934181 23.985575 113.000000 
-101.744865 69.757530 23.980448 58.000000 
-101.569481 69.930786 23.980520 121.000000 
-101.728134 69.750809 23.977861 58.000000 
-101.904633 69.557190 23.998541 51.000000 
-101.720535 69.735611 23.981771 104.000000 
-101.883331 69.555557 23.991947 59.000000 
-101.698578 69.733566 23.975565 118.000000 
-101.312065 70.109413 23.966928 47.000000 
-101.872391 69.544418 23.993097 54.000000 
-101.292809 70.102730 23.964066 51.000000 
-102.016594 69.383797 23.999229 50.000000 
-101.860184 69.534424 23.993317 55.000000 
-101.276230 70.093529 23.962919 119.000000 
-101.994484 69.383362 23.991371 55.000000 
-101.842751 69.529045 23.989719 54.000000 
-101.263710 70.080620 23.964325 111.000000 
-101.982742 69.373688 23.991568 64.000000 
-101.453827 69.874405 23.968248 45.000000 
-101.241745 70.076141 23.959908 108.000000 
-101.969711 69.365112 23.990791 64.000000 
-101.427116 69.875076 23.959997 103.000000 
-101.214310 70.076378 23.952188 121.000000 
-102.099983 69.222397 23.992582 49.000000 
-101.954071 69.358749 23.988049 66.000000 
-101.415222 69.862602 23.961449 117.000000 
-101.200462 70.064476 23.952877 119.000000 
-102.086594 69.215729 23.990637 56.000000 
-101.937630 69.353989 23.984274 55.000000 
-101.410744 69.844826 23.967243 48.000000 
-101.183159 70.056778 23.951017 102.000000 
-102.210510 69.081337 23.994558 46.000000 
-102.077927 69.204071 23.992945 63.000000 
-101.386681 69.842865 23.960869 105.000000 
-102.199158 69.071716 23.994789 51.000000 
-102.063576 69.196259 23.991190 67.000000 
-101.568207 69.651482 23.968361 49.000000 
-101.357887 69.843658 23.951990 111.000000 
-102.187004 69.063637 23.993912 51.000000 
-102.044456 69.193291 23.985252 76.000000 
-101.536583 69.656609 23.956127 55.000000 
-101.350182 69.827484 23.956213 48.000000 
-102.181389 69.050163 23.998447 55.000000 
-102.037186 69.180435 23.988689 54.000000 
-101.518486 69.650146 23.953104 54.000000 
-102.283676 68.936722 23.990599 47.000000 
-102.166672 69.044144 23.995476 62.000000 
-101.490807 69.651550 23.943714 54.000000 
-102.280144 68.923080 23.996307 55.000000 
-102.148483 69.041756 23.989241 71.000000 
-101.478714 69.640984 23.944353 59.000000 
-102.271019 68.913086 23.997648 51.000000 
-102.129784 69.038750 23.983112 55.000000 
-101.662971 69.455261 23.961134 50.000000 
-101.481232 69.617371 23.955164 47.000000 
-102.364120 68.816612 23.984362 63.000000 
-102.254089 68.909241 23.992338 55.000000 
-101.646797 69.447876 23.958937 51.000000 
-102.359154 68.803833 23.989159 62.000000 
-102.237137 68.905304 23.987066 58.000000 
-101.633377 69.438225 23.958683 54.000000 
-102.347771 68.796051 23.988230 55.000000 
-102.225418 68.897217 23.986273 51.000000 
-101.619972 69.428520 23.958464 51.000000 
-102.451340 68.688049 23.991598 50.000000 
-102.341591 68.784256 23.991926 59.000000 
-101.805862 69.225540 23.963379 59.000000 
-101.630806 69.378609 23.953135 55.000000 
-102.460815 68.642265 23.980793 60.000000 
-102.358490 68.732475 23.988424 62.000000 
-101.790207 69.218323 23.961092 57.000000 
-101.614639 69.370956 23.951086 45.000000 
-102.457497 68.628830 23.986940 66.000000 
-102.341904 68.728523 23.982990 62.000000 
-101.777298 69.208923 23.960823 57.000000 
-102.548584 68.532829 23.983480 72.000000 
-102.450356 68.618294 23.989553 65.000000 
-101.761650 69.201584 23.958605 56.000000 
-102.535294 68.527229 23.980009 74.000000 
-102.435455 68.613464 23.985088 72.000000 
-101.733536 69.203629 23.947519 55.000000 
-102.529709 68.516006 23.983887 67.000000 
-102.419235 68.609505 23.979475 72.000000 
-101.904266 69.041092 23.970818 56.000000 
-101.723396 69.191933 23.949341 45.000000 
-102.616936 68.424545 23.981503 62.000000 
-102.519012 68.508476 23.982908 65.000000 
-102.401688 68.606407 23.972715 65.000000 
-101.886353 69.036034 23.966412 54.000000 
-102.600151 68.421684 23.974165 70.000000 
-102.508324 68.500900 23.981960 69.000000 
-101.867531 69.032471 23.960928 57.000000 
-102.595238 68.411171 23.978069 67.000000 
-102.487663 68.501045 23.971226 82.000000 
-102.015297 68.891396 23.974993 47.000000 
-101.849579 69.027237 23.956602 56.000000 
-102.684494 68.321426 23.981218 58.000000 
-102.587410 68.401978 23.979563 65.000000 
-102.479568 68.491531 23.972771 82.000000 
-101.997841 68.886452 23.970385 50.000000 
-102.673126 68.315063 23.978825 61.000000 
-102.574455 68.396271 23.976072 61.000000 
-101.978989 68.882408 23.964752 50.000000 
-102.665573 68.306091 23.980320 53.000000 
-102.561501 68.390511 23.972612 77.000000 
-101.962868 68.876312 23.961285 59.000000 
-102.744995 68.225319 23.977316 64.000000 
-102.660606 68.295403 23.984407 58.000000 
-102.547234 68.385551 23.967934 66.000000 
-101.946747 68.870132 23.957857 56.000000 
-102.733910 68.219002 23.974854 76.000000 
-102.646713 68.290604 23.979523 51.000000 
-102.080315 68.743446 23.966909 50.000000 
-102.731689 68.206947 23.981649 70.000000 
-102.637939 68.282394 23.979805 58.000000 
-102.066002 68.736526 23.964382 46.000000 
-102.808487 68.129402 23.980003 74.000000 
-102.721909 68.199760 23.980556 64.000000 
-102.625328 68.276642 23.976265 62.000000 
-102.179375 68.633186 23.961006 52.000000 
-102.054451 68.727669 23.964085 47.000000 
-102.798965 68.122383 23.978821 67.000000 
-102.709595 68.194138 23.976854 68.000000 
-102.159920 68.630066 23.953777 55.000000 
-102.045700 68.716904 23.966013 46.000000 
-102.793213 68.112991 23.981716 61.000000 
-102.699829 68.186859 23.975815 68.000000 
-102.143173 68.625031 23.948860 51.000000 
-102.876251 68.035713 23.989008 51.000000 
-102.794502 68.100609 23.991217 60.000000 
-102.683105 68.185196 23.966749 70.000000 
-102.132782 68.617355 23.948320 50.000000 
-102.859573 68.033264 23.979492 73.000000 
-102.782524 68.095055 23.987404 65.000000 
-102.675903 68.176231 23.968393 68.000000 
-102.266129 68.498627 23.968744 45.000000 
-102.116020 68.612175 23.943472 45.000000 
-102.853737 68.023666 23.982515 83.000000 
-102.767654 68.090523 23.981009 63.000000 
-102.241196 68.498398 23.956701 55.000000 
-102.849525 68.013756 23.986858 83.000000 
-102.750565 68.087852 23.971874 68.000000 
-102.226212 68.492477 23.952791 56.000000 
-102.835312 68.009644 23.980192 68.000000 
-102.747482 68.076851 23.977571 73.000000 
-102.215363 68.483910 23.952419 58.000000 
-102.821083 68.005455 23.973560 77.000000 
-102.744453 68.065857 23.983286 65.000000 
-102.313858 68.390770 23.947565 61.000000 
-102.210052 68.471893 23.956739 66.000000 
-102.814407 67.996895 23.975220 86.000000 
-102.301941 68.383209 23.945913 58.000000 
-102.199249 68.463257 23.956423 58.000000 
-102.801422 67.991867 23.970022 90.000000 
-102.296890 68.371490 23.950298 58.000000 
-102.799866 67.980438 23.977226 90.000000 
-102.396736 68.279572 23.951618 47.000000 
-102.290512 68.360588 23.953505 62.000000 
-102.790710 67.973221 23.976204 88.000000 
-102.385155 68.272141 23.949881 56.000000 
-102.273125 68.356163 23.947144 69.000000 
-102.383888 68.260155 23.956612 47.000000 
-102.264793 68.347824 23.947800 47.000000 
-102.379204 68.248772 23.961090 49.000000 
-102.460907 68.170906 23.949429 56.000000 
-102.369064 68.240479 23.960661 49.000000 
-102.457794 68.159058 23.955233 52.000000 
-102.352058 68.235985 23.954109 59.000000 
-102.450294 68.148956 23.957361 50.000000 
-102.440453 68.140785 23.956886 56.000000 
-102.528534 68.062744 23.954130 48.000000 
-102.428246 68.134521 23.953808 56.000000 
-102.520317 68.054031 23.954874 54.000000 
-102.411552 68.129875 23.947083 59.000000 
-102.512115 68.045280 23.955643 55.000000 
-102.408615 68.117966 23.952999 46.000000 
-102.601120 67.967880 23.958401 45.000000 
-102.497139 68.039963 23.949966 54.000000 
-102.594856 67.959137 23.960346 47.000000 
-102.490669 68.030922 23.951977 51.000000 
-102.581566 67.953194 23.955786 53.000000 
-102.477051 68.024788 23.947659 58.000000 
-102.570961 67.945885 23.953909 50.000000 
-102.662117 67.870789 23.961576 49.000000 
-102.556305 67.940460 23.948093 50.000000 
-102.649132 67.864853 23.956875 56.000000 
-102.551132 67.930473 23.951567 53.000000 
-102.636139 67.858841 23.952209 64.000000 
-102.541916 67.922386 23.951099 56.000000 
-102.620453 67.853966 23.944872 71.000000 
-102.534081 67.913635 23.951977 52.000000 
-102.614166 67.844803 23.947035 60.000000 
-102.608215 67.836075 23.949110 71.000000 
-102.599281 67.828064 23.948616 71.000000 
-102.587952 67.821640 23.945341 77.000000 
-102.572235 67.816429 23.938171 55.000000 
-102.101318 69.274704 23.977316 109.000000 
-102.085892 69.265060 23.976578 118.000000 
-102.076920 69.248985 23.980097 117.000000 
-102.247017 69.047691 23.978247 62.000000 
-102.053802 69.246895 23.974369 122.000000 
-102.235413 69.036499 23.979206 106.000000 
-102.035164 69.241508 23.971157 120.000000 
-102.223236 69.024689 23.980249 113.000000 
-102.381317 68.842186 23.979042 49.000000 
-102.205231 69.019638 23.976849 122.000000 
-102.363266 68.836891 23.975475 62.000000 
-102.185303 69.015160 23.972656 120.000000 
-102.349197 68.825508 23.975758 61.000000 
-102.336319 68.815224 23.975965 63.000000 
-102.482178 68.650551 23.973667 54.000000 
-102.314217 68.815697 23.968697 72.000000 
-102.471092 68.639435 23.974813 61.000000 
-102.586731 68.501266 23.959560 59.000000 
-102.454300 68.632446 23.972195 66.000000 
-102.583778 68.483498 23.966755 59.000000 
-102.434151 68.629471 23.966665 70.000000 
-101.878632 69.167847 23.955452 54.000000 
-102.578857 68.468605 23.971905 56.000000 
-102.418442 68.623444 23.963999 64.000000 
-101.851875 69.169037 23.947588 101.000000 
-102.555321 68.469223 23.963104 64.000000 
-101.824417 69.169441 23.939844 105.000000 
-102.686028 68.323891 23.965219 52.000000 
-102.536926 68.465149 23.958353 75.000000 
-101.807732 69.160034 23.938848 117.000000 
-102.679733 68.309990 23.969584 57.000000 
-102.521118 68.458717 23.955643 68.000000 
-101.786987 69.154175 23.935381 111.000000 
-102.796417 68.179794 23.967663 46.000000 
-102.661842 68.306114 23.964609 56.000000 
-101.999817 68.929062 23.952032 46.000000 
-101.773041 69.142220 23.936138 61.000000 
-102.787949 68.168480 23.969994 55.000000 
-102.643921 68.302147 23.959669 58.000000 
-101.977043 68.925972 23.946558 109.000000 
-102.783394 68.153908 23.975588 50.000000 
-102.631195 68.293678 23.958925 61.000000 
-101.973305 68.906342 23.953405 119.000000 
-102.762077 68.153358 23.967190 56.000000 
-102.133469 68.733582 23.946062 50.000000 
-101.951897 68.901917 23.948889 111.000000 
-102.879189 68.025909 23.971939 55.000000 
-102.747208 68.147331 23.964218 59.000000 
-102.112602 68.729462 23.941227 62.000000 
-102.875031 68.011734 23.977718 58.000000 
-102.732323 68.141235 23.961281 60.000000 
-102.106689 68.712685 23.946516 58.000000 
-102.974983 67.907898 23.971024 67.000000 
-102.854973 68.009590 23.970209 56.000000 
-102.719574 68.132423 23.960600 62.000000 
-102.089355 68.704399 23.944592 69.000000 
-102.963005 67.899742 23.970102 65.000000 
-102.841820 68.002647 23.968243 64.000000 
-102.107330 68.647369 23.945089 47.000000 
-102.980530 67.846809 23.967752 62.000000 
-102.856049 67.953583 23.962580 61.000000 
-102.263687 68.485901 23.941917 48.000000 
-103.087776 67.735382 23.974253 57.000000 
-102.972481 67.838005 23.968988 55.000000 
-102.846802 67.943443 23.964012 66.000000 
-102.250153 68.476250 23.941692 50.000000 
-103.066437 67.735764 23.963720 53.000000 
-102.960991 67.830215 23.968084 61.000000 
-102.842819 67.929184 23.969921 66.000000 
-102.232521 68.469849 23.938641 59.000000 
-103.064201 67.721329 23.971037 57.000000 
-102.946922 67.824379 23.964912 62.000000 
-102.386711 68.311386 23.943436 50.000000 
-103.163254 67.617508 23.975971 54.000000 
-103.055626 67.711792 23.972441 52.000000 
-102.930237 67.820465 23.959473 55.000000 
-102.362740 68.310585 23.935223 50.000000 
-103.151176 67.611107 23.973682 66.000000 
-103.041931 67.706108 23.969126 55.000000 
-102.918755 67.812515 23.958662 62.000000 
-102.344208 68.305397 23.931025 60.000000 
-103.139107 67.604645 23.971424 79.000000 
-103.029526 67.699394 23.967026 63.000000 
-102.322899 68.302238 23.924883 66.000000 
-103.225456 67.512154 23.968977 58.000000 
-103.127029 67.598137 23.969193 63.000000 
-103.013229 67.695503 23.961407 63.000000 
-102.487099 68.142159 23.943583 50.000000 
-103.211166 67.507622 23.964111 64.000000 
-103.118805 67.588776 23.970654 62.000000 
-103.003410 67.686760 23.961737 68.000000 
-102.473167 68.134033 23.942265 51.000000 
-103.204453 67.497597 23.966810 63.000000 
-103.102890 67.584953 23.964823 67.000000 
-103.000145 67.673248 23.968008 56.000000 
-102.449631 68.133034 23.933783 54.000000 
-103.197784 67.487556 23.969530 72.000000 
-103.092110 67.577362 23.963900 69.000000 
-102.589767 67.995377 23.941864 51.000000 
-102.434311 68.125778 23.931515 52.000000 
-103.286423 67.397079 23.972673 51.000000 
-103.191154 67.477509 23.972275 57.000000 
-103.074867 67.574310 23.956917 72.000000 
-102.573532 67.989433 23.938330 52.000000 
-103.276253 67.389908 23.971561 59.000000 
-103.175591 67.473663 23.966269 59.000000 
-103.075790 67.558411 23.967007 67.000000 
-102.555908 67.984398 23.933767 52.000000 
-103.358620 67.305763 23.972563 67.000000 
-103.274956 67.376678 23.979490 66.000000 
-103.160004 67.469742 23.960299 63.000000 
-102.543777 67.975334 23.933502 53.000000 
-103.343742 67.302071 23.966101 70.000000 
-103.258492 67.373741 23.971992 56.000000 
-103.154709 67.458710 23.964371 63.000000 
-102.681671 67.843033 23.946547 48.000000 
-102.531662 67.966225 23.933268 52.000000 
-103.335098 67.294159 23.966276 73.000000 
-103.245811 67.368172 23.968388 55.000000 
-103.146873 67.449425 23.965965 63.000000 
-102.669975 67.834290 23.946190 50.000000 
-103.414932 67.213242 23.968561 65.000000 
-103.332764 67.282097 23.973076 73.000000 
-103.233124 67.362534 23.964813 53.000000 
-103.136467 67.441856 23.965082 65.000000 
-102.655998 67.827927 23.943569 47.000000 
-103.406921 67.205925 23.968630 72.000000 
-103.320770 67.277046 23.969261 83.000000 
-103.225945 67.353920 23.966326 56.000000 
-102.772873 67.720627 23.943205 48.000000 
-102.652588 67.813416 23.949871 51.000000 
-103.402298 67.195793 23.972855 60.000000 
-103.313454 67.268242 23.970825 60.000000 
-103.223557 67.341507 23.973072 58.000000 
-102.761536 67.712067 23.942789 60.000000 
-102.635918 67.806297 23.946503 56.000000 
-103.402023 67.181664 23.982655 61.000000 
-103.291466 67.267410 23.958084 64.000000 
-103.212738 67.333176 23.972307 59.000000 
-102.742508 67.707001 23.936914 57.000000 
-103.471420 67.110626 23.976482 70.000000 
-102.611809 67.805779 23.936396 52.000000 
-103.392494 67.174667 23.981512 68.000000 
-103.281616 67.260109 23.957075 66.000000 
-102.732552 67.697411 23.937702 54.000000 
-103.465279 67.103096 23.977867 81.000000 
-103.376137 67.173126 23.972141 58.000000 
-103.284019 67.246498 23.967762 73.000000 
-102.848297 67.590141 23.942659 48.000000 
-102.730354 67.684319 23.943993 54.000000 
-103.459717 67.093971 23.980806 83.000000 
-103.364075 67.167557 23.968357 63.000000 
-103.269096 67.242332 23.961536 61.000000 
-102.834602 67.583473 23.939882 55.000000 
-102.714943 67.678291 23.940298 57.000000 
-103.450119 67.086639 23.979704 80.000000 
-103.359261 67.156921 23.972769 63.000000 
-103.261513 67.232925 23.963310 45.000000 
-102.830063 67.570107 23.945423 56.000000 
-102.694939 67.674347 23.933346 48.000000 
-103.437126 67.081886 23.974407 94.000000 
-103.352303 67.148232 23.974424 61.000000 
-102.934395 67.471748 23.946733 52.000000 
-102.821884 67.559875 23.947384 58.000000 
-103.425713 67.076759 23.970440 80.000000 
-103.338066 67.144470 23.967945 65.000000 
-102.916031 67.469048 23.938923 58.000000 
-102.808640 67.553581 23.944597 58.000000 
-103.421486 67.066811 23.974850 69.000000 
-103.326012 67.138702 23.964273 61.000000 
-102.904045 67.461555 23.937265 62.000000 
-102.790840 67.549286 23.938448 59.000000 
-103.413528 67.059021 23.975145 80.000000 
-102.897530 67.450691 23.940449 60.000000 
-103.399254 67.054764 23.968586 80.000000 
-102.994057 67.359535 23.939260 50.000000 
-102.886940 67.442291 23.940052 60.000000 
-103.384964 67.050430 23.962063 74.000000 
-102.997299 67.343376 23.951120 51.000000 
-102.873619 67.435493 23.937283 58.000000 
-103.373199 67.044609 23.958319 83.000000 
-102.993851 67.331245 23.956810 56.000000 
-102.854790 67.431892 23.929754 58.000000 
-103.371979 67.033585 23.965494 45.000000 
-103.073792 67.253883 23.943960 45.000000 
-102.975838 67.328285 23.948841 52.000000 
-102.848747 67.421402 23.932941 50.000000 
-103.070549 67.242065 23.949745 51.000000 
-102.962883 67.321594 23.945948 52.000000 
-103.060249 67.233551 23.949310 63.000000 
-102.945442 67.316681 23.939495 55.000000 
-103.053032 67.223984 23.951336 65.000000 
-102.935600 67.308807 23.939028 49.000000 
-103.039413 67.218590 23.946955 56.000000 
-102.933670 67.295807 23.946070 50.000000 
-103.130669 67.137177 23.948158 54.000000 
-103.014519 67.218552 23.932602 61.000000 
-103.121033 67.129219 23.947599 56.000000 
-103.011421 67.206627 23.938505 58.000000 
-103.110069 67.121933 23.945772 55.000000 
-103.009750 67.193993 23.945688 56.000000 
-103.093025 67.119041 23.937288 54.000000 
-103.195572 67.034630 23.952888 50.000000 
-103.086121 67.109550 23.939407 54.000000 
-103.180557 67.028984 23.947096 48.000000 
-103.081963 67.098663 23.944136 53.000000 
-103.168884 67.022858 23.943783 48.000000 
-103.072395 67.090515 23.943714 52.000000 
-103.259216 66.946526 23.951523 54.000000 
-103.156540 67.015747 23.940714 47.000000 
-103.243515 66.941910 23.944103 58.000000 
-103.155663 67.004311 23.948050 48.000000 
-103.230461 66.935959 23.939434 61.000000 
-103.143349 66.997116 23.945038 50.000000 
-103.222740 66.927475 23.940214 77.000000 
-103.128975 66.992073 23.939198 46.000000 
-103.219070 66.917137 23.945080 68.000000 
-103.211403 66.908615 23.945906 63.000000 
-103.198685 66.902924 23.941244 60.000000 
-103.182938 66.897896 23.934029 61.000000 
-103.182076 66.886299 23.941677 57.000000 
-103.179916 66.875320 23.947992 45.000000 
-102.689178 68.380913 23.953726 66.000000 
-102.671028 68.373886 23.951315 106.000000 
-102.647774 68.371941 23.945562 120.000000 
-102.643066 68.352547 23.951624 118.000000 
-102.823700 68.138390 23.956791 107.000000 
-102.621071 68.349167 23.946793 121.000000 
-102.808777 68.129105 23.956081 117.000000 
-102.597755 68.346962 23.941158 103.000000 
-102.797722 68.116013 23.958065 117.000000 
-102.954376 67.931679 23.956270 57.000000 
-102.772530 68.116608 23.950346 122.000000 
-102.940033 67.922707 23.955534 71.000000 
-102.760216 68.104660 23.951517 122.000000 
-102.929573 67.910019 23.957609 61.000000 
-102.741440 68.098862 23.948301 120.000000 
-103.078133 67.737938 23.958904 51.000000 
-102.915276 67.900955 23.956942 61.000000 
-103.059219 67.734032 23.954275 64.000000 
-102.893219 67.899109 23.950762 72.000000 
-103.054443 67.716965 23.960297 60.000000 
-102.869820 67.898354 23.943699 75.000000 
-103.185287 67.564468 23.956751 52.000000 
-103.040703 67.708199 23.959597 58.000000 
-103.175842 67.552544 23.958967 68.000000 
-103.019188 67.706459 23.953146 66.000000 
-102.450211 68.263031 23.932718 47.000000 
-103.166443 67.540604 23.961214 68.000000 
-103.001541 67.701080 23.949627 70.000000 
-102.424049 68.262375 23.925823 62.000000 
-103.288254 67.401100 23.957350 56.000000 
-103.146744 67.537849 23.955465 63.000000 
-102.991722 67.688614 23.951920 51.000000 
-102.395142 68.264030 23.917297 68.000000 
-103.276711 67.391754 23.957561 60.000000 
-103.129601 67.532700 23.951759 68.000000 
-102.379654 68.253395 23.917202 111.000000 
-103.271629 67.376770 23.963013 60.000000 
-103.105934 67.533180 23.943081 75.000000 
-102.373680 68.234230 23.923006 105.000000 
-103.395287 67.239311 23.967587 53.000000 
-103.253693 67.372963 23.958078 57.000000 
-103.100502 67.517632 23.948463 70.000000 
-102.562500 68.028046 23.924490 103.000000 
-103.372696 67.240089 23.958080 60.000000 
-103.238327 67.366844 23.955261 58.000000 
-102.547691 68.017830 23.924347 109.000000 
-103.371582 67.224358 23.965744 62.000000 
-103.221367 67.363937 23.950260 58.000000 
-102.539543 68.004112 23.927582 109.000000 
-103.483749 67.099220 23.967402 58.000000 
-103.354103 67.220642 23.960619 56.000000 
-103.208588 67.355476 23.949589 57.000000 
-102.704323 67.825294 23.923048 55.000000 
-102.520706 67.997337 23.924877 115.000000 
-103.474709 67.087280 23.969978 65.000000 
-103.335617 67.215805 23.955669 52.000000 
-103.207924 67.334923 23.959478 48.000000 
-102.687584 67.815353 23.922104 54.000000 
-103.465355 67.077354 23.971333 72.000000 
-103.318085 67.211906 23.950621 55.000000 
-102.678802 67.800835 23.925619 54.000000 
-103.596039 66.925514 23.965439 75.000000 
-103.475418 67.031502 23.962191 61.000000 
-103.334190 67.160538 23.947252 60.000000 
-102.687935 67.752930 23.919409 62.000000 
-103.582817 66.920914 23.962044 64.000000 
-103.464790 67.022537 23.962486 56.000000 
-103.329697 67.145859 23.953026 59.000000 
-102.679207 67.738342 23.922987 61.000000 
-103.571243 66.913254 23.961121 62.000000 
-103.445107 67.020805 23.955017 55.000000 
-102.854080 67.557640 23.933661 48.000000 
-103.682076 66.796265 23.972513 45.000000 
-103.572502 66.895401 23.971741 64.000000 
-103.438393 67.008629 23.958715 54.000000 
-102.840477 67.548042 23.933483 50.000000 
-103.665810 66.792786 23.966764 48.000000 
-103.553268 66.893761 23.963964 64.000000 
-103.431725 66.996460 23.962437 57.000000 
-102.820053 67.543922 23.928568 48.000000 
-103.654610 66.785301 23.965801 46.000000 
-103.533989 66.892014 23.956226 61.000000 
-103.417244 66.990417 23.959515 58.000000 
-102.972076 67.385574 23.932230 63.000000 
-102.805084 67.535294 23.927509 45.000000 
-103.748077 66.684753 23.965874 52.000000 
-103.651100 66.771896 23.971985 53.000000 
-103.514671 66.890152 23.948528 61.000000 
-102.953506 67.380547 23.928034 59.000000 
-103.737206 66.677429 23.964844 45.000000 
-103.637383 66.766289 23.968702 61.000000 
-103.505714 66.880241 23.950054 62.000000 
-102.934921 67.375427 23.923878 61.000000 
-103.727615 66.669121 23.965065 63.000000 
-103.619797 66.763527 23.961895 54.000000 
-103.502014 66.866348 23.956198 66.000000 
-103.092308 67.218323 23.938789 56.000000 
-102.912201 67.373421 23.916790 57.000000 
-103.719315 66.659836 23.966532 57.000000 
-103.602173 66.760674 23.955126 59.000000 
-103.485275 66.862312 23.950893 51.000000 
-103.075600 67.212402 23.935419 58.000000 
-102.904572 67.359627 23.920639 64.000000 
-103.799156 66.571625 23.957779 56.000000 
-103.705933 66.654274 23.963144 79.000000 
-103.594902 66.750061 23.957859 56.000000 
-103.057510 67.207436 23.931055 56.000000 
-103.793648 66.560722 23.961767 62.000000 
-103.693825 66.647720 23.961008 60.000000 
-103.588959 66.738487 23.961800 58.000000 
-103.040771 67.201355 23.927763 55.000000 
-103.788193 66.549812 23.965776 72.000000 
-103.675278 66.645737 23.952808 63.000000 
-103.577850 66.730698 23.961037 54.000000 
-103.184273 67.059875 23.939043 50.000000 
-103.028152 67.192116 23.927589 52.000000 
-103.872581 66.461487 23.965105 53.000000 
-103.781509 66.539810 23.968552 72.000000 
-103.667023 66.636292 23.954388 62.000000 
-103.162544 67.058022 23.931282 51.000000 
-103.019684 67.179764 23.930531 50.000000 
-103.867393 66.450874 23.969181 58.000000 
-103.765915 66.536041 23.962580 72.000000 
-103.658806 66.626823 23.955992 67.000000 
-103.147141 67.050522 23.928986 49.000000 
-103.863129 66.438957 23.974642 62.000000 
-103.753754 66.529068 23.960478 68.000000 
-103.648903 66.617767 23.956488 72.000000 
-103.137703 67.039536 23.930889 49.000000 
-103.933998 66.362259 23.963913 73.000000 
-103.845360 66.436951 23.965893 61.000000 
-103.740700 66.523384 23.957075 55.000000 
-103.636818 66.610962 23.954498 56.000000 
-103.129234 67.029625 23.932629 49.000000 
-103.927315 66.354439 23.965286 80.000000 
-103.838486 66.428902 23.967306 64.000000 
-103.734879 66.514175 23.959791 59.000000 
-103.255867 66.904701 23.936922 56.000000 
-103.112946 67.023499 23.929274 52.000000 
-103.922424 66.344070 23.969475 71.000000 
-103.821953 66.425888 23.959908 52.000000 
-103.724426 66.506653 23.958942 63.000000 
-103.375923 66.793602 23.940031 48.000000 
-103.245491 66.894997 23.937738 52.000000 
-103.987122 66.272636 23.955685 69.000000 
-103.907509 66.340279 23.963131 66.000000 
-103.814339 66.416870 23.961533 52.000000 
-103.708778 66.502556 23.953129 65.000000 
-103.359093 66.788872 23.935070 52.000000 
-103.242004 66.880501 23.944078 50.000000 
-103.993607 66.255363 23.972111 73.000000 
-103.895088 66.334778 23.959455 76.000000 
-103.810608 66.405312 23.967028 55.000000 
-103.694412 66.497513 23.948599 52.000000 
-103.346329 66.781281 23.933558 59.000000 
-103.227554 66.873581 23.941654 47.000000 
-103.988991 66.245270 23.976379 58.000000 
-103.880127 66.330833 23.953178 64.000000 
-103.797905 66.399605 23.963568 59.000000 
-103.326744 66.778236 23.926399 61.000000 
-103.204803 66.872238 23.932680 47.000000 
-103.974411 66.241447 23.969868 58.000000 
-103.874046 66.321159 23.956144 68.000000 
-103.782616 66.395493 23.957577 56.000000 
-103.447548 66.664368 23.937325 48.000000 
-103.320816 66.765930 23.930632 57.000000 
-104.048660 66.166939 23.968990 66.000000 
-103.962318 66.235985 23.966087 65.000000 
-103.869278 66.310684 23.960447 64.000000 
-103.772491 66.388008 23.956741 59.000000 
-103.435158 66.656921 23.935724 50.000000 
-103.317680 66.751801 23.937153 55.000000 
-104.046753 66.155579 23.976107 81.000000 
-103.945175 66.233543 23.956944 58.000000 
-103.854309 66.306572 23.954258 64.000000 
-103.421410 66.650299 23.932987 50.000000 
-103.302216 66.745834 23.933500 54.000000 
-104.029999 66.153168 23.966673 94.000000 
-103.935577 66.226410 23.955921 61.000000 
-103.841881 66.300804 23.950729 70.000000 
-103.411751 66.640984 23.933792 55.000000 
-103.283981 66.741600 23.927620 52.000000 
-104.024422 66.144012 23.969690 97.000000 
-103.936142 66.213142 23.965691 60.000000 
-103.829453 66.294968 23.947233 66.000000 
-103.519684 66.539299 23.938515 52.000000 
-103.407593 66.628136 23.939297 58.000000 
-104.011375 66.139252 23.964457 80.000000 
-103.924049 66.207481 23.962023 58.000000 
-103.824783 66.284393 23.951630 52.000000 
-103.502235 66.535316 23.932045 46.000000 
-103.393883 66.621384 23.936651 58.000000 
-104.002075 66.132233 23.963388 74.000000 
-103.909401 66.203255 23.955696 61.000000 
-103.494270 66.525352 23.934034 53.000000 
-103.377411 66.616287 23.931707 50.000000 
-103.998161 66.122711 23.967762 80.000000 
-103.897644 66.197906 23.952002 63.000000 
-103.489449 66.514191 23.938353 62.000000 
-103.359955 66.612480 23.925533 46.000000 
-103.991425 66.114204 23.969488 82.000000 
-103.890663 66.189095 23.953791 60.000000 
-103.581406 66.424950 23.933533 50.000000 
-103.476089 66.507515 23.935585 57.000000 
-103.351761 66.602097 23.927650 47.000000 
-103.974579 66.111374 23.960243 82.000000 
-103.583221 66.409592 23.944189 49.000000 
-103.464088 66.499954 23.934053 51.000000 
-103.962776 66.105614 23.956530 85.000000 
-103.575630 66.399864 23.946209 46.000000 
-103.445229 66.496445 23.926559 51.000000 
-103.958618 66.095596 23.961077 88.000000 
-103.565346 66.391716 23.945786 56.000000 
-103.434601 66.487938 23.926292 53.000000 
-103.954514 66.085579 23.965639 71.000000 
-103.540077 66.392174 23.931833 57.000000 
-103.433678 66.473724 23.934431 48.000000 
-103.648254 66.297760 23.944956 54.000000 
-103.529778 66.383881 23.931480 51.000000 
-103.632874 66.292747 23.939419 60.000000 
-103.519493 66.375542 23.931158 47.000000 
-103.617462 66.287659 23.933920 58.000000 
-103.514740 66.364082 23.935778 48.000000 
-103.603401 66.281738 23.929722 61.000000 
-103.498978 66.358749 23.930597 48.000000 
-103.701744 66.196617 23.936857 50.000000 
-103.597885 66.271805 23.933023 57.000000 
-103.692055 66.188644 23.936365 56.000000 
-103.593407 66.260643 23.937716 58.000000 
-103.676964 66.183456 23.930723 58.000000 
-103.576622 66.256035 23.931087 59.000000 
-103.671356 66.173286 23.934172 55.000000 
-103.563942 66.249161 23.928276 61.000000 
-103.667145 66.162422 23.938932 55.000000 
-103.750671 66.086967 23.935995 48.000000 
-103.657524 66.154305 23.938549 52.000000 
-103.746689 66.076401 23.940804 48.000000 
-103.642448 66.148888 23.933035 54.000000 
-103.834572 66.001534 23.945633 49.000000 
-103.740044 66.067139 23.942984 47.000000 
-103.624603 66.144737 23.924980 52.000000 
-103.817490 65.997528 23.936930 52.000000 
-103.725296 66.061760 23.937258 46.000000 
-103.805717 65.990952 23.933683 61.000000 
-103.715973 66.053719 23.936852 47.000000 
-103.805305 65.980309 23.941067 64.000000 
-103.699150 66.050407 23.928331 47.000000 
-103.794907 65.973045 23.939222 65.000000 
-103.695290 66.039734 23.933252 46.000000 
-103.777458 65.968292 23.930771 68.000000 
-103.771103 65.959114 23.933039 60.000000 
-103.763428 65.950508 23.933979 63.000000 
-103.761208 65.939529 23.940327 60.000000 
-103.745728 65.934845 23.933130 55.000000 
-103.295059 67.456894 23.943783 116.000000 
-103.280640 67.446114 23.943872 111.000000 
-103.263664 67.435371 23.943251 122.000000 
-103.450790 67.210442 23.955170 109.000000 
-103.246758 67.427078 23.941723 118.000000 
-103.433296 67.203911 23.952614 112.000000 
-103.234955 67.413567 23.943623 117.000000 
-103.409454 67.203629 23.945650 119.000000 
-103.216789 67.406448 23.941322 114.000000 
-103.584923 66.998253 23.958948 54.000000 
-103.400185 67.189941 23.948446 121.000000 
-103.194145 67.404984 23.935619 111.000000 
-103.568039 66.991982 23.956282 68.000000 
-103.386513 67.179428 23.948662 111.000000 
-103.542252 66.994286 23.947151 61.000000 
-103.370300 67.171371 23.947140 117.000000 
-103.531693 66.981689 23.949203 63.000000 
-103.345085 67.171982 23.939447 107.000000 
-103.521172 66.969063 23.951286 61.000000 
-103.326263 67.166252 23.936230 49.000000 
-103.671394 66.793884 23.954903 46.000000 
-103.501701 66.964966 23.946911 51.000000 
-103.655037 66.787689 23.952200 51.000000 
-103.480919 66.961998 23.941648 66.000000 
-103.788475 66.630669 23.952000 52.000000 
-103.648911 66.771873 23.957270 59.000000 
-103.458809 66.960136 23.935499 75.000000 
-103.771324 66.625862 23.948151 63.000000 
-103.627441 66.770332 23.950769 51.000000 
-103.056549 67.337204 23.924030 58.000000 
-103.764366 66.611656 23.952391 68.000000 
-103.607216 66.767502 23.945276 57.000000 
-103.029083 67.338005 23.916235 118.000000 
-103.899017 66.458633 23.960291 49.000000 
-103.754906 66.599762 23.954645 71.000000 
-103.585655 66.765747 23.938856 55.000000 
-103.012215 67.328819 23.915218 117.000000 
-103.878555 66.457397 23.953157 55.000000 
-103.732628 66.599419 23.946877 61.000000 
-103.579659 66.749802 23.944054 50.000000 
-102.995354 67.319580 23.914242 108.000000 
-103.863152 66.451523 23.950239 61.000000 
-103.718040 66.592041 23.945177 61.000000 
-102.974480 67.313927 23.910786 108.000000 
-103.989563 66.309677 23.958176 49.000000 
-103.855423 66.438820 23.953619 63.000000 
-103.696983 66.590340 23.938492 71.000000 
-103.172371 67.096634 23.919647 103.000000 
-102.960327 67.302109 23.911570 114.000000 
-103.978416 66.300705 23.958361 54.000000 
-103.842613 66.430595 23.952852 58.000000 
-103.687576 66.578262 23.940878 66.000000 
-103.154839 67.088951 23.917706 109.000000 
-103.960922 66.297188 23.953167 59.000000 
-103.822060 66.429031 23.945862 56.000000 
-103.144028 67.075249 23.920204 102.000000 
-103.956200 66.282646 23.958822 62.000000 
-103.809242 66.420685 23.945162 57.000000 
-103.314117 66.889427 23.920750 55.000000 
-103.131920 67.062714 23.921858 49.000000 
-104.069038 66.155914 23.961821 47.000000 
-103.943840 66.274651 23.958015 57.000000 
-103.793831 66.414505 23.942413 59.000000 
-103.293144 66.885506 23.915922 62.000000 
-103.115784 67.053680 23.920910 48.000000 
-104.080956 66.107597 23.954849 60.000000 
-103.948929 66.231606 23.945950 53.000000 
-103.816658 66.355896 23.945433 59.000000 
-103.316299 66.824463 23.919762 56.000000 
-104.077904 66.092407 23.961803 67.000000 
-103.931366 66.227791 23.940891 55.000000 
-103.307465 66.810028 23.923281 56.000000 
-104.059082 66.089378 23.955441 61.000000 
-103.923676 66.214783 23.944572 57.000000 
-103.460907 66.643013 23.921556 50.000000 
-103.292694 66.799576 23.923244 47.000000 
-104.163422 65.980347 23.953186 69.000000 
-104.045837 66.082565 23.953510 57.000000 
-103.916519 66.202286 23.948208 56.000000 
-103.452591 66.629051 23.925152 51.000000 
-103.259460 66.805664 23.910315 59.000000 
-104.158157 65.967606 23.958038 73.000000 
-104.030952 66.078781 23.949236 59.000000 
-103.442719 66.618492 23.926689 51.000000 
-104.146194 65.961960 23.955851 68.000000 
-104.018997 66.070808 23.948484 59.000000 
-103.579498 66.469719 23.921144 55.000000 
-103.425003 66.612312 23.923643 50.000000 
-104.247940 65.851707 23.959099 50.000000 
-104.137177 65.952248 23.957293 68.000000 
-104.009186 66.060219 23.950068 59.000000 
-103.563065 66.462143 23.918951 57.000000 
-104.238800 65.841820 23.960588 66.000000 
-104.112297 65.954132 23.945013 61.000000 
-103.997269 66.052162 23.949377 64.000000 
-103.553917 66.449638 23.921688 66.000000 
-104.230133 65.832375 23.962032 68.000000 
-104.098122 65.948326 23.941914 66.000000 
-103.541260 66.440926 23.921381 56.000000 
-104.322540 65.733078 23.961004 56.000000 
-104.220642 65.824364 23.962240 61.000000 
-104.092155 65.936951 23.945671 64.000000 
-103.685181 66.292267 23.927603 47.000000 
-103.521294 66.436981 23.916225 53.000000 
-104.310387 65.726730 23.958780 74.000000 
-104.201767 65.822655 23.954241 63.000000 
-104.083191 65.927078 23.947229 68.000000 
-103.677879 66.279099 23.931429 49.000000 
-103.502663 66.431870 23.912106 55.000000 
-104.298233 65.720329 23.956587 69.000000 
-104.187988 65.816971 23.951023 63.000000 
-104.074257 65.917175 23.948814 51.000000 
-103.659782 66.274307 23.927023 52.000000 
-103.489502 66.422394 23.911995 50.000000 
-104.286079 65.713875 23.954422 79.000000 
-104.178085 65.808334 23.951393 66.000000 
-103.638947 66.271507 23.920593 54.000000 
-104.380905 65.614342 23.960690 67.000000 
-104.273933 65.707367 23.952288 69.000000 
-104.174675 65.794876 23.957714 58.000000 
-103.623535 66.264450 23.918331 55.000000 
-104.370354 65.607124 23.959679 76.000000 
-104.260498 65.701736 23.948961 69.000000 
-104.153130 65.794769 23.947483 66.000000 
-103.767212 66.120667 23.930960 47.000000 
-103.610359 66.254700 23.918259 55.000000 
-104.356880 65.601212 23.956263 72.000000 
-104.249222 65.693726 23.948187 69.000000 
-103.745476 66.118904 23.923189 48.000000 
-103.601822 66.242386 23.921213 57.000000 
-104.437393 65.515221 23.951721 72.000000 
-104.350159 65.591202 23.959074 72.000000 
-104.243538 65.682457 23.952236 79.000000 
-103.726891 66.115570 23.917505 50.000000 
-104.441338 65.498955 23.964785 79.000000 
-104.332382 65.589676 23.950542 62.000000 
-104.233124 65.675323 23.951355 82.000000 
-103.717377 66.104614 23.919418 47.000000 
-104.426079 65.495285 23.958605 70.000000 
-104.323532 65.581841 23.950819 66.000000 
-103.707893 66.093636 23.921362 48.000000 
-104.506874 65.411446 23.958275 77.000000 
-104.413330 65.489815 23.955034 69.000000 
-104.317757 65.570404 23.955040 70.000000 
-103.843475 65.961227 23.933460 52.000000 
-103.695686 66.084602 23.921206 47.000000 
-104.504425 65.399445 23.965117 90.000000 
-104.398026 65.485992 23.948921 67.000000 
-104.305084 65.565147 23.951609 70.000000 
-103.834877 65.951157 23.935286 51.000000 
-104.488609 65.396980 23.957367 74.000000 
-104.390732 65.477440 23.950474 62.000000 
-104.290718 65.560249 23.947042 62.000000 
-103.825859 65.940536 23.937233 50.000000 
-104.565971 65.317650 23.956953 60.000000 
-104.478683 65.389893 23.956331 61.000000 
-104.389481 65.464195 23.958555 59.000000 
-103.928772 65.842224 23.925665 52.000000 
-103.808182 65.935051 23.932707 52.000000 
-104.565529 65.303535 23.966806 67.000000 
-104.462082 65.386406 23.948811 68.000000 
-104.378937 65.456413 23.957748 61.000000 
-103.912376 65.835449 23.922108 62.000000 
-103.790932 65.930016 23.928122 51.000000 
-104.557503 65.296249 23.966972 58.000000 
-104.453423 65.378395 23.949152 73.000000 
-104.368782 65.449036 23.956884 62.000000 
-103.901375 65.827393 23.921703 57.000000 
-104.542892 65.292412 23.960487 65.000000 
-104.446419 65.369995 23.950748 73.000000 
-103.900894 65.811447 23.930515 59.000000 
-104.624451 65.213104 23.967896 57.000000 
-104.528610 65.288933 23.953955 61.000000 
-104.436523 65.362740 23.949821 80.000000 
-104.005463 65.708527 23.927711 48.000000 
-103.883087 65.807899 23.924488 54.000000 
-104.610161 65.209259 23.961220 68.000000 
-104.521149 65.279877 23.955711 63.000000 
-104.424080 65.357025 23.946291 69.000000 
-103.994400 65.700150 23.927349 53.000000 
-103.869896 65.799591 23.923241 53.000000 
-104.597084 65.204597 23.955959 60.000000 
-104.519478 65.268600 23.962715 61.000000 
-104.416771 65.348099 23.948046 64.000000 
-103.987450 65.689087 23.930527 51.000000 
-103.849289 65.797676 23.915022 54.000000 
-104.586479 65.198380 23.953489 94.000000 
-104.509560 65.261055 23.961821 60.000000 
-103.976433 65.680641 23.930222 50.000000 
-104.587128 65.185532 23.963459 77.000000 
-104.492714 65.258873 23.952709 63.000000 
-104.077682 65.583260 23.928991 58.000000 
-103.959938 65.675621 23.925274 50.000000 
-104.579079 65.177818 23.963791 64.000000 
-104.475128 65.255707 23.943811 63.000000 
-104.065628 65.575844 23.927402 64.000000 
-103.937927 65.673973 23.915699 50.000000 
-104.567268 65.172234 23.960016 77.000000 
-104.472298 65.245125 23.949551 47.000000 
-104.050858 65.570045 23.923439 58.000000 
-104.551079 65.170319 23.950592 77.000000 
-104.042328 65.561852 23.924109 57.000000 
-104.536705 65.166023 23.944130 83.000000 
-104.155113 65.460800 23.937490 56.000000 
-104.027550 65.555939 23.920212 53.000000 
-104.530869 65.156273 23.947411 90.000000 
-104.146729 65.450119 23.939749 56.000000 
-104.015106 65.547798 23.918856 55.000000 
-104.529228 65.144852 23.954735 63.000000 
-104.124565 65.449600 23.928144 53.000000 
-104.233559 65.353928 23.942789 45.000000 
-104.110146 65.443726 23.924091 52.000000 
-104.216820 65.349770 23.935978 60.000000 
-104.105667 65.432808 23.928593 52.000000 
-104.195007 65.349007 23.924034 59.000000 
-104.099487 65.422173 23.931988 51.000000 
-104.180901 65.343147 23.919834 57.000000 
-104.078583 65.420502 23.921768 46.000000 
-104.286514 65.252632 23.934938 48.000000 
-104.176308 65.332001 23.924520 57.000000 
-104.274109 65.246162 23.931850 52.000000 
-104.174492 65.319389 23.931749 57.000000 
-104.258301 65.240105 23.926418 55.000000 
-104.158333 65.313156 23.926600 57.000000 
-104.249939 65.231377 23.927286 58.000000 
-104.245010 65.222176 23.930548 54.000000 
-104.328186 65.146233 23.927692 47.000000 
-104.235336 65.214104 23.930168 55.000000 
-104.321106 65.136543 23.929970 47.000000 
-104.218513 65.208954 23.923473 56.000000 
-104.411331 65.059853 23.937532 49.000000 
-104.319778 65.124672 23.937460 48.000000 
-104.208855 65.200775 23.923159 49.000000 
-104.392220 65.058083 23.925898 47.000000 
-104.305687 65.120277 23.931509 48.000000 
-104.391052 65.046539 23.933496 64.000000 
-104.293610 65.113586 23.928459 47.000000 
-104.377609 65.040146 23.929031 71.000000 
-104.281197 65.106369 23.925556 47.000000 
-104.371170 65.031067 23.931255 68.000000 
-104.357025 65.026077 23.925280 68.000000 
-104.345238 65.019341 23.922153 65.000000 
-104.337181 65.010300 23.923222 61.000000 
-104.333527 64.999908 23.928240 61.000000 
-103.897133 66.489784 23.955223 109.000000 
-103.875221 66.486984 23.950283 119.000000 
-103.853264 66.484093 23.945387 121.000000 
-104.041740 66.255844 23.959482 57.000000 
-103.830017 66.482391 23.939682 122.000000 
-104.020477 66.253250 23.954315 112.000000 
-103.814346 66.472832 23.939104 119.000000 
-103.997910 66.251831 23.948301 113.000000 
-103.798691 66.463219 23.938564 120.000000 
-103.971497 66.254105 23.939665 122.000000 
-103.783058 66.453552 23.938063 121.000000 
-104.152313 66.041534 23.957560 52.000000 
-103.962837 66.238586 23.943499 115.000000 
-103.761002 66.450211 23.933369 106.000000 
-104.129074 66.041481 23.950348 68.000000 
-103.950409 66.226830 23.944704 115.000000 
-104.107048 66.040085 23.944103 104.000000 
-103.934166 66.218788 23.943283 117.000000 
-104.087532 66.036118 23.939756 66.000000 
-103.907616 66.220657 23.934811 115.000000 
-104.255989 65.841904 23.957600 59.000000 
-104.084641 66.016136 23.947502 69.000000 
-104.226898 65.847832 23.945280 64.000000 
-104.066422 66.010834 23.944153 75.000000 
-104.221970 65.830841 23.951380 68.000000 
-104.039154 66.013954 23.934361 75.000000 
-104.351280 65.677094 23.948248 59.000000 
-104.214561 65.816254 23.955570 57.000000 
-103.637459 66.394150 23.921938 62.000000 
-104.336639 65.669960 23.946505 71.000000 
-104.196922 65.811172 23.952065 61.000000 
-103.615273 66.390114 23.917580 68.000000 
-104.329666 65.655777 23.950829 75.000000 
-104.174095 65.810738 23.944735 56.000000 
-103.597054 66.382271 23.915789 120.000000 
-104.311211 65.652031 23.946136 61.000000 
-104.160294 65.801941 23.944201 57.000000 
-103.573494 66.379272 23.910677 111.000000 
-104.443542 65.501289 23.951715 60.000000 
-104.303032 65.638969 23.949514 66.000000 
-103.555260 66.371262 23.908972 111.000000 
-104.429390 65.494308 23.949928 67.000000 
-104.283272 65.636238 23.943890 78.000000 
-103.753433 66.151840 23.918812 103.000000 
-103.534332 66.365616 23.905630 111.000000 
-104.420380 65.482765 23.952347 60.000000 
-104.260880 65.635696 23.936296 78.000000 
-103.739876 66.140648 23.919579 113.000000 
-104.543594 65.344917 23.957041 53.000000 
-104.408051 65.475090 23.951597 60.000000 
-103.720245 66.136009 23.915897 105.000000 
-104.528625 65.339226 23.954096 60.000000 
-104.390060 65.471313 23.946781 59.000000 
-103.702675 66.128288 23.914099 102.000000 
-104.515724 65.330772 23.953415 56.000000 
-104.371521 65.466911 23.942078 59.000000 
-103.906364 65.890030 23.918325 58.000000 
-103.721863 66.066177 23.917866 105.000000 
-104.527107 65.280212 23.948492 53.000000 
-104.387672 65.411682 23.941624 58.000000 
-103.888031 65.883812 23.915445 68.000000 
-104.643150 65.151657 23.953262 48.000000 
-104.512604 65.274834 23.945578 57.000000 
-103.874313 65.874649 23.915272 58.000000 
-104.640091 65.136490 23.960291 63.000000 
-104.495018 65.271034 23.940615 60.000000 
-103.866798 65.859070 23.919809 63.000000 
-104.737465 65.032234 23.952492 48.000000 
-104.624268 65.131866 23.956181 58.000000 
-104.485199 65.260712 23.942150 57.000000 
-104.024513 65.688835 23.920689 48.000000 
-103.851204 65.850372 23.918877 61.000000 
-104.727074 65.023651 23.952780 50.000000 
-104.609718 65.126122 23.953222 58.000000 
-104.017525 65.673782 23.925333 51.000000 
-104.721809 65.010941 23.957706 57.000000 
-104.589981 65.124481 23.945841 58.000000 
-104.006546 65.662079 23.927135 47.000000 
-104.708923 65.004349 23.955746 51.000000 
-104.584488 65.111328 23.950745 66.000000 
-103.984726 65.659264 23.921329 46.000000 
-104.806671 64.896889 23.955410 48.000000 
-104.694748 64.998703 23.952663 66.000000 
-104.574677 65.100777 23.952414 64.000000 
-104.123863 65.507660 23.917492 63.000000 
-103.965042 65.653526 23.917572 46.000000 
-104.796234 64.887993 23.955795 60.000000 
-104.677544 64.994522 23.947393 57.000000 
-104.114693 65.495163 23.920324 64.000000 
-104.885284 64.789612 23.952255 47.000000 
-104.791367 64.875610 23.960882 63.000000 
-104.660759 64.990746 23.942081 66.000000 
-104.097939 65.489708 23.917133 59.000000 
-104.876015 64.781837 23.952461 55.000000 
-104.770325 64.876389 23.950493 61.000000 
-104.652191 64.981392 23.943617 64.000000 
-104.080643 65.483604 23.914072 57.000000 
-104.865074 64.774513 23.951548 57.000000 
-104.759079 64.868813 23.949705 59.000000 
-104.643204 64.971527 23.945257 51.000000 
-104.241089 65.322266 23.932177 52.000000 
-104.063339 65.477425 23.911053 59.000000 
-104.863052 64.760551 23.959208 90.000000 
-104.742676 64.865051 23.944208 63.000000 
-104.220253 65.319580 23.925814 54.000000 
-104.849617 64.755058 23.955902 67.000000 
-104.736618 64.853523 23.948214 61.000000 
-104.202095 65.314705 23.921551 52.000000 
-104.930374 64.665413 23.948366 63.000000 
-104.831039 64.753235 23.947752 63.000000 
-104.729301 64.842949 23.951059 66.000000 
-104.182556 65.310776 23.916302 49.000000 
-104.926102 64.653633 23.953714 67.000000 
-104.813705 64.750381 23.940861 72.000000 
-104.326530 65.167236 23.928644 48.000000 
-104.171219 65.300568 23.917259 51.000000 
-104.916794 64.645462 23.954067 72.000000 
-104.809242 64.738205 23.946178 69.000000 
-104.306099 65.164467 23.922049 53.000000 
-105.005936 64.553131 23.958454 53.000000 
-104.903671 64.639946 23.950687 70.000000 
-104.802254 64.727875 23.949083 72.000000 
-104.287003 65.160591 23.916563 50.000000 
-104.998192 64.544296 23.960056 69.000000 
-104.887978 64.636147 23.944838 68.000000 
-104.790092 64.721184 23.947151 58.000000 
-104.431099 65.020309 23.936323 46.000000 
-104.280205 65.147659 23.920694 51.000000 
-104.986679 64.538017 23.957825 61.000000 
-104.883835 64.624298 23.950277 62.000000 
-104.413841 65.015625 23.931660 56.000000 
-104.266586 65.139671 23.919537 53.000000 
-105.059830 64.459007 23.949511 70.000000 
-104.973892 64.532555 23.954334 58.000000 
-104.877167 64.614227 23.953238 70.000000 
-104.400650 65.007957 23.930336 52.000000 
-105.053596 64.449478 23.952461 70.000000 
-104.958557 64.528732 23.948309 56.000000 
-104.858887 64.612007 23.944981 68.000000 
-104.392021 64.997887 23.932245 51.000000 
-105.042732 64.443680 23.950077 73.000000 
-104.953812 64.518501 23.952496 61.000000 
-104.846153 64.606674 23.941666 51.000000 
-104.500824 64.893776 23.926283 47.000000 
-104.380226 64.989174 23.932083 51.000000 
-105.115959 64.365982 23.945461 74.000000 
-105.027710 64.439842 23.943853 76.000000 
-104.946152 64.509506 23.954226 59.000000 
-104.485268 64.888100 23.922592 57.000000 
-104.360641 64.986641 23.925262 47.000000 
-105.120308 64.350769 23.959187 59.000000 
-105.018105 64.433121 23.942842 69.000000 
-104.938911 64.500946 23.955889 56.000000 
-104.472870 64.881027 23.921108 59.000000 
-105.110634 64.343826 23.958157 68.000000 
-105.013222 64.422684 23.947203 66.000000 
-104.918388 64.500229 23.944859 55.000000 
-104.461395 64.872459 23.920889 55.000000 
-105.089325 64.343422 23.945105 73.000000 
-105.004189 64.414215 23.947727 68.000000 
-104.570557 64.764740 23.922560 46.000000 
-104.452255 64.861504 23.923075 55.000000 
-105.185829 64.254654 23.968637 70.000000 
-105.080894 64.335579 23.945484 68.000000 
-104.989136 64.410141 23.941626 68.000000 
-104.556725 64.758163 23.919918 53.000000 
-104.435326 64.856491 23.918388 59.000000 
-105.169014 64.252296 23.959286 81.000000 
-105.069962 64.329247 23.943197 60.000000 
-104.979202 64.402817 23.940807 68.000000 
-104.549698 64.747116 23.923155 51.000000 
-104.423889 64.847786 23.918268 52.000000 
-105.154648 64.248360 23.952726 94.000000 
-105.074249 64.313705 23.957077 58.000000 
-104.541351 64.736938 23.925247 49.000000 
-105.142761 64.242874 23.948957 80.000000 
-105.054451 64.312645 23.945425 61.000000 
-104.640839 64.639809 23.922644 59.000000 
-104.530289 64.728477 23.925034 50.000000 
-105.138397 64.232956 23.953474 82.000000 
-105.042267 64.306938 23.941875 63.000000 
-104.630081 64.631577 23.922319 61.000000 
-104.509613 64.726036 23.916693 47.000000 
-105.136597 64.221596 23.960758 88.000000 
-105.030075 64.301170 23.938356 56.000000 
-104.619339 64.623299 23.922024 55.000000 
-105.122215 64.217445 23.954317 77.000000 
-104.608604 64.614983 23.921759 57.000000 
-105.110352 64.211784 23.950655 91.000000 
-104.712517 64.517769 23.927708 56.000000 
-104.595146 64.608284 23.919125 57.000000 
-105.094666 64.208191 23.942909 94.000000 
-104.710632 64.505341 23.934650 62.000000 
-104.578941 64.603157 23.914131 55.000000 
-105.092049 64.197914 23.948811 85.000000 
-104.696190 64.499603 23.930622 50.000000 
-104.676666 64.497452 23.921593 52.000000 
-104.784309 64.402206 23.934624 64.000000 
-104.667656 64.488411 23.922560 53.000000 
-104.763435 64.400276 23.924120 61.000000 
-104.657677 64.480621 23.922213 55.000000 
-104.756073 64.390701 23.926298 59.000000 
-104.649712 64.470253 23.924574 53.000000 
-104.736504 64.387825 23.917141 57.000000 
-104.842087 64.297089 23.931992 55.000000 
-104.726433 64.379654 23.916855 58.000000 
-104.828293 64.291313 23.927698 54.000000 
-104.728706 64.364822 23.927935 59.000000 
-104.814133 64.284996 23.923553 53.000000 
-104.705986 64.362701 23.916487 47.000000 
-104.804390 64.276970 23.923208 54.000000 
-104.897034 64.196228 23.929279 49.000000 
-104.797729 64.267990 23.925358 54.000000 
-104.881195 64.192177 23.922119 50.000000 
-104.788017 64.259895 23.925066 55.000000 
-104.876785 64.181152 23.927122 48.000000 
-104.772850 64.254509 23.919649 50.000000 
-104.873093 64.171059 23.931915 46.000000 
-104.948471 64.100876 23.924496 56.000000 
-104.860641 64.163956 23.929037 47.000000 
-104.940628 64.092461 23.925394 61.000000 
-104.846138 64.159004 23.923326 50.000000 
-104.933128 64.084465 23.926203 68.000000 
-104.834015 64.152229 23.920401 47.000000 
-104.923981 64.076607 23.925800 60.000000 
-104.908424 64.072189 23.918571 61.000000 
-104.897934 64.064827 23.916882 60.000000 
-104.888489 64.056358 23.916689 65.000000 
-104.891617 64.043022 23.928490 50.000000 
-104.415741 65.577553 23.940395 107.000000 
-104.393616 65.574669 23.935625 120.000000 
-104.375908 65.568382 23.933367 122.000000 
-104.559433 65.344543 23.942009 102.000000 
-104.354996 65.564018 23.929520 121.000000 
-104.542992 65.336754 23.940540 120.000000 
-104.328972 65.564735 23.922346 124.000000 
-104.526558 65.328903 23.939110 117.000000 
-104.318207 65.549858 23.925320 123.000000 
-104.498695 65.332405 23.929768 117.000000 
-104.671417 65.126083 23.940449 50.000000 
-104.483498 65.323120 23.929298 119.000000 
-104.659378 65.114784 23.941717 105.000000 
-104.467041 65.315048 23.927986 111.000000 
-104.642281 65.108398 23.939325 69.000000 
-104.457008 65.300636 23.931118 111.000000 
-104.788826 64.931664 23.940750 48.000000 
-104.616241 65.110565 23.930513 104.000000 
-104.774796 64.923119 23.940140 61.000000 
-104.596535 65.106461 23.926357 108.000000 
-104.759514 64.915726 23.938599 64.000000 
-104.599976 65.080261 23.938828 66.000000 
-104.741669 64.910675 23.935171 58.000000 
-104.882622 64.745674 23.939362 63.000000 
-104.732803 64.897179 23.938507 60.000000 
-104.151215 65.483734 23.907589 101.000000 
-104.865288 64.740837 23.935743 68.000000 
-104.718834 64.888428 23.938032 61.000000 
-104.132797 65.475876 23.905918 111.000000 
-104.849213 64.734749 23.933165 68.000000 
-104.702293 64.882004 23.935671 50.000000 
-104.121033 65.461754 23.908468 105.000000 
-104.996025 64.568832 23.949848 54.000000 
-104.836990 64.725113 23.933619 71.000000 
-104.097298 65.458702 23.903538 108.000000 
-104.977936 64.565300 23.945032 60.000000 
-104.827370 64.713120 23.936102 71.000000 
-104.298828 65.234482 23.914322 49.000000 
-104.074867 65.454308 23.899488 66.000000 
-104.959824 64.561676 23.940256 57.000000 
-104.806145 64.711472 23.929632 78.000000 
-104.287773 65.220879 23.916933 50.000000 
-105.082634 64.420357 23.944920 50.000000 
-104.944244 64.555717 23.937590 58.000000 
-104.268730 65.214462 23.914331 49.000000 
-105.061134 64.420166 23.936693 54.000000 
-104.938988 64.540695 23.943254 59.000000 
-104.244301 65.212746 23.908274 50.000000 
-105.043922 64.417076 23.931658 62.000000 
-104.918259 64.539108 23.936510 59.000000 
-104.424988 65.014244 23.915359 52.000000 
-104.219826 65.210907 23.902264 45.000000 
-105.062057 64.359558 23.933928 57.000000 
-104.930908 64.485748 23.934723 50.000000 
-104.432236 64.963364 23.911646 56.000000 
-105.191048 64.217377 23.949696 50.000000 
-105.054626 64.347115 23.937630 57.000000 
-104.417786 64.953590 23.911661 56.000000 
-105.178917 64.209625 23.948992 56.000000 
-105.036903 64.343330 23.932774 60.000000 
-104.393898 64.951897 23.905327 61.000000 
-105.159096 64.208176 23.941654 61.000000 
-105.021744 64.337303 23.930101 56.000000 
-104.573563 64.760597 23.920601 48.000000 
-104.378098 64.943146 23.904509 52.000000 
-105.272911 64.089417 23.947357 69.000000 
-105.148247 64.199242 23.942123 58.000000 
-105.256508 64.086426 23.941935 64.000000 
-105.138367 64.191284 23.942461 66.000000 
-105.237518 64.085403 23.934254 68.000000 
-105.123665 64.185417 23.939663 64.000000 
-105.356407 63.959568 23.952673 51.000000 
-105.231323 64.074089 23.938066 66.000000 
-105.105057 64.182602 23.933577 58.000000 
-104.673225 64.579918 23.916361 46.000000 
-105.337402 63.958107 23.944775 57.000000 
-105.219101 64.065849 23.937485 66.000000 
-104.649040 64.579453 23.908388 52.000000 
-105.323456 63.952591 23.941643 66.000000 
-105.206520 64.059547 23.935623 73.000000 
-104.631592 64.573418 23.905403 55.000000 
-105.431305 63.838825 23.955248 52.000000 
-105.313339 63.944061 23.942085 63.000000 
-105.194321 64.051216 23.935106 70.000000 
-104.781288 64.417488 23.915028 49.000000 
-104.615486 64.566216 23.903446 57.000000 
-105.408875 63.840153 23.943451 66.000000 
-105.309677 63.930611 23.948456 63.000000 
-105.179138 64.046814 23.931019 55.000000 
-104.760277 64.414864 23.908756 55.000000 
-104.602112 64.556793 23.903498 56.000000 
-105.392731 63.836590 23.937777 90.000000 
-105.293175 63.926907 23.943054 61.000000 
-104.744652 64.407921 23.906630 57.000000 
-105.384224 63.827271 23.939430 67.000000 
-105.276649 63.923115 23.937689 65.000000 
-104.740761 64.390907 23.913858 54.000000 
-105.480644 63.724075 23.947176 45.000000 
-105.376602 63.816525 23.942406 72.000000 
-105.257065 63.920677 23.930094 65.000000 
-104.721077 64.387001 23.908731 59.000000 
-105.469078 63.718208 23.944992 56.000000 
-105.366875 63.808102 23.942894 65.000000 
-104.859413 64.246635 23.915442 50.000000 
-104.707344 64.379410 23.907629 46.000000 
-105.463455 63.707302 23.949160 72.000000 
-105.347260 63.807556 23.933626 75.000000 
-104.845627 64.238808 23.914278 50.000000 
-105.549652 63.615791 23.950253 58.000000 
-105.454468 63.699558 23.949522 63.000000 
-105.334938 63.800877 23.931751 69.000000 
-104.830475 64.231934 23.912086 48.000000 
-105.541794 63.606934 23.951918 60.000000 
-105.440834 63.693565 23.946341 59.000000 
-105.333023 63.786789 23.939592 55.000000 
-104.961708 64.099121 23.920849 47.000000 
-104.809853 64.228996 23.905699 47.000000 
-105.528893 63.601536 23.948483 75.000000 
-105.428009 63.688423 23.943016 59.000000 
-104.956963 64.086151 23.926065 56.000000 
-104.795166 64.222519 23.903479 47.000000 
-105.521461 63.593067 23.950113 65.000000 
-105.414772 63.682758 23.939812 63.000000 
-104.938187 64.082375 23.920450 55.000000 
-105.599487 63.509956 23.946274 64.000000 
-105.508568 63.587566 23.946733 65.000000 
-105.407112 63.673969 23.941525 63.000000 
-104.915291 64.081413 23.911594 52.000000 
-105.590668 63.502071 23.946674 76.000000 
-105.495667 63.582008 23.943388 66.000000 
-105.039986 63.964504 23.917696 47.000000 
-104.901924 64.073586 23.910440 56.000000 
-105.585655 63.491680 23.951035 76.000000 
-105.480186 63.578083 23.937519 65.000000 
-105.039665 63.949047 23.926443 55.000000 
-104.891327 64.063789 23.911505 55.000000 
-105.659912 63.412651 23.947220 69.000000 
-105.578148 63.482929 23.952791 66.000000 
-105.469841 63.570702 23.936789 69.000000 
-105.016762 63.947510 23.917336 59.000000 
-105.653877 63.403316 23.950296 70.000000 
-105.554123 63.484753 23.937544 64.000000 
-105.472427 63.554897 23.948837 66.000000 
-105.001076 63.941730 23.913816 54.000000 
-105.644112 63.396332 23.949364 78.000000 
-105.544060 63.477516 23.936741 70.000000 
-105.120979 63.826126 23.923689 45.000000 
-104.985374 63.935875 23.910334 55.000000 
-105.721596 63.318153 23.951782 47.000000 
-105.641922 63.384624 23.956511 61.000000 
-105.535294 63.469433 23.937275 73.000000 
-105.107048 63.819595 23.921135 51.000000 
-104.976540 63.925358 23.912521 55.000000 
-105.715828 63.309044 23.954905 73.000000 
-105.624603 63.382244 23.947578 52.000000 
-105.527832 63.460522 23.939140 76.000000 
-105.093117 63.813000 23.918615 49.000000 
-104.962219 63.918468 23.910236 45.000000 
-105.702614 63.304398 23.949806 83.000000 
-105.612328 63.376678 23.944046 58.000000 
-105.525558 63.448418 23.946249 59.000000 
-105.077812 63.807228 23.914968 47.000000 
-105.691879 63.298203 23.947485 94.000000 
-105.602592 63.369530 23.943222 61.000000 
-105.190414 63.700329 23.923304 58.000000 
-105.069351 63.796982 23.917164 47.000000 
-105.684921 63.289753 23.949303 88.000000 
-105.597984 63.359299 23.947775 60.000000 
-105.176842 63.693825 23.920660 60.000000 
-105.062302 63.785843 23.920544 50.000000 
-105.670769 63.286091 23.942833 71.000000 
-105.583511 63.355541 23.941557 63.000000 
-105.159584 63.690296 23.914354 57.000000 
-105.665108 63.276848 23.946070 86.000000 
-105.154190 63.678604 23.918947 50.000000 
-105.655670 63.269760 23.945223 83.000000 
-105.256271 63.581146 23.922869 50.000000 
-105.144737 63.669418 23.919981 53.000000 
-105.648788 63.261204 23.947134 86.000000 
-105.238976 63.577080 23.916452 62.000000 
-105.131180 63.662697 23.917465 58.000000 
-105.631706 63.258305 23.938147 86.000000 
-105.233894 63.565693 23.921118 52.000000 
-105.622284 63.251080 23.937382 54.000000 
-105.222038 63.558296 23.919676 53.000000 
-105.318474 63.468193 23.921843 52.000000 
-105.208824 63.551640 23.917040 55.000000 
-105.300171 63.464760 23.913988 60.000000 
-105.190109 63.548065 23.909546 55.000000 
-105.298111 63.452114 23.921267 57.000000 
-105.179626 63.539700 23.909430 48.000000 
-105.285225 63.445522 23.918510 58.000000 
-105.382690 63.358681 23.924839 50.000000 
-105.274078 63.438602 23.916925 61.000000 
-105.372826 63.350761 23.924505 58.000000 
-105.258453 63.433380 23.911726 63.000000 
-105.365685 63.341373 23.926775 54.000000 
-105.255180 63.421436 23.917837 55.000000 
-105.350426 63.336220 23.921352 52.000000 
-105.332420 63.332390 23.913397 54.000000 
-105.435493 63.244904 23.929136 48.000000 
-105.328049 63.321480 23.918320 54.000000 
-105.423264 63.238377 23.926167 48.000000 
-105.320976 63.311954 23.920698 50.000000 
-105.405617 63.234444 23.917971 46.000000 
-105.499847 63.154758 23.928408 52.000000 
-105.398796 63.225140 23.920328 50.000000 
-105.489250 63.147625 23.926670 58.000000 
-105.394730 63.214516 23.925331 50.000000 
-105.473289 63.142937 23.919588 64.000000 
-105.381149 63.208427 23.921177 56.000000 
-105.465385 63.134449 23.920603 58.000000 
-105.462204 63.125008 23.925428 68.000000 
-105.450287 63.118305 23.922464 58.000000 
-105.432617 63.113495 23.914303 60.000000 
-105.422043 63.106052 23.912750 57.000000 
-104.958130 64.649567 23.948069 103.000000 
-104.923363 64.659904 23.935038 119.000000 
-104.906067 64.651695 23.933773 121.000000 
-105.095993 64.418549 23.945713 48.000000 
-104.898880 64.632980 23.939238 123.000000 
-105.064331 64.426193 23.933800 117.000000 
-104.876564 64.629890 23.934706 123.000000 
-105.051476 64.414459 23.935095 121.000000 
-104.858040 64.622803 23.932722 122.000000 
-105.051949 64.388069 23.946135 120.000000 
-105.203430 64.200745 23.941051 52.000000 
-105.029045 64.386482 23.940485 122.000000 
-105.182991 64.198730 23.935902 103.000000 
-105.018227 64.373978 23.942688 113.000000 
-105.175865 64.182365 23.940939 63.000000 
-105.156067 64.178398 23.936846 75.000000 
-105.308624 63.994579 23.941240 54.000000 
-105.138809 64.171867 23.934624 104.000000 
-105.297012 63.983551 23.942652 61.000000 
-105.116402 64.170189 23.928782 104.000000 
-105.440414 63.813534 23.948713 52.000000 
-105.282883 63.974911 23.942183 58.000000 
-104.712349 64.560951 23.919979 63.000000 
-105.420456 63.811184 23.943159 68.000000 
-105.269341 63.966774 23.941675 58.000000 
-104.691841 64.556366 23.916616 106.000000 
-105.406822 63.802841 23.942617 78.000000 
-105.247520 63.965221 23.935551 59.000000 
-104.666679 64.554794 23.910894 111.000000 
-105.542206 63.644707 23.950020 47.000000 
-105.394485 63.793274 23.943104 70.000000 
-104.644127 64.550606 23.906878 108.000000 
-105.536682 63.629761 23.955597 56.000000 
-105.375755 63.789513 23.938656 66.000000 
-104.626877 64.541359 23.906219 120.000000 
-105.526886 63.617744 23.958178 59.000000 
-105.357735 63.783958 23.935318 72.000000 
-104.828667 64.311768 23.916912 106.000000 
-105.508705 63.614208 23.953493 61.000000 
-105.337662 63.781185 23.929956 78.000000 
-104.801468 64.312691 23.909168 109.000000 
-105.635590 63.469749 23.960411 46.000000 
-105.485886 63.615650 23.944645 57.000000 
-104.794868 64.295967 23.914400 45.000000 
-105.614052 63.469685 23.952290 51.000000 
-105.467636 63.611923 23.940037 58.000000 
-104.776993 64.288261 23.912815 109.000000 
-105.597565 63.465080 23.948484 60.000000 
-105.454529 63.603603 23.939585 65.000000 
-104.954025 64.090652 23.916357 72.000000 
-105.577209 63.463699 23.941511 56.000000 
-105.445335 63.591877 23.942249 54.000000 
-104.967781 64.034027 23.916927 54.000000 
-105.742523 63.265835 23.964462 48.000000 
-105.590057 63.410652 23.939266 55.000000 
-104.953194 64.024269 23.917019 52.000000 
-105.722672 63.264576 23.957182 55.000000 
-105.579971 63.400356 23.940903 57.000000 
-104.935928 64.016792 23.915337 66.000000 
-105.707428 63.258450 23.954441 52.000000 
-105.574608 63.385166 23.946911 55.000000 
-105.102005 63.833904 23.920820 49.000000 
-105.809196 63.148342 23.949163 69.000000 
-105.692650 63.252750 23.951654 61.000000 
-105.802429 63.136612 23.953037 66.000000 
-105.683517 63.243263 23.953228 61.000000 
-105.077263 63.813301 23.922712 45.000000 
-105.788498 63.131554 23.950012 73.000000 
-105.676529 63.231148 23.957113 55.000000 
-105.217514 63.657185 23.918356 45.000000 
-105.768959 63.130051 23.942543 68.000000 
-105.657051 63.229992 23.949928 52.000000 
-105.209923 63.644154 23.922169 60.000000 
-105.891975 63.001167 23.963451 57.000000 
-105.757568 63.122807 23.941858 70.000000 
-105.193741 63.637154 23.920216 56.000000 
-105.867790 63.003712 23.950981 62.000000 
-105.745728 63.115028 23.941290 68.000000 
-105.173492 63.633377 23.915358 53.000000 
-105.967537 62.895004 23.956577 47.000000 
-105.853767 62.998188 23.947952 65.000000 
-105.736488 63.105179 23.943022 79.000000 
-105.330505 63.469944 23.929970 47.000000 
-105.154579 63.628407 23.911524 53.000000 
-105.953880 62.889664 23.953371 69.000000 
-105.839729 62.992599 23.944956 63.000000 
-105.727280 63.095306 23.944782 70.000000 
-105.304031 63.471695 23.919725 52.000000 
-105.135643 63.623348 23.907730 49.000000 
-105.938950 62.885216 23.948986 64.000000 
-105.829559 62.984005 23.945509 68.000000 
-105.286972 63.465866 23.916660 56.000000 
-105.923996 62.880699 23.944637 69.000000 
-105.820702 62.974403 23.947262 70.000000 
-105.272614 63.457844 23.915668 55.000000 
-106.024170 62.774399 23.955246 67.000000 
-105.905182 62.878948 23.936699 69.000000 
-105.810577 62.965748 23.947870 65.000000 
-105.256897 63.450821 23.913696 55.000000 
-106.012123 62.768127 23.953203 59.000000 
-105.899185 62.867668 23.940866 69.000000 
-105.797867 62.958988 23.946165 51.000000 
-105.400864 63.303642 23.924568 50.000000 
-105.253502 63.434307 23.920898 47.000000 
-106.002625 62.759972 23.953674 63.000000 
-105.897110 62.853569 23.948673 75.000000 
-105.376114 63.304024 23.915045 48.000000 
-105.987167 62.756790 23.947878 63.000000 
-105.879562 62.850693 23.942038 69.000000 
-105.366295 63.293087 23.917152 46.000000 
-106.083000 62.657127 23.958300 58.000000 
-105.981117 62.745373 23.952215 59.000000 
-105.869781 62.842159 23.942663 55.000000 
-105.356514 63.282127 23.919289 46.000000 
-106.068764 62.652649 23.953655 64.000000 
-105.970795 62.738472 23.951437 57.000000 
-105.486191 63.149624 23.925772 50.000000 
-106.054504 62.648098 23.949045 69.000000 
-105.962242 62.728821 23.953342 61.000000 
-105.475471 63.139996 23.926796 52.000000 
-106.138512 62.559998 23.950930 61.000000 
-106.040230 62.643478 23.944469 56.000000 
-105.949348 62.723629 23.950142 65.000000 
-105.468872 63.127407 23.931110 47.000000 
-106.124573 62.555477 23.946152 68.000000 
-106.040039 62.629311 23.953913 59.000000 
-105.927841 62.722755 23.939743 49.000000 
-105.576683 63.021263 23.923140 48.000000 
-105.448616 63.124516 23.924587 49.000000 
-106.105545 62.554214 23.936184 73.000000 
-106.027061 62.623745 23.950663 59.000000 
-105.568130 63.011429 23.925152 60.000000 
-105.433823 63.117657 23.922447 51.000000 
-106.202194 62.459671 23.955347 60.000000 
-106.104256 62.541256 23.944521 70.000000 
-106.012794 62.618969 23.946175 69.000000 
-105.557358 63.001476 23.926279 53.000000 
-106.183563 62.458328 23.945080 70.000000 
-106.094116 62.534084 23.943747 64.000000 
-105.992035 62.618351 23.935379 77.000000 
-105.551598 62.989723 23.930586 53.000000 
-106.171906 62.453773 23.941353 63.000000 
-106.083466 62.528576 23.941511 62.000000 
-105.526703 62.990990 23.919222 52.000000 
-106.164558 62.445148 23.943180 63.000000 
-106.070770 62.522945 23.938187 62.000000 
-105.649193 62.872910 23.930296 50.000000 
-105.515480 62.982868 23.919104 57.000000 
-106.256340 62.356327 23.961241 60.000000 
-106.164116 62.430943 23.953220 58.000000 
-106.056023 62.517166 23.933786 70.000000 
-105.639778 62.861759 23.932692 49.000000 
-105.494217 62.978107 23.912760 51.000000 
-106.238045 62.354748 23.950745 85.000000 
-106.151764 62.425419 23.949753 54.000000 
-106.048485 62.508198 23.935724 66.000000 
-105.627151 62.854275 23.931431 47.000000 
-106.222916 62.352406 23.942837 83.000000 
-106.137581 62.422249 23.943462 60.000000 
-105.612633 62.849537 23.927670 49.000000 
-106.220901 62.340954 23.950159 80.000000 
-106.125206 62.416595 23.940058 58.000000 
-105.719604 62.745613 23.930433 63.000000 
-105.594505 62.845470 23.921864 55.000000 
-106.208839 62.335430 23.946587 86.000000 
-106.115395 62.409359 23.939344 60.000000 
-105.708679 62.737392 23.930267 55.000000 
-105.580490 62.838676 23.919554 49.000000 
-106.196762 62.329845 23.943043 83.000000 
-106.113327 62.397541 23.946629 52.000000 
-105.692307 62.732525 23.925385 55.000000 
-106.184334 62.323776 23.939629 77.000000 
-105.680984 62.723694 23.925398 57.000000 
-106.172249 62.318073 23.936150 80.000000 
-105.783356 62.626171 23.928278 62.000000 
-105.668716 62.716160 23.924145 60.000000 
-106.172966 62.305141 23.946287 83.000000 
-105.771019 62.618362 23.926981 59.000000 
-105.656456 62.708576 23.922922 46.000000 
-106.159630 62.300083 23.941500 61.000000 
-105.758110 62.612286 23.924271 55.000000 
-105.745193 62.606148 23.921593 53.000000 
-105.842926 62.514622 23.924019 58.000000 
-105.735023 62.598366 23.921379 55.000000 
-105.827225 62.509636 23.918802 57.000000 
-105.729599 62.586388 23.926289 53.000000 
-105.821045 62.499237 23.922367 59.000000 
-105.813538 62.489586 23.924707 61.000000 
-105.905159 62.404648 23.925167 60.000000 
-105.797836 62.484421 23.919590 59.000000 
-105.901276 62.392132 23.931557 55.000000 
-105.782738 62.477451 23.915998 58.000000 
-105.891365 62.384151 23.931334 50.000000 
-105.879463 62.378506 23.928347 55.000000 
-105.965935 62.298618 23.927826 51.000000 
-105.865471 62.372559 23.924353 67.000000 
-105.965767 62.285999 23.936716 50.000000 
-105.847351 62.368645 23.916569 67.000000 
-105.954826 62.278797 23.935148 53.000000 
-106.032227 62.205887 23.929197 49.000000 
-105.940834 62.272408 23.931120 47.000000 
-106.028259 62.195576 23.934219 55.000000 
-105.928535 62.265755 23.928312 50.000000 
-106.015236 62.190144 23.929777 58.000000 
-105.916573 62.259506 23.925415 48.000000 
-106.001877 62.184185 23.925486 61.000000 
-105.989532 62.177082 23.922689 55.000000 
-105.984306 62.167297 23.926470 58.000000 
-105.977753 62.158119 23.928938 65.000000 
-105.968498 62.150135 23.928766 58.000000 
-105.515854 63.722881 23.946175 49.000000 
-105.493538 63.720219 23.941517 101.000000 
-105.467445 63.721424 23.934401 122.000000 
-105.447540 63.715912 23.931499 121.000000 
-105.428886 63.709000 23.929472 121.000000 
-105.621391 63.470516 23.942928 106.000000 
-105.410225 63.702015 23.927485 123.000000 
-105.595924 63.471741 23.935497 111.000000 
-105.401695 63.684517 23.932196 48.000000 
-105.577957 63.465141 23.933352 115.000000 
-105.746071 63.258793 23.939751 62.000000 
-105.561249 63.457188 23.932119 117.000000 
-105.728722 63.252522 23.937449 104.000000 
-105.552170 63.441525 23.936159 115.000000 
-105.705055 63.252438 23.930618 72.000000 
-105.881279 63.042450 23.953213 48.000000 
-105.694016 63.239761 23.932961 104.000000 
-105.853210 63.047474 23.942209 61.000000 
-105.683029 63.227062 23.935335 106.000000 
-105.838974 63.038921 23.941732 61.000000 
-105.672081 63.214340 23.937742 108.000000 
-105.827301 63.027893 23.943193 61.000000 
-105.232330 63.644043 23.905729 111.000000 
-105.962746 62.864452 23.942596 59.000000 
-105.810555 63.021671 23.940882 66.000000 
-105.221497 63.628704 23.909121 114.000000 
-105.937622 62.866833 23.933157 59.000000 
-105.796356 63.012970 23.940508 68.000000 
-105.209396 63.614609 23.911720 108.000000 
-105.926422 62.856075 23.934660 71.000000 
-105.779610 63.006618 23.938269 50.000000 
-105.184128 63.613014 23.906099 117.000000 
-106.065338 62.693722 23.944155 54.000000 
-105.915260 62.845287 23.936193 72.000000 
-105.384003 63.384029 23.914968 48.000000 
-105.161461 63.608803 23.902178 102.000000 
-106.049576 62.687954 23.941536 65.000000 
-105.900276 62.837986 23.934792 81.000000 
-105.369980 63.372890 23.915899 111.000000 
-106.033806 62.682121 23.938953 58.000000 
-105.881432 62.834129 23.930458 66.000000 
-105.352005 63.365372 23.914268 105.000000 
-106.165375 62.529819 23.950274 50.000000 
-106.025703 62.669361 23.942572 57.000000 
-105.328705 63.362652 23.909220 111.000000 
-106.141197 62.532040 23.940071 52.000000 
-106.009949 62.663422 23.940054 59.000000 
-105.520035 63.148972 23.922798 52.000000 
-105.304031 63.361031 23.903355 107.000000 
-106.125870 62.526329 23.937372 60.000000 
-105.985168 62.665352 23.930389 69.000000 
-105.500038 63.144142 23.919218 68.000000 
-106.113098 62.518333 23.936838 53.000000 
-105.973244 62.655857 23.931025 51.000000 
-105.478691 63.140411 23.914778 54.000000 
-106.267677 62.328339 23.949759 55.000000 
-106.133156 62.458408 23.940584 55.000000 
-105.479889 63.094078 23.906788 61.000000 
-106.256630 62.319553 23.950243 56.000000 
-106.112694 62.456940 23.933729 56.000000 
-105.462486 63.086609 23.905148 69.000000 
-106.249443 62.307507 23.954060 56.000000 
-106.092178 62.455368 23.926918 55.000000 
-105.646400 62.886227 23.922676 46.000000 
-106.351913 62.195660 23.949497 75.000000 
-106.229477 62.306145 23.946896 56.000000 
-106.327286 62.198570 23.937443 68.000000 
-106.221054 62.295101 23.949669 52.000000 
-106.317863 62.188858 23.939085 66.000000 
-106.199745 62.294636 23.941481 63.000000 
-105.597435 62.863613 23.918255 51.000000 
-106.313591 62.174984 23.945297 64.000000 
-106.186653 62.288231 23.939835 56.000000 
-105.745186 62.702374 23.917671 55.000000 
-106.415680 62.061493 23.947077 57.000000 
-106.297012 62.171913 23.940090 59.000000 
-105.726219 62.697628 23.913794 52.000000 
-106.397758 62.059071 23.940529 57.000000 
-106.279945 62.168270 23.935001 64.000000 
-105.718040 62.683960 23.917782 52.000000 
-106.498337 61.948479 23.946630 62.000000 
-106.395126 62.044575 23.948076 61.000000 
-106.262848 62.164543 23.929953 62.000000 
-105.856766 62.533592 23.918653 49.000000 
-105.696358 62.681274 23.912027 59.000000 
-106.479530 61.947037 23.938625 69.000000 
-106.382324 62.038052 23.946274 58.000000 
-106.256111 62.152611 23.934004 61.000000 
-105.839104 62.527332 23.915688 52.000000 
-106.470398 61.937302 23.940399 79.000000 
-106.363922 62.034950 23.939915 63.000000 
-105.830063 62.515129 23.918751 56.000000 
-106.464279 61.926086 23.944525 67.000000 
-106.348518 62.030262 23.935843 66.000000 
-105.813454 62.509857 23.915651 54.000000 
-106.545464 61.833576 23.936056 58.000000 
-106.456085 61.917244 23.946175 65.000000 
-106.342621 62.019138 23.939892 66.000000 
-105.953499 62.363487 23.924070 46.000000 
-105.800385 62.500767 23.915735 52.000000 
-106.548470 61.816139 23.948933 56.000000 
-106.439789 61.913620 23.940712 67.000000 
-105.948990 62.348553 23.930330 50.000000 
-105.777786 62.499016 23.908766 48.000000 
-106.541435 61.806156 23.951900 59.000000 
-106.423462 61.909912 23.935286 65.000000 
-105.924232 62.349075 23.920851 47.000000 
-106.619255 61.718678 23.944250 46.000000 
-106.530617 61.798912 23.951176 57.000000 
-106.414864 61.900475 23.937109 69.000000 
-105.903481 62.346390 23.914570 49.000000 
-106.617516 61.705368 23.952343 58.000000 
-106.515968 61.794365 23.946768 52.000000 
-106.408890 61.889145 23.941357 65.000000 
-105.886780 62.340534 23.911482 53.000000 
-106.609535 61.696507 23.954090 69.000000 
-106.501297 61.789745 23.942394 61.000000 
-106.029404 62.197044 23.928043 52.000000 
-105.874176 62.331562 23.911575 52.000000 
-106.590157 61.695541 23.944420 57.000000 
-106.495636 61.778736 23.946701 65.000000 
-106.011833 62.192398 23.923656 51.000000 
-106.676292 61.605076 23.948483 58.000000 
-106.579636 61.688343 23.943684 61.000000 
-106.484848 61.771317 23.946091 63.000000 
-105.991508 62.189636 23.917139 50.000000 
-106.666069 61.598072 23.947643 66.000000 
-106.564018 61.684578 23.937899 66.000000 
-106.468880 61.767422 23.940577 53.000000 
-105.984818 62.176987 23.921501 51.000000 
-106.653328 61.592705 23.944225 70.000000 
-106.556068 61.675549 23.939756 72.000000 
-106.112839 62.055855 23.929451 52.000000 
-105.973625 62.169296 23.921335 45.000000 
-106.737701 61.506664 23.949730 72.000000 
-106.640083 61.588997 23.939354 76.000000 
-106.555374 61.663109 23.947783 50.000000 
-106.096565 62.052250 23.924669 52.000000 
-106.732780 61.496536 23.954185 73.000000 
-106.634956 61.578526 23.943800 67.000000 
-106.542343 61.657486 23.944616 74.000000 
-106.072556 62.052246 23.914547 51.000000 
-106.719116 61.492016 23.949318 68.000000 
-106.629875 61.568058 23.948267 74.000000 
-106.060783 62.043655 23.914536 55.000000 
-106.709221 61.485035 23.948484 63.000000 
-106.622276 61.559231 23.950153 76.000000 
-106.186813 61.921917 23.928469 51.000000 
-106.057259 62.029427 23.921257 55.000000 
-106.812431 61.389664 23.978477 45.000000 
-106.691734 61.482765 23.939684 61.000000 
-106.612137 61.552013 23.949469 71.000000 
-106.170013 61.917233 23.923740 50.000000 
-106.785416 61.393574 23.958448 68.000000 
-106.686905 61.472530 23.944233 60.000000 
-106.594269 61.549614 23.941032 71.000000 
-106.162743 61.906158 23.927116 47.000000 
-106.770813 61.389744 23.952108 74.000000 
-106.684677 61.460739 23.951456 63.000000 
-106.262123 61.805622 23.923639 65.000000 
-106.154144 61.895966 23.929365 48.000000 
-106.754929 61.386581 23.944441 80.000000 
-106.672272 61.455173 23.948067 63.000000 
-106.245674 61.800922 23.918724 62.000000 
-106.137344 61.891094 23.924742 53.000000 
-106.747490 61.377682 23.946432 77.000000 
-106.659508 61.449112 23.944805 65.000000 
-106.235588 61.791325 23.919888 53.000000 
-106.121475 61.884739 23.921423 45.000000 
-106.740433 61.369190 23.948351 80.000000 
-106.641945 61.446480 23.936176 58.000000 
-106.234131 61.777046 23.928076 57.000000 
-106.731567 61.363003 23.947380 77.000000 
-106.325272 61.685787 23.920906 46.000000 
-106.217148 61.774029 23.921846 51.000000 
-106.716911 61.358849 23.941196 80.000000 
-106.316338 61.677368 23.921818 56.000000 
-106.196564 61.771618 23.913523 55.000000 
-106.706642 61.350849 23.940676 80.000000 
-106.311279 61.663689 23.928080 51.000000 
-106.181999 61.763863 23.911388 48.000000 
-106.697090 61.343674 23.939981 68.000000 
-106.292862 61.660923 23.920528 51.000000 
-106.391609 61.568195 23.923815 46.000000 
-106.279877 61.654827 23.917877 57.000000 
-106.388031 61.556316 23.929836 57.000000 
-106.266891 61.648670 23.915257 51.000000 
-106.376366 61.549099 23.928385 56.000000 
-106.258621 61.638268 23.917757 50.000000 
-106.357903 61.545685 23.920731 56.000000 
-106.459282 61.453438 23.931223 48.000000 
-106.344490 61.538620 23.918222 57.000000 
-106.446587 61.447044 23.928404 58.000000 
-106.332817 61.531219 23.916874 59.000000 
-106.434258 61.441063 23.925501 61.000000 
-106.329773 61.519726 23.922894 54.000000 
-106.418839 61.436001 23.920193 58.000000 
-106.514160 61.350285 23.928425 53.000000 
-106.411575 61.426537 23.922577 58.000000 
-106.505806 61.341793 23.929447 50.000000 
-106.404343 61.417053 23.924982 61.000000 
-106.492424 61.336475 23.925146 53.000000 
-106.390648 61.411575 23.920927 65.000000 
-106.486809 61.326550 23.928831 48.000000 
-106.376579 61.405552 23.917030 58.000000 
-106.570602 61.249718 23.929138 55.000000 
-106.479530 61.316826 23.931353 50.000000 
-106.559868 61.242634 23.927485 64.000000 
-106.467171 61.310226 23.928566 48.000000 
-106.553505 61.234035 23.929745 57.000000 
-106.453796 61.304699 23.924389 53.000000 
-106.549530 61.223701 23.934813 55.000000 
-106.441437 61.297974 23.921671 53.000000 
-106.540192 61.215889 23.934566 55.000000 
-106.520012 61.213028 23.923704 55.000000 
-106.503540 61.207726 23.917006 77.000000 
-106.496925 61.198502 23.919518 65.000000 
-106.064842 62.716610 23.944977 101.000000 
-106.048256 62.709320 23.943695 116.000000 
-106.021004 62.711933 23.935825 120.000000 
-106.206833 62.478123 23.947618 48.000000 
-105.996185 62.711773 23.929674 120.000000 
-106.182755 62.478317 23.941061 112.000000 
-105.973831 62.708878 23.925240 123.000000 
-106.160484 62.475239 23.936371 117.000000 
-105.960876 62.694828 23.927599 120.000000 
-106.143852 62.467503 23.935160 113.000000 
-106.318649 62.253532 23.948410 75.000000 
-106.119652 62.467377 23.928732 117.000000 
-106.296394 62.252468 23.942493 104.000000 
-106.104263 62.458210 23.928474 119.000000 
-106.275352 62.250042 23.937534 72.000000 
-106.447548 62.044376 23.958685 57.000000 
-106.250473 62.251263 23.929873 106.000000 
-106.412033 62.056911 23.941977 67.000000 
-106.248428 62.229977 23.938715 102.000000 
-106.404175 62.042389 23.946329 60.000000 
-106.232445 62.222359 23.937529 105.000000 
-106.386223 62.037586 23.943077 56.000000 
-105.813522 62.635754 23.914795 54.000000 
-106.526711 61.867584 23.948553 59.000000 
-106.364433 62.036343 23.937002 64.000000 
-105.793625 62.629467 23.912449 118.000000 
-106.498993 61.874737 23.936014 75.000000 
-106.359116 62.021614 23.942242 70.000000 
-105.776367 62.623104 23.910788 105.000000 
-106.482773 61.868851 23.933601 63.000000 
-106.346283 62.011803 23.942905 58.000000 
-105.760414 62.612896 23.911005 102.000000 
-106.632332 61.695965 23.953312 49.000000 
-106.471642 61.858181 23.935190 66.000000 
-105.740501 62.606384 23.908781 111.000000 
-106.610329 61.696129 23.945578 56.000000 
-106.460548 61.847485 23.936811 75.000000 
-105.942070 62.374664 23.920807 102.000000 
-105.709953 62.609749 23.899990 46.000000 
-106.594627 61.690437 23.943037 55.000000 
-106.441772 61.843765 23.932520 67.000000 
-105.929482 62.362434 23.922697 47.000000 
-106.729782 61.535301 23.958540 46.000000 
-106.584030 61.680099 23.944651 55.000000 
-105.911621 62.355042 23.921154 49.000000 
-106.700882 61.540039 23.945316 52.000000 
-106.571121 61.669834 23.945431 58.000000 
-105.887161 62.351196 23.916386 109.000000 
-106.685623 61.534462 23.942661 60.000000 
-106.558006 61.661701 23.945049 60.000000 
-106.064995 62.149956 23.922279 58.000000 
-105.861252 62.350887 23.909742 48.000000 
-106.672913 61.526604 23.942173 59.000000 
-106.534569 61.662552 23.936485 58.000000 
-106.071907 62.099049 23.916388 54.000000 
-106.693222 61.466660 23.944633 59.000000 
-106.051941 62.094200 23.912941 54.000000 
-106.805061 61.338085 23.945316 56.000000 
-106.678986 61.461948 23.941902 59.000000 
-106.034492 62.089291 23.910238 59.000000 
-106.796608 61.327206 23.948084 55.000000 
-106.661148 61.458351 23.937244 57.000000 
-106.208740 61.897530 23.922512 45.000000 
-106.014496 62.084270 23.906876 54.000000 
-106.906578 61.209354 23.950878 52.000000 
-106.789474 61.315243 23.951981 51.000000 
-106.643288 61.454666 23.932627 55.000000 
-106.894226 61.201458 23.950329 70.000000 
-106.774673 61.309658 23.949293 52.000000 
-106.871353 61.203835 23.939394 73.000000 
-106.760353 61.304504 23.946552 55.000000 
-106.864555 61.192142 23.943382 67.000000 
-106.742950 61.300900 23.941730 52.000000 
-106.305031 61.714520 23.917845 55.000000 
-106.149200 61.864258 23.920225 45.000000 
-106.974464 61.071053 23.954172 50.000000 
-106.858269 61.180927 23.947306 68.000000 
-106.732841 61.290417 23.943632 45.000000 
-106.284233 61.710461 23.913134 55.000000 
-106.951088 61.072311 23.943043 62.000000 
-106.840340 61.176460 23.942427 71.000000 
-106.267990 61.703548 23.911303 48.000000 
-106.943390 61.061924 23.945950 68.000000 
-106.822487 61.174381 23.936182 73.000000 
-106.412270 61.546982 23.918097 47.000000 
-106.262039 61.687199 23.917446 53.000000 
-107.039482 60.954182 23.949301 69.000000 
-106.935280 61.051052 23.948969 59.000000 
-106.808388 61.166679 23.934790 67.000000 
-106.396523 61.540321 23.916094 56.000000 
-106.237686 61.686756 23.909819 55.000000 
-107.014366 60.957603 23.935324 74.000000 
-106.921234 61.045578 23.946068 61.000000 
-106.800896 61.156357 23.937687 46.000000 
-106.387199 61.530418 23.917982 52.000000 
-107.006577 60.949310 23.936909 79.000000 
-106.908073 61.040985 23.943020 65.000000 
-106.374168 61.521519 23.918077 52.000000 
-107.008163 60.932426 23.948343 69.000000 
-106.887535 61.040279 23.934336 70.000000 
-106.356567 61.515198 23.915270 56.000000 
-107.086929 60.840210 23.939499 49.000000 
-106.994041 60.926548 23.945415 62.000000 
-106.882095 61.027298 23.939810 63.000000 
-106.499115 61.367027 23.926552 50.000000 
-106.338104 61.510406 23.911383 57.000000 
-107.084106 60.827965 23.946152 56.000000 
-106.973900 60.925793 23.936411 72.000000 
-106.487061 61.358921 23.926474 52.000000 
-107.079651 60.816208 23.951668 59.000000 
-106.960602 60.920692 23.933371 75.000000 
-106.465019 61.357414 23.919174 46.000000 
-107.157227 60.728909 23.944540 72.000000 
-107.064171 60.813126 23.945965 55.000000 
-106.948151 60.914127 23.931658 79.000000 
-106.446526 61.352184 23.915182 49.000000 
-107.151360 60.717903 23.948971 64.000000 
-107.049988 60.806786 23.943050 55.000000 
-106.948296 60.897736 23.942083 53.000000 
-106.592545 61.205738 23.935986 50.000000 
-106.429871 61.346394 23.912174 52.000000 
-107.144684 60.708218 23.952059 69.000000 
-107.034454 60.803551 23.937416 57.000000 
-106.574150 61.202759 23.930435 50.000000 
-107.128242 60.705952 23.944908 58.000000 
-107.031410 60.790806 23.944265 57.000000 
-106.553894 61.200146 23.923948 51.000000 
-107.212906 60.616562 23.948166 61.000000 
-107.117767 60.698811 23.944235 62.000000 
-107.021057 60.783890 23.943628 59.000000 
-106.539055 61.193516 23.921846 52.000000 
-107.203979 60.608772 23.948694 68.000000 
-107.100883 60.695946 23.937246 66.000000 
-106.999489 60.783112 23.933350 49.000000 
-106.663750 61.074192 23.928316 57.000000 
-106.526962 61.184872 23.921947 52.000000 
-107.187469 60.605957 23.941433 73.000000 
-107.090401 60.688698 23.936636 66.000000 
-106.649773 61.068272 23.925924 52.000000 
-106.515350 61.176712 23.921965 50.000000 
-107.263786 60.524483 23.939394 51.000000 
-107.182747 60.596020 23.945827 71.000000 
-107.093239 60.673321 23.948620 72.000000 
-106.633972 61.062721 23.922556 50.000000 
-107.265533 60.510807 23.950499 61.000000 
-107.164932 60.593895 23.937328 64.000000 
-107.073753 60.671982 23.939192 61.000000 
-106.618614 61.057613 23.919111 57.000000 
-107.255287 60.503494 23.949795 68.000000 
-107.150909 60.589211 23.932770 68.000000 
-106.738159 60.939064 23.929399 46.000000 
-106.605087 61.049526 23.918169 57.000000 
-107.235672 60.503311 23.938267 61.000000 
-107.145874 60.578754 23.937330 70.000000 
-106.725471 60.931770 23.928173 50.000000 
-106.600708 61.036858 23.923727 54.000000 
-107.331047 60.412182 23.960325 52.000000 
-107.225403 60.495872 23.937628 58.000000 
-107.133141 60.573154 23.934128 70.000000 
-106.708694 60.927128 23.923521 50.000000 
-107.308945 60.412964 23.945835 64.000000 
-107.215889 60.489254 23.936821 61.000000 
-107.121696 60.566689 23.932253 58.000000 
-106.696007 60.919712 23.922365 46.000000 
-107.298088 60.406853 23.943659 83.000000 
-107.210762 60.478638 23.941553 61.000000 
-106.800629 60.815777 23.924017 69.000000 
-106.691551 60.906898 23.928144 50.000000 
-107.285965 60.401440 23.940149 80.000000 
-107.203850 60.470425 23.943447 65.000000 
-106.785568 60.810253 23.920362 58.000000 
-106.674767 60.902065 23.923597 49.000000 
-107.277077 60.395329 23.939192 77.000000 
-107.186661 60.468311 23.934750 68.000000 
-106.774040 60.803932 23.918882 55.000000 
-107.272575 60.385403 23.943893 80.000000 
-106.772636 60.789745 23.927137 53.000000 
-107.263016 60.378395 23.943180 80.000000 
-106.855957 60.701752 23.914572 50.000000 
-106.753471 60.786610 23.920027 58.000000 
-107.245796 60.375698 23.934353 80.000000 
-106.853821 60.689262 23.921644 59.000000 
-106.737015 60.781689 23.915325 60.000000 
-107.231102 60.371456 23.928278 80.000000 
-106.842789 60.680717 23.921665 50.000000 
-107.233116 60.357857 23.939842 63.000000 
-106.827095 60.676338 23.916618 49.000000 
-106.928955 60.580391 23.924229 50.000000 
-106.813332 60.669292 23.914276 50.000000 
-106.921356 60.570919 23.926567 57.000000 
-106.797607 60.664761 23.909304 55.000000 
-106.909706 60.563740 23.925188 54.000000 
-106.792114 60.652817 23.914307 47.000000 
-106.887138 60.562626 23.913876 59.000000 
-106.990143 60.470158 23.925745 58.000000 
-106.872734 60.556820 23.910082 58.000000 
-106.981514 60.461594 23.926834 58.000000 
-106.865181 60.547169 23.912539 58.000000 
-106.965118 60.457821 23.920166 52.000000 
-106.860786 60.536488 23.917379 56.000000 
-106.955139 60.449890 23.920036 53.000000 
-106.943810 60.442635 23.918661 65.000000 
-107.039246 60.357288 23.927109 53.000000 
-106.937965 60.432487 23.922407 60.000000 
-107.016045 60.356297 23.913858 47.000000 
-106.925293 60.425858 23.919819 60.000000 
-107.009071 60.347065 23.916313 48.000000 
-107.098534 60.267967 23.921881 56.000000 
-107.004852 60.336475 23.921396 46.000000 
-107.085098 60.262180 23.917627 64.000000 
-106.999313 60.326553 23.925194 50.000000 
-107.079750 60.252514 23.921412 58.000000 
-106.985588 60.320576 23.921213 56.000000 
-107.079849 60.240326 23.930544 57.000000 
-107.063736 60.235661 23.923716 58.000000 
-107.051674 60.229046 23.920916 58.000000 
-107.037224 60.224056 23.915367 68.000000 
-107.030624 60.214886 23.917940 60.000000 
-106.635345 61.748955 23.928360 103.000000 
-106.625465 61.733265 23.932171 116.000000 
-106.611938 61.721546 23.933493 120.000000 
-106.589752 61.719055 23.928970 121.000000 
-106.770554 61.491062 23.938646 62.000000 
-106.568207 61.717060 23.924417 121.000000 
-106.757729 61.479767 23.940006 112.000000 
-106.544701 61.715687 23.919140 121.000000 
-106.739349 61.475471 23.936928 117.000000 
-106.531876 61.704323 23.920540 119.000000 
-106.715309 61.475685 23.930437 111.000000 
-106.886223 61.261360 23.944431 59.000000 
-106.687416 61.477196 23.922382 119.000000 
-106.861565 61.263020 23.936663 74.000000 
-106.673340 61.466923 23.923018 119.000000 
-106.843117 61.258266 23.933537 72.000000 
-106.666893 61.448963 23.928955 105.000000 
-106.817085 61.260952 23.924936 75.000000 
-106.983665 61.060024 23.943201 59.000000 
-106.802368 61.252270 23.924648 75.000000 
-106.958244 61.062813 23.934162 57.000000 
-106.790199 61.241051 23.926229 75.000000 
-106.937798 61.060589 23.928999 59.000000 
-106.388214 61.642361 23.910372 49.000000 
-107.081024 60.886421 23.938311 57.000000 
-106.922379 61.053410 23.927706 61.000000 
-106.361885 61.642624 23.903860 66.000000 
-107.054802 60.890308 23.927891 77.000000 
-106.910789 61.042538 23.929317 66.000000 
-106.345963 61.632652 23.904057 64.000000 
-107.041145 60.882187 23.927479 71.000000 
-106.901779 61.029224 23.932871 59.000000 
-106.330048 61.622623 23.904291 105.000000 
-107.189453 60.711102 23.947117 49.000000 
-107.029877 60.873894 23.927933 64.000000 
-106.314163 61.615055 23.903540 114.000000 
-107.166260 60.712593 23.938335 55.000000 
-107.016243 60.865685 23.927582 75.000000 
-106.502495 61.393826 23.909340 49.000000 
-106.289032 61.613670 23.898041 59.000000 
-107.144470 60.710636 23.931826 60.000000 
-106.998962 60.858707 23.925449 68.000000 
-106.491280 61.378067 23.913189 106.000000 
-107.136398 60.698109 23.935530 57.000000 
-106.472130 61.372059 23.910788 107.000000 
-107.251923 60.561935 23.934582 52.000000 
-107.124336 60.691170 23.934963 58.000000 
-106.451569 61.369629 23.906490 111.000000 
-107.261032 60.510582 23.929201 60.000000 
-107.140724 60.632790 23.936068 60.000000 
-106.648628 61.125774 23.908461 55.000000 
-106.458252 61.316841 23.902685 105.000000 
-107.248306 60.502834 23.928728 57.000000 
-107.117348 60.633820 23.927483 58.000000 
-106.631363 61.118793 23.906794 59.000000 
-107.243248 60.488388 23.934700 55.000000 
-106.619408 61.106995 23.908800 56.000000 
-107.355797 60.356262 23.938480 48.000000 
-107.225456 60.484993 23.930010 59.000000 
-106.594154 61.106983 23.901764 63.000000 
-107.347336 60.345493 23.941273 56.000000 
-107.205063 60.483715 23.923223 60.000000 
-106.773865 60.908829 23.919891 46.000000 
-106.582230 61.095074 23.903847 56.000000 
-107.335091 60.337925 23.940775 61.000000 
-107.192360 60.475761 23.922878 59.000000 
-106.750549 60.907837 23.913382 48.000000 
-107.435333 60.226879 23.936287 48.000000 
-107.320297 60.332451 23.938097 59.000000 
-106.732529 60.902130 23.910704 45.000000 
-107.424706 60.218452 23.936848 62.000000 
-107.303726 60.327480 23.934441 58.000000 
-106.723312 60.887764 23.914789 45.000000 
-107.417442 60.206406 23.940947 64.000000 
-107.286331 60.323986 23.929630 58.000000 
-106.861511 60.730499 23.911743 45.000000 
-106.707993 60.879654 23.914076 48.000000 
-107.405594 60.198959 23.940422 62.000000 
-107.281860 60.309872 23.935875 50.000000 
-106.838631 60.729397 23.904961 52.000000 
-107.393745 60.191467 23.939928 64.000000 
-106.823753 60.721516 23.904125 56.000000 
-107.502365 60.071762 23.950174 57.000000 
-107.376770 60.188026 23.934910 68.000000 
-106.814812 60.709724 23.907145 55.000000 
-107.495186 60.061970 23.953030 60.000000 
-107.360222 60.184986 23.929838 68.000000 
-106.952385 60.559093 23.909672 54.000000 
-106.794563 60.706150 23.902451 57.000000 
-107.576027 59.966618 23.942760 59.000000 
-107.483765 60.054676 23.952475 58.000000 
-107.343193 60.181381 23.924894 52.000000 
-106.940170 60.548744 23.910879 54.000000 
-107.560646 59.961926 23.938570 58.000000 
-107.462906 60.053776 23.943830 63.000000 
-106.932541 60.535694 23.915068 52.000000 
-107.553314 59.951862 23.941578 79.000000 
-107.442444 60.053230 23.935139 70.000000 
-106.914146 60.531155 23.911139 55.000000 
-107.540916 59.945602 23.939777 67.000000 
-107.430984 60.045734 23.934687 68.000000 
-106.899803 60.523350 23.910303 57.000000 
-107.630318 59.846817 23.941151 47.000000 
-107.532356 59.936440 23.941629 67.000000 
-107.038322 60.378803 23.919132 46.000000 
-107.625847 59.835152 23.946693 59.000000 
-107.512680 59.936211 23.932558 72.000000 
-107.612938 59.830353 23.943474 67.000000 
-107.501556 59.928841 23.932056 72.000000 
-107.006493 60.366756 23.914051 47.000000 
-107.596634 59.826416 23.937992 61.000000 
-107.498222 59.915825 23.938807 72.000000 
-106.987167 60.363174 23.908937 48.000000 
-107.695702 59.724110 23.952728 54.000000 
-107.581131 59.823299 23.932358 57.000000 
-107.126434 60.222168 23.924911 50.000000 
-106.968300 60.360039 23.903753 47.000000 
-107.683121 59.719353 23.949390 69.000000 
-107.572914 59.814243 23.934282 63.000000 
-107.100792 60.223663 23.914066 51.000000 
-107.665039 59.717583 23.941088 66.000000 
-107.570297 59.802040 23.941082 65.000000 
-107.085960 60.217148 23.911976 49.000000 
-107.751854 59.626560 23.947487 58.000000 
-107.646912 59.715717 23.932825 62.000000 
-107.559158 59.794292 23.940676 65.000000 
-107.207199 60.099270 23.916842 48.000000 
-107.076584 60.206657 23.914267 52.000000 
-107.736641 59.623035 23.941525 68.000000 
-107.647980 59.700817 23.943655 61.000000 
-107.194557 60.092495 23.915583 48.000000 
-107.069519 60.193668 23.918871 52.000000 
-107.722290 59.618172 23.936998 80.000000 
-107.642311 59.689812 23.948246 59.000000 
-107.179222 60.085091 23.913574 47.000000 
-107.812050 59.527897 23.950134 72.000000 
-107.709572 59.612835 23.933714 71.000000 
-107.631912 59.682655 23.947687 62.000000 
-107.165230 60.079147 23.911261 48.000000 
-107.805069 59.519943 23.951921 56.000000 
-107.707825 59.601730 23.940680 61.000000 
-107.611946 59.683121 23.936821 59.000000 
-107.155327 60.070335 23.912342 52.000000 
-107.785507 59.519905 23.940382 65.000000 
-107.698967 59.593864 23.941347 68.000000 
-107.269516 59.955883 23.918463 48.000000 
-107.149559 60.058693 23.916807 52.000000 
-107.775269 59.512596 23.939747 63.000000 
-107.682419 59.590847 23.934246 76.000000 
-107.251389 59.952263 23.912661 49.000000 
-107.869354 59.422848 23.960939 49.000000 
-107.770851 59.502968 23.944273 61.000000 
-107.672287 59.583698 23.933674 76.000000 
-107.242767 59.942245 23.914982 49.000000 
-107.853554 59.419918 23.953295 73.000000 
-107.758102 59.497154 23.941027 61.000000 
-107.668640 59.572502 23.939613 51.000000 
-107.342651 59.840603 23.913687 46.000000 
-107.235550 59.931309 23.918482 48.000000 
-107.833939 59.419147 23.941599 78.000000 
-107.748634 59.490589 23.940273 65.000000 
-107.333000 59.831715 23.914797 58.000000 
-107.218773 59.926594 23.913942 53.000000 
-107.823105 59.413052 23.939484 83.000000 
-107.734596 59.485432 23.935760 73.000000 
-107.320656 59.824520 23.913559 55.000000 
-107.204727 59.920021 23.911745 49.000000 
-107.818596 59.403225 23.944201 80.000000 
-107.721275 59.481064 23.931080 67.000000 
-107.315132 59.812988 23.918285 49.000000 
-107.806862 59.398212 23.940674 71.000000 
-107.714027 59.472408 23.933165 53.000000 
-107.303223 59.806206 23.916986 53.000000 
-107.797318 59.391270 23.939997 83.000000 
-107.405602 59.707012 23.921745 50.000000 
-107.285431 59.802265 23.911102 57.000000 
-107.774994 59.391506 23.925774 80.000000 
-107.397301 59.696968 23.924212 51.000000 
-107.274483 59.794025 23.911175 55.000000 
-107.775696 59.378700 23.936008 86.000000 
-107.378525 59.693882 23.916843 51.000000 
-107.768753 59.370209 23.938122 80.000000 
-107.362450 59.689079 23.911955 50.000000 
-107.468414 59.591282 23.923687 52.000000 
-107.351837 59.680984 23.911964 57.000000 
-107.454063 59.585766 23.919819 57.000000 
-107.341248 59.672848 23.912004 59.000000 
-107.441055 59.579411 23.917234 61.000000 
-107.330666 59.664669 23.912073 47.000000 
-107.423950 59.575283 23.910946 56.000000 
-107.527954 59.482132 23.924599 50.000000 
-107.412292 59.568031 23.909679 59.000000 
-107.513924 59.476563 23.920609 50.000000 
-107.404770 59.558468 23.912174 61.000000 
-107.498528 59.471645 23.915379 49.000000 
-107.493370 59.462551 23.918873 52.000000 
-107.578705 59.381912 23.918831 53.000000 
-107.488892 59.451805 23.923904 52.000000 
-107.569672 59.372612 23.920204 47.000000 
-107.470032 59.447208 23.916475 52.000000 
-107.560013 59.364872 23.920052 47.000000 
-107.458740 59.439926 23.915199 48.000000 
-107.560219 59.352840 23.928934 45.000000 
-107.639763 59.278633 23.925959 51.000000 
-107.545166 59.347725 23.923616 45.000000 
-107.625015 59.273567 23.920399 63.000000 
-107.531456 59.341873 23.919638 47.000000 
-107.619690 59.263996 23.924215 56.000000 
-107.519104 59.335289 23.916996 48.000000 
-107.604935 59.258808 23.918726 58.000000 
-107.590157 59.253536 23.913275 58.000000 
-107.579445 59.246338 23.911850 64.000000 
-107.574211 59.236649 23.915766 65.000000 
-107.571747 59.225742 23.922354 57.000000 
-107.159882 60.788811 23.921839 51.000000 
-107.144989 60.778511 23.922327 121.000000 
-107.122734 60.776165 23.917820 121.000000 
-107.109100 60.764412 23.919224 121.000000 
-107.284409 60.538620 23.925634 58.000000 
-107.083763 60.766468 23.912216 123.000000 
-107.260338 60.539074 23.919130 117.000000 
-107.061424 60.763844 23.907837 124.000000 
-107.252945 60.520653 23.925037 109.000000 
-107.047127 60.751308 23.909433 106.000000 
-107.223846 60.526112 23.915106 115.000000 
-107.205307 60.521671 23.912163 117.000000 
-107.382133 60.302559 23.928513 68.000000 
-107.187363 60.515289 23.910210 119.000000 
-107.363617 60.297878 23.925436 61.000000 
-107.342575 60.295635 23.920567 66.000000 
-107.326530 60.288280 23.919401 69.000000 
-107.481438 60.097919 23.928511 67.000000 
-107.315559 60.275864 23.921932 66.000000 
-107.469757 60.087208 23.930086 56.000000 
-106.896263 60.698586 23.894541 50.000000 
-107.600769 59.923187 23.930342 52.000000 
-107.454315 60.080128 23.928829 61.000000 
-106.881516 60.687435 23.895576 104.000000 
-107.583313 59.918804 23.926947 77.000000 
-107.435074 60.076641 23.924746 75.000000 
-106.858986 60.683861 23.891672 111.000000 
-107.560791 59.919117 23.919613 75.000000 
-107.425995 60.063366 23.928329 61.000000 
-106.846878 60.670063 23.894445 105.000000 
-107.549606 59.908623 23.921259 67.000000 
-107.033485 60.447178 23.899664 46.000000 
-106.823006 60.667587 23.889799 108.000000 
-107.692772 59.739555 23.937445 49.000000 
-107.541000 59.895729 23.924919 67.000000 
-107.019455 60.436394 23.900719 50.000000 
-107.674561 59.736412 23.932886 58.000000 
-107.523506 59.891079 23.921669 75.000000 
-107.005447 60.425560 23.901808 47.000000 
-107.683235 59.685371 23.928576 59.000000 
-107.530426 59.840946 23.916700 67.000000 
-107.014702 60.370823 23.900623 103.000000 
-107.677673 59.670563 23.934389 58.000000 
-106.988846 60.370926 23.893980 109.000000 
-107.785461 59.538689 23.928001 55.000000 
-107.659424 59.667217 23.929937 58.000000 
-107.163055 60.168941 23.899317 50.000000 
-107.773972 59.529892 23.928625 60.000000 
-107.641144 59.663784 23.925524 63.000000 
-107.145706 60.162006 23.897699 54.000000 
-107.766312 59.517715 23.932478 55.000000 
-107.125702 60.157383 23.894310 51.000000 
-107.751045 59.512188 23.929962 56.000000 
-107.108337 60.150295 23.892775 65.000000 
-107.864616 59.378628 23.934425 50.000000 
-107.730637 59.511021 23.923222 62.000000 
-107.094971 60.139587 23.893991 47.000000 
-107.858383 59.367756 23.938196 56.000000 
-107.716354 59.506355 23.920595 59.000000 
-107.844826 59.361286 23.936655 55.000000 
-107.945274 59.250378 23.931723 69.000000 
-107.832558 59.353687 23.936247 55.000000 
-107.935410 59.240448 23.933563 70.000000 
-107.813866 59.351372 23.930368 56.000000 
-107.379425 59.770184 23.904156 45.000000 
-107.222641 59.923737 23.904219 49.000000 
-107.923965 59.233524 23.932980 68.000000 
-107.799011 59.345779 23.927828 64.000000 
-107.359161 59.766930 23.899389 52.000000 
-107.909035 59.227673 23.930330 64.000000 
-107.340202 59.762463 23.895649 53.000000 
-108.014542 59.109222 23.937788 57.000000 
-107.892464 59.224777 23.925261 64.000000 
-107.331978 59.749016 23.899782 55.000000 
-108.004288 59.100975 23.938414 60.000000 
-107.872353 59.222885 23.918146 66.000000 
-107.468788 59.597496 23.901794 49.000000 
-107.313011 59.744411 23.896118 63.000000 
-107.988945 59.096691 23.934380 63.000000 
-107.864777 59.212673 23.921087 73.000000 
-107.457535 59.588272 23.902819 52.000000 
-108.075180 58.997280 23.928122 69.000000 
-107.972748 59.093792 23.929119 59.000000 
-107.444435 59.579544 23.902964 54.000000 
-108.066498 58.988194 23.929943 74.000000 
-107.959930 59.087379 23.927494 58.000000 
-107.430840 59.570221 23.903255 54.000000 
-108.052322 58.982471 23.927063 67.000000 
-107.947960 59.079460 23.927166 68.000000 
-107.411003 59.566734 23.898399 56.000000 
-108.142540 58.882038 23.929213 46.000000 
-108.043678 58.973316 23.928942 58.000000 
-107.940346 59.069027 23.930275 61.000000 
-107.555565 59.415966 23.911827 47.000000 
-108.143059 58.866653 23.939730 62.000000 
-108.027794 58.970306 23.923529 63.000000 
-107.529472 59.417816 23.901421 47.000000 
-108.128822 58.862831 23.935303 67.000000 
-108.015320 58.963917 23.921856 75.000000 
-107.514137 59.411266 23.899471 46.000000 
-108.112473 58.858963 23.929861 61.000000 
-108.006721 58.954651 23.923815 85.000000 
-107.493362 59.408756 23.893362 46.000000 
-108.202225 58.762218 23.935354 63.000000 
-108.096924 58.855911 23.924263 61.000000 
-107.999458 58.944431 23.927000 63.000000 
-107.642326 59.258121 23.917368 46.000000 
-108.195488 58.752621 23.938503 60.000000 
-108.093369 58.842804 23.931250 61.000000 
-107.617996 59.258732 23.907671 47.000000 
-108.183716 58.746529 23.936594 58.000000 
-108.082962 58.836029 23.930651 61.000000 
-107.594963 59.258217 23.899109 50.000000 
-108.165558 58.744751 23.928373 59.000000 
-108.071747 58.828308 23.930277 77.000000 
-107.590942 59.243786 23.905767 52.000000 
-108.248512 58.655785 23.930342 55.000000 
-108.157593 58.735924 23.930332 61.000000 
-108.057472 58.824131 23.926037 66.000000 
-107.712425 59.125965 23.909979 49.000000 
-107.584724 59.231853 23.910162 55.000000 
-108.233597 58.652664 23.924360 66.000000 
-108.152626 58.725792 23.934748 64.000000 
-107.699287 59.118687 23.908897 46.000000 
-108.218269 58.649036 23.918510 68.000000 
-108.140869 58.719509 23.932953 78.000000 
-107.685249 59.112816 23.906616 48.000000 
-108.313927 58.553696 23.937750 85.000000 
-108.215668 58.637028 23.925686 64.000000 
-108.122635 58.717445 23.924870 70.000000 
-107.673027 59.103970 23.906837 50.000000 
-108.301491 58.548504 23.934351 60.000000 
-108.205452 58.629990 23.925087 68.000000 
-108.105659 58.714428 23.918091 48.000000 
-107.660355 59.097042 23.905737 52.000000 
-108.283989 58.546429 23.925661 65.000000 
-108.199097 58.620457 23.928408 73.000000 
-107.765755 58.987106 23.904549 47.000000 
-107.646790 59.089035 23.904911 47.000000 
-108.279129 58.536358 23.930307 63.000000 
-108.179901 58.619053 23.918793 66.000000 
-107.759789 58.975296 23.909199 48.000000 
-108.358147 58.455330 23.934715 58.000000 
-108.274315 58.526291 23.934971 63.000000 
-108.169701 58.611874 23.918282 68.000000 
-107.751144 58.965286 23.911570 48.000000 
-108.344734 58.450832 23.929878 78.000000 
-108.264435 58.519341 23.934341 63.000000 
-107.844040 58.867680 23.903982 65.000000 
-107.737053 58.958843 23.909370 48.000000 
-108.336716 58.443684 23.930412 86.000000 
-108.247238 58.517422 23.925680 63.000000 
-107.836105 58.858398 23.906218 57.000000 
-107.720634 58.954628 23.904787 47.000000 
-108.329620 58.435349 23.932428 83.000000 
-108.233498 58.512672 23.921137 73.000000 
-107.829155 58.847740 23.909777 51.000000 
-108.317467 58.429955 23.929037 74.000000 
-108.230057 58.501740 23.927217 56.000000 
-107.815407 58.841366 23.907448 51.000000 
-108.302765 58.425964 23.922966 71.000000 
-107.794807 58.839199 23.899250 57.000000 
-108.290596 58.420441 23.919640 74.000000 
-107.910316 58.730598 23.915495 56.000000 
-107.779663 58.833523 23.895819 58.000000 
-108.286110 58.410515 23.924465 86.000000 
-107.891891 58.728069 23.908054 54.000000 
-108.277809 58.402748 23.925249 90.000000 
-107.873993 58.723656 23.902115 51.000000 
-107.852753 58.722549 23.892336 55.000000 
-107.965118 58.619652 23.909594 57.000000 
-107.844406 58.712299 23.894964 59.000000 
-107.949333 58.614883 23.904556 59.000000 
-107.842392 58.699810 23.902203 55.000000 
-107.935646 58.610214 23.900555 57.000000 
-107.925293 58.602230 23.900562 57.000000 
-108.023422 58.511055 23.908691 55.000000 
-107.922806 58.589169 23.908171 58.000000 
-108.012032 58.503994 23.907328 54.000000 
-107.905624 58.584908 23.902033 66.000000 
-108.003365 58.495430 23.908539 52.000000 
-107.998817 58.484676 23.913593 54.000000 
-108.074928 58.409008 23.903936 49.000000 
-107.980980 58.481544 23.905834 61.000000 
-108.069237 58.399208 23.907728 47.000000 
-107.968246 58.475006 23.903320 59.000000 
-108.064598 58.388268 23.912968 48.000000 
-107.948257 58.471455 23.894638 48.000000 
-108.054909 58.380486 23.912897 48.000000 
-108.134789 58.306168 23.909197 66.000000 
-108.036018 58.377808 23.903635 56.000000 
-108.130753 58.295952 23.914366 64.000000 
-108.016739 58.374561 23.894550 52.000000 
-108.118973 58.289997 23.911446 55.000000 
-108.101433 58.286053 23.903374 57.000000 
-108.088631 58.278606 23.900913 61.000000 
-108.079224 58.270763 23.900877 61.000000 
-108.073944 58.261051 23.904839 65.000000 
-107.685493 59.842110 23.924364 51.000000 
-107.671700 59.830502 23.925613 106.000000 
-107.657951 59.818859 23.926901 122.000000 
-107.641777 59.809856 23.926554 120.000000 
-107.814384 59.581749 23.932150 102.000000 
-107.612602 59.813580 23.917984 121.000000 
-107.785400 59.587616 23.922112 120.000000 
-107.588982 59.812416 23.912725 123.000000 
-107.773567 59.574986 23.924356 121.000000 
-107.580231 59.795208 23.917496 53.000000 
-107.755592 59.568855 23.922268 119.000000 
-107.926117 59.353832 23.934265 57.000000 
-107.734535 59.567131 23.917528 121.000000 
-107.903847 59.353165 23.928358 74.000000 
-107.722771 59.554359 23.919878 122.000000 
-107.882782 59.351116 23.923405 69.000000 
-107.866653 59.343887 23.922144 66.000000 
-108.023575 59.148243 23.933302 59.000000 
-107.849281 59.337860 23.920010 75.000000 
-108.001823 59.147564 23.927156 67.000000 
-107.833153 59.330505 23.918821 106.000000 
-107.986282 59.140583 23.925812 66.000000 
-107.426392 59.745949 23.900448 66.000000 
-108.125092 58.966957 23.931929 55.000000 
-107.974503 59.129841 23.927355 60.000000 
-107.408974 59.737434 23.899754 68.000000 
-108.097610 58.972351 23.920559 68.000000 
-107.960236 59.121525 23.927031 66.000000 
-107.383804 59.736549 23.894146 68.000000 
-108.080040 58.967949 23.917158 66.000000 
-107.945976 59.113159 23.926739 60.000000 
-107.367668 59.726601 23.894363 102.000000 
-108.070686 58.954540 23.920799 64.000000 
-107.349571 59.717243 23.893890 117.000000 
-108.056908 58.946426 23.920437 75.000000 
-107.542068 59.487190 23.902014 50.000000 
-108.215012 58.739105 23.926443 56.000000 
-108.066048 58.893833 23.917233 72.000000 
-107.561371 59.422337 23.907499 47.000000 
-108.204239 58.728947 23.928047 55.000000 
-108.051003 58.886799 23.915947 64.000000 
-108.195297 58.718109 23.930624 57.000000 
-107.516838 59.417366 23.898312 106.000000 
-108.308662 58.579681 23.928732 47.000000 
-108.179520 58.712532 23.928181 63.000000 
-107.691162 59.212982 23.903685 52.000000 
-108.293312 58.574326 23.926104 52.000000 
-108.161186 58.709190 23.923725 65.000000 
-107.671127 59.208561 23.900198 51.000000 
-108.280479 58.566647 23.925636 57.000000 
-108.144104 58.704617 23.920332 45.000000 
-107.651077 59.204048 23.896755 51.000000 
-108.267662 58.558922 23.925201 57.000000 
-107.630997 59.199444 23.893356 62.000000 
-108.388069 58.417816 23.935448 50.000000 
-108.247215 58.557861 23.918427 60.000000 
-107.613556 59.192360 23.891802 50.000000 
-108.377457 58.409740 23.935942 55.000000 
-108.232346 58.552746 23.915850 59.000000 
-108.362572 58.404411 23.933254 52.000000 
-108.459488 58.294395 23.925474 69.000000 
-108.345123 58.401180 23.928404 61.000000 
-108.446198 58.288113 23.923767 65.000000 
-108.332764 58.393555 23.927979 58.000000 
-108.440514 58.275455 23.928902 64.000000 
-108.317360 58.387535 23.925484 57.000000 
-107.877029 58.814034 23.897186 50.000000 
-108.534508 58.163681 23.926580 54.000000 
-108.422966 58.271759 23.923941 64.000000 
-107.865997 58.802876 23.899263 48.000000 
-108.520340 58.158527 23.923622 62.000000 
-108.408424 58.266369 23.921196 62.000000 
-107.855545 58.792248 23.901266 46.000000 
-108.517998 58.144623 23.931135 66.000000 
-108.391777 58.263470 23.916130 64.000000 
-107.835197 58.788868 23.896576 57.000000 
-108.503853 58.139385 23.928234 55.000000 
-108.382347 58.253811 23.917976 68.000000 
-107.970322 58.637730 23.896563 52.000000 
-108.595474 58.033882 23.927435 69.000000 
-108.488426 58.135094 23.924198 61.000000 
-107.970482 58.618118 23.906792 55.000000 
-108.584198 58.026775 23.926798 74.000000 
-108.469147 58.133728 23.916697 63.000000 
-107.954659 58.611580 23.904884 55.000000 
-108.575462 58.017677 23.928595 69.000000 
-108.460091 58.124290 23.918562 63.000000 
-107.924034 58.616848 23.891893 57.000000 
-108.667198 57.914314 23.932911 63.000000 
-108.561668 58.012432 23.925608 62.000000 
-108.457504 58.109871 23.926279 51.000000 
-108.662575 57.902637 23.938410 56.000000 
-108.545311 58.009052 23.920254 65.000000 
-108.645363 57.900330 23.931564 67.000000 
-108.537895 57.998875 23.923334 72.000000 
-108.037857 58.450413 23.901501 46.000000 
-108.631927 57.895134 23.928461 57.000000 
-108.530525 57.988689 23.926437 69.000000 
-108.010307 58.453236 23.890116 51.000000 
-108.726181 57.794128 23.938585 56.000000 
-108.621025 57.888027 23.927858 57.000000 
-108.516731 57.983231 23.923574 60.000000 
-108.155380 58.305496 23.909882 55.000000 
-108.001297 58.443531 23.892151 50.000000 
-108.712639 57.790806 23.933882 66.000000 
-108.610962 57.881779 23.927095 55.000000 
-108.137749 58.301205 23.905571 52.000000 
-108.697006 57.787441 23.928125 67.000000 
-108.605209 57.870926 23.931475 57.000000 
-108.114700 58.300838 23.896973 50.000000 
-108.681351 57.783993 23.922407 70.000000 
-108.594353 57.863716 23.930950 65.000000 
-108.107841 58.288364 23.901398 55.000000 
-108.771385 57.689167 23.931660 52.000000 
-108.674576 57.774284 23.925581 59.000000 
-108.575760 57.861897 23.923075 53.000000 
-108.230927 58.167145 23.907305 63.000000 
-108.099678 58.276882 23.904766 56.000000 
-108.752296 57.688290 23.921833 64.000000 
-108.671669 57.761936 23.932571 58.000000 
-108.217720 58.159920 23.906174 55.000000 
-108.738213 57.683910 23.917242 73.000000 
-108.656006 57.758331 23.926943 64.000000 
-108.197769 58.157455 23.899494 52.000000 
-108.832443 57.589066 23.934668 52.000000 
-108.732094 57.674831 23.920372 68.000000 
-108.638145 57.756821 23.918726 72.000000 
-108.189072 58.147732 23.901667 53.000000 
-108.818710 57.584759 23.929895 78.000000 
-108.726898 57.664474 23.924911 66.000000 
-108.303413 58.030727 23.907948 46.000000 
-108.179947 58.137474 23.903978 55.000000 
-108.807098 57.578339 23.927910 58.000000 
-108.718811 57.655350 23.926981 68.000000 
-108.291504 58.022163 23.908014 48.000000 
-108.164948 58.130470 23.901983 55.000000 
-108.795860 57.572292 23.925859 73.000000 
-108.700890 57.653263 23.918623 70.000000 
-108.278694 58.014969 23.906851 49.000000 
-108.891022 57.480988 23.947445 49.000000 
-108.797653 57.558640 23.937010 63.000000 
-108.688454 57.648220 23.915377 68.000000 
-108.271751 58.004559 23.910198 47.000000 
-108.867630 57.482780 23.931679 63.000000 
-108.782654 57.554924 23.931026 61.000000 
-108.680779 57.639412 23.917427 54.000000 
-108.364128 57.906319 23.902163 61.000000 
-108.256248 57.999100 23.906799 50.000000 
-108.860458 57.474503 23.933620 78.000000 
-108.767632 57.551128 23.925079 61.000000 
-108.355698 57.896564 23.904459 62.000000 
-108.239365 57.994476 23.902294 51.000000 
-108.849541 57.468479 23.931511 83.000000 
-108.755135 57.545689 23.921816 63.000000 
-108.350006 57.885033 23.909142 55.000000 
-108.837357 57.463161 23.928076 77.000000 
-108.742630 57.540184 23.918585 60.000000 
-108.334854 57.879608 23.905582 53.000000 
-108.822632 57.459278 23.921963 77.000000 
-108.739136 57.529217 23.924631 45.000000 
-108.427765 57.783554 23.902298 50.000000 
-108.314247 57.877579 23.897345 57.000000 
-108.812965 57.452347 23.921299 77.000000 
-108.426437 57.769791 23.910698 56.000000 
-108.294952 57.874577 23.890331 57.000000 
-108.805870 57.443897 23.923365 77.000000 
-108.408936 57.766060 23.904552 55.000000 
-108.795876 57.436474 23.922855 80.000000 
-108.393715 57.760094 23.900993 52.000000 
-108.783684 57.430889 23.919571 65.000000 
-108.377525 57.755363 23.896143 52.000000 
-108.483681 57.657166 23.906549 61.000000 
-108.366211 57.749069 23.894714 57.000000 
-108.470566 57.650917 23.903954 65.000000 
-108.363708 57.736057 23.902014 57.000000 
-108.451622 57.647270 23.896545 59.000000 
-108.442566 57.638538 23.897747 57.000000 
-108.539627 57.548336 23.903954 60.000000 
-108.435280 57.629482 23.900091 56.000000 
-108.526825 57.542065 23.901268 60.000000 
-108.422157 57.623005 23.897629 57.000000 
-108.522141 57.531296 23.906250 58.000000 
-108.605377 57.450161 23.904186 45.000000 
-108.513435 57.522736 23.907436 52.000000 
-108.595566 57.442509 23.903990 49.000000 
-108.497932 57.517788 23.902304 61.000000 
-108.591164 57.432022 23.909031 56.000000 
-108.483772 57.512035 23.898478 69.000000 
-108.584099 57.422928 23.911486 51.000000 
-108.462753 57.509804 23.888357 67.000000 
-108.571648 57.416569 23.908766 48.000000 
-108.657516 57.337940 23.911499 55.000000 
-108.556465 57.411514 23.903484 50.000000 
-108.652069 57.328384 23.915279 71.000000 
-108.535812 57.409092 23.893057 51.000000 
-108.638916 57.323158 23.910984 60.000000 
-108.526405 57.401630 23.892912 48.000000 
-108.621361 57.319347 23.902866 60.000000 
-108.611900 57.311607 23.902748 65.000000 
-108.602455 57.303829 23.902657 68.000000 
-108.601196 57.292252 23.910526 68.000000 
-108.580872 57.289406 23.899912 52.000000 
-108.175880 58.889034 23.912931 105.000000 
-108.148621 58.892277 23.904999 118.000000 
-108.133469 58.881874 23.905422 121.000000 
-108.113441 58.876808 23.902559 123.000000 
-108.094627 58.870319 23.900570 124.000000 
-108.279320 58.630211 23.911749 114.000000 
-108.070877 58.869106 23.895302 122.000000 
-108.262459 58.622787 23.910469 113.000000 
-108.240662 58.620548 23.905746 117.000000 
-108.401649 58.413105 23.909939 65.000000 
-108.220070 58.616905 23.901937 117.000000 
-108.385399 58.405937 23.908583 72.000000 
-108.204430 58.607956 23.901644 109.000000 
-108.365433 58.402550 23.904535 69.000000 
-108.345444 58.399078 23.900524 72.000000 
-108.505859 58.198711 23.912939 64.000000 
-108.327919 58.392967 23.898375 106.000000 
-108.487717 58.194237 23.909639 58.000000 
-107.925117 58.808578 23.884483 51.000000 
-108.472054 58.187195 23.908276 57.000000 
-107.904991 58.802647 23.882078 111.000000 
-108.611908 58.011555 23.914099 59.000000 
-108.456383 58.180092 23.906946 61.000000 
-107.874565 58.806965 23.873129 108.000000 
-108.588074 58.013298 23.905703 75.000000 
-108.447006 58.166756 23.910391 59.000000 
-107.859528 58.795677 23.874105 117.000000 
-108.569160 58.010075 23.901299 64.000000 
-107.843231 58.785625 23.874300 117.000000 
-108.743607 57.784611 23.920275 56.000000 
-108.587090 57.949097 23.904545 64.000000 
-108.068230 58.499924 23.884871 102.000000 
-108.720276 57.786339 23.911524 67.000000 
-108.573196 57.940933 23.904152 68.000000 
-108.044891 58.497902 23.879782 106.000000 
-108.703133 57.782051 23.907942 65.000000 
-108.555527 57.936317 23.900839 71.000000 
-108.035797 58.481995 23.884220 107.000000 
-108.689728 57.774170 23.907469 58.000000 
-108.011124 58.481056 23.878355 111.000000 
-108.820045 57.618565 23.919294 47.000000 
-108.676338 57.766239 23.907028 57.000000 
-108.183273 58.276478 23.881399 65.000000 
-108.797134 57.620117 23.910238 52.000000 
-108.665489 57.755932 23.908667 60.000000 
-108.173531 58.262283 23.885077 56.000000 
-108.779175 57.616993 23.905474 57.000000 
-108.641975 57.757183 23.900114 58.000000 
-108.153374 58.257805 23.881580 54.000000 
-108.768745 57.606983 23.907110 56.000000 
-108.130577 58.255657 23.876328 63.000000 
-108.883583 57.469254 23.912045 50.000000 
-108.753296 57.601456 23.904535 55.000000 
-108.107735 58.253403 23.871120 66.000000 
-108.886147 57.448517 23.924656 60.000000 
-108.737831 57.595867 23.901997 59.000000 
-108.286430 58.050556 23.886915 46.000000 
-108.869934 57.444324 23.920820 56.000000 
-108.717255 57.594685 23.895258 52.000000 
-108.269470 58.043823 23.885122 46.000000 
-108.973953 57.327187 23.919239 52.000000 
-108.852432 57.441151 23.915924 55.000000 
-108.247223 58.041714 23.879616 48.000000 
-108.950592 57.329506 23.908405 65.000000 
-108.837448 57.435715 23.913258 57.000000 
-108.396309 57.869732 23.883492 49.000000 
-108.227592 58.037159 23.876030 53.000000 
-108.935959 57.324245 23.905552 73.000000 
-108.821175 57.431297 23.909529 64.000000 
-108.378540 57.864319 23.880592 60.000000 
-108.928116 57.314102 23.908306 64.000000 
-108.808441 57.425636 23.907846 55.000000 
-108.359230 57.862232 23.875578 55.000000 
-108.913971 57.309219 23.905426 62.000000 
-108.348053 57.850979 23.877628 50.000000 
-109.016273 57.191216 23.908918 62.000000 
-108.899818 57.304276 23.902576 66.000000 
-108.332359 57.842525 23.876896 56.000000 
-109.009140 57.179375 23.913067 65.000000 
-108.886772 57.295727 23.902288 66.000000 
-108.473511 57.684719 23.880888 52.000000 
-109.107872 57.067146 23.918865 52.000000 
-108.994919 57.174103 23.910152 63.000000 
-108.875175 57.288586 23.901760 61.000000 
-108.459404 57.677654 23.879812 57.000000 
-109.086937 57.068451 23.908466 63.000000 
-108.981140 57.169235 23.907181 61.000000 
-108.447433 57.667789 23.880896 55.000000 
-109.076836 57.060310 23.909014 69.000000 
-108.960518 57.168880 23.898508 68.000000 
-108.431473 57.661163 23.878981 54.000000 
-109.062950 57.055080 23.905985 69.000000 
-108.956490 57.155369 23.905006 70.000000 
-108.559402 57.519314 23.879324 51.000000 
-108.410141 57.658813 23.873068 51.000000 
-109.151360 56.954292 23.905619 49.000000 
-109.051605 57.047836 23.905388 65.000000 
-108.955101 57.139874 23.913847 52.000000 
-108.550041 57.507046 23.882586 52.000000 
-109.152023 56.936878 23.917450 63.000000 
-109.032181 57.045906 23.897720 69.000000 
-108.535881 57.499519 23.881584 50.000000 
-109.137688 56.933109 23.912977 67.000000 
-109.025940 57.034679 23.901979 65.000000 
-108.516357 57.496136 23.876436 52.000000 
-109.123749 56.927433 23.909954 59.000000 
-109.015892 57.026333 23.902668 72.000000 
-108.655785 57.349354 23.892469 52.000000 
-108.499489 57.490566 23.873419 51.000000 
-109.211723 56.830341 23.913012 67.000000 
-109.108109 56.924461 23.904314 55.000000 
-108.643433 57.341011 23.892447 52.000000 
-109.198532 56.825195 23.909756 75.000000 
-109.104347 56.911232 23.911209 57.000000 
-108.620354 57.340740 23.883806 50.000000 
-109.182816 56.821785 23.903999 70.000000 
-109.096375 56.902615 23.913010 57.000000 
-108.605301 57.334286 23.881695 51.000000 
-109.173401 56.813824 23.904602 63.000000 
-109.079880 56.898567 23.907652 61.000000 
-108.725334 57.214039 23.884539 56.000000 
-108.590240 57.327766 23.879620 52.000000 
-109.263443 56.718430 23.913185 55.000000 
-109.160194 56.808495 23.901440 68.000000 
-108.721855 57.200443 23.891075 60.000000 
-108.584274 57.316242 23.883820 49.000000 
-109.247604 56.716698 23.905766 62.000000 
-109.156715 56.797817 23.906956 84.000000 
-108.692909 57.205383 23.876431 52.000000 
-109.233452 56.712307 23.901163 66.000000 
-109.143517 56.792404 23.903847 81.000000 
-108.675995 57.201427 23.871872 55.000000 
-109.326393 56.617714 23.916668 65.000000 
-109.227272 56.703182 23.904270 60.000000 
-109.129440 56.788258 23.899412 60.000000 
-108.666702 57.191082 23.874146 57.000000 
-109.306732 56.617912 23.905148 61.000000 
-109.218193 56.695301 23.904905 66.000000 
-108.793144 57.064732 23.889626 51.000000 
-108.663338 57.177391 23.880781 62.000000 
-109.293777 56.612251 23.901827 63.000000 
-109.205315 56.689907 23.901684 68.000000 
-108.773514 57.062202 23.882669 50.000000 
-109.289116 56.602520 23.906305 61.000000 
-109.197533 56.681114 23.903664 70.000000 
-108.767342 57.050297 23.887236 50.000000 
-109.380676 56.510860 23.924824 69.000000 
-109.283379 56.591511 23.911091 56.000000 
-109.180420 56.677666 23.896730 62.000000 
-108.867058 56.945278 23.885609 50.000000 
-108.752655 57.043415 23.885059 49.000000 
-109.358482 56.511898 23.910421 63.000000 
-109.271202 56.586582 23.907658 63.000000 
-108.849129 56.941757 23.879581 74.000000 
-108.735687 57.038807 23.880514 51.000000 
-109.345337 56.507824 23.905470 56.000000 
-109.256096 56.582752 23.901707 61.000000 
-108.838333 56.934193 23.879387 57.000000 
-109.341858 56.497143 23.911491 61.000000 
-109.243896 56.577702 23.898335 61.000000 
-108.829819 56.924320 23.881695 55.000000 
-109.328346 56.492554 23.906691 74.000000 
-109.236069 56.568581 23.900480 60.000000 
-108.811852 56.920586 23.875776 60.000000 
-109.318619 56.485630 23.905985 74.000000 
-108.918709 56.815639 23.883444 46.000000 
-108.796577 56.915005 23.872255 62.000000 
-109.301643 56.483589 23.897091 77.000000 
-108.906509 56.808544 23.882114 62.000000 
-108.783073 56.908981 23.869827 46.000000 
-109.296997 56.473579 23.901844 80.000000 
-108.894714 56.801880 23.880699 61.000000 
-109.292038 56.463146 23.906719 80.000000 
-108.880348 56.794544 23.878460 55.000000 
-108.992065 56.690475 23.894785 47.000000 
-108.865845 56.789433 23.874691 52.000000 
-108.973907 56.687950 23.887049 55.000000 
-108.853645 56.782112 23.873495 57.000000 
-108.955315 56.684849 23.879473 59.000000 
-108.940742 56.679272 23.875666 56.000000 
-109.043861 56.583870 23.887741 52.000000 
-108.935677 56.668121 23.880571 57.000000 
-109.029648 56.578384 23.883739 69.000000 
-108.929291 56.657753 23.884256 65.000000 
-109.014076 56.573578 23.878502 65.000000 
-109.007347 56.565151 23.880682 63.000000 
-108.997185 56.557251 23.880590 63.000000 
-109.087105 56.471550 23.884268 58.000000 
-108.982582 56.551048 23.876844 72.000000 
-109.080292 56.462860 23.886566 50.000000 
-108.971069 56.543781 23.875547 65.000000 
-109.075485 56.451832 23.891729 50.000000 
-109.064667 56.445206 23.890171 53.000000 
-109.145546 56.369122 23.886898 55.000000 
-109.043007 56.444057 23.878267 54.000000 
-109.140007 56.359482 23.890667 68.000000 
-109.025368 56.440727 23.870300 58.000000 
-109.124413 56.353523 23.885406 61.000000 
-109.018555 56.429302 23.874537 46.000000 
-109.113525 56.346436 23.883919 60.000000 
-109.093185 56.343807 23.873190 65.000000 
-109.087708 56.334026 23.877068 63.000000 
-109.082275 56.324238 23.880962 71.000000 
-108.712502 57.928158 23.906536 47.000000 
-108.690079 57.926170 23.901859 66.000000 
-108.671234 57.919991 23.899715 118.000000 
-108.654800 57.911022 23.899273 120.000000 
-108.634735 57.906059 23.896378 122.000000 
-108.815620 57.667637 23.905634 46.000000 
-108.617096 57.898312 23.895184 122.000000 
-108.801125 57.657700 23.906025 117.000000 
-108.593330 57.897228 23.889885 51.000000 
-108.784218 57.650364 23.904711 119.000000 
-108.758728 57.652206 23.897348 117.000000 
-108.922234 57.439850 23.903906 65.000000 
-108.738098 57.648663 23.893507 117.000000 
-108.908379 57.430180 23.904337 69.000000 
-108.887169 57.428204 23.899345 66.000000 
-109.054985 57.215900 23.919516 46.000000 
-108.862221 57.429981 23.891668 104.000000 
-109.023384 57.225525 23.905701 61.000000 
-108.850845 57.417553 23.894026 106.000000 
-109.008904 57.217369 23.905218 61.000000 
-108.445915 57.838760 23.877962 105.000000 
-108.994438 57.209164 23.904768 59.000000 
-108.423195 57.835537 23.873877 113.000000 
-109.128967 57.038208 23.906475 63.000000 
-108.977501 57.203400 23.902460 66.000000 
-108.397888 57.834816 23.868191 114.000000 
-109.096489 57.048656 23.891142 75.000000 
-108.963051 57.195084 23.902081 66.000000 
-108.402931 57.781982 23.864763 117.000000 
-109.113640 56.987320 23.894320 66.000000 
-108.391685 57.766830 23.868206 120.000000 
-109.102150 56.976830 23.895840 67.000000 
-108.579872 57.537174 23.872658 109.000000 
-109.235680 56.812023 23.903568 58.000000 
-109.090691 56.966305 23.897390 67.000000 
-108.562912 57.528919 23.871855 115.000000 
-109.217255 56.809013 23.898937 59.000000 
-109.074242 56.960575 23.895033 64.000000 
-108.549835 57.516823 23.873674 111.000000 
-109.198807 56.805916 23.894342 58.000000 
-108.529015 57.512226 23.870365 113.000000 
-109.327065 56.650517 23.904686 50.000000 
-109.195343 56.788605 23.902063 63.000000 
-108.707771 57.299183 23.878515 59.000000 
-109.314064 56.642956 23.904108 50.000000 
-109.173119 56.788910 23.894470 69.000000 
-108.691475 57.291199 23.877651 65.000000 
-109.294121 56.642727 23.897114 55.000000 
-109.158958 56.782608 23.892965 51.000000 
-108.679703 57.280064 23.879431 58.000000 
-109.286125 56.630470 23.900845 56.000000 
-108.654305 57.280510 23.872343 58.000000 
-109.399666 56.491566 23.905725 61.000000 
-109.270119 56.624535 23.898323 56.000000 
-108.626915 57.281452 23.864508 52.000000 
-109.392105 56.479687 23.909525 49.000000 
-109.257141 56.616764 23.897875 59.000000 
-108.804459 57.077530 23.880091 48.000000 
-109.384605 56.467796 23.913347 51.000000 
-109.234039 56.617973 23.888994 55.000000 
-108.779610 57.078011 23.872639 48.000000 
-109.369598 56.462517 23.910620 52.000000 
-108.759949 57.073631 23.868984 48.000000 
-109.464645 56.352489 23.900761 57.000000 
-109.352554 56.459854 23.905649 58.000000 
-108.912582 56.897743 23.875341 53.000000 
-108.743484 57.067387 23.867144 48.000000 
-109.454208 56.344563 23.901197 62.000000 
-109.336258 56.455524 23.901894 66.000000 
-108.896072 56.891266 23.873388 59.000000 
-109.444572 56.335056 23.902876 62.000000 
-109.319939 56.451122 23.898176 55.000000 
-108.865105 56.897366 23.860746 61.000000 
-109.429924 56.329781 23.900057 59.000000 
-108.857773 56.882690 23.865700 57.000000 
-109.532822 56.210175 23.904638 51.000000 
-109.412735 56.326557 23.895010 64.000000 
-108.845215 56.872574 23.866785 61.000000 
-109.521072 56.202961 23.904003 57.000000 
-109.398056 56.321140 23.892260 64.000000 
-108.985519 56.713848 23.870481 55.000000 
-109.511841 56.193653 23.905731 58.000000 
-109.388466 56.311466 23.894056 61.000000 
-108.973450 56.704071 23.871508 55.000000 
-109.596581 56.092060 23.898087 49.000000 
-109.493797 56.191471 23.899326 61.000000 
-108.961411 56.694260 23.872564 56.000000 
-109.588905 56.081966 23.901014 66.000000 
-109.476974 56.188179 23.894125 63.000000 
-108.945396 56.687710 23.870625 57.000000 
-109.573738 56.077797 23.896763 64.000000 
-109.466499 56.179745 23.894777 68.000000 
-109.080505 56.538635 23.877050 46.000000 
-108.926712 56.683277 23.866703 50.000000 
-109.663681 55.974075 23.898783 47.000000 
-109.558548 56.073551 23.892546 60.000000 
-109.459885 56.168255 23.898947 55.000000 
-109.070274 56.528030 23.879128 48.000000 
-109.543343 56.069237 23.888363 62.000000 
-109.045433 56.529110 23.869724 48.000000 
-109.651566 55.952438 23.907242 59.000000 
-109.537010 56.058025 23.892599 62.000000 
-109.035728 56.518936 23.871761 50.000000 
-109.635933 55.949631 23.901546 53.000000 
-109.528625 56.049213 23.894369 62.000000 
-109.172951 56.372383 23.886669 47.000000 
-109.010796 56.519802 23.862446 53.000000 
-109.723366 55.851974 23.904474 55.000000 
-109.617325 55.948181 23.893511 51.000000 
-109.519821 56.039913 23.896255 46.000000 
-109.154388 56.369778 23.881100 56.000000 
-109.714302 55.844597 23.904905 64.000000 
-109.609238 55.939590 23.895271 59.000000 
-109.135300 56.366558 23.875675 57.000000 
-109.697327 55.842201 23.897856 81.000000 
-109.608383 55.924934 23.904530 63.000000 
-109.114349 56.363739 23.869324 54.000000 
-109.684937 55.835659 23.895994 68.000000 
-109.590591 55.921909 23.897917 72.000000 
-109.244385 56.234695 23.880827 49.000000 
-109.107292 56.351196 23.873699 56.000000 
-109.784401 55.732681 23.914846 47.000000 
-109.674217 55.828609 23.895336 69.000000 
-109.235031 56.224567 23.882975 60.000000 
-109.097595 56.340664 23.875942 56.000000 
-109.760300 55.735439 23.899797 60.000000 
-109.668587 55.817944 23.899755 72.000000 
-109.213676 56.223270 23.875109 53.000000 
-109.746132 55.731133 23.895170 70.000000 
-109.656631 55.811718 23.897888 77.000000 
-109.193611 56.220879 23.868404 53.000000 
-109.738243 55.722462 23.897057 66.000000 
-109.638298 55.809853 23.889746 77.000000 
-109.184273 56.210590 23.870649 53.000000 
-109.820618 55.633827 23.901928 58.000000 
-109.730377 55.713768 23.898964 64.000000 
-109.307327 56.085487 23.883833 51.000000 
-109.172272 56.202213 23.870699 59.000000 
-109.805038 55.631996 23.894316 64.000000 
-109.720795 55.707626 23.898113 70.000000 
-109.288589 56.084076 23.876629 50.000000 
-109.803688 55.619396 23.902849 58.000000 
-109.705345 55.703949 23.892313 68.000000 
-109.276970 56.075943 23.876577 50.000000 
-109.796135 55.610897 23.904764 56.000000 
-109.694977 55.696835 23.891714 66.000000 
-109.269409 56.064972 23.879995 53.000000 
-109.869545 55.531639 23.902693 55.000000 
-109.779778 55.608044 23.897430 51.000000 
-109.361282 55.965511 23.870951 65.000000 
-109.253777 56.059547 23.876564 56.000000 
-109.853516 55.528786 23.895102 68.000000 
-109.765907 55.603493 23.892782 60.000000 
-109.348663 55.958405 23.869663 60.000000 
-109.235420 56.055893 23.870882 46.000000 
-109.849953 55.518101 23.901104 71.000000 
-109.755844 55.596474 23.892134 58.000000 
-109.345459 55.944988 23.876667 58.000000 
-109.832649 55.515888 23.892220 71.000000 
-109.748329 55.587830 23.894154 56.000000 
-109.328835 55.940475 23.871901 60.000000 
-109.822853 55.508987 23.891497 71.000000 
-109.306770 55.939419 23.862461 69.000000 
-109.810181 55.503147 23.888197 71.000000 
-109.419327 55.828712 23.876034 56.000000 
-109.295090 55.930706 23.862602 58.000000 
-109.802933 55.494652 23.890232 71.000000 
-109.409782 55.819931 23.877136 53.000000 
-109.798256 55.484638 23.894987 77.000000 
-109.393509 55.815342 23.872213 53.000000 
-109.785965 55.479092 23.891670 71.000000 
-109.374512 55.812347 23.864912 53.000000 
-109.481110 55.711468 23.875755 55.000000 
-109.369461 55.801395 23.869612 59.000000 
-109.471901 55.702820 23.876856 51.000000 
-109.361328 55.791615 23.872040 50.000000 
-109.456360 55.698620 23.871658 49.000000 
-109.448524 55.689091 23.874058 50.000000 
-109.540276 55.599125 23.876030 61.000000 
-109.436264 55.681435 23.872887 55.000000 
-109.523338 55.595169 23.869495 60.000000 
-109.424393 55.674202 23.871626 57.000000 
-109.516174 55.586296 23.871778 63.000000 
-109.508659 55.576942 23.874205 65.000000 
-109.587807 55.496979 23.867300 57.000000 
-109.493050 55.572037 23.869045 63.000000 
-109.584557 55.485676 23.873611 53.000000 
-109.482857 55.564091 23.868990 63.000000 
-109.582710 55.473675 23.881237 53.000000 
-109.576889 55.463814 23.884977 48.000000 
-109.550819 55.464447 23.869282 50.000000 
-109.650070 55.377949 23.884237 68.000000 
-109.534164 55.460049 23.862719 56.000000 
-109.637817 55.371651 23.881365 68.000000 
-109.532440 55.447979 23.870432 46.000000 
-109.620193 55.367931 23.873219 57.000000 
-109.604874 55.362347 23.867891 63.000000 
-109.599350 55.352592 23.871746 60.000000 
-109.590141 55.345219 23.871525 68.000000 
-109.580597 55.337349 23.871458 74.000000 
-109.151482 56.978828 23.873100 120.000000 
-109.132431 56.972614 23.871099 120.000000 
-109.113373 56.966320 23.869139 120.000000 
-109.294258 56.722649 23.878704 106.000000 
-109.097954 56.955879 23.869698 122.000000 
-109.274719 56.718067 23.875717 114.000000 
-109.267303 56.700073 23.881439 111.000000 
-109.422638 56.494682 23.881649 56.000000 
-109.245468 56.700497 23.875784 115.000000 
-109.403740 56.490318 23.878498 68.000000 
-109.223473 56.698353 23.871180 119.000000 
-109.385971 56.482170 23.877346 69.000000 
-109.374390 56.469868 23.879715 66.000000 
-109.356117 56.465847 23.876606 72.000000 
-109.511490 56.265484 23.885988 46.000000 
-109.331024 56.467640 23.869083 72.000000 
-109.499924 56.255379 23.887405 48.000000 
-108.926460 56.897907 23.853256 103.000000 
-109.477928 56.254803 23.881367 46.000000 
-108.892189 56.906586 23.841902 118.000000 
-109.455887 56.254116 23.875370 53.000000 
-108.874298 56.898052 23.841261 117.000000 
-109.615509 56.030849 23.876188 63.000000 
-109.470207 56.192917 23.877354 55.000000 
-108.871681 56.850971 23.833559 120.000000 
-109.595284 56.026760 23.872009 61.000000 
-108.857475 56.835808 23.836472 115.000000 
-109.578667 56.021179 23.869682 63.000000 
-109.057388 56.589260 23.848658 106.000000 
-109.719612 55.848652 23.882271 56.000000 
-109.564453 56.015362 23.868208 66.000000 
-109.036453 56.587341 23.844336 107.000000 
-109.702309 55.844517 23.878756 59.000000 
-109.552826 56.004791 23.869873 66.000000 
-109.019295 56.579037 23.843679 115.000000 
-109.683739 55.841496 23.874256 58.000000 
-109.004723 56.568142 23.844776 121.000000 
-109.665138 55.838390 23.869795 60.000000 
-109.178085 56.356838 23.848814 62.000000 
-109.802727 55.672565 23.887514 50.000000 
-109.661530 55.821026 23.877602 65.000000 
-109.162865 56.347614 23.848953 66.000000 
-109.777191 55.676571 23.876467 51.000000 
-109.640419 55.820152 23.871172 58.000000 
-109.150253 56.335869 23.850922 63.000000 
-109.764053 55.668922 23.876036 51.000000 
-109.128593 56.332695 23.846655 69.000000 
-109.754684 55.657791 23.878805 52.000000 
-109.108200 56.328194 23.843327 69.000000 
-109.871429 55.514519 23.886044 55.000000 
-109.738541 55.651844 23.876413 56.000000 
-109.281090 56.124260 23.855970 48.000000 
-109.861267 55.504848 23.887747 58.000000 
-109.720390 55.648602 23.871862 53.000000 
-109.262611 56.118847 23.853315 46.000000 
-109.854652 55.493904 23.891491 55.000000 
-109.238792 56.120457 23.845827 46.000000 
-109.950134 55.381699 23.882095 60.000000 
-109.830719 55.496361 23.881237 59.000000 
-109.220268 56.114861 23.843256 51.000000 
-109.934113 55.377659 23.878166 57.000000 
-109.813019 55.493179 23.876484 64.000000 
-109.379433 55.930038 23.854155 63.000000 
-109.920570 55.371395 23.876530 59.000000 
-109.797821 55.487720 23.873949 59.000000 
-109.354935 55.930504 23.846506 55.000000 
-109.908295 55.364002 23.876055 59.000000 
-109.336945 55.925076 23.843761 57.000000 
-109.898544 55.354427 23.877863 59.000000 
-109.318939 55.919567 23.841055 63.000000 
-109.997269 55.236984 23.878094 53.000000 
-109.881233 55.351204 23.872942 61.000000 
-109.473877 55.745689 23.855671 50.000000 
-109.990402 55.225601 23.882217 59.000000 
-109.863884 55.347893 23.868059 62.000000 
-109.455109 55.741562 23.851736 50.000000 
-109.978539 55.218330 23.881718 61.000000 
-109.437637 55.736229 23.848848 46.000000 
-110.067894 55.111797 23.878036 66.000000 
-109.959099 55.217171 23.874283 59.000000 
-109.429428 55.723057 23.853043 52.000000 
-110.058876 55.102684 23.879856 60.000000 
-109.947227 55.209782 23.873848 65.000000 
-109.552933 55.581245 23.850294 50.000000 
-109.407967 55.720917 23.847214 54.000000 
-110.044846 55.097519 23.876915 58.000000 
-109.937920 55.200321 23.875759 61.000000 
-109.538551 55.573860 23.849325 50.000000 
-110.030815 55.092293 23.874010 58.000000 
-109.526833 55.564270 23.850473 49.000000 
-110.130745 54.980209 23.884996 83.000000 
-110.016769 55.087002 23.871136 69.000000 
-109.508484 55.559986 23.846449 50.000000 
-110.121292 54.972691 23.885532 65.000000 
-110.007805 55.077736 23.873066 69.000000 
-109.494637 55.552967 23.845470 52.000000 
-110.097549 54.975136 23.872675 57.000000 
-109.999321 55.068913 23.874924 69.000000 
-109.634048 55.403061 23.861269 50.000000 
-110.198471 54.866325 23.888561 47.000000 
-110.089348 54.966557 23.874498 63.000000 
-109.617020 55.397327 23.858215 52.000000 
-110.175980 54.867237 23.876646 67.000000 
-110.082420 54.954716 23.879087 65.000000 
-109.596458 55.395123 23.851862 49.000000 
-110.166405 54.859344 23.877293 68.000000 
-110.073006 54.947037 23.879730 72.000000 
-109.581711 55.389244 23.849739 52.000000 
-110.150948 54.856396 23.871567 65.000000 
-110.055504 54.944450 23.873154 61.000000 
-109.707344 55.262150 23.856895 69.000000 
-109.569160 55.380741 23.849913 52.000000 
-110.247719 54.754242 23.886990 50.000000 
-110.140114 54.849319 23.871010 69.000000 
-109.691666 55.257458 23.853477 60.000000 
-110.228462 54.753502 23.877266 56.000000 
-110.130569 54.841305 23.871738 77.000000 
-109.669670 55.255615 23.845884 59.000000 
-110.212929 54.750053 23.871460 58.000000 
-110.119759 54.834148 23.871237 75.000000 
-109.657974 55.247810 23.845871 55.000000 
-110.297302 54.658646 23.878283 49.000000 
-110.207458 54.739628 23.876017 60.000000 
-110.110245 54.826065 23.872019 68.000000 
-109.783791 55.117867 23.861639 45.000000 
-109.645340 55.238922 23.846123 62.000000 
-110.287086 54.651859 23.877569 78.000000 
-110.200768 54.730061 23.879299 64.000000 
-109.758690 55.119328 23.850187 53.000000 
-109.636375 55.229084 23.848385 48.000000 
-110.273895 54.648361 23.872717 61.000000 
-110.188553 54.725616 23.875959 68.000000 
-109.738441 55.118816 23.841984 49.000000 
-110.263687 54.641483 23.872059 52.000000 
-110.175537 54.720238 23.872852 66.000000 
-109.737419 55.103073 23.851196 51.000000 
-110.263565 54.628025 23.881989 56.000000 
-110.162514 54.714802 23.869778 66.000000 
-109.846031 54.990406 23.856495 54.000000 
-109.727028 55.093922 23.852432 53.000000 
-110.341743 54.544811 23.884665 63.000000 
-110.250877 54.622730 23.878735 58.000000 
-109.818596 54.993347 23.842335 63.000000 
-109.707184 55.091248 23.845716 53.000000 
-110.328117 54.540405 23.879890 64.000000 
-110.235649 54.618992 23.872879 60.000000 
-109.808510 54.984383 23.843521 58.000000 
-110.319481 54.532822 23.880552 77.000000 
-110.222939 54.613564 23.869692 60.000000 
-109.802498 54.972694 23.848259 58.000000 
-110.309608 54.525982 23.879889 74.000000 
-110.215332 54.604893 23.871798 52.000000 
-109.783012 54.969933 23.841284 69.000000 
-110.289642 54.525238 23.868467 65.000000 
-109.892647 54.860146 23.851540 47.000000 
-109.763496 54.967060 23.834354 74.000000 
-110.284828 54.515232 23.873253 80.000000 
-109.885643 54.849644 23.855131 51.000000 
-110.274963 54.508251 23.872673 74.000000 
-109.867905 54.845963 23.849096 47.000000 
-110.270584 54.498657 23.877390 74.000000 
-109.854607 54.840130 23.846598 47.000000 
-109.961494 54.736774 23.858143 56.000000 
-109.843605 54.832058 23.846661 49.000000 
-109.948143 54.730595 23.855597 55.000000 
-109.833977 54.823109 23.847956 51.000000 
-109.930756 54.726784 23.849375 50.000000 
-109.917381 54.720467 23.846901 50.000000 
-110.019753 54.623501 23.858061 52.000000 
-109.906723 54.712490 23.846930 58.000000 
-109.997345 54.622700 23.846546 67.000000 
-109.900162 54.702091 23.850685 61.000000 
-109.986984 54.614883 23.846485 63.000000 
-109.976639 54.607029 23.846451 67.000000 
-110.070061 54.517853 23.853031 53.000000 
-109.969009 54.597622 23.848974 67.000000 
-110.058685 54.510899 23.851604 59.000000 
-109.954628 54.591942 23.845207 74.000000 
-110.050003 54.502453 23.852800 49.000000 
-109.942955 54.584705 23.844002 65.000000 
-110.043053 54.493725 23.855190 49.000000 
-110.030365 54.487358 23.852556 50.000000 
-110.118423 54.405231 23.856348 58.000000 
-110.009537 54.485149 23.842209 55.000000 
-110.108719 54.397594 23.856209 56.000000 
-109.998177 54.477928 23.840942 68.000000 
-110.089615 54.394596 23.846844 64.000000 
-110.077217 54.388168 23.844128 63.000000 
-110.063454 54.382339 23.840128 68.000000 
-110.055107 54.373829 23.841434 61.000000 
-110.049507 54.363998 23.845398 71.000000 
-109.686722 55.913742 23.895649 106.000000 
-109.663086 55.913208 23.890368 121.000000 
-109.655602 55.892910 23.896784 120.000000 
-109.630730 55.893578 23.890759 122.000000 
-109.803993 55.660995 23.896051 103.000000 
-109.605789 55.894127 23.884779 123.000000 
-109.789482 55.651196 23.896605 114.000000 
-109.773781 55.642681 23.896324 109.000000 
-109.750755 55.642052 23.890884 117.000000 
-109.913460 55.429455 23.897659 68.000000 
-109.734474 55.635284 23.889738 113.000000 
-109.894714 55.425129 23.894613 69.000000 
-109.869186 55.426636 23.887154 72.000000 
-109.847916 55.424698 23.882380 75.000000 
-110.009010 55.218174 23.897459 51.000000 
-109.831558 55.417530 23.881269 110.000000 
-109.988358 55.216457 23.892401 55.000000 
-109.462296 55.784210 23.869915 103.000000 
-109.995209 55.162811 23.888388 54.000000 
-109.444656 55.775932 23.869303 106.000000 
-109.985664 55.149654 23.891909 59.000000 
-109.418091 55.776726 23.862993 102.000000 
-110.118248 54.979450 23.892540 63.000000 
-109.969940 55.142715 23.890741 75.000000 
-109.397865 55.770885 23.860830 117.000000 
-110.090637 54.985054 23.881386 66.000000 
-109.385345 55.757191 23.863617 105.000000 
-110.079109 54.974663 23.883053 68.000000 
-109.571983 55.526608 23.868320 109.000000 
-110.217773 54.803158 23.895855 56.000000 
-110.065109 54.966671 23.882786 75.000000 
-109.553749 55.519794 23.866831 109.000000 
-110.201675 54.800098 23.892235 59.000000 
-110.051025 54.960888 23.881399 72.000000 
-109.544548 55.506512 23.870327 107.000000 
-110.183220 54.797153 23.887796 59.000000 
-109.525040 55.500847 23.868053 111.000000 
-110.174194 54.784168 23.891638 60.000000 
-109.695244 55.292580 23.872131 59.000000 
-110.290138 54.638554 23.892765 47.000000 
-110.159492 54.777557 23.890326 67.000000 
-109.677650 55.285980 23.870537 59.000000 
-110.270157 54.638443 23.885931 48.000000 
-110.134689 54.780254 23.880907 69.000000 
-109.662643 55.276852 23.870773 52.000000 
-110.259636 54.628574 23.887674 52.000000 
-109.635918 55.278687 23.862989 61.000000 
-110.244102 54.623241 23.885223 56.000000 
-109.614365 55.275505 23.858835 66.000000 
-110.367683 54.475487 23.898520 58.000000 
-110.223511 54.622387 23.878590 57.000000 
-109.790596 55.070717 23.874485 46.000000 
-110.359406 54.465282 23.901281 55.000000 
-110.208466 54.617405 23.876120 57.000000 
-110.346878 54.457897 23.900881 52.000000 
-109.746658 55.067722 23.863632 48.000000 
-110.441017 54.347321 23.891077 48.000000 
-110.331337 54.452187 23.898418 52.000000 
-109.725060 55.064030 23.859367 55.000000 
-110.428345 54.339630 23.890682 65.000000 
-110.302322 54.458939 23.883913 60.000000 
-109.876495 54.887115 23.865602 49.000000 
-110.416168 54.332363 23.890230 73.000000 
-110.297409 54.444798 23.890154 61.000000 
-109.854698 54.885315 23.859968 52.000000 
-110.400215 54.328251 23.886429 62.000000 
-109.839462 54.877670 23.859228 55.000000 
-110.382973 54.325123 23.881536 64.000000 
-109.830101 54.865952 23.862288 59.000000 
-110.499809 54.194145 23.898439 64.000000 
-110.373817 54.316051 23.883335 66.000000 
-109.808243 54.863899 23.856775 46.000000 
-110.483009 54.191124 23.893311 61.000000 
-110.361656 54.308582 23.883009 64.000000 
-109.947418 54.704170 23.860325 50.000000 
-110.469513 54.184486 23.891798 54.000000 
-109.937988 54.692242 23.863541 52.000000 
-110.562584 54.075558 23.892363 66.000000 
-110.448853 54.184368 23.883265 65.000000 
-109.919823 54.688560 23.859638 55.000000 
-110.545311 54.073929 23.885765 79.000000 
-110.441360 54.174465 23.886263 70.000000 
-110.055275 54.537617 23.866936 46.000000 
-109.902428 54.683151 23.856892 57.000000 
-110.535133 54.065842 23.886467 67.000000 
-110.432167 54.165092 23.888224 66.000000 
-110.050316 54.522820 23.873316 50.000000 
-110.518639 54.062626 23.881227 69.000000 
-110.025444 54.524059 23.864098 47.000000 
-110.618599 53.951122 23.892735 54.000000 
-110.512299 54.051514 23.885565 69.000000 
-110.004517 54.521969 23.858053 47.000000 
-110.610054 53.942265 23.894642 62.000000 
-110.504738 54.041370 23.888733 72.000000 
-109.986229 54.517662 23.854130 50.000000 
-110.595200 53.938099 23.890438 59.000000 
-110.489510 54.037014 23.884781 69.000000 
-110.126266 54.368992 23.870464 52.000000 
-109.976509 54.507481 23.856359 45.000000 
-110.587112 53.929615 23.892302 57.000000 
-110.105797 54.366913 23.864134 51.000000 
-110.671936 53.833771 23.892523 67.000000 
-110.581184 53.918800 23.896734 57.000000 
-110.093330 54.358593 23.864296 51.000000 
-110.657417 53.829590 23.888172 69.000000 
-110.565056 53.915409 23.891397 63.000000 
-110.078186 54.352264 23.862345 52.000000 
-110.644142 53.824436 23.885113 66.000000 
-110.548897 53.911938 23.886099 77.000000 
-110.202446 54.226864 23.869123 63.000000 
-110.068443 54.341824 23.864717 55.000000 
-110.641037 53.812065 23.892145 68.000000 
-110.190399 54.218761 23.869207 60.000000 
-110.714104 53.727482 23.883732 62.000000 
-110.625229 53.808609 23.886629 69.000000 
-110.166733 54.219959 23.859222 59.000000 
-110.707451 53.718029 23.887012 70.000000 
-110.610672 53.804184 23.882406 77.000000 
-110.154198 54.211208 23.859497 59.000000 
-110.699562 53.709419 23.889025 68.000000 
-110.594810 53.800571 23.876965 77.000000 
-110.271149 54.089207 23.867857 47.000000 
-110.142616 54.203438 23.859564 57.000000 
-110.774445 53.625996 23.885771 45.000000 
-110.684464 53.706326 23.883232 68.000000 
-110.253227 54.086433 23.862074 55.000000 
-110.125153 54.198978 23.855360 53.000000 
-110.769333 53.615936 23.890413 58.000000 
-110.674049 53.699337 23.882723 68.000000 
-110.245590 54.075554 23.865587 56.000000 
-110.763008 53.606693 23.893753 64.000000 
-110.663651 53.692307 23.882240 68.000000 
-110.236641 54.065598 23.867983 58.000000 
-110.751648 53.600685 23.891838 56.000000 
-110.651970 53.686073 23.880503 73.000000 
-110.331795 53.962791 23.862295 54.000000 
-110.214172 54.064911 23.859009 53.000000 
-110.736862 53.597466 23.885897 54.000000 
-110.322250 53.954468 23.863375 69.000000 
-110.198891 54.059978 23.855654 63.000000 
-110.834114 53.503204 23.909040 57.000000 
-110.721664 53.593742 23.880095 58.000000 
-110.312302 53.945625 23.864599 55.000000 
-110.811394 53.503815 23.894997 74.000000 
-110.716309 53.583149 23.884954 60.000000 
-110.295181 53.940716 23.860109 57.000000 
-110.792755 53.502399 23.884943 71.000000 
-110.708801 53.574562 23.887098 61.000000 
-110.278473 53.936211 23.855539 62.000000 
-110.781136 53.497913 23.881451 77.000000 
-110.387550 53.828987 23.864990 56.000000 
-110.255791 53.937023 23.844908 69.000000 
-110.771324 53.491020 23.880890 83.000000 
-110.374329 53.823330 23.862473 56.000000 
-110.248573 53.926193 23.848604 45.000000 
-110.768471 53.478745 23.888632 83.000000 
-110.352684 53.819920 23.854462 55.000000 
-110.753578 53.474781 23.882751 71.000000 
-110.342148 53.812428 23.854424 57.000000 
-110.739944 53.470001 23.878246 61.000000 
-110.451355 53.707558 23.868980 52.000000 
-110.329445 53.804760 23.853466 52.000000 
-110.432678 53.704659 23.861544 54.000000 
-110.323029 53.794685 23.857088 53.000000 
-110.419769 53.698917 23.858967 51.000000 
-110.409180 53.691048 23.859015 51.000000 
-110.502106 53.600128 23.861805 50.000000 
-110.402687 53.680763 23.862785 57.000000 
-110.483734 53.597008 23.854164 67.000000 
-110.383942 53.677551 23.855505 61.000000 
-110.481926 53.585155 23.861610 65.000000 
-110.366920 53.673935 23.849367 47.000000 
-110.474380 53.575871 23.864143 63.000000 
-110.454628 53.573299 23.855349 61.000000 
-110.544258 53.487038 23.858316 60.000000 
-110.440285 53.567646 23.851641 65.000000 
-110.544724 53.473202 23.868734 56.000000 
-110.425552 53.561447 23.848103 76.000000 
-110.526680 53.469765 23.860954 49.000000 
-110.420799 53.550526 23.853268 46.000000 
-110.511322 53.464821 23.855799 48.000000 
-110.608795 53.378395 23.869062 45.000000 
-110.493210 53.461189 23.848106 51.000000 
-110.596474 53.372150 23.866325 63.000000 
-110.487366 53.451233 23.852043 58.000000 
-110.578743 53.368496 23.858345 64.000000 
-110.487038 53.438526 23.861137 48.000000 
-110.562332 53.364079 23.851727 68.000000 
-110.560837 53.352413 23.859631 65.000000 
-110.555321 53.342712 23.863600 63.000000 
-110.538910 53.338123 23.857082 74.000000 
-110.526924 53.331997 23.854406 58.000000 
-110.165428 54.942825 23.861324 101.000000 
-110.136673 54.945358 23.853817 120.000000 
-110.127274 54.928371 23.858635 121.000000 
-110.105896 54.925022 23.855209 123.000000 
-110.277519 54.690807 23.860083 109.000000 
-110.086906 54.918861 23.853481 122.000000 
-110.260437 54.683723 23.859016 115.000000 
-110.246994 54.672573 23.860590 113.000000 
-110.225067 54.670689 23.856131 117.000000 
-110.388084 54.453403 23.864388 65.000000 
-110.204315 54.667381 23.852581 117.000000 
-110.375946 54.443169 23.865910 75.000000 
-110.353424 54.442738 23.860291 75.000000 
-110.330269 54.444046 23.853725 106.000000 
-110.492317 54.233593 23.870560 56.000000 
-110.311340 54.439537 23.850910 104.000000 
-110.495430 54.181557 23.864473 54.000000 
-109.933563 54.818893 23.833467 116.000000 
-110.478371 54.176067 23.862394 51.000000 
-109.911964 54.814610 23.830519 105.000000 
-110.458191 54.174812 23.857431 49.000000 
-109.885971 54.816093 23.824234 105.000000 
-110.597588 53.994099 23.864641 55.000000 
-110.441093 54.169170 23.855427 51.000000 
-109.859215 54.816833 23.818100 120.000000 
-110.572983 53.997883 23.855465 66.000000 
-110.077812 54.549007 23.845184 46.000000 
-109.845879 54.805046 23.820095 50.000000 
-110.553917 53.994904 23.851334 66.000000 
-110.041664 54.560303 23.831730 109.000000 
-110.701263 53.812504 23.872021 56.000000 
-110.539795 53.986961 23.851170 68.000000 
-110.025833 54.550983 23.832077 107.000000 
-110.676582 53.815704 23.862534 60.000000 
-110.530693 53.974113 23.854965 68.000000 
-110.001022 54.550510 23.826458 111.000000 
-110.655540 53.815208 23.856155 60.000000 
-109.991631 54.534718 23.831175 119.000000 
-110.646935 53.802757 23.860014 61.000000 
-110.163612 54.322845 23.836336 68.000000 
-110.776039 53.643700 23.872387 47.000000 
-110.635864 53.792652 23.861860 65.000000 
-110.143295 54.318764 23.833067 54.000000 
-110.755493 53.643219 23.865728 50.000000 
-110.618546 53.788399 23.858648 52.000000 
-110.125534 54.312126 23.831633 63.000000 
-110.734901 53.642635 23.859110 53.000000 
-110.107773 54.305416 23.830238 66.000000 
-110.731819 53.625912 23.867310 53.000000 
-110.274200 54.105907 23.840200 46.000000 
-110.839386 53.490746 23.867662 54.000000 
-110.711197 53.625187 23.860765 59.000000 
-110.257050 54.099518 23.838617 48.000000 
-110.835480 53.475632 23.874977 56.000000 
-110.698120 53.617542 23.860586 57.000000 
-110.239891 54.093063 23.837074 46.000000 
-110.825378 53.466087 23.876852 56.000000 
-110.213577 54.094883 23.829041 51.000000 
-110.807739 53.463142 23.872211 61.000000 
-110.364548 53.915012 23.836067 45.000000 
-110.195068 54.089439 23.826653 53.000000 
-110.902695 53.350731 23.863174 62.000000 
-110.789818 53.462185 23.866325 69.000000 
-110.347740 53.910988 23.833193 63.000000 
-110.893906 53.342304 23.864880 66.000000 
-110.769577 53.461266 23.859583 57.000000 
-110.325844 53.909267 23.827667 46.000000 
-110.884171 53.332916 23.866796 62.000000 
-110.301437 53.907482 23.821451 55.000000 
-110.865906 53.328949 23.862186 64.000000 
-110.291336 53.895199 23.824738 59.000000 
-110.851128 53.323723 23.859669 66.000000 
-110.437157 53.729752 23.832699 47.000000 
-110.954124 53.203983 23.863554 55.000000 
-110.834755 53.321495 23.854736 66.000000 
-110.420990 53.723492 23.830952 49.000000 
-110.944778 53.194767 23.865517 63.000000 
-110.406921 53.714401 23.831369 47.000000 
-111.044144 53.078472 23.873198 52.000000 
-110.927391 53.191208 23.860653 61.000000 
-110.397392 53.702473 23.834719 50.000000 
-111.025116 53.077488 23.865583 63.000000 
-110.909164 53.189041 23.854570 66.000000 
-110.523880 53.556862 23.835594 47.000000 
-110.373253 53.702671 23.827065 49.000000 
-111.003517 53.078384 23.855623 62.000000 
-110.899849 53.179688 23.856625 66.000000 
-110.508186 53.550697 23.833744 48.000000 
-110.994514 53.069302 23.857635 62.000000 
-110.496468 53.541245 23.835052 48.000000 
-111.089981 52.959827 23.865356 62.000000 
-110.979187 53.065102 23.853716 60.000000 
-110.478111 53.537094 23.831196 49.000000 
-111.085548 52.948586 23.870930 67.000000 
-110.970230 53.055946 23.855783 69.000000 
-110.458397 53.533928 23.826342 53.000000 
-111.066399 52.946892 23.863237 55.000000 
-110.961296 53.046768 23.857876 69.000000 
-110.596977 53.383503 23.842487 52.000000 
-111.053139 52.942215 23.860281 59.000000 
-110.582245 53.377884 23.840445 51.000000 
-111.144936 52.839901 23.867712 72.000000 
-111.041992 52.935154 23.859907 63.000000 
-110.564331 53.373741 23.836411 55.000000 
-111.132858 52.833965 23.865963 69.000000 
-111.037682 52.923836 23.865568 72.000000 
-110.538338 53.375645 23.825983 51.000000 
-111.109383 52.836105 23.852934 69.000000 
-111.022293 52.919052 23.861689 67.000000 
-110.673874 53.239914 23.842110 69.000000 
-110.533836 53.361126 23.832752 55.000000 
-111.099800 52.828224 23.853769 74.000000 
-110.659523 53.234344 23.839952 55.000000 
-111.190430 52.730812 23.862801 55.000000 
-111.093208 52.818962 23.857033 72.000000 
-110.639328 53.232159 23.833521 59.000000 
-111.172340 52.729191 23.854559 58.000000 
-111.078552 52.814583 23.852901 77.000000 
-110.624947 53.226448 23.831434 55.000000 
-111.164345 52.720589 23.856655 66.000000 
-111.067734 52.807484 23.852564 75.000000 
-110.748634 53.097073 23.846464 47.000000 
-110.606911 53.221607 23.827425 64.000000 
-111.158913 52.710262 23.861349 64.000000 
-110.730186 53.093899 23.840897 55.000000 
-110.600639 53.209923 23.832037 57.000000 
-111.233131 52.625740 23.857887 58.000000 
-111.145882 52.705029 23.858349 66.000000 
-110.709030 53.092518 23.833092 54.000000 
-111.225433 52.617321 23.859991 59.000000 
-111.132835 52.699738 23.855383 64.000000 
-110.694557 53.086327 23.831030 53.000000 
-111.220299 52.607250 23.864752 56.000000 
-111.115921 52.696899 23.848602 60.000000 
-110.802490 52.973164 23.836504 52.000000 
-110.689560 53.073528 23.836969 61.000000 
-111.205040 52.603657 23.859005 60.000000 
-110.781685 52.971645 23.828405 66.000000 
-110.677826 53.065388 23.837244 61.000000 
-111.294281 52.513210 23.873810 57.000000 
-111.197411 52.595154 23.861181 60.000000 
-110.772949 52.961895 23.830906 60.000000 
-111.281891 52.508076 23.870544 68.000000 
-111.184685 52.589832 23.858128 63.000000 
-110.768295 52.949440 23.836945 57.000000 
-111.266068 52.505608 23.863167 74.000000 
-111.177467 52.581703 23.860241 60.000000 
-110.747871 52.948174 23.828835 60.000000 
-111.251114 52.501869 23.857279 71.000000 
-111.168610 52.573914 23.861176 50.000000 
-110.731041 52.943649 23.824408 74.000000 
-111.238678 52.496532 23.854115 71.000000 
-110.845757 52.830284 23.839554 56.000000 
-110.719650 52.935516 23.824690 60.000000 
-111.233894 52.486618 23.859030 74.000000 
-110.825691 52.828884 23.831150 53.000000 
-111.226601 52.478203 23.861280 77.000000 
-110.810165 52.823021 23.827852 52.000000 
-111.214188 52.472740 23.858198 74.000000 
-110.797775 52.815884 23.826864 59.000000 
-110.909821 52.709076 23.843283 51.000000 
-110.786751 52.807854 23.827108 57.000000 
-110.896454 52.702942 23.840916 51.000000 
-110.881729 52.697552 23.837353 55.000000 
-110.864265 52.693684 23.831369 57.000000 
-110.960983 52.599686 23.837498 61.000000 
-110.854965 52.684971 23.832796 61.000000 
-110.941170 52.597328 23.828735 60.000000 
-110.837463 52.680946 23.826891 51.000000 
-110.943375 52.583199 23.840054 59.000000 
-110.927612 52.578445 23.835138 61.000000 
-111.009941 52.495014 23.831520 57.000000 
-110.911827 52.573608 23.830265 60.000000 
-111.005272 52.484493 23.836721 50.000000 
-110.900131 52.566463 23.829201 69.000000 
-111.003723 52.473003 23.844385 50.000000 
-110.883331 52.562691 23.823013 57.000000 
-110.988297 52.468155 23.839314 48.000000 
-110.970131 52.464626 23.831713 50.000000 
-111.074127 52.374161 23.851185 45.000000 
-110.950554 52.461693 23.822876 57.000000 
-111.053635 52.371941 23.840660 54.000000 
-110.946014 52.451042 23.828197 54.000000 
-111.039864 52.366291 23.836761 58.000000 
-111.022011 52.362541 23.828960 56.000000 
-111.013657 52.354137 23.830391 61.000000 
-111.007713 52.343960 23.834602 71.000000 
-110.998047 52.336147 23.834770 58.000000 
-110.988388 52.328300 23.834965 46.000000 
-110.690155 53.885487 23.864136 54.000000 
-110.665428 53.886658 23.858080 111.000000 
-110.639442 53.889084 23.851236 117.000000 
-110.618179 53.885921 23.847773 121.000000 
-110.608940 53.869045 23.852673 124.000000 
-110.783737 53.631245 23.862167 102.000000 
-110.588890 53.864384 23.850121 46.000000 
-110.758385 53.633667 23.855000 109.000000 
-110.743843 53.623981 23.855728 115.000000 
-110.720825 53.623543 23.850389 123.000000 
-110.879822 53.410522 23.857594 68.000000 
-110.867134 53.399853 23.859222 63.000000 
-110.847160 53.396927 23.855421 104.000000 
-110.847397 53.349922 23.846865 108.000000 
-111.005959 53.144108 23.862349 56.000000 
-110.840881 53.332649 23.853149 54.000000 
-110.450203 53.779778 23.827435 107.000000 
-110.984100 53.143860 23.856434 61.000000 
-110.437523 53.766468 23.830219 113.000000 
-110.969574 53.135944 23.856256 66.000000 
-110.412285 53.766273 23.824787 111.000000 
-111.103790 52.958504 23.862276 55.000000 
-110.947052 53.134987 23.850513 68.000000 
-110.387558 53.764042 23.820332 111.000000 
-111.078751 52.961956 23.853121 68.000000 
-110.928802 53.130692 23.847569 64.000000 
-110.360939 53.764915 23.814178 114.000000 
-111.057907 52.962112 23.846886 71.000000 
-110.570229 53.506508 23.837227 46.000000 
-111.036438 52.961655 23.840782 78.000000 
-110.541824 53.510216 23.828905 50.000000 
-111.183472 52.779476 23.862597 58.000000 
-111.029839 52.946484 23.846554 72.000000 
-110.513336 53.513779 23.820637 103.000000 
-111.157623 52.783928 23.852066 59.000000 
-111.019569 52.934959 23.849392 59.000000 
-110.498871 53.503227 23.821905 111.000000 
-111.141609 52.778740 23.849777 58.000000 
-110.682640 53.278690 23.837732 45.000000 
-111.125587 52.773483 23.847525 61.000000 
-110.650932 53.286007 23.826296 58.000000 
-111.251953 52.616890 23.858698 50.000000 
-111.120827 52.757553 23.854513 69.000000 
-110.634544 53.278301 23.825731 62.000000 
-111.227722 52.619907 23.848854 50.000000 
-110.620750 53.268066 23.827005 66.000000 
-111.212143 52.614754 23.846476 55.000000 
-110.608276 53.256565 23.829216 104.000000 
-111.209091 52.598106 23.854727 59.000000 
-111.322639 52.457470 23.861362 53.000000 
-111.191032 52.595146 23.850296 60.000000 
-110.753403 53.054859 23.836494 45.000000 
-111.312546 52.448013 23.863235 56.000000 
-111.170410 52.594372 23.843788 52.000000 
-111.299965 52.440742 23.862946 49.000000 
-110.710152 53.050457 23.826897 53.000000 
-111.286140 52.434528 23.861593 56.000000 
-110.859459 52.872169 23.834461 50.000000 
-110.691750 53.045139 23.824507 48.000000 
-111.378349 52.324383 23.851049 63.000000 
-111.268517 52.431553 23.856995 63.000000 
-110.836395 52.871807 23.827908 55.000000 
-111.363602 52.319363 23.848448 60.000000 
-111.247055 52.431774 23.849159 56.000000 
-110.814583 52.870171 23.822378 52.000000 
-111.355133 52.308941 23.851526 62.000000 
-110.792725 52.868431 23.816895 55.000000 
-111.337860 52.305946 23.846729 64.000000 
-110.776100 52.861996 23.815346 59.000000 
-111.325638 52.298634 23.846483 68.000000 
-110.918457 52.698463 23.822502 51.000000 
-111.438011 52.170277 23.860443 57.000000 
-111.308815 52.295963 23.841658 66.000000 
-110.904976 52.690041 23.822788 54.000000 
-111.422424 52.166279 23.856607 61.000000 
-110.884903 52.687130 23.818064 56.000000 
-111.405540 52.163227 23.851646 63.000000 
-110.879379 52.671947 23.824471 59.000000 
-111.501770 52.050686 23.856123 66.000000 
-111.389908 52.159081 23.847885 68.000000 
-111.004280 52.527588 23.825251 53.000000 
-110.864616 52.664490 23.823851 51.000000 
-111.483994 52.048656 23.849743 64.000000 
-111.375534 52.153847 23.845322 68.000000 
-110.991272 52.519333 23.825500 50.000000 
-111.469978 52.043583 23.846992 64.000000 
-110.979614 52.509960 23.826830 47.000000 
-111.568985 51.931389 23.859058 47.000000 
-111.453415 52.040401 23.841885 64.000000 
-110.966644 52.501621 23.827145 51.000000 
-111.554092 51.927383 23.854919 63.000000 
-111.445755 52.030327 23.845171 74.000000 
-110.941658 52.502785 23.818119 52.000000 
-111.548027 51.916695 23.859417 56.000000 
-111.439407 52.019268 23.849672 82.000000 
-111.079948 52.352604 23.835260 50.000000 
-111.524239 51.919155 23.846748 52.000000 
-111.066597 52.346027 23.834303 51.000000 
-111.613770 51.819176 23.852068 54.000000 
-111.517357 51.909771 23.849970 57.000000 
-111.043396 52.346062 23.825960 51.000000 
-111.604218 51.811447 23.852859 64.000000 
-111.516479 51.895283 23.859444 61.000000 
-111.022820 52.343929 23.819820 52.000000 
-111.587097 51.809093 23.846119 68.000000 
-111.496437 51.894703 23.850565 72.000000 
-111.150055 52.214420 23.830250 67.000000 
-111.017021 52.330524 23.825548 56.000000 
-111.578827 51.800381 23.848230 69.000000 
-111.469902 51.898613 23.835617 47.000000 
-111.143272 52.202457 23.834898 55.000000 
-111.666275 51.704529 23.855480 45.000000 
-111.573128 51.789864 23.852879 72.000000 
-111.121796 52.201324 23.827349 54.000000 
-111.644447 51.705521 23.843363 58.000000 
-111.555969 51.787315 23.846239 77.000000 
-111.105652 52.196159 23.824287 59.000000 
-111.636467 51.696968 23.845486 66.000000 
-111.542625 51.782036 23.843405 93.000000 
-111.090843 52.189941 23.822374 59.000000 
-111.719070 51.606491 23.851736 49.000000 
-111.631058 51.686691 23.850206 68.000000 
-111.211166 52.064438 23.834490 46.000000 
-111.081444 52.179779 23.824924 50.000000 
-111.706360 51.601444 23.848549 64.000000 
-111.615486 51.683186 23.844646 68.000000 
-111.187363 52.064999 23.824392 49.000000 
-111.694901 51.595520 23.846716 61.000000 
-111.605019 51.676231 23.844269 70.000000 
-111.182373 52.052303 23.830338 48.000000 
-111.692307 51.583874 23.854145 54.000000 
-111.590698 51.671749 23.840065 73.000000 
-111.176086 52.040550 23.835159 55.000000 
-111.769737 51.500507 23.857529 47.000000 
-111.677071 51.580303 23.848406 60.000000 
-111.265244 51.940800 23.825155 62.000000 
-111.154922 52.038990 23.827469 58.000000 
-111.754318 51.498577 23.849989 63.000000 
-111.665115 51.575901 23.845118 63.000000 
-111.250702 51.936604 23.821545 62.000000 
-111.744423 51.491886 23.849443 68.000000 
-111.649834 51.572186 23.839449 61.000000 
-111.247421 51.923325 23.828787 62.000000 
-111.727852 51.488571 23.842299 74.000000 
-111.644417 51.561634 23.844444 61.000000 
-111.227531 51.920242 23.822104 64.000000 
-111.715416 51.483299 23.839123 68.000000 
-111.213463 51.914009 23.820023 79.000000 
-111.702972 51.477966 23.835979 71.000000 
-111.321167 51.805229 23.829969 47.000000 
-111.196671 51.909470 23.815638 54.000000 
-111.698181 51.468071 23.840929 77.000000 
-111.304771 51.800835 23.825306 49.000000 
-111.690880 51.459671 23.843212 77.000000 
-111.291069 51.794666 23.823092 47.000000 
-111.681030 51.452732 23.842833 83.000000 
-111.274635 51.790115 23.818508 49.000000 
-111.381073 51.686756 23.830645 56.000000 
-111.263641 51.782146 23.818769 56.000000 
-111.365013 51.682262 23.825825 55.000000 
-111.350693 51.677361 23.822147 58.000000 
-111.337318 51.671124 23.819870 56.000000 
-111.435577 51.576904 23.827654 58.000000 
-111.336617 51.658192 23.828569 63.000000 
-111.410385 51.577621 23.813831 58.000000 
-111.319160 51.654236 23.822662 55.000000 
-111.407379 51.564423 23.821804 58.000000 
-111.401123 51.554420 23.825739 63.000000 
-111.479240 51.473274 23.818745 46.000000 
-111.384003 51.550362 23.819618 72.000000 
-111.474579 51.462795 23.823978 47.000000 
-111.370956 51.543995 23.817314 74.000000 
-111.469971 51.452320 23.829229 47.000000 
-111.362022 51.535366 23.818817 51.000000 
-111.459976 51.444660 23.829336 47.000000 
-111.436378 51.443943 23.816595 50.000000 
-111.536247 51.355534 23.832460 55.000000 
-111.423637 51.437538 23.814203 59.000000 
-111.519798 51.351295 23.825909 61.000000 
-111.413635 51.429699 23.814415 54.000000 
-111.504677 51.346313 23.820717 57.000000 
-111.485466 51.343204 23.811619 68.000000 
-111.486641 51.330284 23.822277 60.000000 
-111.474930 51.324730 23.819536 65.000000 
-111.472107 51.313759 23.826281 50.000000 
-111.130348 52.906715 23.834173 111.000000 
-111.103119 52.910629 23.826490 120.000000 
-111.080574 52.908909 23.822189 121.000000 
-111.057991 52.907093 23.817932 123.000000 
-111.242622 52.653568 23.835192 106.000000 
-111.048576 52.890156 23.822872 118.000000 
-111.218391 52.654736 23.828894 119.000000 
-111.197701 52.651764 23.825262 119.000000 
-111.183014 52.642033 23.826031 121.000000 
-111.335945 52.432961 23.829067 62.000000 
-111.170784 52.629593 23.828579 119.000000 
-111.312881 52.434601 23.822409 65.000000 
-111.302444 52.421253 23.825905 72.000000 
-111.284119 52.415142 23.824053 110.000000 
-111.465424 52.158226 23.838772 48.000000 
-111.301353 52.348011 23.830084 111.000000 
-110.910660 52.800644 23.803747 63.000000 
-111.443504 52.158051 23.832859 59.000000 
-110.889091 52.796631 23.800756 106.000000 
-111.428864 52.150166 23.832689 59.000000 
-110.870003 52.789879 23.799459 108.000000 
-111.413010 52.143494 23.831604 61.000000 
-110.854683 52.779102 23.800680 111.000000 
-111.546120 51.966976 23.835888 63.000000 
-111.394691 52.139278 23.828659 63.000000 
-110.829285 52.778786 23.795349 120.000000 
-111.524025 51.968472 23.828663 68.000000 
-111.023148 52.533081 23.808544 104.000000 
-110.805801 52.777657 23.790783 45.000000 
-111.504974 51.965656 23.824532 68.000000 
-111.006042 52.525295 23.808004 109.000000 
-111.489609 51.959080 23.823399 82.000000 
-110.988945 52.517445 23.807505 102.000000 
-111.628746 51.783428 23.838711 58.000000 
-111.470512 51.956108 23.819345 75.000000 
-110.965485 52.515923 23.802732 113.000000 
-111.615158 51.775940 23.838467 58.000000 
-110.943260 52.513016 23.798870 109.000000 
-111.591675 51.777927 23.830069 59.000000 
-111.122559 52.291260 23.811291 58.000000 
-111.569366 51.778606 23.822739 67.000000 
-111.099709 52.289864 23.806217 56.000000 
-111.696571 51.620056 23.834364 51.000000 
-111.560730 51.766178 23.826693 66.000000 
-111.075531 52.289604 23.800289 61.000000 
-111.675278 51.621254 23.826588 55.000000 
-111.054512 52.287331 23.796099 66.000000 
-111.659622 51.616100 23.824245 56.000000 
-111.048355 52.269600 23.802849 49.000000 
-111.776855 51.469292 23.834700 54.000000 
-111.648422 51.605801 23.826271 57.000000 
-111.201630 52.079845 23.805384 45.000000 
-111.762901 51.463192 23.833294 56.000000 
-111.632767 51.600533 23.823999 57.000000 
-111.749458 51.457512 23.831823 55.000000 
-111.173027 52.062889 23.806002 48.000000 
-111.736755 51.450191 23.831575 58.000000 
-111.155846 52.056450 23.804546 53.000000 
-111.847565 51.323212 23.837292 45.000000 
-111.725319 51.441719 23.832453 59.000000 
-111.298141 51.883144 23.806643 49.000000 
-111.827301 51.322140 23.830256 60.000000 
-111.707588 51.438717 23.827896 66.000000 
-111.290588 51.868790 23.811831 55.000000 
-111.806717 51.322971 23.821936 61.000000 
-111.256393 51.877083 23.797693 52.000000 
-111.795898 51.312641 23.824121 61.000000 
-111.242317 51.868404 23.798090 61.000000 
-111.789116 51.301563 23.828289 66.000000 
-111.220924 51.867134 23.792576 49.000000 
-111.883995 51.185379 23.827009 53.000000 
-111.774292 51.296379 23.825817 68.000000 
-111.370132 51.695473 23.805321 49.000000 
-111.874565 51.176216 23.829004 59.000000 
-111.754860 51.295834 23.818773 51.000000 
-111.353951 51.689301 23.803623 49.000000 
-111.866425 51.166000 23.832190 66.000000 
-111.335129 51.685287 23.799948 52.000000 
-111.953278 51.059673 23.828041 62.000000 
-111.850731 51.161919 23.828430 63.000000 
-111.317612 51.680080 23.797321 56.000000 
-111.937935 51.055691 23.824064 64.000000 
-111.832481 51.159798 23.822386 68.000000 
-111.450066 51.528328 23.803644 47.000000 
-111.932648 51.043709 23.829693 58.000000 
-111.823112 51.150486 23.824497 52.000000 
-111.435379 51.523266 23.801605 46.000000 
-111.919472 51.039539 23.826767 60.000000 
-111.414345 51.521397 23.795668 48.000000 
-112.009850 50.933880 23.829773 69.000000 
-111.904114 51.035389 23.822886 62.000000 
-111.407890 51.507648 23.801241 51.000000 
-112.005737 50.920830 23.836838 55.000000 
-111.887466 51.032146 23.817848 64.000000 
-111.992470 50.916264 23.833889 59.000000 
-111.874619 51.025902 23.816425 53.000000 
-112.070503 50.822151 23.829296 49.000000 
-111.973251 50.914524 23.826271 59.000000 
-111.506775 51.350601 23.807961 49.000000 
-112.064621 50.811699 23.833879 77.000000 
-111.959503 50.909370 23.823498 65.000000 
-111.488831 51.346516 23.803970 51.000000 
-112.052498 50.805790 23.832178 69.000000 
-111.953415 50.898556 23.828104 65.000000 
-111.592773 51.233154 23.795343 56.000000 
-111.468178 51.344391 23.797873 58.000000 
-112.034050 50.804352 23.824213 66.000000 
-111.942238 50.891453 23.827835 51.000000 
-111.588463 51.219131 23.802237 60.000000 
-112.017670 50.800575 23.818914 65.000000 
-111.577087 51.209591 23.803717 59.000000 
-112.106277 50.703091 23.826883 64.000000 
-112.008057 50.792683 23.819830 81.000000 
-111.554169 51.209412 23.795113 55.000000 
-112.095253 50.698013 23.824921 58.000000 
-112.003120 50.782974 23.824316 78.000000 
-111.542885 51.202255 23.795174 59.000000 
-112.082153 50.692894 23.821911 60.000000 
-111.990990 50.776806 23.822769 47.000000 
-111.663857 51.074623 23.807955 51.000000 
-111.527962 51.196003 23.793304 52.000000 
-112.168335 50.599300 23.831741 60.000000 
-112.074120 50.684296 23.824087 60.000000 
-111.646698 51.070522 23.803581 49.000000 
-112.156822 50.593433 23.829903 59.000000 
-112.064842 50.676529 23.824997 64.000000 
-111.630844 51.065388 23.800390 53.000000 
-112.144051 50.588333 23.826777 56.000000 
-112.056862 50.667885 23.827219 68.000000 
-111.610947 51.063004 23.793814 53.000000 
-112.131264 50.583176 23.823681 54.000000 
-112.038651 50.665939 23.819191 55.000000 
-111.719772 50.948250 23.800554 63.000000 
-111.601814 51.053028 23.796406 61.000000 
-112.228630 50.486500 23.848135 49.000000 
-112.128624 50.571484 23.831156 58.000000 
-111.704277 50.943130 23.797201 58.000000 
-112.199913 50.491589 23.827335 63.000000 
-112.115868 50.566246 23.828115 61.000000 
-111.687424 50.938843 23.792713 58.000000 
-112.192093 50.482922 23.829630 68.000000 
-112.102707 50.560524 23.825222 61.000000 
-111.671463 50.933083 23.789570 64.000000 
-112.183411 50.475414 23.830490 68.000000 
-112.084801 50.558338 23.816996 60.000000 
-111.664040 50.922382 23.793365 69.000000 
-112.169151 50.472530 23.824423 65.000000 
-111.649391 50.917980 23.789896 62.000000 
-112.156670 50.467220 23.821304 68.000000 
-111.754234 50.810009 23.796761 47.000000 
-112.146355 50.459923 23.821018 74.000000 
-111.748108 50.798264 23.801912 49.000000 
-112.138992 50.451511 23.823328 77.000000 
-111.734322 50.792080 23.799736 49.000000 
-112.126511 50.446053 23.820299 58.000000 
-111.834808 50.691139 23.806742 50.000000 
-111.717819 50.787521 23.795195 47.000000 
-111.828102 50.681004 23.810575 51.000000 
-111.809685 50.678604 23.803194 49.000000 
-111.794891 50.673225 23.799686 55.000000 
-111.894936 50.576172 23.809917 52.000000 
-111.774643 50.670971 23.791292 54.000000 
-111.872421 50.575481 23.798622 63.000000 
-111.772079 50.658287 23.798933 58.000000 
-111.863335 50.567024 23.800014 61.000000 
-111.846153 50.563087 23.793863 65.000000 
-111.941383 50.471485 23.803190 45.000000 
-111.833015 50.556797 23.791538 69.000000 
-111.925896 50.466805 23.798080 49.000000 
-111.823959 50.548206 23.793022 72.000000 
-111.911728 50.461323 23.794300 50.000000 
-111.816292 50.538837 23.795790 55.000000 
-111.904312 50.452209 23.797010 50.000000 
-111.899643 50.441662 23.802317 48.000000 
-111.882774 50.437439 23.796059 60.000000 
-111.975395 50.351318 23.805128 58.000000 
-111.868233 50.431267 23.792557 64.000000 
-111.964264 50.344395 23.803890 61.000000 
-111.950432 50.338749 23.800055 58.000000 
-111.931152 50.335651 23.790998 61.000000 
-111.920364 50.328995 23.789726 58.000000 
-111.914680 50.319260 23.793871 68.000000 
-111.915894 50.306313 23.804579 48.000000 
-111.590240 51.920650 23.826670 109.000000 
-111.561790 51.926094 23.818214 113.000000 
-111.545074 51.917564 23.818106 120.000000 
-111.523621 51.914494 23.814718 121.000000 
-111.698326 51.669094 23.825064 106.000000 
-111.502136 51.911335 23.811377 124.000000 
-111.682518 51.663345 23.823877 49.000000 
-111.660568 51.661846 23.819407 109.000000 
-111.642181 51.656212 23.817589 119.000000 
-111.800880 51.437897 23.825161 52.000000 
-111.623779 51.650509 23.815809 121.000000 
-111.773544 51.443104 23.815901 68.000000 
-111.756958 51.436352 23.814865 75.000000 
-111.734879 51.434238 23.810324 106.000000 
-111.923904 51.165283 23.831821 48.000000 
-111.741585 51.377216 23.809441 108.000000 
-111.897095 51.170353 23.822165 48.000000 
-111.355293 51.804035 23.798944 101.000000 
-111.877480 51.167622 23.818235 53.000000 
-111.327408 51.806717 23.791925 66.000000 
-111.866982 51.156422 23.820875 55.000000 
-111.303917 51.805885 23.787319 105.000000 
-111.853462 51.147213 23.821743 63.000000 
-111.284683 51.799049 23.786144 120.000000 
-111.972542 50.983517 23.814226 63.000000 
-111.270500 51.786869 23.788290 55.000000 
-111.957062 50.977051 23.813087 66.000000 
-111.455246 51.547260 23.795185 46.000000 
-111.948318 50.964867 23.816803 75.000000 
-111.431114 51.547791 23.789454 106.000000 
-112.074089 50.800159 23.821199 56.000000 
-111.926697 50.964458 23.810820 70.000000 
-111.420181 51.533455 23.793327 115.000000 
-112.048195 50.802536 23.811979 61.000000 
-111.393974 51.532028 23.788013 122.000000 
-112.044296 50.785370 23.819967 58.000000 
-111.569359 51.311245 23.797480 52.000000 
-112.158974 50.636135 23.821688 49.000000 
-112.025635 50.782574 23.815744 65.000000 
-111.546402 51.309929 23.792459 54.000000 
-112.143250 50.631176 23.819305 51.000000 
-112.004463 50.782074 23.809525 72.000000 
-111.529793 51.302258 23.791973 56.000000 
-112.131226 50.622654 23.820131 55.000000 
-111.511902 51.295765 23.790628 66.000000 
-112.115494 50.617577 23.817820 53.000000 
-112.099754 50.612431 23.815544 56.000000 
-112.224510 50.458626 23.831673 52.000000 
-112.079010 50.611828 23.809088 59.000000 
-112.212776 50.452381 23.831217 51.000000 
-111.608154 51.091911 23.783695 49.000000 
-112.192543 50.451870 23.824436 52.000000 
-111.594688 51.081860 23.785086 53.000000 
-112.296387 50.329460 23.823957 52.000000 
-112.171745 50.450779 23.817801 58.000000 
-111.741814 50.900604 23.790857 45.000000 
-112.286713 50.318199 23.827213 60.000000 
-112.162720 50.440063 23.820908 61.000000 
-111.715950 50.902657 23.782469 52.000000 
-112.266113 50.319168 23.818933 62.000000 
-112.146683 50.436447 23.817411 50.000000 
-111.704903 50.892258 23.784683 55.000000 
-112.251213 50.314159 23.816425 59.000000 
-111.693306 50.881279 23.787046 63.000000 
-112.379791 50.167347 23.847151 45.000000 
-112.236794 50.309555 23.813848 61.000000 
-111.834930 50.714287 23.794117 45.000000 
-112.340950 50.183990 23.821136 53.000000 
-112.226913 50.300133 23.815905 64.000000 
-111.818649 50.708233 23.792414 50.000000 
-112.325188 50.180096 23.817341 50.000000 
-112.220078 50.289021 23.820126 62.000000 
-111.802559 50.699913 23.791992 52.000000 
-112.312218 50.172089 23.817265 49.000000 
-111.781021 50.698227 23.786350 51.000000 
-112.404701 50.059795 23.818394 61.000000 
-112.302734 50.162884 23.819332 51.000000 
-111.761864 50.696392 23.781513 48.000000 
-112.393959 50.053764 23.817827 62.000000 
-112.292961 50.155609 23.820057 55.000000 
-111.906494 50.532349 23.797256 47.000000 
-112.379799 50.048805 23.815105 57.000000 
-112.280991 50.148407 23.819862 63.000000 
-111.882271 50.532341 23.789358 50.000000 
-112.368950 50.040337 23.816097 60.000000 
-111.865112 50.527302 23.786591 51.000000 
-112.459984 49.932892 23.819775 56.000000 
-112.361107 50.030304 23.819393 62.000000 
-111.837875 50.531361 23.775431 55.000000 
-112.446175 49.927967 23.816933 62.000000 
-112.348679 50.024658 23.817848 74.000000 
-111.833939 50.515377 23.783127 48.000000 
-112.446632 49.912880 23.827492 65.000000 
-112.328148 50.024399 23.809309 72.000000 
-111.966980 50.366249 23.795656 46.000000 
-112.429901 49.909351 23.822361 61.000000 
-111.939667 50.369606 23.784153 47.000000 
-112.499367 49.821556 23.808239 61.000000 
-112.414009 49.906624 23.817055 65.000000 
-111.932732 50.357738 23.788673 50.000000 
-112.493805 49.811478 23.812756 68.000000 
-112.398926 49.902431 23.813114 72.000000 
-111.925339 50.345348 23.793341 51.000000 
-112.486603 49.801876 23.816141 74.000000 
-112.384254 49.898617 23.809101 63.000000 
-112.041336 50.222694 23.793764 69.000000 
-112.471436 49.797283 23.812126 68.000000 
-112.020073 50.219719 23.787630 61.000000 
-112.556938 49.700829 23.817127 58.000000 
-112.457939 49.792149 23.809296 68.000000 
-112.008224 50.212151 23.787809 52.000000 
-112.545036 49.694950 23.815401 62.000000 
-112.438057 49.791447 23.800236 74.000000 
-112.002113 50.198559 23.793798 54.000000 
-112.536911 49.686413 23.817562 58.000000 
-112.432198 49.780800 23.804983 74.000000 
-112.109009 50.079762 23.794775 45.000000 
-111.980911 50.197853 23.786303 59.000000 
-112.609200 49.601830 23.812456 45.000000 
-112.522896 49.682606 23.813213 55.000000 
-112.097549 50.072365 23.794878 53.000000 
-112.610497 49.588055 23.823721 53.000000 
-112.508453 49.678303 23.809008 60.000000 
-112.090988 50.060612 23.799694 49.000000 
-112.598534 49.581783 23.822041 60.000000 
-112.499100 49.670509 23.809967 66.000000 
-112.072403 50.057419 23.794289 50.000000 
-112.581047 49.580421 23.813593 52.000000 
-112.494873 49.659286 23.816074 60.000000 
-112.171143 49.948421 23.792538 65.000000 
-112.051094 50.056019 23.786655 53.000000 
-112.566048 49.577328 23.807816 52.000000 
-112.479958 49.656548 23.810450 49.000000 
-112.164482 49.938835 23.795996 60.000000 
-112.036057 50.051746 23.783348 50.000000 
-112.653267 49.486195 23.820776 58.000000 
-112.561180 49.567638 23.812574 56.000000 
-112.142235 49.938324 23.786844 60.000000 
-112.636589 49.483051 23.813662 71.000000 
-112.557747 49.555058 23.820314 60.000000 
-112.130241 49.929932 23.787235 53.000000 
-112.622772 49.478668 23.809166 74.000000 
-112.545303 49.550205 23.817244 63.000000 
-112.103867 49.931915 23.774675 62.000000 
-112.616898 49.469994 23.812647 63.000000 
-112.528610 49.547272 23.810390 51.000000 
-112.096794 49.921669 23.778379 74.000000 
-112.610680 49.460892 23.816259 68.000000 
-112.210403 49.806637 23.793049 47.000000 
-112.600311 49.453655 23.815985 74.000000 
-112.188042 49.805279 23.783792 46.000000 
-112.585220 49.449829 23.810272 80.000000 
-112.182251 49.793968 23.788851 46.000000 
-112.572662 49.444420 23.807270 83.000000 
-112.279488 49.693764 23.792833 56.000000 
-112.173805 49.784367 23.791531 49.000000 
-112.560097 49.438950 23.804300 52.000000 
-112.265961 49.687740 23.790522 57.000000 
-112.162674 49.776440 23.791842 45.000000 
-112.248390 49.684113 23.784554 50.000000 
-112.244301 49.672253 23.790920 57.000000 
-112.327744 49.583752 23.785517 56.000000 
-112.228073 49.667683 23.786253 59.000000 
-112.310493 49.580017 23.779333 63.000000 
-112.207733 49.665440 23.777950 57.000000 
-112.309380 49.566902 23.788315 60.000000 
-112.298874 49.559204 23.788494 59.000000 
-112.388206 49.469822 23.792292 45.000000 
-112.278900 49.556805 23.779905 67.000000 
-112.375328 49.463745 23.789795 47.000000 
-112.262955 49.552021 23.775131 63.000000 
-112.366486 49.455425 23.791197 53.000000 
-112.255180 49.542637 23.777924 65.000000 
-112.348206 49.452137 23.783617 50.000000 
-112.335312 49.445873 23.781225 49.000000 
-112.436966 49.354244 23.798937 49.000000 
-112.326492 49.437416 23.782719 54.000000 
-112.413673 49.353565 23.785843 64.000000 
-112.317688 49.428928 23.784239 60.000000 
-112.399750 49.348007 23.782011 65.000000 
-112.307549 49.421112 23.784502 49.000000 
-112.392563 49.339024 23.784779 60.000000 
-112.382698 49.331352 23.784946 65.000000 
-112.375572 49.322323 23.787762 68.000000 
-112.357559 49.318520 23.780134 68.000000 
-112.345345 49.312469 23.777636 65.000000 
-112.026260 50.944798 23.809456 109.000000 
-111.998886 50.948948 23.801901 119.000000 
-111.977295 50.946011 23.798527 120.000000 
-111.961578 50.936043 23.799324 122.000000 
-112.131920 50.693676 23.805616 115.000000 
-111.937592 50.935711 23.794384 119.000000 
-112.114571 50.686859 23.804632 117.000000 
-112.096046 50.681335 23.802820 119.000000 
-112.084656 50.667622 23.806240 121.000000 
-112.231331 50.459927 23.804594 65.000000 
-112.057762 50.671417 23.798452 123.000000 
-112.212891 50.456470 23.801664 61.000000 
-112.203362 50.441830 23.806095 63.000000 
-112.185471 50.436405 23.804228 63.000000 
-112.331886 50.235752 23.810730 46.000000 
-112.160324 50.438786 23.796980 104.000000 
-112.343002 50.173344 23.813253 49.000000 
-111.774300 50.844769 23.772228 62.000000 
-112.326935 50.166851 23.812195 48.000000 
-111.759865 50.832745 23.774292 68.000000 
-112.445847 50.000820 23.805042 57.000000 
-112.300575 50.172352 23.802605 57.000000 
-111.735001 50.833317 23.768930 105.000000 
-112.439919 49.984474 23.811720 55.000000 
-112.285683 50.164425 23.802565 57.000000 
-111.709358 50.833168 23.763721 114.000000 
-112.414673 49.988178 23.802725 55.000000 
-112.394226 49.986763 23.797699 59.000000 
-111.883217 50.574238 23.774494 103.000000 
-112.527039 49.811886 23.808233 47.000000 
-112.379845 49.979031 23.797611 63.000000 
-111.862030 50.570335 23.771507 111.000000 
-112.507111 49.810593 23.802925 58.000000 
-112.364243 49.972488 23.796581 66.000000 
-111.837036 50.570232 23.766001 109.000000 
-112.490807 49.805561 23.800711 59.000000 
-111.822113 50.559677 23.767382 102.000000 
-112.469582 49.805298 23.794466 57.000000 
-111.998642 50.334579 23.777111 65.000000 
-112.453239 49.800114 23.792330 60.000000 
-111.980621 50.328266 23.775730 56.000000 
-112.582230 49.635555 23.805243 51.000000 
-112.445534 49.786461 23.797335 67.000000 
-111.954964 50.329437 23.769030 56.000000 
-112.559021 49.637634 23.796612 50.000000 
-111.942001 50.317932 23.771307 75.000000 
-112.546844 49.629059 23.797503 55.000000 
-112.667587 49.478020 23.809334 46.000000 
-112.539505 49.617928 23.801380 60.000000 
-112.083122 50.114201 23.774431 45.000000 
-112.647285 49.477715 23.802534 63.000000 
-112.518677 49.617420 23.794970 55.000000 
-112.079742 50.094509 23.783222 45.000000 
-112.635773 49.467278 23.804686 61.000000 
-112.500465 49.612354 23.791960 47.000000 
-112.049538 50.098091 23.773668 46.000000 
-112.627815 49.455502 23.808846 59.000000 
-112.030792 50.092930 23.771374 49.000000 
-112.723618 49.338715 23.800825 57.000000 
-112.613472 49.451424 23.806307 64.000000 
-112.186295 49.904831 23.781588 55.000000 
-112.714043 49.329910 23.802691 65.000000 
-112.588074 49.455296 23.795315 61.000000 
-112.164261 49.903477 23.776159 55.000000 
-112.703262 49.322178 23.803455 57.000000 
-112.576401 49.446747 23.796309 55.000000 
-112.144760 49.899654 23.772711 55.000000 
-112.690247 49.314568 23.803328 57.000000 
-112.117447 49.902798 23.763514 59.000000 
-112.788315 49.192089 23.805506 48.000000 
-112.678246 49.307850 23.803028 59.000000 
-112.270470 49.722210 23.779406 49.000000 
-112.776192 49.185127 23.805193 53.000000 
-112.662743 49.302307 23.800724 64.000000 
-112.252777 49.717342 23.776741 49.000000 
-112.767807 49.174965 23.808380 51.000000 
-112.640671 49.304104 23.791531 68.000000 
-112.753212 49.170025 23.805811 50.000000 
-112.205582 49.717602 23.762522 49.000000 
-112.840034 49.060944 23.801622 69.000000 
-112.737350 49.166065 23.802120 53.000000 
-112.349304 49.552258 23.777201 53.000000 
-112.833717 49.050430 23.805946 64.000000 
-112.723213 49.161461 23.799515 63.000000 
-112.325539 49.552940 23.769205 48.000000 
-112.818222 49.046539 23.802067 60.000000 
-112.713638 49.152191 23.801661 59.000000 
-112.310875 49.545799 23.768522 48.000000 
-112.802711 49.042576 23.798222 62.000000 
-112.297523 49.537506 23.768911 50.000000 
-112.895638 48.932163 23.803631 50.000000 
-112.787186 49.038540 23.794413 69.000000 
-112.284439 49.527023 23.770620 53.000000 
-112.884148 48.923050 23.804806 64.000000 
-112.777039 49.028538 23.796789 65.000000 
-112.869446 48.919525 23.800701 63.000000 
-112.762764 49.023388 23.794237 63.000000 
-112.848434 48.920746 23.790529 57.000000 
-112.750679 49.018105 23.792679 52.000000 
-112.380920 49.369690 23.774343 46.000000 
-112.943733 48.812187 23.801733 59.000000 
-112.842506 48.910358 23.795033 65.000000 
-112.365929 49.364124 23.772461 49.000000 
-112.929344 48.808628 23.797478 69.000000 
-112.836182 48.899521 23.799665 63.000000 
-112.481728 49.238426 23.773268 57.000000 
-112.350410 49.357983 23.770741 55.000000 
-112.915756 48.803646 23.794617 65.000000 
-112.820175 48.896713 23.794468 59.000000 
-112.475021 49.226898 23.777834 60.000000 
-113.004166 48.703365 23.802948 47.000000 
-112.907204 48.794926 23.796795 68.000000 
-112.808357 48.889156 23.794397 51.000000 
-112.455475 49.223492 23.772734 57.000000 
-112.994667 48.695797 23.803789 50.000000 
-112.897415 48.787094 23.797745 74.000000 
-112.435547 49.222008 23.766321 57.000000 
-112.977669 48.693501 23.796951 60.000000 
-112.883835 48.781963 23.794975 78.000000 
-112.419930 49.215389 23.764618 55.000000 
-112.973206 48.682320 23.802984 64.000000 
-112.865143 48.780384 23.787247 77.000000 
-112.548744 49.078556 23.783743 57.000000 
-112.410637 49.205723 23.767097 61.000000 
-112.963760 48.674648 23.803905 62.000000 
-112.855370 48.772408 23.788288 52.000000 
-112.520790 49.082367 23.770351 53.000000 
-113.035416 48.589050 23.798336 58.000000 
-112.951790 48.668682 23.802290 64.000000 
-112.502075 49.079254 23.764973 49.000000 
-113.029991 48.578999 23.803154 61.000000 
-112.936005 48.665260 23.796869 68.000000 
-112.498032 49.065472 23.772118 51.000000 
-113.024612 48.568947 23.807989 52.000000 
-112.918922 48.662617 23.790207 82.000000 
-112.598869 48.953430 23.771790 59.000000 
-112.484665 49.058395 23.771347 55.000000 
-113.011703 48.563869 23.804974 54.000000 
-112.914612 48.651337 23.796352 60.000000 
-112.576538 48.953056 23.762669 64.000000 
-112.472656 49.050320 23.771742 46.000000 
-113.094604 48.474556 23.813660 51.000000 
-112.996254 48.560379 23.799372 56.000000 
-112.570175 48.941483 23.767611 57.000000 
-113.082016 48.469540 23.810497 68.000000 
-112.983315 48.555168 23.796427 56.000000 
-112.559845 48.932663 23.769075 58.000000 
-113.066902 48.466042 23.804684 68.000000 
-112.972931 48.548275 23.796127 65.000000 
-112.545502 48.926544 23.767073 58.000000 
-113.049622 48.464451 23.796116 61.000000 
-112.965500 48.540146 23.798347 54.000000 
-112.646530 48.818680 23.770361 50.000000 
-112.527550 48.923584 23.761480 64.000000 
-113.038239 48.458450 23.794395 68.000000 
-112.647263 48.803009 23.781376 47.000000 
-113.031944 48.449310 23.798050 61.000000 
-112.633316 48.797001 23.779226 49.000000 
-113.025688 48.440159 23.801723 74.000000 
-112.619370 48.790932 23.777111 49.000000 
-113.015259 48.432865 23.801533 83.000000 
-112.718277 48.687683 23.783148 47.000000 
-112.599579 48.787769 23.770391 54.000000 
-112.994934 48.432022 23.790592 58.000000 
-112.708702 48.679218 23.784554 60.000000 
-112.586967 48.780693 23.769548 55.000000 
-112.690147 48.676994 23.777260 55.000000 
-112.673843 48.672554 23.772596 56.000000 
-112.660217 48.666393 23.770424 57.000000 
-112.755569 48.569958 23.775490 54.000000 
-112.653374 48.656105 23.774403 65.000000 
-112.732872 48.569382 23.764355 60.000000 
-112.635681 48.652271 23.768629 52.000000 
-112.731682 48.556213 23.773361 60.000000 
-112.723801 48.546944 23.776106 61.000000 
-112.812935 48.456905 23.779272 49.000000 
-112.706459 48.543037 23.770107 65.000000 
-112.799980 48.450829 23.776836 54.000000 
-112.691803 48.537510 23.766655 74.000000 
-112.795105 48.440296 23.782139 54.000000 
-112.782166 48.434128 23.779764 51.000000 
-112.763802 48.430794 23.772303 54.000000 
-112.746758 48.426636 23.766167 57.000000 
-112.845924 48.335865 23.780378 54.000000 
-112.739243 48.417404 23.769018 57.000000 
-112.831947 48.330341 23.776604 58.000000 
-112.809830 48.328804 23.765017 55.000000 
-112.803947 48.319080 23.769165 58.000000 
-112.800827 48.308018 23.775940 61.000000 
-112.789566 48.300934 23.774910 65.000000 
-112.506485 49.892555 23.823683 54.000000 
-112.482750 49.892742 23.818632 106.000000 
-112.452393 49.899250 23.809582 120.000000 
-112.430870 49.896416 23.806276 117.000000 
-112.412407 49.891277 23.804577 120.000000 
-112.583870 49.645576 23.812998 50.000000 
-112.401512 49.875813 23.808764 59.000000 
-112.562363 49.642395 23.809565 103.000000 
-112.543877 49.636955 23.807819 117.000000 
-112.692551 49.426655 23.808153 55.000000 
-112.530846 49.626572 23.809477 119.000000 
-112.673500 49.422810 23.805334 65.000000 
-112.509972 49.623703 23.806080 117.000000 
-112.658005 49.414906 23.805264 61.000000 
-112.644913 49.404301 23.807037 72.000000 
-112.649834 49.348476 23.804585 72.000000 
-112.795792 49.147678 23.811163 49.000000 
-112.630745 49.344364 23.801920 66.000000 
-112.256233 49.793125 23.787167 63.000000 
-112.786362 49.135345 23.814747 49.000000 
-112.231506 49.794003 23.781786 101.000000 
-112.765488 49.134068 23.809984 48.000000 
-112.215912 49.783432 23.783087 108.000000 
-112.745781 49.131413 23.806204 60.000000 
-112.190392 49.783516 23.777903 111.000000 
-112.876274 48.952324 23.808674 66.000000 
-112.727272 49.127392 23.803404 52.000000 
-112.169815 49.778149 23.776030 56.000000 
-112.855881 48.951065 23.803673 63.000000 
-112.360565 49.527073 23.787855 106.000000 
-112.837883 48.947212 23.800669 66.000000 
-112.335732 49.527298 23.782324 107.000000 
-112.972748 48.769871 23.813406 58.000000 
-112.819862 48.943287 23.797705 71.000000 
-112.304565 49.533916 23.772573 117.000000 
-112.956505 48.764999 23.811209 59.000000 
-112.805504 48.935558 23.797709 71.000000 
-112.288414 49.524803 23.773119 117.000000 
-112.932922 48.767349 23.802954 57.000000 
-112.471336 49.291557 23.788643 52.000000 
-112.916634 48.762314 23.800835 61.000000 
-112.443298 49.295586 23.780134 68.000000 
-113.043510 48.598740 23.813181 46.000000 
-112.900330 48.757214 23.798750 61.000000 
-112.426567 49.288078 23.779711 54.000000 
-113.025276 48.596272 23.808784 50.000000 
-112.891449 48.744839 23.802780 63.000000 
-112.406029 49.284294 23.776651 63.000000 
-113.004555 48.596069 23.802324 53.000000 
-112.390564 49.275394 23.777199 63.000000 
-112.992424 48.587570 23.803261 51.000000 
-112.538574 49.085342 23.775770 48.000000 
-113.109138 48.440037 23.812063 50.000000 
-112.983879 48.577675 23.806122 53.000000 
-112.527466 49.075413 23.777838 51.000000 
-113.092545 48.436375 23.808590 58.000000 
-112.968071 48.572598 23.803968 59.000000 
-112.517715 49.061901 23.782021 49.000000 
-113.079643 48.429237 23.808413 57.000000 
-112.504173 49.052032 23.783451 48.000000 
-113.071724 48.417526 23.812607 51.000000 
-113.173294 48.295212 23.810398 56.000000 
-113.055122 48.413692 23.809235 60.000000 
-112.623909 48.872147 23.780466 55.000000 
-113.152885 48.294380 23.803518 57.000000 
-113.033493 48.414268 23.801567 69.000000 
-112.604454 48.868477 23.777042 57.000000 
-113.142113 48.286697 23.804329 61.000000 
-112.584969 48.864716 23.773661 55.000000 
-113.131615 48.276958 23.806492 59.000000 
-112.560257 48.865574 23.766472 61.000000 
-113.114624 48.274647 23.801760 57.000000 
-112.720688 48.678009 23.788443 49.000000 
-113.217270 48.147614 23.808546 55.000000 
-113.104156 48.264824 23.803986 66.000000 
-112.705643 48.670948 23.787834 47.000000 
-113.208923 48.137508 23.811769 58.000000 
-113.089661 48.260220 23.801556 57.000000 
-112.681480 48.671818 23.780262 49.000000 
-113.191841 48.134731 23.806944 58.000000 
-112.662483 48.668018 23.776737 56.000000 
-113.283348 48.021561 23.807600 59.000000 
-113.179764 48.127693 23.806765 58.000000 
-112.651901 48.657875 23.779116 51.000000 
-113.275818 48.012123 23.810764 60.000000 
-113.161858 48.126270 23.800753 61.000000 
-113.260345 48.008301 23.806932 62.000000 
-113.149773 48.119122 23.800638 61.000000 
-112.760941 48.502197 23.778158 47.000000 
-113.243607 48.005413 23.801952 64.000000 
-112.750275 48.491806 23.780657 47.000000 
-113.339981 47.892124 23.811163 56.000000 
-113.225571 48.003445 23.795824 69.000000 
-112.731728 48.487934 23.776991 47.000000 
-113.329422 47.883968 23.812162 67.000000 
-113.221436 47.990414 23.802757 67.000000 
-113.313057 47.881050 23.806988 59.000000 
-113.212273 47.981369 23.804977 65.000000 
-113.296654 47.878052 23.801853 59.000000 
-112.833473 48.324497 23.786612 51.000000 
-113.386620 47.773472 23.808374 65.000000 
-113.285286 47.871136 23.801622 61.000000 
-112.813225 48.323235 23.780504 49.000000 
-113.368492 47.772766 23.800409 77.000000 
-113.278175 47.861763 23.804955 72.000000 
-112.928658 48.197613 23.781557 56.000000 
-112.792427 48.321358 23.774570 51.000000 
-113.354919 47.767841 23.797594 73.000000 
-113.263016 47.857628 23.801136 67.000000 
-112.917549 48.188728 23.782970 62.000000 
-113.343864 47.761013 23.797310 69.000000 
-113.243996 47.856255 23.793713 47.000000 
-112.897186 48.186909 23.776703 57.000000 
-113.431091 47.661873 23.804329 52.000000 
-113.339157 47.749569 23.803289 72.000000 
-112.882103 48.180946 23.774883 59.000000 
-113.416191 47.657429 23.800219 64.000000 
-113.323906 47.744976 23.799431 74.000000 
-112.861183 48.178436 23.768835 64.000000 
-113.410507 47.647182 23.804996 64.000000 
-113.310333 47.739838 23.796740 74.000000 
-112.991058 48.040646 23.789152 51.000000 
-112.854111 48.166325 23.773682 62.000000 
-113.472076 47.568665 23.788967 62.000000 
-113.406540 47.636486 23.810959 62.000000 
-112.960922 48.046967 23.773443 51.000000 
-113.467865 47.557796 23.795113 85.000000 
-113.392059 47.632328 23.806826 66.000000 
-112.950218 48.038113 23.774921 53.000000 
-113.464958 47.546093 23.802584 56.000000 
-113.377563 47.628105 23.802731 73.000000 
-112.935524 48.032108 23.773035 55.000000 
-113.457069 47.537750 23.804829 56.000000 
-113.359215 47.626389 23.794846 72.000000 
-113.042732 47.915344 23.778549 59.000000 
-112.926193 48.022217 23.775703 63.000000 
-113.444153 47.532700 23.801865 54.000000 
-113.349808 47.618587 23.795919 53.000000 
-113.020416 47.915051 23.769491 63.000000 
-112.918251 48.011345 23.779530 54.000000 
-113.519371 47.448090 23.802427 57.000000 
-113.433762 47.525944 23.801544 54.000000 
-113.011414 47.905396 23.772133 62.000000 
-113.517166 47.437138 23.809919 74.000000 
-113.418678 47.522850 23.795916 58.000000 
-113.002899 47.896202 23.774664 64.000000 
-113.498268 47.436050 23.800144 68.000000 
-113.413406 47.512737 23.800873 65.000000 
-112.985878 47.891987 23.770384 64.000000 
-113.485634 47.430935 23.797098 68.000000 
-113.405617 47.504242 23.803240 60.000000 
-113.095535 47.777447 23.782253 50.000000 
-112.967491 47.888596 23.764984 69.000000 
-113.475533 47.424202 23.796753 68.000000 
-113.088295 47.767143 23.786097 49.000000 
-113.465439 47.417427 23.796434 68.000000 
-113.068985 47.764698 23.779217 46.000000 
-113.460472 47.407539 23.801472 77.000000 
-113.055038 47.758671 23.777155 46.000000 
-113.447845 47.402237 23.798542 83.000000 
-113.041084 47.752583 23.775127 54.000000 
-113.432648 47.398396 23.792984 52.000000 
-113.149925 47.644058 23.789362 58.000000 
-113.027130 47.746433 23.773136 52.000000 
-113.125580 47.644756 23.777361 56.000000 
-113.106560 47.642010 23.770311 52.000000 
-113.094284 47.635063 23.769413 61.000000 
-113.194794 47.535378 23.779423 58.000000 
-113.091530 47.622364 23.777086 66.000000 
-113.168053 47.537220 23.764597 60.000000 
-113.169586 47.522530 23.776125 61.000000 
-113.160370 47.514088 23.777651 67.000000 
-113.246582 47.425518 23.778250 49.000000 
-113.141655 47.510998 23.770464 69.000000 
-113.230927 47.420956 23.773302 57.000000 
-113.126999 47.505516 23.767063 72.000000 
-113.227402 47.409710 23.779915 54.000000 
-113.214455 47.403576 23.777592 54.000000 
-113.197426 47.399551 23.771473 57.000000 
-113.294678 47.309307 23.784576 58.000000 
-113.180367 47.395435 23.765398 58.000000 
-113.278008 47.305271 23.778198 64.000000 
-113.178322 47.383385 23.773378 58.000000 
-113.265366 47.299095 23.775782 61.000000 
-113.248650 47.294891 23.769487 58.000000 
-113.242790 47.285225 23.773661 61.000000 
-113.234238 47.276882 23.775248 65.000000 
-113.224342 47.269173 23.775562 65.000000 
-112.905807 48.930771 23.775188 121.000000 
-112.892250 48.918285 23.777687 108.000000 
-112.875252 48.909981 23.777750 120.000000 
-112.848915 48.912804 23.771259 117.000000 
-113.026825 48.655853 23.784922 104.000000 
-112.822510 48.915508 23.764820 121.000000 
-113.004723 48.654743 23.780603 114.000000 
-112.800743 48.912525 23.761719 64.000000 
-112.981407 48.654903 23.775467 107.000000 
-112.957550 48.656868 23.769421 115.000000 
-113.124054 48.421494 23.784145 50.000000 
-112.940056 48.650017 23.768686 122.000000 
-113.100693 48.421227 23.778805 58.000000 
-113.077950 48.421379 23.773418 59.000000 
-113.059921 48.416111 23.771687 63.000000 
-113.071716 48.352261 23.774546 104.000000 
-113.213898 48.152596 23.778578 53.000000 
-113.056099 48.344242 23.774687 56.000000 
-112.667534 48.815258 23.749819 62.000000 
-113.200073 48.143646 23.779530 49.000000 
-112.640701 48.816948 23.743855 104.000000 
-113.191711 48.130001 23.784176 53.000000 
-112.620682 48.812363 23.741905 111.000000 
-113.308411 47.962112 23.776680 52.000000 
-113.169495 48.130005 23.778618 57.000000 
-112.608574 48.797691 23.745811 114.000000 
-113.292717 47.955929 23.775660 63.000000 
-113.149651 48.127335 23.774981 57.000000 
-112.582863 48.797737 23.740803 61.000000 
-113.278229 47.948425 23.775650 61.000000 
-112.769394 48.547333 23.749846 103.000000 
-113.262543 47.942127 23.774698 64.000000 
-112.755585 48.535782 23.752125 106.000000 
-113.244415 47.938271 23.771833 63.000000 
-112.734322 48.532051 23.749321 113.000000 
-113.373802 47.764835 23.779781 57.000000 
-113.218933 47.941814 23.763155 68.000000 
-112.714287 48.526920 23.747416 119.000000 
-113.356201 47.761154 23.776705 59.000000 
-113.337357 47.758614 23.772652 60.000000 
-112.868729 48.294914 23.754841 58.000000 
-113.318481 47.755989 23.768641 61.000000 
-112.839272 48.300194 23.745615 62.000000 
-113.450920 47.585434 23.785397 51.000000 
-113.304504 47.748451 23.768715 61.000000 
-112.821098 48.293915 23.744455 69.000000 
-113.425217 47.590054 23.774834 51.000000 
-112.802925 48.287563 23.743336 69.000000 
-113.405571 47.588650 23.769566 55.000000 
-113.526428 47.433086 23.783264 58.000000 
-113.394547 47.578949 23.771675 57.000000 
-112.943443 48.078644 23.748013 49.000000 
-113.507263 47.431763 23.777716 58.000000 
-113.383545 47.569218 23.773813 62.000000 
-112.927147 48.071285 23.747665 48.000000 
-113.490532 47.428062 23.774378 61.000000 
-112.914696 48.060188 23.750135 53.000000 
-113.476250 47.422020 23.773247 57.000000 
-113.588959 47.286793 23.781404 57.000000 
-113.468193 47.410259 23.777561 58.000000 
-113.042107 47.870415 23.753119 50.000000 
-113.575111 47.280949 23.780130 62.000000 
-113.451965 47.406857 23.774220 61.000000 
-113.023117 47.867344 23.749680 60.000000 
-113.558060 47.278812 23.775423 62.000000 
-113.002228 47.864834 23.745447 63.000000 
-113.545441 47.271748 23.775335 62.000000 
-112.978706 47.864594 23.739338 64.000000 
-113.652336 47.139595 23.786287 45.000000 
-113.542824 47.255901 23.784212 64.000000 
-113.137955 47.675545 23.760641 51.000000 
-113.633942 47.138069 23.780331 57.000000 
-113.520737 47.257950 23.775139 64.000000 
-113.118896 47.671978 23.757137 49.000000 
-113.625465 47.127972 23.783636 59.000000 
-113.507637 47.250278 23.775253 64.000000 
-113.098511 47.669476 23.752680 45.000000 
-113.617027 47.117863 23.786964 54.000000 
-113.068794 47.677086 23.740036 50.000000 
-113.698784 47.012951 23.777664 52.000000 
-113.599564 47.117046 23.780893 59.000000 
-113.694389 47.000011 23.784571 79.000000 
-113.587387 47.110004 23.780828 65.000000 
-113.192657 47.504570 23.751822 48.000000 
-113.682114 46.992744 23.784492 62.000000 
-113.569679 47.106621 23.776316 65.000000 
-113.171387 47.503098 23.746124 52.000000 
-113.662773 46.991947 23.777233 62.000000 
-113.157936 47.494907 23.746660 53.000000 
-113.645912 46.989037 23.772383 64.000000 
-113.147141 47.484474 23.749292 53.000000 
-113.750748 46.868046 23.789452 69.000000 
-113.632813 46.983036 23.771116 74.000000 
-113.733040 46.866169 23.783148 62.000000 
-113.616371 46.980431 23.766226 79.000000 
-113.259834 47.329353 23.756790 47.000000 
-113.713226 46.866581 23.774342 57.000000 
-113.246895 47.321342 23.757275 46.000000 
-113.813347 46.752106 23.791765 47.000000 
-113.693718 46.865036 23.767023 63.000000 
-113.233963 47.313290 23.757793 47.000000 
-113.788475 46.755741 23.777748 65.000000 
-113.685204 46.856606 23.769222 67.000000 
-113.339882 47.194283 23.750542 52.000000 
-113.215729 47.309395 23.754093 51.000000 
-113.776077 46.749935 23.776264 66.000000 
-113.682190 46.842491 23.777737 72.000000 
-113.325500 47.186954 23.749979 60.000000 
-113.759888 46.746853 23.771070 65.000000 
-113.320045 47.174442 23.755785 57.000000 
-113.847801 46.645874 23.778944 52.000000 
-113.748741 46.740013 23.770897 72.000000 
-113.296417 47.174145 23.747604 61.000000 
-113.830711 46.643681 23.772253 64.000000 
-113.743958 46.728554 23.776970 74.000000 
-113.279037 47.170681 23.743593 61.000000 
-113.819878 46.636971 23.771992 66.000000 
-113.725197 46.727112 23.769394 77.000000 
-113.404938 47.033112 23.761236 51.000000 
-113.260643 47.166126 23.739897 55.000000 
-113.896797 46.545940 23.772573 46.000000 
-113.814102 46.626701 23.776863 64.000000 
-113.383537 47.032207 23.753706 55.000000 
-113.887909 46.538918 23.773424 64.000000 
-113.804985 46.619484 23.777811 73.000000 
-113.370552 47.025837 23.752871 58.000000 
-113.881149 46.529758 23.777029 61.000000 
-113.792923 46.613552 23.776352 74.000000 
-113.353088 47.021835 23.748817 55.000000 
-113.869385 46.523952 23.775427 51.000000 
-113.775757 46.611027 23.769836 85.000000 
-113.458229 46.904911 23.752693 59.000000 
-113.336937 47.016781 23.745934 61.000000 
-113.861420 46.515587 23.777769 50.000000 
-113.759834 46.607555 23.764631 51.000000 
-113.435814 46.904697 23.743746 62.000000 
-113.934875 46.430946 23.776655 52.000000 
-113.850937 46.508865 23.777527 51.000000 
-113.422691 46.897850 23.742987 60.000000 
-113.929688 46.421173 23.781649 74.000000 
-113.836639 46.504574 23.773405 58.000000 
-113.412254 46.889099 23.744579 57.000000 
-113.920761 46.413784 23.782654 74.000000 
-113.821053 46.501038 23.768019 60.000000 
-113.401848 46.880314 23.746202 69.000000 
-113.905533 46.410309 23.777014 71.000000 
-113.810570 46.494156 23.767868 61.000000 
-113.502815 46.770035 23.750422 56.000000 
-113.386055 46.875156 23.743221 64.000000 
-113.895348 46.403622 23.776741 80.000000 
-113.492760 46.761482 23.751968 51.000000 
-113.874985 46.403126 23.765852 68.000000 
-113.490791 46.747612 23.760691 46.000000 
-113.869904 46.393219 23.770962 80.000000 
-113.471367 46.745152 23.753956 47.000000 
-113.863586 46.384087 23.774759 90.000000 
-113.563164 46.645531 23.753260 45.000000 
-113.454613 46.740852 23.749645 54.000000 
-113.556984 46.636353 23.756962 55.000000 
-113.431915 46.741760 23.739157 45.000000 
-113.539246 46.632931 23.751190 55.000000 
-113.522827 46.628586 23.746683 55.000000 
-113.509094 46.622509 23.744654 57.000000 
-113.608223 46.520844 23.754469 54.000000 
-113.494522 46.615421 23.742950 57.000000 
-113.588112 46.518829 23.746017 60.000000 
-113.575104 46.513233 23.743717 65.000000 
-113.561691 46.507122 23.741594 65.000000 
-113.663605 46.408298 23.756815 53.000000 
-113.556427 46.496292 23.746981 63.000000 
-113.645172 46.405289 23.749401 57.000000 
-113.540314 46.491627 23.742432 63.000000 
-113.636528 46.397449 23.750830 52.000000 
-113.626175 46.389866 23.751152 51.000000 
-113.615829 46.382240 23.751501 54.000000 
-113.708519 46.293182 23.760344 47.000000 
-113.600052 46.377476 23.746792 52.000000 
-113.694443 46.287811 23.756672 54.000000 
-113.677658 46.283752 23.750431 56.000000 
-113.659477 46.280285 23.742935 56.000000 
-113.648071 46.273323 23.741983 55.000000 
-113.639397 46.264969 23.743658 56.000000 
-113.634850 46.254581 23.749247 51.000000 
-113.370972 47.848072 23.787411 66.000000 
-113.346016 47.849865 23.781698 121.000000 
-113.323318 47.848732 23.777685 121.000000 
-113.298248 47.850304 23.772068 122.000000 
-113.471588 47.594959 23.785233 106.000000 
-113.286446 47.834450 23.776478 121.000000 
-113.448402 47.595348 23.780102 106.000000 
-113.428200 47.593433 23.776651 113.000000 
-113.414352 47.582703 23.778519 115.000000 
-113.563644 47.366318 23.781919 58.000000 
-113.401718 47.570572 23.781282 121.000000 
-113.557350 47.322685 23.771513 62.000000 
-113.546486 47.309593 23.775209 72.000000 
-113.532112 47.300472 23.776230 104.000000 
-113.679512 47.092113 23.787025 51.000000 
-113.515900 47.292107 23.776484 104.000000 
-113.661011 47.088570 23.784218 51.000000 
-113.123169 47.744740 23.756624 106.000000 
-113.650917 47.078171 23.786900 48.000000 
-113.102806 47.742355 23.753742 102.000000 
-113.632408 47.074501 23.784163 51.000000 
-113.085884 47.733315 23.754393 105.000000 
-113.756874 46.897728 23.784256 52.000000 
-113.609047 47.075912 23.777710 60.000000 
-113.062798 47.730946 23.751011 121.000000 
-113.738876 46.894215 23.781315 63.000000 
-113.720848 46.890625 23.778412 64.000000 
-113.227875 47.475483 23.759668 106.000000 
-113.699173 46.890728 23.772619 68.000000 
-113.199280 47.479881 23.751741 113.000000 
-113.835876 46.708363 23.788521 56.000000 
-113.683525 46.884468 23.771749 71.000000 
-113.179329 47.474964 23.749842 119.000000 
-113.813538 46.709793 23.781382 61.000000 
-113.664215 46.881889 23.767992 55.000000 
-113.158112 47.471275 23.747133 119.000000 
-113.789917 46.712334 23.773273 58.000000 
-113.334930 47.240108 23.760176 65.000000 
-113.768661 46.712318 23.767242 61.000000 
-113.306877 47.244377 23.751835 63.000000 
-113.896370 46.544956 23.781551 52.000000 
-113.755943 46.703712 23.768339 69.000000 
-113.291313 47.235767 23.752457 66.000000 
-113.873184 46.547382 23.773092 53.000000 
-113.270714 47.232182 23.749559 104.000000 
-113.851700 46.548988 23.765627 50.000000 
-113.838211 46.541759 23.765652 49.000000 
-113.406845 47.027424 23.752529 50.000000 
-113.963432 46.381493 23.784132 55.000000 
-113.838318 46.521580 23.777233 56.000000 
-113.389351 47.021500 23.751257 51.000000 
-113.948006 46.376835 23.781879 58.000000 
-113.816231 46.522488 23.769985 49.000000 
-113.379494 47.008114 23.755585 49.000000 
-113.932564 46.372108 23.779661 55.000000 
-113.356895 47.006985 23.750683 55.000000 
-113.922066 46.362774 23.781813 57.000000 
-113.495560 46.827881 23.751934 63.000000 
-114.018715 46.242634 23.776110 69.000000 
-113.905380 46.359074 23.778580 64.000000 
-113.483711 46.817265 23.754412 53.000000 
-114.005608 46.235298 23.776104 62.000000 
-113.884933 46.358681 23.772142 66.000000 
-113.459053 46.818546 23.747288 59.000000 
-113.991043 46.231037 23.773676 55.000000 
-113.436905 46.817329 23.742142 61.000000 
-113.982925 46.219208 23.778206 57.000000 
-113.412125 46.818375 23.735123 45.000000 
-114.080681 46.094643 23.781658 51.000000 
-113.970863 46.212662 23.778072 61.000000 
-113.570076 46.630810 23.755733 47.000000 
-114.068985 46.088310 23.781404 50.000000 
-113.950798 46.212139 23.771387 64.000000 
-113.551041 46.627331 23.752277 47.000000 
-114.054329 46.083607 23.778982 50.000000 
-113.518997 46.635262 23.738892 46.000000 
-114.144318 45.969231 23.779724 54.000000 
-114.045906 46.073566 23.782351 53.000000 
-113.505074 46.626987 23.739519 49.000000 
-114.131248 45.963581 23.778334 66.000000 
-114.029991 46.069813 23.778843 57.000000 
-113.647575 46.458530 23.755383 47.000000 
-114.124413 45.952770 23.782902 60.000000 
-114.012802 46.067032 23.774223 66.000000 
-113.621178 46.461712 23.745550 48.000000 
-114.107620 45.950092 23.778015 60.000000 
-114.003166 46.057922 23.776529 54.000000 
-113.614288 46.448128 23.751255 48.000000 
-114.192146 45.843155 23.777742 47.000000 
-114.097069 45.942272 23.779085 64.000000 
-113.596970 46.443371 23.748735 52.000000 
-114.186089 45.833023 23.782276 69.000000 
-114.076469 45.942482 23.770725 69.000000 
-113.582802 46.436855 23.748182 45.000000 
-114.178391 45.823441 23.785721 62.000000 
-114.065117 45.936005 23.770561 74.000000 
-114.161140 45.822067 23.779346 59.000000 
-114.053314 45.929039 23.770542 58.000000 
-113.696312 46.280682 23.757263 51.000000 
-114.252167 45.714546 23.788561 49.000000 
-114.144669 45.819206 23.774340 61.000000 
-113.672859 46.281277 23.749268 47.000000 
-114.233582 45.713654 23.780794 67.000000 
-114.131134 45.814770 23.771683 65.000000 
-113.659409 46.272778 23.749969 51.000000 
-114.213272 45.713173 23.771935 72.000000 
-114.122597 45.804157 23.775473 72.000000 
-113.770973 46.147884 23.748543 65.000000 
-114.199615 45.708355 23.769245 65.000000 
-114.107346 45.800140 23.771786 57.000000 
-113.759750 46.139084 23.750093 61.000000 
-114.188477 45.701626 23.769079 69.000000 
-113.744576 46.133312 23.748377 61.000000 
-114.276009 45.600643 23.777258 61.000000 
-114.179878 45.693012 23.771429 69.000000 
-113.721436 46.133579 23.740118 61.000000 
-114.264778 45.595798 23.775488 66.000000 
-114.165810 45.689823 23.767351 77.000000 
-113.854485 45.992096 23.763510 45.000000 
-113.707214 46.128651 23.738209 61.000000 
-114.255234 45.588299 23.776531 56.000000 
-114.154686 45.682968 23.767269 69.000000 
-113.830505 45.993355 23.753710 57.000000 
-114.320915 45.503433 23.767338 69.000000 
-114.244888 45.579926 23.777834 64.000000 
-113.814789 45.986652 23.752153 58.000000 
-114.314140 45.494350 23.770956 59.000000 
-114.231575 45.574986 23.775108 64.000000 
-113.794685 45.984749 23.745848 55.000000 
-114.309448 45.485237 23.775667 54.000000 
-114.215256 45.573452 23.768358 73.000000 
-113.909225 45.861843 23.758070 50.000000 
-113.784851 45.976933 23.747208 63.000000 
-114.301483 45.476978 23.778015 52.000000 
-114.201912 45.568382 23.765699 82.000000 
-113.878929 45.867477 23.742134 66.000000 
-113.772743 45.969074 23.747746 63.000000 
-114.371399 45.393452 23.774776 60.000000 
-114.288086 45.471626 23.775288 52.000000 
-113.862694 45.862156 23.739191 62.000000 
-114.362442 45.386173 23.775768 63.000000 
-114.275070 45.466629 23.772474 60.000000 
-113.853592 45.852585 23.741957 64.000000 
-114.357269 45.376472 23.780788 68.000000 
-114.262054 45.461571 23.769695 63.000000 
-113.841835 45.844841 23.742428 64.000000 
-114.343315 45.372326 23.776489 65.000000 
-114.249023 45.456455 23.766949 58.000000 
-113.942062 45.734241 23.747059 46.000000 
-113.823357 45.841656 23.737141 69.000000 
-114.325546 45.370483 23.768229 71.000000 
-113.938675 45.721336 23.754580 51.000000 
-114.315353 45.363834 23.767998 74.000000 
-113.925980 45.714657 23.753773 47.000000 
-114.305176 45.357143 23.767794 74.000000 
-113.909248 45.710567 23.749432 46.000000 
-114.302681 45.345768 23.775583 83.000000 
-113.895203 45.704643 23.747507 56.000000 
-114.285599 45.344482 23.767216 68.000000 
-114.000854 45.597309 23.758923 59.000000 
-113.879303 45.701351 23.742958 52.000000 
-113.984489 45.593204 23.754374 58.000000 
-113.964996 45.590233 23.747568 58.000000 
-113.947227 45.586784 23.741888 59.000000 
-114.054504 45.480942 23.759317 50.000000 
-113.936203 45.579109 23.742338 63.000000 
-114.029068 45.482292 23.745859 58.000000 
-113.929268 45.568928 23.746464 49.000000 
-114.015671 45.476372 23.743706 61.000000 
-114.003624 45.469601 23.742834 63.000000 
-113.996048 45.460896 23.745584 69.000000 
-114.081421 45.371174 23.745855 53.000000 
-113.978577 45.457150 23.739796 72.000000 
-114.067963 45.364769 23.743748 57.000000 
-113.964775 45.450531 23.737928 56.000000 
-114.065689 45.352829 23.751736 54.000000 
-114.052643 45.346790 23.749542 52.000000 
-114.035507 45.342884 23.743568 56.000000 
-114.130630 45.252247 23.755074 56.000000 
-114.019707 45.338165 23.738911 56.000000 
-114.115196 45.247623 23.750143 58.000000 
-114.097404 45.244743 23.742506 56.000000 
-114.079201 45.241322 23.735064 56.000000 
-114.074593 45.231007 23.740644 56.000000 
-114.068657 45.221371 23.744944 64.000000 
-113.757477 46.920914 23.739447 116.000000 
-113.751625 46.898556 23.747730 116.000000 
-113.733292 46.891823 23.746988 121.000000 
-113.709206 46.892094 23.742174 123.000000 
-113.876312 46.640419 23.749891 104.000000 
-113.687378 46.889435 23.739052 124.000000 
-113.862160 46.629791 23.751644 117.000000 
-113.841087 46.627426 23.748260 113.000000 
-113.818817 46.626350 23.744061 121.000000 
-113.972008 46.400928 23.750038 62.000000 
-113.790657 46.632053 23.735600 122.000000 
-113.983749 46.335529 23.754084 72.000000 
-113.953270 46.343517 23.743412 72.000000 
-113.929222 46.345146 23.737204 75.000000 
-114.094337 46.116142 23.759808 48.000000 
-113.914726 46.338341 23.737143 108.000000 
-114.070969 46.117943 23.753214 57.000000 
-113.535156 46.785160 23.727903 103.000000 
-114.052261 46.114388 23.750422 55.000000 
-113.502251 46.794006 23.717894 68.000000 
-114.032341 46.112057 23.746731 59.000000 
-113.475304 46.795864 23.712009 111.000000 
-114.160049 45.928097 23.748962 52.000000 
-114.019547 46.101822 23.748705 61.000000 
-113.458054 46.786713 23.712681 120.000000 
-114.141846 45.924625 23.746004 68.000000 
-113.997208 46.101944 23.743221 59.000000 
-114.127205 45.917252 23.746014 63.000000 
-113.620598 46.528496 23.719044 49.000000 
-114.119759 45.902203 23.751907 63.000000 
-113.600426 46.523697 23.717081 103.000000 
-114.240509 45.733021 23.754633 49.000000 
-114.097946 45.902351 23.746136 71.000000 
-113.585167 46.513515 23.718567 115.000000 
-114.220428 45.732075 23.749510 56.000000 
-114.072464 45.906181 23.737490 64.000000 
-113.563744 46.509888 23.715839 105.000000 
-114.204536 45.725605 23.748583 60.000000 
-113.726707 46.287376 23.719213 58.000000 
-114.188026 45.720791 23.746578 61.000000 
-113.709641 46.280113 23.718887 65.000000 
-114.306404 45.560699 23.752508 49.000000 
-114.172081 45.716400 23.744505 63.000000 
-113.696983 46.269485 23.721144 61.000000 
-114.297615 45.548851 23.756626 57.000000 
-114.150673 45.716347 23.738537 57.000000 
-113.668694 46.273670 23.712900 69.000000 
-114.273125 45.552555 23.747145 53.000000 
-114.257065 45.547779 23.745043 59.000000 
-113.819740 46.048462 23.727106 46.000000 
-114.379654 45.387058 23.761578 55.000000 
-114.233658 45.550068 23.736702 62.000000 
-113.794540 46.050106 23.720251 48.000000 
-114.359245 45.387123 23.754965 55.000000 
-114.227371 45.535667 23.743040 60.000000 
-113.774315 46.046642 23.717150 46.000000 
-114.338776 45.387085 23.748394 52.000000 
-113.759125 46.038120 23.717789 48.000000 
-114.318260 45.386948 23.741869 58.000000 
-114.434265 45.245514 23.753881 56.000000 
-114.307533 45.377529 23.744034 69.000000 
-113.876564 45.853577 23.714167 55.000000 
-114.423965 45.236439 23.755978 65.000000 
-114.295609 45.369225 23.745146 61.000000 
-113.859367 45.847694 23.712814 57.000000 
-114.405121 45.235157 23.750280 61.000000 
-113.849152 45.836266 23.716175 61.000000 
-114.387970 45.233128 23.745630 64.000000 
-113.834534 45.827873 23.716814 52.000000 
-114.377693 45.223915 23.747820 68.000000 
-113.974884 45.651970 23.724705 47.000000 
-114.478523 45.094788 23.753576 54.000000 
-114.371170 45.211361 23.753380 73.000000 
-113.962090 45.642715 23.726221 51.000000 
-114.461266 45.092297 23.748835 53.000000 
-114.342278 45.218590 23.738922 55.000000 
-113.935181 45.646233 23.716812 50.000000 
-114.453873 45.081150 23.753330 55.000000 
-113.918510 45.640327 23.715420 55.000000 
-114.543304 44.965652 23.753134 56.000000 
-114.439072 45.076397 23.750956 59.000000 
-114.525177 44.964153 23.747015 74.000000 
-114.426758 45.069458 23.750910 65.000000 
-114.036964 45.469986 23.723516 46.000000 
-114.513199 44.957401 23.746855 62.000000 
-114.405685 45.069874 23.742872 52.000000 
-114.020607 45.466393 23.720680 47.000000 
-114.505898 44.948402 23.750046 69.000000 
-114.000526 45.463936 23.716082 48.000000 
-114.490211 44.944653 23.746395 75.000000 
-113.985634 45.456924 23.715643 51.000000 
-114.579521 44.832672 23.749830 56.000000 
-114.473244 44.941849 23.741602 75.000000 
-114.119385 45.298584 23.730597 46.000000 
-114.570854 44.824448 23.751953 56.000000 
-114.457512 44.937946 23.738028 65.000000 
-114.099785 45.296165 23.725740 45.000000 
-114.555069 44.820255 23.748257 57.000000 
-114.089294 45.286106 23.728373 47.000000 
-114.643166 44.713383 23.753975 50.000000 
-114.536415 44.819805 23.740732 61.000000 
-114.078842 45.276016 23.731035 51.000000 
-114.635635 44.703960 23.757462 56.000000 
-114.519318 44.816425 23.735905 63.000000 
-114.178940 45.158150 23.720156 57.000000 
-114.615685 44.703979 23.748508 58.000000 
-114.510674 44.808022 23.738144 65.000000 
-114.161507 45.155064 23.716057 57.000000 
-114.693405 44.608032 23.747311 54.000000 
-114.598167 44.702011 23.742092 65.000000 
-114.146965 45.147789 23.715559 57.000000 
-114.687401 44.597874 23.752119 70.000000 
-114.586899 44.695271 23.741934 69.000000 
-114.140015 45.136284 23.720308 57.000000 
-114.675224 44.592243 23.750559 68.000000 
-114.573112 44.690350 23.739319 69.000000 
-114.124191 45.129951 23.718781 61.000000 
-114.661797 44.587467 23.747753 72.000000 
-114.566910 44.679806 23.744184 68.000000 
-114.231895 45.004147 23.721180 48.000000 
-114.109367 45.124550 23.717018 48.000000 
-114.739273 44.494900 23.749281 60.000000 
-114.643761 44.586636 23.739765 72.000000 
-114.224030 44.993950 23.724855 49.000000 
-114.741051 44.479771 23.762022 56.000000 
-114.637848 44.576366 23.744671 74.000000 
-114.206482 44.990192 23.720789 49.000000 
-114.719254 44.481056 23.749941 60.000000 
-114.625664 44.570530 23.743233 85.000000 
-114.187576 44.987335 23.715635 53.000000 
-114.698631 44.481358 23.739218 56.000000 
-114.614746 44.563763 23.743097 81.000000 
-114.292702 44.867779 23.720057 63.000000 
-114.171303 44.982422 23.712780 51.000000 
-114.789520 44.382824 23.757679 51.000000 
-114.687988 44.474735 23.738974 54.000000 
-114.274185 44.864933 23.714628 58.000000 
-114.774254 44.379696 23.751961 73.000000 
-114.689957 44.459606 23.751780 63.000000 
-114.259613 44.859154 23.712727 53.000000 
-114.762695 44.374043 23.750284 83.000000 
-114.671791 44.457996 23.743771 63.000000 
-114.243698 44.854252 23.709703 57.000000 
-114.749886 44.369152 23.747305 71.000000 
-114.656113 44.454617 23.738407 54.000000 
-114.234451 44.844589 23.712507 57.000000 
-114.742088 44.360981 23.749685 65.000000 
-114.343445 44.726318 23.724470 47.000000 
-114.229248 44.832108 23.718803 53.000000 
-114.729271 44.355988 23.746765 65.000000 
-114.329720 44.721039 23.722317 49.000000 
-114.713921 44.352531 23.741219 77.000000 
-114.317757 44.712963 23.722858 47.000000 
-114.702354 44.346622 23.739695 90.000000 
-114.308937 44.703529 23.725666 62.000000 
-114.690781 44.340664 23.738201 77.000000 
-114.293427 44.698509 23.722567 57.000000 
-114.383080 44.598484 23.720005 54.000000 
-114.265778 44.701366 23.708839 49.000000 
-114.378593 44.586670 23.726467 55.000000 
-114.356728 44.585896 23.717110 57.000000 
-114.342880 44.579941 23.715105 63.000000 
-114.441696 44.477707 23.724190 52.000000 
-114.330376 44.573086 23.714352 55.000000 
-114.425529 44.473476 23.719513 56.000000 
-114.414696 44.465954 23.719868 56.000000 
-114.401192 44.459984 23.717760 56.000000 
-114.495285 44.363621 23.726309 51.000000 
-114.390381 44.452370 23.718176 60.000000 
-114.479836 44.359718 23.721336 52.000000 
-114.382706 44.443604 23.720957 50.000000 
-114.463974 44.355289 23.716547 52.000000 
-114.453079 44.347321 23.717037 50.000000 
-114.450699 44.335281 23.725046 54.000000 
-114.533035 44.249924 23.724428 52.000000 
-114.440247 44.327717 23.725441 54.000000 
-114.521515 44.243240 23.723394 58.000000 
-114.511726 44.236244 23.723547 56.000000 
-114.496170 44.231575 23.718674 56.000000 
-114.488716 44.222649 23.721628 56.000000 
-114.466362 44.221298 23.710350 55.000000 
-114.219124 45.820393 23.759918 101.000000 
-114.203209 45.811085 23.760836 106.000000 
-114.182747 45.807411 23.758499 120.000000 
-114.161118 45.805077 23.755386 121.000000 
-114.328140 45.552021 23.765411 46.000000 
-114.135994 45.806889 23.749853 123.000000 
-114.302643 45.555515 23.758587 109.000000 
-114.109657 45.809998 23.743547 118.000000 
-114.290474 45.544159 23.761198 113.000000 
-114.267204 45.544693 23.756184 111.000000 
-114.267982 45.489399 23.753969 121.000000 
-114.422943 45.261555 23.762749 57.000000 
-114.245789 45.488373 23.749908 115.000000 
-114.398109 45.267254 23.754551 62.000000 
-114.381241 45.261017 23.753788 66.000000 
-114.359657 45.260098 23.749466 72.000000 
-114.507729 45.047611 23.761057 48.000000 
-114.351044 45.244347 23.755064 72.000000 
-113.981644 45.709110 23.737202 103.000000 
-114.487946 45.045547 23.757376 51.000000 
-113.947693 45.719585 23.726440 113.000000 
-114.472862 45.038155 23.757484 49.000000 
-113.926941 45.714828 23.724682 120.000000 
-114.460724 45.026283 23.760536 53.000000 
-113.902992 45.712132 23.721462 120.000000 
-114.579697 44.851753 23.756950 52.000000 
-114.438507 45.026611 23.755104 57.000000 
-113.893196 45.694962 23.727093 68.000000 
-114.560394 44.849670 23.753105 55.000000 
-114.544640 44.843678 23.752220 59.000000 
-114.041931 45.451981 23.725346 103.000000 
-114.524696 44.843197 23.747377 66.000000 
-114.027458 45.442551 23.726763 109.000000 
-114.649879 44.668999 23.754358 51.000000 
-114.510132 44.835808 23.747540 66.000000 
-114.011086 45.433830 23.727486 119.000000 
-114.632858 44.663921 23.752466 56.000000 
-114.615196 44.660492 23.749500 60.000000 
-114.153481 45.206776 23.729942 62.000000 
-114.732094 44.501945 23.754869 53.000000 
-114.597466 44.659191 23.745348 63.000000 
-114.137856 45.200752 23.729456 61.000000 
-114.720924 44.492626 23.756931 52.000000 
-114.582191 44.653156 23.744474 67.000000 
-114.112183 45.202583 23.723040 69.000000 
-114.701332 44.491684 23.751692 51.000000 
-114.087685 45.203011 23.717564 75.000000 
-114.679260 44.493038 23.744404 52.000000 
-114.796875 44.335133 23.758211 50.000000 
-114.660225 44.490234 23.740408 56.000000 
-114.233971 44.981258 23.729746 46.000000 
-114.786194 44.326004 23.760315 60.000000 
-114.649071 44.480698 23.742607 59.000000 
-114.207550 44.984241 23.722073 45.000000 
-114.767014 44.324966 23.754875 56.000000 
-114.194954 44.973389 23.724606 49.000000 
-114.747795 44.323837 23.749477 59.000000 
-114.186195 44.958775 23.729937 46.000000 
-114.859856 44.186207 23.758684 63.000000 
-114.732750 44.319630 23.747248 59.000000 
-114.308319 44.793079 23.718811 50.000000 
-114.847168 44.179512 23.758581 57.000000 
-114.729500 44.303429 23.755949 59.000000 
-114.289917 44.788574 23.716545 57.000000 
-114.826431 44.181065 23.750589 59.000000 
-114.710762 44.302567 23.750546 46.000000 
-114.281021 44.776066 23.720905 61.000000 
-114.811264 44.176479 23.748323 59.000000 
-114.265175 44.769032 23.720631 66.000000 
-114.801529 44.167839 23.750439 62.000000 
-114.404587 44.592899 23.729122 49.000000 
-114.898666 44.040344 23.754482 53.000000 
-114.793289 44.156048 23.755030 66.000000 
-114.394402 44.581444 23.732670 49.000000 
-114.885132 44.034740 23.753235 56.000000 
-114.773666 44.156185 23.748299 59.000000 
-114.370140 44.582821 23.725307 49.000000 
-114.875305 44.025864 23.755463 55.000000 
-114.352257 44.578255 23.722963 49.000000 
-114.959145 43.914482 23.750967 69.000000 
-114.864265 44.018028 23.756571 59.000000 
-114.333633 44.575298 23.719534 45.000000 
-114.943970 43.911453 23.747154 69.000000 
-114.849998 44.013802 23.754154 59.000000 
-114.462708 44.415279 23.725487 48.000000 
-114.936958 43.900665 23.751759 60.000000 
-114.828972 44.014366 23.746162 66.000000 
-114.443993 44.411930 23.721926 52.000000 
-114.927513 43.891933 23.754021 60.000000 
-114.422661 44.410744 23.716354 52.000000 
-115.007629 43.787289 23.749512 63.000000 
-114.908127 43.891396 23.746876 69.000000 
-114.411690 44.400505 23.719046 57.000000 
-114.993095 43.782322 23.747011 62.000000 
-114.888687 43.890759 23.739773 65.000000 
-114.983200 43.775169 23.747959 59.000000 
-114.872963 43.886967 23.736246 75.000000 
-114.521187 44.242970 23.726486 49.000000 
-115.066208 43.670460 23.750467 45.000000 
-114.971153 43.768112 23.747952 61.000000 
-114.505501 44.237347 23.724913 49.000000 
-115.052475 43.665932 23.747734 63.000000 
-114.960037 43.761879 23.747740 63.000000 
-114.497665 44.225201 23.729742 50.000000 
-115.042458 43.658482 23.748768 74.000000 
-114.936707 43.763542 23.736906 72.000000 
-114.608765 44.097633 23.729059 52.000000 
-114.481995 44.219479 23.728237 51.000000 
-115.033699 43.650051 23.751072 69.000000 
-114.930603 43.753284 23.741594 68.000000 
-114.587479 44.097847 23.721710 57.000000 
-115.013718 43.650097 23.742216 65.000000 
-114.576912 44.087597 23.724539 54.000000 
-115.106087 43.543121 23.756353 54.000000 
-114.997437 43.647213 23.737129 68.000000 
-114.566071 44.079334 23.726030 53.000000 
-115.085655 43.544388 23.745785 64.000000 
-114.989128 43.639072 23.739403 72.000000 
-114.545517 44.077774 23.720036 55.000000 
-115.079712 43.534267 23.750668 66.000000 
-114.981674 43.629547 23.743059 74.000000 
-114.659058 43.946770 23.728451 49.000000 
-114.530716 44.072498 23.718315 49.000000 
-115.062546 43.532246 23.744116 56.000000 
-114.972992 43.620937 23.745497 48.000000 
-114.648125 43.938221 23.730032 47.000000 
-115.140617 43.438404 23.747139 49.000000 
-115.052879 43.524765 23.745232 64.000000 
-114.626656 43.937592 23.722630 50.000000 
-115.133728 43.429390 23.750782 72.000000 
-115.045761 43.515469 23.748911 73.000000 
-114.609108 43.933880 23.718655 51.000000 
-115.119377 43.425522 23.746624 51.000000 
-115.029808 43.512360 23.743732 85.000000 
-114.718811 43.810371 23.728107 62.000000 
-114.587547 43.933041 23.711349 55.000000 
-115.110031 43.418163 23.747709 54.000000 
-115.013824 43.509174 23.738594 63.000000 
-114.700348 43.807682 23.722723 55.000000 
-115.186974 43.329006 23.751810 49.000000 
-115.104485 43.408226 23.752720 56.000000 
-114.683174 43.803951 23.718542 57.000000 
-115.169189 43.327541 23.743509 84.000000 
-115.091385 43.403358 23.749954 60.000000 
-114.661980 43.802979 23.710932 60.000000 
-115.161377 43.319469 23.745899 77.000000 
-115.070663 43.403465 23.739439 63.000000 
-114.652748 43.793423 23.713770 60.000000 
-115.157738 43.309357 23.752180 63.000000 
-115.060478 43.397198 23.739216 60.000000 
-114.758911 43.677273 23.723509 45.000000 
-114.645340 43.783382 23.717644 62.000000 
-115.143684 43.305279 23.747967 74.000000 
-114.746071 43.670727 23.722729 46.000000 
-115.128349 43.301933 23.742462 77.000000 
-114.734566 43.663227 23.723167 46.000000 
-115.115517 43.296921 23.739647 86.000000 
-114.728424 43.652096 23.728380 46.000000 
-115.109055 43.287903 23.743484 94.000000 
-114.813126 43.554482 23.722742 59.000000 
-114.711601 43.648098 23.724138 54.000000 
-115.101349 43.279659 23.746019 69.000000 
-114.799301 43.548820 23.720673 55.000000 
-114.688011 43.648453 23.714024 46.000000 
-114.790810 43.539665 23.723507 50.000000 
-114.778328 43.533047 23.722719 55.000000 
-114.757782 43.531460 23.714680 58.000000 
-114.861351 43.425770 23.728970 56.000000 
-114.743935 43.525551 23.712753 57.000000 
-114.839859 43.424923 23.719349 58.000000 
-114.825012 43.419918 23.716005 60.000000 
-114.812843 43.413239 23.715185 60.000000 
-114.907738 43.315880 23.725155 49.000000 
-114.795273 43.409698 23.709435 67.000000 
-114.889610 43.313614 23.717680 51.000000 
-114.792992 43.397816 23.717216 67.000000 
-114.876419 43.307762 23.715485 52.000000 
-114.868607 43.298824 23.718409 51.000000 
-114.863533 43.288368 23.723894 51.000000 
-114.954681 43.197803 23.732576 47.000000 
-114.849014 43.283131 23.720520 60.000000 
-114.936493 43.194828 23.725067 51.000000 
-114.835846 43.277084 23.718452 53.000000 
-114.924988 43.188202 23.724096 54.000000 
-114.912132 43.182232 23.721861 55.000000 
-114.895218 43.178299 23.715775 56.000000 
-114.883705 43.171501 23.714909 55.000000 
-114.875290 43.163723 23.716503 56.000000 
-114.586151 44.887714 23.727551 108.000000 
-114.560478 44.891853 23.721066 106.000000 
-114.539612 44.888145 23.718790 121.000000 
-114.529297 44.869480 23.724796 122.000000 
-114.682503 44.627529 23.722710 112.000000 
-114.507301 44.867077 23.721790 120.000000 
-114.667618 44.618927 23.723589 121.000000 
-114.649750 44.612556 23.722889 121.000000 
-114.827553 44.322937 23.733456 50.000000 
-114.646919 44.561886 23.718254 123.000000 
-114.806969 44.321033 23.729931 72.000000 
-114.631325 44.552586 23.719341 123.000000 
-114.791405 44.311668 23.731010 69.000000 
-114.766167 44.315075 23.723999 106.000000 
-114.743851 44.316158 23.718721 110.000000 
-114.903145 44.084499 23.738600 50.000000 
-114.727791 44.308460 23.718933 102.000000 
-114.356606 44.788475 23.702856 103.000000 
-114.883797 44.083073 23.734840 51.000000 
-114.342239 44.777508 23.704987 64.000000 
-114.855606 44.090393 23.724703 60.000000 
-114.314041 44.781197 23.698402 111.000000 
-114.983528 43.899750 23.728184 63.000000 
-114.840187 44.082958 23.724846 63.000000 
-114.291748 44.777828 23.695898 120.000000 
-114.971001 43.890030 23.730135 67.000000 
-114.821251 44.079441 23.722239 61.000000 
-114.267021 44.777130 23.691832 111.000000 
-114.950310 43.889374 23.725338 63.000000 
-114.461548 44.502579 23.708689 48.000000 
-114.924858 43.893799 23.716713 66.000000 
-114.436409 44.503521 23.703409 50.000000 
-114.911705 43.883408 23.718878 75.000000 
-114.412910 44.501083 23.699986 106.000000 
-115.043022 43.697712 23.730556 55.000000 
-114.901596 43.870903 23.722902 71.000000 
-114.386444 44.503143 23.693968 115.000000 
-115.019844 43.701256 23.722435 60.000000 
-114.562599 44.261082 23.706486 52.000000 
-115.005508 43.694153 23.722496 59.000000 
-114.535599 44.264626 23.699142 59.000000 
-115.123474 43.526817 23.730253 46.000000 
-114.997749 43.679001 23.728714 61.000000 
-114.515182 44.259605 23.697264 58.000000 
-115.101334 43.528542 23.722923 55.000000 
-114.978668 43.676811 23.724831 60.000000 
-114.500343 44.249821 23.698830 66.000000 
-115.089249 43.520851 23.723862 59.000000 
-114.487442 44.239243 23.701187 56.000000 
-115.075417 43.513870 23.723894 55.000000 
-115.063423 43.503941 23.726143 59.000000 
-114.628258 44.017204 23.709272 46.000000 
-115.174156 43.350460 23.732641 52.000000 
-115.039940 43.506535 23.717937 62.000000 
-115.163116 43.343399 23.733471 56.000000 
-114.586349 44.014484 23.701157 46.000000 
-115.143745 43.342445 23.728090 58.000000 
-115.238068 43.217144 23.721323 56.000000 
-115.121361 43.343281 23.720715 61.000000 
-115.232986 43.201973 23.729116 70.000000 
-115.106773 43.337460 23.719713 67.000000 
-114.684883 43.818798 23.696857 48.000000 
-115.222473 43.192974 23.731266 61.000000 
-115.097626 43.327396 23.722921 61.000000 
-114.665611 43.816101 23.693563 50.000000 
-115.200371 43.195782 23.722239 59.000000 
-114.654533 43.804214 23.697102 57.000000 
-115.187424 43.188953 23.722235 62.000000 
-114.788673 43.627247 23.701588 46.000000 
-115.300072 43.043850 23.740582 54.000000 
-115.166611 43.188393 23.715733 78.000000 
-115.286385 43.038361 23.739325 57.000000 
-115.161034 43.174698 23.722437 73.000000 
-114.749840 43.623123 23.693590 45.000000 
-115.268806 43.038090 23.733309 59.000000 
-114.740601 43.610329 23.698181 50.000000 
-115.362259 42.915348 23.738050 54.000000 
-115.246506 43.040119 23.724129 63.000000 
-115.342850 42.915237 23.730812 74.000000 
-115.237679 43.030071 23.727543 66.000000 
-115.327049 42.911854 23.727148 74.000000 
-115.230133 43.018921 23.732121 68.000000 
-115.302628 42.915775 23.715292 63.000000 
-114.824562 43.425243 23.703060 47.000000 
-115.291679 42.908020 23.716408 72.000000 
-114.797920 43.428741 23.693470 51.000000 
-115.385262 42.788811 23.724661 50.000000 
-115.290657 42.891865 23.726934 67.000000 
-114.935356 43.261974 23.712254 47.000000 
-115.369781 42.785324 23.720879 54.000000 
-115.272331 42.890316 23.721062 75.000000 
-114.922073 43.254322 23.712757 50.000000 
-115.356750 42.779747 23.719547 59.000000 
-114.898483 43.255463 23.704840 49.000000 
-115.449211 42.665913 23.730345 51.000000 
-115.347900 42.771534 23.721748 59.000000 
-114.880005 43.252083 23.701199 55.000000 
-115.434097 42.662422 23.726400 60.000000 
-115.335655 42.764431 23.721798 63.000000 
-115.008987 43.106121 23.715078 48.000000 
-114.866699 43.244236 23.701815 58.000000 
-115.421432 42.656918 23.724972 63.000000 
-115.321861 42.760147 23.719234 63.000000 
-114.985046 43.108711 23.705570 55.000000 
-115.499619 42.559135 23.723936 60.000000 
-115.413368 42.649307 23.727055 61.000000 
-114.966209 43.106922 23.700472 54.000000 
-115.489716 42.551842 23.724934 56.000000 
-115.399467 42.644680 23.724445 65.000000 
-114.947334 43.105049 23.695417 55.000000 
-115.482292 42.542648 23.728495 69.000000 
-115.383064 42.641907 23.719398 65.000000 
-114.936523 43.094707 23.698296 61.000000 
-115.474907 42.533443 23.732079 72.000000 
-115.371643 42.635242 23.719326 63.000000 
-114.926781 43.085323 23.700926 61.000000 
-115.539299 42.447010 23.721365 65.000000 
-115.458878 42.530685 23.726803 61.000000 
-115.029526 42.959080 23.700029 47.000000 
-115.540779 42.431759 23.734077 61.000000 
-115.440323 42.529682 23.719034 72.000000 
-115.018356 42.950493 23.701635 49.000000 
-115.532066 42.423248 23.736506 65.000000 
-115.421288 42.528160 23.711430 78.000000 
-115.010651 42.938347 23.706772 50.000000 
-115.513893 42.422176 23.728451 60.000000 
-115.411423 42.520599 23.712599 82.000000 
-115.101906 42.825733 23.700087 55.000000 
-114.991638 42.935749 23.701721 53.000000 
-115.589958 42.331726 23.731592 60.000000 
-115.503548 42.416157 23.728104 52.000000 
-115.409569 42.508011 23.721249 47.000000 
-115.090286 42.818764 23.700365 53.000000 
-115.585648 42.321224 23.737900 81.000000 
-115.485298 42.414921 23.720127 56.000000 
-115.076889 42.812256 23.699654 58.000000 
-115.574371 42.316177 23.736130 86.000000 
-115.472427 42.410534 23.717253 61.000000 
-115.063965 42.806168 23.698839 55.000000 
-115.558968 42.313194 23.730524 77.000000 
-115.469200 42.398766 23.724876 56.000000 
-115.049255 42.800522 23.697044 57.000000 
-115.541054 42.311798 23.722305 68.000000 
-115.156166 42.680065 23.708132 47.000000 
-115.034538 42.794807 23.695286 62.000000 
-115.530586 42.305340 23.722078 71.000000 
-115.144936 42.673153 23.708385 49.000000 
-115.522636 42.297195 23.724522 74.000000 
-115.124893 42.670830 23.701849 47.000000 
-115.507164 42.293938 23.719059 80.000000 
-115.103058 42.671177 23.692717 56.000000 
-115.494186 42.288975 23.716276 74.000000 
-115.209999 42.555004 23.707525 52.000000 
-115.089569 42.664051 23.692183 59.000000 
-115.184158 42.557442 23.694519 55.000000 
-115.078316 42.656906 23.692574 49.000000 
-115.166176 42.554443 23.688852 54.000000 
-115.154793 42.546974 23.689287 54.000000 
-115.263000 42.434246 23.708832 50.000000 
-115.145660 42.537254 23.692316 58.000000 
-115.238800 42.435410 23.696705 55.000000 
-115.139671 42.526245 23.697643 56.000000 
-115.228195 42.428524 23.696917 54.000000 
-115.222511 42.417828 23.702263 54.000000 
-115.203522 42.415386 23.695234 54.000000 
-115.295990 42.316982 23.702894 45.000000 
-115.192535 42.407921 23.695679 60.000000 
-115.283989 42.310516 23.701929 50.000000 
-115.273331 42.303215 23.702265 50.000000 
-115.257332 42.298996 23.697559 50.000000 
-115.361801 42.198093 23.719553 47.000000 
-115.241318 42.294693 23.692898 51.000000 
-115.340889 42.196903 23.709412 56.000000 
-115.230659 42.287231 23.693333 54.000000 
-115.321243 42.194851 23.700621 55.000000 
-115.307281 42.190197 23.696913 51.000000 
-115.292915 42.185032 23.693390 55.000000 
-115.287575 42.174290 23.699095 55.000000 
-115.277260 42.166866 23.699507 61.000000 
-115.003929 43.846100 23.728670 111.000000 
-114.983116 43.842701 23.726387 116.000000 
-114.957039 43.844463 23.720993 120.000000 
-114.931664 43.846649 23.715557 121.000000 
-115.112305 43.568810 23.733898 46.000000 
-114.925049 43.826252 23.723040 123.000000 
-115.083221 43.576893 23.724661 112.000000 
-115.064613 43.570179 23.724083 117.000000 
-115.068687 43.511162 23.723465 122.000000 
-115.215347 43.283119 23.726341 49.000000 
-115.051949 43.503448 23.723721 122.000000 
-115.198135 43.277168 23.725569 65.000000 
-115.038666 43.491478 23.726561 107.000000 
-115.180923 43.271152 23.724834 72.000000 
-115.160263 43.269199 23.721472 106.000000 
-115.145348 43.260311 23.722591 105.000000 
-115.296478 43.036064 23.736778 48.000000 
-115.126968 43.255470 23.721087 108.000000 
-114.756172 43.740089 23.703976 105.000000 
-115.271996 43.041965 23.728352 53.000000 
-114.740173 43.732594 23.704441 61.000000 
-115.255417 43.036049 23.727585 55.000000 
-114.711990 43.736454 23.697956 102.000000 
-115.377586 42.850132 23.727133 57.000000 
-115.225990 43.044746 23.716669 67.000000 
-114.689682 43.733227 23.695532 108.000000 
-115.361549 42.844429 23.726234 63.000000 
-115.221077 43.025364 23.725239 63.000000 
-115.334366 42.849930 23.716791 63.000000 
-114.853653 43.460629 23.705538 47.000000 
-115.317108 42.845371 23.715012 78.000000 
-114.834511 43.454910 23.704554 50.000000 
-115.458511 42.645874 23.736502 47.000000 
-115.301010 42.839451 23.714231 68.000000 
-114.803284 43.462673 23.695219 105.000000 
-115.431305 42.653011 23.725512 55.000000 
-115.293213 42.824421 23.720224 67.000000 
-114.785278 43.455418 23.695168 117.000000 
-115.409882 42.653675 23.719580 58.000000 
-114.964233 43.206615 23.710989 50.000000 
-115.395515 42.646656 23.719698 60.000000 
-114.933632 43.214317 23.701101 59.000000 
-115.515495 42.476715 23.729145 59.000000 
-115.383537 42.637077 23.721846 60.000000 
-114.911453 43.212624 23.697416 58.000000 
-115.494545 42.477345 23.722929 62.000000 
-115.366814 42.632477 23.720030 57.000000 
-114.896584 43.202942 23.699038 66.000000 
-115.478874 42.473431 23.720800 55.000000 
-114.881195 43.195080 23.699692 63.000000 
-115.465012 42.466537 23.720884 55.000000 
-115.573845 42.311691 23.727283 55.000000 
-115.448181 42.461563 23.719040 60.000000 
-115.565239 42.300247 23.731562 58.000000 
-115.427086 42.461849 23.712990 59.000000 
-115.006599 42.962906 23.709044 45.000000 
-115.550026 42.296371 23.729324 57.000000 
-114.984398 42.962921 23.704166 51.000000 
-115.530640 42.295532 23.724016 59.000000 
-115.634987 42.159309 23.726973 63.000000 
-115.514839 42.291058 23.721960 61.000000 
-115.625626 42.149273 23.730242 78.000000 
-115.494171 42.291222 23.715666 59.000000 
-115.074989 42.774891 23.694027 52.000000 
-115.615105 42.140366 23.732428 72.000000 
-115.053825 42.773014 23.689983 57.000000 
-115.594910 42.140583 23.725796 55.000000 
-115.038918 42.764885 23.690727 57.000000 
-115.699570 42.001938 23.737261 45.000000 
-115.579536 42.136139 23.723627 66.000000 
-115.179550 42.582088 23.699354 47.000000 
-115.689980 41.993683 23.739338 64.000000 
-115.556114 42.140038 23.713657 73.000000 
-115.158913 42.580276 23.695042 45.000000 
-115.672638 41.991611 23.734711 59.000000 
-115.554703 42.123451 23.723572 59.000000 
-115.140770 42.575977 23.692745 49.000000 
-115.760162 41.872627 23.734798 52.000000 
-115.654037 41.990562 23.728983 54.000000 
-115.130219 42.564445 23.696388 54.000000 
-115.746811 41.867332 23.733469 66.000000 
-115.629272 41.994915 23.717609 58.000000 
-115.732239 41.863056 23.730999 74.000000 
-115.620392 41.984913 23.721064 61.000000 
-115.715210 41.860847 23.726217 62.000000 
-115.614029 41.972713 23.726810 58.000000 
-115.693733 41.863232 23.716673 62.000000 
-115.791565 41.739723 23.729656 63.000000 
-115.686470 41.852398 23.721334 67.000000 
-115.776863 41.734978 23.727205 62.000000 
-115.670601 41.848915 23.717834 72.000000 
-115.321083 42.217888 23.707802 50.000000 
-115.756950 41.736126 23.718540 61.000000 
-115.655952 41.844311 23.715538 75.000000 
-115.300064 42.217010 23.702036 47.000000 
-115.850349 41.619263 23.731911 56.000000 
-115.747124 41.727158 23.720980 59.000000 
-115.278992 42.216034 23.696318 50.000000 
-115.836464 41.614952 23.729221 64.000000 
-115.738266 41.719021 23.723211 63.000000 
-115.397011 42.078175 23.701107 45.000000 
-115.264343 42.209415 23.695902 56.000000 
-115.815201 41.616478 23.719147 69.000000 
-115.723526 41.714035 23.720900 63.000000 
-115.387405 42.067020 23.704983 62.000000 
-115.808655 41.606152 23.723946 66.000000 
-115.707222 41.711853 23.715984 67.000000 
-115.367287 42.066498 23.698828 59.000000 
-115.887802 41.505333 23.725571 78.000000 
-115.797203 41.599716 23.723825 63.000000 
-115.682442 41.714718 23.704165 53.000000 
-115.346085 42.064903 23.692991 55.000000 
-115.875443 41.500008 23.724064 78.000000 
-115.788246 41.591297 23.726198 66.000000 
-115.328468 42.062046 23.689100 55.000000 
-115.865974 41.493164 23.725006 82.000000 
-115.772285 41.589062 23.721087 68.000000 
-115.318123 42.052246 23.691887 61.000000 
-115.854858 41.486813 23.724821 65.000000 
-115.758354 41.584408 23.718594 68.000000 
-115.431976 41.916267 23.700600 51.000000 
-115.926498 41.394970 23.721552 78.000000 
-115.846657 41.478973 23.727076 67.000000 
-115.746109 41.579166 23.717239 51.000000 
-115.413467 41.914459 23.695366 48.000000 
-115.919777 41.386429 23.725060 58.000000 
-115.828094 41.478100 23.719368 69.000000 
-115.402252 41.905933 23.697020 49.000000 
-115.918419 41.372601 23.735302 61.000000 
-115.810730 41.476204 23.712965 72.000000 
-115.497711 41.788486 23.694653 46.000000 
-115.394989 41.894314 23.702047 50.000000 
-115.905594 41.368504 23.732367 60.000000 
-115.802109 41.467819 23.715425 78.000000 
-115.486862 41.780174 23.696234 58.000000 
-115.369377 41.896900 23.691494 49.000000 
-115.979401 41.278313 23.734325 69.000000 
-115.887375 41.367477 23.724409 58.000000 
-115.792686 41.460739 23.716524 63.000000 
-115.469986 41.777222 23.691952 58.000000 
-115.967697 41.272987 23.732687 94.000000 
-115.872017 41.365009 23.718956 58.000000 
-115.463081 41.765869 23.697042 58.000000 
-115.956825 41.266369 23.732521 80.000000 
-115.862900 41.355980 23.721655 61.000000 
-115.449188 41.758926 23.696556 57.000000 
-115.938919 41.265163 23.724325 80.000000 
-115.854637 41.347752 23.724129 60.000000 
-115.548515 41.642475 23.701675 50.000000 
-115.430489 41.756283 23.691378 58.000000 
-115.920563 41.263458 23.716297 71.000000 
-115.839684 41.343410 23.720314 51.000000 
-115.544182 41.629097 23.709314 59.000000 
-115.417900 41.748238 23.692114 51.000000 
-115.915054 41.253723 23.721394 80.000000 
-115.519333 41.631184 23.697950 50.000000 
-115.906631 41.247280 23.722300 90.000000 
-115.508514 41.624733 23.698145 49.000000 
-115.893654 41.242474 23.719526 90.000000 
-115.605652 41.514751 23.704441 59.000000 
-115.486198 41.624737 23.689236 50.000000 
-115.876076 41.239250 23.713093 77.000000 
-115.588150 41.510250 23.700241 60.000000 
-115.473541 41.616302 23.690075 59.000000 
-115.866867 41.231865 23.714334 49.000000 
-115.576775 41.502995 23.700644 56.000000 
-115.467148 41.605087 23.695353 48.000000 
-115.560989 41.500160 23.695953 58.000000 
-115.544304 41.496334 23.691591 57.000000 
-115.637802 41.393005 23.697203 54.000000 
-115.531593 41.489796 23.690887 61.000000 
-115.621468 41.389191 23.692606 58.000000 
-115.522896 41.480583 23.693827 59.000000 
-115.611740 41.381084 23.694239 54.000000 
-115.603355 41.372108 23.697134 55.000000 
-115.592339 41.364777 23.697584 56.000000 
-115.677582 41.270042 23.698809 49.000000 
-115.573303 41.362370 23.690664 56.000000 
-115.670052 41.259583 23.703243 52.000000 
-115.557419 41.356483 23.687790 47.000000 
-115.654045 41.255531 23.698559 50.000000 
-115.641495 41.250717 23.696146 50.000000 
-115.622765 41.248081 23.689016 51.000000 
-115.718781 41.150829 23.702799 54.000000 
-115.621086 41.234802 23.698458 57.000000 
-115.700424 41.148132 23.695377 55.000000 
-115.687370 41.142376 23.693163 54.000000 
-115.676994 41.135090 23.693562 54.000000 
-115.672394 41.125278 23.698984 55.000000 
-115.655312 41.121563 23.693005 56.000000 
-115.417763 42.820316 23.698347 108.000000 
-115.399101 42.814163 23.697653 111.000000 
-115.368309 42.823963 23.688032 121.000000 
-115.354012 42.811832 23.690683 124.000000 
-115.527328 42.535751 23.707359 104.000000 
-115.341995 42.796768 23.694998 123.000000 
-115.509392 42.503571 23.690155 120.000000 
-115.497337 42.492859 23.692682 113.000000 
-115.481628 42.483921 23.693720 122.000000 
-115.626213 42.254517 23.696970 105.000000 
-115.462555 42.479183 23.692234 122.000000 
-115.608940 42.248714 23.696161 108.000000 
-115.598442 42.234520 23.700750 72.000000 
-115.574394 42.236919 23.694658 75.000000 
-115.719376 42.015011 23.706657 48.000000 
-115.550270 42.239208 23.688616 110.000000 
-115.702774 42.009377 23.705782 64.000000 
-115.171158 42.715645 23.673473 105.000000 
-115.690735 41.998276 23.708666 55.000000 
-115.152390 42.708561 23.673328 64.000000 
-115.800446 41.823166 23.700336 57.000000 
-115.666115 42.001972 23.701347 53.000000 
-115.130104 42.705624 23.670809 108.000000 
-115.792999 41.808876 23.706062 67.000000 
-115.638611 42.010078 23.691189 63.000000 
-115.102654 42.710178 23.664194 120.000000 
-115.774651 41.805981 23.703186 63.000000 
-115.291145 42.433823 23.680618 46.000000 
-115.752815 41.806953 23.697447 61.000000 
-115.262520 42.439358 23.672789 49.000000 
-115.880188 41.618977 23.709833 51.000000 
-115.727440 41.811760 23.688848 64.000000 
-115.861206 41.617455 23.705778 57.000000 
-115.711296 41.805988 23.688034 71.000000 
-115.212135 42.441814 23.662357 114.000000 
-115.841026 41.617130 23.700756 61.000000 
-115.697502 41.797550 23.689186 64.000000 
-115.386864 42.192188 23.677847 46.000000 
-115.819633 41.617992 23.694773 58.000000 
-115.356377 42.200245 23.667839 62.000000 
-115.939835 41.444229 23.706886 59.000000 
-115.802872 41.613659 23.692848 59.000000 
-115.336578 42.196136 23.665829 63.000000 
-115.916626 41.447628 23.698494 62.000000 
-115.793159 41.601650 23.696980 59.000000 
-115.315559 42.193279 23.662981 54.000000 
-115.893333 41.450912 23.690149 59.000000 
-115.776405 41.597210 23.695124 58.000000 
-115.302986 42.181049 23.666340 69.000000 
-115.879379 41.444176 23.690176 57.000000 
-115.874886 41.427517 23.698551 59.000000 
-115.983406 41.272720 23.705223 55.000000 
-115.856819 41.426102 23.694374 60.000000 
-115.968803 41.267387 23.704100 63.000000 
-115.833366 41.429039 23.686193 57.000000 
-115.957748 41.258400 23.706236 59.000000 
-115.387299 41.941326 23.670694 45.000000 
-116.049767 41.131756 23.699924 67.000000 
-115.936005 41.260132 23.698730 58.000000 
-115.527031 41.746605 23.675634 50.000000 
-116.037262 41.125778 23.699707 67.000000 
-115.916031 41.258919 23.693529 64.000000 
-115.502861 41.747105 23.669664 52.000000 
-116.025551 41.116104 23.702063 78.000000 
-115.897766 41.256886 23.689333 64.000000 
-115.481720 41.745502 23.665529 50.000000 
-116.007103 41.115837 23.696352 61.000000 
-115.462410 41.743084 23.662264 55.000000 
-116.105316 40.980446 23.703568 47.000000 
-116.000069 41.103493 23.701881 64.000000 
-115.606392 41.552067 23.676558 48.000000 
-115.443695 41.738815 23.660122 45.000000 
-116.093895 40.972980 23.704569 55.000000 
-115.979179 41.105396 23.694025 73.000000 
-115.586388 41.551037 23.672024 49.000000 
-116.085396 40.963669 23.707779 58.000000 
-115.955276 41.109039 23.684113 68.000000 
-115.564499 41.550621 23.666674 48.000000 
-116.165558 40.849144 23.702311 54.000000 
-116.065613 40.963966 23.700829 53.000000 
-115.945175 41.100452 23.686296 49.000000 
-115.543816 41.548893 23.662361 51.000000 
-116.150932 40.845081 23.699751 74.000000 
-116.055428 40.955261 23.703062 58.000000 
-115.536903 41.533836 23.668949 45.000000 
-116.145874 40.832283 23.706650 79.000000 
-116.029518 40.960938 23.690485 59.000000 
-115.661125 41.369263 23.673250 46.000000 
-116.126450 40.832451 23.699438 72.000000 
-116.016891 40.954327 23.690504 61.000000 
-115.647217 41.361713 23.673794 46.000000 
-116.209152 40.719383 23.699881 49.000000 
-116.109390 40.830368 23.694624 75.000000 
-116.010384 40.942173 23.696247 50.000000 
-116.209740 40.703136 23.711657 89.000000 
-116.094490 40.827999 23.690794 69.000000 
-115.618042 41.349792 23.672670 50.000000 
-116.189957 40.704643 23.702860 61.000000 
-116.087120 40.817234 23.695440 63.000000 
-115.733513 41.198006 23.676119 55.000000 
-116.172791 40.702103 23.697958 65.000000 
-116.072449 40.812832 23.693075 67.000000 
-115.725136 41.186058 23.680851 47.000000 
-116.154106 40.702381 23.690454 63.000000 
-116.058998 40.807312 23.691916 52.000000 
-115.704124 41.185371 23.675034 50.000000 
-116.248825 40.582607 23.706522 56.000000 
-116.141747 40.695553 23.690464 59.000000 
-115.685616 41.182339 23.671375 51.000000 
-116.230072 40.582417 23.698835 72.000000 
-116.135231 40.685436 23.695091 63.000000 
-115.664513 41.181458 23.665651 52.000000 
-116.216118 40.578156 23.696154 68.000000 
-116.117989 40.682610 23.690340 61.000000 
-115.786270 41.037861 23.674982 57.000000 
-116.294037 40.476387 23.698065 60.000000 
-116.199715 40.575809 23.691027 65.000000 
-116.106590 40.676502 23.690203 63.000000 
-115.769974 41.034245 23.672056 55.000000 
-116.282829 40.470253 23.697777 68.000000 
-116.193077 40.565514 23.695839 65.000000 
-115.750053 41.031761 23.667257 54.000000 
-116.270416 40.465031 23.696245 76.000000 
-116.181564 40.559128 23.695724 65.000000 
-115.733185 41.027508 23.664549 57.000000 
-116.261215 40.456505 23.698671 74.000000 
-116.164673 40.556179 23.690819 61.000000 
-115.843582 40.890816 23.672754 48.000000 
-115.717072 41.021618 23.663105 59.000000 
-116.328934 40.365295 23.693197 46.000000 
-116.250038 40.450249 23.698467 74.000000 
-116.151924 40.550659 23.689535 56.000000 
-115.827141 40.886669 23.669828 50.000000 
-116.237282 40.446648 23.695518 72.000000 
-115.809113 40.885475 23.664421 48.000000 
-116.318932 40.345619 23.704077 56.000000 
-116.223633 40.442173 23.692839 76.000000 
-115.799095 40.875999 23.667177 48.000000 
-116.306442 40.339958 23.702625 54.000000 
-116.202110 40.442802 23.682726 76.000000 
-115.896881 40.754128 23.668591 55.000000 
-115.787308 40.867054 23.668980 51.000000 
-116.293144 40.335545 23.699789 54.000000 
-116.194633 40.433548 23.686440 69.000000 
-115.879509 40.750919 23.664375 62.000000 
-116.366226 40.244522 23.701765 57.000000 
-116.279831 40.331070 23.696985 63.000000 
-116.192192 40.420597 23.695219 46.000000 
-115.867287 40.743641 23.664818 62.000000 
-116.362991 40.233231 23.709415 81.000000 
-116.264030 40.328316 23.691626 65.000000 
-115.856377 40.735325 23.666443 58.000000 
-116.348793 40.229679 23.705128 83.000000 
-116.253174 40.321941 23.691481 65.000000 
-115.950447 40.620571 23.668324 46.000000 
-115.845482 40.726974 23.668098 62.000000 
-116.330887 40.228622 23.696896 77.000000 
-116.247314 40.312008 23.696531 61.000000 
-115.943779 40.609589 23.673435 59.000000 
-115.826767 40.724487 23.662882 58.000000 
-116.312927 40.227467 23.688707 65.000000 
-115.934563 40.600510 23.676195 57.000000 
-116.309799 40.216084 23.696444 80.000000 
-115.921471 40.594250 23.675430 52.000000 
-116.303398 40.207642 23.700102 94.000000 
-115.900986 40.594059 23.667465 51.000000 
-116.289139 40.203793 23.695976 94.000000 
-115.997169 40.483101 23.673904 60.000000 
-115.878670 40.594238 23.658512 57.000000 
-116.272354 40.201538 23.689251 65.000000 
-115.979202 40.480537 23.668177 63.000000 
-115.869476 40.584957 23.661402 50.000000 
-115.969040 40.472458 23.669775 58.000000 
-115.950157 40.471096 23.662775 56.000000 
-116.050201 40.361443 23.676203 45.000000 
-115.934738 40.466496 23.659594 61.000000 
-116.032135 40.358280 23.670425 60.000000 
-115.926788 40.456032 23.663851 58.000000 
-116.015778 40.354603 23.665794 63.000000 
-116.006393 40.347023 23.667267 60.000000 
-115.995277 40.339817 23.667669 59.000000 
-116.078079 40.244865 23.667902 45.000000 
-115.982857 40.333416 23.666862 65.000000 
-116.068596 40.236980 23.669476 51.000000 
-115.970436 40.326962 23.666090 60.000000 
-116.062668 40.226204 23.675026 51.000000 
-116.046631 40.222286 23.670307 50.000000 
-116.033623 40.217136 23.668016 51.000000 
-116.122162 40.123192 23.675713 51.000000 
-116.016212 40.213867 23.662111 57.000000 
-116.109467 40.118107 23.673254 56.000000 
-116.011192 40.203854 23.667469 47.000000 
-116.093735 40.114048 23.668381 53.000000 
-116.077583 40.109478 23.663698 53.000000 
-116.068459 40.101524 23.665371 54.000000 
-116.065086 40.091007 23.672079 56.000000 
-116.050659 40.085964 23.668640 61.000000 
-115.809372 41.683594 23.720764 121.000000 
-115.792038 41.676170 23.721066 123.000000 
-115.796638 41.615829 23.721340 122.000000 
-115.946594 41.368916 23.722878 50.000000 
-115.773758 41.615559 23.717665 123.000000 
-115.927780 41.364635 23.721411 112.000000 
-115.747482 41.619526 23.711611 122.000000 
-115.916771 41.350315 23.725935 119.000000 
-115.896851 41.347340 23.723694 115.000000 
-116.029236 41.132542 23.719767 59.000000 
-115.871262 41.351368 23.717251 115.000000 
-116.015549 41.122784 23.721758 74.000000 
-115.846725 41.353863 23.711706 121.000000 
-115.996231 41.119938 23.719337 72.000000 
-115.974609 41.119781 23.715183 63.000000 
-116.120987 40.895550 23.730181 48.000000 
-115.952950 41.119530 23.711073 72.000000 
-116.099525 40.897400 23.724688 55.000000 
-115.935364 41.115559 23.709557 69.000000 
-115.592262 41.578175 23.704254 103.000000 
-116.081940 40.893265 23.723047 54.000000 
-115.556221 41.592541 23.692217 118.000000 
-116.199287 40.707352 23.723475 52.000000 
-116.060242 40.892628 23.718773 51.000000 
-115.534531 41.587872 23.690781 117.000000 
-116.187973 40.696766 23.726488 57.000000 
-116.039146 40.892372 23.714441 54.000000 
-115.511215 41.586483 23.687668 120.000000 
-116.158257 40.707272 23.714102 71.000000 
-116.033104 40.874599 23.722160 55.000000 
-115.490234 41.582203 23.686203 120.000000 
-116.138824 40.705776 23.710443 64.000000 
-115.667946 41.319016 23.695974 106.000000 
-116.125809 40.698116 23.711531 63.000000 
-115.644875 41.319714 23.691614 115.000000 
-116.246056 40.518456 23.718494 51.000000 
-116.114517 40.687325 23.714680 66.000000 
-115.627014 41.312931 23.691618 107.000000 
-116.220123 40.522507 23.709827 65.000000 
-116.093803 40.684677 23.711359 68.000000 
-115.606529 41.306351 23.691084 119.000000 
-116.208168 40.513294 23.711996 59.000000 
-116.068405 40.689388 23.703060 52.000000 
-115.758362 41.083160 23.691044 48.000000 
-115.585052 41.303509 23.688663 48.000000 
-116.199783 40.502426 23.715971 60.000000 
-115.738907 41.081673 23.688046 71.000000 
-116.176086 40.505856 23.708218 65.000000 
-115.733765 41.061737 23.696730 61.000000 
-116.289604 40.340427 23.714470 52.000000 
-116.155876 40.505371 23.703503 67.000000 
-115.705673 41.067039 23.688810 61.000000 
-116.278175 40.331417 23.716669 52.000000 
-115.684799 41.064266 23.686192 72.000000 
-116.260857 40.328552 23.713726 51.000000 
-115.841301 40.844955 23.697046 46.000000 
-116.241119 40.328072 23.708757 56.000000 
-116.360756 40.161270 23.726614 55.000000 
-116.215363 40.333630 23.698669 57.000000 
-116.343910 40.158470 23.723492 56.000000 
-116.207535 40.320732 23.704102 51.000000 
-115.775589 40.842201 23.684822 48.000000 
-116.325195 40.158432 23.718153 57.000000 
-115.917618 40.645649 23.692150 49.000000 
-115.763321 40.832214 23.687378 46.000000 
-116.422791 40.026379 23.717815 57.000000 
-116.298683 40.165001 23.706566 64.000000 
-115.890480 40.650627 23.683367 63.000000 
-116.413467 40.016594 23.721151 62.000000 
-116.286537 40.157200 23.707832 69.000000 
-115.871918 40.646706 23.681276 57.000000 
-116.393394 40.017227 23.714571 57.000000 
-116.279266 40.144634 23.713390 64.000000 
-115.859558 40.636467 23.683962 56.000000 
-116.378082 40.013138 23.712448 59.000000 
-115.994095 40.454384 23.692188 47.000000 
-115.843483 40.629925 23.683842 59.000000 
-116.478462 39.876114 23.722446 49.000000 
-116.360344 40.011292 23.708157 62.000000 
-115.974838 40.451813 23.688911 52.000000 
-116.464775 39.871025 23.721289 55.000000 
-116.344994 40.007065 23.706108 66.000000 
-115.950554 40.454010 23.681747 46.000000 
-116.442642 39.873711 23.712202 59.000000 
-116.339394 39.993645 23.712891 61.000000 
-115.941254 40.441582 23.686420 46.000000 
-116.539337 39.744228 23.723341 56.000000 
-116.431343 39.866253 23.713390 58.000000 
-115.923187 40.437569 23.684252 51.000000 
-116.516396 39.747875 23.712708 74.000000 
-116.418846 39.859875 23.713470 56.000000 
-116.045448 40.274422 23.688099 51.000000 
-116.503044 39.742760 23.711494 74.000000 
-116.408798 39.851238 23.715849 66.000000 
-116.034729 40.265179 23.690657 51.000000 
-116.481674 39.745544 23.702005 62.000000 
-116.389465 39.851810 23.709070 55.000000 
-116.010834 40.267105 23.683208 48.000000 
-116.566116 39.630226 23.705044 60.000000 
-116.471931 39.737080 23.704370 60.000000 
-115.993210 40.263092 23.680891 55.000000 
-116.560341 39.618885 23.710964 63.000000 
-116.464676 39.726456 23.709091 60.000000 
-115.971748 40.262486 23.675571 52.000000 
-116.546120 39.614799 23.708485 64.000000 
-116.447624 39.724323 23.704506 67.000000 
-116.108673 40.091663 23.696796 46.000000 
-116.530670 39.611691 23.704838 61.000000 
-116.430542 39.722111 23.699961 67.000000 
-116.083916 40.094528 23.687975 47.000000 
-116.620514 39.496735 23.716251 47.000000 
-116.523773 39.601315 23.709629 63.000000 
-116.068031 40.089397 23.686554 46.000000 
-116.594482 39.502647 23.701292 61.000000 
-116.507072 39.599117 23.704847 61.000000 
-116.054710 40.081970 23.687267 50.000000 
-116.587883 39.492523 23.706127 68.000000 
-116.487869 39.598877 23.697712 65.000000 
-116.159195 39.952969 23.683125 51.000000 
-116.044518 40.072750 23.689966 47.000000 
-116.579330 39.484776 23.708397 69.000000 
-116.471565 39.596939 23.692888 61.000000 
-116.144218 39.948383 23.681412 55.000000 
-116.654572 39.385426 23.708063 64.000000 
-116.562965 39.482506 23.703424 63.000000 
-116.459747 39.590458 23.693007 45.000000 
-116.130013 39.942184 23.680956 54.000000 
-116.642220 39.380325 23.706629 66.000000 
-116.549042 39.478195 23.700949 69.000000 
-116.110634 39.940239 23.676208 55.000000 
-116.640892 39.366634 23.716597 66.000000 
-116.535103 39.473824 23.698507 68.000000 
-116.105476 39.926392 23.683390 57.000000 
-116.623650 39.365253 23.710165 62.000000 
-116.518661 39.471333 23.693647 69.000000 
-116.198128 39.805439 23.676201 55.000000 
-116.092583 39.918968 23.684114 47.000000 
-116.689819 39.275402 23.703691 52.000000 
-116.610077 39.360962 23.707556 60.000000 
-116.520958 39.454281 23.707205 46.000000 
-116.194641 39.790932 23.684597 55.000000 
-116.689209 39.262486 23.713726 72.000000 
-116.593201 39.359825 23.701080 76.000000 
-116.185234 39.782093 23.687292 53.000000 
-116.678421 39.256439 23.713547 58.000000 
-116.579582 39.355404 23.698542 76.000000 
-116.163643 39.782051 23.680141 61.000000 
-116.659813 39.255344 23.705769 52.000000 
-116.574287 39.344036 23.704958 90.000000 
-116.252136 39.667652 23.673725 66.000000 
-116.145416 39.778343 23.676521 61.000000 
-116.645287 39.251869 23.701784 50.000000 
-116.558174 39.341366 23.699968 74.000000 
-116.247772 39.654514 23.681152 60.000000 
-116.734177 39.149872 23.720913 51.000000 
-116.638214 39.242989 23.705564 56.000000 
-116.233047 39.649330 23.679430 58.000000 
-116.716316 39.149014 23.712769 73.000000 
-116.632423 39.233212 23.710648 54.000000 
-116.213066 39.648041 23.673168 60.000000 
-116.699646 39.147209 23.705988 68.000000 
-116.616646 39.230469 23.705469 60.000000 
-116.191727 39.647629 23.665813 62.000000 
-116.692879 39.138531 23.709789 61.000000 
-116.598320 39.229401 23.697762 58.000000 
-116.309532 39.516010 23.688492 54.000000 
-116.188805 39.633408 23.674482 51.000000 
-116.681557 39.133606 23.708218 68.000000 
-116.283852 39.519825 23.675926 49.000000 
-116.671089 39.127403 23.708115 77.000000 
-116.277344 39.508884 23.681183 49.000000 
-116.660225 39.120766 23.708168 83.000000 
-116.369926 39.399590 23.685644 45.000000 
-116.251961 39.510632 23.670187 46.000000 
-116.637154 39.122776 23.695007 71.000000 
-116.355919 39.394428 23.683672 58.000000 
-116.250793 39.495872 23.680189 51.000000 
-116.629196 39.114754 23.697624 74.000000 
-116.336639 39.392822 23.676912 55.000000 
-116.325233 39.385719 23.677427 51.000000 
-116.320007 39.375889 23.682486 56.000000 
-116.393600 39.284176 23.671412 54.000000 
-116.299347 39.374958 23.674643 61.000000 
-116.383820 39.276295 23.673090 60.000000 
-116.287956 39.367718 23.675249 59.000000 
-116.384636 39.261547 23.684662 60.000000 
-116.362572 39.260845 23.675442 58.000000 
-116.347519 39.256241 23.672281 65.000000 
-116.442039 39.154198 23.683769 53.000000 
-116.331116 39.252407 23.667933 65.000000 
-116.427345 39.149647 23.680399 52.000000 
-116.325424 39.241814 23.673437 65.000000 
-116.411713 39.146267 23.675659 52.000000 
-116.398315 39.140778 23.673626 50.000000 
-116.390266 39.132050 23.676653 52.000000 
-116.466721 39.045311 23.672668 52.000000 
-116.380905 39.124096 23.678448 57.000000 
-116.454956 39.039051 23.671795 56.000000 
-116.447197 39.030491 23.674807 56.000000 
-116.438515 39.023083 23.676405 55.000000 
-116.428123 39.015961 23.676897 55.000000 
-116.410622 39.012058 23.671171 58.000000 
-116.396172 39.007030 23.667894 54.000000 
-116.172127 40.760090 23.654266 122.000000 
-116.150017 40.758602 23.651228 124.000000 
-116.153091 40.697842 23.651716 121.000000 
-116.130936 40.696205 23.648764 123.000000 
-116.292389 40.425014 23.659012 112.000000 
-116.112335 40.688084 23.649195 123.000000 
-116.262276 40.435184 23.648993 121.000000 
-116.249229 40.424103 23.651680 119.000000 
-116.406952 40.168922 23.668020 47.000000 
-116.232178 40.416798 23.651949 122.000000 
-116.380775 40.174759 23.660128 65.000000 
-116.215141 40.409431 23.652254 122.000000 
-116.355606 40.179066 23.653175 108.000000 
-116.348839 40.161251 23.660391 68.000000 
-116.323601 40.165386 23.653522 75.000000 
-116.460579 39.946266 23.660597 56.000000 
-116.298286 40.169403 23.646706 108.000000 
-115.937645 40.669392 23.628967 106.000000 
-116.445999 39.938076 23.661661 60.000000 
-115.915192 40.666882 23.626471 120.000000 
-116.433693 39.927101 23.664612 54.000000 
-115.897308 40.658573 23.627228 120.000000 
-116.548393 39.740349 23.661903 57.000000 
-116.406746 39.933861 23.655560 59.000000 
-115.873665 40.657326 23.624022 117.000000 
-116.532150 39.735062 23.661015 71.000000 
-116.385368 39.933674 23.651184 57.000000 
-115.846512 40.660236 23.618465 111.000000 
-116.507988 39.739082 23.653410 66.000000 
-116.035225 40.374680 23.636440 109.000000 
-116.491707 39.733650 23.652601 59.000000 
-116.010033 40.376408 23.631271 102.000000 
-116.622932 39.535320 23.669798 47.000000 
-116.468559 39.736134 23.646051 68.000000 
-115.988274 40.373856 23.628670 111.000000 
-116.600426 39.537971 23.662827 55.000000 
-116.449944 39.733212 23.643396 71.000000 
-115.958267 40.380913 23.620249 117.000000 
-116.579002 39.539211 23.656902 56.000000 
-116.136055 40.119843 23.639509 54.000000 
-116.559807 39.537762 23.653025 58.000000 
-116.105583 40.128338 23.629641 62.000000 
-116.681870 39.356625 23.668278 59.000000 
-116.547516 39.528477 23.655182 59.000000 
-116.083275 40.127197 23.625975 63.000000 
-116.659805 39.361256 23.659781 60.000000 
-116.534157 39.522671 23.655153 59.000000 
-116.067078 40.121639 23.625607 58.000000 
-116.638794 39.362358 23.653614 57.000000 
-116.053055 40.110912 23.628153 66.000000 
-116.629326 39.350792 23.657850 53.000000 
-116.615242 39.344219 23.657970 59.000000 
-116.720718 39.186882 23.663872 55.000000 
-116.595314 39.343842 23.652956 65.000000 
-116.709457 39.178074 23.666037 58.000000 
-116.578873 39.339642 23.651081 51.000000 
-116.151833 39.872681 23.633770 46.000000 
-116.698219 39.169231 23.668228 58.000000 
-116.788193 39.040859 23.661217 56.000000 
-116.678772 39.168854 23.662962 64.000000 
-116.266663 39.673950 23.633755 50.000000 
-116.781387 39.029114 23.666597 67.000000 
-116.657539 39.169147 23.656782 66.000000 
-116.246025 39.670948 23.630753 50.000000 
-116.769501 39.019615 23.669006 64.000000 
-116.639191 39.167377 23.652672 59.000000 
-116.225998 39.668365 23.627668 50.000000 
-116.756905 39.013744 23.668903 61.000000 
-116.203537 39.670532 23.621519 52.000000 
-116.739578 39.012524 23.664412 64.000000 
-116.339584 39.481735 23.630718 46.000000 
-116.834831 38.876812 23.669865 47.000000 
-116.716270 39.017078 23.654442 73.000000 
-116.320068 39.479221 23.627403 48.000000 
-116.829193 38.863773 23.676645 50.000000 
-116.698959 39.013638 23.651365 78.000000 
-116.300514 39.476624 23.624132 49.000000 
-116.815315 38.858700 23.675472 53.000000 
-116.287117 39.467796 23.625822 52.000000 
-116.790703 38.863766 23.664095 63.000000 
-116.420517 39.288471 23.639387 47.000000 
-116.879204 38.739063 23.667002 69.000000 
-116.770775 38.864189 23.657316 65.000000 
-116.857826 38.742126 23.657423 58.000000 
-116.762146 38.854828 23.660681 66.000000 
-116.844246 38.736996 23.656204 62.000000 
-116.750626 38.847256 23.661917 49.000000 
-116.934525 38.613461 23.665546 67.000000 
-116.825851 38.736172 23.650337 74.000000 
-116.354874 39.268944 23.633621 50.000000 
-116.917046 38.613110 23.659260 67.000000 
-116.819473 38.724396 23.656200 75.000000 
-116.470428 39.112656 23.638268 52.000000 
-116.904549 38.606564 23.659264 61.000000 
-116.809525 38.715866 23.658577 75.000000 
-116.459335 39.103107 23.640942 47.000000 
-116.885803 38.607113 23.651848 59.000000 
-116.795959 38.710545 23.657480 49.000000 
-116.443245 39.098118 23.639437 47.000000 
-116.875702 38.598354 23.654324 59.000000 
-116.422112 39.097633 23.633766 50.000000 
-116.963463 38.482597 23.663372 65.000000 
-116.871445 38.586231 23.661388 63.000000 
-116.400925 39.097050 23.628143 55.000000 
-116.948204 38.479553 23.659521 65.000000 
-116.855331 38.582630 23.657915 72.000000 
-116.526741 38.945671 23.642050 47.000000 
-116.936546 38.473415 23.659407 59.000000 
-116.837708 38.581867 23.651842 55.000000 
-116.511612 38.941189 23.640284 48.000000 
-117.014832 38.369789 23.661840 46.000000 
-116.932640 38.461620 23.666597 66.000000 
-116.490875 38.940586 23.634352 47.000000 
-117.001099 38.365723 23.659101 75.000000 
-116.916153 38.459423 23.661606 65.000000 
-116.475708 38.935963 23.632662 50.000000 
-116.992188 38.357719 23.661455 76.000000 
-116.902077 38.455158 23.659115 72.000000 
-116.462029 38.928135 23.633453 50.000000 
-116.984512 38.348728 23.665096 69.000000 
-116.881851 38.455780 23.650515 52.000000 
-116.569893 38.791328 23.639673 45.000000 
-116.967133 38.347401 23.658657 74.000000 
-116.548241 38.791615 23.632387 48.000000 
-117.039986 38.250439 23.658916 69.000000 
-116.958267 38.339298 23.661089 76.000000 
-116.536781 38.783340 23.634077 49.000000 
-117.042320 38.234238 23.672949 59.000000 
-116.942062 38.336876 23.655983 78.000000 
-116.640747 38.654037 23.641695 50.000000 
-116.526627 38.773979 23.636911 50.000000 
-117.028938 38.230042 23.670168 52.000000 
-116.933228 38.328701 23.658468 55.000000 
-116.616928 38.656235 23.631800 61.000000 
-116.507469 38.771923 23.631981 46.000000 
-117.006981 38.232185 23.658379 51.000000 
-116.607132 38.647102 23.634596 57.000000 
-117.093506 38.129246 23.675549 60.000000 
-116.991081 38.229656 23.653095 51.000000 
-116.599937 38.635914 23.639713 57.000000 
-117.076782 38.127666 23.668678 73.000000 
-116.986252 38.218906 23.659449 56.000000 
-116.582466 38.632793 23.635681 57.000000 
-117.061249 38.125134 23.663170 68.000000 
-116.980240 38.209061 23.664528 61.000000 
-116.673744 38.517609 23.635765 50.000000 
-116.564964 38.629589 23.631693 62.000000 
-117.044861 38.123783 23.656258 71.000000 
-116.673836 38.502274 23.646694 49.000000 
-117.035408 38.116768 23.657419 63.000000 
-116.656754 38.499134 23.642450 45.000000 
-117.030914 38.106285 23.663872 74.000000 
-116.638344 38.496880 23.637072 51.000000 
-117.017799 38.101791 23.661129 80.000000 
-116.615990 38.497417 23.628212 55.000000 
-117.003426 38.098091 23.657106 57.000000 
-116.714699 38.382023 23.637411 57.000000 
-116.609261 38.486370 23.633492 51.000000 
-116.701813 38.375954 23.636639 51.000000 
-116.685013 38.372593 23.632278 54.000000 
-116.668198 38.369152 23.627962 58.000000 
-116.768654 38.257484 23.641733 58.000000 
-116.664917 38.356968 23.635576 58.000000 
-116.750916 38.254963 23.635931 58.000000 
-116.737930 38.248409 23.635265 54.000000 
-116.729317 38.239628 23.638187 55.000000 
-116.805374 38.146667 23.632986 49.000000 
-116.712837 38.236023 23.633739 60.000000 
-116.803566 38.133907 23.642204 49.000000 
-116.700294 38.229752 23.633024 58.000000 
-116.794395 38.126583 23.643698 51.000000 
-116.778267 38.122921 23.639046 50.000000 
-116.768288 38.114647 23.640892 49.000000 
-116.861839 38.015369 23.654730 47.000000 
-116.750809 38.111668 23.635059 52.000000 
-116.837288 38.017570 23.640692 54.000000 
-116.741669 38.104172 23.636665 46.000000 
-116.820137 38.014534 23.634602 56.000000 
-116.805199 38.009430 23.631283 54.000000 
-116.795937 38.001614 23.632999 56.000000 
-116.788033 37.993000 23.636028 58.000000 
-116.774818 37.987400 23.633944 53.000000 
-116.592278 39.586315 23.677553 121.000000 
-116.569305 39.586563 23.673801 119.000000 
-116.556007 39.573421 23.677364 119.000000 
-116.712997 39.307076 23.686693 102.000000 
-116.528656 39.579407 23.670473 122.000000 
-116.691864 39.306023 23.683521 114.000000 
-116.504478 39.580860 23.666052 101.000000 
-116.679405 39.293301 23.687174 107.000000 
-116.654961 39.296432 23.681545 113.000000 
-116.794098 39.064430 23.685192 54.000000 
-116.626038 39.305218 23.672581 117.000000 
-116.783752 39.053020 23.688738 68.000000 
-116.606216 39.304817 23.669378 119.000000 
-116.763229 39.051945 23.685421 63.000000 
-116.738647 39.054527 23.679596 69.000000 
-116.710236 39.063103 23.670179 108.000000 
-116.852913 38.835846 23.683645 56.000000 
-116.694031 39.056122 23.670536 66.000000 
-116.346191 39.543205 23.657911 62.000000 
-116.834038 38.833374 23.681078 53.000000 
-116.319420 39.546715 23.652308 68.000000 
-116.815346 38.833141 23.677420 60.000000 
-116.291817 39.554066 23.644918 111.000000 
-116.933586 38.641098 23.679258 55.000000 
-116.797546 38.829147 23.675854 57.000000 
-116.271790 39.548767 23.644203 117.000000 
-116.909454 38.643154 23.672878 63.000000 
-116.785217 38.815937 23.680069 57.000000 
-116.892181 38.639309 23.671144 61.000000 
-116.422737 39.275124 23.652073 49.000000 
-116.875031 38.637665 23.668272 64.000000 
-116.400307 39.276737 23.647598 50.000000 
-116.994026 38.452579 23.676172 49.000000 
-116.865723 38.624359 23.673323 59.000000 
-116.382187 39.270222 23.647598 109.000000 
-116.970451 38.456696 23.668304 55.000000 
-116.843849 38.625656 23.667860 63.000000 
-116.365250 39.262253 23.648470 109.000000 
-116.955948 38.450268 23.668461 57.000000 
-116.514954 39.032852 23.648888 58.000000 
-116.945435 38.438141 23.672745 59.000000 
-116.492111 39.031502 23.645393 65.000000 
-117.047195 38.278923 23.671219 45.000000 
-116.928658 38.434219 23.670975 65.000000 
-116.477020 39.022427 23.647060 63.000000 
-117.042389 38.262505 23.679579 50.000000 
-116.910713 38.431522 23.668247 54.000000 
-116.461952 39.013306 23.648762 72.000000 
-117.029594 38.254951 23.680725 46.000000 
-116.439751 39.012234 23.645275 56.000000 
-117.011017 38.255810 23.675491 47.000000 
-116.993561 38.253181 23.672581 54.000000 
-117.097702 38.095619 23.679201 52.000000 
-116.966118 38.260048 23.661587 51.000000 
-116.550636 38.786766 23.648167 48.000000 
-117.079544 38.094311 23.675014 51.000000 
-116.528992 38.785694 23.644445 49.000000 
-117.058998 38.095364 23.668736 52.000000 
-117.155296 37.959698 23.668457 63.000000 
-117.041939 38.092670 23.665695 56.000000 
-116.643028 38.587097 23.644958 46.000000 
-117.149727 37.946865 23.674982 57.000000 
-117.028954 38.086708 23.665770 56.000000 
-116.621323 38.587833 23.639894 57.000000 
-117.129585 37.947842 23.668413 54.000000 
-116.603806 38.582870 23.638790 59.000000 
-117.113472 37.945606 23.665075 57.000000 
-116.590576 38.574532 23.640415 57.000000 
-117.218239 37.799175 23.680983 45.000000 
-117.097977 37.941696 23.662987 62.000000 
-116.719635 38.392136 23.645426 46.000000 
-117.197327 37.801212 23.672997 50.000000 
-117.083008 37.938156 23.660818 68.000000 
-117.181084 37.798561 23.669600 53.000000 
-116.689369 38.378735 23.645864 45.000000 
-117.257607 37.683533 23.662460 52.000000 
-117.163628 37.796982 23.665106 55.000000 
-117.247604 37.675323 23.664726 69.000000 
-117.153305 37.788506 23.667448 63.000000 
-117.235252 37.669304 23.664680 62.000000 
-117.144203 37.778866 23.670948 66.000000 
-117.211494 37.674679 23.652870 62.000000 
-117.122414 37.782043 23.661917 45.000000 
-117.200302 37.667431 23.654060 69.000000 
-116.741287 38.195114 23.642511 46.000000 
-117.286469 37.546932 23.659767 83.000000 
-117.195137 37.654675 23.661104 69.000000 
-117.273750 37.542408 23.658375 61.000000 
-117.177963 37.652821 23.656523 79.000000 
-116.844566 38.029171 23.650331 48.000000 
-117.263664 37.533833 23.660847 61.000000 
-117.161980 37.649807 23.653143 50.000000 
-116.823540 38.029007 23.644670 47.000000 
-117.252159 37.528164 23.660709 61.000000 
-116.803574 38.029697 23.638779 45.000000 
-117.329857 37.420856 23.660122 49.000000 
-117.238243 37.524555 23.658205 67.000000 
-116.792526 38.020161 23.641579 47.000000 
-117.318199 37.414898 23.660011 60.000000 
-117.221878 37.522984 23.653339 67.000000 
-116.901306 37.883518 23.641851 49.000000 
-117.305351 37.409912 23.658697 66.000000 
-117.209404 37.516335 23.653538 59.000000 
-116.886383 37.877151 23.641485 50.000000 
-117.293701 37.403862 23.658644 69.000000 
-116.866219 37.877220 23.635473 48.000000 
-117.368149 37.301300 23.658821 63.000000 
-117.274307 37.403408 23.651377 61.000000 
-116.853279 37.868034 23.637487 52.000000 
-117.359238 37.293407 23.661201 72.000000 
-117.265091 37.395241 23.653843 66.000000 
-116.843231 37.859108 23.640186 57.000000 
-117.345955 37.289776 23.658443 72.000000 
-117.257584 37.386459 23.657431 57.000000 
-116.934792 37.734890 23.633385 48.000000 
-117.329773 37.287628 23.653320 74.000000 
-116.924583 37.725731 23.636189 48.000000 
-117.404694 37.188835 23.656069 69.000000 
-117.317673 37.282909 23.651884 90.000000 
-116.911095 37.720196 23.635542 50.000000 
-117.400940 37.177322 23.663639 56.000000 
-117.303902 37.278702 23.649347 83.000000 
-116.898376 37.713089 23.636179 51.000000 
-117.383888 37.176022 23.657036 56.000000 
-117.297501 37.268711 23.654371 64.000000 
-116.994064 37.589798 23.636944 58.000000 
-117.365570 37.175552 23.649187 58.000000 
-116.979172 37.584919 23.635180 58.000000 
-117.441246 37.078815 23.655796 66.000000 
-117.356575 37.167252 23.651800 61.000000 
-116.967628 37.576458 23.637028 55.000000 
-117.432976 37.071133 23.658226 68.000000 
-117.350502 37.157497 23.656881 60.000000 
-116.947578 37.575531 23.630766 57.000000 
-117.416603 37.069984 23.651333 71.000000 
-117.337486 37.153584 23.654150 61.000000 
-117.044830 37.455364 23.636581 54.000000 
-116.930557 37.572941 23.626688 57.000000 
-117.405891 37.063980 23.651182 80.000000 
-117.041046 37.443031 23.643978 49.000000 
-117.398880 37.055321 23.655005 90.000000 
-117.023499 37.439613 23.639929 49.000000 
-117.386971 37.050121 23.653591 86.000000 
-117.008148 37.436028 23.636805 51.000000 
-117.371346 37.047459 23.648273 83.000000 
-116.990547 37.432446 23.632841 57.000000 
-117.360657 37.041286 23.648235 52.000000 
-117.083145 37.320511 23.637449 50.000000 
-116.981682 37.423897 23.635645 53.000000 
-117.059052 37.323429 23.625729 55.000000 
-117.051315 37.313690 23.629848 56.000000 
-117.041870 37.304420 23.632936 58.000000 
-117.117668 37.208111 23.624834 52.000000 
-117.026360 37.300167 23.629902 61.000000 
-117.108971 37.199474 23.627741 60.000000 
-117.101601 37.189926 23.631903 60.000000 
-117.086853 37.186077 23.628551 65.000000 
-117.072968 37.180851 23.626617 65.000000 
-117.162918 37.078190 23.634985 45.000000 
-117.059074 37.175564 23.624720 63.000000 
-117.150681 37.072205 23.634136 50.000000 
-117.133209 37.069504 23.628284 49.000000 
-117.123596 37.061741 23.630020 52.000000 
-117.211609 36.965408 23.638346 49.000000 
-117.110451 37.056850 23.627865 52.000000 
-117.183998 36.968937 23.621965 56.000000 
-117.103516 37.047375 23.632160 47.000000 
-117.172951 36.961639 23.622526 53.000000 
-117.168907 36.950809 23.629389 54.000000 
-117.161751 36.943172 23.632111 55.000000 
-117.147186 36.938534 23.628750 58.000000 
-117.129951 36.935360 23.622869 55.000000 
-116.979561 38.539825 23.665091 109.000000 
-116.955833 38.539848 23.661545 118.000000 
-116.929626 38.544731 23.655529 120.000000 
-116.909485 38.542583 23.653482 120.000000 
-116.887459 38.541336 23.650778 122.000000 
-117.049881 38.263065 23.665018 104.000000 
-117.025406 38.266434 23.659506 109.000000 
-117.008858 38.261974 23.658886 115.000000 
-117.146057 38.028572 23.661860 50.000000 
-116.993027 38.253582 23.660202 122.000000 
-117.121849 38.029568 23.657097 65.000000 
-117.109970 38.017212 23.660997 54.000000 
-117.090721 38.017120 23.657656 75.000000 
-117.071144 38.014576 23.655455 106.000000 
-117.202034 37.798634 23.660284 50.000000 
-116.704269 38.506393 23.639542 66.000000 
-117.191971 37.785198 23.665216 53.000000 
-116.679718 38.507202 23.635698 64.000000 
-117.173027 37.782795 23.662821 54.000000 
-116.663094 38.497829 23.637466 111.000000 
-117.275223 37.607399 23.651905 59.000000 
-117.152931 37.781689 23.659548 61.000000 
-116.638474 38.498455 23.633720 114.000000 
-117.269562 37.588406 23.660910 55.000000 
-117.127617 37.785515 23.652763 55.000000 
-117.251129 37.586056 23.658340 55.000000 
-117.229431 37.589924 23.651758 63.000000 
-116.769020 38.221779 23.639467 103.000000 
-117.207512 37.591434 23.646404 71.000000 
-116.743919 38.223835 23.634607 113.000000 
-117.325615 37.405457 23.653538 56.000000 
-117.191254 37.586163 23.645866 56.000000 
-116.719917 38.224380 23.630630 113.000000 
-117.307632 37.403076 23.650827 59.000000 
-116.882874 37.975746 23.641739 50.000000 
-117.290161 37.398865 23.649265 61.000000 
-116.848335 37.988285 23.629690 65.000000 
-117.403183 37.224472 23.658463 46.000000 
-117.273285 37.395035 23.647627 63.000000 
-116.829628 37.983418 23.628878 61.000000 
-117.385139 37.223858 23.654428 52.000000 
-117.261635 37.386406 23.649866 57.000000 
-116.812798 37.977642 23.628839 66.000000 
-117.361862 37.227814 23.646435 55.000000 
-116.803566 37.961784 23.635042 45.000000 
-117.350075 37.218983 23.648764 59.000000 
-117.457726 37.055550 23.659039 47.000000 
-117.335999 37.212646 23.649069 62.000000 
-116.920464 37.750374 23.631704 46.000000 
-117.438919 37.056084 23.653765 56.000000 
-117.320175 37.209229 23.647236 55.000000 
-116.910202 37.738117 23.636097 46.000000 
-117.421822 37.053638 23.650774 56.000000 
-116.894531 37.730614 23.637035 48.000000 
-117.409378 37.046211 23.652069 64.000000 
-117.501068 36.913265 23.648127 63.000000 
-117.395775 37.039970 23.652334 64.000000 
-117.000900 37.537670 23.632832 52.000000 
-117.490196 36.904839 23.650450 65.000000 
-117.376289 37.039776 23.647331 67.000000 
-116.983360 37.532932 23.631807 53.000000 
-117.482857 36.892803 23.656094 62.000000 
-116.960968 37.533257 23.627066 61.000000 
-117.469704 36.886707 23.656273 62.000000 
-116.940948 37.530922 23.624250 52.000000 
-117.454185 36.882931 23.654295 66.000000 
-117.545372 36.748722 23.657393 51.000000 
-117.433258 36.885422 23.646759 73.000000 
-117.538391 36.738956 23.661789 50.000000 
-117.409874 36.890167 23.637083 47.000000 
-117.032021 37.342613 23.623274 47.000000 
-117.520920 36.737534 23.657406 51.000000 
-117.013710 37.339008 23.621241 50.000000 
-117.601471 36.617558 23.654663 72.000000 
-117.502220 36.737171 23.651934 62.000000 
-117.592644 36.608311 23.658201 62.000000 
-117.481079 36.738998 23.644251 66.000000 
-117.576714 36.605705 23.654785 58.000000 
-117.467094 36.733917 23.643372 49.000000 
-117.113068 37.147949 23.633152 46.000000 
-117.558365 36.605236 23.649080 64.000000 
-117.098335 37.142471 23.632826 47.000000 
-117.641624 36.486813 23.652290 60.000000 
-117.540466 36.605099 23.643295 69.000000 
-117.079292 37.140045 23.629656 50.000000 
-117.630081 36.481339 23.652182 69.000000 
-117.531677 36.595684 23.646950 72.000000 
-117.609192 36.482483 23.643982 62.000000 
-117.521713 36.587345 23.649467 55.000000 
-117.179222 36.975761 23.634974 45.000000 
-117.594009 36.480083 23.640358 67.000000 
-117.162025 36.970093 23.633951 47.000000 
-117.690498 36.351795 23.661938 49.000000 
-117.585342 36.468578 23.645613 67.000000 
-117.143402 36.967606 23.630600 55.000000 
-117.671661 36.352142 23.654547 65.000000 
-117.576218 36.460804 23.648006 77.000000 
-117.246109 36.834625 23.626211 49.000000 
-117.654892 36.352165 23.648180 69.000000 
-117.558586 36.460346 23.642097 55.000000 
-117.237206 36.824783 23.629992 55.000000 
-117.645630 36.344185 23.650665 65.000000 
-117.216995 36.825001 23.624113 59.000000 
-117.722504 36.239948 23.653042 56.000000 
-117.636856 36.336578 23.653048 68.000000 
-117.203804 36.817966 23.624872 61.000000 
-117.705132 36.239048 23.646698 79.000000 
-117.620331 36.334606 23.648252 66.000000 
-117.180984 36.820236 23.616932 61.000000 
-117.699829 36.228275 23.652946 72.000000 
-117.603760 36.332554 23.643496 63.000000 
-117.293770 36.674995 23.629589 51.000000 
-117.169785 36.810394 23.620058 51.000000 
-117.692146 36.219452 23.656700 60.000000 
-117.273392 36.674576 23.623611 50.000000 
-117.751221 36.131390 23.644344 65.000000 
-117.675949 36.217403 23.651711 82.000000 
-117.255508 36.671909 23.619896 50.000000 
-117.752716 36.116566 23.656988 61.000000 
-117.659729 36.215275 23.646759 85.000000 
-117.246559 36.661686 23.623959 53.000000 
-117.743721 36.108490 23.659607 54.000000 
-117.642235 36.214031 23.640598 94.000000 
-117.338707 36.539673 23.622114 55.000000 
-117.236359 36.652508 23.626940 47.000000 
-117.725830 36.108589 23.651735 56.000000 
-117.322472 36.535927 23.619328 53.000000 
-117.801842 36.010738 23.659819 63.000000 
-117.714401 36.102276 23.651850 61.000000 
-117.313911 36.525936 23.623409 55.000000 
-117.792366 36.004086 23.660994 63.000000 
-117.696007 36.101826 23.644186 68.000000 
-117.300247 36.520027 23.622967 60.000000 
-117.782097 35.998665 23.660751 74.000000 
-117.689125 36.093441 23.647942 73.000000 
-117.285774 36.515537 23.621271 58.000000 
-117.760399 36.000778 23.648867 68.000000 
-117.683090 36.083736 23.653120 50.000000 
-117.381943 36.394386 23.626818 45.000000 
-117.273399 36.508503 23.622030 53.000000 
-117.748451 35.995739 23.647509 63.000000 
-117.376389 36.382645 23.633270 46.000000 
-117.741455 35.987152 23.651413 77.000000 
-117.363129 36.376789 23.632734 51.000000 
-117.735725 35.977684 23.656639 80.000000 
-117.336884 36.380650 23.620579 49.000000 
-117.720093 35.975136 23.651445 68.000000 
-117.438911 36.260368 23.634453 52.000000 
-117.319664 36.377560 23.616632 49.000000 
-117.420822 36.258343 23.629013 55.000000 
-117.402695 36.256229 23.623617 54.000000 
-117.383224 36.254955 23.617073 54.000000 
-117.484123 36.139862 23.633186 47.000000 
-117.371574 36.248024 23.617739 60.000000 
-117.459846 36.142132 23.621418 63.000000 
-117.365189 36.237358 23.623203 51.000000 
-117.447227 36.136242 23.620743 61.000000 
-117.434608 36.130302 23.620102 63.000000 
-117.420677 36.125195 23.618269 63.000000 
-117.511131 36.021042 23.627649 49.000000 
-117.412018 36.116512 23.621357 63.000000 
-117.502785 36.012630 23.630655 52.000000 
-117.399414 36.110432 23.620810 56.000000 
-117.490532 36.006721 23.629925 51.000000 
-117.471687 36.004940 23.622974 50.000000 
-117.458504 36.000164 23.620914 51.000000 
-117.557480 35.895748 23.640497 49.000000 
-117.442245 35.996559 23.616549 52.000000 
-117.533737 35.897018 23.628162 54.000000 
-117.517822 35.893414 23.623556 54.000000 
-117.505867 35.887375 23.622822 53.000000 
-117.496567 35.879726 23.624668 55.000000 
-117.487289 35.872047 23.626537 58.000000 
-117.472687 35.867420 23.623350 49.000000 
-117.330589 37.351921 23.688673 103.000000 
-117.302559 37.360023 23.681332 118.000000 
-117.282005 37.357647 23.679661 121.000000 
-117.257072 37.361092 23.674829 124.000000 
-117.235352 37.360012 23.672453 124.000000 
-117.386673 37.101799 23.678907 103.000000 
-117.359085 37.109604 23.671198 111.000000 
-117.340218 37.105755 23.670261 121.000000 
-117.326500 37.096569 23.672596 122.000000 
-117.457977 36.873264 23.672064 58.000000 
-117.435730 36.873337 23.668451 68.000000 
-117.423073 36.862534 23.671783 104.000000 
-117.404831 36.858715 23.670767 108.000000 
-117.533089 36.646385 23.675674 50.000000 
-117.055466 37.324829 23.665028 105.000000 
-117.515465 36.642769 23.674458 59.000000 
-117.024292 37.334400 23.656780 68.000000 
-117.503502 36.632240 23.677851 61.000000 
-117.008018 37.325241 23.658863 105.000000 
-117.485870 36.628510 23.676708 66.000000 
-116.987129 37.321732 23.657829 117.000000 
-117.595993 36.446804 23.672884 59.000000 
-117.472816 36.619267 23.679251 51.000000 
-117.579506 36.443668 23.671429 68.000000 
-117.125641 37.067665 23.657606 50.000000 
-117.555481 36.448017 23.664434 75.000000 
-117.115974 37.051788 23.663797 103.000000 
-117.677834 36.257858 23.677258 58.000000 
-117.538300 36.444279 23.663185 78.000000 
-117.089912 37.055378 23.658447 117.000000 
-117.668144 36.246563 23.681698 61.000000 
-117.522270 36.439152 23.662924 46.000000 
-117.068512 37.053299 23.656456 109.000000 
-117.644020 36.250397 23.674444 58.000000 
-117.218224 36.820805 23.660234 54.000000 
-117.625069 36.249374 23.671061 63.000000 
-117.195099 36.821648 23.656214 62.000000 
-117.740044 36.073433 23.683987 47.000000 
-117.602577 36.252140 23.664766 67.000000 
-117.168335 36.826450 23.649658 66.000000 
-117.714615 36.080086 23.674196 48.000000 
-117.143890 36.828426 23.644884 69.000000 
-117.694336 36.082005 23.668423 56.000000 
-117.675781 36.080887 23.664862 56.000000 
-117.666641 36.069679 23.669500 62.000000 
-117.252304 36.602688 23.649771 45.000000 
-117.773842 35.909096 23.679916 56.000000 
-117.652802 36.063446 23.670088 53.000000 
-117.233215 36.599319 23.648273 53.000000 
-117.758125 35.905560 23.678238 59.000000 
-117.226273 36.582783 23.655787 45.000000 
-117.744774 35.899532 23.678705 66.000000 
-117.343018 36.403423 23.648457 45.000000 
-117.839844 35.764301 23.679495 52.000000 
-117.729591 35.896305 23.676968 64.000000 
-117.323860 36.401909 23.645672 55.000000 
-117.816750 35.769516 23.669899 57.000000 
-117.713844 35.892593 23.675396 64.000000 
-117.310173 36.393452 23.647747 53.000000 
-117.800194 35.767120 23.667021 61.000000 
-117.287888 36.393852 23.643332 55.000000 
-117.791985 35.756428 23.671799 62.000000 
-117.421318 36.205032 23.654093 47.000000 
-117.268028 36.391613 23.640827 49.000000 
-117.781425 35.748062 23.674423 66.000000 
-117.406975 36.198067 23.655128 47.000000 
-117.866661 35.620766 23.673044 48.000000 
-117.762444 35.747841 23.669476 73.000000 
-117.387680 36.195999 23.652327 47.000000 
-117.855293 35.613754 23.674509 51.000000 
-117.738556 35.752178 23.660233 46.000000 
-117.366463 36.196789 23.647482 52.000000 
-117.844444 35.607117 23.675871 55.000000 
-117.342110 36.199463 23.640907 46.000000 
-117.922523 35.490425 23.671858 54.000000 
-117.828262 35.604557 23.672913 66.000000 
-117.468109 36.024609 23.651466 50.000000 
-117.907417 35.486435 23.669947 61.000000 
-117.810326 35.602638 23.669010 70.000000 
-117.895203 35.480595 23.670252 62.000000 
-117.795311 35.598808 23.667248 54.000000 
-117.422798 36.027405 23.639524 47.000000 
-117.880562 35.476891 23.668282 62.000000 
-117.407623 36.021519 23.639631 57.000000 
-117.947647 35.373001 23.657099 65.000000 
-117.865913 35.473129 23.666346 62.000000 
-117.951530 35.353455 23.672770 76.000000 
-117.845108 35.474716 23.658697 69.000000 
-117.934807 35.351864 23.668289 61.000000 
-117.835335 35.466496 23.661432 47.000000 
-117.492065 35.853951 23.644773 47.000000 
-117.923424 35.346405 23.668451 61.000000 
-117.488815 35.837826 23.654074 50.000000 
-117.997238 35.241203 23.666248 65.000000 
-117.904190 35.346764 23.661682 65.000000 
-117.465210 35.839996 23.646885 50.000000 
-117.984482 35.236465 23.665228 69.000000 
-117.893555 35.339756 23.663223 72.000000 
-117.571091 35.704121 23.646603 63.000000 
-117.965584 35.236717 23.658163 68.000000 
-117.874252 35.339954 23.656538 52.000000 
-117.554253 35.700657 23.644337 55.000000 
-117.946625 35.236874 23.651146 72.000000 
-117.543808 35.691589 23.647440 52.000000 
-118.031715 35.126034 23.662617 58.000000 
-117.936287 35.229939 23.652658 81.000000 
-117.523102 35.691307 23.642057 62.000000 
-118.015572 35.124161 23.657791 58.000000 
-117.927200 35.221977 23.655407 88.000000 
-117.507507 35.686539 23.640976 64.000000 
-118.003105 35.119324 23.656740 62.000000 
-117.916901 35.214985 23.656969 59.000000 
-117.621094 35.543118 23.654301 48.000000 
-117.995583 35.110600 23.660690 64.000000 
-117.594345 35.548073 23.643133 50.000000 
-118.063072 35.016544 23.657688 64.000000 
-117.989349 35.100906 23.665899 68.000000 
-117.577850 35.544415 23.640797 55.000000 
-118.050911 35.011719 23.656538 59.000000 
-117.969414 35.101658 23.657492 76.000000 
-117.678665 35.415974 23.647697 47.000000 
-117.560043 35.541740 23.637409 59.000000 
-118.042465 35.004089 23.659237 54.000000 
-117.945656 35.105141 23.645420 65.000000 
-117.653511 35.419563 23.637226 58.000000 
-117.550041 35.532684 23.640619 49.000000 
-118.031548 34.998268 23.659414 52.000000 
-117.636063 35.416897 23.633585 58.000000 
-118.092056 34.913059 23.650703 66.000000 
-118.020645 34.992401 23.659620 58.000000 
-117.621201 35.412121 23.632242 58.000000 
-118.086357 34.903793 23.656002 71.000000 
-118.004730 34.990116 23.654783 65.000000 
-117.607628 35.406273 23.632061 62.000000 
-118.078224 34.896267 23.658716 61.000000 
-117.983742 34.991352 23.644922 56.000000 
-117.596695 35.398354 23.634161 60.000000 
-118.061363 34.894791 23.652361 68.000000 
-117.974068 34.984417 23.646496 47.000000 
-118.048225 34.890644 23.649939 86.000000 
-117.679848 35.272362 23.639759 45.000000 
-118.036331 34.885578 23.648848 94.000000 
-118.024445 34.880463 23.647785 94.000000 
-117.750252 35.160305 23.637289 50.000000 
-117.653503 35.260693 23.639242 49.000000 
-118.015083 34.873604 23.649338 65.000000 
-117.738716 35.153660 23.638056 55.000000 
-117.725876 35.147900 23.637667 52.000000 
-117.711716 35.143009 23.636126 56.000000 
-117.790169 35.043991 23.632030 52.000000 
-117.693565 35.140812 23.631077 63.000000 
-117.776306 35.039139 23.630322 65.000000 
-117.672707 35.140347 23.623713 57.000000 
-117.766411 35.031582 23.632292 65.000000 
-117.665169 35.130699 23.628191 61.000000 
-117.753456 35.025322 23.632023 61.000000 
-117.835495 34.926788 23.634443 45.000000 
-117.724937 35.029892 23.617102 67.000000 
-117.815765 34.926495 23.626251 51.000000 
-117.719467 35.019993 23.622639 65.000000 
-117.802200 34.921505 23.624477 51.000000 
-117.714958 35.008801 23.629560 59.000000 
-117.788216 34.916042 23.622904 50.000000 
-117.702011 35.002327 23.629431 49.000000 
-117.779976 34.907631 23.626156 52.000000 
-117.773117 34.898384 23.630665 57.000000 
-117.845528 34.810432 23.624926 54.000000 
-117.758217 34.894016 23.627787 52.000000 
-117.829590 34.806889 23.620552 61.000000 
-117.740601 34.891201 23.622484 49.000000 
-117.823006 34.797821 23.625072 58.000000 
-117.810135 34.793026 23.623133 56.000000 
-117.796860 34.787762 23.621391 58.000000 
-117.778168 34.785492 23.614649 56.000000 
-117.768936 34.777809 23.616758 55.000000 
-117.767899 34.765568 23.626425 48.000000 
-117.705978 36.319191 23.686150 111.000000 
-117.705971 36.261757 23.685520 116.000000 
-117.678116 36.270153 23.678190 121.000000 
-117.659035 36.264565 23.678270 124.000000 
-117.807037 36.003170 23.687716 104.000000 
-117.645020 36.253468 23.681484 122.000000 
-117.777641 36.014412 23.678226 117.000000 
-117.763260 36.005135 23.680597 111.000000 
-117.752174 35.991467 23.685528 117.000000 
-117.879433 35.768810 23.686293 54.000000 
-117.724754 35.999496 23.677872 121.000000 
-117.859901 35.768829 23.683243 72.000000 
-117.842941 35.764053 23.682995 69.000000 
-117.821564 35.764889 23.679268 108.000000 
-117.805687 35.758568 23.679979 114.000000 
-117.932167 35.546101 23.686476 59.000000 
-117.456169 36.236561 23.665699 107.000000 
-117.908012 35.551125 23.679720 59.000000 
-117.435463 36.233578 23.664539 64.000000 
-117.896088 35.540844 23.683100 61.000000 
-117.410187 36.236275 23.660261 111.000000 
-117.869576 35.548439 23.674606 68.000000 
-117.382553 36.241737 23.654453 108.000000 
-117.987068 35.353397 23.680590 63.000000 
-117.855400 35.540798 23.676228 56.000000 
-117.349083 36.254242 23.644758 48.000000 
-117.963303 35.358204 23.673510 63.000000 
-117.532951 35.965984 23.667479 49.000000 
-117.939453 35.362896 23.666481 78.000000 
-117.508293 35.968655 23.662872 49.000000 
-117.925789 35.355419 23.668070 78.000000 
-117.482414 35.972614 23.657492 109.000000 
-118.039719 35.172752 23.676029 55.000000 
-117.919006 35.339882 23.675390 50.000000 
-117.464615 35.966671 23.657959 115.000000 
-118.014038 35.179947 23.666649 58.000000 
-117.608917 35.737801 23.660456 54.000000 
-118.000336 35.174389 23.667076 61.000000 
-117.586617 35.739483 23.656261 54.000000 
-118.100090 35.013371 23.668467 47.000000 
-117.987198 35.167046 23.668652 67.000000 
-117.568283 35.735107 23.655722 54.000000 
-118.079361 35.015217 23.662756 50.000000 
-117.971756 35.162262 23.668285 50.000000 
-117.552299 35.727940 23.656954 62.000000 
-118.058578 35.016968 23.657093 56.000000 
-117.532768 35.724796 23.655632 45.000000 
-118.052246 35.003841 23.663622 59.000000 
-118.036072 35.000401 23.662125 62.000000 
-118.136719 34.843884 23.669024 56.000000 
-118.012856 35.004448 23.654541 53.000000 
-117.634254 35.506359 23.657438 45.000000 
-118.124519 34.836868 23.670513 58.000000 
-117.611679 35.507233 23.653246 51.000000 
-118.108261 34.833076 23.668989 67.000000 
-118.186546 34.712616 23.656118 45.000000 
-118.088997 34.833305 23.664209 66.000000 
-117.715645 35.314548 23.651985 48.000000 
-118.169998 34.710480 23.653202 50.000000 
-118.068420 34.836727 23.657099 56.000000 
-117.695992 35.315037 23.648123 52.000000 
-118.163918 34.699562 23.658798 52.000000 
-117.670189 35.319630 23.640869 66.000000 
-118.147362 34.697323 23.655945 55.000000 
-117.649185 35.318974 23.637407 49.000000 
-118.131966 34.693832 23.654221 64.000000 
-117.777306 35.133114 23.645931 50.000000 
-118.224022 34.557449 23.660896 53.000000 
-118.111778 34.694992 23.648182 57.000000 
-117.754379 35.135056 23.640202 55.000000 
-118.206657 34.556351 23.656742 53.000000 
-118.098732 34.689011 23.648708 50.000000 
-117.738770 35.129421 23.640339 58.000000 
-118.277153 34.444214 23.647251 52.000000 
-118.188065 34.556316 23.651506 66.000000 
-117.727501 35.118298 23.644539 54.000000 
-118.265533 34.437080 23.648794 63.000000 
-118.172508 34.552364 23.649811 66.000000 
-117.836014 34.958939 23.643074 46.000000 
-118.248466 34.435860 23.644451 64.000000 
-118.158661 34.547619 23.649141 59.000000 
-117.812233 34.961895 23.636051 46.000000 
-118.237358 34.429024 23.645927 69.000000 
-118.149651 34.538288 23.652979 54.000000 
-117.803284 34.950283 23.641121 48.000000 
-118.223862 34.424358 23.645123 62.000000 
-117.782478 34.951122 23.636040 52.000000 
-118.304642 34.307095 23.648115 71.000000 
-118.214478 34.416748 23.647673 85.000000 
-118.301117 34.293972 23.656675 70.000000 
-118.208267 34.405426 23.653837 67.000000 
-117.878532 34.789871 23.641022 48.000000 
-118.282448 34.295094 23.649687 77.000000 
-118.187981 34.407593 23.646078 52.000000 
-117.862587 34.785515 23.639940 52.000000 
-118.269310 34.290436 23.648802 68.000000 
-117.839073 34.788055 23.632690 52.000000 
-118.341927 34.184357 23.646742 68.000000 
-118.259827 34.282555 23.651499 78.000000 
-117.941689 34.652023 23.631962 48.000000 
-117.825607 34.781235 23.633762 51.000000 
-118.325478 34.182835 23.642073 65.000000 
-118.245476 34.278858 23.649492 90.000000 
-117.936165 34.638676 23.639290 52.000000 
-117.806519 34.778515 23.630899 49.000000 
-118.315826 34.174725 23.644878 61.000000 
-118.220810 34.283073 23.638212 53.000000 
-117.918823 34.635006 23.637163 48.000000 
-118.383507 34.075928 23.640759 56.000000 
-118.311554 34.162914 23.652433 69.000000 
-117.896912 34.636181 23.630657 57.000000 
-118.370216 34.072689 23.638271 58.000000 
-118.293083 34.163643 23.645300 72.000000 
-117.875473 34.637699 23.624044 57.000000 
-118.357681 34.068035 23.637196 58.000000 
-118.276573 34.161873 23.640772 63.000000 
-117.988197 34.491734 23.639000 48.000000 
-117.859833 34.633114 23.622965 55.000000 
-118.351257 34.058449 23.642382 58.000000 
-118.262497 34.158020 23.638706 59.000000 
-117.964119 34.494930 23.629967 49.000000 
-118.407669 33.971043 23.629427 49.000000 
-118.338745 34.053715 23.641361 68.000000 
-117.946342 34.492622 23.626488 49.000000 
-118.405952 33.957542 23.639896 78.000000 
-118.322083 34.051449 23.636782 68.000000 
-117.928032 34.489788 23.623213 51.000000 
-118.403526 33.945377 23.648958 60.000000 
-118.309547 34.046600 23.635830 60.000000 
-118.019714 34.366501 23.623564 55.000000 
-117.925659 34.474506 23.632975 50.000000 
-118.390541 33.941982 23.646423 60.000000 
-117.997635 34.368698 23.615198 61.000000 
-117.904488 34.475639 23.626167 53.000000 
-118.374641 33.940002 23.641512 60.000000 
-117.991722 34.356915 23.621733 58.000000 
-118.450500 33.842850 23.649775 60.000000 
-118.364098 33.934647 23.641586 63.000000 
-117.976028 34.353798 23.619097 62.000000 
-118.436150 33.839939 23.645941 73.000000 
-118.353134 33.928871 23.641825 60.000000 
-117.965012 34.346081 23.621166 74.000000 
-118.415619 33.841385 23.635635 74.000000 
-118.335930 33.927616 23.635752 45.000000 
-117.951408 34.340366 23.621012 52.000000 
-118.403679 33.836559 23.634485 98.000000 
-118.048897 34.217201 23.629623 49.000000 
-118.396713 33.828182 23.638557 91.000000 
-118.039589 34.208675 23.632782 49.000000 
-118.392281 33.818047 23.645243 97.000000 
-118.019867 34.207966 23.626713 56.000000 
-118.372864 33.818321 23.636395 85.000000 
-118.115135 34.091415 23.636784 46.000000 
-117.998795 34.208138 23.619537 53.000000 
-118.093185 34.092529 23.628017 51.000000 
-118.077248 34.088409 23.625406 55.000000 
-118.060432 34.085571 23.621490 55.000000 
-118.135544 33.987968 23.615068 58.000000 
-118.045349 34.082153 23.618641 57.000000 
-118.119026 33.985077 23.610926 67.000000 
-118.036415 34.073612 23.621902 47.000000 
-118.111656 33.975845 23.615337 57.000000 
-118.097748 33.971050 23.613697 58.000000 
-118.089119 33.962654 23.616941 59.000000 
-118.161095 33.869370 23.610744 61.000000 
-118.075211 33.957760 23.615366 56.000000 
-118.151436 33.862003 23.612701 57.000000 
-118.055969 33.956306 23.608994 59.000000 
-118.144440 33.852917 23.617167 54.000000 
-118.129517 33.848854 23.614212 57.000000 
-118.113251 33.845554 23.610058 55.000000 
-118.205772 33.743855 23.624735 57.000000 
-118.094292 33.843838 23.603477 54.000000 
-118.179260 33.746937 23.610186 64.000000 
-118.167274 33.741150 23.609642 68.000000 
-118.148621 33.739254 23.602806 80.000000 
-118.140633 33.730999 23.606125 65.000000 
-118.134018 33.721943 23.610722 63.000000 
-118.124748 33.714424 23.612820 54.000000 
-117.998779 35.443039 23.595922 108.000000 
-117.986023 35.428970 23.600613 111.000000 
-117.952621 35.445080 23.589230 121.000000 
-117.927383 35.448971 23.584347 124.000000 
-118.082253 35.166302 23.598627 48.000000 
-117.912544 35.437729 23.587549 119.000000 
-118.067719 35.125828 23.588827 109.000000 
-118.046303 35.125313 23.586128 121.000000 
-118.024841 35.124714 23.583473 122.000000 
-118.157761 34.884201 23.587543 68.000000 
-118.015045 35.107861 23.590120 115.000000 
-118.135902 34.885208 23.583731 61.000000 
-118.115059 34.884678 23.580845 112.000000 
-118.103500 34.873020 23.584923 116.000000 
-118.083710 34.870922 23.582996 111.000000 
-117.753487 35.373272 23.571928 66.000000 
-118.201141 34.660862 23.580788 49.000000 
-117.726662 35.377686 23.566751 66.000000 
-118.188438 34.650459 23.584143 57.000000 
-117.700859 35.380516 23.562424 108.000000 
-118.289940 34.463978 23.577450 49.000000 
-118.170731 34.645187 23.583984 55.000000 
-117.686394 35.366615 23.567015 111.000000 
-118.282158 34.448349 23.584642 57.000000 
-118.149323 34.645901 23.580074 51.000000 
-117.653824 35.378017 23.558041 51.000000 
-118.263077 34.448273 23.581223 77.000000 
-117.815666 35.105881 23.564337 103.000000 
-118.244400 34.446304 23.578918 85.000000 
-117.805054 35.090031 23.570503 50.000000 
-118.222382 34.448364 23.573797 68.000000 
-117.776497 35.097034 23.563412 111.000000 
-118.349266 34.241032 23.593307 47.000000 
-118.200294 34.450329 23.568724 59.000000 
-117.750107 35.101055 23.558039 49.000000 
-118.326248 34.246269 23.585724 52.000000 
-117.898392 34.857460 23.562262 52.000000 
-118.308083 34.244301 23.583267 63.000000 
-117.878326 34.854568 23.560780 59.000000 
-118.408577 34.073700 23.586138 46.000000 
-118.287025 34.244480 23.578999 69.000000 
-117.852943 34.856670 23.556019 61.000000 
-118.385315 34.078327 23.578325 54.000000 
-118.264297 34.247654 23.572676 55.000000 
-117.829361 34.857773 23.552034 69.000000 
-118.363182 34.083691 23.570311 59.000000 
-117.810631 34.855625 23.550396 63.000000 
-118.347649 34.079041 23.569775 65.000000 
-118.329758 34.074760 23.568508 54.000000 
-117.932190 34.623779 23.556330 45.000000 
-118.435379 33.905186 23.579887 50.000000 
-117.911476 34.622112 23.553875 49.000000 
-118.418655 33.903576 23.576988 58.000000 
-118.399048 33.903984 23.572134 61.000000 
-118.017754 34.418674 23.553480 46.000000 
-118.499847 33.754498 23.579235 49.000000 
-118.390862 33.891804 23.577908 67.000000 
-117.998749 34.415730 23.551729 48.000000 
-118.483536 33.750851 23.577496 69.000000 
-118.372360 33.890831 23.574188 51.000000 
-117.984436 34.407448 23.553774 52.000000 
-118.462593 33.754051 23.570063 73.000000 
-117.963036 34.406990 23.550230 50.000000 
-118.447380 33.749039 23.569500 73.000000 
-117.938026 34.410362 23.543928 48.000000 
-118.433273 33.744793 23.568710 82.000000 
-118.065544 34.217594 23.551041 47.000000 
-118.521683 33.605812 23.571901 49.000000 
-118.419769 33.738873 23.569174 67.000000 
-118.044632 34.217129 23.547226 53.000000 
-118.509750 33.598911 23.573355 55.000000 
-118.017685 34.222935 23.538599 53.000000 
-118.499001 33.590801 23.575960 65.000000 
-118.564453 33.479080 23.560722 65.000000 
-118.482437 33.588512 23.572969 70.000000 
-118.548729 33.477219 23.557379 74.000000 
-118.465202 33.587730 23.568760 66.000000 
-118.540634 33.466934 23.562317 69.000000 
-118.526726 33.462303 23.561483 75.000000 
-118.600266 33.345581 23.557783 56.000000 
-118.510452 33.459873 23.558372 65.000000 
-118.189461 33.854103 23.554594 55.000000 
-118.594910 33.333328 23.565166 52.000000 
-118.488228 33.462994 23.549524 82.000000 
-118.165771 33.857029 23.547207 50.000000 
-118.576653 33.333115 23.559469 55.000000 
-118.484962 33.448090 23.559189 49.000000 
-118.154228 33.847912 23.550272 55.000000 
-118.650757 33.220314 23.559080 57.000000 
-118.554810 33.336075 23.550249 55.000000 
-118.139038 33.842327 23.550249 56.000000 
-118.637535 33.215775 23.558020 55.000000 
-118.540016 33.332420 23.548206 57.000000 
-118.238068 33.703648 23.546131 56.000000 
-118.118912 33.841427 23.546116 47.000000 
-118.629044 33.206970 23.561880 63.000000 
-118.532372 33.322216 23.553314 57.000000 
-118.226967 33.694736 23.549168 57.000000 
-118.701904 33.098804 23.563566 52.000000 
-118.607521 33.209690 23.552334 66.000000 
-118.209732 33.691559 23.546869 57.000000 
-118.686432 33.098110 23.558376 72.000000 
-118.590477 33.209953 23.546227 77.000000 
-118.197296 33.685768 23.547514 57.000000 
-118.673538 33.093540 23.557247 82.000000 
-118.580795 33.202057 23.548956 74.000000 
-118.178795 33.683609 23.544218 55.000000 
-118.657074 33.091949 23.552393 85.000000 
-118.567535 33.197247 23.548059 51.000000 
-118.730904 32.985790 23.558134 69.000000 
-118.645355 33.086262 23.552582 85.000000 
-118.268173 33.533676 23.551378 47.000000 
-118.717880 32.980854 23.557043 70.000000 
-118.631973 33.081146 23.551685 94.000000 
-118.249550 33.531055 23.548016 47.000000 
-118.702919 32.978176 23.553288 51.000000 
-118.622673 33.073372 23.554428 100.000000 
-118.231430 33.528793 23.544542 48.000000 
-118.688377 32.975811 23.549435 68.000000 
-118.609016 33.069935 23.552073 94.000000 
-118.323898 33.400230 23.545092 52.000000 
-118.211288 33.529095 23.538754 47.000000 
-118.768784 32.868874 23.564129 84.000000 
-118.678177 32.969158 23.550867 78.000000 
-118.593674 33.067039 23.548645 63.000000 
-118.309914 33.394772 23.544775 53.000000 
-118.747765 32.870411 23.553787 83.000000 
-118.674774 32.956356 23.560123 65.000000 
-118.289124 33.394142 23.538977 49.000000 
-118.734283 32.866669 23.551224 80.000000 
-118.657364 32.955376 23.553946 78.000000 
-118.270058 33.392788 23.534208 53.000000 
-118.727997 32.857349 23.556541 71.000000 
-118.644775 32.950520 23.552906 73.000000 
-118.364586 33.265335 23.541142 46.000000 
-118.258560 33.385017 23.536272 55.000000 
-118.719345 32.849857 23.559261 77.000000 
-118.630966 32.946556 23.550627 62.000000 
-118.345901 33.263954 23.536087 47.000000 
-118.247086 33.377213 23.538364 58.000000 
-118.708298 32.844166 23.559395 68.000000 
-118.619591 32.940655 23.550924 64.000000 
-118.330978 33.259426 23.534575 49.000000 
-118.689949 32.843861 23.551737 83.000000 
-118.614388 32.930046 23.557592 54.000000 
-118.316048 33.254837 23.533100 47.000000 
-118.673996 32.841667 23.546728 83.000000 
-118.310043 33.243111 23.539789 51.000000 
-118.667824 32.832218 23.552158 74.000000 
-118.293846 33.239437 23.537218 49.000000 
-118.658859 32.826210 23.553423 90.000000 
-118.370628 33.133671 23.528051 50.000000 
-118.274742 33.239574 23.530886 45.000000 
-118.644112 32.822960 23.549810 77.000000 
-118.366249 33.121246 23.536011 51.000000 
-118.633064 32.816990 23.550121 71.000000 
-118.449265 33.012268 23.537870 60.000000 
-118.346527 33.120430 23.529692 50.000000 
-118.625763 32.808342 23.554338 50.000000 
-118.437584 33.005829 23.538549 65.000000 
-118.334496 33.113747 23.530558 50.000000 
-118.428474 32.997490 23.541704 72.000000 
-118.316010 33.111809 23.525518 55.000000 
-118.412971 32.993759 23.538778 67.000000 
-118.489319 32.892719 23.537594 61.000000 
-118.397446 32.989956 23.535891 74.000000 
-118.488220 32.879192 23.548246 50.000000 
-118.378014 32.988834 23.529390 76.000000 
-118.477333 32.871071 23.550461 46.000000 
-118.371933 32.976727 23.536644 65.000000 
-118.460884 32.868134 23.546146 47.000000 
-118.353767 32.974548 23.531445 57.000000 
-118.444412 32.865116 23.541874 60.000000 
-118.340805 32.968670 23.531141 52.000000 
-118.530602 32.762321 23.551931 60.000000 
-118.431808 32.859409 23.541378 56.000000 
-118.322586 32.966335 23.526030 45.000000 
-118.514015 32.760937 23.545824 68.000000 
-118.422684 32.852760 23.543076 49.000000 
-118.306549 32.963890 23.521833 47.000000 
-118.501740 32.755325 23.545181 58.000000 
-118.412712 32.845242 23.545124 54.000000 
-118.289589 32.960495 23.518021 50.000000 
-118.488625 32.748844 23.544895 63.000000 
-118.396637 32.840279 23.542572 47.000000 
-118.480263 32.740658 23.548134 63.000000 
-118.468002 32.734905 23.547585 71.000000 
-118.363518 32.833515 23.534458 49.000000 
-118.451805 32.731548 23.543264 74.000000 
-118.354897 32.824959 23.537870 46.000000 
-118.435089 32.729759 23.537386 55.000000 
-118.344498 32.818916 23.538496 49.000000 
-118.424126 32.723026 23.538210 61.000000 
-118.421135 32.711441 23.546637 51.000000 
-118.400894 32.710232 23.538681 56.000000 
-118.387283 32.704956 23.537075 51.000000 
-118.298859 34.381538 23.610003 122.000000 
-118.277802 34.379646 23.608353 126.000000 
-118.258781 34.374641 23.608337 126.000000 
-118.398232 34.110401 23.610561 104.000000 
-118.238960 34.369087 23.608486 108.000000 
-118.372704 34.116100 23.604534 117.000000 
-118.356773 34.106354 23.607029 121.000000 
-118.354286 34.050053 23.606075 124.000000 
-118.486931 33.809639 23.608967 59.000000 
-118.337502 34.046059 23.605774 46.000000 
-118.465111 33.810848 23.605213 105.000000 
-118.442177 33.813419 23.600632 116.000000 
-118.422386 33.811543 23.598715 120.000000 
-118.552574 33.580421 23.608398 46.000000 
-118.403633 33.808144 23.597712 72.000000 
-118.072731 34.318916 23.586287 47.000000 
-118.524872 33.590103 23.598949 55.000000 
-118.057877 34.307232 23.589857 58.000000 
-118.506737 33.586887 23.597750 61.000000 
-118.033211 34.308811 23.586395 102.000000 
-118.615044 33.390347 23.596601 53.000000 
-118.485344 33.587849 23.593863 69.000000 
-118.006287 34.313232 23.581417 105.000000 
-118.592056 33.394222 23.590473 63.000000 
-118.469345 33.581661 23.594563 57.000000 
-117.980392 34.316067 23.577280 66.000000 
-118.570084 33.396606 23.585340 63.000000 
-118.148300 34.030651 23.588940 45.000000 
-118.548050 33.398891 23.580257 71.000000 
-118.125404 34.030773 23.586018 49.000000 
-118.657570 33.209045 23.584768 50.000000 
-118.528152 33.398327 23.577112 82.000000 
-118.096870 34.038002 23.579037 103.000000 
-118.635406 33.210918 23.579470 55.000000 
-118.515282 33.387615 23.580750 61.000000 
-118.613823 33.213120 23.574095 61.000000 
-118.222282 33.788040 23.582075 54.000000 
-118.727097 33.025959 23.587393 53.000000 
-118.600571 33.206249 23.575518 69.000000 
-118.196159 33.794250 23.575333 59.000000 
-118.701614 33.033459 23.577591 55.000000 
-118.586700 33.198906 23.577099 54.000000 
-118.177170 33.790016 23.574808 63.000000 
-118.680466 33.035576 23.571924 59.000000 
-118.157021 33.787113 23.573467 69.000000 
-118.665962 33.029739 23.572414 60.000000 
-118.771049 32.857792 23.583870 50.000000 
-118.657677 33.017750 23.577900 65.000000 
-118.753716 32.855995 23.581076 55.000000 
-118.640953 33.014442 23.576418 71.000000 
-118.261185 33.550301 23.578520 45.000000 
-118.735222 32.855404 23.577265 51.000000 
-118.621948 33.013664 23.572945 60.000000 
-118.239349 33.550190 23.575212 46.000000 
-118.730255 32.839489 23.586132 55.000000 
-118.812080 32.707340 23.576454 62.000000 
-118.716301 32.833717 23.586599 55.000000 
-118.791718 32.709183 23.570246 64.000000 
-118.697792 32.832951 23.582897 55.000000 
-118.782654 32.698578 23.574966 59.000000 
-118.681534 32.829586 23.581333 55.000000 
-118.769073 32.692879 23.575361 59.000000 
-118.664108 32.827412 23.578760 60.000000 
-118.273468 33.351719 23.558985 46.000000 
-118.856796 32.551579 23.579102 51.000000 
-118.755493 32.687138 23.575787 59.000000 
-118.650124 32.821415 23.579369 64.000000 
-118.255531 33.347359 23.558342 46.000000 
-118.845932 32.543636 23.581633 51.000000 
-118.735016 32.688690 23.569738 64.000000 
-118.630341 32.821602 23.574781 47.000000 
-118.368027 33.167393 23.553928 45.000000 
-118.830505 32.540443 23.579704 51.000000 
-118.716789 32.687710 23.565903 59.000000 
-118.347038 33.167046 23.550190 46.000000 
-118.816208 32.535999 23.578932 53.000000 
-118.705513 32.679356 23.568602 64.000000 
-118.329582 33.162750 23.549391 49.000000 
-118.893158 32.410797 23.575726 72.000000 
-118.798439 32.535061 23.574839 55.000000 
-118.694252 32.670971 23.571325 66.000000 
-118.459633 32.972126 23.564362 51.000000 
-118.319366 33.152935 23.553135 45.000000 
-118.881432 32.406059 23.575718 90.000000 
-118.781715 32.534855 23.570518 61.000000 
-118.674767 32.673058 23.565165 57.000000 
-118.433205 32.978077 23.555326 48.000000 
-118.870979 32.398186 23.578302 69.000000 
-118.770874 32.526691 23.573200 63.000000 
-118.658806 32.669395 23.563639 48.000000 
-118.422264 32.967648 23.559353 57.000000 
-118.848915 32.401775 23.569391 69.000000 
-118.756546 32.522022 23.572563 68.000000 
-118.414986 32.953457 23.566399 62.000000 
-118.932831 32.273170 23.577034 46.000000 
-118.830284 32.401821 23.563986 85.000000 
-118.738678 32.520813 23.568621 72.000000 
-118.513931 32.797729 23.563496 55.000000 
-118.392654 32.953701 23.561655 53.000000 
-118.918770 32.268402 23.576183 62.000000 
-118.816948 32.395672 23.564503 85.000000 
-118.724968 32.514439 23.569305 66.000000 
-118.502327 32.788788 23.566494 55.000000 
-118.902870 32.266190 23.572870 59.000000 
-118.807686 32.386471 23.568361 96.000000 
-118.488327 32.782234 23.567453 51.000000 
-118.888115 32.262802 23.570778 67.000000 
-118.794899 32.380646 23.568802 79.000000 
-118.474342 32.775631 23.568445 55.000000 
-118.879242 32.253845 23.574627 72.000000 
-118.780937 32.375900 23.568129 72.000000 
-118.570694 32.637402 23.562908 63.000000 
-118.454247 32.774986 23.564320 56.000000 
-118.963387 32.131187 23.584620 56.000000 
-118.868042 32.247063 23.576138 67.000000 
-118.764580 32.373352 23.565201 69.000000 
-118.559555 32.628624 23.565910 52.000000 
-118.426743 32.781433 23.554068 55.000000 
-118.946671 32.129955 23.579948 55.000000 
-118.856857 32.240246 23.577675 72.000000 
-118.549660 32.618645 23.570005 48.000000 
-118.418213 32.770309 23.559135 55.000000 
-118.932770 32.126911 23.577612 55.000000 
-118.837822 32.241417 23.570862 81.000000 
-118.534233 32.614918 23.568644 48.000000 
-118.406677 32.761089 23.562328 55.000000 
-118.925499 32.117073 23.582714 66.000000 
-118.818230 32.242096 23.564232 64.000000 
-118.513298 32.615330 23.563221 48.000000 
-118.385803 32.761780 23.557192 50.000000 
-118.996262 32.011410 23.581272 72.000000 
-118.909210 32.116047 23.578012 69.000000 
-118.808731 32.234436 23.566902 70.000000 
-118.496582 32.612625 23.560875 60.000000 
-118.364296 32.761906 23.552267 45.000000 
-118.984581 32.005917 23.581421 78.000000 
-118.899597 32.108257 23.580742 72.000000 
-118.591866 32.474285 23.561060 48.000000 
-118.479294 32.609398 23.558727 57.000000 
-118.974358 31.997591 23.584352 76.000000 
-118.879425 32.108021 23.574110 72.000000 
-118.467117 32.599449 23.562237 55.000000 
-118.959114 31.995062 23.580835 69.000000 
-118.862564 32.106388 23.569666 63.000000 
-118.447304 32.598381 23.558054 54.000000 
-119.025635 31.895082 23.578608 69.000000 
-118.941444 31.994486 23.574875 78.000000 
-118.855392 32.096386 23.574896 68.000000 
-118.550125 32.454971 23.563013 45.000000 
-118.427452 32.597221 23.553919 45.000000 
-119.029785 31.876881 23.595274 70.000000 
-118.926140 31.991814 23.571434 82.000000 
-118.642380 32.324455 23.564371 58.000000 
-118.540764 32.445026 23.567268 46.000000 
-119.013702 31.875290 23.590313 60.000000 
-118.919296 31.982067 23.576689 85.000000 
-118.627144 32.320210 23.562941 53.000000 
-118.523888 32.441696 23.565001 50.000000 
-118.992760 31.877497 23.580311 65.000000 
-118.914932 31.970322 23.584431 61.000000 
-118.616913 32.311600 23.566051 51.000000 
-118.506989 32.438297 23.562777 53.000000 
-119.071487 31.773497 23.591824 47.000000 
-118.983521 31.871672 23.581503 73.000000 
-118.894447 31.973257 23.574627 90.000000 
-118.605217 32.305969 23.566624 51.000000 
-118.482239 32.443409 23.552650 53.000000 
-119.064087 31.765255 23.595785 68.000000 
-118.970978 31.866982 23.580460 68.000000 
-118.681168 32.192997 23.557297 50.000000 
-118.588715 32.302635 23.564167 57.000000 
-118.472916 32.433277 23.557034 45.000000 
-119.045883 31.765348 23.588070 68.000000 
-118.962090 31.859373 23.583242 86.000000 
-118.676323 32.180386 23.565029 51.000000 
-118.573463 32.298164 23.562876 57.000000 
-119.026413 31.766272 23.579102 68.000000 
-118.949547 31.854595 23.582256 89.000000 
-118.667763 32.170883 23.569304 54.000000 
-118.553108 32.297871 23.557138 55.000000 
-119.017372 31.758450 23.581987 74.000000 
-118.937798 31.848436 23.582705 60.000000 
-118.652420 32.166080 23.567976 52.000000 
-118.539871 32.290707 23.558329 62.000000 
-119.011238 31.749147 23.587347 83.000000 
-118.920326 31.847332 23.576738 62.000000 
-118.631187 32.166759 23.560762 53.000000 
-118.528435 32.282890 23.560505 60.000000 
-118.997002 31.746588 23.583530 94.000000 
-118.904488 31.845592 23.571932 48.000000 
-118.730339 32.041431 23.574327 52.000000 
-118.615494 32.163685 23.558048 52.000000 
-118.984772 31.741774 23.582472 94.000000 
-118.901863 31.833118 23.581137 49.000000 
-118.708229 32.043015 23.565569 51.000000 
-118.601860 32.158081 23.557837 53.000000 
-118.974586 31.734730 23.584167 65.000000 
-118.690681 32.040119 23.561768 54.000000 
-118.594177 32.146938 23.563566 48.000000 
-118.952446 31.737000 23.572866 74.000000 
-118.672287 32.038548 23.556669 57.000000 
-118.579277 32.142254 23.562269 51.000000 
-118.952621 31.723085 23.584776 63.000000 
-118.761185 31.924713 23.564140 45.000000 
-118.665428 32.028111 23.562252 66.000000 
-118.564362 32.137508 23.561008 45.000000 
-118.932907 31.723419 23.576128 71.000000 
-118.750816 31.917431 23.566057 60.000000 
-118.656044 32.019611 23.565491 68.000000 
-118.733604 31.914398 23.562090 63.000000 
-118.639740 32.015484 23.563026 52.000000 
-118.721970 31.907961 23.562855 63.000000 
-118.622581 32.012676 23.559263 55.000000 
-118.712929 31.899624 23.566071 65.000000 
-118.608009 32.007877 23.557894 57.000000 
-118.700020 31.894037 23.565683 60.000000 
-118.601295 31.997301 23.563599 47.000000 
-118.784218 31.788013 23.571379 62.000000 
-118.681908 31.892082 23.560503 63.000000 
-118.775536 31.779861 23.574560 52.000000 
-118.666374 31.888206 23.557781 57.000000 
-118.765152 31.774273 23.574966 54.000000 
-118.660904 31.878733 23.563185 61.000000 
-118.751312 31.769587 23.573248 54.000000 
-118.651947 31.870220 23.566532 58.000000 
-118.731789 31.767927 23.566792 63.000000 
-118.824646 31.661224 23.582499 52.000000 
-118.725784 31.757879 23.572548 66.000000 
-118.798111 31.664928 23.567980 55.000000 
-118.713242 31.752157 23.572166 54.000000 
-118.789780 31.656815 23.571220 54.000000 
-118.695412 31.749828 23.566902 48.000000 
-118.780579 31.649914 23.573055 51.000000 
-118.688591 31.740980 23.571331 46.000000 
-118.773613 31.640928 23.577597 54.000000 
-118.759674 31.635618 23.576033 64.000000 
-118.746132 31.630657 23.574341 55.000000 
-118.729927 31.627258 23.570175 57.000000 
-118.622879 33.419842 23.551105 107.000000 
-118.599510 33.421192 23.547686 104.000000 
-118.585922 33.409103 23.551403 120.000000 
-118.716103 33.149155 23.547808 48.000000 
-118.560501 33.413364 23.546471 120.000000 
-118.692642 33.150108 23.544231 109.000000 
-118.532158 33.420094 23.540112 52.000000 
-118.678024 33.139378 23.547310 121.000000 
-118.653259 33.143639 23.542034 124.000000 
-118.781715 32.897579 23.544231 62.000000 
-118.635590 33.137295 23.542675 125.000000 
-118.766251 32.892464 23.544493 75.000000 
-118.609192 33.146801 23.534746 120.000000 
-118.761497 32.838871 23.540394 75.000000 
-118.742455 32.835682 23.539196 75.000000 
-118.723404 32.832420 23.538042 104.000000 
-118.850548 32.598415 23.546124 51.000000 
-118.703285 32.830555 23.536051 106.000000 
-118.378571 33.347565 23.527651 62.000000 
-118.833214 32.593925 23.545687 48.000000 
-118.688400 32.821316 23.538477 112.000000 
-118.353676 33.349365 23.524004 68.000000 
-118.808861 32.597534 23.539919 49.000000 
-118.670692 32.814480 23.539314 69.000000 
-118.324684 33.355026 23.518177 62.000000 
-118.924141 32.385830 23.545908 63.000000 
-118.796768 32.585743 23.544134 55.000000 
-118.646286 32.818214 23.533960 47.000000 
-118.301804 33.353626 23.516218 102.000000 
-118.901054 32.389889 23.539646 66.000000 
-118.782608 32.576778 23.546553 59.000000 
-118.459686 33.071777 23.522333 109.000000 
-118.282135 33.347672 23.516670 111.000000 
-118.878952 32.392437 23.534386 66.000000 
-118.763130 32.574894 23.544445 72.000000 
-118.436508 33.072075 23.519245 111.000000 
-118.864937 32.385544 23.535711 71.000000 
-118.741112 32.577648 23.539522 69.000000 
-118.416245 33.069859 23.517725 109.000000 
-118.854553 32.372585 23.540989 71.000000 
-118.394081 33.068520 23.515560 117.000000 
-118.965385 32.176876 23.547749 55.000000 
-118.831291 32.376308 23.534901 86.000000 
-118.551231 32.799923 23.529512 72.000000 
-118.376282 33.061279 23.516747 119.000000 
-118.941643 32.182056 23.540247 51.000000 
-118.820969 32.363277 23.540241 67.000000 
-118.523247 32.807392 23.521845 66.000000 
-118.356277 33.056881 23.516321 109.000000 
-118.937943 32.163048 23.550446 58.000000 
-118.795036 32.371433 23.531271 67.000000 
-118.506943 32.800968 23.522749 63.000000 
-118.328171 33.064487 23.509207 107.000000 
-118.915215 32.166714 23.544012 60.000000 
-118.491005 32.792576 23.524693 72.000000 
-119.020401 31.984064 23.551983 54.000000 
-118.900520 32.159016 23.545633 76.000000 
-118.472130 32.786476 23.525091 63.000000 
-119.007980 31.975754 23.554394 60.000000 
-118.878792 32.161156 23.540276 52.000000 
-118.608185 32.556152 23.529888 50.000000 
-118.447266 32.789295 23.520216 72.000000 
-118.987442 31.978413 23.548529 56.000000 
-118.857651 32.163635 23.534838 56.000000 
-118.424202 32.791092 23.516109 61.000000 
-118.972832 31.972645 23.548962 56.000000 
-118.410530 32.779629 23.519938 56.000000 
-118.953796 31.972090 23.545345 59.000000 
-118.550835 32.547318 23.525606 45.000000 
-118.390076 32.776550 23.518646 50.000000 
-119.069695 31.784641 23.568081 55.000000 
-118.936943 31.968828 23.543812 56.000000 
-118.529930 32.545906 23.523113 49.000000 
-119.048996 31.786757 23.562078 52.000000 
-118.929039 31.955042 23.550459 60.000000 
-118.662369 32.328350 23.532034 50.000000 
-118.513557 32.538906 23.524256 51.000000 
-119.032700 31.783657 23.560345 55.000000 
-118.642075 32.327087 23.529253 48.000000 
-118.501793 32.526375 23.529022 51.000000 
-119.129219 31.633064 23.565678 52.000000 
-119.020882 31.775389 23.562870 58.000000 
-118.626343 32.320358 23.530260 48.000000 
-119.113373 31.630075 23.563755 65.000000 
-119.005699 31.770905 23.562260 66.000000 
-118.609459 32.314922 23.530369 52.000000 
-119.093025 31.632006 23.557503 73.000000 
-118.989433 31.769739 23.559320 57.000000 
-118.593918 32.310375 23.530220 60.000000 
-119.073761 31.634655 23.551044 76.000000 
-118.963989 31.776522 23.549320 55.000000 
-118.568893 32.314156 23.523878 57.000000 
-119.170547 31.481485 23.564732 54.000000 
-119.057823 31.631451 23.549236 79.000000 
-118.947594 31.773090 23.547775 45.000000 
-118.544960 32.316490 23.518522 61.000000 
-119.150581 31.483290 23.558199 55.000000 
-119.054382 31.614611 23.559431 73.000000 
-118.679504 32.108913 23.532679 46.000000 
-119.136223 31.478975 23.557335 58.000000 
-119.037331 31.612555 23.556597 62.000000 
-118.661369 32.104336 23.531910 49.000000 
-119.116753 31.479010 23.552139 65.000000 
-119.019684 31.610012 23.553934 59.000000 
-118.779953 31.920361 23.540506 53.000000 
-119.205322 31.340010 23.561396 59.000000 
-119.111519 31.464996 23.560322 72.000000 
-119.000267 31.610252 23.549013 54.000000 
-118.765350 31.913887 23.541393 48.000000 
-118.621605 32.101074 23.526337 49.000000 
-119.187943 31.339243 23.556953 74.000000 
-119.094864 31.462919 23.557312 75.000000 
-118.747215 31.911154 23.539301 48.000000 
-118.606430 32.094170 23.527477 46.000000 
-119.170532 31.338398 23.552551 64.000000 
-118.724312 31.913387 23.533241 55.000000 
-119.163429 31.327047 23.558586 74.000000 
-118.702538 31.914259 23.528234 59.000000 
-119.236076 31.208054 23.555748 56.000000 
-119.151764 31.320311 23.560022 75.000000 
-118.831345 31.727352 23.550304 50.000000 
-118.692093 31.904226 23.532127 50.000000 
-119.228714 31.198507 23.560535 64.000000 
-119.131348 31.323141 23.552135 82.000000 
-118.813698 31.724619 23.548048 52.000000 
-118.681076 31.893709 23.536200 56.000000 
-119.219734 31.189686 23.564280 63.000000 
-119.116173 31.319740 23.550182 69.000000 
-118.794830 31.723030 23.544798 51.000000 
-119.202667 31.188658 23.559740 59.000000 
-119.105667 31.311708 23.552866 60.000000 
-118.783157 31.714066 23.547802 55.000000 
-119.279701 31.070578 23.563911 64.000000 
-119.187889 31.185329 23.557611 65.000000 
-119.099899 31.299093 23.560165 49.000000 
-118.772720 31.703857 23.551868 63.000000 
-119.274574 31.058702 23.571339 72.000000 
-119.175446 31.179724 23.557884 65.000000 
-118.867294 31.566246 23.545198 51.000000 
-118.747749 31.708117 23.543570 51.000000 
-119.255547 31.059757 23.564157 59.000000 
-119.163002 31.174076 23.558187 67.000000 
-118.856071 31.557491 23.548176 47.000000 
-118.728790 31.706234 23.540485 50.000000 
-119.323303 30.953859 23.561852 52.000000 
-119.241135 31.056427 23.561892 63.000000 
-119.150574 31.168383 23.558521 65.000000 
-118.840019 31.553411 23.546904 46.000000 
-119.313873 30.946432 23.564396 79.000000 
-119.222008 31.057312 23.554798 65.000000 
-119.131020 31.169216 23.551807 47.000000 
-118.831276 31.542236 23.552074 47.000000 
-119.297935 30.945578 23.559340 82.000000 
-119.210396 31.052105 23.554899 69.000000 
-118.912308 31.416185 23.540539 51.000000 
-118.814568 31.539665 23.549650 57.000000 
-119.282661 30.943241 23.555698 72.000000 
-119.204231 31.041166 23.561226 74.000000 
-118.900291 31.408695 23.542431 47.000000 
-118.789902 31.543562 23.541035 51.000000 
-119.358383 30.833223 23.565083 45.000000 
-119.263832 30.943924 23.548355 76.000000 
-119.189781 31.037621 23.559090 74.000000 
-118.887070 31.402304 23.543251 46.000000 
-119.346970 30.827894 23.565086 67.000000 
-119.257957 30.933245 23.554754 82.000000 
-119.168144 31.040325 23.549730 47.000000 
-118.871391 31.398127 23.541904 47.000000 
-119.324982 30.831453 23.553614 78.000000 
-119.255699 30.919502 23.564896 85.000000 
-118.952484 31.275368 23.534363 74.000000 
-118.853233 31.396139 23.538401 53.000000 
-119.309990 30.828968 23.549856 60.000000 
-119.234444 30.922045 23.555170 81.000000 
-118.946999 31.262468 23.541914 57.000000 
-118.831314 31.397434 23.531652 50.000000 
-119.307274 30.816950 23.558754 68.000000 
-119.218369 30.920815 23.550322 85.000000 
-118.929756 31.260921 23.538002 55.000000 
-119.373405 30.719810 23.558887 68.000000 
-119.298233 30.809475 23.561422 63.000000 
-119.213829 30.909046 23.558041 45.000000 
-118.913193 31.257782 23.535416 58.000000 
-119.361099 30.715370 23.557581 89.000000 
-119.283241 30.806854 23.557751 73.000000 
-119.006622 31.127832 23.543375 47.000000 
-118.891632 31.258904 23.528355 64.000000 
-119.347603 30.711823 23.554998 86.000000 
-119.263420 30.808050 23.549034 84.000000 
-118.989227 31.125797 23.539404 64.000000 
-118.880013 31.251289 23.530367 69.000000 
-119.341240 30.702585 23.560270 80.000000 
-119.250771 30.803343 23.547983 63.000000 
-118.968056 31.126827 23.531990 61.000000 
-118.860878 31.250084 23.525650 46.000000 
-119.327744 30.698946 23.557747 74.000000 
-119.238121 30.798586 23.546963 56.000000 
-118.949326 31.125664 23.526949 52.000000 
-118.848007 31.243441 23.526604 49.000000 
-119.311829 30.697111 23.552656 80.000000 
-119.042572 31.001280 23.537132 46.000000 
-118.938087 31.118174 23.528912 53.000000 
-119.295883 30.695200 23.547606 86.000000 
-119.031715 30.994036 23.538973 64.000000 
-118.928123 31.109615 23.532061 57.000000 
-119.284744 30.689528 23.547783 86.000000 
-119.009598 30.995796 23.530107 65.000000 
-118.910606 31.107214 23.528296 53.000000 
-119.276054 30.681982 23.550579 80.000000 
-118.997475 30.989443 23.530825 59.000000 
-118.895592 31.102680 23.526884 47.000000 
-119.265381 30.676617 23.550667 58.000000 
-118.989632 30.980480 23.534983 57.000000 
-118.870865 31.106695 23.516123 51.000000 
-119.066002 30.874279 23.531651 61.000000 
-118.977539 30.974056 23.535753 55.000000 
-119.057541 30.864721 23.536102 69.000000 
-118.954796 30.975058 23.527227 55.000000 
-119.050858 30.854601 23.541641 67.000000 
-118.940132 30.970474 23.525705 56.000000 
-119.028976 30.855881 23.532579 65.000000 
-118.925461 30.965828 23.524220 47.000000 
-119.108910 30.750088 23.535995 49.000000 
-119.015953 30.850426 23.532087 61.000000 
-119.106796 30.737860 23.545168 72.000000 
-118.998268 30.849102 23.526611 67.000000 
-119.094139 30.732529 23.544518 64.000000 
-118.987793 30.841654 23.528616 56.000000 
-119.077225 30.729454 23.540319 60.000000 
-118.974297 30.835613 23.528389 67.000000 
-119.056870 30.729406 23.532276 55.000000 
-118.959969 30.830872 23.526825 55.000000 
-119.142815 30.624372 23.543152 49.000000 
-119.045464 30.722984 23.532982 52.000000 
-118.944336 30.826992 23.524088 45.000000 
-119.131744 30.618141 23.543705 79.000000 
-119.039230 30.712957 23.538679 53.000000 
-119.117271 30.614847 23.540308 83.000000 
-119.017937 30.713978 23.529364 51.000000 
-119.106209 30.608522 23.540922 71.000000 
-119.001335 30.710943 23.525213 49.000000 
-119.095154 30.602158 23.541565 71.000000 
-119.078934 30.599133 23.537165 71.000000 
-119.065277 30.594349 23.535337 71.000000 
-119.046402 30.592850 23.528492 68.000000 
-119.038795 30.585430 23.531464 58.000000 
-119.035629 30.573856 23.539827 46.000000 
-119.013229 30.572979 23.530912 45.000000 
-118.945534 32.340969 23.532728 54.000000 
-118.923195 32.341000 23.530165 108.000000 
-118.898834 32.344032 23.526047 114.000000 
-118.880386 32.337730 23.526781 120.000000 
-118.863937 32.328293 23.529158 122.000000 
-119.010223 32.042053 23.539883 106.000000 
-118.842491 32.326477 23.527575 124.000000 
-118.986595 32.045078 23.535486 121.000000 
-118.815956 32.332226 23.522045 121.000000 
-118.973038 32.032944 23.539534 115.000000 
-118.786285 32.342434 23.514181 59.000000 
-118.950363 32.034306 23.536066 121.000000 
-119.089165 31.771856 23.548689 54.000000 
-118.929680 32.032578 23.534319 121.000000 
-119.078209 31.725647 23.540709 71.000000 
-118.920052 31.983196 23.528608 122.000000 
-119.063393 31.716759 23.543110 104.000000 
-119.040024 31.721500 23.537537 110.000000 
-118.696259 32.275131 23.508280 46.000000 
-119.164680 31.488680 23.545734 50.000000 
-119.022095 31.716896 23.537386 118.000000 
-118.682968 32.260605 23.513411 111.000000 
-119.146400 31.485811 23.544468 51.000000 
-119.003113 31.713692 23.536402 105.000000 
-118.662331 32.256561 23.513041 111.000000 
-119.125999 31.485748 23.541410 51.000000 
-118.996750 31.692913 23.545937 64.000000 
-118.642746 32.250950 23.513504 102.000000 
-119.108719 31.481300 23.541140 57.000000 
-118.967216 31.704165 23.536301 63.000000 
-118.616745 32.254234 23.509279 120.000000 
-119.224319 31.268282 23.548933 71.000000 
-119.091438 31.476793 23.540905 65.000000 
-118.786758 31.952612 23.527002 46.000000 
-118.591743 32.255920 23.505899 114.000000 
-119.200935 31.274300 23.541716 82.000000 
-118.761284 31.958042 23.521376 109.000000 
-118.569679 32.255047 23.503994 120.000000 
-119.184235 31.269972 23.541328 68.000000 
-118.738190 31.958477 23.518423 115.000000 
-118.554359 32.243183 23.507786 68.000000 
-119.170059 31.260960 23.543955 70.000000 
-118.713188 31.959782 23.514843 113.000000 
-119.279648 31.065149 23.551708 73.000000 
-119.154442 31.255127 23.544588 81.000000 
-118.691093 31.958565 23.512821 123.000000 
-119.257744 31.069582 23.545149 66.000000 
-119.133018 31.258022 23.539444 70.000000 
-118.687325 31.934509 23.523886 117.000000 
-119.235123 31.073500 23.538761 59.000000 
-119.113029 31.257614 23.536367 59.000000 
-118.832321 31.682192 23.529274 65.000000 
-118.658623 31.941879 23.517004 115.000000 
-119.230209 31.053753 23.549305 58.000000 
-119.089058 31.260832 23.530632 53.000000 
-118.810249 31.680660 23.527126 52.000000 
-119.320808 30.888853 23.544836 62.000000 
-119.212990 31.050737 23.547922 63.000000 
-118.796654 31.669567 23.530918 61.000000 
-119.303123 30.889473 23.540941 59.000000 
-119.186073 31.062046 23.536482 58.000000 
-118.776749 31.669344 23.528416 106.000000 
-119.290710 30.881233 23.543467 57.000000 
-119.168755 31.058867 23.535185 52.000000 
-118.907501 31.444624 23.530483 46.000000 
-118.754227 31.669483 23.525393 52.000000 
-119.277100 30.872131 23.546276 59.000000 
-118.726807 31.672771 23.520151 52.000000 
-119.377060 30.701097 23.556173 58.000000 
-119.255913 30.874372 23.540707 59.000000 
-119.360809 30.698246 23.554453 56.000000 
-119.236885 30.873886 23.537220 56.000000 
-118.848274 31.434752 23.527018 46.000000 
-119.337898 30.703054 23.546436 59.000000 
-119.220047 30.870699 23.535810 53.000000 
-118.965813 31.233284 23.525696 63.000000 
-118.819473 31.443110 23.518381 49.000000 
-119.426422 30.559305 23.545517 45.000000 
-119.319946 30.703028 23.542559 59.000000 
-118.946236 31.232641 23.522863 55.000000 
-118.807281 31.432570 23.522190 57.000000 
-119.412224 30.555590 23.544622 70.000000 
-119.305847 30.697399 23.543066 61.000000 
-118.919090 31.239548 23.514616 49.000000 
-119.400780 30.547668 23.547161 78.000000 
-119.291748 30.691721 23.543606 64.000000 
-118.895287 31.242290 23.509228 56.000000 
-119.383774 30.545959 23.544275 64.000000 
-119.277649 30.685997 23.544178 59.000000 
-119.029030 31.030596 23.526367 48.000000 
-118.885277 31.228834 23.515079 61.000000 
-119.366737 30.544180 23.541430 64.000000 
-119.005959 31.035616 23.519304 55.000000 
-118.866226 31.228346 23.512268 49.000000 
-119.464867 30.390213 23.556253 60.000000 
-119.345169 30.549343 23.532921 68.000000 
-118.984985 31.035685 23.515499 48.000000 
-118.845810 31.226831 23.509809 52.000000 
-119.449425 30.387299 23.554306 68.000000 
-119.334862 30.539986 23.536674 73.000000 
-118.970306 31.027361 23.517706 45.000000 
-119.423225 30.394804 23.542418 63.000000 
-119.321739 30.532661 23.538418 66.000000 
-118.951622 31.024664 23.515924 47.000000 
-119.512756 30.252903 23.554396 49.000000 
-119.403152 30.396544 23.536068 61.000000 
-119.305771 30.529392 23.536806 45.000000 
-119.067917 30.841249 23.523567 57.000000 
-118.936432 31.017994 23.517086 47.000000 
-119.493149 30.254673 23.547684 74.000000 
-119.394440 30.386192 23.540966 63.000000 
-119.047409 30.841227 23.519533 53.000000 
-119.471207 30.258688 23.538706 85.000000 
-119.385780 30.375828 23.545885 63.000000 
-119.035103 30.832237 23.522566 52.000000 
-119.456039 30.255598 23.536709 75.000000 
-119.365631 30.377367 23.539650 61.000000 
-119.015732 30.830799 23.519621 55.000000 
-119.446594 30.246637 23.540514 65.000000 
-119.128693 30.657892 23.529724 58.000000 
-118.994560 30.832254 23.514563 55.000000 
-119.523575 30.122971 23.542286 56.000000 
-119.434258 30.241522 23.540751 79.000000 
-119.115746 30.650377 23.531687 65.000000 
-118.967949 30.838181 23.505716 52.000000 
-119.512741 30.116879 23.543579 70.000000 
-119.417923 30.239433 23.537697 75.000000 
-119.096870 30.648960 23.528500 57.000000 
-119.498589 30.112236 23.542789 72.000000 
-119.406212 30.232677 23.539282 60.000000 
-119.070770 30.654806 23.519146 55.000000 
-119.484291 30.109426 23.540583 64.000000 
-119.380478 30.239632 23.527121 52.000000 
-119.177391 30.503016 23.523888 45.000000 
-119.052383 30.653650 23.515900 58.000000 
-119.564064 29.987509 23.548340 63.000000 
-119.470634 30.105059 23.539726 72.000000 
-119.169655 30.490828 23.530111 67.000000 
-119.035782 30.649538 23.514917 56.000000 
-119.555428 29.978945 23.552181 74.000000 
-119.459824 30.098804 23.541130 66.000000 
-119.358727 30.225100 23.531464 45.000000 
-119.146935 30.494518 23.522295 62.000000 
-119.028870 30.635668 23.522219 51.000000 
-119.538681 29.977924 23.547529 73.000000 
-119.437431 30.101702 23.532213 70.000000 
-119.127823 30.492491 23.519114 61.000000 
-119.603432 29.873648 23.542723 45.000000 
-119.523064 29.975752 23.544134 68.000000 
-119.112236 30.488895 23.517799 55.000000 
-119.589310 29.870457 23.540354 72.000000 
-119.513290 29.968153 23.546841 65.000000 
-119.215164 30.337738 23.528196 54.000000 
-119.095505 30.484356 23.516836 62.000000 
-119.581001 29.862005 23.544252 82.000000 
-119.491753 29.971203 23.537455 72.000000 
-119.192192 30.340706 23.520227 53.000000 
-119.084785 30.475950 23.519852 52.000000 
-119.566864 29.858717 23.541945 82.000000 
-119.485535 29.960320 23.543854 77.000000 
-119.172798 30.340136 23.515615 53.000000 
-119.060692 30.478302 23.512592 49.000000 
-119.555069 29.853308 23.542158 79.000000 
-119.161926 30.331507 23.518740 53.000000 
-119.625801 29.747034 23.546339 78.000000 
-119.538551 29.851965 23.537430 75.000000 
-119.251640 30.198969 23.520187 62.000000 
-119.151085 30.322849 23.521889 54.000000 
-119.614342 29.741722 23.546452 83.000000 
-119.526749 29.846453 23.537706 75.000000 
-119.235062 30.196093 23.517593 85.000000 
-119.132874 30.320942 23.518492 54.000000 
-119.601707 29.737362 23.545319 68.000000 
-119.519722 29.836821 23.542971 83.000000 
-119.218460 30.193144 23.515039 63.000000 
-119.112144 30.321205 23.512953 53.000000 
-119.583138 29.737885 23.537853 64.000000 
-119.506752 29.832256 23.542061 54.000000 
-119.210480 30.182457 23.520433 56.000000 
-119.662094 29.630041 23.552055 57.000000 
-119.576874 29.728861 23.543007 61.000000 
-119.483414 29.837122 23.529913 47.000000 
-119.190681 30.183100 23.514406 60.000000 
-119.643875 29.630449 23.544298 81.000000 
-119.563026 29.725330 23.540695 61.000000 
-119.283867 30.052820 23.521988 56.000000 
-119.171547 30.182135 23.509712 64.000000 
-119.627975 29.628872 23.539192 94.000000 
-119.551575 29.719793 23.540956 70.000000 
-119.270851 30.046215 23.522924 62.000000 
-119.148621 30.184328 23.501692 54.000000 
-119.623962 29.617807 23.547132 82.000000 
-119.534088 29.719063 23.534912 55.000000 
-119.252640 30.045658 23.517778 59.000000 
-119.135666 30.177778 23.502716 54.000000 
-119.620018 29.606752 23.555080 69.000000 
-119.233376 30.044178 23.512995 52.000000 
-119.598099 29.609703 23.543575 80.000000 
-119.506279 29.711584 23.530537 45.000000 
-119.325874 29.919243 23.523149 45.000000 
-119.215073 30.043451 23.507940 53.000000 
-119.577744 29.611979 23.533283 83.000000 
-119.307983 29.918560 23.517765 61.000000 
-119.200005 30.039099 23.506557 55.000000 
-119.564148 29.608229 23.530949 86.000000 
-119.293320 29.914356 23.516153 65.000000 
-119.189980 30.030544 23.509827 49.000000 
-119.554977 29.600365 23.533962 58.000000 
-119.280678 29.907669 23.517113 59.000000 
-119.267265 29.902353 23.516758 54.000000 
-119.349266 29.790705 23.519379 52.000000 
-119.252586 29.897978 23.515253 56.000000 
-119.332420 29.788368 23.515223 69.000000 
-119.237892 29.893543 23.513784 58.000000 
-119.323135 29.780201 23.518406 67.000000 
-119.220634 29.891018 23.509991 47.000000 
-119.317696 29.769148 23.525259 59.000000 
-119.386017 29.671721 23.517422 45.000000 
-119.296196 29.770857 23.516190 58.000000 
-119.191666 29.882252 23.507080 46.000000 
-119.374542 29.665546 23.518091 60.000000 
-119.281837 29.766369 23.514608 59.000000 
-119.371529 29.652536 23.527658 60.000000 
-119.256737 29.768929 23.503553 60.000000 
-119.352448 29.651758 23.520918 56.000000 
-119.243614 29.763346 23.503269 52.000000 
-119.337158 29.648172 23.517950 53.000000 
-119.234383 29.754915 23.506636 56.000000 
-119.427589 29.539120 23.533823 47.000000 
-119.315414 29.649017 23.508827 53.000000 
-119.221275 29.749243 23.506413 52.000000 
-119.411819 29.536837 23.529205 56.000000 
-119.301796 29.644789 23.507019 50.000000 
-119.391747 29.536671 23.520977 74.000000 
-119.295502 29.634748 23.512825 52.000000 
-119.373756 29.534285 23.515503 65.000000 
-119.277107 29.632261 23.507713 48.000000 
-119.365204 29.526237 23.518776 65.000000 
-119.362724 29.515581 23.526796 58.000000 
-119.341232 29.515957 23.517477 65.000000 
-119.321434 29.513720 23.511076 71.000000 
-119.305069 29.510529 23.506908 54.000000 
-119.295677 29.503523 23.508898 49.000000 
-119.285881 29.496073 23.511080 51.000000 
-119.278938 31.156759 23.577215 54.000000 
-119.260529 31.154875 23.576126 122.000000 
-119.239494 31.153568 23.574512 121.000000 
-119.219818 31.146646 23.575577 121.000000 
-119.199753 31.143650 23.574850 124.000000 
-119.334938 30.875462 23.578323 121.000000 
-119.171608 31.152857 23.567812 124.000000 
-119.320671 30.865137 23.581568 119.000000 
-119.146400 31.157343 23.563211 123.000000 
-119.313713 30.815678 23.576292 121.000000 
-119.144638 31.100483 23.562241 57.000000 
-119.431458 30.581839 23.574230 50.000000 
-119.287247 30.823330 23.569601 124.000000 
-119.416428 30.570927 23.577755 112.000000 
-119.268364 30.816442 23.570717 123.000000 
-119.398796 30.566748 23.577576 105.000000 
-119.251030 30.810394 23.571621 109.000000 
-119.375397 30.573706 23.571079 68.000000 
-119.352524 30.576744 23.566624 108.000000 
-119.480507 30.338634 23.579576 62.000000 
-119.336891 30.569408 23.568312 116.000000 
-119.017944 31.087090 23.555693 118.000000 
-119.456200 30.344646 23.572935 63.000000 
-119.321274 30.562025 23.570034 105.000000 
-118.993393 31.089346 23.552275 114.000000 
-119.435997 30.344788 23.569986 57.000000 
-118.969849 31.090000 23.549694 102.000000 
-119.419975 30.339100 23.570715 57.000000 
-118.946259 31.090561 23.547163 121.000000 
-119.523613 30.140329 23.570225 77.000000 
-119.404312 30.331495 23.572517 61.000000 
-119.102783 30.805271 23.557434 106.000000 
-118.918587 31.095003 23.542490 103.000000 
-119.503922 30.140467 23.567051 78.000000 
-119.385109 30.329992 23.570599 51.000000 
-119.077820 30.808973 23.552906 119.000000 
-118.904617 31.081953 23.547100 111.000000 
-119.483795 30.142347 23.562847 64.000000 
-119.053558 30.813049 23.548286 111.000000 
-119.471519 30.132521 23.566376 78.000000 
-119.034981 30.807762 23.548794 109.000000 
-119.572266 29.946287 23.568081 58.000000 
-119.454308 30.127827 23.566286 70.000000 
-119.020020 30.796085 23.552773 115.000000 
-119.558411 29.939489 23.569637 67.000000 
-119.429092 30.134638 23.558567 53.000000 
-119.152512 30.558214 23.550789 74.000000 
-118.992668 30.802326 23.546808 107.000000 
-119.548012 29.930738 23.572929 61.000000 
-119.131699 30.559790 23.547419 106.000000 
-119.526596 29.933411 23.567680 63.000000 
-119.118225 30.548910 23.551260 75.000000 
-119.622368 29.760380 23.570036 54.000000 
-119.506668 29.932852 23.564569 63.000000 
-119.096291 30.547493 23.549282 75.000000 
-119.612312 29.749693 23.574631 62.000000 
-119.487335 29.932627 23.561371 48.000000 
-119.227844 30.319918 23.553959 50.000000 
-119.072807 30.549307 23.545490 66.000000 
-119.591957 29.752680 23.568956 56.000000 
-119.212425 30.314001 23.554968 51.000000 
-119.045509 30.557173 23.538176 54.000000 
-119.570923 29.755171 23.563456 57.000000 
-119.188461 30.317320 23.549900 46.000000 
-119.676834 29.576599 23.580109 66.000000 
-119.549828 29.757568 23.558004 59.000000 
-119.656303 29.579088 23.574268 63.000000 
-119.537582 29.749331 23.560701 56.000000 
-119.148270 30.313944 23.546169 45.000000 
-119.635712 29.581484 23.568474 61.000000 
-119.263863 30.114021 23.544439 68.000000 
-119.127556 30.312826 23.543928 45.000000 
-119.612823 29.586357 23.560629 59.000000 
-119.241447 30.115793 23.540009 61.000000 
-119.718338 29.424459 23.576050 63.000000 
-119.603897 29.576143 23.565275 64.000000 
-119.221931 30.115223 23.537333 59.000000 
-119.701500 29.422993 23.573210 67.000000 
-119.592186 29.568066 23.567984 66.000000 
-119.204010 30.111418 23.536711 59.000000 
-119.680702 29.426853 23.565941 73.000000 
-119.574829 29.566330 23.565495 50.000000 
-119.325523 29.913321 23.544909 50.000000 
-119.190704 30.102169 23.539835 61.000000 
-119.663216 29.424841 23.563318 62.000000 
-119.304718 29.913651 23.541172 56.000000 
-119.170464 30.100924 23.537441 46.000000 
-119.752914 29.277788 23.572191 46.000000 
-119.650230 29.419817 23.563711 62.000000 
-119.289665 29.907322 23.542303 51.000000 
-119.737549 29.275002 23.570333 62.000000 
-119.639542 29.410236 23.567648 73.000000 
-119.273460 29.902254 23.542507 47.000000 
-119.716492 29.278204 23.562927 66.000000 
-119.623146 29.408842 23.564861 78.000000 
-119.252563 29.902349 23.538904 53.000000 
-119.797562 29.144939 23.567287 49.000000 
-119.709053 29.266832 23.568958 63.000000 
-119.597549 29.415194 23.554848 51.000000 
-119.369347 29.717972 23.548088 54.000000 
-119.781410 29.143305 23.564144 58.000000 
-119.698235 29.259064 23.571663 59.000000 
-119.353706 29.715185 23.546848 55.000000 
-119.759438 29.149397 23.553873 85.000000 
-119.679314 29.261633 23.565216 61.000000 
-119.335663 29.712730 23.544954 50.000000 
-119.748924 29.141762 23.556557 85.000000 
-119.661560 29.260941 23.561310 65.000000 
-119.311668 29.716537 23.538128 48.000000 
-119.740746 29.131771 23.561558 72.000000 
-119.639122 29.264933 23.553007 46.000000 
-119.430450 29.535946 23.554935 50.000000 
-119.294739 29.712652 23.537321 51.000000 
-119.806801 29.018705 23.553185 47.000000 
-119.722198 29.132212 23.556267 67.000000 
-119.414078 29.532303 23.553867 63.000000 
-119.795006 29.011963 23.554813 67.000000 
-119.708260 29.127941 23.555595 72.000000 
-119.389343 29.537209 23.545628 56.000000 
-119.785400 29.004808 23.557381 88.000000 
-119.690804 29.127075 23.551531 75.000000 
-119.368111 29.538315 23.540535 52.000000 
-119.773643 28.997995 23.559063 75.000000 
-119.680351 29.119242 23.554356 54.000000 
-119.472290 29.387545 23.544792 47.000000 
-119.351646 29.534433 23.539600 52.000000 
-119.847107 28.881870 23.561106 51.000000 
-119.758240 28.996374 23.555792 60.000000 
-119.455643 29.385479 23.542387 57.000000 
-119.342422 29.523178 23.544859 52.000000 
-119.839706 28.872320 23.566214 58.000000 
-119.741806 28.993923 23.552835 64.000000 
-119.647697 29.114891 23.548695 48.000000 
-119.437851 29.382490 23.540331 66.000000 
-119.316238 29.528906 23.535801 46.000000 
-119.826515 28.868174 23.565289 66.000000 
-119.729889 28.988842 23.553160 66.000000 
-119.419952 29.381474 23.536943 62.000000 
-119.888870 28.766714 23.558237 50.000000 
-119.807938 28.869740 23.558216 66.000000 
-119.719841 28.981125 23.555998 70.000000 
-119.406311 29.375216 23.537998 59.000000 
-119.880638 28.758410 23.562159 65.000000 
-119.792343 28.867620 23.554949 58.000000 
-119.395683 29.366987 23.541040 59.000000 
-119.865410 28.756344 23.558655 69.000000 
-119.779099 28.863293 23.554131 63.000000 
-119.486305 29.227898 23.540739 53.000000 
-119.376617 29.364910 23.538090 62.000000 
-119.853683 28.751097 23.558905 82.000000 
-119.774170 28.851454 23.561769 63.000000 
-119.471878 29.222904 23.540604 51.000000 
-119.356171 29.365965 23.532745 52.000000 
-119.837234 28.749943 23.554234 75.000000 
-119.759758 28.848116 23.559801 69.000000 
-119.458679 29.216715 23.541595 50.000000 
-119.327133 29.373041 23.521460 46.000000 
-119.908661 28.642859 23.559845 64.000000 
-119.827881 28.742535 23.557018 74.000000 
-119.443031 29.212755 23.540438 49.000000 
-119.901985 28.633665 23.565102 67.000000 
-119.813774 28.739204 23.554888 79.000000 
-119.527611 29.085157 23.537622 50.000000 
-119.424889 29.210997 23.537142 49.000000 
-119.881119 28.636383 23.555161 73.000000 
-119.804451 28.731730 23.557724 85.000000 
-119.522186 29.072435 23.545279 66.000000 
-119.406715 29.209158 23.533890 50.000000 
-119.868523 28.632069 23.554136 65.000000 
-119.786728 28.731352 23.551964 91.000000 
-119.504463 29.070704 23.541716 60.000000 
-119.394753 29.201620 23.536110 47.000000 
-119.939484 28.529884 23.560877 47.000000 
-119.864288 28.620813 23.561995 61.000000 
-119.771370 28.728861 23.548706 61.000000 
-119.485451 29.069986 23.537075 57.000000 
-119.924828 28.527536 23.557123 73.000000 
-119.852913 28.615448 23.562284 56.000000 
-119.467651 29.068090 23.533604 57.000000 
-119.918503 28.518488 23.562473 78.000000 
-119.834305 28.615902 23.555035 56.000000 
-119.566414 28.932568 23.547199 56.000000 
-119.454834 29.061775 23.534647 64.000000 
-119.907433 28.513206 23.562664 90.000000 
-119.815636 28.616262 23.547832 65.000000 
-119.545288 28.933867 23.540001 63.000000 
-119.443283 29.054335 23.536839 58.000000 
-119.898773 28.506006 23.565466 77.000000 
-119.809090 28.606853 23.553257 68.000000 
-119.521584 28.937160 23.530554 52.000000 
-119.426697 29.051163 23.534601 55.000000 
-119.882889 28.504395 23.560545 69.000000 
-119.613579 28.812462 23.540899 46.000000 
-119.514160 28.926737 23.536114 52.000000 
-119.860893 28.507360 23.549221 68.000000 
-119.591499 28.814548 23.532223 50.000000 
-119.495415 28.925676 23.531359 48.000000 
-119.852226 28.500017 23.552114 80.000000 
-119.578140 28.809450 23.531881 64.000000 
-119.480438 28.921419 23.530090 57.000000 
-119.842361 28.493574 23.553741 94.000000 
-119.566048 28.803293 23.532753 65.000000 
-119.460350 28.921230 23.524281 50.000000 
-119.836197 28.484346 23.559244 65.000000 
-119.556496 28.795092 23.536015 61.000000 
-119.634178 28.686657 23.535259 50.000000 
-119.543159 28.789854 23.535765 58.000000 
-119.619911 28.682514 23.533621 54.000000 
-119.523430 28.789532 23.529673 58.000000 
-119.608170 28.676390 23.534437 67.000000 
-119.506218 28.787134 23.525980 58.000000 
-119.596436 28.670223 23.535282 69.000000 
-119.494125 28.780724 23.527020 46.000000 
-119.575752 28.670681 23.527718 61.000000 
-119.666367 28.556286 23.542034 45.000000 
-119.564003 28.664398 23.528635 59.000000 
-119.648598 28.554787 23.536602 52.000000 
-119.553551 28.657131 23.530783 65.000000 
-119.640213 28.547222 23.539698 66.000000 
-119.543579 28.650244 23.532787 72.000000 
-119.623688 28.544680 23.535580 58.000000 
-119.607140 28.542059 23.531502 56.000000 
-119.689804 28.438528 23.539610 52.000000 
-119.603523 28.530384 23.539766 56.000000 
-119.671013 28.437607 23.532768 61.000000 
-119.584358 28.529440 23.533304 56.000000 
-119.662514 28.429708 23.536058 68.000000 
-119.566452 28.527512 23.528120 54.000000 
-119.654045 28.421787 23.539370 63.000000 
-119.644310 28.414696 23.541447 58.000000 
-119.624130 28.414347 23.533510 55.000000 
-119.607826 28.411367 23.529388 63.000000 
-119.595451 28.405798 23.529062 58.000000 
-119.589676 28.396013 23.535011 54.000000 
-119.570694 28.394510 23.528507 60.000000 
-119.546097 30.139906 23.534065 66.000000 
-119.520035 30.146559 23.528475 121.000000 
-119.496964 30.146433 23.526251 123.000000 
-119.476631 30.143568 23.525543 124.000000 
-119.457275 30.139084 23.525675 125.000000 
-119.594902 29.859058 23.532541 50.000000 
-119.437912 30.134533 23.525846 119.000000 
-119.573372 29.859407 23.529995 115.000000 
-119.426765 30.085423 23.520672 66.000000 
-119.573898 29.793728 23.533524 115.000000 
-119.690407 29.556540 23.530972 52.000000 
-119.550316 29.796972 23.529400 121.000000 
-119.672531 29.552475 23.530813 109.000000 
-119.530724 29.794075 23.528656 121.000000 
-119.654655 29.548349 23.530695 110.000000 
-119.642876 29.535255 23.535845 68.000000 
-119.608635 29.554722 23.521868 110.000000 
-119.287521 30.089729 23.505590 101.000000 
-119.740524 29.305876 23.538881 50.000000 
-119.592743 29.547421 23.523617 118.000000 
-119.262764 30.092150 23.502203 122.000000 
-119.719193 29.307661 23.535034 64.000000 
-119.578934 29.537123 23.527138 48.000000 
-119.245270 30.083874 23.504364 119.000000 
-119.699883 29.306458 23.533049 59.000000 
-119.222542 30.083097 23.502645 119.000000 
-119.678841 29.310373 23.528122 54.000000 
-119.199310 30.086241 23.499105 122.000000 
-119.784332 29.106009 23.529146 57.000000 
-119.658401 29.310459 23.525314 59.000000 
-119.361183 29.788582 23.513233 115.000000 
-119.171188 30.092804 23.493576 115.000000 
-119.760674 29.110083 23.523317 85.000000 
-119.646698 29.297075 23.530836 57.000000 
-119.336334 29.790449 23.509743 113.000000 
-119.740768 29.110228 23.520247 67.000000 
-119.311142 29.794168 23.505339 107.000000 
-119.727180 29.101830 23.522882 66.000000 
-119.283722 29.800724 23.499348 115.000000 
-119.838448 28.899057 23.534082 55.000000 
-119.715752 29.090580 23.527435 70.000000 
-119.435776 29.529768 23.513765 54.000000 
-119.263779 29.796873 23.499151 111.000000 
-119.818047 28.900614 23.529791 67.000000 
-119.693665 29.093338 23.522598 68.000000 
-119.413391 29.530605 23.510704 109.000000 
-119.249268 29.785622 23.503092 45.000000 
-119.799728 28.899328 23.527504 69.000000 
-119.384438 29.540005 23.502542 106.000000 
-119.780312 28.899343 23.524281 60.000000 
-119.366295 29.534883 23.503017 64.000000 
-119.874031 28.726402 23.524353 55.000000 
-119.765175 28.893803 23.525013 59.000000 
-119.347054 29.531134 23.502680 75.000000 
-119.861549 28.718393 23.526970 71.000000 
-119.746780 28.892305 23.522848 67.000000 
-119.479721 29.297190 23.508522 46.000000 
-119.325592 29.530176 23.500673 54.000000 
-119.849106 28.710348 23.529613 61.000000 
-119.465569 29.288033 23.511538 64.000000 
-119.831383 28.711092 23.525932 60.000000 
-119.453972 29.278355 23.515173 53.000000 
-119.927994 28.540068 23.534363 52.000000 
-119.809090 28.714945 23.519520 62.000000 
-119.427620 29.284519 23.508429 49.000000 
-119.916573 28.530523 23.538172 60.000000 
-119.788300 28.715626 23.515322 65.000000 
-119.404945 29.284512 23.505466 52.000000 
-119.898087 28.530443 23.534529 66.000000 
-119.781380 28.700745 23.523157 55.000000 
-119.529839 29.069073 23.511868 57.000000 
-119.381805 29.286270 23.501511 52.000000 
-119.875732 28.535868 23.526600 59.000000 
-119.509132 29.070076 23.508266 57.000000 
-119.366119 29.280075 23.502777 45.000000 
-119.969299 28.383532 23.531666 75.000000 
-119.857140 28.535618 23.523045 59.000000 
-119.483177 29.075989 23.501154 53.000000 
-119.965034 28.368599 23.540682 68.000000 
-119.847443 28.524982 23.527899 61.000000 
-119.458267 29.080420 23.495028 59.000000 
-119.939705 28.375608 23.530476 78.000000 
-119.833305 28.519468 23.528597 64.000000 
-119.581322 28.876436 23.504951 45.000000 
-119.447006 29.068485 23.500063 63.000000 
-119.923233 28.374472 23.527634 68.000000 
-119.563805 28.872883 23.504169 58.000000 
-119.428902 29.064632 23.499580 53.000000 
-120.017700 28.218281 23.542635 57.000000 
-119.902222 28.376242 23.521860 61.000000 
-119.546280 28.869263 23.503429 52.000000 
-119.997765 28.220491 23.536348 64.000000 
-119.890190 28.369959 23.523415 66.000000 
-119.525917 28.869989 23.499687 49.000000 
-119.974945 28.226656 23.526625 68.000000 
-119.875336 28.365734 23.522980 84.000000 
-119.510666 28.863594 23.500950 49.000000 
-120.053673 28.093264 23.529135 52.000000 
-119.953735 28.229891 23.519321 65.000000 
-119.858772 28.364340 23.520285 46.000000 
-119.622215 28.681334 23.506184 47.000000 
-119.497749 28.854523 23.504168 47.000000 
-120.044151 28.084589 23.532944 74.000000 
-119.944954 28.219683 23.524311 59.000000 
-119.611000 28.671303 23.510296 62.000000 
-120.017693 28.093636 23.519537 79.000000 
-119.936218 28.209463 23.529320 61.000000 
-119.592880 28.671097 23.507149 53.000000 
-120.005821 28.089159 23.519693 85.000000 
-119.918304 28.210857 23.524075 68.000000 
-119.572311 28.671213 23.503366 50.000000 
-119.995171 28.081528 23.522444 75.000000 
-119.902702 28.207781 23.522480 55.000000 
-119.551704 28.671238 23.499632 53.000000 
-120.073334 27.953104 23.527639 64.000000 
-119.983398 28.075041 23.524075 67.000000 
-119.671707 28.486631 23.517332 52.000000 
-119.529854 28.672445 23.494955 53.000000 
-120.055603 27.954029 23.521946 65.000000 
-119.967026 28.073183 23.521158 75.000000 
-119.651039 28.486296 23.513426 60.000000 
-120.046616 27.943521 23.527317 77.000000 
-119.947784 28.073196 23.516140 82.000000 
-119.623779 28.493725 23.503248 54.000000 
-120.039215 27.934126 23.532293 72.000000 
-119.926689 28.075827 23.508745 85.000000 
-119.607750 28.490355 23.502209 55.000000 
-120.107002 27.821413 23.529129 64.000000 
-120.020920 27.934498 23.526844 64.000000 
-119.716972 28.332165 23.510668 51.000000 
-119.593513 28.484026 23.503416 55.000000 
-120.094833 27.816277 23.529428 69.000000 
-120.004250 27.934042 23.522472 66.000000 
-119.701393 28.328932 23.509409 67.000000 
-119.582283 28.475639 23.506540 47.000000 
-120.092430 27.802717 23.539289 72.000000 
-119.984688 27.935373 23.515936 64.000000 
-119.682838 28.327606 23.506224 61.000000 
-120.146431 27.706400 23.524609 58.000000 
-120.073326 27.804064 23.532391 68.000000 
-119.973808 27.929182 23.517504 72.000000 
-119.659996 28.331411 23.498684 53.000000 
-120.132256 27.703409 23.522358 69.000000 
-120.056496 27.803146 23.527950 65.000000 
-119.648041 28.322338 23.502102 55.000000 
-120.128532 27.690880 23.531301 76.000000 
-120.039635 27.802155 23.523552 68.000000 
-119.748802 28.171707 23.510622 51.000000 
-119.637253 28.314100 23.505220 57.000000 
-120.117882 27.684660 23.532822 90.000000 
-120.025093 27.798933 23.521601 72.000000 
-119.728203 28.172583 23.505066 57.000000 
-120.096680 27.687813 23.523237 85.000000 
-120.018837 27.788141 23.528091 81.000000 
-119.714851 28.166449 23.506107 58.000000 
-119.599922 28.310802 23.499228 46.000000 
-120.166687 27.579290 23.528540 72.000000 
-120.082001 27.684242 23.521259 75.000000 
-119.995476 27.791929 23.517950 49.000000 
-119.798569 28.035841 23.504095 49.000000 
-119.703407 28.157547 23.509521 53.000000 
-120.155174 27.574148 23.528755 70.000000 
-120.070145 27.678907 23.521643 77.000000 
-119.784386 28.030958 23.503893 69.000000 
-119.685173 28.155903 23.506273 53.000000 
-120.144127 27.569323 23.528862 78.000000 
-120.063530 27.669771 23.526838 79.000000 
-119.773170 28.024210 23.505810 79.000000 
-119.662514 28.159170 23.498560 51.000000 
-120.123154 27.572100 23.519014 70.000000 
-120.043343 27.671570 23.518660 87.000000 
-119.761459 28.017012 23.507914 69.000000 
-120.201469 27.461967 23.534298 58.000000 
-120.113991 27.564808 23.521854 62.000000 
-120.032692 27.665073 23.520361 70.000000 
-119.743584 28.015305 23.504446 63.000000 
-120.184395 27.461653 23.527987 85.000000 
-120.107239 27.555510 23.527239 61.000000 
-119.725685 28.013517 23.501024 63.000000 
-120.164452 27.462816 23.519270 83.000000 
-120.090492 27.553734 23.522703 68.000000 
-119.821480 27.877243 23.513027 64.000000 
-119.699760 28.017811 23.491112 67.000000 
-120.156792 27.454689 23.523390 90.000000 
-120.074158 27.552250 23.518064 73.000000 
-119.798294 27.881216 23.503418 63.000000 
-119.691757 28.007095 23.496710 60.000000 
-120.157539 27.439898 23.536564 88.000000 
-120.055374 27.552649 23.510956 78.000000 
-119.777748 27.881062 23.497646 53.000000 
-120.141586 27.438393 23.531683 74.000000 
-119.872368 27.751928 23.510954 45.000000 
-119.766907 27.874235 23.499636 52.000000 
-120.126465 27.437540 23.526552 74.000000 
-119.854935 27.751900 23.505554 61.000000 
-119.748558 27.873697 23.494770 50.000000 
-120.104378 27.440580 23.515322 83.000000 
-119.837730 27.749962 23.501703 68.000000 
-119.741508 27.863632 23.500254 53.000000 
-120.091942 27.436035 23.514423 90.000000 
-119.820503 27.747946 23.497894 65.000000 
-119.723373 27.861078 23.496946 49.000000 
-120.092926 27.421217 23.527662 74.000000 
-119.805756 27.743824 23.496487 61.000000 
-119.893303 27.624756 23.506069 56.000000 
-119.799370 27.732166 23.503515 55.000000 
-119.875160 27.623636 23.500841 63.000000 
-119.784637 27.727953 23.502171 57.000000 
-119.866287 27.616022 23.503952 67.000000 
-119.766556 27.727095 23.497177 59.000000 
-119.854431 27.609919 23.504835 63.000000 
-119.925949 27.507383 23.501734 45.000000 
-119.841316 27.604738 23.504545 61.000000 
-119.918205 27.498583 23.506220 54.000000 
-119.821808 27.604307 23.498274 57.000000 
-119.911774 27.488838 23.511961 63.000000 
-119.804825 27.601870 23.494455 59.000000 
-119.897736 27.484627 23.510313 64.000000 
-119.795525 27.593647 23.497875 60.000000 
-119.879852 27.483112 23.505003 53.000000 
-119.779800 27.590134 23.495331 47.000000 
-119.963791 27.376579 23.515469 54.000000 
-119.858070 27.484255 23.496052 53.000000 
-119.945824 27.374607 23.510052 56.000000 
-119.847382 27.476692 23.498384 56.000000 
-119.930801 27.371185 23.507038 64.000000 
-119.841042 27.466785 23.504251 58.000000 
-119.916199 27.368090 23.503899 68.000000 
-119.826103 27.463585 23.501390 49.000000 
-119.908882 27.359325 23.508507 57.000000 
-119.902901 27.349686 23.514387 57.000000 
-119.882668 27.349491 23.506495 58.000000 
-119.861069 27.350046 23.497408 68.000000 
-119.847260 27.345388 23.495876 68.000000 
-119.841766 27.336004 23.501690 46.000000 
-119.842957 28.974592 23.555567 62.000000 
-119.827812 28.964329 23.558855 118.000000 
-119.810928 28.955141 23.561508 123.000000 
-119.801353 28.904764 23.556282 121.000000 
-119.775421 28.911392 23.550957 121.000000 
-119.915977 28.625885 23.563231 112.000000 
-119.747414 28.921001 23.544102 126.000000 
-119.897507 28.623878 23.562317 123.000000 
-119.731087 28.913975 23.545874 59.000000 
-119.873260 28.628975 23.557411 121.000000 
-119.716972 28.901829 23.550186 47.000000 
-119.852959 28.627905 23.555883 120.000000 
-119.975288 28.382607 23.560135 68.000000 
-119.828583 28.632811 23.551079 121.000000 
-119.953644 28.384676 23.556616 110.000000 
-119.817352 28.617990 23.557106 121.000000 
-119.931938 28.386658 23.553143 111.000000 
-119.913986 28.384529 23.552191 64.000000 
-119.600533 28.911121 23.535971 55.000000 
-120.028625 28.159786 23.556639 53.000000 
-119.897346 28.378952 23.553146 75.000000 
-119.577133 28.912304 23.533464 113.000000 
-120.007484 28.161766 23.552889 66.000000 
-119.877602 28.377747 23.551538 116.000000 
-119.551598 28.916424 23.529446 121.000000 
-119.989395 28.159304 23.551903 61.000000 
-119.528091 28.917414 23.527044 118.000000 
-120.089050 27.962902 23.549839 50.000000 
-119.978241 28.148508 23.556257 54.000000 
-119.512733 28.908236 23.530003 108.000000 
-120.066299 27.967669 23.543936 77.000000 
-119.954918 28.153158 23.550823 57.000000 
-119.491295 28.906057 23.529255 111.000000 
-120.055374 27.954908 23.549541 75.000000 
-119.928719 28.160162 23.543772 65.000000 
-119.633179 28.635681 23.530602 111.000000 
-119.465820 28.907810 23.526381 66.000000 
-120.039909 27.949610 23.550325 68.000000 
-119.619667 28.625315 23.534344 121.000000 
-120.135727 27.767162 23.549454 45.000000 
-120.016647 27.955961 23.543478 63.000000 
-119.601135 28.620346 23.534998 115.000000 
-120.115509 27.768963 23.545216 57.000000 
-120.002220 27.949125 23.545280 71.000000 
-119.577965 28.623144 23.531452 115.000000 
-120.103745 27.759624 23.548857 72.000000 
-119.971741 27.963308 23.533030 75.000000 
-119.705315 28.384657 23.528969 55.000000 
-119.553200 28.624895 23.528276 113.000000 
-120.088814 27.754393 23.549591 73.000000 
-119.962639 27.949329 23.539602 53.000000 
-119.690689 28.375507 23.532053 103.000000 
-120.068504 27.755981 23.545475 65.000000 
-119.672813 28.370640 23.532606 72.000000 
-120.167938 27.575531 23.552917 54.000000 
-120.043816 27.762964 23.537504 72.000000 
-119.646149 28.377199 23.526373 66.000000 
-120.151505 27.575232 23.550255 68.000000 
-120.030106 27.758350 23.538074 75.000000 
-119.623055 28.381710 23.521580 69.000000 
-120.124046 27.586143 23.538782 67.000000 
-120.015106 27.752871 23.538958 54.000000 
-119.758774 28.144196 23.531189 53.000000 
-119.601768 28.380898 23.519716 61.000000 
-120.109558 27.580881 23.539511 58.000000 
-119.739288 28.142225 23.529856 55.000000 
-119.590477 28.367168 23.525549 66.000000 
-120.214218 27.399763 23.557224 58.000000 
-120.091774 27.579569 23.537241 57.000000 
-119.718666 28.141581 23.527678 52.000000 
-120.189331 27.407753 23.547340 63.000000 
-120.082787 27.567554 23.543083 68.000000 
-119.699127 28.139458 23.526434 51.000000 
-120.168732 27.410419 23.541698 66.000000 
-120.066101 27.564802 23.541893 58.000000 
-119.809708 27.940933 23.523029 66.000000 
-119.684074 28.131683 23.528784 52.000000 
-120.265007 27.254803 23.550934 47.000000 
-120.159737 27.400412 23.546415 59.000000 
-119.786865 27.944836 23.517677 71.000000 
-120.248161 27.253632 23.548193 65.000000 
-120.143524 27.397758 23.545031 64.000000 
-119.771217 27.938644 23.519011 63.000000 
-120.231850 27.252773 23.545357 68.000000 
-120.126175 27.396334 23.542639 67.000000 
-119.757851 27.929682 23.522226 53.000000 
-120.217720 27.247295 23.546072 68.000000 
-120.107674 27.396122 23.539249 69.000000 
-119.869850 27.738337 23.524965 46.000000 
-119.734222 27.932890 23.517172 57.000000 
-120.204155 27.242153 23.546682 69.000000 
-119.846786 27.741629 23.519461 56.000000 
-119.717422 27.927876 23.517698 61.000000 
-120.284042 27.102840 23.547987 54.000000 
-120.190598 27.236965 23.547323 62.000000 
-119.836288 27.730232 23.524567 52.000000 
-120.267532 27.101500 23.545143 57.000000 
-120.172523 27.236732 23.543694 68.000000 
-119.817764 27.728071 23.522987 49.000000 
-120.255501 27.095203 23.546787 63.000000 
-120.151001 27.240164 23.536882 84.000000 
-119.793411 27.732426 23.516668 49.000000 
-120.241219 27.091307 23.546238 55.000000 
-120.127121 27.245979 23.527977 49.000000 
-119.770782 27.735802 23.511196 52.000000 
-120.313469 26.966110 23.542500 69.000000 
-120.233162 27.081669 23.551128 54.000000 
-119.894928 27.539782 23.527832 51.000000 
-120.301811 26.959908 23.544102 79.000000 
-120.207458 27.089787 23.539557 63.000000 
-119.872765 27.541014 23.523268 51.000000 
-120.287369 26.955658 23.543583 79.000000 
-120.186829 27.091354 23.533726 65.000000 
-119.844086 27.550253 23.512651 47.000000 
-120.274590 26.950550 23.544102 62.000000 
-120.179398 27.079994 23.539955 45.000000 
-119.962326 27.367340 23.530085 46.000000 
-119.827721 27.547037 23.511829 48.000000 
-120.340141 26.835707 23.537115 62.000000 
-120.255424 26.952805 23.537661 63.000000 
-119.945915 27.363924 23.529160 56.000000 
-119.820221 27.533150 23.519114 51.000000 
-120.333420 26.824974 23.543415 61.000000 
-120.235687 26.954594 23.531410 82.000000 
-119.925926 27.364172 23.525198 55.000000 
-119.796097 27.537003 23.512608 46.000000 
-120.317551 26.823332 23.540333 82.000000 
-120.221687 26.950470 23.530897 85.000000 
-119.909470 27.360617 23.524357 49.000000 
-120.389046 26.706331 23.542635 46.000000 
-120.302803 26.820490 23.538462 68.000000 
-120.213531 26.940495 23.536100 52.000000 
-120.003273 27.217215 23.521292 52.000000 
-119.892998 27.356997 23.523554 50.000000 
-120.379272 26.699165 23.545387 58.000000 
-120.282227 26.823235 23.530769 62.000000 
-119.983650 27.217377 23.517065 62.000000 
-119.874107 27.355774 23.520750 51.000000 
-120.363739 26.697460 23.542133 68.000000 
-120.273262 26.814629 23.534826 66.000000 
-119.965179 27.216248 23.513945 62.000000 
-119.855766 27.354908 23.517822 52.000000 
-120.352150 26.692772 23.542389 69.000000 
-120.263672 26.807499 23.537590 68.000000 
-119.953247 27.209463 23.515987 54.000000 
-120.418327 26.584902 23.541689 50.000000 
-120.333069 26.694218 23.535597 63.000000 
-120.248878 26.804438 23.535856 70.000000 
-120.045288 27.065763 23.519020 48.000000 
-119.940765 27.202221 23.518221 53.000000 
-120.405418 26.580992 23.540745 67.000000 
-120.320969 26.689056 23.536058 61.000000 
-120.026009 27.065754 23.514578 50.000000 
-119.922249 27.200897 23.515219 53.000000 
-120.390160 26.579142 23.537363 78.000000 
-120.311234 26.681690 23.538952 63.000000 
-120.017570 27.055202 23.519991 51.000000 
-119.908562 27.194744 23.516468 57.000000 
-120.379570 26.573027 23.538952 93.000000 
-120.301521 26.674299 23.541866 68.000000 
-120.006752 27.046953 23.523249 51.000000 
-119.880203 27.202744 23.505150 51.000000 
-120.449181 26.465187 23.544861 47.000000 
-120.370178 26.565830 23.541800 85.000000 
-120.282326 26.675468 23.535231 68.000000 
-119.982544 27.051363 23.514580 48.000000 
-119.866478 27.196447 23.506483 52.000000 
-120.431900 26.465286 23.538782 56.000000 
-120.358437 26.560694 23.542208 74.000000 
-120.073494 26.914608 23.519608 58.000000 
-119.969276 27.045309 23.515734 47.000000 
-120.412216 26.467321 23.530220 54.000000 
-120.340759 26.560701 23.536501 76.000000 
-120.058189 26.910997 23.518356 60.000000 
-119.947395 27.047226 23.509338 49.000000 
-120.406654 26.457201 23.536852 83.000000 
-120.323029 26.560625 23.530840 82.000000 
-120.045334 26.905094 23.519381 69.000000 
-119.936584 27.038769 23.512732 49.000000 
-120.473541 26.356155 23.541214 58.000000 
-120.401154 26.447083 23.543495 64.000000 
-120.311256 26.555321 23.531351 85.000000 
-120.027550 26.903589 23.515968 58.000000 
-120.459747 26.354767 23.537264 54.000000 
-120.379906 26.451632 23.532240 59.000000 
-120.300423 26.550716 23.531590 63.000000 
-120.007072 26.906155 23.508919 55.000000 
-120.450981 26.347801 23.540085 64.000000 
-120.369652 26.445427 23.533897 60.000000 
-120.286240 26.547375 23.529711 48.000000 
-119.997902 26.896767 23.513393 53.000000 
-120.443420 26.339853 23.544216 83.000000 
-120.350990 26.446108 23.526794 65.000000 
-120.088669 26.765448 23.521145 54.000000 
-119.986282 26.889555 23.515665 57.000000 
-120.432312 26.334757 23.544500 86.000000 
-120.339516 26.440792 23.527262 78.000000 
-120.070488 26.765284 23.516237 59.000000 
-119.969666 26.886686 23.513523 58.000000 
-120.414009 26.335327 23.537096 77.000000 
-120.331696 26.432495 23.531513 60.000000 
-120.057503 26.758905 23.517435 55.000000 
-119.950516 26.885927 23.509205 46.000000 
-120.395645 26.335808 23.529739 77.000000 
-120.137840 26.641581 23.518459 50.000000 
-120.046776 26.752237 23.519474 52.000000 
-120.384499 26.330542 23.530127 83.000000 
-120.118225 26.641899 23.512300 55.000000 
-120.022491 26.755268 23.510456 46.000000 
-120.380646 26.319601 23.538227 83.000000 
-120.103569 26.638031 23.510897 69.000000 
-120.007965 26.751644 23.509144 51.000000 
-120.363426 26.318951 23.532265 90.000000 
-120.096451 26.627987 23.516579 59.000000 
-120.355972 26.310776 23.536566 54.000000 
-120.167244 26.522467 23.511135 47.000000 
-120.083069 26.623009 23.516413 56.000000 
-120.337044 26.310555 23.529556 46.000000 
-120.157478 26.514254 23.514578 56.000000 
-120.065399 26.620605 23.512936 55.000000 
-120.144424 26.509340 23.514265 58.000000 
-120.043083 26.622551 23.504662 56.000000 
-120.133095 26.503798 23.515020 58.000000 
-120.030128 26.617785 23.504442 59.000000 
-120.117493 26.500731 23.512369 56.000000 
-120.026955 26.604576 23.513750 50.000000 
-120.196068 26.392733 23.516991 47.000000 
-120.103149 26.496628 23.510958 55.000000 
-120.182076 26.388729 23.515360 52.000000 
-120.091362 26.490543 23.511976 55.000000 
-120.171890 26.381882 23.517456 60.000000 
-120.077003 26.486332 23.510635 60.000000 
-120.154045 26.380547 23.512207 56.000000 
-120.066513 26.479202 23.512911 59.000000 
-120.139183 26.377682 23.509289 49.000000 
-120.220108 26.272970 23.517384 45.000000 
-120.130287 26.369778 23.512701 49.000000 
-120.027832 26.478466 23.500706 49.000000 
-120.202568 26.271482 23.511906 54.000000 
-120.117546 26.364584 23.512468 50.000000 
-120.193993 26.263763 23.515259 68.000000 
-120.103508 26.360249 23.511047 54.000000 
-120.182861 26.257771 23.516129 63.000000 
-120.082939 26.360363 23.503569 49.000000 
-120.167847 26.254343 23.513271 60.000000 
-120.154121 26.249985 23.511705 60.000000 
-120.136467 26.248150 23.506432 63.000000 
-120.126633 26.241095 23.508680 68.000000 
-120.118141 26.233154 23.512196 54.000000 
-120.112289 27.893869 23.522974 55.000000 
-120.107170 27.835945 23.521784 120.000000 
-120.092087 27.823730 23.525997 123.000000 
-120.065292 27.832157 23.519716 122.000000 
-120.197884 27.556969 23.526976 48.000000 
-120.042938 27.836689 23.515633 123.000000 
-120.176643 27.557762 23.524406 117.000000 
-120.014984 27.846451 23.508659 125.000000 
-120.160271 27.550833 23.526081 124.000000 
-119.994789 27.843708 23.508125 61.000000 
-120.137993 27.553001 23.522760 121.000000 
-120.113678 27.558123 23.517813 122.000000 
-120.239342 27.304289 23.526861 68.000000 
-120.092285 27.558590 23.515429 125.000000 
-120.215683 27.309462 23.521507 110.000000 
-120.079880 27.545341 23.520607 113.000000 
-120.192955 27.313044 23.517082 102.000000 
-120.175217 27.309092 23.517078 105.000000 
-119.866158 27.836447 23.500309 49.000000 
-120.290413 27.080505 23.523823 59.000000 
-120.160522 27.300627 23.519737 114.000000 
-119.843758 27.836227 23.498512 113.000000 
-120.270287 27.081133 23.520910 62.000000 
-120.140747 27.299526 23.518064 72.000000 
-119.819260 27.838963 23.495186 120.000000 
-120.256248 27.072945 23.523520 61.000000 
-119.794701 27.841599 23.491913 118.000000 
-120.240189 27.067623 23.524334 53.000000 
-119.776344 27.835052 23.493416 105.000000 
-120.334358 26.876101 23.519089 63.000000 
-120.218956 27.069494 23.520636 61.000000 
-119.920692 27.557821 23.498867 49.000000 
-119.756950 27.829958 23.494173 114.000000 
-120.318840 26.870943 23.519793 78.000000 
-120.196625 27.072723 23.516073 67.000000 
-119.897888 27.559025 23.496080 114.000000 
-119.722778 27.845894 23.483990 45.000000 
-120.302284 26.867153 23.519583 66.000000 
-119.879265 27.554201 23.496647 113.000000 
-120.392776 26.689566 23.515251 50.000000 
-120.279068 26.873629 23.512642 63.000000 
-119.863541 27.546822 23.498747 109.000000 
-120.381950 26.678947 23.519823 61.000000 
-120.265617 26.865463 23.515352 68.000000 
-119.990517 27.306171 23.497929 46.000000 
-119.839584 27.549265 23.495275 109.000000 
-120.369064 26.671082 23.522449 72.000000 
-120.241608 26.871353 23.508640 68.000000 
-119.966171 27.310240 23.493168 71.000000 
-119.814491 27.553082 23.491037 113.000000 
-120.353043 26.667328 23.522152 66.000000 
-119.952507 27.299713 23.497086 106.000000 
-120.332756 26.669037 23.517958 61.000000 
-119.941048 27.286261 23.502756 63.000000 
-120.431000 26.487940 23.526024 47.000000 
-120.315620 26.666533 23.516756 59.000000 
-119.911179 27.297302 23.493834 66.000000 
-120.416542 26.482916 23.526625 68.000000 
-120.294174 26.669451 23.511673 63.000000 
-120.041435 27.062965 23.501932 46.000000 
-119.886635 27.301012 23.489271 69.000000 
-120.390282 26.492640 23.516054 60.000000 
-120.021950 27.061176 23.500492 51.000000 
-119.867523 27.297441 23.489052 51.000000 
-120.491058 26.313381 23.532606 50.000000 
-120.371452 26.492844 23.512667 56.000000 
-120.000252 27.062132 23.497303 46.000000 
-120.467392 26.320282 23.523628 50.000000 
-120.359093 26.484943 23.515417 60.000000 
-120.452301 26.316593 23.523136 60.000000 
-120.343483 26.481012 23.515154 68.000000 
-120.429565 26.321991 23.515310 64.000000 
-120.320198 26.486336 23.507830 54.000000 
-120.072731 26.856106 23.493677 55.000000 
-119.948235 27.047674 23.498753 51.000000 
-120.422676 26.309439 23.522116 66.000000 
-120.054382 26.854639 23.491970 71.000000 
-120.514549 26.157053 23.528843 48.000000 
-120.404259 26.309483 23.518576 61.000000 
-120.038704 26.848555 23.493256 59.000000 
-120.491699 26.163933 23.519419 65.000000 
-120.389114 26.305567 23.518225 67.000000 
-120.020775 26.845148 23.492716 55.000000 
-120.472015 26.164877 23.514664 66.000000 
-120.368408 26.308048 23.512674 67.000000 
-120.130470 26.654411 23.495123 45.000000 
-120.005104 26.838951 23.494076 53.000000 
-120.463387 26.155123 23.519444 61.000000 
-120.113083 26.651150 23.494371 52.000000 
-119.982613 26.840851 23.489908 50.000000 
-120.542953 26.013651 23.522448 50.000000 
-120.451439 26.147110 23.522352 61.000000 
-120.101379 26.641165 23.498489 48.000000 
-119.953186 26.850777 23.480240 45.000000 
-120.527550 26.011173 23.520668 57.000000 
-120.436180 26.144855 23.520681 66.000000 
-120.081703 26.640446 23.495884 46.000000 
-120.517708 26.002502 23.524517 65.000000 
-120.410774 26.151785 23.510685 68.000000 
-120.059700 26.642292 23.491396 49.000000 
-120.583847 25.881227 23.517004 53.000000 
-120.506775 25.995031 23.527271 59.000000 
-120.035324 26.646681 23.485039 48.000000 
-120.567665 25.879906 23.513937 53.000000 
-120.489113 25.994843 23.523357 63.000000 
-120.155937 26.452564 23.500471 48.000000 
-120.558189 25.871384 23.517818 85.000000 
-120.470276 25.995792 23.518372 68.000000 
-120.130920 26.458210 23.492674 50.000000 
-120.544235 25.867580 23.517120 63.000000 
-120.452522 25.995447 23.514545 68.000000 
-120.109306 26.459885 23.487928 46.000000 
-120.605423 25.755608 23.507059 45.000000 
-120.524605 25.869629 23.510715 60.000000 
-120.224625 26.279264 23.503931 46.000000 
-120.098228 26.452085 23.490870 50.000000 
-120.599068 25.745291 23.513201 47.000000 
-120.507111 25.871157 23.505220 72.000000 
-120.205856 26.278456 23.500887 56.000000 
-120.090645 26.438280 23.498138 51.000000 
-120.591637 25.736118 23.518173 64.000000 
-120.496529 25.863646 23.508068 75.000000 
-120.187050 26.277565 23.497889 56.000000 
-120.652481 25.627153 23.511536 45.000000 
-120.575249 25.734205 23.515175 67.000000 
-120.479065 25.863121 23.504078 85.000000 
-120.174103 26.270374 23.500082 51.000000 
-120.640327 25.622286 23.511818 51.000000 
-120.556412 25.736370 23.508400 57.000000 
-120.473122 25.850866 23.511557 51.000000 
-120.159988 26.264381 23.501280 51.000000 
-120.632751 25.612947 23.516983 50.000000 
-120.541100 25.733170 23.506664 61.000000 
-120.247406 26.126722 23.493366 48.000000 
-120.137558 26.267000 23.495323 56.000000 
-120.624077 25.604702 23.520954 61.000000 
-120.527443 25.729147 23.506001 72.000000 
-120.429939 25.857618 23.495783 50.000000 
-120.230141 26.124504 23.491241 57.000000 
-120.116859 26.266617 23.491638 55.000000 
-120.680801 25.503513 23.512278 58.000000 
-120.604576 25.605967 23.514189 68.000000 
-120.519081 25.719070 23.511385 81.000000 
-120.214661 26.119385 23.491446 59.000000 
-120.675865 25.492241 23.519983 49.000000 
-120.587822 25.605309 23.509752 63.000000 
-120.501930 25.718330 23.507261 70.000000 
-120.198547 26.115828 23.490465 53.000000 
-120.659958 25.491951 23.515135 55.000000 
-120.578491 25.598396 23.512457 63.000000 
-120.487595 25.715654 23.505375 50.000000 
-120.185394 26.110235 23.491476 55.000000 
-120.644691 25.490181 23.511705 85.000000 
-120.571037 25.588923 23.517738 65.000000 
-120.469200 25.715887 23.500162 51.000000 
-120.277397 25.966364 23.494709 49.000000 
-120.162018 26.113720 23.484221 57.000000 
-120.710541 25.383402 23.515661 49.000000 
-120.628922 25.487986 23.508453 85.000000 
-120.556099 25.585566 23.515955 72.000000 
-120.264771 25.958939 23.497007 47.000000 
-120.142853 26.111910 23.481419 48.000000 
-120.619446 25.480827 23.511290 77.000000 
-120.539276 25.584673 23.511660 61.000000 
-120.245453 25.958839 23.492620 45.000000 
-120.612335 25.471550 23.516623 74.000000 
-120.514122 25.591227 23.499001 48.000000 
-120.325912 25.830673 23.489275 53.000000 
-120.226082 25.958652 23.488279 46.000000 
-120.673775 25.370678 23.513794 67.000000 
-120.591125 25.474773 23.507153 82.000000 
-120.315407 25.822632 23.492491 55.000000 
-120.210335 25.954927 23.487257 48.000000 
-120.661125 25.366682 23.512810 60.000000 
-120.578133 25.470621 23.506371 76.000000 
-120.301292 25.817923 23.492357 58.000000 
-120.194572 25.951139 23.486271 48.000000 
-120.722740 25.269117 23.512342 52.000000 
-120.649643 25.361629 23.513123 52.000000 
-120.559181 25.471588 23.499464 78.000000 
-120.288391 25.812046 23.493382 53.000000 
-120.712440 25.264868 23.512249 54.000000 
-120.639084 25.357248 23.513176 56.000000 
-120.547089 25.468054 23.498453 63.000000 
-120.269180 25.813616 23.487375 51.000000 
-120.703606 25.257952 23.515055 74.000000 
-120.622864 25.356108 23.508492 63.000000 
-120.540047 25.458601 23.503914 48.000000 
-120.363617 25.677246 23.500454 54.000000 
-120.258728 25.805412 23.490709 51.000000 
-120.696281 25.248388 23.520754 90.000000 
-120.603302 25.356157 23.501621 78.000000 
-120.524879 25.454529 23.502335 48.000000 
-120.343987 25.676064 23.495928 50.000000 
-120.246025 25.797457 23.493288 55.000000 
-120.681580 25.246231 23.517134 77.000000 
-120.594185 25.348923 23.504581 71.000000 
-120.319145 25.680952 23.485361 50.000000 
-120.228165 25.795786 23.489977 49.000000 
-120.666542 25.245668 23.511969 77.000000 
-120.586006 25.342390 23.507263 52.000000 
-120.312546 25.671558 23.490646 49.000000 
-120.208824 25.797066 23.484137 45.000000 
-120.648201 25.246239 23.504551 86.000000 
-120.397118 25.549545 23.496820 55.000000 
-120.302505 25.663481 23.493980 48.000000 
-120.638527 25.238422 23.507786 80.000000 
-120.377808 25.548159 23.492100 57.000000 
-120.281509 25.663044 23.488491 51.000000 
-120.632172 25.229404 23.513319 98.000000 
-120.364395 25.543356 23.491833 63.000000 
-120.261459 25.663322 23.482719 57.000000 
-120.617386 25.226955 23.509874 82.000000 
-120.433060 25.438288 23.485727 49.000000 
-120.353477 25.536451 23.493959 55.000000 
-120.243874 25.661402 23.479288 50.000000 
-120.609879 25.218830 23.514164 49.000000 
-120.421196 25.432539 23.486536 52.000000 
-120.341324 25.530533 23.494936 54.000000 
-120.580406 25.227442 23.495411 49.000000 
-120.409340 25.426746 23.487375 58.000000 
-120.321625 25.530666 23.488880 56.000000 
-120.399994 25.418945 23.490664 74.000000 
-120.304405 25.528683 23.485226 58.000000 
-120.386909 25.414059 23.490349 69.000000 
-120.289688 25.524609 23.483963 56.000000 
-120.373817 25.409119 23.490067 59.000000 
-120.282608 25.514456 23.489767 50.000000 
-120.451401 25.302427 23.493599 47.000000 
-120.357857 25.407837 23.485865 58.000000 
-120.437386 25.298506 23.491926 52.000000 
-120.346024 25.401821 23.486856 59.000000 
-120.425888 25.292656 23.492764 63.000000 
-120.339302 25.391912 23.492682 61.000000 
-120.404243 25.294203 23.483753 56.000000 
-120.317253 25.393496 23.484129 56.000000 
-120.398209 25.282827 23.491163 55.000000 
-120.473427 25.181383 23.494772 45.000000 
-120.389282 25.274998 23.494555 54.000000 
-120.286217 25.385065 23.480707 48.000000 
-120.457596 25.179480 23.490335 56.000000 
-120.370552 25.274868 23.487968 53.000000 
-120.447693 25.172703 23.492413 61.000000 
-120.357773 25.269691 23.487738 62.000000 
-120.436958 25.167160 23.493088 63.000000 
-120.332497 25.273943 23.475119 49.000000 
-120.424507 25.162066 23.492701 58.000000 
-120.327469 25.263205 23.482309 50.000000 
-120.409050 25.158276 23.490007 57.000000 
-120.393997 25.154804 23.487185 60.000000 
-120.380234 25.150404 23.485653 68.000000 
-120.371681 25.142521 23.489155 52.000000 
-120.359222 25.137171 23.488937 49.000000 
-120.384827 26.827684 23.498276 59.000000 
-120.373764 26.781578 23.491674 113.000000 
-120.357384 26.773048 23.494131 123.000000 
-120.337234 26.770742 23.493412 123.000000 
-120.466209 26.491570 23.501816 102.000000 
-120.316116 26.769928 23.491934 122.000000 
-120.443207 26.493685 23.498480 50.000000 
-120.291267 26.773283 23.488228 124.000000 
-120.428627 26.483822 23.501808 124.000000 
-120.270073 26.772301 23.486847 119.000000 
-120.410797 26.482435 23.500708 122.000000 
-120.520386 26.246683 23.498981 48.000000 
-120.385559 26.489332 23.494858 122.000000 
-120.500908 26.244205 23.498060 56.000000 
-120.363365 26.489582 23.492552 123.000000 
-120.486084 26.236046 23.500576 103.000000 
-120.336975 26.497797 23.485971 126.000000 
-120.460426 26.244358 23.493456 106.000000 
-120.438637 26.246565 23.489904 105.000000 
-120.136093 26.775997 23.473820 47.000000 
-120.558067 26.008095 23.501991 45.000000 
-120.418541 26.247608 23.487144 117.000000 
-120.119507 26.768772 23.475794 104.000000 
-120.535934 26.011864 23.497194 60.000000 
-120.404686 26.237715 23.490690 116.000000 
-120.097046 26.768692 23.473989 121.000000 
-120.513016 26.015133 23.492577 63.000000 
-120.067619 26.777224 23.467640 119.000000 
-120.499847 26.005545 23.496113 54.000000 
-120.039925 26.784571 23.461992 110.000000 
-120.485397 25.999250 23.497717 63.000000 
-120.192360 26.490932 23.475443 45.000000 
-120.020172 26.781628 23.461773 114.000000 
-120.572983 25.813860 23.487465 89.000000 
-120.462059 26.004156 23.492188 65.000000 
-120.171616 26.489365 23.474258 109.000000 
-119.998550 26.779655 23.460966 48.000000 
-120.560738 25.802643 23.492119 66.000000 
-120.145912 26.493238 23.469959 113.000000 
-119.980255 26.771065 23.463514 52.000000 
-120.547165 25.794655 23.494768 64.000000 
-120.127182 26.488516 23.470530 105.000000 
-120.637985 25.615103 23.491121 49.000000 
-120.524628 25.801672 23.487682 75.000000 
-120.251045 26.250120 23.467625 47.000000 
-120.110008 26.484659 23.470831 107.000000 
-120.622887 25.610130 23.491751 56.000000 
-120.501678 25.806360 23.481865 72.000000 
-120.229836 26.250010 23.465412 59.000000 
-120.087044 26.485752 23.468182 113.000000 
-120.610252 25.600536 23.495508 59.000000 
-120.212074 26.243526 23.466864 108.000000 
-120.586807 25.606596 23.488314 58.000000 
-120.203568 26.225780 23.475117 68.000000 
-120.680000 25.428242 23.493151 48.000000 
-120.571686 25.601454 23.489054 60.000000 
-120.175919 26.234192 23.467852 63.000000 
-120.665398 25.423315 23.493734 60.000000 
-120.554451 25.599028 23.487860 63.000000 
-120.153542 26.235231 23.464958 69.000000 
-120.648697 25.421055 23.492308 59.000000 
-120.530823 25.604815 23.480810 48.000000 
-120.127869 26.240515 23.459536 61.000000 
-120.631966 25.418730 23.490921 56.000000 
-120.267815 25.990738 23.475821 45.000000 
-120.106461 26.239920 23.457607 50.000000 
-120.722878 25.249031 23.498854 49.000000 
-120.606667 25.427130 23.481417 57.000000 
-120.703438 25.250759 23.494104 60.000000 
-120.590935 25.423304 23.481133 65.000000 
-120.782776 25.110067 23.490013 45.000000 
-120.688362 25.249212 23.492296 61.000000 
-120.582916 25.412165 23.486704 56.000000 
-120.333992 25.791662 23.467337 55.000000 
-120.206024 25.991796 23.467865 53.000000 
-120.774971 25.099216 23.495773 47.000000 
-120.669907 25.249474 23.488684 64.000000 
-120.312714 25.792702 23.463873 61.000000 
-120.764000 25.092216 23.498274 55.000000 
-120.655754 25.244417 23.489326 66.000000 
-120.296913 25.786747 23.465130 46.000000 
-120.748665 25.088295 23.497793 84.000000 
-120.642685 25.238008 23.491055 72.000000 
-120.724701 25.096571 23.487276 65.000000 
-120.628540 25.232862 23.491760 67.000000 
-120.388763 25.588634 23.468863 49.000000 
-120.264214 25.776054 23.466822 50.000000 
-120.814278 24.939968 23.502579 49.000000 
-120.710388 25.091227 23.487967 65.000000 
-120.607796 25.235460 23.486206 51.000000 
-120.366844 25.590914 23.464193 54.000000 
-120.243942 25.775419 23.464466 48.000000 
-120.798851 24.937698 23.500729 49.000000 
-120.695045 25.089132 23.486242 68.000000 
-120.350464 25.586384 23.464422 46.000000 
-120.782303 24.936611 23.497791 64.000000 
-120.684036 25.079882 23.490259 73.000000 
-120.339714 25.575098 23.469528 46.000000 
-120.855583 24.804583 23.499596 59.000000 
-120.762436 24.939169 23.491529 61.000000 
-120.665352 25.081478 23.485348 71.000000 
-120.316566 25.578482 23.464027 50.000000 
-120.838310 24.804695 23.495295 53.000000 
-120.746918 24.936699 23.489794 61.000000 
-120.643234 25.084743 23.478601 56.000000 
-120.423157 25.395855 23.469938 47.000000 
-120.296753 25.577768 23.461475 54.000000 
-120.818794 24.807142 23.488724 62.000000 
-120.744713 24.919405 23.501522 63.000000 
-120.417015 25.381359 23.477934 50.000000 
-120.804176 24.805059 23.486681 85.000000 
-120.724197 24.923367 23.494116 70.000000 
-120.389778 25.389860 23.468069 48.000000 
-120.792351 24.798967 23.488270 65.000000 
-120.700813 24.929304 23.484669 63.000000 
-120.786659 24.787241 23.495506 67.000000 
-120.683517 24.929413 23.480705 63.000000 
-120.479744 25.210583 23.478527 46.000000 
-120.356339 25.383615 23.466354 47.000000 
-120.850311 24.671099 23.488939 54.000000 
-120.767014 24.789419 23.489088 79.000000 
-120.463799 25.205738 23.478708 58.000000 
-120.339821 25.378464 23.466799 46.000000 
-120.835587 24.666700 23.488386 65.000000 
-120.744514 24.793505 23.480562 82.000000 
-120.442657 25.207552 23.473598 56.000000 
-120.825783 24.659864 23.491007 61.000000 
-120.730415 24.789585 23.479982 72.000000 
-120.419128 25.211782 23.466471 48.000000 
-120.812714 24.654579 23.491562 61.000000 
-120.718582 24.783258 23.481728 67.000000 
-120.407204 25.203377 23.469719 52.000000 
-120.879234 24.539675 23.490503 67.000000 
-120.796127 24.654560 23.487144 67.000000 
-120.505463 25.052601 23.472116 52.000000 
-120.392960 25.197435 23.470934 55.000000 
-120.872681 24.529261 23.496897 72.000000 
-120.778473 24.653734 23.483053 67.000000 
-120.488754 25.048922 23.471178 57.000000 
-120.369286 25.201405 23.463955 47.000000 
-120.928871 24.427631 23.488058 58.000000 
-120.855949 24.528839 23.492378 63.000000 
-120.766403 24.649017 23.483429 77.000000 
-120.463783 25.055738 23.461430 54.000000 
-120.352646 25.197817 23.463196 45.000000 
-120.916977 24.422861 23.488277 63.000000 
-120.841461 24.526131 23.490328 66.000000 
-120.755615 24.641249 23.486475 72.000000 
-120.448181 25.050682 23.461649 50.000000 
-120.910767 24.412676 23.494755 96.000000 
-120.826958 24.523361 23.488312 69.000000 
-120.737770 24.642105 23.481031 50.000000 
-120.540619 24.902987 23.467161 50.000000 
-120.437279 25.042774 23.464767 53.000000 
-120.894150 24.413895 23.488523 75.000000 
-120.816887 24.517963 23.489670 74.000000 
-120.527138 24.899277 23.466734 53.000000 
-120.424026 25.037249 23.465786 55.000000 
-120.953644 24.311777 23.485998 49.000000 
-120.879974 24.411135 23.486341 72.000000 
-120.805840 24.511808 23.491341 72.000000 
-120.514923 24.892357 23.468853 50.000000 
-120.401215 25.041296 23.458355 51.000000 
-120.949585 24.299406 23.495247 48.000000 
-120.860680 24.412212 23.479368 82.000000 
-120.790817 24.508528 23.489565 69.000000 
-120.499794 24.887337 23.468971 46.000000 
-120.371780 25.048750 23.447256 47.000000 
-120.935745 24.296661 23.492895 82.000000 
-120.855705 24.400848 23.487181 83.000000 
-120.765747 24.515333 23.476841 47.000000 
-120.577698 24.759296 23.464567 48.000000 
-120.481606 24.886171 23.465679 47.000000 
-120.919586 24.295912 23.488035 65.000000 
-120.844986 24.394764 23.488811 94.000000 
-120.568268 24.750208 23.468897 66.000000 
-120.467003 24.881435 23.465714 50.000000 
-120.989052 24.189440 23.498129 54.000000 
-120.905701 24.293045 23.485756 63.000000 
-120.831940 24.390749 23.487995 81.000000 
-120.560074 24.739967 23.474375 60.000000 
-120.448769 24.880123 23.462507 45.000000 
-120.970917 24.190601 23.490435 68.000000 
-120.894119 24.288084 23.486052 68.000000 
-120.809494 24.395056 23.477333 87.000000 
-120.536247 24.744392 23.465223 57.000000 
-120.431709 24.877579 23.460438 48.000000 
-120.958496 24.186749 23.489296 98.000000 
-120.884880 24.281055 23.488911 78.000000 
-120.801109 24.386736 23.481527 65.000000 
-120.520821 24.740824 23.464008 55.000000 
-120.946526 24.183193 23.488049 91.000000 
-120.869095 24.280415 23.484049 71.000000 
-120.616730 24.601519 23.479353 45.000000 
-120.509552 24.734236 23.466036 60.000000 
-120.935257 24.178268 23.488268 82.000000 
-120.852806 24.279348 23.479372 75.000000 
-120.601028 24.599531 23.476612 62.000000 
-120.489227 24.735027 23.460405 60.000000 
-120.933372 24.165525 23.498892 80.000000 
-120.836472 24.278208 23.474737 62.000000 
-120.572105 24.607550 23.462667 55.000000 
-120.482338 24.723482 23.467146 55.000000 
-120.915100 24.166365 23.491383 85.000000 
-120.822487 24.274998 23.472668 62.000000 
-120.662292 24.477884 23.476128 50.000000 
-120.554573 24.606071 23.459032 48.000000 
-120.460724 24.725239 23.460482 51.000000 
-120.897499 24.165800 23.485361 97.000000 
-120.645920 24.475048 23.473536 51.000000 
-120.543869 24.597651 23.462528 49.000000 
-120.438515 24.726475 23.454046 46.000000 
-120.880302 24.165501 23.479239 91.000000 
-120.627556 24.474621 23.468451 61.000000 
-120.533699 24.589602 23.465881 53.000000 
-120.873795 24.156519 23.484774 88.000000 
-120.609154 24.474108 23.463413 56.000000 
-120.516121 24.587940 23.462360 45.000000 
-120.866127 24.148479 23.489033 94.000000 
-120.691422 24.355900 23.471851 52.000000 
-120.596878 24.468323 23.464344 54.000000 
-120.497276 24.587265 23.457737 54.000000 
-120.669411 24.360107 23.461340 58.000000 
-120.590538 24.459150 23.469700 56.000000 
-120.481895 24.585205 23.455107 47.000000 
-120.828842 24.151001 23.472889 55.000000 
-120.658691 24.353420 23.463371 69.000000 
-120.570831 24.459476 23.463596 58.000000 
-120.643799 24.349304 23.461950 65.000000 
-120.555580 24.455208 23.462431 56.000000 
-120.635590 24.340551 23.466465 58.000000 
-120.535789 24.455359 23.456427 57.000000 
-120.703362 24.237736 23.463108 47.000000 
-120.621170 24.336723 23.464945 58.000000 
-120.526016 24.447285 23.459875 51.000000 
-120.694221 24.230146 23.466360 52.000000 
-120.606750 24.332836 23.463461 59.000000 
-120.689308 24.220060 23.473192 60.000000 
-120.586487 24.334187 23.455811 65.000000 
-120.670235 24.220015 23.466560 53.000000 
-120.574539 24.328209 23.456820 55.000000 
-120.742027 24.117857 23.469463 49.000000 
-120.653168 24.217606 23.462624 51.000000 
-120.564667 24.319847 23.460440 60.000000 
-120.734497 24.109474 23.473978 56.000000 
-120.639046 24.213627 23.461037 53.000000 
-120.550194 24.315727 23.459103 48.000000 
-120.718674 24.107790 23.469467 56.000000 
-120.625366 24.209980 23.459316 53.000000 
-120.702370 24.105656 23.465160 56.000000 
-120.618843 24.200304 23.465197 53.000000 
-120.686867 24.102171 23.462332 54.000000 
-120.599159 24.199486 23.458958 49.000000 
-120.678116 24.094534 23.465689 54.000000 
-120.588844 24.192516 23.461201 50.000000 
-120.671112 24.086370 23.470160 53.000000 
-120.652199 24.085764 23.463484 56.000000 
-120.638367 24.081547 23.461889 58.000000 
-120.624527 24.077272 23.460331 53.000000 
-120.610680 24.072939 23.458809 56.000000 
-120.603302 24.064217 23.463581 54.000000 
-120.682465 25.665848 23.499071 54.000000 
-120.660645 25.667101 23.496473 61.000000 
-120.636009 25.673012 23.491503 122.000000 
-120.617798 25.667780 23.492226 121.000000 
-120.595848 25.668787 23.489767 120.000000 
-120.718369 25.396786 23.494488 45.000000 
-120.570091 25.675997 23.484137 123.000000 
-120.699036 25.394833 23.493439 120.000000 
-120.548973 25.675255 23.482578 126.000000 
-120.685371 25.383535 23.497499 119.000000 
-120.524971 25.679132 23.478657 63.000000 
-120.787178 25.156254 23.491180 52.000000 
-120.662224 25.387630 23.493155 117.000000 
-120.505699 25.675102 23.478796 56.000000 
-120.769432 25.152857 23.490866 50.000000 
-120.639008 25.391632 23.488859 122.000000 
-120.757446 25.140306 23.495890 105.000000 
-120.614754 25.397074 23.483772 126.000000 
-120.739716 25.136808 23.495646 66.000000 
-120.596252 25.393219 23.483782 48.000000 
-120.839996 24.920940 23.494480 46.000000 
-120.718094 25.139284 23.491917 106.000000 
-120.832611 24.902750 23.503300 45.000000 
-120.687599 25.155226 23.480310 110.000000 
-120.392426 25.680260 23.466570 104.000000 
-120.807976 24.909353 23.496611 66.000000 
-120.671959 25.146566 23.482967 119.000000 
-120.376167 25.669159 23.470303 114.000000 
-120.785934 24.913286 23.491695 59.000000 
-120.658081 25.136780 23.486408 60.000000 
-120.353775 25.669247 23.468365 111.000000 
-120.763260 24.920876 23.484739 61.000000 
-120.331985 25.671709 23.465395 102.000000 
-120.864578 24.711422 23.490231 52.000000 
-120.749046 24.912851 23.487257 65.000000 
-120.471794 25.390385 23.472860 50.000000 
-120.306473 25.676226 23.461176 114.000000 
-120.844994 24.712366 23.486931 82.000000 
-120.736862 24.901852 23.491636 67.000000 
-120.452156 25.387554 23.472334 49.000000 
-120.286995 25.671461 23.461761 108.000000 
-120.826363 24.711792 23.484631 64.000000 
-120.714638 24.905472 23.486893 61.000000 
-120.426384 25.393688 23.466854 114.000000 
-120.262398 25.674261 23.458437 51.000000 
-120.812744 24.703949 23.487144 68.000000 
-120.406677 25.390696 23.466421 107.000000 
-120.902634 24.520195 23.486250 57.000000 
-120.796112 24.700377 23.486828 78.000000 
-120.385925 25.389132 23.465200 105.000000 
-120.887543 24.515392 23.486742 67.000000 
-120.776405 24.701040 23.483692 72.000000 
-120.507835 25.147842 23.464058 52.000000 
-120.368256 25.383003 23.466513 111.000000 
-120.873474 24.509134 23.488258 72.000000 
-120.750496 24.710197 23.474894 55.000000 
-120.489815 25.143488 23.464323 103.000000 
-120.346420 25.382786 23.464552 49.000000 
-120.860443 24.501431 23.490797 69.000000 
-120.471786 25.139072 23.464630 72.000000 
-120.938629 24.340588 23.483177 57.000000 
-120.839188 24.504881 23.485453 78.000000 
-120.455856 25.131662 23.466711 66.000000 
-120.925667 24.334818 23.484533 60.000000 
-120.820587 24.505840 23.482000 78.000000 
-120.434364 25.133423 23.463480 69.000000 
-120.913132 24.327261 23.487070 57.000000 
-120.796074 24.513290 23.473789 65.000000 
-120.411011 25.136106 23.459583 72.000000 
-120.990936 24.169880 23.485321 46.000000 
-120.897911 24.322020 23.487715 62.000000 
-120.539330 24.896534 23.469963 49.000000 
-120.385780 25.139692 23.455030 54.000000 
-120.982002 24.158503 23.491014 65.000000 
-120.878082 24.323914 23.483145 68.000000 
-120.971626 24.150150 23.494478 66.000000 
-120.855659 24.330183 23.475422 76.000000 
-121.046959 24.011402 23.489101 47.000000 
-120.951218 24.153370 23.488550 66.000000 
-120.843117 24.322420 23.478094 66.000000 
-120.477104 24.897858 23.461655 53.000000 
-121.030113 24.010710 23.486101 57.000000 
-120.927567 24.160475 23.479494 67.000000 
-120.590675 24.686964 23.465921 68.000000 
-120.457489 24.896095 23.460230 47.000000 
-121.016403 24.006054 23.486429 84.000000 
-120.911270 24.158211 23.477894 67.000000 
-120.569496 24.688187 23.462324 57.000000 
-120.444389 24.885763 23.464241 46.000000 
-121.004814 23.998762 23.488979 67.000000 
-120.899231 24.150612 23.480558 74.000000 
-120.546089 24.692099 23.456900 52.000000 
-120.984726 24.001766 23.482803 64.000000 
-120.885063 24.145609 23.481138 67.000000 
-120.531387 24.684822 23.459021 57.000000 
-121.064835 23.855087 23.489548 45.000000 
-120.969933 23.998243 23.482138 61.000000 
-120.867172 24.146189 23.477400 54.000000 
-120.642883 24.487226 23.465681 51.000000 
-120.515167 24.680702 23.459150 55.000000 
-121.057449 23.844519 23.495350 62.000000 
-120.946014 24.006594 23.471550 59.000000 
-120.623268 24.486982 23.462828 46.000000 
-120.493843 24.681601 23.455736 57.000000 
-121.039894 23.844877 23.491144 61.000000 
-121.024460 23.842659 23.489235 63.000000 
-120.927162 23.986450 23.481297 47.000000 
-120.705719 24.305862 23.464964 50.000000 
-120.588371 24.480858 23.461140 50.000000 
-121.094734 23.712734 23.488991 53.000000 
-121.003571 23.846615 23.481733 66.000000 
-120.684334 24.308231 23.459860 57.000000 
-120.569778 24.479044 23.459387 50.000000 
-121.080750 23.709320 23.488073 90.000000 
-120.990250 23.841770 23.482149 66.000000 
-120.668480 24.303921 23.459848 49.000000 
-120.551163 24.477156 23.457678 46.000000 
-121.061310 23.711920 23.481392 69.000000 
-120.983521 23.829443 23.489330 66.000000 
-120.660484 24.290359 23.466919 46.000000 
-121.041809 23.714430 23.474754 63.000000 
-120.965828 23.829473 23.485317 70.000000 
-120.751190 24.128681 23.466969 46.000000 
-120.639015 24.292509 23.461943 46.000000 
-121.031036 23.707205 23.477419 69.000000 
-120.945877 23.831890 23.479105 66.000000 
-120.738083 24.121897 23.468912 52.000000 
-120.619751 24.291952 23.459026 49.000000 
-121.105247 23.577188 23.484188 67.000000 
-121.019188 23.701153 23.478954 75.000000 
-120.726135 24.113794 23.471926 52.000000 
-121.090485 23.574835 23.482048 65.000000 
-121.004021 23.698656 23.477055 85.000000 
-120.707382 24.113302 23.468727 46.000000 
-120.586845 24.284109 23.458334 46.000000 
-121.075699 23.572422 23.479942 59.000000 
-120.984367 23.700878 23.470579 85.000000 
-120.784561 23.981234 23.455385 45.000000 
-121.141937 23.455793 23.480562 57.000000 
-121.067566 23.562971 23.484999 61.000000 
-120.964653 23.703009 23.464153 99.000000 
-120.774124 23.972015 23.459465 48.000000 
-120.665756 24.117558 23.458158 49.000000 
-121.127991 23.453735 23.478163 72.000000 
-121.048828 23.565460 23.478073 63.000000 
-120.962318 23.687622 23.474878 45.000000 
-120.764313 23.963173 23.463417 52.000000 
-120.651489 24.111767 23.459240 49.000000 
-121.117973 23.446762 23.480810 69.000000 
-121.036247 23.560568 23.478439 65.000000 
-120.945961 23.686083 23.471968 55.000000 
-120.745895 23.962553 23.460032 54.000000 
-120.637817 24.106346 23.460197 50.000000 
-121.187073 23.331839 23.487049 47.000000 
-121.110718 23.437860 23.485786 69.000000 
-121.019669 23.560604 23.473963 65.000000 
-120.724556 23.965952 23.453320 53.000000 
-120.618904 24.105478 23.457214 49.000000 
-121.166306 23.335960 23.477121 63.000000 
-121.096268 23.435324 23.483604 69.000000 
-121.004799 23.557907 23.472031 67.000000 
-120.706055 23.965164 23.450026 52.000000 
-121.162842 23.322224 23.487404 80.000000 
-121.079041 23.434605 23.479162 68.000000 
-120.993958 23.550207 23.474995 55.000000 
-120.802307 23.810400 23.461748 59.000000 
-120.696274 23.954103 23.455486 55.000000 
-121.150978 23.317522 23.487560 72.000000 
-121.065674 23.430826 23.478270 77.000000 
-120.787743 23.806059 23.461500 55.000000 
-120.680092 23.950750 23.454405 52.000000 
-121.201042 23.224035 23.475203 45.000000 
-121.136200 23.316368 23.483862 78.000000 
-121.055084 23.425140 23.479696 56.000000 
-120.772552 23.803253 23.460028 52.000000 
-120.663284 23.948963 23.452137 54.000000 
-121.197289 23.212032 23.484249 59.000000 
-121.120918 23.314802 23.480337 85.000000 
-121.040573 23.422375 23.477652 59.000000 
-120.854752 23.668842 23.462029 55.000000 
-120.757980 23.798803 23.459850 47.000000 
-120.643517 23.949116 23.447943 51.000000 
-121.194283 23.198662 23.494715 78.000000 
-121.102852 23.314966 23.474495 87.000000 
-121.024391 23.420290 23.474575 50.000000 
-120.837700 23.666458 23.459541 60.000000 
-120.741661 23.795076 23.458765 48.000000 
-120.619553 23.952379 23.440775 45.000000 
-121.171425 23.204361 23.482038 64.000000 
-121.094368 23.306849 23.478514 85.000000 
-120.818794 23.666697 23.454670 64.000000 
-120.724701 23.792866 23.456463 49.000000 
-121.235748 23.101870 23.487251 54.000000 
-121.160316 23.199928 23.482054 60.000000 
-121.082954 23.302261 23.478683 72.000000 
-120.805115 23.662657 23.454227 58.000000 
-120.708260 23.790997 23.454041 48.000000 
-121.229019 23.093204 23.492510 54.000000 
-121.144173 23.199240 23.477131 60.000000 
-121.069901 23.298340 23.477779 72.000000 
-120.798012 23.651310 23.460770 57.000000 
-120.690048 23.789818 23.450724 47.000000 
-121.213242 23.092522 23.487322 85.000000 
-121.136032 23.191284 23.481165 73.000000 
-121.052200 23.298595 23.471951 67.000000 
-120.873772 23.527611 23.459761 63.000000 
-120.779045 23.651352 23.456017 58.000000 
-121.200851 23.088781 23.486092 86.000000 
-121.125618 23.185360 23.482672 65.000000 
-121.041451 23.292452 23.473593 46.000000 
-120.865883 23.517681 23.465183 56.000000 
-120.766022 23.645632 23.456959 58.000000 
-121.185013 23.087965 23.480980 71.000000 
-121.109421 23.184500 23.477852 61.000000 
-120.849693 23.515465 23.462471 57.000000 
-120.745789 23.646652 23.451164 53.000000 
-121.176048 23.081156 23.483725 71.000000 
-121.095512 23.181534 23.475611 56.000000 
-120.832275 23.514280 23.458637 48.000000 
-120.733955 23.639690 23.453304 57.000000 
-121.167114 23.074326 23.486490 77.000000 
-121.079247 23.180534 23.470871 52.000000 
-120.905609 23.398045 23.457270 60.000000 
-120.814819 23.513020 23.454845 46.000000 
-120.727005 23.628202 23.459972 51.000000 
-121.152382 23.072361 23.482779 90.000000 
-120.901711 23.385099 23.466351 65.000000 
-120.797325 23.511681 23.451099 50.000000 
-120.703033 23.632370 23.450933 45.000000 
-121.138069 23.070677 23.478964 86.000000 
-120.882721 23.386333 23.459761 68.000000 
-120.790031 23.501965 23.456497 53.000000 
-121.117416 23.073437 23.468843 80.000000 
-120.865608 23.384981 23.455759 59.000000 
-120.774956 23.498341 23.455137 46.000000 
-121.105667 23.068008 23.469280 86.000000 
-120.942566 23.268980 23.461285 52.000000 
-120.851608 23.380007 23.455534 52.000000 
-120.760582 23.493176 23.455133 52.000000 
-120.927002 23.266563 23.458269 65.000000 
-120.839317 23.374321 23.456371 56.000000 
-120.739326 23.494806 23.448084 46.000000 
-120.912628 23.263063 23.456514 74.000000 
-120.825813 23.369637 23.456053 61.000000 
-120.897026 23.260515 23.453577 69.000000 
-120.812302 23.364899 23.455769 54.000000 
-120.889214 23.252239 23.457832 59.000000 
-120.794334 23.364647 23.450617 61.000000 
-120.956017 23.149084 23.454973 51.000000 
-120.879738 23.244568 23.461048 61.000000 
-120.778320 23.361855 23.448040 56.000000 
-120.940720 23.146454 23.451870 57.000000 
-120.860413 23.244864 23.454561 61.000000 
-120.932762 23.137962 23.456295 60.000000 
-120.844749 23.242081 23.451767 63.000000 
-120.927765 23.127909 23.463074 55.000000 
-120.829536 23.239622 23.448849 58.000000 
-120.908752 23.128014 23.456326 55.000000 
-120.817581 23.233747 23.449764 58.000000 
-120.981094 23.024614 23.460825 51.000000 
-120.896690 23.121923 23.457253 51.000000 
-120.807671 23.225471 23.453297 59.000000 
-120.967331 23.020889 23.458893 56.000000 
-120.875557 23.124147 23.447950 51.000000 
-120.956039 23.015276 23.459543 58.000000 
-120.865974 23.116047 23.451429 53.000000 
-120.943512 23.010534 23.458950 55.000000 
-120.862366 23.104931 23.459549 51.000000 
-120.927666 23.008841 23.454416 50.000000 
-120.840675 23.106548 23.450542 50.000000 
-120.918877 23.001280 23.457697 54.000000 
-120.826988 23.102854 23.448828 45.000000 
-120.908859 22.994595 23.459730 53.000000 
-120.895065 22.990559 23.457998 56.000000 
-120.878723 22.988247 23.453775 53.000000 
-120.864891 22.984087 23.452118 53.000000 
-120.856178 22.976345 23.455532 45.000000 
-120.923653 24.571251 23.478100 55.000000 
-120.899170 24.577406 23.472902 121.000000 
-120.875511 24.581873 23.468565 121.000000 
-120.851776 24.586245 23.464279 122.000000 
-120.831657 24.584200 23.463284 123.000000 
-120.953506 24.309855 23.469328 122.000000 
-120.817062 24.572617 23.467188 124.000000 
-120.932304 24.311111 23.466434 121.000000 
-120.791351 24.579895 23.461420 123.000000 
-121.047974 24.056778 23.475574 46.000000 
-120.918518 24.299871 23.470387 123.000000 
-120.769295 24.580780 23.458939 47.000000 
-121.025597 24.061207 23.470625 54.000000 
-120.897270 24.300991 23.467575 124.000000 
-121.005974 24.060968 23.468393 107.000000 
-120.876923 24.300484 23.465658 124.000000 
-120.989151 24.056091 23.468870 75.000000 
-120.855591 24.301441 23.462938 125.000000 
-120.970421 24.054195 23.467609 104.000000 
-121.072334 23.833132 23.469515 48.000000 
-120.954552 24.047686 23.469048 112.000000 
-120.659332 24.582386 23.448036 55.000000 
-121.058052 23.825401 23.471773 62.000000 
-120.930023 24.054739 23.462547 116.000000 
-120.632164 24.590530 23.441824 113.000000 
-121.045731 23.814657 23.475916 59.000000 
-120.906372 24.060175 23.456985 117.000000 
-120.610764 24.589262 23.440479 121.000000 
-121.024475 23.819122 23.470718 59.000000 
-120.885338 24.062912 23.453117 47.000000 
-120.604935 24.565186 23.451054 110.000000 
-121.115219 23.622238 23.468613 60.000000 
-121.004387 23.820145 23.467531 61.000000 
-120.574654 24.577696 23.442587 114.000000 
-121.103493 23.611721 23.472837 68.000000 
-120.984253 23.821085 23.464388 59.000000 
-120.701889 24.312357 23.441687 109.000000 
-120.548225 24.583910 23.437380 114.000000 
-121.084946 23.611345 23.470352 61.000000 
-120.961105 23.826370 23.458523 69.000000 
-120.691177 24.295967 23.448574 113.000000 
-120.524712 24.585405 23.434624 108.000000 
-121.065079 23.614182 23.465862 66.000000 
-120.952507 23.811363 23.465479 48.000000 
-120.673302 24.292110 23.448641 109.000000 
-120.498955 24.591875 23.429382 56.000000 
-121.157310 23.424068 23.469677 64.000000 
-121.044464 23.616552 23.461536 71.000000 
-120.789421 24.054300 23.446394 46.000000 
-120.645554 24.301336 23.441345 109.000000 
-121.139580 23.421886 23.468126 67.000000 
-121.026115 23.614115 23.460258 75.000000 
-120.767654 24.054230 23.443932 68.000000 
-120.621986 24.302456 23.438435 113.000000 
-121.126480 23.414351 23.470493 68.000000 
-121.007416 23.613441 23.457939 66.000000 
-120.749641 24.050056 23.444014 104.000000 
-120.602211 24.299425 23.437941 105.000000 
-121.104012 23.421286 23.462795 68.000000 
-120.988365 23.614531 23.454576 57.000000 
-120.730331 24.049213 23.442245 61.000000 
-120.584244 24.295280 23.438179 48.000000 
-121.199928 23.233372 23.475218 55.000000 
-121.089897 23.415052 23.464233 73.000000 
-120.703033 24.058191 23.434534 69.000000 
-121.178299 23.238453 23.468264 60.000000 
-121.074768 23.410185 23.464708 69.000000 
-120.683914 24.055269 23.433872 72.000000 
-121.159637 23.239302 23.464460 56.000000 
-121.055565 23.410873 23.461241 56.000000 
-120.812149 23.811901 23.447098 48.000000 
-120.672050 24.041998 23.439362 66.000000 
-121.248459 23.067183 23.474813 48.000000 
-121.145638 23.234949 23.464706 60.000000 
-121.033882 23.416073 23.454710 54.000000 
-120.788200 23.818277 23.440601 45.000000 
-120.649498 24.045269 23.435146 63.000000 
-121.232315 23.065353 23.472895 65.000000 
-121.135117 23.224684 23.469233 62.000000 
-121.015602 23.415205 23.452322 49.000000 
-120.771820 23.812597 23.441587 45.000000 
-120.629288 24.043613 23.433737 50.000000 
-121.213066 23.067495 23.467806 66.000000 
-121.117424 23.223980 23.466570 65.000000 
-120.758606 23.802551 23.445341 48.000000 
-121.200981 23.060171 23.470236 59.000000 
-121.092422 23.232758 23.456745 54.000000 
-120.850731 23.616161 23.433964 63.000000 
-120.738022 23.802509 23.442760 48.000000 
-121.188919 23.052814 23.472694 64.000000 
-121.075668 23.230524 23.455198 47.000000 
-120.839127 23.604959 23.438665 59.000000 
-120.716331 23.803812 23.439320 45.000000 
-121.268005 22.908556 23.472021 62.000000 
-121.170631 23.053423 23.468786 64.000000 
-120.824387 23.597948 23.440552 56.000000 
-121.252235 22.906616 23.470026 66.000000 
-121.149597 23.056240 23.462917 66.000000 
-120.808975 23.590467 23.442617 55.000000 
-121.240028 22.899044 23.472597 62.000000 
-121.130150 23.058010 23.458035 67.000000 
-120.907837 23.403946 23.441957 47.000000 
-120.780281 23.601521 23.432293 59.000000 
-121.228439 22.891802 23.475073 61.000000 
-121.120796 23.048178 23.462622 58.000000 
-120.898613 23.392033 23.447586 53.000000 
-120.761871 23.600327 23.430376 56.000000 
-121.296654 22.759356 23.470112 60.000000 
-121.211113 22.892660 23.470854 66.000000 
-120.747101 23.593075 23.432417 53.000000 
-121.286514 22.751009 23.473696 65.000000 
-121.193169 22.893080 23.466799 78.000000 
-120.734947 23.581186 23.437466 53.000000 
-121.276909 22.741022 23.478559 59.000000 
-121.167122 22.902065 23.455238 67.000000 
-120.835953 23.395332 23.435778 46.000000 
-121.333382 22.625650 23.465149 49.000000 
-121.262581 22.737661 23.477657 58.000000 
-121.153343 22.897171 23.455660 65.000000 
-120.944817 23.206787 23.447121 52.000000 
-120.821983 23.390461 23.436485 49.000000 
-121.325760 22.616915 23.469696 79.000000 
-121.246155 22.738733 23.473137 68.000000 
-120.923523 23.209309 23.441849 56.000000 
-120.808914 23.381996 23.439474 49.000000 
-121.320297 22.603794 23.478010 69.000000 
-121.226418 22.741516 23.466646 70.000000 
-120.905472 23.207762 23.439672 46.000000 
-120.789215 23.381586 23.436640 49.000000 
-121.296700 22.611435 23.466503 62.000000 
-121.210938 22.739220 23.464720 68.000000 
-120.888504 23.204823 23.438553 47.000000 
-121.281609 22.609221 23.464375 67.000000 
-121.196533 22.735619 23.463959 63.000000 
-120.877571 23.193502 23.443697 51.000000 
-121.360504 22.471401 23.479309 67.000000 
-121.264877 22.607801 23.461246 72.000000 
-120.966713 23.032803 23.443056 51.000000 
-120.856125 23.195707 23.438604 46.000000 
-121.341515 22.473967 23.472210 67.000000 
-121.248650 22.606670 23.458031 82.000000 
-120.955284 23.025160 23.445829 47.000000 
-120.837494 23.195618 23.435431 51.000000 
-121.320808 22.479149 23.462633 59.000000 
-121.240601 22.597395 23.462849 69.000000 
-120.941032 23.019648 23.446680 45.000000 
-120.815941 23.197643 23.430435 45.000000 
-121.301674 22.481529 23.455626 61.000000 
-121.226555 22.593756 23.462015 75.000000 
-121.025368 22.878422 23.441452 47.000000 
-120.922272 23.019196 23.443380 46.000000 
-121.380264 22.350737 23.471325 61.000000 
-121.295631 22.469772 23.463003 65.000000 
-121.008156 22.876795 23.438931 57.000000 
-120.908012 23.013571 23.444304 52.000000 
-121.363693 22.350733 23.466471 68.000000 
-121.287460 22.460352 23.468006 67.000000 
-120.995430 22.870113 23.440779 59.000000 
-120.885239 23.018469 23.436762 45.000000 
-121.349777 22.348732 23.463985 66.000000 
-121.268776 22.462906 23.460974 65.000000 
-120.982170 22.865034 23.441427 55.000000 
-120.868652 23.015251 23.435678 46.000000 
-121.335335 22.346329 23.461662 66.000000 
-121.253960 22.460379 23.458881 67.000000 
-120.963768 22.864466 23.437939 53.000000 
-121.399803 22.233822 23.464710 66.000000 
-121.329239 22.334496 23.469305 72.000000 
-121.049431 22.718952 23.441896 46.000000 
-120.942459 22.865881 23.432491 55.000000 
-121.387894 22.229227 23.464745 72.000000 
-121.312584 22.334251 23.464592 72.000000 
-121.042877 22.706327 23.449293 55.000000 
-120.926277 22.862684 23.431248 55.000000 
-121.378693 22.222748 23.467194 72.000000 
-121.298615 22.332047 23.462233 69.000000 
-121.024300 22.707306 23.444319 54.000000 
-120.915291 22.854927 23.434187 55.000000 
-121.436646 22.120207 23.465601 58.000000 
-121.369034 22.215902 23.469793 76.000000 
-121.281883 22.331667 23.457598 68.000000 
-121.013206 22.699427 23.447315 50.000000 
-120.903755 22.846731 23.437305 55.000000 
-121.427269 22.113527 23.468149 73.000000 
-121.356033 22.212282 23.468653 82.000000 
-121.089981 22.569519 23.445562 61.000000 
-120.988220 22.705839 23.437023 50.000000 
-121.413475 22.111029 23.465569 60.000000 
-121.337418 22.214014 23.461277 82.000000 
-121.070038 22.571135 23.439352 64.000000 
-120.974785 22.700233 23.437874 51.000000 
-121.410835 22.097998 23.475883 61.000000 
-121.320992 22.213505 23.456451 75.000000 
-121.058159 22.564547 23.441195 60.000000 
-120.960190 22.695765 23.437649 48.000000 
-121.394806 22.097509 23.470785 60.000000 
-121.313599 22.204344 23.461666 85.000000 
-121.041634 22.562540 23.438499 57.000000 
-120.945580 22.691244 23.437460 49.000000 
-121.454948 21.997725 23.472689 89.000000 
-121.378738 22.096951 23.465729 61.000000 
-121.301697 22.199446 23.461905 47.000000 
-121.025078 22.560465 23.435843 58.000000 
-120.925064 22.692554 23.431789 45.000000 
-121.443695 21.993114 23.472641 80.000000 
-121.360359 22.098389 23.458149 68.000000 
-121.105980 22.430706 23.441114 56.000000 
-121.016747 22.550291 23.441200 58.000000 
-121.430199 21.990469 23.469994 71.000000 
-121.351036 22.091486 23.460855 63.000000 
-121.094505 22.424179 23.442940 59.000000 
-121.000175 22.548105 23.438614 55.000000 
-121.416679 21.987766 23.467379 77.000000 
-121.341736 22.084557 23.463583 65.000000 
-121.079498 22.420950 23.441277 50.000000 
-120.980019 22.549267 23.432661 57.000000 
-121.405411 21.983021 23.467421 80.000000 
-121.066849 22.415447 23.441990 48.000000 
-120.964577 22.545795 23.431297 62.000000 
-121.391869 21.980213 23.464870 86.000000 
-121.143036 22.295757 23.444874 50.000000 
-121.054207 22.409899 23.442734 49.000000 
-121.382896 21.973406 23.467583 86.000000 
-121.123650 22.296801 23.438253 64.000000 
-121.034409 22.410904 23.436504 51.000000 
-121.367027 21.972466 23.462482 71.000000 
-121.118477 22.284933 23.446102 61.000000 
-121.014542 22.411816 23.430326 45.000000 
-121.352280 21.970474 23.458729 55.000000 
-121.102623 22.282648 23.443161 58.000000 
-121.003059 22.404995 23.432346 54.000000 
-121.339828 21.966473 23.457615 45.000000 
-121.085541 22.281357 23.439062 57.000000 
-121.161430 22.166647 23.443678 60.000000 
-121.064812 22.283154 23.431414 61.000000 
-121.147087 22.163260 23.441801 65.000000 
-121.058540 22.272232 23.438162 57.000000 
-121.133934 22.158792 23.441189 61.000000 
-121.045036 22.267593 23.437763 61.000000 
-121.109886 22.163414 23.429567 57.000000 
-121.026634 22.267076 23.432631 55.000000 
-121.186996 22.050919 23.438309 45.000000 
-121.105186 22.151731 23.437613 58.000000 
-121.176559 22.044487 23.440113 63.000000 
-121.095673 22.144085 23.440775 58.000000 
-121.163719 22.039968 23.439430 53.000000 
-121.152092 22.034430 23.440033 52.000000 
-121.064423 22.138699 23.434963 47.000000 
-121.143379 22.027296 23.443016 50.000000 
-121.205765 21.931585 23.437765 51.000000 
-121.129311 22.023609 23.441170 50.000000 
-121.198097 21.923300 23.442144 64.000000 
-121.111534 22.022734 23.435612 54.000000 
-121.188026 21.916847 23.443979 65.000000 
-121.096191 22.019869 23.432596 46.000000 
-121.176735 21.911283 23.444557 60.000000 
-121.083313 22.015039 23.432112 51.000000 
-121.162979 21.907509 23.442606 60.000000 
-121.146729 21.905499 23.438139 60.000000 
-121.130440 21.903414 23.433716 65.000000 
-121.130394 21.889521 23.445879 48.000000 
-121.114105 21.887341 23.441519 50.000000 
-121.167015 23.553963 23.464386 47.000000 
-121.155243 23.504587 23.459700 108.000000 
-121.139542 23.496952 23.461601 122.000000 
-121.118607 23.496862 23.459579 120.000000 
-121.096741 23.498289 23.456789 120.000000 
-121.217842 23.217897 23.465597 106.000000 
-121.074829 23.499634 23.454044 124.000000 
-121.203163 23.206512 23.469454 123.000000 
-121.050240 23.503656 23.449835 121.000000 
-121.182068 23.208017 23.466431 121.000000 
-121.032784 23.496899 23.451231 122.000000 
-121.286079 22.970242 23.466022 46.000000 
-121.161713 23.209841 23.463346 121.000000 
-121.009750 23.501587 23.446894 68.000000 
-121.265617 22.971827 23.462738 62.000000 
-121.133171 23.223667 23.453615 124.000000 
-121.249702 22.965647 23.463947 75.000000 
-121.119293 23.212450 23.457520 117.000000 
-121.231033 22.964020 23.462524 75.000000 
-121.097084 23.215187 23.453827 119.000000 
-121.211403 22.963856 23.460253 106.000000 
-121.317726 22.731407 23.468727 48.000000 
-121.188927 22.968201 23.455359 116.000000 
-120.899841 23.504257 23.435356 113.000000 
-121.297089 22.732483 23.465406 62.000000 
-121.173180 22.959862 23.457720 74.000000 
-120.878632 23.501287 23.434759 121.000000 
-121.278069 22.732357 23.462950 54.000000 
-121.155365 22.956438 23.457346 105.000000 
-120.862068 23.492441 23.437292 119.000000 
-121.262573 22.728056 23.463200 59.000000 
-120.841530 23.491781 23.435724 115.000000 
-121.349586 22.533407 23.459240 68.000000 
-121.247330 22.721825 23.464521 63.000000 
-120.813332 23.501480 23.428730 117.000000 
-121.332977 22.530334 23.458538 64.000000 
-121.226318 22.724487 23.460331 61.000000 
-120.947823 23.219608 23.436024 120.000000 
-120.794800 23.495544 23.429789 111.000000 
-121.316360 22.527205 23.457872 63.000000 
-121.205254 22.727064 23.456186 57.000000 
-120.930107 23.214020 23.436907 115.000000 
-120.772346 23.495741 23.427692 111.000000 
-121.403069 22.342279 23.457806 45.000000 
-121.302353 22.521475 23.459053 64.000000 
-120.911224 23.211859 23.436016 102.000000 
-120.747711 23.500946 23.423115 52.000000 
-121.386978 22.339264 23.457001 64.000000 
-121.286697 22.516779 23.459419 68.000000 
-120.893509 23.206152 23.436975 113.000000 
-121.370209 22.335821 23.456343 61.000000 
-121.261536 22.524740 23.451290 78.000000 
-121.002380 22.974619 23.430195 58.000000 
-120.873024 23.202982 23.436434 115.000000 
-121.360947 22.322689 23.462606 63.000000 
-121.240898 22.527166 23.446938 67.000000 
-120.986320 22.967623 23.431915 68.000000 
-120.846283 23.210785 23.429949 107.000000 
-121.342560 22.324175 23.458790 63.000000 
-120.975044 22.955040 23.437048 54.000000 
-120.822250 23.215895 23.425053 49.000000 
-121.427780 22.148159 23.462162 57.000000 
-121.321487 22.328054 23.453135 72.000000 
-120.956017 22.952427 23.436205 54.000000 
-121.416138 22.139517 23.465462 55.000000 
-121.302345 22.329004 23.449518 81.000000 
-120.929855 22.960133 23.429283 69.000000 
-121.395569 22.143370 23.459473 59.000000 
-121.291176 22.318560 23.453907 60.000000 
-121.056763 22.714321 23.443764 50.000000 
-120.911774 22.955877 23.429407 56.000000 
-121.378944 22.141581 23.457664 62.000000 
-121.035324 22.716190 23.440014 48.000000 
-120.888550 22.958944 23.425207 66.000000 
-121.468002 21.965897 23.470306 69.000000 
-121.358261 22.145266 23.451763 60.000000 
-121.016907 22.713612 23.439047 48.000000 
-121.449875 21.966909 23.466175 61.000000 
-121.344604 22.139194 23.453129 68.000000 
-120.990211 22.722561 23.430830 48.000000 
-121.427643 21.973259 23.457808 61.000000 
-121.329948 22.134457 23.453495 54.000000 
-121.101364 22.506865 23.438349 59.000000 
-120.974838 22.715483 23.432686 49.000000 
-121.412453 21.970058 23.456966 67.000000 
-121.077263 22.512867 23.431530 66.000000 
-120.959480 22.708357 23.434576 46.000000 
-121.498337 21.814447 23.465046 75.000000 
-121.399307 21.964109 23.458294 66.000000 
-121.058304 22.511677 23.429508 55.000000 
-121.483177 21.813034 23.462830 61.000000 
-121.388832 21.955805 23.461660 69.000000 
-121.043159 22.506592 23.430233 55.000000 
-121.467407 21.811209 23.460766 57.000000 
-121.370537 21.956480 23.457720 57.000000 
-121.151802 22.303940 23.440464 49.000000 
-121.026268 22.502449 23.430183 66.000000 
-121.452202 21.809679 23.458618 64.000000 
-121.133400 22.302803 23.438236 56.000000 
-121.002998 22.506685 23.424501 55.000000 
-121.529358 21.661736 23.466312 57.000000 
-121.437881 21.804758 23.458948 68.000000 
-120.986069 22.502401 23.424536 56.000000 
-121.511925 21.662458 23.461834 55.000000 
-121.429939 21.793987 23.464565 73.000000 
-121.100792 22.294809 23.437840 46.000000 
-121.494453 21.663105 23.457397 59.000000 
-121.410416 21.795492 23.459461 62.000000 
-121.079109 22.297588 23.432789 46.000000 
-121.564445 21.529633 23.460135 49.000000 
-121.482162 21.657320 23.458675 58.000000 
-121.384605 21.806725 23.446468 46.000000 
-121.173225 22.124453 23.432369 48.000000 
-121.059753 22.299734 23.428482 45.000000 
-121.551544 21.527191 23.458742 84.000000 
-121.476265 21.645866 23.465408 66.000000 
-121.160614 22.116457 23.435129 52.000000 
-121.041206 22.298237 23.426464 46.000000 
-121.537552 21.524015 23.457615 64.000000 
-121.460854 21.643820 23.463335 72.000000 
-121.146309 22.109362 23.437042 48.000000 
-121.524055 21.519203 23.457811 62.000000 
-121.435295 21.652700 23.451241 48.000000 
-121.129387 22.106630 23.435799 45.000000 
-121.513222 21.512234 23.460253 62.000000 
-121.573807 21.394991 23.454823 70.000000 
-121.498695 21.510492 23.457930 79.000000 
-121.561729 21.390896 23.454714 61.000000 
-121.479324 21.513235 23.451103 72.000000 
-121.186867 21.935848 23.435934 49.000000 
-121.554482 21.378574 23.462202 59.000000 
-121.460426 21.514313 23.445616 49.000000 
-121.170380 21.933075 23.434578 46.000000 
-121.614258 21.265976 23.458935 50.000000 
-121.533859 21.383926 23.452555 59.000000 
-121.156097 21.927654 23.435358 51.000000 
-121.602020 21.261580 23.458883 61.000000 
-121.516418 21.383741 23.447996 63.000000 
-121.246170 21.778345 23.436628 63.000000 
-121.144051 21.919613 23.438265 50.000000 
-121.587639 21.259447 23.456396 68.000000 
-121.502144 21.381819 23.445618 65.000000 
-121.418137 21.503614 23.442949 53.000000 
-121.230690 21.775993 23.434971 60.000000 
-121.576401 21.255640 23.456156 65.000000 
-121.492210 21.375132 23.448050 57.000000 
-121.210724 21.778612 23.429014 54.000000 
-121.640953 21.141867 23.460745 52.000000 
-121.561989 21.253403 23.453730 65.000000 
-121.482292 21.368418 23.450504 46.000000 
-121.194061 21.777384 23.426348 55.000000 
-121.625816 21.140806 23.456865 64.000000 
-121.545372 21.253395 23.448883 68.000000 
-121.463661 21.369158 23.444899 45.000000 
-121.181847 21.769047 23.429415 61.000000 
-121.616066 21.134129 23.459328 68.000000 
-121.537476 21.244204 23.453890 72.000000 
-121.262581 21.628342 23.428852 55.000000 
-121.166290 21.766457 23.427898 55.000000 
-121.598228 21.134832 23.453117 62.000000 
-121.523621 21.240326 23.452917 58.000000 
-121.254211 21.616570 23.435217 52.000000 
-121.144417 21.767565 23.422558 53.000000 
-121.661110 21.026754 23.457901 72.000000 
-121.581924 21.134687 23.448086 69.000000 
-121.504730 21.242397 23.445730 52.000000 
-121.241928 21.610022 23.437000 48.000000 
-121.128807 21.764835 23.421124 52.000000 
-121.651695 21.020178 23.460363 70.000000 
-121.573769 21.127121 23.451765 78.000000 
-121.490723 21.240225 23.443344 47.000000 
-121.221077 21.613487 23.429768 50.000000 
-121.638397 21.018173 23.457560 56.000000 
-121.567368 21.117006 23.458103 85.000000 
-121.300423 21.479425 23.431269 66.000000 
-121.204185 21.611649 23.427176 53.000000 
-121.619728 21.019695 23.449884 58.000000 
-121.544350 21.123253 23.445639 67.000000 
-121.287369 21.474144 23.431864 69.000000 
-121.608582 21.015450 23.449726 58.000000 
-121.531281 21.119596 23.444510 57.000000 
-121.272026 21.471157 23.430201 60.000000 
-121.673271 20.909824 23.458124 79.000000 
-121.605843 21.002392 23.460012 58.000000 
-121.516449 21.118404 23.440773 54.000000 
-121.256042 21.469664 23.427280 55.000000 
-121.656464 20.910433 23.451399 77.000000 
-121.588036 21.004402 23.452185 61.000000 
-121.503349 21.114641 23.439709 45.000000 
-121.339600 21.336302 23.436239 56.000000 
-121.239502 21.467714 23.424549 58.000000 
-121.649132 20.901476 23.456699 68.000000 
-121.569885 21.004257 23.446081 51.000000 
-121.497696 21.102949 23.447550 51.000000 
-121.324753 21.331430 23.435894 59.000000 
-121.228218 21.459517 23.427711 53.000000 
-121.640068 20.894867 23.459255 77.000000 
-121.551491 21.005753 23.438477 45.000000 
-121.307457 21.330635 23.431768 53.000000 
-121.217506 21.451679 23.430748 53.000000 
-121.626556 20.892269 23.456577 77.000000 
-121.546631 20.994698 23.446280 45.000000 
-121.285446 21.334255 23.422989 50.000000 
-121.198578 21.451860 23.425848 47.000000 
-121.610764 20.891626 23.451307 83.000000 
-121.370941 21.203955 23.436731 52.000000 
-121.275085 21.326578 23.425989 49.000000 
-121.592224 20.892574 23.443590 80.000000 
-121.356979 21.199423 23.436169 72.000000 
-121.264229 21.318489 23.429165 48.000000 
-121.583168 20.885794 23.446259 58.000000 
-121.337646 21.200624 23.429470 65.000000 
-121.244461 21.319639 23.422861 47.000000 
-121.578461 20.876690 23.452604 51.000000 
-121.328674 21.193855 23.432148 61.000000 
-121.225662 21.321480 23.416296 45.000000 
-121.561432 20.876801 23.446165 58.000000 
-121.317543 21.187386 23.433945 58.000000 
-121.547821 20.873873 23.443686 48.000000 
-121.385178 21.078516 23.431551 58.000000 
-121.296928 21.189449 23.426163 66.000000 
-121.201416 21.309046 23.419069 45.000000 
-121.372017 21.074249 23.430807 65.000000 
-121.285797 21.182877 23.428026 54.000000 
-121.355995 21.071630 23.427778 67.000000 
-121.268188 21.181198 23.424084 56.000000 
-121.342812 21.067253 23.427101 61.000000 
-121.251038 21.179825 23.420033 55.000000 
-121.404480 20.966372 23.421154 53.000000 
-121.324837 21.066931 23.421543 67.000000 
-121.404701 20.951088 23.434235 72.000000 
-121.310425 21.063457 23.419710 69.000000 
-121.389938 20.949080 23.430775 58.000000 
-121.304939 21.053179 23.426340 59.000000 
-121.375885 20.945652 23.428762 56.000000 
-121.288101 21.051647 23.422119 55.000000 
-121.352913 20.948662 23.418139 55.000000 
-121.273193 21.047636 23.420546 52.000000 
-121.431267 20.838919 23.430792 56.000000 
-121.344856 20.940203 23.422487 56.000000 
-121.416763 20.836752 23.427210 71.000000 
-121.340950 20.929184 23.430458 64.000000 
-121.399368 20.836037 23.421244 71.000000 
-121.325653 20.926517 23.427324 52.000000 
-121.391205 20.827387 23.425751 63.000000 
-121.306183 20.926296 23.420641 52.000000 
-121.384735 20.818155 23.431404 63.000000 
-121.283424 20.929241 23.410105 48.000000 
-121.368965 20.816706 23.426672 63.000000 
-121.355171 20.812965 23.424694 63.000000 
-121.341370 20.809168 23.422750 57.000000 
-121.332512 20.801655 23.425945 51.000000 
-121.318703 20.797758 23.424068 50.000000 
-121.390419 22.505106 23.449566 101.000000 
-121.366013 22.511772 23.444099 123.000000 
-121.354301 22.462744 23.439905 120.000000 
-121.334061 22.461174 23.438581 124.000000 
-121.457542 22.167603 23.451874 107.000000 
-121.314674 22.457926 23.438108 125.000000 
-121.432030 22.177336 23.444408 121.000000 
-121.296158 22.453007 23.438486 124.000000 
-121.410011 22.178654 23.441339 121.000000 
-121.275040 22.450823 23.437389 68.000000 
-121.392288 22.173962 23.441614 122.000000 
-121.505447 21.914251 23.451025 61.000000 
-121.380714 22.160152 23.446917 124.000000 
-121.479568 21.925322 23.442299 107.000000 
-121.357635 22.164806 23.442175 122.000000 
-121.458954 21.926973 23.438955 108.000000 
-121.451859 21.905340 23.448969 74.000000 
-121.547890 21.683451 23.449198 51.000000 
-121.429420 21.909967 23.443924 115.000000 
-121.142677 22.458097 23.421352 53.000000 
-121.528824 21.683603 23.446558 57.000000 
-121.406914 21.914503 23.438929 102.000000 
-121.120323 22.458946 23.418859 108.000000 
-121.517052 21.671551 23.451368 52.000000 
-121.384323 21.918945 23.433977 46.000000 
-121.100723 22.454979 23.418818 105.000000 
-121.495193 21.676125 23.446026 59.000000 
-121.083931 22.446226 23.421217 108.000000 
-121.581360 21.478905 23.441965 71.000000 
-121.475845 21.677969 23.442472 65.000000 
-121.059509 22.452003 23.416336 111.000000 
-121.572067 21.464123 23.448835 64.000000 
-121.457588 21.676340 23.440914 55.000000 
-121.189316 22.169655 23.421837 49.000000 
-121.034164 22.457239 23.411627 105.000000 
-121.549072 21.469715 23.442347 61.000000 
-121.169693 22.165367 23.421835 103.000000 
-121.005028 22.466616 23.404707 61.000000 
-121.529510 21.471140 23.438688 71.000000 
-121.150871 22.161442 23.421753 102.000000 
-120.982407 22.466944 23.402500 45.000000 
-121.621933 21.273277 23.445560 60.000000 
-121.510597 21.472866 23.434963 78.000000 
-121.126083 22.168652 23.415722 49.000000 
-121.604805 21.271843 23.443647 59.000000 
-121.491890 21.472666 23.432348 63.000000 
-121.250160 21.908432 23.423389 46.000000 
-121.587654 21.270344 23.441772 60.000000 
-121.228149 21.910696 23.419676 71.000000 
-121.568558 21.271667 23.437937 60.000000 
-121.208046 21.909855 23.417763 61.000000 
-121.655342 21.088469 23.444561 68.000000 
-121.551346 21.270035 23.436138 65.000000 
-121.183968 21.914959 23.412390 63.000000 
-121.639641 21.085569 23.443584 56.000000 
-121.536057 21.265467 23.436369 56.000000 
-121.165756 21.910950 23.412317 72.000000 
-121.619072 21.089664 23.437466 57.000000 
-121.517838 21.265144 23.433649 51.000000 
-121.149521 21.903879 23.414032 56.000000 
-121.604294 21.085230 23.437597 57.000000 
-121.492699 21.274761 23.424004 47.000000 
-121.263931 21.671129 23.418356 45.000000 
-121.129303 21.902742 23.412292 51.000000 
-121.687737 20.913832 23.445066 61.000000 
-121.590157 21.081114 23.437651 62.000000 
-121.249123 21.664734 23.419853 46.000000 
-121.665627 20.920544 23.436525 58.000000 
-121.573402 21.079382 23.435781 62.000000 
-121.233604 21.657879 23.421515 49.000000 
-121.651680 20.914446 23.437777 59.000000 
-121.326088 21.461849 23.414446 55.000000 
-121.214333 21.654947 23.420607 45.000000 
-121.641342 20.904558 23.442154 61.000000 
-121.307076 21.460939 23.412237 66.000000 
-121.717888 20.758677 23.440805 81.000000 
-121.624680 20.904564 23.438963 69.000000 
-121.293831 21.453188 23.414686 57.000000 
-121.706017 20.751719 23.443008 62.000000 
-121.609375 20.901419 23.438059 66.000000 
-121.276840 21.449286 23.414450 53.000000 
-121.690765 20.750416 23.440708 66.000000 
-121.590027 20.903652 23.432926 46.000000 
-121.376663 21.253378 23.418133 48.000000 
-121.252625 21.455324 23.407623 59.000000 
-121.676315 20.745687 23.440872 66.000000 
-121.573662 20.901739 23.431028 45.000000 
-121.363327 21.245422 23.420698 55.000000 
-121.232475 21.455553 23.404633 48.000000 
-121.747124 20.603296 23.442196 60.000000 
-121.667099 20.736309 23.445251 76.000000 
-121.344841 21.244423 23.418369 46.000000 
-121.218529 21.447174 23.407354 46.000000 
-121.733688 20.599020 23.442154 56.000000 
-121.642509 20.744736 23.434465 66.000000 
-121.321114 21.250326 23.411163 49.000000 
-121.726334 20.586929 23.448969 54.000000 
-121.621025 20.751120 23.425699 55.000000 
-121.304253 21.248180 23.409771 47.000000 
-121.782005 20.469309 23.436131 65.000000 
-121.710442 20.586803 23.445456 61.000000 
-121.609154 20.743874 23.428091 49.000000 
-121.412666 21.049431 23.426167 50.000000 
-121.772995 20.460011 23.440723 79.000000 
-121.694977 20.584978 23.443230 63.000000 
-121.595825 20.739588 23.428190 48.000000 
-121.388359 21.056557 23.417562 48.000000 
-121.760963 20.454470 23.441822 60.000000 
-121.673294 20.590796 23.434231 61.000000 
-121.579239 20.737143 23.426373 46.000000 
-121.368179 21.058138 23.413088 51.000000 
-121.743797 20.455162 23.437094 63.000000 
-121.351143 21.055571 23.411713 51.000000 
-121.809273 20.327784 23.439718 50.000000 
-121.725555 20.457031 23.431236 72.000000 
-121.649475 20.577862 23.437891 45.000000 
-121.335159 21.051588 23.411390 52.000000 
-121.800201 20.320204 23.443085 64.000000 
-121.711418 20.453831 23.430094 82.000000 
-121.428200 20.879442 23.417601 55.000000 
-121.319168 21.047550 23.411106 47.000000 
-121.783890 20.319229 23.439482 61.000000 
-121.698318 20.449335 23.430151 79.000000 
-121.415939 20.871637 23.420282 49.000000 
-121.767563 20.320076 23.434481 59.000000 
-121.689423 20.439837 23.434898 46.000000 
-121.401550 20.866426 23.420889 46.000000 
-121.847244 20.181095 23.456612 45.000000 
-121.750130 20.320169 23.429754 65.000000 
-121.675285 20.436501 23.433846 50.000000 
-121.384995 20.863791 23.419428 52.000000 
-121.822472 20.191004 23.441603 58.000000 
-121.737930 20.316053 23.429628 65.000000 
-121.654770 20.440506 23.425846 53.000000 
-121.462952 20.726366 23.409332 62.000000 
-121.366234 20.863705 23.415909 51.000000 
-121.806992 20.190218 23.437761 63.000000 
-121.729958 20.305197 23.435762 72.000000 
-121.632027 20.446869 23.415573 47.000000 
-121.446175 20.723391 23.407827 61.000000 
-121.345238 20.866148 23.410337 49.000000 
-121.792534 20.188196 23.435190 63.000000 
-121.713524 20.305805 23.430897 50.000000 
-121.439308 20.710913 23.414766 55.000000 
-121.329208 20.863703 23.408857 51.000000 
-121.856171 20.073610 23.439215 61.000000 
-121.780693 20.184122 23.434996 63.000000 
-121.420944 20.710775 23.411022 55.000000 
-121.314758 20.858200 23.409645 50.000000 
-121.847328 20.065918 23.442814 64.000000 
-121.770462 20.177343 23.437407 66.000000 
-121.680008 20.306461 23.421404 46.000000 
-121.507164 20.559958 23.418026 49.000000 
-121.400917 20.713490 23.405014 61.000000 
-121.830528 20.067581 23.436199 65.000000 
-121.756485 20.175514 23.434805 66.000000 
-121.488693 20.561438 23.412771 59.000000 
-121.384674 20.710661 23.403517 53.000000 
-121.818512 20.063202 23.436058 65.000000 
-121.738754 20.176754 23.428675 49.000000 
-121.478447 20.552568 23.416639 55.000000 
-121.371239 20.705643 23.404076 51.000000 
-121.874794 19.957829 23.435610 78.000000 
-121.808144 20.056198 23.438591 67.000000 
-121.723694 20.174109 23.426392 49.000000 
-121.459885 20.551916 23.412855 51.000000 
-121.358276 20.696867 23.407253 52.000000 
-121.862022 19.954594 23.434090 58.000000 
-121.795059 20.052860 23.437244 76.000000 
-121.713486 20.167162 23.428919 50.000000 
-121.541580 20.411703 23.418791 52.000000 
-121.437386 20.556482 23.404516 56.000000 
-121.335258 20.701389 23.399405 47.000000 
-121.854599 19.945875 23.439066 54.000000 
-121.778725 20.052818 23.432152 78.000000 
-121.698921 20.164761 23.426575 45.000000 
-121.520645 20.415009 23.411169 63.000000 
-121.424911 20.549919 23.406252 61.000000 
-121.843987 19.940395 23.440184 51.000000 
-121.762344 20.052702 23.427099 55.000000 
-121.506348 20.411049 23.410494 58.000000 
-121.416962 20.538439 23.412464 52.000000 
-121.896255 19.844303 23.435394 73.000000 
-121.829063 19.939198 23.436163 60.000000 
-121.751389 20.046974 23.428366 48.000000 
-121.487549 20.411798 23.405260 57.000000 
-121.400002 20.536680 23.409809 48.000000 
-121.889153 19.835766 23.440430 90.000000 
-121.817368 19.934710 23.436045 65.000000 
-121.739342 20.042316 23.428404 48.000000 
-121.474350 20.406530 23.405806 57.000000 
-121.883644 19.826500 23.446680 83.000000 
-121.799599 19.936943 23.428104 68.000000 
-121.551704 20.276403 23.409618 54.000000 
-121.466248 20.396872 23.410816 62.000000 
-121.865784 19.828333 23.438540 74.000000 
-121.786774 19.933420 23.426764 48.000000 
-121.543427 20.266647 23.414772 62.000000 
-121.448517 20.396246 23.406841 50.000000 
-121.850037 19.828011 23.433083 74.000000 
-121.526108 20.266062 23.410515 52.000000 
-121.431892 20.394369 23.404051 51.000000 
-121.834251 19.827614 23.427662 80.000000 
-121.516739 20.257391 23.414539 51.000000 
-121.417549 20.390079 23.403582 57.000000 
-121.829445 19.816881 23.435442 80.000000 
-121.585648 20.140461 23.412573 50.000000 
-121.497078 20.258961 23.408005 49.000000 
-121.399727 20.389238 23.399729 50.000000 
-121.815849 19.814335 23.432714 68.000000 
-121.568649 20.139761 23.408117 61.000000 
-121.479668 20.258165 23.403866 53.000000 
-121.805565 19.808676 23.433958 51.000000 
-121.561951 20.129042 23.414583 57.000000 
-121.785240 19.812119 23.423426 55.000000 
-121.549538 20.123823 23.415028 54.000000 
-121.450546 20.250706 23.401571 54.000000 
-121.769775 19.811752 23.418051 54.000000 
-121.530678 20.125515 23.408121 57.000000 
-121.441765 20.242222 23.405590 51.000000 
-121.607376 20.005836 23.416428 61.000000 
-121.510086 20.127836 23.400204 61.000000 
-121.421913 20.243412 23.399267 47.000000 
-121.589035 20.005608 23.410748 60.000000 
-121.500626 20.118792 23.404510 52.000000 
-121.575783 20.001434 23.409916 58.000000 
-121.492882 20.109020 23.409893 54.000000 
-121.559021 20.000366 23.405413 58.000000 
-121.627632 19.891336 23.408018 51.000000 
-121.546913 19.995031 23.405884 59.000000 
-121.617500 19.885481 23.409477 60.000000 
-121.540024 19.985847 23.411161 61.000000 
-121.601044 19.884291 23.404781 55.000000 
-121.520844 19.986687 23.404303 58.000000 
-121.589272 19.878994 23.405180 49.000000 
-121.583420 19.868639 23.411913 51.000000 
-121.487091 19.983959 23.395639 47.000000 
-121.645370 19.770962 23.407799 58.000000 
-121.567390 19.867645 23.407171 54.000000 
-121.630371 19.768612 23.404242 64.000000 
-121.550858 19.866211 23.402620 52.000000 
-121.624390 19.758137 23.411196 68.000000 
-121.537415 19.861353 23.402033 49.000000 
-121.612961 19.752811 23.411570 58.000000 
-121.595558 19.752216 23.405537 61.000000 
-121.515099 19.849283 23.404411 52.000000 
-121.584114 19.746788 23.405975 63.000000 
-121.571915 19.742636 23.405006 60.000000 
-121.565331 19.733356 23.410631 52.000000 
-121.545395 19.734383 23.402187 49.000000 
-121.535179 19.727842 23.404022 51.000000 
-121.516388 19.727770 23.396948 53.000000 
-121.584778 21.476954 23.434494 121.000000 
-121.566086 21.472383 23.434702 122.000000 
-121.559433 21.410053 23.437048 123.000000 
-121.669106 21.133818 23.438326 46.000000 
-121.535660 21.415110 23.432514 124.000000 
-121.647820 21.135817 23.435097 121.000000 
-121.515236 21.413595 23.431238 121.000000 
-121.633354 21.124954 23.438660 119.000000 
-121.492203 21.416859 23.427599 68.000000 
-121.613747 21.123625 23.437199 122.000000 
-121.472588 21.413576 23.427210 61.000000 
-121.716835 20.872732 23.438757 59.000000 
-121.594994 21.120636 23.436619 124.000000 
-121.701416 20.865269 23.440651 103.000000 
-121.576225 21.117582 23.436079 120.000000 
-121.683395 20.862457 23.439928 72.000000 
-121.656517 20.875210 23.430428 104.000000 
-121.765732 20.623730 23.445093 46.000000 
-121.634842 20.878481 23.426266 110.000000 
-121.745544 20.627527 23.440483 62.000000 
-121.624634 20.863379 23.432608 66.000000 
-121.350113 21.402512 23.420853 116.000000 
-121.727249 20.626280 23.438776 55.000000 
-121.603821 20.864964 23.429403 54.000000 
-121.324936 21.408310 23.415983 114.000000 
-121.705490 20.629179 23.434448 57.000000 
-121.584915 20.861427 23.428984 61.000000 
-121.300652 21.410393 23.412872 108.000000 
-121.798477 20.413511 23.439400 68.000000 
-121.688034 20.626259 23.433741 63.000000 
-121.564018 20.862860 23.425865 48.000000 
-121.273468 21.419159 23.406521 117.000000 
-121.777107 20.418295 23.433723 68.000000 
-121.674240 20.617186 23.436743 54.000000 
-121.411835 21.114326 23.420660 107.000000 
-121.251762 21.418310 23.404980 63.000000 
-121.756584 20.421490 23.429050 66.000000 
-121.388237 21.118456 23.416321 117.000000 
-121.229095 21.418962 23.402695 55.000000 
-121.740395 20.418991 23.428143 71.000000 
-121.627083 20.632690 23.422571 51.000000 
-121.360680 21.130703 23.407743 109.000000 
-121.213829 21.408937 23.405869 61.000000 
-121.835205 20.210337 23.439592 54.000000 
-121.728119 20.408607 23.432156 82.000000 
-121.343521 21.123747 23.409332 111.000000 
-121.812431 20.217880 23.431675 59.000000 
-121.705627 20.414572 23.425688 66.000000 
-121.327324 21.115189 23.411789 111.000000 
-121.797028 20.213615 23.431761 57.000000 
-121.686806 20.414497 23.423084 49.000000 
-121.441338 20.865572 23.410580 72.000000 
-121.787254 20.200542 23.437843 61.000000 
-121.666061 20.417315 23.418615 56.000000 
-121.423012 20.861872 23.410381 58.000000 
-121.278671 21.124197 23.402704 47.000000 
-121.861458 20.031872 23.432146 62.000000 
-121.769989 20.199110 23.436005 61.000000 
-121.650970 20.411173 23.419903 46.000000 
-121.405647 20.856588 23.411093 58.000000 
-121.844681 20.030544 23.430107 56.000000 
-121.747948 20.204880 23.429247 55.000000 
-121.385384 20.855801 23.409233 104.000000 
-121.831673 20.023447 23.432226 55.000000 
-121.723907 20.213451 23.420555 47.000000 
-121.501091 20.613567 23.416777 48.000000 
-121.358261 20.865545 23.401339 54.000000 
-121.813911 20.023430 23.429228 65.000000 
-121.335930 20.867607 23.397839 61.000000 
-121.897491 19.846100 23.438826 58.000000 
-121.796112 20.023344 23.426266 60.000000 
-121.318474 20.862038 23.398720 69.000000 
-121.886284 19.839857 23.440733 60.000000 
-121.778610 20.025333 23.422094 56.000000 
-121.869019 19.839834 23.437553 58.000000 
-121.422035 20.614338 23.406561 49.000000 
-121.937561 19.700815 23.428854 60.000000 
-121.849762 19.842514 23.432281 66.000000 
-121.525269 20.399721 23.408798 60.000000 
-121.928780 19.688210 23.435495 67.000000 
-121.831436 19.843731 23.428116 66.000000 
-121.505165 20.400404 23.405649 56.000000 
-121.923218 19.673569 23.444145 62.000000 
-121.818962 19.836596 23.430363 66.000000 
-121.486023 20.399559 23.403486 53.000000 
-121.900864 19.679886 23.435423 64.000000 
-121.805534 19.830801 23.431576 47.000000 
-121.469879 20.394302 23.404194 59.000000 
-121.973412 19.530960 23.440559 63.000000 
-121.879616 19.686792 23.426529 62.000000 
-121.571892 20.191244 23.410177 52.000000 
-121.455780 20.386106 23.406816 49.000000 
-121.961868 19.524242 23.442715 68.000000 
-121.862038 19.686171 23.423395 73.000000 
-121.551270 20.193260 23.405861 47.000000 
-121.431473 20.392262 23.400072 52.000000 
-121.947380 19.521442 23.441488 59.000000 
-121.846619 19.684843 23.421171 68.000000 
-121.535706 20.188129 23.406483 47.000000 
-121.927895 19.525152 23.434628 59.000000 
-121.834999 19.676054 23.424690 46.000000 
-121.519119 20.184355 23.406164 50.000000 
-121.996521 19.386894 23.438433 79.000000 
-121.908348 19.528774 23.427811 61.000000 
-121.822601 19.670620 23.425812 52.000000 
-121.615440 19.998186 23.411154 53.000000 
-121.503197 20.180925 23.405748 48.000000 
-121.981949 19.385696 23.435837 85.000000 
-121.897362 19.522209 23.429974 65.000000 
-121.801483 19.675442 23.418333 59.000000 
-121.479309 20.186853 23.398672 47.000000 
-121.961777 19.390486 23.427547 69.000000 
-121.886841 19.513964 23.433405 70.000000 
-121.459526 20.187077 23.395546 46.000000 
-121.946579 19.388819 23.425135 63.000000 
-122.018089 19.251896 23.435139 56.000000 
-121.935410 19.382017 23.427418 69.000000 
-121.850525 19.516827 23.423422 47.000000 
-121.548058 19.987421 23.406427 47.000000 
-122.000732 19.252405 23.430269 64.000000 
-121.925293 19.373919 23.430889 72.000000 
-121.826614 19.525246 23.412296 47.000000 
-121.644211 19.807156 23.416880 52.000000 
-121.983383 19.254740 23.424017 65.000000 
-121.909050 19.373365 23.427408 79.000000 
-121.627609 19.804821 23.415308 49.000000 
-122.052765 19.123819 23.435537 46.000000 
-121.974113 19.245245 23.428816 59.000000 
-121.891739 19.374006 23.422800 46.000000 
-121.604614 19.810425 23.407490 45.000000 
-122.039330 19.120930 23.434069 55.000000 
-121.959793 19.243773 23.426222 57.000000 
-121.873337 19.375826 23.417074 50.000000 
-121.585800 19.810602 23.403910 49.000000 
-122.022804 19.121578 23.428934 66.000000 
-121.946442 19.239119 23.426287 61.000000 
-121.858017 19.373812 23.414865 47.000000 
-121.680687 19.647964 23.412249 51.000000 
-121.573387 19.802744 23.406637 50.000000 
-122.010361 19.117386 23.428761 63.000000 
-121.931549 19.237198 23.423876 65.000000 
-121.848984 19.364252 23.419640 55.000000 
-121.664474 19.645580 23.410559 55.000000 
-122.070717 19.002535 23.431112 61.000000 
-121.999985 19.110769 23.431074 61.000000 
-121.913490 19.238867 23.417919 52.000000 
-121.835770 19.359652 23.419807 50.000000 
-121.642876 19.649612 23.403502 54.000000 
-122.052429 19.005354 23.423269 72.000000 
-121.987549 19.106497 23.430954 63.000000 
-121.899590 19.235605 23.416771 45.000000 
-121.621208 19.653542 23.396496 53.000000 
-122.047020 18.994568 23.430498 76.000000 
-121.973541 19.104879 23.428291 69.000000 
-121.894684 19.222963 23.425058 46.000000 
-121.711571 19.495245 23.407789 48.000000 
-121.611992 19.643597 23.401264 55.000000 
-122.039093 18.985758 23.435333 76.000000 
-121.958984 19.102869 23.425779 72.000000 
-121.873360 19.228067 23.415638 45.000000 
-121.696823 19.491529 23.407110 57.000000 
-121.597870 19.638382 23.401882 53.000000 
-122.081810 18.893311 23.418905 78.000000 
-122.020721 18.988401 23.427588 72.000000 
-121.943352 19.101976 23.422077 52.000000 
-121.678802 19.491526 23.403124 54.000000 
-121.574982 19.643364 23.393925 47.000000 
-122.081451 18.876873 23.432846 68.000000 
-122.008614 18.984100 23.427437 74.000000 
-121.930885 19.097506 23.422079 46.000000 
-121.665115 19.486441 23.403631 52.000000 
-122.075974 18.866026 23.440325 68.000000 
-121.988022 18.988871 23.417259 76.000000 
-121.655830 19.476318 23.408611 54.000000 
-122.057915 18.868458 23.432333 58.000000 
-121.981194 18.978779 23.423452 82.000000 
-121.905945 19.088432 23.422171 54.000000 
-121.726349 19.346029 23.403337 63.000000 
-121.636650 19.477371 23.403625 59.000000 
-122.112366 18.768570 23.430941 47.000000 
-122.040268 18.871128 23.424263 54.000000 
-121.971710 18.972412 23.425776 67.000000 
-121.710312 19.345022 23.400192 58.000000 
-121.616875 19.479969 23.397436 48.000000 
-122.107216 18.757973 23.438541 84.000000 
-122.028473 18.866795 23.424082 60.000000 
-121.955292 18.972450 23.420725 52.000000 
-121.875008 19.086470 23.414946 46.000000 
-121.701447 19.335102 23.405233 58.000000 
-122.093666 18.755907 23.435591 83.000000 
-122.016670 18.862421 23.423927 63.000000 
-121.934502 18.976912 23.410707 54.000000 
-121.688179 19.329994 23.405724 53.000000 
-121.590591 19.468094 23.399853 45.000000 
-122.073708 18.760159 23.424759 83.000000 
-122.009178 18.853640 23.428940 61.000000 
-121.922325 18.972309 23.410742 49.000000 
-121.760033 19.202023 23.405621 56.000000 
-121.671555 19.328447 23.402819 57.000000 
-122.059608 18.757635 23.422001 80.000000 
-121.989349 18.856476 23.419977 51.000000 
-121.912933 18.963968 23.414679 45.000000 
-121.753304 19.189617 23.413204 56.000000 
-121.655479 19.325251 23.401236 47.000000 
-122.048111 18.753269 23.421789 71.000000 
-121.732605 19.192759 23.405384 48.000000 
-122.043564 18.742884 23.429369 80.000000 
-121.715752 19.192684 23.400995 49.000000 
-121.630608 19.313868 23.403437 50.000000 
-122.032104 18.738459 23.429201 80.000000 
-121.948906 18.848530 23.413340 46.000000 
-121.791122 19.066618 23.406635 52.000000 
-121.698326 19.192162 23.396788 49.000000 
-121.611633 19.314447 23.398407 48.000000 
-122.010818 18.743380 23.417255 90.000000 
-121.939285 18.841730 23.415916 48.000000 
-121.776344 19.063871 23.404562 67.000000 
-121.685402 19.186939 23.397305 53.000000 
-121.999306 18.738840 23.417156 61.000000 
-121.926353 18.838106 23.414690 46.000000 
-121.761559 19.061068 23.402523 58.000000 
-121.674774 19.179369 23.400192 45.000000 
-121.992210 18.730118 23.422318 48.000000 
-121.741066 19.063807 23.394499 59.000000 
-121.658424 19.177509 23.397263 47.000000 
-121.979622 18.726540 23.420958 53.000000 
-121.734207 19.053045 23.400957 56.000000 
-121.963684 18.725998 23.415712 51.000000 
-121.807182 18.934376 23.406149 65.000000 
-121.722824 19.046730 23.402626 61.000000 
-121.947701 18.725382 23.410505 48.000000 
-121.783585 18.940134 23.394125 72.000000 
-121.709145 19.042597 23.401922 57.000000 
-121.930557 18.725714 23.404036 50.000000 
-121.777107 18.929615 23.400665 65.000000 
-121.691986 19.041727 23.397655 55.000000 
-121.923523 18.716824 23.409319 50.000000 
-121.768379 18.921238 23.404755 61.000000 
-121.824158 18.821760 23.394310 49.000000 
-121.750412 18.921394 23.399019 65.000000 
-121.816879 18.812517 23.399666 57.000000 
-121.734734 18.919338 23.395788 60.000000 
-121.809174 18.802904 23.405180 53.000000 
-121.717354 18.917902 23.391516 56.000000 
-121.797340 18.797752 23.405527 49.000000 
-121.709839 18.908308 23.396942 52.000000 
-121.781303 18.797018 23.400721 49.000000 
-121.694603 18.906448 23.393667 48.000000 
-121.847473 18.693039 23.402586 52.000000 
-121.767113 18.793808 23.398615 49.000000 
-121.681213 18.902048 23.393026 50.000000 
-121.837112 18.686928 23.404152 58.000000 
-121.754082 18.789522 23.397799 50.000000 
-121.820908 18.685699 23.399302 56.000000 
-121.743408 18.783165 23.399523 46.000000 
-121.805840 18.683418 23.395779 55.000000 
-121.731567 18.777779 23.400021 47.000000 
-121.796654 18.676195 23.398718 54.000000 
-121.714951 18.776367 23.395544 45.000000 
-121.787498 18.668949 23.401680 55.000000 
-121.771210 18.667477 23.396973 54.000000 
-121.684021 18.771324 23.389214 45.000000 
-121.757286 18.664003 23.394867 50.000000 
-121.739738 18.663349 23.388962 58.000000 
-121.733017 18.654024 23.394590 46.000000 
-121.712097 18.642719 23.396667 50.000000 
-121.696922 18.639936 23.393450 51.000000 
-121.821144 20.346041 23.455023 118.000000 
-121.796822 20.353178 23.449600 119.000000 
-121.770775 20.365503 23.441732 122.000000 
-121.764275 20.303291 23.442738 124.000000 
-121.882294 20.005260 23.454689 119.000000 
-121.743935 20.299997 23.442341 126.000000 
-121.851868 20.025137 23.442251 120.000000 
-121.724442 20.297024 23.441889 64.000000 
-121.838257 20.012787 23.446653 121.000000 
-121.699806 20.303726 23.436695 68.000000 
-121.939926 19.759747 23.449142 54.000000 
-121.823853 20.002008 23.450249 123.000000 
-121.677666 20.305468 23.433941 55.000000 
-121.920265 19.760361 23.446608 107.000000 
-121.805191 19.999189 23.449688 123.000000 
-121.902283 19.757751 23.445871 106.000000 
-121.886803 19.752306 23.446831 104.000000 
-121.754639 20.019230 23.435202 45.000000 
-121.984138 19.517401 23.451759 51.000000 
-121.867065 19.752720 23.444412 112.000000 
-121.736725 20.014585 23.435602 45.000000 
-121.965080 19.517982 23.449081 64.000000 
-121.847282 19.753063 23.442034 114.000000 
-121.572479 20.303703 23.425493 59.000000 
-121.953049 19.506149 23.453777 54.000000 
-121.825699 19.756458 23.437946 45.000000 
-121.551895 20.301760 23.424589 113.000000 
-121.933815 19.508514 23.450157 54.000000 
-121.796776 19.774197 23.425926 62.000000 
-121.533043 20.298565 23.424402 111.000000 
-122.013229 19.312243 23.443079 71.000000 
-121.910217 19.516590 23.443014 61.000000 
-121.790306 19.750916 23.436790 48.000000 
-121.513336 20.294886 23.424374 108.000000 
-122.003609 19.297613 23.449821 75.000000 
-121.891922 19.515360 23.441406 65.000000 
-121.489960 20.297514 23.421228 120.000000 
-121.978745 19.308630 23.440361 67.000000 
-121.873604 19.514061 23.439837 46.000000 
-121.621826 20.000069 23.431219 106.000000 
-121.460999 20.309597 23.413403 63.000000 
-121.956688 19.313147 23.434870 64.000000 
-121.597527 20.003992 23.427034 50.000000 
-121.442184 20.302065 23.415209 66.000000 
-122.048698 19.105425 23.445332 60.000000 
-121.937088 19.314926 23.431227 68.000000 
-121.574890 20.006668 23.423611 105.000000 
-122.034050 19.101765 23.445257 65.000000 
-121.924591 19.306498 23.434181 82.000000 
-121.553947 20.008110 23.420940 111.000000 
-122.011368 19.109499 23.437387 61.000000 
-121.910492 19.299170 23.436316 50.000000 
-121.674095 19.743977 23.427599 52.000000 
-121.530266 20.012171 23.416782 102.000000 
-122.094559 18.922796 23.443996 46.000000 
-121.992287 19.111248 23.433525 60.000000 
-121.643639 19.760489 23.416090 65.000000 
-121.515045 20.002134 23.420107 47.000000 
-122.082512 18.914522 23.447046 55.000000 
-121.976891 19.107050 23.433661 65.000000 
-121.868301 19.306742 23.426449 46.000000 
-121.625351 19.756933 23.415911 63.000000 
-121.491280 20.006031 23.416040 45.000000 
-122.058395 18.924952 23.436762 65.000000 
-121.966187 19.095480 23.438768 67.000000 
-121.850410 19.305193 23.424898 50.000000 
-121.607056 19.753317 23.415770 61.000000 
-122.038849 18.928078 23.431664 60.000000 
-121.950813 19.091196 23.438965 46.000000 
-121.592590 19.743532 23.419128 66.000000 
-122.025841 18.921080 23.433786 56.000000 
-121.701973 19.508402 23.422043 50.000000 
-121.569466 19.747416 23.414743 54.000000 
-122.110596 18.739042 23.446568 58.000000 
-122.013802 18.912613 23.436964 65.000000 
-121.682434 19.507915 23.419970 48.000000 
-122.086784 18.749105 23.435904 63.000000 
-121.995117 18.914112 23.433001 65.000000 
-121.665779 19.502869 23.420647 46.000000 
-121.518127 19.762480 23.401815 68.000000 
-122.073341 18.743650 23.436972 58.000000 
-121.973495 18.919809 23.426008 45.000000 
-121.648148 19.499260 23.420458 45.000000 
-122.148567 18.591509 23.438164 56.000000 
-122.065964 18.731855 23.443157 58.000000 
-121.745003 19.293837 23.417107 55.000000 
-122.135834 18.588243 23.437853 76.000000 
-122.046783 18.734701 23.437916 66.000000 
-121.726967 19.291836 23.415825 61.000000 
-122.124779 18.580162 23.441074 64.000000 
-122.026917 18.737114 23.432827 67.000000 
-121.708206 19.289371 23.414709 52.000000 
-122.105415 18.582626 23.435654 54.000000 
-122.008591 18.738407 23.428730 55.000000 
-121.686142 19.293064 23.409752 53.000000 
-122.180458 18.427898 23.445223 52.000000 
-122.096336 18.571743 23.441126 51.000000 
-121.994781 18.734444 23.428785 47.000000 
-121.791962 19.082611 23.420477 50.000000 
-121.665710 19.295610 23.405651 56.000000 
-122.158806 18.436295 23.434784 66.000000 
-122.077133 18.576115 23.434465 64.000000 
-121.773468 19.082033 23.418098 52.000000 
-122.149178 18.426991 23.439209 68.000000 
-122.060219 18.575998 23.431238 73.000000 
-121.963303 18.728058 23.427225 46.000000 
-121.752251 19.083839 23.413939 47.000000 
-122.141975 18.413361 23.447157 65.000000 
-122.039688 18.579515 23.424887 76.000000 
-121.728600 19.090212 23.406776 47.000000 
-121.614571 19.282354 23.406294 48.000000 
-122.194565 18.294432 23.433779 76.000000 
-122.123550 18.415918 23.441458 56.000000 
-122.022682 18.579248 23.421740 46.000000 
-121.712013 19.086555 23.406477 50.000000 
-122.179443 18.293053 23.431288 69.000000 
-122.103081 18.421030 23.433546 59.000000 
-121.810616 18.893944 23.415266 50.000000 
-122.175217 18.277449 23.441639 79.000000 
-122.084526 18.423418 23.427933 66.000000 
-121.789459 18.897375 23.409754 52.000000 
-122.155121 18.282412 23.433386 60.000000 
-122.069946 18.420483 23.426865 65.000000 
-121.980606 18.566017 23.422319 48.000000 
-121.773407 18.893795 23.409334 47.000000 
-122.217400 18.155287 23.433962 64.000000 
-122.135941 18.285999 23.426342 60.000000 
-121.763824 18.884035 23.413729 51.000000 
-122.206161 18.150385 23.434856 63.000000 
-122.123878 18.282511 23.426077 69.000000 
-121.844810 18.720839 23.410677 52.000000 
-121.743599 18.885872 23.409344 53.000000 
-122.187897 18.154179 23.427399 67.000000 
-122.105614 18.284676 23.420271 85.000000 
-122.030365 18.408161 23.426981 48.000000 
-121.833824 18.710190 23.415497 46.000000 
-121.720581 18.889973 23.403128 47.000000 
-122.252495 18.026237 23.435369 48.000000 
-122.174011 18.149441 23.427496 65.000000 
-122.100014 18.269903 23.429684 72.000000 
-122.007973 18.413750 23.418314 47.000000 
-121.821419 18.702593 23.418125 45.000000 
-121.703407 18.887516 23.401854 47.000000 
-122.243111 18.018650 23.438807 58.000000 
-122.157669 18.150604 23.422504 59.000000 
-122.085823 18.266884 23.428574 49.000000 
-121.684090 18.887730 23.398611 45.000000 
-122.227669 18.018293 23.434891 69.000000 
-122.144302 18.146088 23.422554 61.000000 
-122.067482 18.268866 23.422874 50.000000 
-121.878174 18.562307 23.404743 51.000000 
-122.211174 18.019075 23.429781 66.000000 
-122.138199 18.134796 23.429548 65.000000 
-122.048042 18.272024 23.416061 48.000000 
-121.865715 18.556519 23.406157 57.000000 
-121.765778 18.704000 23.407312 46.000000 
-122.281105 17.892511 23.444635 55.000000 
-122.197205 18.017710 23.427050 63.000000 
-122.121262 18.135462 23.424770 65.000000 
-122.037460 18.265396 23.418398 50.000000 
-121.852669 18.550314 23.407728 55.000000 
-121.749084 18.701525 23.405916 50.000000 
-122.261925 17.896753 23.435514 60.000000 
-122.184753 18.013567 23.426914 61.000000 
-122.106903 18.133942 23.422289 45.000000 
-122.024239 18.260893 23.418575 46.000000 
-121.837036 18.548361 23.405964 52.000000 
-121.736687 18.693676 23.408709 46.000000 
-122.247795 17.895071 23.432735 76.000000 
-122.174377 18.006992 23.429255 61.000000 
-122.088303 18.135351 23.416519 45.000000 
-122.008911 18.258844 23.416483 47.000000 
-121.820183 18.545588 23.404507 55.000000 
-121.717812 18.693735 23.405310 45.000000 
-122.235710 17.891006 23.432507 74.000000 
-122.159859 18.005150 23.426729 63.000000 
-122.078094 18.128834 23.418854 45.000000 
-121.910034 18.385406 23.417023 51.000000 
-121.800194 18.548702 23.398518 59.000000 
-122.291939 17.782557 23.434105 92.000000 
-122.221550 17.889217 23.429790 72.000000 
-122.145309 18.003250 23.424236 68.000000 
-121.886719 18.391973 23.407463 53.000000 
-121.783287 18.545782 23.397144 53.000000 
-122.285828 17.773230 23.440125 68.000000 
-122.212578 17.881596 23.433384 74.000000 
-122.127579 18.004843 23.418118 54.000000 
-121.867638 18.393370 23.402397 49.000000 
-121.779549 18.529392 23.407312 54.000000 
-122.267380 17.775621 23.432207 63.000000 
-122.196304 17.882013 23.428219 76.000000 
-122.117210 17.998098 23.420572 50.000000 
-121.758278 18.531527 23.401722 54.000000 
-122.254013 17.774082 23.429255 58.000000 
-122.176811 17.885803 23.419334 82.000000 
-122.109001 17.988972 23.425482 47.000000 
-121.931946 18.247690 23.406548 61.000000 
-121.839157 18.384607 23.402357 47.000000 
-122.313263 17.667036 23.435823 73.000000 
-122.246429 17.765478 23.434166 58.000000 
-122.163048 17.884108 23.416632 85.000000 
-121.914864 18.248098 23.402246 64.000000 
-121.828239 18.377398 23.405008 47.000000 
-122.299736 17.665169 23.432833 85.000000 
-122.235153 17.761631 23.433836 61.000000 
-122.149834 17.880886 23.415333 58.000000 
-122.080315 17.985044 23.420656 49.000000 
-121.900482 18.244398 23.401545 53.000000 
-121.810143 18.377272 23.401201 48.000000 
-122.285133 17.664324 23.428555 68.000000 
-122.216553 17.763746 23.426069 61.000000 
-122.146248 17.867384 23.425303 57.000000 
-121.887184 18.239424 23.402018 51.000000 
-121.794220 18.374578 23.399643 46.000000 
-122.281036 17.652666 23.437477 90.000000 
-122.205254 17.759796 23.425798 61.000000 
-122.126595 17.870893 23.416569 54.000000 
-121.963882 18.105347 23.407488 50.000000 
-121.877220 18.230759 23.405935 55.000000 
-121.771591 18.379272 23.391514 46.000000 
-122.264771 17.654190 23.430508 74.000000 
-122.191322 17.757683 23.423115 68.000000 
-121.953209 18.098122 23.410194 59.000000 
-121.861168 18.229715 23.402912 58.000000 
-122.249054 17.654255 23.425009 71.000000 
-122.183235 17.750359 23.426737 47.000000 
-121.940872 18.093594 23.410444 53.000000 
-122.233284 17.654249 23.419550 80.000000 
-121.923019 18.093000 23.406313 45.000000 
-121.824493 18.230286 23.393858 45.000000 
-122.226089 17.645691 23.424614 80.000000 
-121.989388 17.974627 23.403625 63.000000 
-122.218468 17.636801 23.429817 83.000000 
-121.978569 17.967115 23.406492 69.000000 
-121.895599 18.083761 23.406219 46.000000 
-122.207016 17.632429 23.429682 86.000000 
-121.968292 17.959932 23.409246 66.000000 
-121.873665 18.087990 23.397400 47.000000 
-121.950150 17.960661 23.403614 58.000000 
-121.863022 18.080500 23.400286 46.000000 
-122.173119 17.634010 23.416445 48.000000 
-122.010406 17.852514 23.396641 54.000000 
-121.937622 17.955654 23.404024 58.000000 
-121.852402 18.072979 23.403196 46.000000 
-122.160507 17.630518 23.415102 50.000000 
-122.004951 17.841026 23.404331 65.000000 
-121.920540 17.955111 23.399672 57.000000 
-121.990501 17.838297 23.402174 78.000000 
-121.906853 17.951122 23.398951 61.000000 
-122.136375 17.622356 23.413807 51.000000 
-121.976028 17.835508 23.400051 72.000000 
-121.900055 17.940374 23.405434 49.000000 
-122.122627 17.619751 23.411255 48.000000 
-121.960403 17.833748 23.396734 67.000000 
-121.879456 17.942993 23.397608 55.000000 
-122.031685 17.719423 23.403620 53.000000 
-121.950989 17.826872 23.399450 63.000000 
-122.014114 17.719744 23.397579 63.000000 
-121.941101 17.819607 23.402332 65.000000 
-122.004532 17.712662 23.400398 66.000000 
-121.925438 17.817688 23.399113 72.000000 
-121.992668 17.707636 23.400724 58.000000 
-121.908592 17.816772 23.394709 58.000000 
-121.983818 17.699097 23.404991 53.000000 
-121.891205 17.815411 23.390495 55.000000 
-122.042046 17.600908 23.399229 56.000000 
-121.967316 17.698133 23.400352 52.000000 
-121.882515 17.806906 23.394714 48.000000 
-122.032112 17.595259 23.400631 68.000000 
-121.951263 17.697456 23.395607 51.000000 
-121.874352 17.798756 23.398802 52.000000 
-122.026390 17.585239 23.407341 83.000000 
-121.938217 17.693268 23.394802 56.000000 
-121.859795 17.795486 23.396976 58.000000 
-122.011375 17.583162 23.403790 63.000000 
-121.927528 17.686987 23.396530 49.000000 
-121.844040 17.793207 23.393972 55.000000 
-121.995155 17.582008 23.398994 61.000000 
-121.919228 17.678635 23.400778 50.000000 
-121.978905 17.580780 23.394239 61.000000 
-121.903816 17.676348 23.397568 46.000000 
-121.967354 17.575554 23.394642 63.000000 
-121.967697 17.560524 23.407846 55.000000 
-121.874115 17.670567 23.392504 54.000000 
-121.947845 17.562063 23.399357 54.000000 
-121.930046 17.563269 23.391890 53.000000 
-121.916092 17.559797 23.389862 46.000000 
-121.906044 17.551689 23.393263 53.000000 
-121.900589 17.541426 23.400183 50.000000 
-122.040863 19.235567 23.439503 123.000000 
-122.028000 19.219950 23.445307 121.000000 
-122.003822 19.227291 23.439922 121.000000 
-121.991142 19.174511 23.435684 121.000000 
-122.107140 18.880205 23.446922 109.000000 
-121.966026 19.187342 23.427807 123.000000 
-122.084496 18.885899 23.442038 120.000000 
-121.950752 19.176435 23.431358 120.000000 
-122.063507 18.884323 23.440750 119.000000 
-121.927963 19.176134 23.429554 106.000000 
-122.039047 18.893057 23.434278 117.000000 
-121.904289 19.181406 23.425205 111.000000 
-122.144081 18.630121 23.442778 59.000000 
-122.017883 18.895266 23.431211 122.000000 
-121.883102 19.181711 23.423294 51.000000 
-122.120285 18.638832 23.435883 71.000000 
-122.007767 18.876560 23.439085 121.000000 
-122.102203 18.640266 23.433235 61.000000 
-121.982170 18.890600 23.430027 45.000000 
-122.084267 18.637756 23.432577 56.000000 
-121.964363 18.886204 23.430429 47.000000 
-122.181717 18.399323 23.439922 66.000000 
-122.068924 18.630463 23.434591 75.000000 
-121.937828 18.897692 23.422512 103.000000 
-122.161865 18.401617 23.436365 67.000000 
-122.051857 18.626268 23.434885 108.000000 
-121.780098 19.179674 23.415756 101.000000 
-122.145462 18.397646 23.436520 54.000000 
-121.755165 19.185959 23.410936 120.000000 
-122.227356 18.193291 23.434900 67.000000 
-122.129059 18.393621 23.436710 54.000000 
-122.002663 18.644321 23.420700 47.000000 
-121.733727 19.185722 23.409332 111.000000 
-122.207130 18.197050 23.430180 78.000000 
-122.110878 18.392626 23.435102 59.000000 
-121.981926 18.646158 23.417620 51.000000 
-121.716751 19.177402 23.411726 114.000000 
-122.186836 18.200726 23.425501 70.000000 
-122.089096 18.397717 23.429874 65.000000 
-121.967430 18.637003 23.420696 50.000000 
-121.693466 19.180223 23.408630 108.000000 
-122.174530 18.190701 23.429455 66.000000 
-121.812462 18.901112 23.409382 114.000000 
-121.669212 19.184549 23.404795 59.000000 
-122.250198 18.006414 23.425001 58.000000 
-122.156868 18.189709 23.427715 67.000000 
-121.800888 18.885155 23.415924 113.000000 
-121.644882 19.188780 23.401009 57.000000 
-122.239365 17.995144 23.430008 67.000000 
-122.135559 18.194681 23.422201 68.000000 
-121.778351 18.888023 23.412542 109.000000 
-121.622337 19.189734 23.398848 46.000000 
-122.226776 17.986818 23.433052 69.000000 
-122.117821 18.193548 23.420540 68.000000 
-121.752975 18.895502 23.406725 119.000000 
-122.210571 17.984375 23.432159 63.000000 
-122.100983 18.190851 23.419867 46.000000 
-121.868576 18.635433 23.411348 65.000000 
-121.734039 18.891928 23.406752 49.000000 
-122.287033 17.806288 23.433367 57.000000 
-122.188843 17.990726 23.425360 61.000000 
-122.089676 18.179108 23.424931 46.000000 
-121.847588 18.636749 23.408566 63.000000 
-121.709457 18.897654 23.401861 48.000000 
-122.275650 17.798471 23.436352 60.000000 
-122.172333 17.989973 23.423445 65.000000 
-121.830154 18.633774 23.408302 58.000000 
-122.255348 17.803301 23.430214 59.000000 
-122.154182 17.990276 23.420685 67.000000 
-121.806252 18.639542 23.403004 63.000000 
-122.236824 17.805159 23.426172 57.000000 
-122.144432 17.977318 23.426851 47.000000 
-121.919022 18.394533 23.411982 48.000000 
-121.785133 18.640617 23.400354 63.000000 
-122.322586 17.618511 23.442932 65.000000 
-122.218254 17.806942 23.422173 53.000000 
-122.119675 17.987749 23.417257 45.000000 
-121.901474 18.391273 23.411718 48.000000 
-121.769714 18.632442 23.402931 63.000000 
-122.303650 17.621798 23.437572 64.000000 
-122.201523 17.805777 23.420263 60.000000 
-121.749512 18.631849 23.401228 50.000000 
-122.283714 17.626411 23.431192 64.000000 
-122.195190 17.788792 23.429651 68.000000 
-122.083160 17.987879 23.412010 45.000000 
-121.724419 18.638786 23.395260 58.000000 
-122.264656 17.629534 23.425919 58.000000 
-121.955925 18.183765 23.405300 59.000000 
-121.844910 18.387123 23.407547 49.000000 
-122.347290 17.464745 23.437468 67.000000 
-122.255066 17.618557 23.431293 61.000000 
-121.936005 18.184921 23.402140 68.000000 
-121.826332 18.385101 23.406538 45.000000 
-122.327736 17.469217 23.430799 62.000000 
-122.240746 17.614557 23.431393 64.000000 
-121.921906 18.177185 23.404669 57.000000 
-122.311935 17.468117 23.428566 64.000000 
-122.224487 17.613300 23.429403 66.000000 
-121.782181 18.391270 23.398352 46.000000 
-122.296112 17.466957 23.426367 59.000000 
-122.205292 17.616158 23.424278 47.000000 
-122.002090 17.971132 23.410358 51.000000 
-121.883888 18.176216 23.400433 46.000000 
-122.371063 17.310720 23.437559 57.000000 
-122.280266 17.465736 23.424204 57.000000 
-121.983673 17.970774 23.407984 61.000000 
-122.352798 17.313614 23.431789 57.000000 
-122.272186 17.453564 23.430830 59.000000 
-121.971878 17.962128 23.411381 55.000000 
-121.843445 18.179722 23.393419 52.000000 
-122.338936 17.311426 23.430475 63.000000 
-122.254974 17.455305 23.426426 66.000000 
-121.950424 17.965937 23.406153 47.000000 
-122.400993 17.177816 23.430271 55.000000 
-122.324478 17.308861 23.429300 58.000000 
-122.239082 17.453924 23.424358 69.000000 
-121.926880 17.972507 23.399025 46.000000 
-122.387909 17.174042 23.430109 74.000000 
-122.316902 17.296961 23.436064 58.000000 
-122.024605 17.778006 23.409658 47.000000 
-121.908325 17.971859 23.396814 52.000000 
-122.371880 17.174110 23.426477 74.000000 
-122.298508 17.299603 23.430435 65.000000 
-122.205246 17.453680 23.418152 46.000000 
-122.006996 17.775740 23.408312 54.000000 
-121.890076 17.969326 23.395754 45.000000 
-122.357224 17.171204 23.425323 72.000000 
-122.279472 17.301830 23.424965 68.000000 
-122.192696 17.446386 23.420670 46.000000 
-121.983887 17.782137 23.400814 52.000000 
-122.419662 17.041040 23.428986 45.000000 
-122.349083 17.160835 23.431067 63.000000 
-122.260956 17.304310 23.419422 59.000000 
-122.175720 17.446108 23.417658 52.000000 
-121.966476 17.781866 23.398279 50.000000 
-122.401535 17.045107 23.421492 67.000000 
-122.330559 17.164923 23.423935 62.000000 
-122.246994 17.301800 23.418299 45.000000 
-121.948380 17.781145 23.395920 52.000000 
-122.391762 17.037474 23.424927 72.000000 
-122.317444 17.160908 23.423923 67.000000 
-122.239532 17.289742 23.425188 45.000000 
-122.043732 17.597126 23.408747 56.000000 
-121.939590 17.767916 23.402658 59.000000 
-122.380020 17.032324 23.425989 72.000000 
-122.294220 17.169634 23.412350 79.000000 
-122.028236 17.593771 23.408241 52.000000 
-122.437813 16.913651 23.425734 52.000000 
-122.364265 17.032127 23.422300 56.000000 
-122.285103 17.160391 23.417042 65.000000 
-122.009605 17.594410 23.404640 46.000000 
-122.423416 16.912249 23.423052 60.000000 
-122.346436 17.034355 23.416260 55.000000 
-122.089882 17.445385 23.401962 45.000000 
-121.997223 17.586891 23.407335 45.000000 
-122.412025 16.907150 23.424086 72.000000 
-122.331612 17.032782 23.413837 59.000000 
-122.072701 17.444696 23.399181 62.000000 
-121.983368 17.582403 23.407837 55.000000 
-122.400146 16.903543 23.423805 68.000000 
-122.321404 17.026529 23.416094 65.000000 
-122.239998 17.155668 23.410334 50.000000 
-122.057137 17.442991 23.397385 66.000000 
-121.962547 17.585531 23.402271 47.000000 
-122.459587 16.787197 23.427877 52.000000 
-122.381630 16.906816 23.416311 65.000000 
-122.310684 17.019918 23.418491 67.000000 
-122.218498 17.161430 23.401289 58.000000 
-122.045174 17.435606 23.400068 64.000000 
-122.447548 16.783342 23.427618 60.000000 
-122.367142 16.905190 23.413759 61.000000 
-122.291687 17.023121 23.411406 45.000000 
-122.210487 17.150742 23.407267 46.000000 
-122.028992 17.433424 23.398472 59.000000 
-122.433456 16.781788 23.424868 73.000000 
-122.354698 16.901110 23.413687 66.000000 
-122.104538 17.288225 23.398357 51.000000 
-122.010651 17.433792 23.394764 57.000000 
-122.422424 16.776674 23.425924 66.000000 
-122.350563 16.887423 23.423418 69.000000 
-122.093025 17.280979 23.401031 60.000000 
-121.992271 17.434082 23.391100 62.000000 
-122.477867 16.668207 23.427937 78.000000 
-122.406242 16.777342 23.420723 64.000000 
-122.333992 16.888052 23.418509 66.000000 
-122.084755 17.269882 23.407059 61.000000 
-121.976006 17.431700 23.389622 55.000000 
-122.466087 16.666067 23.426126 61.000000 
-122.394127 16.775099 23.419086 60.000000 
-122.319458 16.888081 23.414612 54.000000 
-122.071220 17.267122 23.406179 56.000000 
-121.960915 17.430021 23.387894 57.000000 
-122.454353 16.662136 23.425859 78.000000 
-122.384132 16.768702 23.421478 73.000000 
-122.300690 16.890944 23.407343 49.000000 
-122.134872 17.141254 23.397066 55.000000 
-122.048965 17.272440 23.397852 53.000000 
-121.951157 17.419769 23.392904 47.000000 
-122.435410 16.664282 23.418135 65.000000 
-122.371071 16.763937 23.421629 73.000000 
-122.289307 16.883600 23.410101 48.000000 
-122.125908 17.129671 23.403458 69.000000 
-122.031998 17.269337 23.396494 56.000000 
-122.497032 16.553818 23.428926 66.000000 
-122.418419 16.665842 23.411507 60.000000 
-122.356888 16.762072 23.419065 82.000000 
-122.281120 16.874540 23.415064 47.000000 
-122.104012 17.134806 23.394753 69.000000 
-122.020531 17.261879 23.399313 56.000000 
-122.482399 16.554857 23.423094 81.000000 
-122.414948 16.654564 23.420088 54.000000 
-122.337311 16.767673 23.408792 47.000000 
-122.094040 17.128283 23.397228 60.000000 
-122.005844 17.260159 23.397461 53.000000 
-122.467819 16.554134 23.418846 86.000000 
-122.403191 16.650454 23.419935 56.000000 
-122.081894 17.122231 23.398865 54.000000 
-121.993309 17.253878 23.399233 47.000000 
-122.458466 16.547951 23.421211 86.000000 
-122.387192 16.650738 23.414684 61.000000 
-122.153809 16.991322 23.401522 46.000000 
-122.060936 17.125906 23.391426 58.000000 
-121.968567 17.261272 23.388929 47.000000 
-122.453354 16.537437 23.428854 80.000000 
-122.373276 16.648739 23.412033 65.000000 
-122.303093 16.752428 23.411385 47.000000 
-122.142059 16.985411 23.403082 54.000000 
-122.050987 17.117313 23.395401 62.000000 
-121.948181 17.263575 23.383081 47.000000 
-122.435577 16.539795 23.420753 71.000000 
-122.286652 16.752546 23.406498 56.000000 
-122.123695 16.986578 23.397638 53.000000 
-122.036621 17.113550 23.394859 53.000000 
-122.421997 16.537794 23.417944 71.000000 
-122.104172 16.988846 23.391068 47.000000 
-122.018898 17.113363 23.390949 58.000000 
-122.407928 16.535419 23.415289 71.000000 
-122.179161 16.859434 23.399540 59.000000 
-122.097443 16.976519 23.398712 46.000000 
-122.003952 17.109106 23.390627 46.000000 
-122.395386 16.532244 23.413853 90.000000 
-122.159988 16.861582 23.392666 77.000000 
-122.085709 16.970428 23.400393 45.000000 
-121.987289 17.107573 23.387930 53.000000 
-122.391510 16.520563 23.422899 54.000000 
-122.148582 16.855637 23.394253 66.000000 
-122.070610 16.967812 23.398603 49.000000 
-121.977409 17.098785 23.392048 46.000000 
-122.371361 16.524693 23.412374 56.000000 
-122.141678 16.845098 23.400665 58.000000 
-122.048698 16.972137 23.389864 46.000000 
-122.354874 16.525898 23.405684 55.000000 
-122.193787 16.745081 23.385426 46.000000 
-122.125191 16.845135 23.396162 54.000000 
-122.036339 16.967422 23.390333 56.000000 
-122.338974 16.525656 23.400463 54.000000 
-122.181572 16.740295 23.385746 60.000000 
-122.108154 16.844738 23.391840 54.000000 
-122.024590 16.961136 23.392139 48.000000 
-122.329666 16.519091 23.403088 54.000000 
-122.177261 16.727768 23.394712 78.000000 
-122.091080 16.844269 23.387562 56.000000 
-122.007118 16.960588 23.388176 49.000000 
-122.324829 16.508347 23.410927 54.000000 
-122.165092 16.722923 23.395077 72.000000 
-122.076248 16.841475 23.385712 47.000000 
-122.146729 16.723141 23.389473 65.000000 
-122.065491 16.833775 23.388817 60.000000 
-122.213318 16.611504 23.393066 51.000000 
-122.133400 16.719276 23.388680 59.000000 
-122.054115 16.827528 23.390608 59.000000 
-122.202606 16.605627 23.394623 69.000000 
-122.118904 16.716446 23.386690 61.000000 
-122.035789 16.827917 23.385288 50.000000 
-122.185043 16.606024 23.388655 66.000000 
-122.106712 16.711397 23.387186 72.000000 
-122.173660 16.601454 23.388870 60.000000 
-122.095016 16.706669 23.387560 58.000000 
-122.158333 16.599621 23.385492 52.000000 
-122.080498 16.703680 23.385670 61.000000 
-122.226898 16.490572 23.392775 58.000000 
-122.150627 16.590092 23.391071 55.000000 
-122.065468 16.700266 23.383968 59.000000 
-122.211899 16.488710 23.389198 74.000000 
-122.137619 16.586082 23.390263 56.000000 
-122.050911 16.697157 23.382153 55.000000 
-122.201981 16.483124 23.390652 77.000000 
-122.122734 16.584446 23.386837 53.000000 
-122.039200 16.692240 23.382647 50.000000 
-122.190453 16.478153 23.390991 71.000000 
-122.108528 16.581358 23.384844 51.000000 
-122.184776 16.468172 23.397762 63.000000 
-122.094299 16.578213 23.382889 55.000000 
-122.166222 16.469082 23.390472 63.000000 
-122.084808 16.570930 23.385946 50.000000 
-122.148071 16.470259 23.383080 61.000000 
-122.147194 16.456257 23.395025 52.000000 
-122.126442 16.457222 23.386885 54.000000 
-122.114914 16.451982 23.387400 50.000000 
-122.098587 16.450583 23.382860 49.000000 
-122.268814 18.014793 23.461140 50.000000 
-122.251488 18.007320 23.463078 111.000000 
-122.237251 17.960014 23.456158 123.000000 
-122.221565 17.953150 23.457985 123.000000 
-122.200974 17.954065 23.455933 123.000000 
-122.301720 17.684124 23.457996 120.000000 
-122.173729 17.965981 23.448412 125.000000 
-122.283524 17.681923 23.457407 124.000000 
-122.154686 17.963461 23.448051 125.000000 
-122.268654 17.673220 23.460222 120.000000 
-122.142357 17.947845 23.454132 63.000000 
-122.359055 17.436768 23.457964 48.000000 
-122.247925 17.675728 23.457182 120.000000 
-122.117409 17.956606 23.448252 66.000000 
-122.342369 17.433062 23.458151 109.000000 
-122.224594 17.682968 23.451662 121.000000 
-122.093224 17.963638 23.443222 105.000000 
-122.318031 17.443531 23.450441 112.000000 
-122.210587 17.672501 23.455427 123.000000 
-122.071526 17.965712 23.440634 62.000000 
-122.304497 17.437237 23.452263 102.000000 
-122.054901 17.962008 23.441053 48.000000 
-122.398239 17.204401 23.459673 46.000000 
-122.291214 17.427052 23.456078 53.000000 
-122.371964 17.217470 23.449804 72.000000 
-122.267677 17.433779 23.450357 75.000000 
-122.354973 17.215277 23.449081 75.000000 
-122.245674 17.439192 23.445461 108.000000 
-121.989510 17.965544 23.434589 111.000000 
-122.340599 17.208387 23.451151 66.000000 
-122.236816 17.421021 23.453766 50.000000 
-121.966721 17.968834 23.431431 120.000000 
-122.422096 17.005047 23.451775 55.000000 
-122.329781 17.195288 23.456919 60.000000 
-122.206764 17.440372 23.441065 50.000000 
-121.948349 17.964020 23.432281 120.000000 
-122.398613 17.015045 23.443293 82.000000 
-122.310150 17.197567 23.453547 66.000000 
-121.928185 17.962347 23.431589 118.000000 
-122.379463 17.017366 23.439640 89.000000 
-122.288673 17.202843 23.448387 73.000000 
-122.170418 17.436588 23.439457 54.000000 
-122.044136 17.687368 23.434055 48.000000 
-121.906174 17.963799 23.429358 120.000000 
-122.372604 17.000305 23.448339 66.000000 
-122.027336 17.683113 23.434696 120.000000 
-121.882210 17.970362 23.424677 114.000000 
-122.446938 16.818600 23.445147 60.000000 
-122.353432 17.002518 23.444754 64.000000 
-122.010674 17.676844 23.436327 111.000000 
-121.857338 17.976416 23.420176 59.000000 
-122.433701 16.811975 23.447237 67.000000 
-122.330582 17.010677 23.437397 66.000000 
-121.992180 17.673658 23.436335 47.000000 
-122.420486 16.805315 23.449354 67.000000 
-122.310371 17.014229 23.432947 78.000000 
-121.966248 17.682938 23.429750 49.000000 
-122.400894 16.808952 23.444561 61.000000 
-122.302071 16.998209 23.440908 53.000000 
-122.078598 17.428717 23.434689 62.000000 
-121.941139 17.690540 23.424051 111.000000 
-122.476944 16.631784 23.447615 53.000000 
-122.383995 16.808088 23.442780 60.000000 
-122.057961 17.430258 23.431969 104.000000 
-121.922531 17.687122 23.424192 45.000000 
-122.458717 16.633928 23.443565 62.000000 
-122.364296 16.811571 23.438068 69.000000 
-122.038223 17.430183 23.430159 61.000000 
-122.446014 16.627338 23.445723 62.000000 
-122.348259 16.809107 23.437353 69.000000 
-122.244896 17.002283 23.431707 46.000000 
-122.016556 17.433100 23.426659 56.000000 
-122.423996 16.635115 23.437637 57.000000 
-122.126076 17.193865 23.435637 46.000000 
-121.990059 17.443579 23.418880 75.000000 
-122.506638 16.453638 23.452881 58.000000 
-122.407516 16.634169 23.435759 56.000000 
-122.317108 16.802547 23.437014 45.000000 
-122.105049 17.196848 23.431812 51.000000 
-121.977852 17.431042 23.424124 61.000000 
-122.487564 16.458790 23.446417 60.000000 
-122.391647 16.633501 23.433800 57.000000 
-122.083717 17.201630 23.427002 45.000000 
-121.960663 17.428024 23.424080 54.000000 
-122.471588 16.457911 23.444355 64.000000 
-122.380821 16.623852 23.438135 60.000000 
-122.067406 17.196945 23.427788 45.000000 
-121.935905 17.435186 23.418173 54.000000 
-122.457489 16.454165 23.444452 61.000000 
-122.153610 17.001566 23.421167 45.000000 
-122.056946 17.183233 23.434021 51.000000 
-121.913010 17.439207 23.414042 63.000000 
-122.531136 16.302784 23.447901 75.000000 
-122.442429 16.451773 23.443520 54.000000 
-122.136879 16.998495 23.420898 68.000000 
-122.024994 17.202343 23.420452 55.000000 
-122.505676 16.317316 23.433496 73.000000 
-122.432175 16.442343 23.447918 56.000000 
-122.118172 16.998301 23.418787 57.000000 
-122.007645 17.198957 23.420456 50.000000 
-122.491356 16.313272 23.433640 73.000000 
-122.414207 16.444038 23.443871 67.000000 
-122.105354 16.989250 23.422354 50.000000 
-122.474350 16.315294 23.429201 71.000000 
-122.389015 16.457115 23.431288 55.000000 
-122.082344 16.996618 23.415491 48.000000 
-122.547974 16.161041 23.440437 57.000000 
-122.462532 16.308743 23.431488 64.000000 
-122.174721 16.802177 23.418194 55.000000 
-122.062538 16.997671 23.412563 59.000000 
-122.528862 16.165379 23.433603 62.000000 
-122.451332 16.302490 23.433683 70.000000 
-122.361259 16.449366 23.431730 45.000000 
-122.164139 16.792265 23.422630 61.000000 
-122.043388 16.999037 23.409542 45.000000 
-122.513176 16.165960 23.430092 68.000000 
-122.433655 16.304012 23.429462 71.000000 
-122.145912 16.791952 23.420397 55.000000 
-122.027542 16.994131 23.410442 63.000000 
-122.502777 16.158195 23.433508 63.000000 
-122.414551 16.308502 23.422979 67.000000 
-122.125633 16.794422 23.416254 48.000000 
-122.013741 16.986280 23.413242 48.000000 
-122.566788 16.022734 23.436625 65.000000 
-122.491417 16.151730 23.435818 65.000000 
-122.401161 16.302788 23.424414 51.000000 
-122.217873 16.607922 23.423759 47.000000 
-122.103256 16.799648 23.410213 51.000000 
-121.990753 16.991386 23.407682 57.000000 
-122.543022 16.033272 23.423738 69.000000 
-122.473137 16.154472 23.430262 66.000000 
-122.385956 16.301746 23.422365 49.000000 
-122.200752 16.607965 23.421200 55.000000 
-122.086586 16.798069 23.408943 51.000000 
-122.530579 16.029818 23.423592 79.000000 
-122.458351 16.153515 23.428007 66.000000 
-122.378189 16.289566 23.429178 49.000000 
-122.178879 16.613140 23.414774 53.000000 
-122.075394 16.787560 23.413670 52.000000 
-122.525551 16.015705 23.432886 62.000000 
-122.441978 16.153486 23.424780 63.000000 
-122.360962 16.291117 23.425014 47.000000 
-122.158981 16.615442 23.410414 49.000000 
-122.053909 16.791138 23.408730 51.000000 
-122.582993 15.892679 23.431622 76.000000 
-122.510597 16.014439 23.430578 65.000000 
-122.430618 16.146841 23.427208 48.000000 
-122.140053 16.616276 23.407108 48.000000 
-122.574928 15.884252 23.436188 67.000000 
-122.495621 16.013115 23.428307 67.000000 
-122.232735 16.433727 23.420734 55.000000 
-122.128143 16.605232 23.412172 51.000000 
-122.565804 15.873308 23.442429 72.000000 
-122.476471 16.014910 23.422834 75.000000 
-122.211205 16.438644 23.414028 56.000000 
-122.109177 16.605934 23.408947 47.000000 
-122.538612 15.888519 23.424351 57.000000 
-122.464493 16.009636 23.424109 65.000000 
-122.197083 16.436108 23.413353 54.000000 
-122.092499 16.605949 23.406481 55.000000 
-122.598915 15.768312 23.427147 65.000000 
-122.530579 15.879988 23.428991 59.000000 
-122.457718 15.999906 23.429785 52.000000 
-122.370941 16.138088 23.421513 46.000000 
-122.186989 16.426058 23.418190 54.000000 
-122.072395 16.607876 23.402336 51.000000 
-122.588669 15.762121 23.429466 74.000000 
-122.514404 15.881353 23.424118 63.000000 
-122.438553 16.003437 23.423025 48.000000 
-122.263573 16.283628 23.412430 69.000000 
-122.168495 16.426723 23.414730 50.000000 
-122.574364 15.760732 23.426905 77.000000 
-122.503304 15.874595 23.426664 65.000000 
-122.421402 16.004356 23.418615 48.000000 
-122.247009 16.281363 23.410957 67.000000 
-122.147827 16.429991 23.409233 49.000000 
-122.560043 15.759286 23.424376 73.000000 
-122.494308 15.867221 23.430180 72.000000 
-122.404198 16.005201 23.414246 48.000000 
-122.233727 16.277130 23.411404 62.000000 
-122.621002 15.642726 23.430300 60.000000 
-122.542084 15.762901 23.416868 69.000000 
-122.472343 15.874240 23.419590 46.000000 
-122.395889 15.996270 23.418991 50.000000 
-122.224121 16.267262 23.416317 59.000000 
-122.113350 16.428642 23.404459 47.000000 
-122.605988 15.642443 23.426352 70.000000 
-122.530800 15.757739 23.418077 68.000000 
-122.456032 15.875358 23.414858 46.000000 
-122.384979 15.989490 23.421583 50.000000 
-122.204437 16.270781 23.410374 53.000000 
-122.596649 15.634799 23.430096 62.000000 
-122.524231 15.746255 23.425537 72.000000 
-122.443352 15.869307 23.416468 49.000000 
-122.278809 16.125820 23.411777 57.000000 
-122.182922 16.273109 23.404903 55.000000 
-122.649124 15.530657 23.429001 49.000000 
-122.578484 15.637893 23.422449 60.000000 
-122.511948 15.742228 23.425571 68.000000 
-122.429092 15.867865 23.414173 45.000000 
-122.270729 16.114885 23.417854 59.000000 
-122.164192 16.275154 23.400126 54.000000 
-122.633362 15.531384 23.423615 64.000000 
-122.571190 15.629640 23.427258 60.000000 
-122.492798 15.746782 23.416985 51.000000 
-122.420662 15.858750 23.419128 56.000000 
-122.252464 16.116972 23.412737 56.000000 
-122.151352 16.268988 23.401953 55.000000 
-122.623238 15.526721 23.424580 68.000000 
-122.558197 15.626832 23.425943 64.000000 
-122.476242 15.747375 23.412220 48.000000 
-122.234673 16.117355 23.408909 54.000000 
-122.140205 16.261868 23.404730 52.000000 
-122.604851 15.529263 23.416813 63.000000 
-122.539917 15.629726 23.418407 68.000000 
-122.463898 15.743181 23.412354 51.000000 
-122.311264 15.977340 23.414358 65.000000 
-122.214653 16.120184 23.402912 54.000000 
-122.123512 16.259108 23.403561 47.000000 
-122.664063 15.421455 23.425636 52.000000 
-122.595749 15.523396 23.419117 58.000000 
-122.532181 15.621069 23.423407 70.000000 
-122.453697 15.736594 23.414942 48.000000 
-122.287323 15.985072 23.403437 79.000000 
-122.203354 16.112873 23.405790 54.000000 
-122.652725 15.417623 23.425371 74.000000 
-122.585724 15.516882 23.421686 60.000000 
-122.509552 15.628400 23.410957 51.000000 
-122.437065 15.737006 23.410282 50.000000 
-122.275314 15.979197 23.405102 63.000000 
-122.632988 15.422394 23.414614 90.000000 
-122.574547 15.513185 23.421471 58.000000 
-122.501823 15.619666 23.416008 50.000000 
-122.422546 15.735011 23.408085 54.000000 
-122.255615 15.981841 23.398834 56.000000 
-122.170845 16.109396 23.401720 46.000000 
-122.627480 15.411684 23.422413 88.000000 
-122.559807 15.510719 23.419096 63.000000 
-122.493652 15.610596 23.421204 51.000000 
-122.238625 15.980377 23.396166 62.000000 
-122.624626 15.399137 23.432726 80.000000 
-122.544327 15.511345 23.413824 58.000000 
-122.473015 15.615416 23.411373 49.000000 
-122.321060 15.839689 23.409807 47.000000 
-122.229935 15.970703 23.401335 62.000000 
-122.134315 16.109005 23.394663 46.000000 
-122.609512 15.399749 23.427195 71.000000 
-122.531563 15.508288 23.412546 46.000000 
-122.460403 15.612568 23.410151 63.000000 
-122.298386 15.845712 23.399754 51.000000 
-122.216255 15.967432 23.400713 51.000000 
-122.119087 16.106787 23.393164 46.000000 
-122.588531 15.405313 23.415277 71.000000 
-122.522514 15.502218 23.414993 48.000000 
-122.441818 15.614964 23.402891 50.000000 
-122.289505 15.837815 23.403633 49.000000 
-122.196396 15.969784 23.394609 58.000000 
-122.111198 16.095493 23.399511 45.000000 
-122.579308 15.399088 23.417797 77.000000 
-122.433075 15.607189 23.406824 51.000000 
-122.280731 15.828012 23.408985 49.000000 
-122.178741 15.969637 23.390818 60.000000 
-122.566856 15.396012 23.416418 90.000000 
-122.495872 15.496976 23.411306 46.000000 
-122.339493 15.717242 23.400429 72.000000 
-122.266304 15.825943 23.407074 49.000000 
-122.166710 15.963416 23.392710 45.000000 
-122.565750 15.382659 23.427986 52.000000 
-122.479774 15.496985 23.406334 47.000000 
-122.330978 15.709497 23.404325 66.000000 
-122.249069 15.825797 23.403017 49.000000 
-122.154106 15.958727 23.393349 57.000000 
-122.544579 15.387934 23.416227 55.000000 
-122.319733 15.703661 23.405985 58.000000 
-122.528809 15.387865 23.411032 55.000000 
-122.300575 15.705725 23.399296 57.000000 
-122.216766 15.822957 23.397350 45.000000 
-122.517426 15.383553 23.411074 57.000000 
-122.366676 15.591496 23.400789 72.000000 
-122.283630 15.705439 23.395044 58.000000 
-122.206314 15.815650 23.400370 46.000000 
-122.502243 15.381994 23.407381 58.000000 
-122.355270 15.585377 23.402552 85.000000 
-122.267281 15.703595 23.392176 59.000000 
-122.491959 15.376553 23.408779 61.000000 
-122.340950 15.582847 23.400517 70.000000 
-122.251411 15.702041 23.389200 52.000000 
-122.168732 15.816671 23.390457 62.000000 
-122.481689 15.371078 23.410202 45.000000 
-122.318604 15.587886 23.389936 76.000000 
-122.243599 15.692594 23.394594 56.000000 
-122.145470 15.821821 23.380878 47.000000 
-122.468048 15.368652 23.407768 46.000000 
-122.387108 15.474611 23.396730 49.000000 
-122.303055 15.586299 23.386759 67.000000 
-122.228874 15.689819 23.392874 54.000000 
-122.377655 15.467796 23.399599 77.000000 
-122.295570 15.577073 23.392176 69.000000 
-122.211800 15.689205 23.388817 48.000000 
-122.360176 15.468299 23.393700 58.000000 
-122.285820 15.569991 23.395168 69.000000 
-122.194679 15.688516 23.384802 51.000000 
-122.346581 15.465931 23.391459 58.000000 
-122.271904 15.567535 23.393154 55.000000 
-122.185097 15.681508 23.387774 49.000000 
-122.332504 15.463161 23.389399 56.000000 
-122.251633 15.570018 23.385239 58.000000 
-122.172661 15.676302 23.388559 50.000000 
-122.400711 15.354675 23.397394 57.000000 
-122.329597 15.449614 23.400030 52.000000 
-122.239044 15.564576 23.386042 60.000000 
-122.384644 15.353923 23.392597 81.000000 
-122.313187 15.448833 23.395527 56.000000 
-122.222214 15.563701 23.381863 59.000000 
-122.374817 15.348441 23.394102 80.000000 
-122.296036 15.449361 23.389666 50.000000 
-122.209396 15.559942 23.381207 63.000000 
-122.365723 15.341591 23.397057 68.000000 
-122.277184 15.450482 23.382757 54.000000 
-122.198479 15.553660 23.383160 59.000000 
-122.351501 15.338338 23.395067 60.000000 
-122.264931 15.445028 23.383514 54.000000 
-122.181099 15.552225 23.379257 57.000000 
-122.334167 15.338335 23.389137 63.000000 
-122.317238 15.338601 23.383101 71.000000 
-122.240646 15.436082 23.383408 51.000000 
-122.316490 15.324718 23.395079 50.000000 
-122.224060 15.434892 23.379143 51.000000 
-122.295502 15.327458 23.385445 54.000000 
-122.206230 15.434632 23.373686 47.000000 
-122.282845 15.323290 23.384752 58.000000 
-122.268974 15.320039 23.382826 51.000000 
-122.457840 16.972343 23.421534 46.000000 
-122.441078 16.965380 23.423363 106.000000 
-122.415581 16.972555 23.418192 122.000000 
-122.392464 16.978682 23.413685 123.000000 
-122.384872 16.920469 23.413361 122.000000 
-122.485062 16.643940 23.416327 117.000000 
-122.365669 16.918213 23.412939 124.000000 
-122.465042 16.645159 23.414038 122.000000 
-122.346451 16.915892 23.412560 123.000000 
-122.451485 16.633327 23.418520 121.000000 
-122.323135 16.921715 23.408222 113.000000 
-122.541855 16.388605 23.418427 54.000000 
-122.433891 16.629564 23.418829 121.000000 
-122.298096 16.930723 23.402338 66.000000 
-122.514290 16.405811 23.407141 74.000000 
-122.412170 16.633827 23.414978 122.000000 
-122.280426 16.924906 23.403683 102.000000 
-122.497375 16.400238 23.408339 110.000000 
-122.392082 16.632809 23.413792 123.000000 
-122.490410 16.377457 23.419147 102.000000 
-122.365219 16.646574 23.405003 103.000000 
-122.467560 16.386793 23.412294 102.000000 
-122.556282 16.157005 23.415583 59.000000 
-122.448074 16.387762 23.409979 114.000000 
-122.190231 16.938475 23.391167 47.000000 
-122.541702 16.150307 23.417599 64.000000 
-122.425987 16.393406 23.405075 114.000000 
-122.171623 16.933949 23.391924 119.000000 
-122.523720 16.149799 23.415976 57.000000 
-122.409843 16.387905 23.406351 45.000000 
-122.153015 16.929363 23.392721 121.000000 
-122.504852 16.150785 23.413473 55.000000 
-122.388519 16.391813 23.402409 48.000000 
-122.132675 16.927950 23.391973 110.000000 
-122.579842 15.953643 23.408161 77.000000 
-122.485085 16.153252 23.410097 59.000000 
-122.368874 16.392490 23.400261 51.000000 
-122.107033 16.936146 23.386526 111.000000 
-122.559044 15.957368 23.403645 75.000000 
-122.466278 16.152197 23.408699 61.000000 
-122.233337 16.631413 23.401623 102.000000 
-122.082214 16.940615 23.382837 111.000000 
-122.543266 15.953721 23.403841 67.000000 
-122.204041 16.647589 23.391567 120.000000 
-122.061745 16.938957 23.382231 114.000000 
-122.628105 15.749674 23.413227 60.000000 
-122.522896 15.959491 23.398241 67.000000 
-122.185219 16.646589 23.390579 111.000000 
-122.044785 16.932825 23.383902 108.000000 
-122.608521 15.753654 23.408348 72.000000 
-122.509735 15.951169 23.401367 75.000000 
-122.165573 16.645132 23.389753 49.000000 
-122.021584 16.935843 23.381018 114.000000 
-122.591530 15.753075 23.406488 73.000000 
-122.494827 15.945846 23.402618 78.000000 
-122.278221 16.380760 23.397980 54.000000 
-122.139565 16.654659 23.383175 121.000000 
-122.001953 16.932377 23.381327 52.000000 
-122.572731 15.755414 23.402681 60.000000 
-122.252968 16.390362 23.390863 107.000000 
-122.128044 16.638863 23.389885 105.000000 
-122.654442 15.563434 23.413954 56.000000 
-122.555687 15.754704 23.400898 63.000000 
-122.229431 16.396749 23.385536 72.000000 
-122.104675 16.643496 23.385881 113.000000 
-122.631668 15.573081 23.404749 60.000000 
-122.540421 15.750966 23.401127 65.000000 
-122.211342 16.393740 23.385462 63.000000 
-122.077538 16.654316 23.378626 111.000000 
-122.613312 15.575339 23.400732 57.000000 
-122.524239 15.748657 23.400402 69.000000 
-122.195084 16.387577 23.387157 61.000000 
-122.596725 15.574616 23.398808 55.000000 
-122.507133 15.747771 23.398724 46.000000 
-122.298561 16.150848 23.392258 46.000000 
-122.175117 16.387539 23.385429 66.000000 
-122.670525 15.401463 23.405722 66.000000 
-122.585625 15.565126 23.403074 53.000000 
-122.484451 15.755668 23.391169 49.000000 
-122.276474 16.155548 23.387529 60.000000 
-122.155121 16.387426 23.383745 49.000000 
-122.655342 15.399362 23.404686 65.000000 
-122.569023 15.564300 23.401217 59.000000 
-122.465393 15.757578 23.387604 51.000000 
-122.266541 16.140450 23.394598 52.000000 
-122.131302 16.393389 23.378653 54.000000 
-122.642616 15.394688 23.405701 64.000000 
-122.552109 15.565190 23.398258 65.000000 
-122.455391 15.746550 23.392815 57.000000 
-122.250801 16.136309 23.395241 47.000000 
-122.632072 15.385402 23.410036 59.000000 
-122.528900 15.574330 23.389315 49.000000 
-122.435349 15.749806 23.388338 54.000000 
-122.219093 16.155895 23.381617 45.000000 
-122.695389 15.245145 23.402933 81.000000 
-122.613152 15.388819 23.404852 57.000000 
-122.514999 15.568980 23.390638 46.000000 
-122.318451 15.935017 23.388515 71.000000 
-122.067848 16.398859 23.370426 47.000000 
-122.679672 15.244391 23.400724 68.000000 
-122.596046 15.389336 23.401827 66.000000 
-122.298698 15.936508 23.385448 66.000000 
-122.180183 16.155514 23.377972 49.000000 
-122.663933 15.243579 23.398548 64.000000 
-122.573212 15.398229 23.392490 69.000000 
-122.487244 15.558152 23.393375 47.000000 
-122.277931 15.939400 23.381487 61.000000 
-122.165535 16.147711 23.380707 51.000000 
-122.651947 15.237186 23.400791 62.000000 
-122.558861 15.394379 23.392719 45.000000 
-122.462814 15.568389 23.383593 50.000000 
-122.258080 15.940731 23.378510 52.000000 
-122.715027 15.093857 23.401403 54.000000 
-122.636185 15.236268 23.398682 62.000000 
-122.550278 15.382076 23.399315 45.000000 
-122.355644 15.732969 23.388124 58.000000 
-122.243065 15.934627 23.380260 56.000000 
-122.700630 15.091657 23.400227 57.000000 
-122.620392 15.235290 23.396606 68.000000 
-122.534027 15.380945 23.397491 47.000000 
-122.336357 15.734354 23.384869 59.000000 
-122.222168 15.937286 23.376431 45.000000 
-122.690041 15.084026 23.403603 65.000000 
-122.603607 15.235621 23.393475 73.000000 
-122.511925 15.388119 23.389383 52.000000 
-122.312103 15.742872 23.376783 55.000000 
-122.205177 15.934001 23.376383 46.000000 
-122.743301 14.959147 23.395893 72.000000 
-122.673714 15.084418 23.400225 58.000000 
-122.582916 15.241356 23.386015 50.000000 
-122.490692 15.393802 23.382378 56.000000 
-122.294678 15.741208 23.375566 54.000000 
-122.731171 14.954295 23.396954 85.000000 
-122.656387 15.086082 23.395756 58.000000 
-122.575417 15.229600 23.392654 49.000000 
-122.478508 15.388980 23.383577 45.000000 
-122.384758 15.555021 23.380796 53.000000 
-122.286545 15.728742 23.381895 52.000000 
-122.718239 14.952643 23.395487 82.000000 
-122.641136 15.086985 23.392220 61.000000 
-122.558167 15.231446 23.388418 49.000000 
-122.361877 15.561905 23.373316 62.000000 
-122.265114 15.732712 23.376860 45.000000 
-122.706116 14.947712 23.396601 72.000000 
-122.629593 15.080523 23.394581 65.000000 
-122.540878 15.233225 23.384218 50.000000 
-122.348930 15.554626 23.375984 56.000000 
-122.246635 15.732302 23.374783 45.000000 
-122.763535 14.820830 23.397242 83.000000 
-122.688141 14.950553 23.390772 63.000000 
-122.520355 15.236963 23.378134 45.000000 
-122.336006 15.547314 23.378681 53.000000 
-122.758186 14.808677 23.405371 88.000000 
-122.671082 14.952016 23.386145 63.000000 
-122.317024 15.548357 23.375362 55.000000 
-122.738098 14.813662 23.396990 78.000000 
-122.659920 14.945640 23.388512 67.000000 
-122.403419 15.371780 23.382904 50.000000 
-122.299019 15.547929 23.373095 51.000000 
-122.725922 14.810322 23.396790 68.000000 
-122.651764 14.935357 23.394379 72.000000 
-122.567596 15.075446 23.386345 46.000000 
-122.389000 15.367363 23.383495 56.000000 
-122.275848 15.554391 23.365843 49.000000 
-122.789116 14.680982 23.407003 63.000000 
-122.704712 14.816403 23.387300 64.000000 
-122.632652 14.939233 23.387537 53.000000 
-122.557083 15.067455 23.389971 49.000000 
-122.371506 15.366990 23.380993 52.000000 
-122.262909 15.546861 23.368681 50.000000 
-122.764908 14.692166 23.392078 72.000000 
-122.693481 14.811697 23.388357 62.000000 
-122.615479 14.940453 23.383051 50.000000 
-122.348816 15.373352 23.373325 47.000000 
-122.247925 15.542067 23.369541 48.000000 
-122.749527 14.692194 23.388254 74.000000 
-122.687210 14.798801 23.396826 75.000000 
-122.598267 14.941601 23.378605 49.000000 
-122.433281 15.215564 23.377466 63.000000 
-122.330185 15.374181 23.369869 49.000000 
-122.229805 15.541367 23.367434 55.000000 
-122.734108 14.692157 23.384468 68.000000 
-122.664917 14.807798 23.384836 78.000000 
-122.591187 14.929899 23.385729 50.000000 
-122.425041 15.204860 23.383261 70.000000 
-122.208107 15.546494 23.361221 47.000000 
-122.797211 14.569379 23.394909 55.000000 
-122.724205 14.686273 23.386719 65.000000 
-122.650101 14.806392 23.382532 51.000000 
-122.577568 14.927446 23.384678 53.000000 
-122.400658 15.213689 23.373062 61.000000 
-122.306000 15.359777 23.375391 49.000000 
-122.780136 14.571682 23.388407 62.000000 
-122.715836 14.677620 23.391558 63.000000 
-122.632729 14.808981 23.376575 48.000000 
-122.560287 14.928424 23.380333 51.000000 
-122.383034 15.214823 23.369234 61.000000 
-122.289421 15.357728 23.374119 49.000000 
-122.767044 14.569173 23.386976 68.000000 
-122.699356 14.678648 23.386641 68.000000 
-122.623482 14.799685 23.381580 48.000000 
-122.364174 15.215160 23.365726 59.000000 
-122.268578 15.360989 23.368748 47.000000 
-122.754959 14.565435 23.386831 64.000000 
-122.684883 14.677188 23.384203 72.000000 
-122.609146 14.798441 23.379248 46.000000 
-122.449371 15.055037 23.378103 64.000000 
-122.352806 15.208252 23.368414 59.000000 
-122.251930 15.358800 23.367558 47.000000 
-122.810692 14.453946 23.391603 51.000000 
-122.747971 14.555772 23.392986 60.000000 
-122.669357 14.676876 23.380579 52.000000 
-122.431557 15.055737 23.374193 63.000000 
-122.336021 15.205831 23.367128 48.000000 
-122.796906 14.452552 23.388790 56.000000 
-122.735909 14.551969 23.392889 62.000000 
-122.656898 14.672895 23.380646 55.000000 
-122.580383 14.793901 23.376118 45.000000 
-122.410515 15.060209 23.367002 55.000000 
-122.320404 15.204082 23.365591 55.000000 
-122.786163 14.447681 23.389868 68.000000 
-122.718681 14.553969 23.386560 68.000000 
-122.644447 14.668872 23.380739 55.000000 
-122.562813 14.794279 23.371784 46.000000 
-122.488037 14.914668 23.375237 52.000000 
-122.403267 15.047954 23.374241 52.000000 
-122.299278 15.206752 23.360113 53.000000 
-122.776459 14.441640 23.392256 60.000000 
-122.704514 14.552395 23.384026 70.000000 
-122.631989 14.664805 23.380863 56.000000 
-122.467369 14.919003 23.367695 74.000000 
-122.391808 15.040797 23.377073 56.000000 
-122.284683 15.203568 23.359722 54.000000 
-122.824020 14.343946 23.387716 73.000000 
-122.762642 14.440104 23.389530 58.000000 
-122.690323 14.550764 23.381523 64.000000 
-122.617432 14.663077 23.378588 50.000000 
-122.447693 14.921994 23.361343 79.000000 
-122.370659 15.045059 23.370005 48.000000 
-122.266716 15.202176 23.357531 55.000000 
-122.812561 14.340214 23.387447 68.000000 
-122.750877 14.436254 23.389402 65.000000 
-122.680305 14.544442 23.384045 52.000000 
-122.437645 14.913719 23.365290 58.000000 
-122.348343 15.050493 23.361887 46.000000 
-122.806259 14.330960 23.393780 86.000000 
-122.730759 14.441368 23.379053 68.000000 
-122.666092 14.542712 23.381603 58.000000 
-122.429802 14.902945 23.371534 55.000000 
-122.325935 15.055822 23.353823 48.000000 
-122.792740 14.329350 23.390930 83.000000 
-122.725250 14.430675 23.386667 68.000000 
-122.645485 14.547834 23.371729 59.000000 
-122.495865 14.776546 23.369883 45.000000 
-122.408958 14.906978 23.364161 58.000000 
-122.318802 15.043388 23.361193 48.000000 
-122.777107 14.329862 23.385490 65.000000 
-122.712425 14.427812 23.385345 49.000000 
-122.634392 14.542526 23.373095 51.000000 
-122.482468 14.771720 23.370464 59.000000 
-122.392410 14.905989 23.361378 55.000000 
-122.765633 14.325964 23.385330 74.000000 
-122.622238 14.538326 23.373243 54.000000 
-122.467430 14.769592 23.368599 53.000000 
-122.373634 14.907388 23.356367 53.000000 
-122.752045 14.324188 23.382578 71.000000 
-122.683525 14.425274 23.378969 47.000000 
-122.612244 14.531804 23.375902 63.000000 
-122.452370 14.767406 23.366768 51.000000 
-122.361435 14.901362 23.358192 62.000000 
-122.744812 14.315890 23.387703 77.000000 
-122.670647 14.422254 23.377743 45.000000 
-122.523643 14.640040 23.373259 52.000000 
-122.437286 14.765160 23.364973 50.000000 
-122.349251 14.895299 23.360044 60.000000 
-122.731209 14.314026 23.385008 80.000000 
-122.513351 14.633233 23.376055 67.000000 
-122.422188 14.762855 23.363214 50.000000 
-122.332619 14.894062 23.357410 50.000000 
-122.714371 14.315318 23.378433 49.000000 
-122.497566 14.632185 23.372875 68.000000 
-122.407074 14.760490 23.361492 48.000000 
-122.318199 14.890332 23.357071 53.000000 
-122.699631 14.314399 23.374504 53.000000 
-122.478416 14.634532 23.366138 59.000000 
-122.396416 14.753341 23.364454 49.000000 
-122.689201 14.309164 23.375818 55.000000 
-122.538292 14.523458 23.362408 50.000000 
-122.459198 14.636790 23.359449 65.000000 
-122.383530 14.748517 23.365120 49.000000 
-122.679871 14.302837 23.378458 54.000000 
-122.526100 14.518924 23.362770 69.000000 
-122.444412 14.634375 23.357590 63.000000 
-122.361603 14.753038 23.356543 48.000000 
-122.669464 14.297541 23.379818 53.000000 
-122.512787 14.515461 23.361933 78.000000 
-122.439743 14.621620 23.366510 55.000000 
-122.341866 14.755116 23.350336 47.000000 
-122.651367 14.299572 23.372126 51.000000 
-122.491608 14.519720 23.352533 72.000000 
-122.420433 14.623676 23.359940 51.000000 
-122.328918 14.750104 23.351114 46.000000 
-122.486137 14.508386 23.360352 72.000000 
-122.405617 14.621103 23.358179 58.000000 
-122.544182 14.402530 23.356758 55.000000 
-122.471672 14.505875 23.358385 74.000000 
-122.386200 14.622994 23.351700 56.000000 
-122.532288 14.397915 23.357113 72.000000 
-122.454903 14.505503 23.354010 72.000000 
-122.370171 14.621415 23.348833 63.000000 
-122.523804 14.390059 23.361265 64.000000 
-122.442680 14.500678 23.354559 60.000000 
-122.363358 14.610785 23.355488 54.000000 
-122.516495 14.381125 23.366688 56.000000 
-122.425858 14.500175 23.350260 60.000000 
-122.348480 14.607983 23.353868 54.000000 
-122.567520 14.286281 23.356554 49.000000 
-122.498924 14.381701 23.360853 55.000000 
-122.414772 14.494163 23.352093 65.000000 
-122.558220 14.279593 23.359434 64.000000 
-122.484749 14.379034 23.358816 52.000000 
-122.402542 14.489198 23.352734 65.000000 
-122.550087 14.271861 23.363619 83.000000 
-122.467094 14.379460 23.353067 56.000000 
-122.390312 14.484190 23.353405 55.000000 
-122.536247 14.269195 23.361414 77.000000 
-122.456360 14.373528 23.354847 49.000000 
-122.372231 14.484516 23.348042 51.000000 
-122.518227 14.270864 23.353973 68.000000 
-122.444946 14.368955 23.355253 57.000000 
-122.356956 14.482981 23.344988 56.000000 
-122.506645 14.266052 23.354399 65.000000 
-122.433060 14.363990 23.355841 57.000000 
-122.492729 14.263210 23.352297 65.000000 
-122.420006 14.360018 23.355215 54.000000 
-122.488174 14.252300 23.360432 68.000000 
-122.398666 14.363210 23.345936 51.000000 
-122.474274 14.249375 23.358387 58.000000 
-122.387932 14.357057 23.347862 47.000000 
-122.461540 14.245400 23.357649 57.000000 
-122.442863 14.246323 23.350595 63.000000 
-122.432472 14.240259 23.352465 58.000000 
-122.423302 14.233180 23.355625 60.000000 
-122.411743 14.228031 23.356277 47.000000 
-122.392952 14.228680 23.349384 51.000000 
-122.619072 15.916749 23.388830 111.000000 
-122.592049 15.929458 23.381021 123.000000 
-122.578064 15.915814 23.386036 123.000000 
-122.559570 15.914110 23.385366 121.000000 
-122.657692 15.634487 23.388393 107.000000 
-122.536308 15.920275 23.380817 121.000000 
-122.648560 15.577583 23.387087 121.000000 
-122.522530 15.871405 23.375717 125.000000 
-122.633942 15.567470 23.390619 121.000000 
-122.496727 15.882355 23.368853 101.000000 
-122.610603 15.573271 23.385853 117.000000 
-122.479568 15.873042 23.371744 63.000000 
-122.697495 15.330476 23.382919 75.000000 
-122.586388 15.582581 23.379356 122.000000 
-122.460876 15.868990 23.372173 102.000000 
-122.683578 15.322500 23.385578 106.000000 
-122.566116 15.585648 23.376173 124.000000 
-122.439789 15.871824 23.369341 62.000000 
-122.664063 15.323760 23.383068 105.000000 
-122.550690 15.576934 23.379013 107.000000 
-122.416153 15.877490 23.365063 108.000000 
-122.645317 15.323351 23.381479 66.000000 
-122.530373 15.577892 23.376850 48.000000 
-122.734848 15.085835 23.387716 59.000000 
-122.616669 15.342025 23.369366 108.000000 
-122.509193 15.580394 23.373888 47.000000 
-122.717590 15.083955 23.386868 63.000000 
-122.601952 15.333483 23.372265 115.000000 
-122.483788 15.590881 23.366783 113.000000 
-122.354034 15.875976 23.361267 62.000000 
-122.696999 15.088292 23.382376 55.000000 
-122.588104 15.323314 23.376072 51.000000 
-122.463310 15.591600 23.364752 107.000000 
-122.333549 15.874783 23.360353 119.000000 
-122.677185 15.090981 23.378847 53.000000 
-122.567566 15.325810 23.372887 51.000000 
-122.309647 15.880026 23.356308 120.000000 
-122.757645 14.878602 23.381294 71.000000 
-122.660690 15.087340 23.379032 57.000000 
-122.544434 15.332983 23.367113 59.000000 
-122.283958 15.888425 23.350725 114.000000 
-122.738251 14.883167 23.376457 71.000000 
-122.645782 15.082427 23.380066 67.000000 
-122.521988 15.340421 23.361279 61.000000 
-122.267654 15.880902 23.352999 120.000000 
-122.714668 14.893471 23.367931 67.000000 
-122.505569 15.334774 23.362604 52.000000 
-122.384453 15.589311 23.359442 112.000000 
-122.249649 15.874555 23.354635 105.000000 
-122.799095 14.683035 23.379604 58.000000 
-122.696983 14.892939 23.366150 64.000000 
-122.360336 15.596052 23.354292 119.000000 
-122.227295 15.876232 23.352358 62.000000 
-122.775169 14.694710 23.369638 72.000000 
-122.686172 14.880102 23.372051 67.000000 
-122.341393 15.593136 23.354183 111.000000 
-122.203125 15.881051 23.348547 48.000000 
-122.759071 14.690905 23.369774 76.000000 
-122.668640 14.877601 23.371397 72.000000 
-122.562439 15.096218 23.364035 46.000000 
-122.323387 15.586586 23.355898 119.000000 
-122.180687 15.880537 23.347284 52.000000 
-122.748016 14.679867 23.374811 63.000000 
-122.642166 14.892140 23.360186 48.000000 
-122.423294 15.339527 23.352676 68.000000 
-122.819565 14.501681 23.375217 59.000000 
-122.728928 14.684121 23.369837 61.000000 
-122.404930 15.338647 23.351461 104.000000 
-122.279129 15.593512 23.349125 47.000000 
-122.802063 14.502684 23.372089 65.000000 
-122.711746 14.683481 23.367985 65.000000 
-122.612587 14.881729 23.362568 52.000000 
-122.391151 15.327956 23.355625 66.000000 
-122.786293 14.500682 23.371059 60.000000 
-122.692757 14.685764 23.364189 63.000000 
-122.372002 15.326584 23.354605 66.000000 
-122.233818 15.599698 23.342665 103.000000 
-122.769615 14.500092 23.369034 52.000000 
-122.673721 14.687971 23.360432 48.000000 
-122.346458 15.336029 23.347551 69.000000 
-122.219299 15.588480 23.346943 107.000000 
-122.841515 14.325705 23.375471 55.000000 
-122.754700 14.496513 23.369102 57.000000 
-122.657333 14.685645 23.359686 54.000000 
-122.451653 15.091599 23.355116 62.000000 
-122.320801 15.345364 23.340551 63.000000 
-122.828011 14.320848 23.376476 67.000000 
-122.736176 14.498725 23.365093 62.000000 
-122.644569 14.677329 23.362925 47.000000 
-122.436798 15.084168 23.357569 53.000000 
-122.305191 15.337547 23.343132 66.000000 
-122.813972 14.319449 23.375166 67.000000 
-122.718018 14.502983 23.359875 65.000000 
-122.627724 14.678552 23.360041 49.000000 
-122.416985 15.088122 23.353458 49.000000 
-122.289307 15.333569 23.343754 63.000000 
-122.798668 14.317366 23.374100 59.000000 
-122.701210 14.502141 23.357994 46.000000 
-122.391914 15.097334 23.346022 49.000000 
-122.269066 15.333380 23.342081 69.000000 
-122.862083 14.174787 23.367334 69.000000 
-122.778770 14.322358 23.367746 61.000000 
-122.689903 14.492534 23.362299 45.000000 
-122.481354 14.886773 23.344662 77.000000 
-122.851112 14.165441 23.371746 67.000000 
-122.760643 14.324420 23.363562 64.000000 
-122.673088 14.491588 23.360485 50.000000 
-122.466133 14.880919 23.346209 66.000000 
-122.839569 14.159489 23.373770 66.000000 
-122.748947 14.316469 23.366850 74.000000 
-122.442436 14.888433 23.339308 56.000000 
-122.340698 15.084977 23.347492 45.000000 
-122.895493 14.021537 23.368607 47.000000 
-122.823143 14.158446 23.371634 59.000000 
-122.732620 14.315572 23.364859 49.000000 
-122.630005 14.503919 23.346754 47.000000 
-122.430038 14.877995 23.343756 57.000000 
-122.320129 15.086280 23.344753 45.000000 
-122.884674 14.014035 23.371855 62.000000 
-122.804192 14.163535 23.364920 64.000000 
-122.716270 14.314614 23.362906 46.000000 
-122.524323 14.670086 23.351793 60.000000 
-122.414825 14.871982 23.345409 59.000000 
-122.872032 14.009228 23.372856 68.000000 
-122.785812 14.165128 23.360668 69.000000 
-122.696121 14.319237 23.356754 47.000000 
-122.499207 14.680364 23.342552 56.000000 
-122.396744 14.870366 23.344278 45.000000 
-122.857536 14.007095 23.371616 65.000000 
-122.777069 14.154842 23.366096 73.000000 
-122.484276 14.676343 23.343021 50.000000 
-122.369675 14.883844 23.333670 57.000000 
-122.911026 13.880165 23.364489 65.000000 
-122.839851 14.010641 23.365767 55.000000 
-122.756424 14.160781 23.358515 49.000000 
-122.469627 14.670454 23.344631 49.000000 
-122.350517 14.883541 23.331692 56.000000 
-122.900620 13.872746 23.367809 74.000000 
-122.825302 14.008394 23.364595 61.000000 
-122.739151 14.162825 23.354147 45.000000 
-122.453049 14.667419 23.344320 52.000000 
-122.886475 13.870586 23.366478 72.000000 
-122.813591 14.002051 23.366848 61.000000 
-122.728287 14.153151 23.358793 46.000000 
-122.537369 14.483550 23.346172 54.000000 
-122.870422 13.871010 23.362844 69.000000 
-122.800941 13.997020 23.367996 66.000000 
-122.709038 14.157819 23.352310 46.000000 
-122.522293 14.479202 23.346722 55.000000 
-122.408028 14.678479 23.332119 45.000000 
-122.931252 13.736565 23.369015 63.000000 
-122.851456 13.875314 23.355749 63.000000 
-122.782524 13.999996 23.362400 47.000000 
-122.694321 14.153532 23.352654 48.000000 
-122.503273 14.480465 23.343256 53.000000 
-122.918022 13.734685 23.367479 67.000000 
-122.840118 13.869042 23.358015 67.000000 
-122.765991 14.000217 23.359102 45.000000 
-122.684731 14.144415 23.357143 46.000000 
-122.484207 14.481652 23.339830 55.000000 
-122.379646 14.664745 23.336639 48.000000 
-122.900803 13.735991 23.362595 77.000000 
-122.830727 13.860125 23.362633 79.000000 
-122.746483 14.004375 23.352463 50.000000 
-122.573631 14.296672 23.352074 52.000000 
-122.464104 14.484171 23.335440 48.000000 
-122.356956 14.669989 23.330698 52.000000 
-122.882706 13.740391 23.355129 72.000000 
-122.814575 13.860319 23.359133 85.000000 
-122.735748 13.996469 23.355993 47.000000 
-122.555702 14.298235 23.348251 52.000000 
-122.449615 14.479952 23.336002 48.000000 
-122.952728 13.599970 23.374460 59.000000 
-122.869804 13.736758 23.355003 60.000000 
-122.796013 13.864673 23.352072 49.000000 
-122.724640 13.990194 23.358301 47.000000 
-122.537102 14.299370 23.344601 49.000000 
-122.434471 14.475313 23.336733 49.000000 
-122.929634 13.610155 23.360638 64.000000 
-122.863312 13.725769 23.361971 61.000000 
-122.777794 13.867326 23.346329 51.000000 
-122.518463 14.300428 23.340994 49.000000 
-122.417297 14.473421 23.335484 45.000000 
-122.913223 13.611548 23.355492 69.000000 
-122.846954 13.725559 23.358425 72.000000 
-122.767448 13.859544 23.349897 50.000000 
-122.599220 14.143985 23.342609 60.000000 
-122.505859 14.293188 23.343693 50.000000 
-122.973106 13.488485 23.364668 45.000000 
-122.900681 13.607929 23.355305 66.000000 
-122.828682 13.729703 23.351099 72.000000 
-122.760124 13.847863 23.356960 46.000000 
-122.584648 14.141359 23.341850 68.000000 
-122.489204 14.291381 23.342247 46.000000 
-122.958015 13.488591 23.360563 64.000000 
-122.890106 13.601801 23.357603 61.000000 
-122.811241 13.730609 23.346441 50.000000 
-122.736832 13.856781 23.345541 46.000000 
-122.561722 14.147356 23.333826 61.000000 
-122.474579 14.286784 23.342924 52.000000 
-122.944847 13.486233 23.359020 80.000000 
-122.877579 13.598102 23.357471 65.000000 
-122.721489 13.855311 23.343416 47.000000 
-122.546066 14.145941 23.332064 57.000000 
-122.451691 14.293020 23.335312 55.000000 
-122.939568 13.474250 23.367601 78.000000 
-122.859055 13.601712 23.350008 63.000000 
-122.531227 14.141083 23.332764 59.000000 
-122.431831 14.295082 23.330870 56.000000 
-122.926430 13.471821 23.366108 76.000000 
-122.850494 13.593018 23.354839 68.000000 
-122.774971 13.716668 23.348867 45.000000 
-122.609505 13.986084 23.339222 60.000000 
-122.519684 14.134237 23.335377 59.000000 
-122.420906 14.286609 23.334629 55.000000 
-122.904785 13.480359 23.353195 75.000000 
-122.835449 13.593153 23.351002 49.000000 
-122.757965 13.717654 23.344229 45.000000 
-122.592194 13.987258 23.335083 55.000000 
-122.503387 14.132302 23.333851 49.000000 
-122.894577 13.474242 23.355547 74.000000 
-122.824913 13.586835 23.353432 47.000000 
-122.741463 13.718896 23.339504 46.000000 
-122.578407 13.982822 23.335566 50.000000 
-122.481392 14.138608 23.325777 55.000000 
-122.876305 13.477563 23.347870 79.000000 
-122.808273 13.587757 23.348558 46.000000 
-122.644989 13.847415 23.333185 49.000000 
-122.566719 13.975754 23.338301 50.000000 
-122.462303 14.138800 23.322330 59.000000 
-122.996124 13.263188 23.355022 79.000000 
-122.864059 13.473722 23.347767 65.000000 
-122.793640 13.586192 23.346165 46.000000 
-122.630547 13.844328 23.332418 69.000000 
-122.550842 13.973811 23.336624 51.000000 
-122.452255 14.128757 23.327356 61.000000 
-122.985542 13.258453 23.355980 83.000000 
-122.916954 13.364826 23.347710 53.000000 
-122.857948 13.462780 23.355213 55.000000 
-122.776924 13.586978 23.341370 45.000000 
-122.615051 13.842447 23.330540 74.000000 
-122.525429 13.983382 23.325016 46.000000 
-122.440132 14.121320 23.330263 61.000000 
-122.977997 13.250345 23.360926 86.000000 
-122.901978 13.364459 23.343658 54.000000 
-122.840599 13.464738 23.348896 58.000000 
-122.766380 13.580486 23.343914 47.000000 
-122.610092 13.827946 23.340134 58.000000 
-122.508400 13.982569 23.322319 49.000000 
-122.964417 13.248885 23.357965 74.000000 
-122.887993 13.362889 23.340927 58.000000 
-122.824226 13.465448 23.343872 61.000000 
-122.592484 13.828486 23.336027 60.000000 
-122.496689 13.975291 23.325190 49.000000 
-122.948769 13.249583 23.352404 80.000000 
-122.879128 13.355583 23.344650 47.000000 
-122.809883 13.463757 23.341385 59.000000 
-122.663048 13.693192 23.341162 56.000000 
-122.574844 13.828952 23.331963 67.000000 
-122.486076 13.966706 23.329187 48.000000 
-122.933083 13.250212 23.346878 86.000000 
-122.799698 13.457360 23.343925 58.000000 
-122.651138 13.687589 23.342697 59.000000 
-122.559296 13.826853 23.330219 56.000000 
-122.471176 13.963183 23.328800 51.000000 
-122.924553 13.243075 23.350599 90.000000 
-122.786392 13.454412 23.342749 51.000000 
-122.633888 13.688021 23.338385 51.000000 
-122.541573 13.827177 23.326237 58.000000 
-122.919083 13.234335 23.356726 86.000000 
-122.826523 13.363437 23.322399 45.000000 
-122.620911 13.685440 23.337355 52.000000 
-122.531441 13.820717 23.328827 60.000000 
-122.906471 13.231540 23.355228 94.000000 
-122.818695 13.354836 23.327513 47.000000 
-122.687546 13.560470 23.340065 59.000000 
-122.597115 13.692985 23.326084 52.000000 
-122.514755 13.819683 23.326052 57.000000 
-122.887566 13.235229 23.345892 62.000000 
-122.671692 13.559600 23.336758 64.000000 
-122.589500 13.682355 23.332434 61.000000 
-122.498047 13.818582 23.323317 51.000000 
-122.871735 13.235573 23.340532 60.000000 
-122.652565 13.562181 23.329874 63.000000 
-122.574303 13.680118 23.330614 47.000000 
-122.477997 13.821094 23.317226 69.000000 
-122.864906 13.225800 23.347115 57.000000 
-122.636101 13.560823 23.326788 52.000000 
-122.554146 13.682250 23.324305 51.000000 
-122.853294 13.221722 23.347050 55.000000 
-122.704628 13.438272 23.333729 52.000000 
-122.623428 13.556248 23.327209 56.000000 
-122.536674 13.682261 23.320232 55.000000 
-122.840019 13.220065 23.344271 57.000000 
-122.687386 13.439834 23.327690 65.000000 
-122.615669 13.547332 23.332319 56.000000 
-122.521927 13.680182 23.318384 57.000000 
-122.825172 13.219111 23.340349 54.000000 
-122.673958 13.436465 23.326771 65.000000 
-122.598595 13.547316 23.327995 55.000000 
-122.504387 13.680053 23.314392 51.000000 
-122.800575 13.227694 23.324743 56.000000 
-122.657219 13.436422 23.322184 67.000000 
-122.579262 13.549532 23.321318 58.000000 
-122.652611 13.423968 23.331184 60.000000 
-122.563210 13.548209 23.318275 59.000000 
-122.633118 13.425712 23.324347 61.000000 
-122.549973 13.543025 23.319006 63.000000 
-122.618538 13.423252 23.322329 60.000000 
-122.540642 13.534726 23.323196 50.000000 
-122.599449 13.425175 23.315439 58.000000 
-122.517754 13.540064 23.313114 57.000000 
-122.734955 13.211719 23.317734 45.000000 
-122.665237 13.310663 23.319668 45.000000 
-122.591591 13.415947 23.320848 60.000000 
-122.726563 13.204052 23.321829 64.000000 
-122.649834 13.309207 23.316263 51.000000 
-122.578102 13.412218 23.320156 65.000000 
-122.720451 13.194288 23.328524 77.000000 
-122.562325 13.410635 23.317053 61.000000 
-122.708771 13.189701 23.328783 74.000000 
-122.622337 13.302899 23.313337 45.000000 
-122.546524 13.408986 23.313990 65.000000 
-122.693710 13.188170 23.325207 61.000000 
-122.615990 13.292765 23.320070 50.000000 
-122.531837 13.406179 23.312183 63.000000 
-122.676819 13.188970 23.318951 65.000000 
-122.602165 13.290380 23.317904 51.000000 
-122.668526 13.181156 23.323158 63.000000 
-122.588982 13.286537 23.317171 49.000000 
-122.657509 13.175024 23.324966 68.000000 
-122.570679 13.286489 23.311630 50.000000 
-122.644676 13.171231 23.324091 57.000000 
-122.558632 13.281481 23.312218 50.000000 
-122.628365 13.170428 23.319408 55.000000 
-122.616669 13.165516 23.319880 57.000000 
-122.601242 13.165282 23.314966 57.000000 
-122.596558 13.154268 23.323143 63.000000 
-122.578995 13.154230 23.317327 60.000000 
-122.821121 14.839399 23.367535 51.000000 
-122.798553 14.840406 23.365309 124.000000 
-122.782860 14.830292 23.368597 125.000000 
-122.760696 14.839207 23.362898 123.000000 
-122.855591 14.556362 23.366392 48.000000 
-122.738243 14.844011 23.359022 123.000000 
-122.836906 14.552724 23.366489 120.000000 
-122.711815 14.855047 23.352072 125.000000 
-122.818268 14.551002 23.365696 123.000000 
-122.696098 14.844695 23.355515 118.000000 
-122.798843 14.550859 23.364098 115.000000 
-122.675789 14.844272 23.354179 55.000000 
-122.897163 14.236712 23.368151 59.000000 
-122.782608 14.505094 23.356829 121.000000 
-122.664978 14.785109 23.353842 58.000000 
-122.877686 14.238298 23.365488 68.000000 
-122.763870 14.503170 23.356153 122.000000 
-122.639137 14.796150 23.346985 66.000000 
-122.855812 14.244658 23.360216 110.000000 
-122.749847 14.491380 23.360569 109.000000 
-122.616348 14.800471 23.343378 63.000000 
-122.833862 14.250929 23.354986 102.000000 
-122.727150 14.497505 23.355762 49.000000 
-122.924019 14.003950 23.365376 59.000000 
-122.817406 14.245852 23.355978 108.000000 
-122.701973 14.508428 23.348480 107.000000 
-122.905899 14.003871 23.363503 65.000000 
-122.802559 14.237514 23.358767 115.000000 
-122.680717 14.511114 23.345448 45.000000 
-122.554092 14.799751 23.339218 47.000000 
-122.883736 14.011639 23.357058 69.000000 
-122.782097 14.240358 23.355423 54.000000 
-122.665108 14.502357 23.348331 105.000000 
-122.533546 14.798819 23.338182 118.000000 
-122.869576 14.003520 23.359867 55.000000 
-122.759132 14.247928 23.349483 56.000000 
-122.510521 14.802735 23.334805 120.000000 
-122.941414 13.800838 23.355488 71.000000 
-122.853004 14.000094 23.359947 54.000000 
-122.736900 14.253806 23.344467 63.000000 
-122.491570 14.798380 23.335447 119.000000 
-122.923683 13.802545 23.352470 85.000000 
-122.836357 13.998522 23.359045 63.000000 
-122.717857 14.255160 23.342030 49.000000 
-122.472649 14.795984 23.335220 114.000000 
-122.906013 13.802316 23.350544 68.000000 
-122.813972 14.005987 23.352764 55.000000 
-122.577858 14.517273 23.334181 50.000000 
-122.451172 14.796403 23.333563 102.000000 
-122.894966 13.789653 23.356323 67.000000 
-122.558861 14.514666 23.333916 117.000000 
-122.427124 14.801631 23.329571 102.000000 
-122.961266 13.607247 23.349144 64.000000 
-122.875618 13.792408 23.352549 70.000000 
-122.773987 14.011247 23.345842 45.000000 
-122.545799 14.500749 23.339525 115.000000 
-122.400436 14.811646 23.323256 114.000000 
-122.948143 13.601246 23.350977 69.000000 
-122.851875 13.804663 23.342974 78.000000 
-122.523361 14.506433 23.335052 115.000000 
-122.379669 14.812208 23.321617 108.000000 
-122.934349 13.594891 23.352936 66.000000 
-122.832390 13.807253 23.339285 61.000000 
-122.615509 14.265796 23.327370 55.000000 
-122.499161 14.513250 23.329910 117.000000 
-122.360596 14.807434 23.322515 55.000000 
-123.000381 13.417922 23.351311 59.000000 
-122.917343 13.592713 23.352037 59.000000 
-122.601563 14.253365 23.332388 105.000000 
-122.474930 14.517987 23.325769 107.000000 
-122.982864 13.419147 23.348085 65.000000 
-122.895012 13.601363 23.344114 61.000000 
-122.584114 14.249148 23.332958 72.000000 
-122.454063 14.518227 23.324051 113.000000 
-122.969589 13.412892 23.350061 64.000000 
-122.879478 13.597864 23.344187 65.000000 
-122.563156 14.251163 23.330082 69.000000 
-122.440224 14.505651 23.329014 109.000000 
-122.951164 13.415479 23.345873 56.000000 
-122.861343 13.598825 23.341316 52.000000 
-122.536842 14.262515 23.322029 69.000000 
-122.415794 14.512121 23.324062 102.000000 
-123.022354 13.237014 23.354267 66.000000 
-122.935287 13.413562 23.344818 57.000000 
-122.849289 13.589214 23.345425 45.000000 
-122.643929 14.007139 23.334801 46.000000 
-122.521980 14.253390 23.325335 56.000000 
-123.010483 13.229427 23.357323 74.000000 
-122.914146 13.420433 23.337616 65.000000 
-122.828468 13.594550 23.339651 46.000000 
-122.623589 14.009150 23.331692 53.000000 
-122.505363 14.247354 23.326933 58.000000 
-122.987274 13.240614 23.346516 67.000000 
-122.902618 13.411033 23.341782 67.000000 
-122.604095 14.009543 23.329536 48.000000 
-122.483345 14.250628 23.323362 66.000000 
-123.053932 13.086555 23.347393 75.000000 
-122.971870 13.238701 23.345366 64.000000 
-122.790184 13.598996 23.332197 49.000000 
-122.459457 14.256930 23.318108 58.000000 
-123.041351 13.082226 23.348185 84.000000 
-122.955307 13.239931 23.342009 69.000000 
-122.678230 13.787854 23.332605 67.000000 
-122.435356 14.265079 23.311909 69.000000 
-123.029938 13.074727 23.351311 73.000000 
-122.940758 13.236469 23.341991 69.000000 
-122.646553 13.809365 23.317013 78.000000 
-123.012047 13.078791 23.345531 70.000000 
-122.929802 13.227221 23.346262 74.000000 
-122.832253 13.414356 23.329868 47.000000 
-122.636681 13.794597 23.324175 67.000000 
-122.529282 14.006187 23.323921 48.000000 
-123.076813 12.923207 23.353704 52.000000 
-122.995544 13.077939 23.343306 64.000000 
-122.909828 13.232263 23.339922 52.000000 
-122.815308 13.413481 23.328037 46.000000 
-122.622284 13.787330 23.326637 57.000000 
-122.507774 14.009276 23.320166 45.000000 
-123.064087 12.918606 23.354593 60.000000 
-122.977547 13.081861 23.337601 64.000000 
-122.891609 13.234362 23.335752 51.000000 
-122.705368 13.591430 23.325972 50.000000 
-122.600471 13.792013 23.321585 66.000000 
-122.491814 14.003156 23.321871 48.000000 
-123.047760 12.919466 23.350958 61.000000 
-122.966431 13.072471 23.342054 68.000000 
-122.875175 13.233538 23.333744 50.000000 
-122.685974 13.593200 23.322504 60.000000 
-122.580460 13.793614 23.318464 56.000000 
-123.032303 12.918889 23.348495 59.000000 
-122.954758 13.066483 23.344114 78.000000 
-122.862411 13.226966 23.336012 52.000000 
-122.674026 13.583136 23.326929 49.000000 
-122.557579 13.799614 23.312565 59.000000 
-123.092613 12.777361 23.353052 69.000000 
-123.014076 12.922360 23.342657 55.000000 
-122.934509 13.070985 23.337635 50.000000 
-122.654587 13.584778 23.323536 47.000000 
-122.542191 13.793602 23.314236 57.000000 
-123.074814 12.780801 23.346912 90.000000 
-123.000389 12.918926 23.342537 54.000000 
-122.913567 13.078824 23.328785 47.000000 
-122.738152 13.398782 23.326328 47.000000 
-122.633636 13.591459 23.316996 52.000000 
-122.524452 13.794247 23.311918 63.000000 
-123.058098 12.784767 23.340601 85.000000 
-122.993439 12.907892 23.349030 54.000000 
-122.896255 13.081017 23.324362 55.000000 
-122.721107 13.397558 23.324711 54.000000 
-122.616951 13.588562 23.316624 46.000000 
-122.506195 13.792583 23.310843 63.000000 
-123.044800 12.781394 23.340389 75.000000 
-122.977913 12.907108 23.346693 56.000000 
-122.887344 13.070671 23.329830 54.000000 
-122.699554 13.401653 23.319189 55.000000 
-122.596680 13.589611 23.313488 49.000000 
-123.106888 12.640459 23.351406 69.000000 
-123.028130 12.781660 23.336809 69.000000 
-122.870979 13.067623 23.329103 53.000000 
-122.683395 13.398858 23.318668 51.000000 
-122.583817 13.580770 23.317099 54.000000 
-123.088997 12.645254 23.343767 67.000000 
-123.022293 12.767574 23.346003 63.000000 
-122.943367 12.909104 23.338846 48.000000 
-122.855499 13.066883 23.326969 48.000000 
-122.663063 13.403501 23.312983 50.000000 
-122.563904 13.583876 23.312805 49.000000 
-123.067673 12.653560 23.332664 82.000000 
-123.003929 12.772328 23.338762 79.000000 
-122.931190 12.904403 23.339891 45.000000 
-122.755661 13.208640 23.331366 55.000000 
-122.647827 13.399154 23.313549 48.000000 
-122.539330 13.592317 23.304796 50.000000 
-123.060898 12.642676 23.339537 68.000000 
-122.985863 12.775373 23.332842 85.000000 
-122.917473 12.900689 23.339951 45.000000 
-122.733871 13.216033 23.323236 50.000000 
-122.637169 13.389436 23.318066 49.000000 
-123.122307 12.510133 23.350382 52.000000 
-123.051743 12.634067 23.344128 66.000000 
-122.970222 12.776018 23.329178 45.000000 
-122.715271 13.217406 23.319483 47.000000 
-122.619003 13.389256 23.315662 53.000000 
-123.105064 12.513092 23.343864 64.000000 
-123.037468 12.633460 23.341427 70.000000 
-122.959732 12.768407 23.332640 48.000000 
-122.793053 13.061317 23.320099 49.000000 
-122.704498 13.207587 23.324160 47.000000 
-122.596840 13.394664 23.309261 49.000000 
-123.086807 12.517230 23.336151 68.000000 
-123.017281 12.638602 23.332991 72.000000 
-122.947342 12.763391 23.333801 58.000000 
-122.779167 13.055524 23.321644 67.000000 
-122.685852 13.208837 23.320482 49.000000 
-122.578590 13.394331 23.306942 52.000000 
-123.144943 12.393275 23.345373 45.000000 
-123.078026 12.508770 23.340816 66.000000 
-123.001968 12.639150 23.329163 81.000000 
-122.931076 12.763563 23.330349 50.000000 
-122.759613 13.059888 23.315367 62.000000 
-122.558632 13.394961 23.303799 52.000000 
-123.129868 12.393589 23.341179 58.000000 
-123.065445 12.505286 23.340570 66.000000 
-122.990356 12.632632 23.331581 55.000000 
-122.736771 13.066186 23.307226 59.000000 
-122.648415 13.211107 23.313251 51.000000 
-123.121460 12.385326 23.345886 70.000000 
-123.052864 12.501760 23.340353 65.000000 
-122.980301 12.625122 23.335106 46.000000 
-122.726440 13.056498 23.312002 57.000000 
-122.626335 13.214154 23.307888 52.000000 
-123.112068 12.376463 23.350830 68.000000 
-123.035324 12.502546 23.335474 68.000000 
-122.801903 12.898205 23.320068 54.000000 
-122.710907 13.051481 23.312738 59.000000 
-122.610542 13.210969 23.307512 56.000000 
-123.154144 12.276402 23.341543 53.000000 
-123.095993 12.377841 23.345463 64.000000 
-123.023689 12.497678 23.336548 77.000000 
-122.948326 12.623320 23.329340 46.000000 
-122.781036 12.903292 23.312571 57.000000 
-122.692558 13.052498 23.308924 59.000000 
-122.599068 13.204357 23.310017 59.000000 
-123.148048 12.267690 23.347397 61.000000 
-123.082848 12.377334 23.342432 70.000000 
-123.011169 12.495858 23.334961 54.000000 
-122.770370 12.897126 23.314911 55.000000 
-122.675400 13.054153 23.304880 49.000000 
-123.140045 12.259569 23.352188 61.000000 
-123.062759 12.383396 23.332088 76.000000 
-123.001526 12.488451 23.338539 50.000000 
-122.762611 12.884993 23.321997 55.000000 
-122.654915 13.057702 23.298992 55.000000 
-123.127678 12.255823 23.351927 60.000000 
-123.053902 12.374668 23.337030 78.000000 
-122.824753 12.751049 23.317715 55.000000 
-122.742065 12.888220 23.315863 51.000000 
-122.644035 13.047445 23.304054 57.000000 
-123.105972 12.263988 23.338646 52.000000 
-123.047600 12.363834 23.344393 76.000000 
-122.812332 12.745605 23.319155 69.000000 
-122.724098 12.889091 23.311867 51.000000 
-122.630722 13.041525 23.305775 54.000000 
-123.163025 12.152732 23.348116 73.000000 
-123.091080 12.265658 23.332943 56.000000 
-123.028404 12.370301 23.333927 57.000000 
-122.795937 12.747182 23.314611 74.000000 
-122.708305 12.889291 23.308754 49.000000 
-123.151436 12.149262 23.347687 85.000000 
-123.081108 12.259714 23.335251 60.000000 
-123.013115 12.370121 23.330025 55.000000 
-122.782478 12.742920 23.314962 65.000000 
-122.695450 12.883526 23.310390 51.000000 
-123.138863 12.146878 23.345963 83.000000 
-123.077156 12.246804 23.345316 61.000000 
-123.001823 12.365134 23.331177 47.000000 
-122.769020 12.738611 23.315344 58.000000 
-122.677383 12.884200 23.306511 50.000000 
-123.123291 12.147816 23.340300 74.000000 
-123.063240 12.245435 23.342506 65.000000 
-122.987503 12.363659 23.328594 58.000000 
-122.843903 12.594861 23.327652 63.000000 
-122.745140 12.746915 23.304304 58.000000 
-122.660324 12.883507 23.303782 48.000000 
-123.111671 12.144207 23.339958 77.000000 
-123.042221 12.252056 23.330721 45.000000 
-122.975197 12.359769 23.328548 51.000000 
-122.824646 12.598077 23.320835 62.000000 
-122.731628 12.742479 23.304760 51.000000 
-122.645348 12.880167 23.303303 51.000000 
-123.102058 12.138325 23.342283 77.000000 
-122.806374 12.599974 23.315243 53.000000 
-122.720230 12.735481 23.307531 58.000000 
-122.625053 12.883199 23.297337 45.000000 
-123.088425 12.136866 23.339355 80.000000 
-122.786987 12.603018 23.308517 51.000000 
-122.704620 12.733472 23.305763 58.000000 
-123.074768 12.135352 23.336460 86.000000 
-123.007332 12.239405 23.331593 46.000000 
-122.861389 12.466112 23.321972 59.000000 
-122.776001 12.596183 23.311247 51.000000 
-122.688980 12.731401 23.304033 51.000000 
-123.055962 12.139310 23.327021 63.000000 
-122.991226 12.240027 23.326385 47.000000 
-122.841331 12.470231 23.313725 69.000000 
-122.766098 12.588096 23.315176 52.000000 
-123.050461 12.128855 23.334709 55.000000 
-122.827553 12.467123 23.312786 58.000000 
-122.747681 12.589721 23.309740 50.000000 
-123.042480 12.120294 23.339907 51.000000 
-122.812172 12.464810 23.310806 56.000000 
-122.721130 12.599404 23.296289 51.000000 
-123.021492 12.126250 23.327953 51.000000 
-122.880058 12.340247 23.319220 56.000000 
-122.803726 12.455687 23.315966 56.000000 
-122.707962 12.594792 23.296806 51.000000 
-123.009819 12.122284 23.327839 58.000000 
-122.860237 12.344032 23.310730 67.000000 
-122.787788 12.454792 23.312708 59.000000 
-122.694801 12.590134 23.297354 55.000000 
-122.990784 12.125886 23.318596 50.000000 
-122.847855 12.339702 23.310963 69.000000 
-122.768570 12.457355 23.305878 61.000000 
-122.683830 12.583027 23.300266 53.000000 
-122.837624 12.333044 23.313700 63.000000 
-122.750374 12.458659 23.300299 54.000000 
-122.821999 12.332050 23.310280 61.000000 
-122.736496 12.455215 23.299564 59.000000 
-122.888840 12.213701 23.319145 62.000000 
-122.805763 12.332464 23.305523 60.000000 
-122.727547 12.447416 23.303513 57.000000 
-122.874657 12.211575 23.316792 63.000000 
-122.790070 12.331339 23.302177 65.000000 
-122.712578 12.445045 23.301640 58.000000 
-122.859352 12.210488 23.313206 58.000000 
-122.783157 12.321128 23.308722 55.000000 
-122.692032 12.448394 23.293823 65.000000 
-122.844025 12.209339 23.309656 52.000000 
-122.766342 12.321024 23.304213 58.000000 
-122.904938 12.101072 23.313498 52.000000 
-122.829765 12.207033 23.307409 54.000000 
-122.751709 12.318607 23.302200 58.000000 
-122.895409 12.094582 23.316236 78.000000 
-122.815483 12.204670 23.305197 55.000000 
-122.735939 12.317248 23.298998 63.000000 
-122.878181 12.095441 23.309938 80.000000 
-122.807861 12.195750 23.310577 49.000000 
-122.716766 12.319160 23.292158 63.000000 
-122.862015 12.095172 23.304976 68.000000 
-122.790222 12.196533 23.304649 51.000000 
-122.708824 12.309898 23.297602 65.000000 
-122.855827 12.085415 23.311670 63.000000 
-122.778145 12.191858 23.305048 52.000000 
-122.846336 12.078781 23.314510 61.000000 
-122.761559 12.191427 23.300457 51.000000 
-122.831245 12.077314 23.310934 74.000000 
-122.749474 12.186652 23.300920 51.000000 
-122.816132 12.075783 23.307394 57.000000 
-122.740807 12.178642 23.305168 49.000000 
-122.796448 12.078310 23.298756 65.000000 
-122.790375 12.068419 23.305559 63.000000 
-122.776337 12.065685 23.303408 63.000000 
-122.763435 12.061876 23.302570 60.000000 
-122.750526 12.058017 23.301765 51.000000 
-122.732964 12.058154 23.295889 51.000000 
-122.950768 13.738327 23.349632 111.000000 
-122.926239 13.748469 23.343243 124.000000 
-122.906013 13.748449 23.341722 123.000000 
-123.004097 13.451216 23.351454 104.000000 
-122.884895 13.748018 23.340330 123.000000 
-122.982468 13.456286 23.347225 121.000000 
-122.865356 13.746183 23.339697 125.000000 
-122.960854 13.463255 23.342108 122.000000 
-122.846672 13.744632 23.339010 115.000000 
-122.942871 13.459922 23.342178 120.000000 
-122.824066 13.749341 23.335251 57.000000 
-123.026329 13.211766 23.340122 108.000000 
-122.925659 13.454885 23.343130 121.000000 
-122.800629 13.755630 23.330738 62.000000 
-123.013100 13.159687 23.336050 114.000000 
-122.908684 13.409231 23.336044 125.000000 
-122.787437 13.699855 23.328995 102.000000 
-122.998131 13.153516 23.337744 108.000000 
-122.893806 13.401132 23.338657 48.000000 
-122.770973 13.693059 23.330862 53.000000 
-122.983170 13.145358 23.340439 74.000000 
-122.867195 13.415584 23.329638 102.000000 
-123.063065 12.915297 23.340475 64.000000 
-122.961975 13.150083 23.336117 111.000000 
-122.851471 13.407025 23.332418 48.000000 
-123.046448 12.912130 23.340431 63.000000 
-122.940712 13.154726 23.331837 120.000000 
-122.831024 13.408221 23.330204 49.000000 
-122.702370 13.705999 23.320248 47.000000 
-123.033043 12.900645 23.345116 55.000000 
-122.920990 13.154119 23.330338 53.000000 
-122.811310 13.405731 23.329807 107.000000 
-122.684135 13.698224 23.322479 119.000000 
-123.101372 12.700472 23.338762 55.000000 
-123.010864 12.908485 23.338699 49.000000 
-122.899612 13.158603 23.326147 54.000000 
-122.663551 13.697353 23.321465 121.000000 
-123.083664 12.702353 23.335693 71.000000 
-122.992561 12.910227 23.335907 51.000000 
-122.884628 13.152116 23.328045 63.000000 
-122.642998 13.698433 23.319586 120.000000 
-123.070847 12.692945 23.339468 75.000000 
-122.970222 12.917898 23.329576 60.000000 
-122.868065 13.146845 23.329199 61.000000 
-122.619072 13.703986 23.315481 121.000000 
-123.051567 12.695953 23.335602 70.000000 
-122.845757 13.152718 23.324251 50.000000 
-122.731491 13.406620 23.323103 109.000000 
-122.593407 13.712723 23.309843 118.000000 
-123.123466 12.499060 23.337132 54.000000 
-123.028954 12.705100 23.327948 63.000000 
-122.708336 13.412232 23.318638 117.000000 
-122.571831 13.713177 23.308214 117.000000 
-123.109619 12.492885 23.339005 75.000000 
-123.012848 12.701748 23.327993 75.000000 
-122.687622 13.412913 23.316721 113.000000 
-122.556107 13.702125 23.312166 117.000000 
-123.094963 12.488195 23.339911 68.000000 
-122.996735 12.698343 23.328072 78.000000 
-122.663498 13.419961 23.311520 109.000000 
-122.528557 13.713854 23.305094 114.000000 
-123.076157 12.491071 23.335871 66.000000 
-122.979774 12.696431 23.327230 45.000000 
-122.768463 13.151497 23.318027 65.000000 
-122.644386 13.417265 23.311357 102.000000 
-122.496620 13.733602 23.294136 46.000000 
-123.150032 12.298976 23.344265 59.000000 
-123.055618 12.496911 23.329884 68.000000 
-122.742462 13.163301 23.309814 75.000000 
-122.627846 13.409690 23.313725 113.000000 
-123.132584 12.300344 23.341013 65.000000 
-123.039230 12.495086 23.328905 73.000000 
-122.943275 12.697049 23.322796 50.000000 
-122.718910 13.170247 23.304272 69.000000 
-122.602692 13.418090 23.307833 111.000000 
-123.107475 12.315055 23.328506 64.000000 
-123.030487 12.479584 23.336897 83.000000 
-122.922829 12.701098 23.318256 52.000000 
-122.703926 13.161306 23.307480 66.000000 
-122.574829 13.431182 23.299509 119.000000 
-123.092072 12.315404 23.326168 55.000000 
-123.007790 12.491914 23.326847 49.000000 
-122.687950 13.157799 23.307873 104.000000 
-122.557251 13.428971 23.299269 121.000000 
-123.169670 12.123191 23.343899 54.000000 
-123.079590 12.307650 23.329216 57.000000 
-122.784508 12.917219 23.311396 55.000000 
-122.668633 13.156644 23.306801 56.000000 
-123.152855 12.122678 23.341679 69.000000 
-123.068207 12.296585 23.334450 68.000000 
-122.769531 12.908141 23.314749 51.000000 
-122.644966 13.161324 23.302425 63.000000 
-123.134918 12.125314 23.337261 69.000000 
-123.046242 12.305032 23.326235 58.000000 
-122.757118 12.896293 23.319834 48.000000 
-122.619354 13.170990 23.295376 61.000000 
-123.120178 12.123834 23.335981 64.000000 
-122.604279 13.163720 23.297775 69.000000 
-123.187073 11.968163 23.337910 69.000000 
-123.110039 12.113306 23.341228 67.000000 
-122.816383 12.697047 23.308744 82.000000 
-123.173622 11.965317 23.337597 70.000000 
-123.088730 12.119786 23.333824 66.000000 
-122.996613 12.301873 23.321365 46.000000 
-122.800293 12.691131 23.310286 68.000000 
-123.154808 11.967190 23.333204 62.000000 
-123.073311 12.117836 23.332747 67.000000 
-122.779495 12.694595 23.306076 61.000000 
-122.671677 12.910030 23.304281 45.000000 
-123.143105 11.961411 23.335157 62.000000 
-123.055183 12.120147 23.328512 51.000000 
-122.759552 12.696467 23.302855 61.000000 
-122.654747 12.905595 23.305021 45.000000 
-123.206413 11.807051 23.342131 57.000000 
-123.131981 11.952164 23.339544 62.000000 
-123.040611 12.116644 23.328566 47.000000 
-122.856857 12.474569 23.318392 68.000000 
-122.736809 12.702780 23.296850 56.000000 
-122.634132 12.907219 23.302193 45.000000 
-123.186546 11.813563 23.333923 57.000000 
-123.113144 11.957593 23.332748 66.000000 
-123.027855 12.110227 23.330770 45.000000 
-122.831093 12.486860 23.308023 52.000000 
-122.718597 12.701480 23.295603 57.000000 
-123.172882 11.810330 23.333715 58.000000 
-123.099335 11.952483 23.333897 73.000000 
-123.011459 12.109490 23.328766 47.000000 
-122.811676 12.488690 23.304575 50.000000 
-122.706886 12.689616 23.300976 59.000000 
-123.225967 11.677876 23.329992 55.000000 
-123.164627 11.798794 23.340351 58.000000 
-123.072189 11.970390 23.317299 49.000000 
-122.793137 12.488971 23.302151 49.000000 
-122.688675 12.688207 23.299799 55.000000 
-123.215378 11.670651 23.333216 90.000000 
-123.148262 11.799607 23.336792 59.000000 
-123.061050 11.960945 23.321815 45.000000 
-122.883453 12.287098 23.314995 53.000000 
-122.776443 12.486238 23.301722 50.000000 
-122.662895 12.698683 23.291157 45.000000 
-123.202103 11.667430 23.332951 65.000000 
-123.130936 11.801727 23.332138 61.000000 
-123.054878 11.946527 23.330511 46.000000 
-122.863998 12.292466 23.309040 59.000000 
-122.762070 12.482701 23.302052 45.000000 
-123.189964 11.664761 23.332502 62.000000 
-123.113831 11.805761 23.326172 58.000000 
-122.841263 12.299944 23.301344 53.000000 
-122.743454 12.482790 23.299740 47.000000 
-123.176682 11.661454 23.332291 67.000000 
-123.097321 11.806376 23.322723 48.000000 
-122.830109 12.288273 23.307014 48.000000 
-122.720291 12.488289 23.293701 50.000000 
-123.231812 11.529577 23.334900 76.000000 
-123.160965 11.660468 23.329884 69.000000 
-122.814903 12.284107 23.307514 49.000000 
-122.700623 12.489679 23.290504 50.000000 
-123.221313 11.524012 23.336903 63.000000 
-123.138336 11.670371 23.318075 79.000000 
-122.895691 12.104381 23.314568 58.000000 
-122.795845 12.285617 23.303999 47.000000 
-123.202286 11.528229 23.329529 61.000000 
-123.129662 11.660251 23.323793 53.000000 
-123.055504 11.795321 23.322866 47.000000 
-122.880058 12.101750 23.313904 50.000000 
-122.776749 12.287051 23.300528 49.000000 
-123.260979 11.397978 23.337975 56.000000 
-123.184296 11.532957 23.321980 63.000000 
-123.118217 11.654091 23.326036 48.000000 
-123.036995 11.798402 23.317307 49.000000 
-122.867950 12.095208 23.316296 49.000000 
-122.754372 12.294471 23.292925 49.000000 
-123.246178 11.398824 23.333803 65.000000 
-123.169441 11.532129 23.319380 65.000000 
-123.099754 11.658779 23.318890 50.000000 
-122.847443 12.099467 23.310455 47.000000 
-122.742989 12.284367 23.297611 49.000000 
-123.230804 11.399319 23.329773 66.000000 
-123.158905 11.526386 23.321495 67.000000 
-123.087349 11.653849 23.320030 53.000000 
-122.921730 11.947317 23.307779 69.000000 
-122.834694 12.092484 23.313036 46.000000 
-122.729691 12.277076 23.300308 51.000000 
-123.216339 11.398492 23.327011 63.000000 
-123.147285 11.520006 23.323856 61.000000 
-122.906853 11.942943 23.308245 66.000000 
-122.810150 12.102156 23.303099 45.000000 
-123.274017 11.274448 23.336224 61.000000 
-123.201843 11.397609 23.324282 66.000000 
-123.134872 11.516771 23.323626 46.000000 
-123.057716 11.650428 23.316597 48.000000 
-122.893211 11.939200 23.308489 61.000000 
-122.797386 12.095061 23.305748 51.000000 
-123.260864 11.272386 23.334570 70.000000 
-123.191154 11.391659 23.326508 68.000000 
-123.116524 11.519283 23.317678 49.000000 
-122.874374 11.940167 23.304691 57.000000 
-122.784645 12.087932 23.308428 52.000000 
-123.247696 11.270273 23.332947 58.000000 
-123.180489 11.385679 23.328756 69.000000 
-123.101166 11.519780 23.313929 51.000000 
-122.949974 11.782279 23.312685 54.000000 
-122.856728 11.941749 23.300678 61.000000 
-122.764534 12.092173 23.302664 52.000000 
-123.229263 11.275709 23.323660 64.000000 
-123.167465 11.383709 23.327229 51.000000 
-123.087166 11.517357 23.312714 46.000000 
-122.931786 11.785225 23.307264 57.000000 
-122.836418 11.945618 23.294676 61.000000 
-122.741707 12.098722 23.295000 52.000000 
-123.287224 11.155018 23.335981 72.000000 
-123.220856 11.267410 23.328413 66.000000 
-123.149025 11.387603 23.319712 45.000000 
-122.921944 11.775837 23.312059 55.000000 
-122.825714 11.937597 23.298292 54.000000 
-123.276291 11.150502 23.336859 56.000000 
-123.212494 11.259096 23.333185 70.000000 
-123.130508 11.391413 23.312239 46.000000 
-122.900085 11.782282 23.303495 54.000000 
-122.813812 11.928846 23.302202 61.000000 
-123.256660 11.156554 23.326109 50.000000 
-123.195381 11.261633 23.326635 76.000000 
-123.117836 11.387723 23.312155 46.000000 
-122.974968 11.631421 23.313883 62.000000 
-122.884201 11.780720 23.301666 52.000000 
-122.791977 11.935555 23.294029 57.000000 
-123.245697 11.151939 23.327047 52.000000 
-123.179192 11.262890 23.321384 61.000000 
-122.953484 11.637688 23.304934 74.000000 
-122.872360 11.773840 23.304321 53.000000 
-122.774963 11.933406 23.292633 53.000000 
-123.301964 11.038713 23.338121 63.000000 
-123.239639 11.141434 23.334469 54.000000 
-123.166901 11.259275 23.321201 52.000000 
-122.940033 11.633579 23.305227 63.000000 
-122.857483 11.770861 23.303671 48.000000 
-122.752975 11.939934 23.284555 46.000000 
-123.283562 11.043301 23.328398 71.000000 
-123.225769 11.140269 23.331577 60.000000 
-123.157600 11.252027 23.324812 45.000000 
-122.918419 11.639671 23.296371 60.000000 
-122.837440 11.774363 23.297504 48.000000 
-123.270966 11.040994 23.326658 71.000000 
-123.211876 11.139050 23.328718 63.000000 
-123.145332 11.248337 23.324680 47.000000 
-122.913139 11.625224 23.305902 60.000000 
-122.817329 11.777777 23.291386 47.000000 
-123.265732 11.031010 23.334089 71.000000 
-123.194458 11.142717 23.320621 58.000000 
-123.126534 11.253243 23.315681 49.000000 
-122.979401 11.491461 23.308744 63.000000 
-122.896126 11.626415 23.301573 62.000000 
-122.799828 11.778857 23.287388 48.000000 
-123.252151 11.029761 23.331078 77.000000 
-123.181496 11.140218 23.319118 45.000000 
-123.115227 11.248260 23.316866 47.000000 
-122.962776 11.492652 23.304140 54.000000 
-122.883698 11.620842 23.303133 50.000000 
-123.236557 11.030707 23.325460 83.000000 
-123.093758 11.255074 23.305571 48.000000 
-122.948120 11.489388 23.303375 51.000000 
-122.863968 11.624098 23.296730 48.000000 
-122.775085 11.765858 23.291946 45.000000 
-123.221909 11.030463 23.321198 90.000000 
-122.939758 11.480557 23.308264 51.000000 
-122.846268 11.624739 23.292654 48.000000 
-123.213287 11.023455 23.324867 83.000000 
-122.996010 11.362521 23.302860 65.000000 
-122.921967 11.480901 23.304031 50.000000 
-122.829582 11.624045 23.289759 58.000000 
-122.986427 11.354767 23.306704 65.000000 
-122.904167 11.483076 23.298395 52.000000 
-122.821365 11.613235 23.296003 48.000000 
-122.975838 11.350043 23.307884 56.000000 
-122.803665 11.615650 23.290617 58.000000 
-123.175224 11.017298 23.318687 51.000000 
-122.956810 11.352988 23.300900 57.000000 
-123.157440 11.018387 23.312208 50.000000 
-123.018547 11.232131 23.304745 56.000000 
-122.943024 11.348032 23.301474 57.000000 
-123.149895 11.010106 23.317310 49.000000 
-123.004066 11.230276 23.302435 65.000000 
-122.920685 11.354379 23.290964 65.000000 
-122.991692 11.226055 23.302635 61.000000 
-122.911133 11.346418 23.294949 50.000000 
-122.825134 11.474953 23.286877 46.000000 
-122.975037 11.226396 23.297916 60.000000 
-122.896217 11.344333 23.292944 49.000000 
-122.805443 11.477554 23.280460 45.000000 
-123.041168 11.107905 23.306852 49.000000 
-122.961517 11.225033 23.295435 61.000000 
-122.884514 11.340525 23.293091 50.000000 
-123.028069 11.104830 23.305708 69.000000 
-122.950188 11.219521 23.296963 63.000000 
-122.865211 11.343023 23.286358 58.000000 
-123.009583 11.107261 23.298258 57.000000 
-122.938881 11.213972 23.298517 60.000000 
-122.852417 11.338421 23.286856 50.000000 
-122.991028 11.109605 23.290852 54.000000 
-122.922119 11.214071 23.293940 60.000000 
-122.983284 11.100823 23.296141 54.000000 
-122.907516 11.211832 23.291862 60.000000 
-123.048843 10.986880 23.306507 73.000000 
-122.975586 11.092031 23.301443 52.000000 
-122.890686 11.211793 23.287365 61.000000 
-123.030602 10.989017 23.298845 74.000000 
-122.962440 11.088707 23.300455 56.000000 
-122.877136 11.208304 23.286589 65.000000 
-123.022141 10.981499 23.302877 65.000000 
-122.942665 11.091889 23.291939 52.000000 
-122.868042 11.200278 23.290745 58.000000 
-123.011658 10.974372 23.305912 60.000000 
-122.925148 11.091035 23.287537 55.000000 
-122.851242 11.198243 23.287876 51.000000 
-122.993324 10.976308 23.298367 68.000000 
-122.916397 11.083186 23.291685 60.000000 
-122.978096 10.976713 23.293163 68.000000 
-122.907532 11.077078 23.294308 60.000000 
-122.961868 10.976393 23.288280 74.000000 
-122.894341 11.073497 23.293480 53.000000 
-122.952980 10.968357 23.292587 61.000000 
-122.877243 11.072743 23.289078 49.000000 
-122.944595 10.960635 23.296766 65.000000 
-122.928802 10.960486 23.291840 65.000000 
-122.913628 10.958898 23.288380 63.000000 
-122.899094 10.955874 23.286386 61.000000 
-122.887314 10.951083 23.286837 49.000000 
-122.879944 10.943877 23.290836 46.000000 
-123.138504 12.644913 23.334505 121.000000 
-123.119072 12.643500 23.333546 122.000000 
-123.101761 12.636958 23.335035 125.000000 
-123.078728 12.643854 23.330141 122.000000 
-123.175400 12.346280 23.339531 107.000000 
-123.054893 12.652346 23.324492 125.000000 
-123.156776 12.344891 23.338522 121.000000 
-123.033890 12.654019 23.322092 126.000000 
-123.140335 12.338462 23.340078 117.000000 
-123.014313 12.652261 23.321337 56.000000 
-123.115791 12.350212 23.332405 115.000000 
-122.996948 12.645411 23.323021 50.000000 
-123.207085 12.080374 23.341770 59.000000 
-123.093361 12.356895 23.327305 123.000000 
-122.975868 12.646878 23.320745 68.000000 
-123.185440 12.087148 23.336294 107.000000 
-123.078362 12.346974 23.330658 124.000000 
-122.953232 12.651613 23.316914 51.000000 
-123.171059 12.038187 23.328865 63.000000 
-123.065521 12.292938 23.326124 48.000000 
-123.152290 12.038287 23.326994 75.000000 
-123.238907 11.790140 23.337130 53.000000 
-123.131195 12.043194 23.322517 112.000000 
-123.018738 12.309055 23.314526 109.000000 
-123.217773 11.796740 23.331398 60.000000 
-123.120842 12.025317 23.330408 117.000000 
-122.875771 12.600832 23.306303 66.000000 
-123.198875 11.798460 23.328472 53.000000 
-123.099701 12.030097 23.326008 55.000000 
-122.852867 12.605165 23.302689 118.000000 
-123.179939 11.800111 23.325584 63.000000 
-123.076927 12.038028 23.319893 54.000000 
-122.830696 12.607754 23.299913 120.000000 
-123.252831 11.590468 23.324528 77.000000 
-123.171921 11.781306 23.334602 57.000000 
-123.057220 12.041362 23.316364 54.000000 
-122.812531 12.604024 23.300259 117.000000 
-123.233658 11.593707 23.320478 66.000000 
-123.148232 11.792396 23.326269 61.000000 
-123.037468 12.042673 23.313847 50.000000 
-122.795113 12.596564 23.302332 120.000000 
-123.218399 11.589044 23.321264 63.000000 
-122.897240 12.314791 23.301645 120.000000 
-122.772041 12.600586 23.298893 108.000000 
-123.207153 11.576521 23.326870 63.000000 
-122.879845 12.309202 23.302856 117.000000 
-122.745636 12.611099 23.292334 111.000000 
-123.274071 11.389065 23.322456 64.000000 
-123.187828 11.581456 23.321880 75.000000 
-122.863289 12.303927 23.304001 111.000000 
-122.719994 12.621889 23.285717 62.000000 
-123.257782 11.387559 23.321228 63.000000 
-123.163658 11.593784 23.312239 66.000000 
-122.842606 12.304717 23.301954 109.000000 
-122.697517 12.623990 23.283215 102.000000 
-123.244850 11.378029 23.325104 61.000000 
-123.141083 11.601016 23.305609 53.000000 
-122.939789 12.044957 23.303621 72.000000 
-122.819397 12.308296 23.298395 105.000000 
-123.308304 11.202164 23.322313 65.000000 
-123.226105 11.381010 23.320955 65.000000 
-123.124924 11.597616 23.305614 45.000000 
-122.922318 12.041058 23.303968 104.000000 
-122.793602 12.318614 23.291454 107.000000 
-123.298920 11.190444 23.328144 62.000000 
-123.208817 11.382706 23.317747 69.000000 
-123.118622 11.577455 23.316051 50.000000 
-122.903954 12.040644 23.302500 66.000000 
-122.775284 12.316308 23.291092 111.000000 
-123.280685 11.193410 23.323751 53.000000 
-123.190804 11.384023 23.314669 50.000000 
-122.879700 12.049339 23.295950 75.000000 
-122.760384 12.305519 23.295027 113.000000 
-123.266716 11.187016 23.325686 53.000000 
-122.857964 12.051224 23.293043 75.000000 
-122.736984 12.308766 23.291656 117.000000 
-123.329506 11.018229 23.326885 66.000000 
-123.250084 11.186863 23.323429 57.000000 
-123.158173 11.378542 23.313683 49.000000 
-122.957947 11.800730 23.302111 55.000000 
-122.836967 12.053391 23.290071 63.000000 
-123.323029 11.004077 23.334949 63.000000 
-123.232224 11.191746 23.317924 68.000000 
-122.946945 11.789721 23.306791 48.000000 
-122.823570 12.045159 23.292994 72.000000 
-123.306076 11.005438 23.331453 57.000000 
-123.207855 11.204865 23.306471 47.000000 
-122.918015 11.807560 23.294447 46.000000 
-122.804260 12.044041 23.291836 72.000000 
-123.284393 11.011972 23.323912 64.000000 
-123.008247 11.578472 23.302818 49.000000 
-122.900505 11.801241 23.296009 49.000000 
-122.778084 12.051544 23.285755 50.000000 
-123.350159 10.856045 23.326075 75.000000 
-123.265617 11.016100 23.318359 69.000000 
-122.980667 11.594509 23.290781 71.000000 
-122.888031 11.789386 23.301008 48.000000 
-123.337837 10.850159 23.327940 64.000000 
-123.253464 11.010274 23.320213 69.000000 
-122.962463 11.595512 23.288160 61.000000 
-123.320992 10.853105 23.323112 59.000000 
-123.245903 10.995392 23.328583 55.000000 
-122.951485 11.582395 23.294201 55.000000 
-122.846191 11.796854 23.292870 48.000000 
-123.303467 10.855684 23.318417 62.000000 
-122.937012 11.575337 23.296484 61.000000 
-123.371399 10.692877 23.332193 57.000000 
-123.289391 10.852504 23.318167 64.000000 
-123.018265 11.376987 23.296825 64.000000 
-122.918953 11.574306 23.295025 55.000000 
-122.806068 11.799008 23.287737 49.000000 
-123.352585 10.698203 23.324982 53.000000 
-123.278564 10.845324 23.321152 73.000000 
-123.002579 11.373107 23.297112 55.000000 
-123.337204 10.697886 23.322363 63.000000 
-123.268311 10.834675 23.326559 62.000000 
-122.987808 11.367688 23.298414 49.000000 
-123.398987 10.550361 23.331800 69.000000 
-123.320030 10.700285 23.317503 59.000000 
-123.244179 10.848643 23.313099 48.000000 
-122.969391 11.368162 23.295824 49.000000 
-122.856384 11.584384 23.282410 55.000000 
-123.381378 10.554123 23.325502 69.000000 
-123.309929 10.691541 23.321772 65.000000 
-123.048996 11.180592 23.299032 53.000000 
-122.949104 11.371530 23.291315 50.000000 
-122.840034 11.580055 23.282995 64.000000 
-123.366379 10.553746 23.322758 60.000000 
-123.298973 10.684155 23.324926 66.000000 
-123.033340 11.180321 23.297014 56.000000 
-123.349808 10.557955 23.316334 62.000000 
-123.282913 10.686996 23.319958 55.000000 
-123.200615 10.841490 23.310514 45.000000 
-123.014481 11.182217 23.293222 52.000000 
-122.914391 11.371354 23.287073 46.000000 
-123.407341 10.422334 23.322592 58.000000 
-123.337433 10.553413 23.317169 69.000000 
-123.263802 10.691914 23.312965 50.000000 
-122.992783 11.188384 23.286423 51.000000 
-122.897697 11.368606 23.286594 51.000000 
-123.393921 10.418963 23.322237 67.000000 
-123.327782 10.544797 23.321539 74.000000 
-122.978493 11.182891 23.287796 52.000000 
-123.376175 10.424013 23.314482 63.000000 
-123.313614 10.542872 23.320087 75.000000 
-123.066315 10.989860 23.304403 56.000000 
-122.960442 11.183125 23.285143 46.000000 
-123.362709 10.420530 23.314194 63.000000 
-123.295761 10.546252 23.313997 67.000000 
-123.041306 11.001537 23.293062 55.000000 
-122.948997 11.173212 23.289623 51.000000 
-123.423065 10.286159 23.326536 59.000000 
-123.355843 10.409737 23.320948 63.000000 
-123.275063 10.553563 23.304449 46.000000 
-123.026611 10.997566 23.293343 51.000000 
-122.930916 11.173328 23.287041 55.000000 
-123.402336 10.294537 23.314911 66.000000 
-123.338715 10.411404 23.315903 67.000000 
-123.013817 10.990728 23.295757 49.000000 
-122.909920 11.177673 23.281466 55.000000 
-123.389778 10.291348 23.314466 61.000000 
-123.321716 10.414894 23.309486 82.000000 
-123.253052 10.539978 23.309937 46.000000 
-123.090805 10.832739 23.297747 67.000000 
-123.001694 10.984200 23.298077 51.000000 
-122.892418 11.178001 23.278839 48.000000 
-123.446587 10.167280 23.323956 45.000000 
-123.379608 10.285862 23.316416 63.000000 
-123.305969 10.415414 23.305614 72.000000 
-123.238419 10.539420 23.307371 50.000000 
-123.070831 10.837117 23.291418 61.000000 
-122.983147 10.985705 23.294254 51.000000 
-123.426102 10.175306 23.311987 66.000000 
-123.368919 10.280060 23.318491 72.000000 
-123.296379 10.408399 23.308859 53.000000 
-123.053337 10.838995 23.287186 57.000000 
-122.964554 10.987137 23.290476 51.000000 
-123.419441 10.164693 23.319101 64.000000 
-123.350746 10.284343 23.310722 72.000000 
-123.205055 10.541471 23.299082 45.000000 
-123.040382 10.831893 23.289745 59.000000 
-122.945915 10.988492 23.286737 52.000000 
-123.408173 10.160240 23.319891 60.000000 
-123.334389 10.286021 23.305460 65.000000 
-123.270477 10.401430 23.308451 45.000000 
-123.117630 10.669621 23.301397 60.000000 
-123.028679 10.825436 23.292088 64.000000 
-122.927231 10.989772 23.283043 45.000000 
-123.451675 10.056266 23.314611 57.000000 
-123.392212 10.161898 23.314371 58.000000 
-123.325577 10.277567 23.310083 72.000000 
-123.096054 10.676445 23.292585 51.000000 
-123.009880 10.826452 23.288208 59.000000 
-123.442154 10.050953 23.316555 59.000000 
-123.380936 10.157357 23.315214 64.000000 
-123.313950 10.272860 23.311035 52.000000 
-123.079285 10.676490 23.289421 48.000000 
-122.990280 10.830806 23.281956 61.000000 
-123.431641 10.045050 23.318726 54.000000 
-123.364899 10.158895 23.309763 64.000000 
-123.295593 10.276875 23.303413 52.000000 
-123.225227 10.398007 23.301016 45.000000 
-123.072357 10.663141 23.297476 50.000000 
-122.967400 10.837094 23.273846 55.000000 
-123.419312 10.043254 23.316814 51.000000 
-123.352646 10.155485 23.309399 64.000000 
-123.284904 10.270823 23.305653 55.000000 
-123.129272 10.534323 23.288837 65.000000 
-123.047630 10.673720 23.285440 55.000000 
-122.953651 10.833138 23.274160 61.000000 
-123.471397 9.933272 23.324360 57.000000 
-123.406456 10.041127 23.315039 52.000000 
-123.348625 10.142600 23.319048 70.000000 
-123.265038 10.277492 23.295540 52.000000 
-123.114426 10.533309 23.286537 62.000000 
-123.035362 10.668607 23.286722 53.000000 
-122.943314 10.823379 23.278944 61.000000 
-123.461746 9.927740 23.326426 78.000000 
-123.391212 10.042791 23.309298 56.000000 
-123.329628 10.147625 23.309904 47.000000 
-123.254333 10.271348 23.297836 49.000000 
-123.103958 10.525428 23.290152 60.000000 
-123.015472 10.672375 23.280359 58.000000 
-122.927574 10.822042 23.277159 53.000000 
-123.443512 9.932534 23.316557 68.000000 
-123.380714 10.036731 23.311573 54.000000 
-123.314445 10.147722 23.305843 52.000000 
-123.086517 10.526572 23.285736 58.000000 
-123.003601 10.665500 23.282946 55.000000 
-123.430962 9.930359 23.314695 63.000000 
-123.372681 10.028577 23.316347 58.000000 
-123.298248 10.148961 23.300560 58.000000 
-123.068016 10.528932 23.280212 62.000000 
-122.990738 10.659908 23.284447 61.000000 
-123.418884 9.928419 23.312754 60.000000 
-123.361282 10.025394 23.315863 65.000000 
-123.287453 10.144423 23.301481 55.000000 
-123.143318 10.382049 23.294884 51.000000 
-123.051048 10.530263 23.275749 62.000000 
-122.976433 10.657249 23.283621 55.000000 
-123.405334 9.927291 23.309624 77.000000 
-123.338562 10.034748 23.301321 46.000000 
-123.275162 10.140745 23.301287 55.000000 
-123.131851 10.377133 23.296055 47.000000 
-123.038551 10.524773 23.277187 60.000000 
-123.397141 9.919001 23.314573 77.000000 
-123.326096 10.030856 23.301128 45.000000 
-123.111618 10.379963 23.289354 46.000000 
-123.027557 10.516344 23.281076 64.000000 
-122.935677 10.663778 23.271395 45.000000 
-123.385544 9.915516 23.314144 83.000000 
-123.315125 10.026055 23.302137 46.000000 
-123.177399 10.249727 23.296282 50.000000 
-123.099113 10.376199 23.289404 49.000000 
-123.013039 10.513332 23.280281 60.000000 
-123.369980 9.916509 23.308458 80.000000 
-123.307159 10.017742 23.307028 47.000000 
-123.161674 10.249415 23.292681 60.000000 
-123.082413 10.375463 23.286203 51.000000 
-122.995399 10.514083 23.276091 53.000000 
-123.355362 9.916307 23.304129 61.000000 
-123.290184 10.019817 23.300373 45.000000 
-123.142838 10.252678 23.285473 50.000000 
-123.069893 10.371604 23.286314 49.000000 
-122.977715 10.514759 23.271942 58.000000 
-123.341713 9.914921 23.301151 48.000000 
-123.128059 10.251016 23.283161 51.000000 
-123.054184 10.369505 23.284363 51.000000 
-122.965233 10.509037 23.273535 47.000000 
-123.336098 9.904527 23.308737 54.000000 
-123.191612 10.128074 23.289604 54.000000 
-123.117409 10.244471 23.285730 54.000000 
-123.035370 10.372957 23.277481 50.000000 
-123.323944 9.902241 23.307011 58.000000 
-123.173576 10.131431 23.282019 65.000000 
-123.112534 10.232210 23.294243 57.000000 
-123.018044 10.373524 23.273127 51.000000 
-123.307213 9.904060 23.300177 55.000000 
-123.155998 10.133213 23.275846 63.000000 
-123.092514 10.236419 23.285973 54.000000 
-123.005455 10.369453 23.273365 48.000000 
-123.290428 9.905803 23.293383 45.000000 
-123.146721 10.125578 23.279659 61.000000 
-123.077698 10.234554 23.283787 58.000000 
-122.991768 10.364649 23.273909 46.000000 
-123.279770 9.900839 23.294493 50.000000 
-123.140625 10.114430 23.287218 61.000000 
-123.058609 10.237400 23.276812 58.000000 
-122.984535 10.354393 23.280052 47.000000 
-123.191147 10.009878 23.280312 62.000000 
-123.122986 10.116045 23.281147 63.000000 
-123.045853 10.233027 23.277111 56.000000 
-123.179085 10.005770 23.280327 63.000000 
-123.106346 10.116423 23.276358 65.000000 
-123.032028 10.229795 23.276236 63.000000 
-123.170197 9.998248 23.284185 54.000000 
-123.088600 10.117882 23.270370 60.000000 
-123.018196 10.226513 23.275393 56.000000 
-123.158157 9.994066 23.284250 51.000000 
-123.077240 10.112366 23.271841 67.000000 
-123.001106 10.226710 23.270983 56.000000 
-123.218636 9.884517 23.289854 60.000000 
-123.144470 9.992399 23.281673 53.000000 
-123.069641 10.103713 23.276903 63.000000 
-123.207993 9.879320 23.291121 78.000000 
-123.125969 9.994804 23.274193 55.000000 
-123.050728 10.106132 23.269791 67.000000 
-123.190468 9.880252 23.284739 77.000000 
-123.115547 9.987921 23.277020 55.000000 
-123.035599 10.103569 23.267790 65.000000 
-123.177673 9.877117 23.283464 61.000000 
-123.108910 9.978022 23.283529 64.000000 
-123.019867 10.102421 23.264456 58.000000 
-123.158257 9.882083 23.272875 61.000000 
-123.092392 9.979796 23.277145 54.000000 
-123.008430 10.098504 23.264557 56.000000 
-123.149742 9.874553 23.276854 65.000000 
-123.075943 9.979735 23.272339 53.000000 
-123.142357 9.865938 23.282146 68.000000 
-123.059441 9.979601 23.267574 54.000000 
-123.130623 9.861558 23.282282 60.000000 
-123.046227 9.976123 23.266624 48.000000 
-123.106911 9.867050 23.269812 74.000000 
-123.040924 9.963222 23.276047 49.000000 
-123.095131 9.862545 23.270021 65.000000 
-123.083832 9.858333 23.270117 65.000000 
-123.076530 9.849563 23.275526 68.000000 
-123.062531 9.847034 23.273241 60.000000 
-123.041733 9.850677 23.263294 58.000000 
-123.037888 9.838703 23.272619 51.000000 
-123.288231 11.458797 23.320759 59.000000 
-123.273232 11.447388 23.324627 119.000000 
-123.251244 11.452821 23.320438 121.000000 
-123.233452 11.448060 23.321144 122.000000 
-123.326614 11.159823 23.329088 102.000000 
-123.213654 11.450303 23.318577 124.000000 
-123.305359 11.165229 23.324646 120.000000 
-123.191513 11.455511 23.314512 122.000000 
-123.287750 11.164233 23.323565 121.000000 
-123.172356 11.455935 23.312830 64.000000 
-123.267113 11.167833 23.320053 119.000000 
-123.154518 11.450933 23.313686 62.000000 
-123.363045 10.844352 23.329647 57.000000 
-123.254120 11.112217 23.316902 122.000000 
-123.139999 11.396763 23.309969 66.000000 
-123.335732 10.864324 23.316996 71.000000 
-123.237122 11.107416 23.317709 121.000000 
-123.114670 11.408356 23.302856 50.000000 
-123.320152 10.856168 23.319576 69.000000 
-123.223824 11.092345 23.323713 47.000000 
-123.298607 10.862918 23.314121 106.000000 
-123.384514 10.617229 23.325443 59.000000 
-123.280800 10.863405 23.312174 116.000000 
-123.361320 10.628759 23.316875 61.000000 
-123.271378 10.844061 23.320978 102.000000 
-123.035408 11.403863 23.298973 121.000000 
-123.346458 10.622619 23.318546 58.000000 
-123.254356 10.840899 23.320951 45.000000 
-123.008911 11.416664 23.291292 121.000000 
-123.417412 10.413196 23.319899 55.000000 
-123.327736 10.624411 23.315620 57.000000 
-122.988571 11.416112 23.290071 120.000000 
-123.393867 10.426061 23.309971 78.000000 
-123.313667 10.616580 23.318283 75.000000 
-123.205376 10.865060 23.304211 45.000000 
-122.969803 11.412185 23.290491 120.000000 
-123.380356 10.418444 23.312639 67.000000 
-123.297264 10.613482 23.318203 53.000000 
-122.952629 11.404900 23.292549 121.000000 
-123.364510 10.415487 23.312443 68.000000 
-123.051613 11.128652 23.292093 112.000000 
-122.928223 11.412390 23.287457 66.000000 
-123.438339 10.211132 23.320988 63.000000 
-123.351051 10.407792 23.315170 75.000000 
-123.037689 11.116728 23.296644 107.000000 
-122.899673 11.428005 23.278427 111.000000 
-123.415932 10.222119 23.311672 61.000000 
-123.330406 10.414097 23.309261 86.000000 
-123.017303 11.117755 23.294514 49.000000 
-122.879158 11.427079 23.277424 120.000000 
-123.403839 10.213069 23.315430 58.000000 
-123.312111 10.415647 23.306280 67.000000 
-122.996056 11.120326 23.291588 111.000000 
-122.861092 11.421165 23.278852 102.000000 
-123.393150 10.204593 23.319036 59.000000 
-123.291946 10.423976 23.299305 49.000000 
-123.095741 10.860634 23.296316 75.000000 
-122.974747 11.126779 23.286814 113.000000 
-123.455231 10.030911 23.317137 50.000000 
-123.373817 10.209246 23.313837 67.000000 
-123.277641 10.417628 23.301203 45.000000 
-123.079346 10.855310 23.297510 61.000000 
-122.947563 11.140493 23.278118 122.000000 
-123.434258 10.036470 23.310768 51.000000 
-123.353043 10.213207 23.308867 63.000000 
-123.262756 10.409050 23.304285 48.000000 
-123.057220 10.857194 23.294563 58.000000 
-122.933708 11.124344 23.284746 121.000000 
-123.421913 10.029041 23.313612 56.000000 
-123.333572 10.217698 23.303753 69.000000 
-123.034920 10.862871 23.289696 61.000000 
-122.920738 11.110518 23.290344 120.000000 
-123.406776 10.029660 23.311108 57.000000 
-123.319572 10.215137 23.303478 45.000000 
-123.135811 10.612054 23.302309 48.000000 
-123.011559 10.873930 23.282028 75.000000 
-123.473145 9.853985 23.319193 58.000000 
-123.386963 10.035599 23.304674 57.000000 
-123.305878 10.208872 23.305420 49.000000 
-123.114174 10.617750 23.297091 51.000000 
-122.994217 10.869928 23.282505 66.000000 
-123.460518 9.848171 23.321007 56.000000 
-123.370422 10.035491 23.302425 57.000000 
-123.283745 10.217710 23.297428 51.000000 
-122.974289 10.870611 23.280396 72.000000 
-123.445396 9.846711 23.319626 52.000000 
-123.357246 10.029373 23.304354 56.000000 
-123.068939 10.631991 23.284960 51.000000 
-122.956062 10.868067 23.280075 63.000000 
-123.495636 9.717444 23.303572 49.000000 
-123.427719 9.849580 23.315060 58.000000 
-123.157394 10.408812 23.292437 68.000000 
-123.052269 10.628098 23.285360 55.000000 
-122.935204 10.870184 23.277178 52.000000 
-123.484451 9.708534 23.307722 65.000000 
-123.408279 9.855291 23.308384 67.000000 
-123.134422 10.417353 23.285069 68.000000 
-123.040848 10.614851 23.291273 52.000000 
-123.473686 9.701608 23.310600 61.000000 
-123.396484 9.847833 23.311394 66.000000 
-123.116600 10.416644 23.283461 55.000000 
-123.020691 10.617058 23.288094 53.000000 
-123.457451 9.701210 23.308142 64.000000 
-123.385590 9.838891 23.315500 66.000000 
-123.099640 10.414350 23.282843 57.000000 
-122.996941 10.625362 23.281315 55.000000 
-123.516632 9.551400 23.313221 57.000000 
-123.442406 9.701339 23.305527 66.000000 
-123.184814 10.209162 23.289999 47.000000 
-123.086929 10.406266 23.285950 59.000000 
-122.975624 10.630847 23.276287 45.000000 
-123.501152 9.552974 23.309273 60.000000 
-123.426720 9.701117 23.303041 68.000000 
-123.347908 9.848709 23.303377 47.000000 
-123.162224 10.217437 23.282305 49.000000 
-123.064606 10.412967 23.279703 56.000000 
-122.955284 10.632805 23.273241 45.000000 
-123.488510 9.548630 23.310028 63.000000 
-123.415993 9.694042 23.306023 73.000000 
-123.326439 9.856952 23.294760 46.000000 
-123.146690 10.213689 23.282568 47.000000 
-123.041290 10.421086 23.272558 66.000000 
-123.538063 9.419182 23.305557 52.000000 
-123.471512 9.551195 23.305096 63.000000 
-123.402313 9.689174 23.307016 68.000000 
-123.315536 9.847824 23.298986 46.000000 
-123.136566 10.200964 23.288792 49.000000 
-123.020592 10.424575 23.268305 63.000000 
-123.528412 9.410831 23.309807 69.000000 
-123.455338 9.552303 23.301342 66.000000 
-123.385437 9.691927 23.302315 52.000000 
-123.119255 10.200102 23.287142 49.000000 
-123.009880 10.411401 23.274506 53.000000 
-123.509148 9.417385 23.301115 64.000000 
-123.443550 9.546432 23.303329 68.000000 
-123.362816 9.701050 23.292339 52.000000 
-123.189163 10.027712 23.281994 54.000000 
-123.094604 10.211026 23.277647 51.000000 
-122.990051 10.413252 23.271276 55.000000 
-123.495979 9.414376 23.300707 62.000000 
-123.431778 9.540526 23.305344 66.000000 
-123.345802 9.703652 23.287718 53.000000 
-123.176888 10.019606 23.285295 51.000000 
-123.076279 10.211492 23.275099 56.000000 
-123.552109 9.278768 23.308292 50.000000 
-123.481026 9.414023 23.297976 64.000000 
-123.418236 9.537343 23.305103 72.000000 
-123.337463 9.690132 23.295458 54.000000 
-123.158195 10.021630 23.281462 48.000000 
-123.056984 10.213361 23.271606 50.000000 
-123.541672 9.273459 23.310125 67.000000 
-123.470528 9.406878 23.301153 69.000000 
-123.401985 9.538236 23.301479 46.000000 
-123.139465 10.023580 23.277670 49.000000 
-123.046028 10.201907 23.276997 55.000000 
-123.528366 9.270194 23.309753 59.000000 
-123.460060 9.399706 23.304354 85.000000 
-123.222404 9.836622 23.291965 58.000000 
-123.121605 10.024010 23.274939 52.000000 
-123.024811 10.206591 23.271618 54.000000 
-123.516159 9.267448 23.309212 61.000000 
-123.443268 9.401896 23.299364 72.000000 
-123.369347 9.539828 23.294340 46.000000 
-123.201088 9.844578 23.283562 56.000000 
-123.105316 10.023273 23.273146 56.000000 
-123.567520 9.145165 23.311853 61.000000 
-123.503395 9.264379 23.308798 61.000000 
-123.430649 9.398961 23.298996 72.000000 
-123.359093 9.532647 23.297523 45.000000 
-123.179985 9.850694 23.276381 50.000000 
-123.090233 10.019254 23.273548 52.000000 
-123.552406 9.146021 23.307596 66.000000 
-123.494820 9.256322 23.313141 65.000000 
-123.416542 9.397022 23.297588 49.000000 
-123.165398 9.846837 23.276644 50.000000 
-123.073242 10.018057 23.271948 53.000000 
-123.529976 9.157023 23.293432 66.000000 
-123.477852 9.258107 23.308054 67.000000 
-123.399635 9.399027 23.292704 51.000000 
-123.246391 9.680330 23.286743 87.000000 
-123.152718 9.840116 23.279049 51.000000 
-123.054314 10.019663 23.268353 56.000000 
-123.596321 9.017882 23.319309 45.000000 
-123.524811 9.143727 23.302908 68.000000 
-123.458229 9.265607 23.297976 59.000000 
-123.388275 9.392991 23.294868 51.000000 
-123.230080 9.681079 23.283485 64.000000 
-123.140053 9.833359 23.281483 51.000000 
-123.573334 9.029802 23.303413 62.000000 
-123.516045 9.135519 23.307434 69.000000 
-123.442993 9.264639 23.295380 88.000000 
-123.375053 9.389574 23.294724 51.000000 
-123.211555 9.682487 23.279411 57.000000 
-123.119720 9.837780 23.275518 55.000000 
-123.556625 9.032938 23.296495 66.000000 
-123.499908 9.137425 23.302063 69.000000 
-123.422272 9.273267 23.284182 47.000000 
-123.192284 9.687226 23.272955 55.000000 
-123.103188 9.836519 23.273808 51.000000 
-123.548180 9.024889 23.301077 66.000000 
-123.483711 9.139263 23.296730 72.000000 
-123.419189 9.255373 23.297287 46.000000 
-123.269829 9.522153 23.288433 47.000000 
-123.175583 9.685733 23.271147 59.000000 
-123.082726 9.840777 23.267931 51.000000 
-123.597466 8.912726 23.305845 49.000000 
-123.537910 9.019288 23.303131 64.000000 
-123.466530 9.142292 23.290195 77.000000 
-123.403107 9.257424 23.292168 49.000000 
-123.252312 9.523791 23.284029 60.000000 
-123.169792 9.671166 23.280016 59.000000 
-123.066124 9.839381 23.266300 46.000000 
-123.584755 8.910865 23.303938 59.000000 
-123.523918 9.018569 23.300123 66.000000 
-123.457794 9.133936 23.294823 85.000000 
-123.387787 9.256235 23.289705 45.000000 
-123.234756 9.525357 23.279665 55.000000 
-123.151146 9.672311 23.276094 59.000000 
-123.055412 9.829592 23.270996 47.000000 
-123.571091 8.910151 23.300758 58.000000 
-123.509895 9.017795 23.297146 68.000000 
-123.448151 9.126817 23.298233 54.000000 
-123.219093 9.524180 23.277592 52.000000 
-123.131706 9.676778 23.269793 62.000000 
-123.563034 8.902232 23.305428 56.000000 
-123.494904 9.018188 23.292934 73.000000 
-123.436630 9.122174 23.299198 57.000000 
-123.285957 9.381184 23.282862 62.000000 
-123.209312 9.514952 23.282290 54.000000 
-123.107018 9.685908 23.259451 62.000000 
-123.613449 8.793797 23.312721 60.000000 
-123.547462 8.903807 23.299698 58.000000 
-123.486549 9.009993 23.297628 76.000000 
-123.418373 9.126223 23.291567 55.000000 
-123.263847 9.389137 23.272505 79.000000 
-123.192650 9.515004 23.279156 63.000000 
-123.099358 9.673940 23.266247 64.000000 
-123.595894 8.799061 23.302641 64.000000 
-123.534233 8.903225 23.296499 58.000000 
-123.477791 9.003286 23.300962 84.000000 
-123.398628 9.132976 23.281401 50.000000 
-123.252052 9.384321 23.273653 56.000000 
-123.172569 9.520625 23.271454 52.000000 
-123.089157 9.664321 23.271025 52.000000 
-123.585335 8.794750 23.303375 71.000000 
-123.520485 8.902308 23.293438 58.000000 
-123.456963 9.010807 23.289248 56.000000 
-123.244667 9.372669 23.280733 60.000000 
-123.154816 9.521855 23.267282 58.000000 
-123.570023 8.796150 23.297470 68.000000 
-123.510559 8.896625 23.295601 58.000000 
-123.445740 9.006145 23.290218 51.000000 
-123.224380 9.377809 23.272810 62.000000 
-123.143051 9.515100 23.269857 51.000000 
-123.558495 8.792901 23.296925 71.000000 
-123.498718 8.893262 23.295193 56.000000 
-123.431595 9.005061 23.287428 52.000000 
-123.289749 9.242737 23.278351 56.000000 
-123.204002 9.382855 23.264935 74.000000 
-123.133339 9.505683 23.274693 51.000000 
-123.545036 8.791896 23.293747 77.000000 
-123.492714 8.882828 23.302584 68.000000 
-123.421364 8.999117 23.289715 49.000000 
-123.276260 9.238575 23.278542 56.000000 
-123.194656 9.373672 23.269785 58.000000 
-123.108406 9.515921 23.262819 53.000000 
-123.537369 8.784006 23.298573 80.000000 
-123.472084 8.889920 23.290571 47.000000 
-123.260841 9.238770 23.274952 55.000000 
-123.174179 9.378569 23.261992 62.000000 
-123.525841 8.780643 23.298103 80.000000 
-123.454300 8.893414 23.282488 45.000000 
-123.243279 9.239508 23.270462 53.000000 
-123.164864 9.369311 23.266897 64.000000 
-123.511375 8.780635 23.293684 61.000000 
-123.316696 9.099813 23.288141 59.000000 
-123.230843 9.235831 23.270500 59.000000 
-123.144295 9.374059 23.259188 60.000000 
-123.498840 8.778309 23.291946 68.000000 
-123.298065 9.103264 23.280842 58.000000 
-123.217316 9.231459 23.270824 61.000000 
-123.129837 9.371084 23.258410 64.000000 
-123.483315 8.779311 23.286270 65.000000 
-123.279350 9.106630 23.273588 56.000000 
-123.204880 9.227697 23.270920 53.000000 
-123.114334 9.369325 23.256521 55.000000 
-123.475723 8.771274 23.291204 45.000000 
-123.264687 9.105076 23.271248 54.000000 
-123.191353 9.223232 23.271305 53.000000 
-123.098808 9.367505 23.254667 57.000000 
-123.468178 8.763223 23.296154 53.000000 
-123.330872 8.979074 23.282560 68.000000 
-123.252068 9.101052 23.271376 57.000000 
-123.172661 9.226787 23.264378 51.000000 
-123.454559 8.763547 23.291653 50.000000 
-123.313477 8.982851 23.274799 69.000000 
-123.243614 9.094028 23.274914 59.000000 
-123.161240 9.221649 23.265743 52.000000 
-123.439957 8.763227 23.287418 53.000000 
-123.292931 8.988262 23.264833 63.000000 
-123.227875 9.093528 23.271452 54.000000 
-123.145622 9.221384 23.262424 51.000000 
-123.429405 8.758415 23.288483 50.000000 
-123.285828 8.978407 23.271133 61.000000 
-123.210007 9.095353 23.265604 59.000000 
-123.132050 9.216707 23.262941 51.000000 
-123.342911 8.866188 23.274208 85.000000 
-123.272499 8.975523 23.269972 69.000000 
-123.192078 9.097098 23.259800 57.000000 
-123.115311 9.217545 23.258518 45.000000 
-123.328392 8.864191 23.271738 63.000000 
-123.258652 8.972268 23.268974 74.000000 
-123.183121 9.087741 23.265053 56.000000 
-123.314339 8.862448 23.269175 58.000000 
-123.243187 8.971594 23.265390 63.000000 
-123.173676 9.079885 23.268982 61.000000 
-123.304482 8.856156 23.271749 51.000000 
-123.222366 8.976615 23.255638 67.000000 
-123.157822 9.079089 23.265697 58.000000 
-123.292526 8.852077 23.271797 50.000000 
-123.214294 8.967755 23.260817 69.000000 
-123.136536 9.084111 23.256428 51.000000 
-123.348938 8.745909 23.274584 73.000000 
-123.277374 8.851301 23.268055 58.000000 
-123.204117 8.961172 23.263535 63.000000 
-123.341545 8.737556 23.279757 71.000000 
-123.258980 8.853797 23.260532 54.000000 
-123.188553 8.960264 23.260090 61.000000 
-123.327209 8.737054 23.275686 65.000000 
-123.248550 8.848774 23.261812 53.000000 
-123.171303 8.961902 23.254074 65.000000 
-123.312370 8.736178 23.271782 63.000000 
-123.244125 8.836767 23.270863 56.000000 
-123.154579 8.961993 23.249475 49.000000 
-123.293793 8.738137 23.264141 61.000000 
-123.222977 8.840956 23.261051 58.000000 
-123.281044 8.734987 23.262915 71.000000 
-123.209885 8.837688 23.260014 52.000000 
-123.275894 8.724343 23.270805 58.000000 
-123.191292 8.839837 23.252689 49.000000 
-123.259872 8.724302 23.265738 60.000000 
-123.181465 8.833183 23.255510 49.000000 
-123.242088 8.726627 23.257984 68.000000 
-123.228188 8.724333 23.255587 74.000000 
-123.216011 8.719557 23.255947 60.000000 
-123.208771 8.710888 23.261356 65.000000 
-123.194847 8.708452 23.259050 54.000000 
-123.176407 8.710110 23.251631 48.000000 
-123.444389 10.305391 23.318808 55.000000 
-123.426727 10.300929 23.319443 121.000000 
-123.409073 10.296414 23.320116 123.000000 
-123.393379 10.284772 23.324135 120.000000 
-123.473930 10.019610 23.321585 104.000000 
-123.366577 10.302095 23.314377 124.000000 
-123.448563 10.035196 23.312057 120.000000 
-123.346031 10.304137 23.311935 124.000000 
-123.437363 10.017406 23.319557 113.000000 
-123.325447 10.306108 23.309536 119.000000 
-123.416969 10.023168 23.315126 121.000000 
-123.304947 10.310011 23.306288 68.000000 
-123.506683 9.709416 23.320621 59.000000 
-123.402580 9.971109 23.310682 122.000000 
-123.294159 10.247701 23.307016 108.000000 
-123.482506 9.723063 23.311535 74.000000 
-123.384193 9.969786 23.309803 123.000000 
-123.272736 10.251145 23.303934 63.000000 
-123.465561 9.720269 23.311378 104.000000 
-123.370232 9.958478 23.314041 48.000000 
-123.249771 10.257858 23.299288 47.000000 
-123.445641 9.723945 23.307709 104.000000 
-123.527603 9.480976 23.317963 66.000000 
-123.423409 9.732432 23.301418 110.000000 
-123.327408 9.968743 23.305704 49.000000 
-123.506836 9.487887 23.312185 61.000000 
-123.412430 9.716440 23.308462 72.000000 
-123.305138 9.975399 23.300758 47.000000 
-123.191864 10.252481 23.297657 101.000000 
-123.492043 9.481898 23.313864 61.000000 
-123.395447 9.713422 23.308449 51.000000 
-123.170219 10.255550 23.294790 114.000000 
-123.560814 9.274008 23.314983 77.000000 
-123.469635 9.491863 23.306314 73.000000 
-123.377693 9.711970 23.307585 56.000000 
-123.143089 10.270163 23.286364 105.000000 
-123.539757 9.282351 23.307961 78.000000 
-123.452507 9.490555 23.305286 75.000000 
-123.356049 9.718551 23.302340 54.000000 
-123.122086 10.271397 23.284389 114.000000 
-123.525490 9.278324 23.308617 67.000000 
-123.441544 9.478335 23.310675 66.000000 
-123.338226 9.718905 23.300577 45.000000 
-123.104256 10.267948 23.284754 120.000000 
-123.505066 9.284946 23.302637 67.000000 
-123.425209 9.475341 23.310635 51.000000 
-123.313293 9.731779 23.291889 45.000000 
-123.209251 9.975049 23.293423 114.000000 
-123.083984 10.267392 23.283661 117.000000 
-123.580582 9.074205 23.315683 63.000000 
-123.490845 9.278949 23.304409 78.000000 
-123.187439 9.979603 23.289576 105.000000 
-123.060486 10.273365 23.279421 117.000000 
-123.563065 9.076139 23.312389 61.000000 
-123.475853 9.274474 23.305246 86.000000 
-123.169579 9.975935 23.289968 49.000000 
-123.036911 10.279247 23.275229 121.000000 
-123.543129 9.082626 23.306126 59.000000 
-123.456879 9.277763 23.301308 83.000000 
-123.149284 9.977086 23.287884 107.000000 
-123.013260 10.285039 23.271088 110.000000 
-123.527893 9.079813 23.305912 63.000000 
-123.437050 9.282539 23.296448 59.000000 
-123.239929 9.727713 23.287537 72.000000 
-123.128952 9.978164 23.285841 115.000000 
-123.591049 8.903190 23.306322 57.000000 
-123.518974 9.066512 23.312641 69.000000 
-123.421104 9.281322 23.295374 52.000000 
-123.224358 9.722879 23.288635 61.000000 
-123.107758 9.982763 23.282059 121.000000 
-123.572296 8.907993 23.300825 57.000000 
-123.498100 9.074337 23.305487 60.000000 
-123.406876 9.275078 23.297308 52.000000 
-123.207191 9.719257 23.288994 58.000000 
-123.081535 9.995010 23.274254 119.000000 
-123.558502 8.901898 23.302727 59.000000 
-123.481361 9.072603 23.304462 69.000000 
-123.388672 9.274682 23.295536 50.000000 
-123.186760 9.720016 23.286869 63.000000 
-123.060219 9.995482 23.272461 111.000000 
-123.623169 8.725971 23.311394 47.000000 
-123.545387 8.896056 23.304565 62.000000 
-123.458694 9.083314 23.295399 49.000000 
-123.276093 9.484029 23.291376 51.000000 
-123.164551 9.725819 23.282051 75.000000 
-123.606483 8.727691 23.307808 56.000000 
-123.529816 8.894673 23.303322 68.000000 
-123.261276 9.477365 23.293497 49.000000 
-123.140572 9.734710 23.275530 104.000000 
-123.596352 8.717576 23.312857 55.000000 
-123.510071 8.900715 23.296934 69.000000 
-123.121605 9.733988 23.274305 104.000000 
-123.583786 8.711848 23.314707 55.000000 
-123.493599 8.900702 23.294727 83.000000 
-123.218079 9.488893 23.283209 45.000000 
-123.103462 9.731616 23.273991 106.000000 
-123.634956 8.578034 23.302649 70.000000 
-123.566216 8.714879 23.310144 58.000000 
-123.477097 8.900629 23.292557 57.000000 
-123.304199 9.267179 23.290567 57.000000 
-123.196358 9.494525 23.278133 55.000000 
-123.084442 9.730762 23.272844 61.000000 
-123.616096 8.583921 23.295599 68.000000 
-123.551117 8.713450 23.308836 66.000000 
-123.467361 8.888599 23.298683 48.000000 
-123.281403 9.275932 23.283201 63.000000 
-123.182350 9.486069 23.281313 48.000000 
-123.605560 8.575373 23.299690 62.000000 
-123.529205 8.723646 23.298992 56.000000 
-123.447426 8.894365 23.292448 47.000000 
-123.263702 9.275403 23.281597 55.000000 
-123.168381 9.477576 23.284525 53.000000 
-123.595078 8.566801 23.303801 68.000000 
-123.520020 8.711892 23.305246 56.000000 
-123.429146 8.897086 23.288317 46.000000 
-123.243355 9.279392 23.277178 56.000000 
-123.143044 9.489196 23.275930 48.000000 
-123.645615 8.429661 23.299124 64.000000 
-123.576950 8.571074 23.297964 73.000000 
-123.505730 8.708848 23.305105 52.000000 
-123.329964 9.067710 23.289026 56.000000 
-123.229103 9.272628 23.279451 68.000000 
-123.121994 9.492969 23.271940 51.000000 
-123.635559 8.421268 23.303295 63.000000 
-123.561340 8.570990 23.295486 79.000000 
-123.308029 9.078346 23.280125 63.000000 
-123.216293 9.266505 23.281525 57.000000 
-123.623283 8.419010 23.302721 61.000000 
-123.545189 8.574283 23.290632 68.000000 
-123.289047 9.080748 23.276436 57.000000 
-123.194954 9.271817 23.276272 56.000000 
-123.673630 8.286838 23.301048 62.000000 
-123.608101 8.418937 23.300079 65.000000 
-123.531250 8.571239 23.290434 71.000000 
-123.269325 9.082742 23.272903 56.000000 
-123.171936 9.278210 23.270241 53.000000 
-123.655670 8.290609 23.294781 79.000000 
-123.591431 8.419911 23.296427 68.000000 
-123.521088 8.560764 23.295885 59.000000 
-123.442070 8.708042 23.296225 45.000000 
-123.261024 9.067110 23.281132 59.000000 
-123.150444 9.283340 23.265085 63.000000 
-123.646042 8.282322 23.299063 75.000000 
-123.574425 8.422497 23.291573 70.000000 
-123.503632 8.563301 23.291330 52.000000 
-123.332222 8.892043 23.278498 55.000000 
-123.240837 9.072633 23.275467 57.000000 
-123.133232 9.282694 23.263632 49.000000 
-123.634392 8.278373 23.299734 69.000000 
-123.561493 8.419760 23.291212 66.000000 
-123.487625 8.564656 23.287811 54.000000 
-123.310944 8.898682 23.271561 55.000000 
-123.219894 9.077735 23.269966 58.000000 
-123.117111 9.278620 23.264229 49.000000 
-123.684868 8.151147 23.300552 83.000000 
-123.614250 8.286312 23.289946 79.000000 
-123.553299 8.408391 23.297815 66.000000 
-123.470688 8.567362 23.283224 54.000000 
-123.302330 8.884824 23.278988 51.000000 
-123.197037 9.085711 23.262545 56.000000 
-123.676003 8.141420 23.306215 63.000000 
-123.602882 8.280627 23.291952 82.000000 
-123.538910 8.406673 23.296471 61.000000 
-123.460594 8.556735 23.288788 50.000000 
-123.283714 8.886958 23.275194 51.000000 
-123.185165 9.075850 23.266958 57.000000 
-123.662086 8.141487 23.303226 59.000000 
-123.586174 8.283010 23.286938 79.000000 
-123.521797 8.409033 23.291748 49.000000 
-123.357758 8.713093 23.280516 61.000000 
-123.266632 8.887900 23.272345 56.000000 
-123.173088 9.067787 23.270290 55.000000 
-123.647591 8.141225 23.300367 59.000000 
-123.578079 8.273492 23.292414 89.000000 
-123.503410 8.414370 23.284685 48.000000 
-123.345139 8.706662 23.282822 55.000000 
-123.246063 8.892789 23.266592 55.000000 
-123.149147 9.077008 23.262016 48.000000 
-123.699860 8.016325 23.305845 64.000000 
-123.631821 8.143820 23.295023 63.000000 
-123.564041 8.271735 23.290979 82.000000 
-123.487099 8.415215 23.281176 49.000000 
-123.328201 8.705553 23.281044 51.000000 
-123.230377 8.888579 23.267120 56.000000 
-123.685196 8.015763 23.302933 62.000000 
-123.623405 8.132373 23.302092 63.000000 
-123.549416 8.269636 23.289682 53.000000 
-123.477516 8.404754 23.286877 47.000000 
-123.308121 8.710376 23.274963 55.000000 
-123.216293 8.883217 23.268576 49.000000 
-123.669220 8.017980 23.297470 59.000000 
-123.611229 8.129623 23.301634 77.000000 
-123.530746 8.274463 23.282465 50.000000 
-123.383888 8.551085 23.280138 75.000000 
-123.291428 8.711200 23.271969 56.000000 
-123.197189 8.886786 23.263842 52.000000 
-123.720703 7.899306 23.303497 52.000000 
-123.653725 8.020408 23.291943 61.000000 
-123.590256 8.138311 23.290461 68.000000 
-123.519966 8.268831 23.284529 47.000000 
-123.371742 8.544729 23.282467 59.000000 
-123.279747 8.703163 23.275459 49.000000 
-123.181175 8.884191 23.263334 48.000000 
-123.703239 7.903910 23.295269 62.000000 
-123.643127 8.014839 23.293991 64.000000 
-123.579865 8.132846 23.292471 78.000000 
-123.506783 8.265534 23.284388 55.000000 
-123.353607 8.548348 23.277061 54.000000 
-123.263344 8.702136 23.273708 55.000000 
-123.688431 7.904704 23.290905 68.000000 
-123.631630 8.010513 23.294825 69.000000 
-123.559113 8.139778 23.282692 64.000000 
-123.493591 8.262194 23.284277 49.000000 
-123.335144 8.549865 23.273027 54.000000 
-123.244987 8.703857 23.269892 55.000000 
-123.673584 7.905437 23.286573 62.000000 
-123.617363 8.009958 23.291969 75.000000 
-123.406448 8.393252 23.282305 57.000000 
-123.316895 8.553333 23.267702 61.000000 
-123.225281 8.708647 23.263889 52.000000 
-123.731712 7.781291 23.304470 51.000000 
-123.662895 7.901438 23.287260 64.000000 
-123.601738 8.012165 23.286568 83.000000 
-123.541527 8.123173 23.291759 45.000000 
-123.392471 8.391324 23.281164 60.000000 
-123.302795 8.549529 23.267982 59.000000 
-123.206818 8.710217 23.260159 55.000000 
-123.712219 7.789473 23.292017 61.000000 
-123.656357 7.890958 23.294426 70.000000 
-123.587402 8.011496 23.283779 85.000000 
-123.529289 8.120157 23.291470 46.000000 
-123.371170 8.398445 23.272299 51.000000 
-123.293175 8.540523 23.272516 66.000000 
-123.693886 7.793140 23.283829 60.000000 
-123.640015 7.892503 23.289019 68.000000 
-123.579124 8.001665 23.289770 56.000000 
-123.507790 8.126509 23.281960 47.000000 
-123.356926 8.394413 23.272594 50.000000 
-123.275925 8.538709 23.270933 68.000000 
-123.686295 7.785563 23.288403 60.000000 
-123.626961 7.890576 23.287346 62.000000 
-123.565727 7.999648 23.288271 55.000000 
-123.421806 8.252688 23.277203 65.000000 
-123.345215 8.387979 23.275045 49.000000 
-123.252632 8.548744 23.260334 61.000000 
-123.739647 7.672218 23.301134 63.000000 
-123.678246 7.777698 23.293097 61.000000 
-123.615349 7.887660 23.286861 73.000000 
-123.551888 7.999127 23.285461 52.000000 
-123.405243 8.254607 23.272520 64.000000 
-123.332153 8.384504 23.275154 50.000000 
-123.234528 8.550168 23.256416 59.000000 
-123.722603 7.676193 23.292498 71.000000 
-123.666962 7.774860 23.292500 61.000000 
-123.602272 7.885642 23.285246 87.000000 
-123.537498 7.998260 23.282793 52.000000 
-123.387093 8.257447 23.266840 60.000000 
-123.318504 8.380662 23.275415 60.000000 
-123.224937 8.540997 23.261065 50.000000 
-123.710190 7.674299 23.290569 77.000000 
-123.652786 7.773806 23.289543 63.000000 
-123.596848 7.873835 23.293774 58.000000 
-123.521141 7.999830 23.277700 56.000000 
-123.374779 8.252398 23.268137 55.000000 
-123.295929 8.388730 23.265642 65.000000 
-123.206177 8.541958 23.257351 46.000000 
-123.700592 7.668895 23.292664 77.000000 
-123.637665 7.775623 23.283808 61.000000 
-123.579926 7.876603 23.287155 53.000000 
-123.364464 8.244715 23.271770 60.000000 
-123.276237 8.392715 23.259274 63.000000 
-123.691963 7.664007 23.294565 74.000000 
-123.630173 7.767924 23.288479 63.000000 
-123.564934 7.878667 23.281612 54.000000 
-123.420509 8.121438 23.267071 62.000000 
-123.346344 8.249308 23.264793 69.000000 
-123.264679 8.388032 23.260502 55.000000 
-123.676666 7.665442 23.288723 77.000000 
-123.618858 7.764926 23.287985 63.000000 
-123.550827 7.877669 23.278852 53.000000 
-123.409134 8.116763 23.268208 57.000000 
-123.330032 8.249298 23.261568 54.000000 
-123.252960 8.381326 23.263130 56.000000 
-123.663246 7.664520 23.285574 77.000000 
-123.606560 7.761322 23.287737 56.000000 
-123.538658 7.874207 23.278643 52.000000 
-123.399666 8.107640 23.273182 53.000000 
-123.312675 8.250513 23.257231 64.000000 
-123.233154 8.385107 23.256880 52.000000 
-123.651726 7.661261 23.285109 77.000000 
-123.584488 7.771135 23.273073 45.000000 
-123.383301 8.109193 23.268435 48.000000 
-123.299324 8.246513 23.257530 64.000000 
-123.646049 7.651132 23.292624 86.000000 
-123.443100 7.983877 23.272133 58.000000 
-123.366806 8.108786 23.265163 52.000000 
-123.290047 8.237343 23.262453 57.000000 
-123.633583 7.648947 23.290878 90.000000 
-123.429543 7.981360 23.270943 59.000000 
-123.349800 8.109881 23.260622 52.000000 
-123.268524 8.243492 23.253633 64.000000 
-123.619133 7.648979 23.286518 83.000000 
-123.412933 7.982452 23.266129 59.000000 
-123.335815 8.107162 23.259666 57.000000 
-123.251022 8.244443 23.249449 55.000000 
-123.603653 7.650077 23.280870 60.000000 
-123.401382 7.977393 23.267437 58.000000 
-123.324913 8.100662 23.262285 57.000000 
-123.235558 8.242777 23.247593 50.000000 
-123.592117 7.646610 23.280540 54.000000 
-123.462540 7.856104 23.274214 61.000000 
-123.382660 7.980784 23.260265 57.000000 
-123.309891 8.099092 23.260210 57.000000 
-123.580574 7.643102 23.280235 58.000000 
-123.450348 7.852337 23.274202 67.000000 
-123.373154 7.973210 23.264065 68.000000 
-123.292770 8.099937 23.255816 55.000000 
-123.569504 7.639844 23.279840 54.000000 
-123.436600 7.851191 23.271595 67.000000 
-123.363167 7.967140 23.266541 59.000000 
-123.276146 8.101043 23.251324 57.000000 
-123.418182 7.854375 23.264162 65.000000 
-123.348503 7.965529 23.264324 61.000000 
-123.263138 8.096827 23.251709 48.000000 
-123.475456 7.740976 23.268873 78.000000 
-123.405937 7.850454 23.264244 67.000000 
-123.333817 7.963862 23.262142 65.000000 
-123.462517 7.738296 23.267551 60.000000 
-123.398918 7.840660 23.270575 72.000000 
-123.311729 7.970500 23.251537 54.000000 
-123.446442 7.738966 23.262428 52.000000 
-123.382492 7.841324 23.265738 61.000000 
-123.303329 7.961545 23.256676 56.000000 
-123.434509 7.735046 23.262449 58.000000 
-123.360741 7.847712 23.254736 69.000000 
-123.292831 7.954949 23.259422 55.000000 
-123.490921 7.625883 23.268511 58.000000 
-123.423706 7.728210 23.265305 54.000000 
-123.344246 7.846413 23.251495 72.000000 
-123.270599 7.959497 23.250433 46.000000 
-123.478271 7.623114 23.267126 78.000000 
-123.408607 7.727579 23.261560 51.000000 
-123.335144 7.838783 23.255451 63.000000 
-123.465614 7.620296 23.265772 77.000000 
-123.397736 7.722409 23.262938 56.000000 
-123.326080 7.831131 23.259426 60.000000 
-123.462486 7.607663 23.276180 74.000000 
-123.379387 7.725009 23.255453 56.000000 
-123.306252 7.834901 23.251076 63.000000 
-123.445480 7.610806 23.268101 65.000000 
-123.370552 7.719273 23.257887 56.000000 
-123.296043 7.830114 23.252357 58.000000 
-123.429596 7.611098 23.262926 65.000000 
-123.358604 7.715089 23.258080 60.000000 
-123.278290 7.831457 23.246555 48.000000 
-123.411522 7.613469 23.255194 71.000000 
-123.344482 7.713072 23.255768 52.000000 
-123.403114 7.606115 23.259184 61.000000 
-123.324875 7.716501 23.247177 53.000000 
-123.395973 7.595978 23.266056 52.000000 
-123.309700 7.713696 23.245226 53.000000 
-123.378906 7.597098 23.259727 71.000000 
-123.302109 7.704929 23.250589 54.000000 
-123.362724 7.598781 23.253164 68.000000 
-123.348862 7.596581 23.250793 60.000000 
-123.341156 7.587688 23.256334 60.000000 
-123.329514 7.583300 23.256598 58.000000 
-123.314987 7.582332 23.252886 48.000000 
-123.585373 9.215525 23.290228 101.000000 
-123.565598 9.216311 23.288391 122.000000 
-123.551193 9.203438 23.293076 122.000000 
-123.526627 9.215985 23.285648 123.000000 
-123.620461 8.913028 23.300930 104.000000 
-123.504692 9.221657 23.281504 125.000000 
-123.590424 8.940576 23.285389 117.000000 
-123.486168 9.218785 23.281445 124.000000 
-123.572014 8.939582 23.284353 121.000000 
-123.471146 9.207406 23.285463 123.000000 
-123.552879 8.940194 23.282509 121.000000 
-123.449814 9.211180 23.282249 55.000000 
-123.635391 8.677842 23.290295 72.000000 
-123.535851 8.935745 23.283247 124.000000 
-123.428566 9.216883 23.278187 55.000000 
-123.619423 8.630878 23.282911 106.000000 
-123.524879 8.875387 23.283094 124.000000 
-123.411804 9.168039 23.272507 54.000000 
-123.597305 8.637772 23.277458 106.000000 
-123.505608 8.873850 23.282293 126.000000 
-123.679810 8.385504 23.292156 46.000000 
-123.579506 8.636685 23.276415 108.000000 
-123.486397 8.874219 23.280600 103.000000 
-123.656960 8.399415 23.282499 69.000000 
-123.569786 8.619484 23.284203 116.000000 
-123.465027 8.881465 23.275475 102.000000 
-123.640572 8.396814 23.282251 60.000000 
-123.550545 8.621573 23.281448 117.000000 
-123.447960 8.876734 23.276398 107.000000 
-123.328400 9.175044 23.263641 121.000000 
-123.625656 8.390941 23.283894 60.000000 
-123.534981 8.615439 23.283165 64.000000 
-123.304436 9.183293 23.258320 120.000000 
-123.690926 8.185325 23.282774 77.000000 
-123.610016 8.386632 23.284641 70.000000 
-123.510422 8.628801 23.274286 47.000000 
-123.284172 9.183108 23.257059 118.000000 
-123.667641 8.198589 23.272806 75.000000 
-123.589859 8.391905 23.279861 73.000000 
-123.488770 8.635554 23.268995 50.000000 
-123.266945 9.176192 23.259043 120.000000 
-123.654793 8.189631 23.276417 66.000000 
-123.570404 8.395497 23.276051 67.000000 
-123.473137 8.629236 23.270826 59.000000 
-123.365196 8.888520 23.264437 104.000000 
-123.243568 9.182530 23.254660 121.000000 
-123.644218 8.177779 23.281898 70.000000 
-123.554695 8.392923 23.275888 59.000000 
-123.345001 8.892024 23.261244 120.000000 
-123.222534 9.185811 23.251822 120.000000 
-123.707771 7.986497 23.281990 73.000000 
-123.623795 8.184518 23.275909 78.000000 
-123.539780 8.386799 23.277699 46.000000 
-123.331741 8.878733 23.266603 113.000000 
-123.201370 9.187004 23.249928 115.000000 
-123.694038 7.980819 23.283680 63.000000 
-123.604843 8.188028 23.271893 71.000000 
-123.309113 8.885045 23.261906 105.000000 
-123.176216 9.196399 23.244087 121.000000 
-123.677223 7.981289 23.281387 61.000000 
-123.584267 8.194606 23.265987 89.000000 
-123.397423 8.632878 23.262512 50.000000 
-123.283241 8.897802 23.253897 122.000000 
-123.162903 9.180902 23.250259 120.000000 
-123.734520 7.807844 23.278896 53.000000 
-123.662041 7.976778 23.282227 67.000000 
-123.570763 8.185126 23.269844 66.000000 
-123.381004 8.625964 23.264620 71.000000 
-123.266808 8.888906 23.256952 115.000000 
-123.138390 9.186467 23.246218 47.000000 
-123.719734 7.805278 23.278532 52.000000 
-123.639671 7.987924 23.272989 75.000000 
-123.557228 8.177483 23.272675 52.000000 
-123.357384 8.635407 23.257864 63.000000 
-123.239952 8.903100 23.248205 121.000000 
-123.707176 7.799916 23.280191 59.000000 
-123.625015 7.985417 23.272718 72.000000 
-123.538048 8.182604 23.267750 56.000000 
-123.339279 8.635460 23.256325 56.000000 
-123.228394 8.888282 23.254473 105.000000 
-123.689209 7.803311 23.275726 60.000000 
-123.608070 7.985641 23.270567 78.000000 
-123.517281 8.188900 23.262003 57.000000 
-123.313049 8.649533 23.247028 72.000000 
-123.201378 8.902296 23.245821 119.000000 
-123.750565 7.629574 23.282106 66.000000 
-123.674393 7.800598 23.275455 62.000000 
-123.597542 7.973537 23.276449 56.000000 
-123.409851 8.393258 23.261847 56.000000 
-123.294876 8.647496 23.246557 104.000000 
-123.183289 8.898376 23.246416 48.000000 
-123.740273 7.619575 23.287102 58.000000 
-123.654724 7.806876 23.268988 60.000000 
-123.579773 7.975191 23.273365 47.000000 
-123.388329 8.399314 23.256594 51.000000 
-123.278343 8.642205 23.247879 106.000000 
-123.721146 7.625831 23.280281 58.000000 
-123.640671 7.802544 23.269821 65.000000 
-123.556229 7.987473 23.263336 49.000000 
-123.367561 8.403709 23.252302 46.000000 
-123.260994 8.638457 23.248358 69.000000 
-123.769112 7.494005 23.265694 49.000000 
-123.706001 7.624622 23.278877 59.000000 
-123.629089 7.793666 23.273794 68.000000 
-123.539154 7.987451 23.261332 47.000000 
-123.350899 8.400175 23.252634 48.000000 
-123.236084 8.648975 23.241005 75.000000 
-123.760826 7.481251 23.273048 70.000000 
-123.690849 7.623361 23.277506 67.000000 
-123.609283 7.799746 23.267437 54.000000 
-123.433174 8.180484 23.257820 71.000000 
-123.336761 8.391886 23.255745 51.000000 
-123.217827 8.646680 23.240692 50.000000 
-123.748535 7.475725 23.274858 68.000000 
-123.674850 7.623518 23.275093 69.000000 
-123.412094 8.186340 23.252317 59.000000 
-123.314186 8.399203 23.249748 57.000000 
-123.732964 7.475939 23.272247 64.000000 
-123.668816 7.605998 23.285587 74.000000 
-123.396034 8.182873 23.252583 52.000000 
-123.294930 8.400181 23.247452 55.000000 
-123.787582 7.328046 23.275423 60.000000 
-123.717361 7.476096 23.269670 68.000000 
-123.646950 7.616329 23.275730 77.000000 
-123.378258 8.182428 23.250977 52.000000 
-123.277359 8.397970 23.247019 50.000000 
-123.775734 7.322598 23.277246 72.000000 
-123.701515 7.477917 23.265921 73.000000 
-123.630898 7.616324 23.273417 61.000000 
-123.456795 7.980365 23.255827 51.000000 
-123.362175 8.178852 23.251310 61.000000 
-123.258911 8.397256 23.245714 50.000000 
-123.760567 7.322754 23.274509 70.000000 
-123.686913 7.474801 23.265726 73.000000 
-123.435265 7.987522 23.249084 55.000000 
-123.340019 8.185938 23.245026 64.000000 
-123.243057 8.391818 23.247177 47.000000 
-123.804298 7.198108 23.265669 46.000000 
-123.742836 7.327072 23.268370 63.000000 
-123.678635 7.463615 23.272011 88.000000 
-123.596748 7.620806 23.265585 45.000000 
-123.424767 7.976853 23.254156 54.000000 
-123.315872 8.197854 23.235825 64.000000 
-123.798431 7.184715 23.274517 74.000000 
-123.730721 7.323175 23.269039 66.000000 
-123.661263 7.466429 23.267345 91.000000 
-123.404884 7.980860 23.249472 56.000000 
-123.302322 8.189500 23.239124 61.000000 
-123.783607 7.184794 23.271660 85.000000 
-123.717171 7.320362 23.268688 72.000000 
-123.642723 7.472317 23.260406 76.000000 
-123.481117 7.791112 23.256058 59.000000 
-123.387581 7.980291 23.247795 60.000000 
-123.287926 8.182632 23.241505 61.000000 
-123.767899 7.186188 23.267654 67.000000 
-123.707916 7.310515 23.274078 65.000000 
-123.622009 7.478962 23.252607 52.000000 
-123.464371 7.790660 23.254162 59.000000 
-123.366699 7.985642 23.242208 56.000000 
-123.266411 8.187876 23.236343 49.000000 
-123.752144 7.187520 23.263683 75.000000 
-123.690048 7.314599 23.268074 72.000000 
-123.615540 7.464799 23.261202 51.000000 
-123.447594 7.790146 23.252304 55.000000 
-123.349319 7.984935 23.240610 58.000000 
-123.811180 7.043109 23.278784 70.000000 
-123.741547 7.180600 23.266815 79.000000 
-123.673859 7.315825 23.264389 75.000000 
-123.600906 7.461385 23.261196 49.000000 
-123.427216 7.795436 23.246384 53.000000 
-123.339111 7.972245 23.246929 57.000000 
-123.797256 7.043339 23.275738 63.000000 
-123.727493 7.179101 23.265261 85.000000 
-123.654991 7.321152 23.257320 63.000000 
-123.504707 7.610145 23.259245 58.000000 
-123.406761 7.800641 23.240509 57.000000 
-123.318108 7.977384 23.241465 56.000000 
-123.780457 7.045635 23.270491 61.000000 
-123.714302 7.176194 23.264914 72.000000 
-123.644020 7.313929 23.260542 50.000000 
-123.488419 7.609616 23.257244 63.000000 
-123.391678 7.796998 23.240814 52.000000 
-123.295197 7.985404 23.234081 50.000000 
-123.830315 6.921216 23.274635 64.000000 
-123.769966 7.040440 23.272352 63.000000 
-123.697571 7.178665 23.259897 89.000000 
-123.629509 7.312208 23.259235 46.000000 
-123.471184 7.610458 23.254219 56.000000 
-123.380241 7.787476 23.245237 56.000000 
-123.816147 6.921080 23.271570 69.000000 
-123.760162 7.032015 23.276855 67.000000 
-123.682564 7.178362 23.257265 85.000000 
-123.615883 7.309055 23.259098 47.000000 
-123.449348 7.618383 23.245935 55.000000 
-123.361496 7.789563 23.241522 56.000000 
-123.796654 6.928652 23.261065 73.000000 
-123.744385 7.034700 23.271505 77.000000 
-123.672012 7.171254 23.260529 60.000000 
-123.523132 7.458029 23.251123 56.000000 
-123.435692 7.613372 23.247225 61.000000 
-123.340851 7.794477 23.235811 52.000000 
-123.845284 6.809995 23.265661 47.000000 
-123.785049 6.924516 23.261801 68.000000 
-123.726563 7.038079 23.265188 70.000000 
-123.661491 7.164121 23.263815 53.000000 
-123.510254 7.451496 23.253513 65.000000 
-123.422974 7.606895 23.249599 59.000000 
-123.322929 7.794961 23.233202 49.000000 
-123.833145 6.807230 23.265043 60.000000 
-123.777023 6.915194 23.267534 74.000000 
-123.710678 7.040629 23.259911 93.000000 
-123.646461 7.163679 23.261271 48.000000 
-123.495857 7.449739 23.252417 69.000000 
-123.404388 7.610651 23.244492 57.000000 
-123.306572 7.794273 23.231522 46.000000 
-123.818848 6.808456 23.260521 68.000000 
-123.763290 6.915127 23.264490 81.000000 
-123.697815 7.037580 23.259596 81.000000 
-123.624657 7.174195 23.249302 47.000000 
-123.476181 7.454584 23.245998 62.000000 
-123.387917 7.609752 23.242708 57.000000 
-123.806679 6.805599 23.259960 66.000000 
-123.748993 6.914732 23.261578 81.000000 
-123.683678 7.037393 23.256792 53.000000 
-123.462662 7.451323 23.246059 62.000000 
-123.371422 7.608791 23.240965 55.000000 
-123.856461 6.688911 23.268839 49.000000 
-123.799919 6.795204 23.267073 64.000000 
-123.731026 6.919394 23.253740 85.000000 
-123.667488 7.037881 23.253035 45.000000 
-123.528107 7.299018 23.250877 60.000000 
-123.449791 7.444603 23.248575 66.000000 
-123.354904 7.607769 23.239256 55.000000 
-123.841949 6.689744 23.264267 61.000000 
-123.785965 6.794775 23.264011 68.000000 
-123.720314 6.913775 23.255852 91.000000 
-123.654213 7.036279 23.251499 46.000000 
-123.510651 7.300956 23.246443 57.000000 
-123.434380 7.444026 23.246513 61.000000 
-123.342819 7.601393 23.241661 52.000000 
-123.828804 6.689570 23.260937 63.000000 
-123.774323 6.792080 23.263422 68.000000 
-123.712006 6.905866 23.260351 83.000000 
-123.639435 7.035638 23.248901 45.000000 
-123.497528 7.297719 23.246437 55.000000 
-123.412613 7.451350 23.238077 66.000000 
-123.324348 7.603073 23.237921 49.000000 
-123.820595 6.681818 23.265570 58.000000 
-123.756645 6.796512 23.255333 64.000000 
-123.696709 6.906539 23.256325 50.000000 
-123.554008 7.164404 23.243004 52.000000 
-123.485718 7.291422 23.248831 51.000000 
-123.393280 7.456150 23.231739 66.000000 
-123.861603 6.581938 23.262377 52.000000 
-123.808762 6.678877 23.265003 56.000000 
-123.749069 6.787257 23.261259 80.000000 
-123.683235 6.904620 23.254803 49.000000 
-123.537819 7.164876 23.239538 74.000000 
-123.470093 7.290484 23.246754 57.000000 
-123.380371 7.449214 23.234392 59.000000 
-123.851883 6.576701 23.264383 68.000000 
-123.795074 6.678305 23.261854 61.000000 
-123.737823 6.782928 23.262123 84.000000 
-123.661285 6.914012 23.242210 49.000000 
-123.524460 7.161328 23.239592 62.000000 
-123.450584 7.294866 23.240217 58.000000 
-123.368713 7.442906 23.236816 55.000000 
-123.840782 6.572344 23.265177 77.000000 
-123.779007 6.679807 23.256239 60.000000 
-123.724197 6.780743 23.260586 76.000000 
-123.651932 6.905377 23.247034 51.000000 
-123.512459 7.154794 23.242113 62.000000 
-123.429443 7.300179 23.232731 59.000000 
-123.349373 7.443767 23.233149 55.000000 
-123.827400 6.571717 23.261887 77.000000 
-123.767128 6.676723 23.255758 56.000000 
-123.711075 6.778789 23.258970 53.000000 
-123.494263 7.157718 23.236435 58.000000 
-123.421509 7.288328 23.239735 63.000000 
-123.813095 6.573902 23.255751 71.000000 
-123.761879 6.666986 23.262888 63.000000 
-123.693260 6.784699 23.249573 48.000000 
-123.559486 7.019377 23.244648 69.000000 
-123.479103 7.158582 23.232864 64.000000 
-123.408920 7.285131 23.239784 61.000000 
-123.803391 6.568522 23.257854 74.000000 
-123.748138 6.666225 23.259855 61.000000 
-123.683891 6.777750 23.253077 46.000000 
-123.544159 7.019953 23.240963 62.000000 
-123.463745 7.157446 23.230732 64.000000 
-123.388237 7.290561 23.232290 55.000000 
-123.792732 6.562573 23.260191 74.000000 
-123.731461 6.667226 23.254480 58.000000 
-123.668716 6.776287 23.250517 46.000000 
-123.526588 7.019231 23.237801 55.000000 
-123.445236 7.158211 23.226580 79.000000 
-123.371262 7.288590 23.230694 54.000000 
-123.781166 6.559445 23.259678 74.000000 
-123.712852 6.672266 23.245037 45.000000 
-123.510201 7.020950 23.232998 57.000000 
-123.440742 7.142669 23.237204 67.000000 
-123.770569 6.556826 23.258974 80.000000 
-123.579407 6.882827 23.248503 59.000000 
-123.495750 7.020068 23.230610 57.000000 
-123.426506 7.142032 23.234909 65.000000 
-123.758995 6.553620 23.258511 86.000000 
-123.563850 6.882949 23.244804 57.000000 
-123.487259 7.011548 23.235374 59.000000 
-123.411102 7.140691 23.232906 58.000000 
-123.741142 6.556962 23.250231 83.000000 
-123.544746 6.886397 23.237600 59.000000 
-123.475151 7.004583 23.238167 59.000000 
-123.387024 7.149267 23.221882 63.000000 
-123.730507 6.552514 23.251154 57.000000 
-123.527100 6.888837 23.231541 56.000000 
-123.458664 7.006081 23.233498 61.000000 
-123.376610 7.141356 23.225698 53.000000 
-123.723289 6.544900 23.255957 55.000000 
-123.589310 6.764402 23.240526 68.000000 
-123.520996 6.878029 23.238806 58.000000 
-123.441582 7.007189 23.228996 55.000000 
-123.712685 6.540396 23.256922 52.000000 
-123.575012 6.763144 23.237963 69.000000 
-123.511391 6.870576 23.242554 63.000000 
-123.425003 7.008551 23.224401 53.000000 
-123.693695 6.544619 23.247465 49.000000 
-123.558159 6.763905 23.233055 63.000000 
-123.496208 6.868880 23.240370 61.000000 
-123.413910 7.000136 23.228508 52.000000 
-123.546852 6.758965 23.234314 60.000000 
-123.481522 6.867438 23.238094 66.000000 
-123.400375 6.997649 23.227520 53.000000 
-123.601761 6.645879 23.237726 51.000000 
-123.536568 6.752807 23.236847 60.000000 
-123.464760 6.868364 23.233425 65.000000 
-123.384689 6.995693 23.225658 45.000000 
-123.581642 6.651383 23.227383 64.000000 
-123.519127 6.754878 23.230671 67.000000 
-123.447952 6.869217 23.228798 65.000000 
-123.570641 6.646470 23.228615 56.000000 
-123.501625 6.756871 23.224539 72.000000 
-123.436302 6.863976 23.230263 58.000000 
-123.564781 6.635806 23.236267 54.000000 
-123.487183 6.755269 23.222183 76.000000 
-123.422569 6.861100 23.229336 61.000000 
-123.613663 6.534268 23.232985 49.000000 
-123.548660 6.636538 23.231153 52.000000 
-123.472717 6.753609 23.219860 76.000000 
-123.402512 6.865359 23.221197 47.000000 
-123.606087 6.526091 23.238108 81.000000 
-123.534561 6.634929 23.228632 60.000000 
-123.464523 6.744900 23.225019 74.000000 
-123.593384 6.523415 23.236702 80.000000 
-123.518356 6.635529 23.223595 56.000000 
-123.452156 6.740824 23.225237 61.000000 
-123.579620 6.521790 23.234018 71.000000 
-123.508415 6.629284 23.226234 63.000000 
-123.432358 6.744814 23.216814 67.000000 
-123.563660 6.524006 23.227192 63.000000 
-123.497368 6.625892 23.226088 61.000000 
-123.417786 6.744744 23.213112 59.000000 
-123.546684 6.525540 23.220663 68.000000 
-123.481087 6.626320 23.221151 62.000000 
-123.537056 6.519377 23.223297 71.000000 
-123.469025 6.622205 23.221331 64.000000 
-123.529564 6.511016 23.228556 65.000000 
-123.450531 6.624735 23.213934 56.000000 
-123.514755 6.508509 23.226299 80.000000 
-123.437447 6.619867 23.214458 56.000000 
-123.496590 6.510875 23.218618 80.000000 
-123.434044 6.606743 23.224844 48.000000 
-123.482674 6.508862 23.216169 77.000000 
-123.475250 6.500372 23.221523 60.000000 
-123.465561 6.495708 23.222733 63.000000 
-123.448341 6.496752 23.216494 68.000000 
-123.733261 8.032873 23.303936 45.000000 
-123.712891 8.033552 23.302120 122.000000 
-123.690666 8.041265 23.297029 123.000000 
-123.670380 8.043795 23.294416 123.000000 
-123.755196 7.757560 23.302799 109.000000 
-123.654121 8.036066 23.296705 125.000000 
-123.726952 7.783916 23.287977 120.000000 
-123.631889 8.045553 23.290854 124.000000 
-123.715569 7.766329 23.295420 121.000000 
-123.610100 8.051262 23.286741 126.000000 
-123.699432 7.760430 23.296930 122.000000 
-123.593124 8.045054 23.288334 111.000000 
-123.771637 7.519940 23.294840 105.000000 
-123.682617 7.756155 23.297626 124.000000 
-123.571243 8.050617 23.284304 68.000000 
-123.747070 7.535608 23.284761 106.000000 
-123.656609 7.773495 23.287310 126.000000 
-123.552841 8.047668 23.284355 68.000000 
-123.736549 7.518288 23.292547 104.000000 
-123.637581 7.774080 23.285536 127.000000 
-123.809036 7.242812 23.289421 46.000000 
-123.723000 7.464633 23.288862 106.000000 
-123.631958 7.700315 23.292311 48.000000 
-123.790649 7.245261 23.286310 72.000000 
-123.703224 7.468578 23.285139 116.000000 
-123.611488 7.704119 23.288912 48.000000 
-123.779457 7.231486 23.292538 68.000000 
-123.681206 7.477359 23.278788 122.000000 
-123.591690 7.706190 23.286400 49.000000 
-123.474480 8.002791 23.272840 51.000000 
-123.759583 7.237052 23.287636 70.000000 
-123.662773 7.477880 23.276924 121.000000 
-123.458199 7.994501 23.275505 108.000000 
-123.823135 7.033243 23.286581 82.000000 
-123.739632 7.242542 23.282776 75.000000 
-123.656166 7.452229 23.289295 57.000000 
-123.435219 8.001209 23.270971 117.000000 
-123.808937 7.027641 23.288187 78.000000 
-123.719620 7.247955 23.277956 77.000000 
-123.634033 7.460808 23.283062 50.000000 
-123.411400 8.009499 23.265682 108.000000 
-123.792519 7.026750 23.286919 68.000000 
-123.705536 7.240445 23.280596 92.000000 
-123.614067 7.464418 23.279531 49.000000 
-123.390541 8.011029 23.263651 120.000000 
-123.772324 7.033708 23.280849 78.000000 
-123.692993 7.229691 23.285118 85.000000 
-123.492859 7.713839 23.275303 112.000000 
-123.368874 8.014149 23.260860 114.000000 
-123.843925 6.825692 23.292709 64.000000 
-123.753517 7.039296 23.275702 86.000000 
-123.471321 7.720742 23.270412 115.000000 
-123.351875 8.009232 23.262014 120.000000 
-123.825027 6.831025 23.287323 60.000000 
-123.737747 7.036640 23.275507 86.000000 
-123.654221 7.238768 23.276577 45.000000 
-123.449669 7.725592 23.266504 107.000000 
-123.324677 8.023821 23.253710 111.000000 
-123.806816 6.834733 23.282980 60.000000 
-123.719666 7.038654 23.272449 100.000000 
-123.634758 7.242246 23.272875 45.000000 
-123.431084 7.723812 23.266006 111.000000 
-123.304413 8.023388 23.252651 117.000000 
-123.869286 6.651083 23.288546 62.000000 
-123.788551 6.838369 23.278677 65.000000 
-123.706200 7.031177 23.275215 82.000000 
-123.519699 7.470373 23.268579 68.000000 
-123.416435 7.713799 23.269751 109.000000 
-123.281746 8.027847 23.249241 50.000000 
-123.848465 6.660831 23.279797 68.000000 
-123.774895 6.832665 23.280432 72.000000 
-123.688065 7.033072 23.272230 59.000000 
-123.497078 7.478388 23.262650 61.000000 
-123.393074 7.721698 23.264290 113.000000 
-123.832207 6.661376 23.277344 63.000000 
-123.758911 6.831550 23.279209 66.000000 
-123.665146 7.044293 23.263510 49.000000 
-123.480751 7.473442 23.263809 66.000000 
-123.370430 7.727874 23.259716 113.000000 
-123.814346 6.664894 23.272842 64.000000 
-123.744484 6.827301 23.280022 76.000000 
-123.652466 7.035101 23.267336 49.000000 
-123.464432 7.468447 23.265005 69.000000 
-123.347710 7.733961 23.255192 111.000000 
-123.880348 6.480790 23.287415 58.000000 
-123.799599 6.662289 23.272541 69.000000 
-123.722092 6.838377 23.270857 66.000000 
-123.547920 7.236382 23.267853 51.000000 
-123.448128 7.463403 23.266233 63.000000 
-123.330620 7.728595 23.256573 107.000000 
-123.860603 6.488729 23.279438 58.000000 
-123.788040 6.653594 23.276430 73.000000 
-123.702797 6.843218 23.265739 51.000000 
-123.530663 7.234715 23.267143 48.000000 
-123.422844 7.475914 23.257841 75.000000 
-123.840775 6.496583 23.271503 71.000000 
-123.768478 6.659951 23.269955 73.000000 
-123.691536 6.832666 23.270655 51.000000 
-123.514206 7.231413 23.267387 46.000000 
-123.399902 7.483522 23.252132 72.000000 
-123.899055 6.346045 23.271709 45.000000 
-123.828087 6.491028 23.273306 71.000000 
-123.752083 6.660206 23.267673 76.000000 
-123.677071 6.828207 23.271601 47.000000 
-123.496094 7.231207 23.265831 48.000000 
-123.381844 7.481469 23.251730 63.000000 
-123.883789 6.344748 23.270206 82.000000 
-123.816238 6.483960 23.276209 67.000000 
-123.732384 6.666410 23.261278 61.000000 
-123.567398 7.030518 23.261028 67.000000 
-123.472130 7.241932 23.257900 55.000000 
-123.363777 7.479354 23.251364 69.000000 
-123.869728 6.343942 23.268559 73.000000 
-123.801964 6.481286 23.275913 67.000000 
-123.715073 6.668035 23.258036 47.000000 
-123.548157 7.033443 23.257389 64.000000 
-123.453926 7.241578 23.256428 52.000000 
-123.347382 7.474000 23.252787 45.000000 
-123.853607 6.343985 23.266008 68.000000 
-123.786865 6.480036 23.274572 77.000000 
-123.528015 7.037838 23.252834 59.000000 
-123.437378 7.238028 23.256824 55.000000 
-123.908287 6.194664 23.270788 60.000000 
-123.841141 6.340187 23.266645 73.000000 
-123.770912 6.480204 23.272192 77.000000 
-123.510353 7.037532 23.251188 59.000000 
-123.422531 7.231300 23.259083 52.000000 
-123.894836 6.192137 23.270292 69.000000 
-123.825806 6.338679 23.265274 79.000000 
-123.749916 6.489110 23.263411 65.000000 
-123.592140 6.827973 23.261885 58.000000 
-123.493515 7.035625 23.250532 64.000000 
-123.400848 7.237008 23.254072 49.000000 
-123.875580 6.199455 23.261786 65.000000 
-123.812515 6.336238 23.264856 82.000000 
-123.739769 6.478899 23.268604 47.000000 
-123.569946 6.836812 23.254095 63.000000 
-123.476662 7.033662 23.249912 61.000000 
-123.867905 6.186947 23.269384 66.000000 
-123.794624 6.338933 23.260221 94.000000 
-123.549362 6.842537 23.248339 58.000000 
-123.464127 7.023981 23.254086 59.000000 
-123.914696 6.056919 23.265638 79.000000 
-123.852753 6.187099 23.266682 68.000000 
-123.778755 6.340693 23.256538 101.000000 
-123.705963 6.481744 23.261944 46.000000 
-123.532173 6.842154 23.246590 58.000000 
-123.441177 7.032618 23.246881 61.000000 
-123.898232 6.059841 23.260391 79.000000 
-123.840103 6.182982 23.267447 75.000000 
-123.766731 6.333235 23.259733 99.000000 
-123.610962 6.646497 23.257996 59.000000 
-123.514961 6.841708 23.244877 61.000000 
-123.418121 7.041156 23.239727 50.000000 
-123.887634 6.053074 23.263451 67.000000 
-123.822350 6.187234 23.261375 70.000000 
-123.758553 6.322042 23.266071 47.000000 
-123.586914 6.661569 23.245560 53.000000 
-123.506119 6.829852 23.250881 60.000000 
-123.400826 7.042663 23.237125 57.000000 
-123.878204 6.046824 23.266340 75.000000 
-123.806572 6.190578 23.256287 66.000000 
-123.737457 6.332210 23.255844 53.000000 
-123.570190 6.661164 23.243668 55.000000 
-123.485359 6.835300 23.245281 65.000000 
-123.924263 5.922991 23.263805 83.000000 
-123.861671 6.049590 23.261187 85.000000 
-123.793015 6.187710 23.256001 70.000000 
-123.724083 6.329489 23.255602 52.000000 
-123.553665 6.658909 23.242952 51.000000 
-123.465622 6.837341 23.241819 59.000000 
-123.914680 5.913128 23.269527 57.000000 
-123.845367 6.050645 23.257345 82.000000 
-123.784958 6.174763 23.263832 59.000000 
-123.624901 6.482254 23.250088 50.000000 
-123.541359 6.651046 23.246262 57.000000 
-123.443825 6.844110 23.235327 55.000000 
-123.904228 5.908055 23.271339 57.000000 
-123.832207 6.047825 23.256973 58.000000 
-123.767052 6.178771 23.257900 52.000000 
-123.605721 6.487897 23.243694 63.000000 
-123.525246 6.650796 23.244358 52.000000 
-123.429855 6.839219 23.236635 58.000000 
-123.943954 5.798164 23.262346 61.000000 
-123.888039 5.910679 23.265993 59.000000 
-123.815231 6.052040 23.250648 72.000000 
-123.752319 6.178835 23.255318 55.000000 
-123.593910 6.480216 23.247013 56.000000 
-123.503029 6.658935 23.236471 62.000000 
-123.929810 5.798109 23.259256 61.000000 
-123.875832 5.908190 23.265432 65.000000 
-123.809967 6.036906 23.260916 69.000000 
-123.734299 6.182705 23.249460 48.000000 
-123.580597 6.473623 23.249409 56.000000 
-123.487335 6.654978 23.236927 62.000000 
-123.923820 5.784756 23.268763 59.000000 
-123.859337 5.908819 23.261566 72.000000 
-123.797134 6.032330 23.261902 55.000000 
-123.641174 6.331399 23.241299 48.000000 
-123.561562 6.477323 23.244303 61.000000 
-123.467712 6.658575 23.232195 51.000000 
-123.907913 5.787210 23.263237 59.000000 
-123.840897 5.915498 23.252594 60.000000 
-123.775932 6.041502 23.251085 58.000000 
-123.629524 6.325564 23.243441 65.000000 
-123.544647 6.480156 23.240061 59.000000 
-123.459503 6.646783 23.238476 48.000000 
-123.959038 5.666866 23.270708 58.000000 
-123.893013 5.790137 23.257547 62.000000 
-123.836655 5.900976 23.263002 64.000000 
-123.758461 6.047112 23.243618 53.000000 
-123.616982 6.321099 23.244509 59.000000 
-123.525497 6.483707 23.235033 67.000000 
-123.438896 6.651709 23.232796 46.000000 
-123.940811 5.672993 23.261127 62.000000 
-123.877892 5.791173 23.253334 74.000000 
-123.819931 5.904907 23.256510 60.000000 
-123.747025 6.041309 23.245770 51.000000 
-123.607208 6.312404 23.248890 61.000000 
-123.511856 6.478649 23.236389 66.000000 
-123.927818 5.671496 23.259256 70.000000 
-123.865417 5.788291 23.252880 81.000000 
-123.796616 5.916086 23.243029 53.000000 
-123.586990 6.317008 23.242582 61.000000 
-123.499161 6.472130 23.238831 59.000000 
-123.968102 5.567190 23.255535 45.000000 
-123.912132 5.673712 23.253586 66.000000 
-123.858353 5.777672 23.259903 69.000000 
-123.788292 5.906462 23.248779 55.000000 
-123.649475 6.169131 23.244469 57.000000 
-123.571045 6.316274 23.240576 61.000000 
-123.479897 6.475482 23.233919 55.000000 
-123.960739 5.558336 23.261419 61.000000 
-123.896393 5.675861 23.247950 66.000000 
-123.842270 5.779842 23.254538 85.000000 
-123.775429 5.903363 23.248526 48.000000 
-123.638618 6.161653 23.247908 51.000000 
-123.549438 6.323808 23.232054 55.000000 
-123.463417 6.474519 23.232212 55.000000 
-123.947159 5.557997 23.258158 61.000000 
-123.887840 5.667965 23.252544 66.000000 
-123.826134 5.781944 23.249212 75.000000 
-123.762573 5.900221 23.248302 47.000000 
-123.624985 6.158223 23.247984 51.000000 
-123.537178 6.317396 23.234488 68.000000 
-123.931740 5.560034 23.252310 58.000000 
-123.881165 5.657565 23.259703 68.000000 
-123.810867 5.782706 23.245159 45.000000 
-123.605682 6.162882 23.241325 50.000000 
-123.524948 6.310950 23.236948 64.000000 
-123.979439 5.450568 23.259995 52.000000 
-123.916267 5.562005 23.246500 58.000000 
-123.867203 5.657088 23.256699 70.000000 
-123.799271 5.778326 23.246088 49.000000 
-123.668465 6.020405 23.246395 74.000000 
-123.583458 6.171513 23.231333 53.000000 
-123.505074 6.315497 23.230732 61.000000 
-123.969269 5.445154 23.262077 71.000000 
-123.905731 5.556393 23.248659 60.000000 
-123.850861 5.658757 23.251291 70.000000 
-123.785278 5.776157 23.244680 57.000000 
-123.646103 6.028585 23.236065 69.000000 
-123.572960 6.162185 23.236139 59.000000 
-123.486450 6.316878 23.226860 61.000000 
-123.949577 5.452890 23.249365 71.000000 
-123.899406 5.546200 23.255955 63.000000 
-123.835899 5.659399 23.247087 73.000000 
-123.775566 5.769170 23.248131 52.000000 
-123.628975 6.030369 23.231474 58.000000 
-123.561172 6.155844 23.238598 65.000000 
-123.470322 6.315771 23.225077 59.000000 
-123.934357 5.454672 23.243383 65.000000 
-123.887581 5.543214 23.255445 61.000000 
-123.824654 5.655053 23.247988 53.000000 
-123.611794 6.032082 23.226923 60.000000 
-123.545540 6.154840 23.236593 63.000000 
-123.928322 5.444706 23.250793 71.000000 
-123.873886 5.542584 23.252359 65.000000 
-123.818123 5.644533 23.255247 52.000000 
-123.677116 5.890431 23.238111 69.000000 
-123.601334 6.024537 23.230522 64.000000 
-123.526955 6.157794 23.231260 68.000000 
-123.920975 5.437335 23.255442 74.000000 
-123.858788 5.544565 23.246597 61.000000 
-123.798897 5.651440 23.244692 51.000000 
-123.661842 5.891103 23.234398 62.000000 
-123.590508 6.018589 23.232861 62.000000 
-123.507919 6.162330 23.224724 58.000000 
-123.907578 5.436656 23.252211 80.000000 
-123.845024 5.543823 23.243576 56.000000 
-123.786697 5.648199 23.244408 50.000000 
-123.642097 5.896524 23.226068 57.000000 
-123.572273 6.021440 23.227257 69.000000 
-123.493156 6.159795 23.223951 59.000000 
-123.890877 5.440828 23.243578 71.000000 
-123.832680 5.542117 23.241774 47.000000 
-123.630630 5.891963 23.227194 52.000000 
-123.556526 6.021926 23.223877 79.000000 
-123.881187 5.435410 23.245735 80.000000 
-123.822701 5.536529 23.243999 46.000000 
-123.693672 5.759694 23.237143 59.000000 
-123.620598 5.884513 23.230848 57.000000 
-123.538193 6.024629 23.218355 69.000000 
-123.869125 5.431995 23.245363 77.000000 
-123.808388 5.535360 23.241180 45.000000 
-123.671738 5.767045 23.226192 63.000000 
-123.605095 5.883070 23.228704 59.000000 
-123.532181 6.010081 23.227980 56.000000 
-123.861382 5.424218 23.250221 77.000000 
-123.794548 5.534418 23.238281 45.000000 
-123.663040 5.758512 23.231077 61.000000 
-123.590126 5.881879 23.226473 59.000000 
-123.510796 6.016545 23.219078 69.000000 
-123.844528 5.428156 23.241720 58.000000 
-123.651955 5.753969 23.232189 58.000000 
-123.573677 5.883471 23.221775 59.000000 
-123.502991 6.006477 23.225033 49.000000 
-123.831963 5.426030 23.239998 61.000000 
-123.704048 5.640185 23.230595 65.000000 
-123.634354 5.756468 23.226128 61.000000 
-123.560654 5.879643 23.221983 59.000000 
-123.817429 5.426134 23.235655 58.000000 
-123.695747 5.631824 23.235535 65.000000 
-123.621712 5.752755 23.226202 61.000000 
-123.551682 5.870752 23.226952 55.000000 
-123.809731 5.418230 23.240604 54.000000 
-123.684486 5.627034 23.236732 63.000000 
-123.610077 5.747775 23.227526 58.000000 
-123.532578 5.874359 23.220123 51.000000 
-123.666199 5.630548 23.229191 63.000000 
-123.594398 5.747639 23.224009 61.000000 
-123.515450 5.875384 23.215700 51.000000 
-123.719482 5.518638 23.231731 51.000000 
-123.648849 5.632790 23.222944 61.000000 
-123.585831 5.738923 23.229033 65.000000 
-123.709549 5.512720 23.234184 64.000000 
-123.633469 5.632586 23.219238 67.000000 
-123.569092 5.739896 23.224367 63.000000 
-123.694557 5.512531 23.230246 58.000000 
-123.619087 5.631139 23.216818 65.000000 
-123.555397 5.737169 23.223377 57.000000 
-123.677498 5.514577 23.223783 51.000000 
-123.614975 5.617859 23.226891 69.000000 
-123.536507 5.740422 23.216366 56.000000 
-123.657295 5.519979 23.213524 50.000000 
-123.594391 5.623377 23.217056 65.000000 
-123.722870 5.398912 23.232494 79.000000 
-123.647850 5.512427 23.217503 54.000000 
-123.581528 5.619117 23.217350 69.000000 
-123.706085 5.400757 23.225819 80.000000 
-123.643097 5.500610 23.226477 50.000000 
-123.563942 5.620961 23.211334 59.000000 
-123.688690 5.403929 23.217747 71.000000 
-123.628479 5.500447 23.222578 52.000000 
-123.549973 5.619558 23.208944 61.000000 
-123.682175 5.394616 23.224232 63.000000 
-123.612282 5.501045 23.217573 60.000000 
-123.544998 5.607343 23.217873 52.000000 
-123.672585 5.388587 23.226809 61.000000 
-123.591827 5.506079 23.207520 58.000000 
-123.658813 5.386906 23.224188 63.000000 
-123.584000 5.497536 23.212765 54.000000 
-123.639740 5.390618 23.215088 60.000000 
-123.573021 5.492339 23.214216 50.000000 
-123.621651 5.393152 23.207336 83.000000 
-123.557770 5.491570 23.210627 56.000000 
-123.609894 5.389107 23.207432 83.000000 
-123.602432 5.380705 23.212746 80.000000 
-123.591782 5.375517 23.214186 57.000000 
-123.573555 5.377797 23.206585 61.000000 
-123.556351 5.378922 23.200323 65.000000 
-123.838074 6.946109 23.271811 122.000000 
-123.813911 6.959118 23.264214 122.000000 
-123.802444 6.943614 23.270348 123.000000 
-123.877296 6.674997 23.269342 102.000000 
-123.780785 6.949657 23.266081 125.000000 
-123.853584 6.685867 23.262264 121.000000 
-123.757530 6.957023 23.261122 123.000000 
-123.839279 6.675086 23.266258 121.000000 
-123.733032 6.969697 23.253700 126.000000 
-123.818954 6.679373 23.262606 121.000000 
-123.717926 6.958514 23.257679 123.000000 
-123.894363 6.424588 23.267151 59.000000 
-123.801979 6.675209 23.263256 124.000000 
-123.699448 6.955769 23.257637 63.000000 
-123.871178 6.435214 23.259754 103.000000 
-123.779366 6.682408 23.258057 124.000000 
-123.675262 6.964502 23.252048 68.000000 
-123.854202 6.432826 23.259474 75.000000 
-123.762367 6.678123 23.258781 125.000000 
-123.655327 6.965003 23.250471 50.000000 
-123.835289 6.439200 23.254610 106.000000 
-123.749802 6.667716 23.262783 121.000000 
-123.911423 6.194433 23.265524 69.000000 
-123.817558 6.438343 23.253506 118.000000 
-123.897194 6.138726 23.262646 64.000000 
-123.801857 6.384078 23.249979 122.000000 
-123.707176 6.630559 23.249281 47.000000 
-123.877312 6.144441 23.257690 68.000000 
-123.783363 6.384737 23.248064 124.000000 
-123.580444 6.910327 23.243711 121.000000 
-123.942589 5.931799 23.261209 55.000000 
-123.856628 6.151696 23.251844 68.000000 
-123.777138 6.357481 23.261311 108.000000 
-123.556717 6.918883 23.238310 114.000000 
-123.921074 5.942234 23.253065 89.000000 
-123.840958 6.147567 23.252552 77.000000 
-123.753578 6.369505 23.253237 48.000000 
-123.532150 6.929021 23.232153 114.000000 
-123.903069 5.948367 23.247715 71.000000 
-123.830437 6.135909 23.257772 57.000000 
-123.724838 6.396743 23.237040 47.000000 
-123.518127 6.919655 23.235500 121.000000 
-123.886497 5.947519 23.246441 67.000000 
-123.810371 6.141361 23.252966 66.000000 
-123.609413 6.639478 23.237757 118.000000 
-123.498688 6.917937 23.235058 120.000000 
-123.955528 5.734505 23.260151 60.000000 
-123.869202 5.944462 23.246338 78.000000 
-123.791725 6.139716 23.252089 54.000000 
-123.586121 6.643905 23.233944 115.000000 
-123.475235 6.920478 23.232447 121.000000 
-123.935112 5.743088 23.252701 60.000000 
-123.857826 5.932422 23.251911 81.000000 
-123.766289 6.156250 23.240875 45.000000 
-123.568954 6.639017 23.235050 109.000000 
-123.449638 6.931945 23.225672 113.000000 
-123.916733 5.750584 23.246134 58.000000 
-123.838158 5.941480 23.244759 72.000000 
-123.554207 6.633094 23.236837 121.000000 
-123.427963 6.939015 23.221144 120.000000 
-123.977493 5.565900 23.251194 50.000000 
-123.902924 5.745012 23.247824 63.000000 
-123.818481 5.946723 23.239756 78.000000 
-123.636635 6.386714 23.234812 61.000000 
-123.533974 6.634676 23.234642 113.000000 
-123.408363 6.937001 23.220873 48.000000 
-123.960548 5.566349 23.248747 55.000000 
-123.890732 5.734464 23.252649 69.000000 
-123.799553 5.948446 23.236816 55.000000 
-123.612442 6.396189 23.228037 71.000000 
-123.509773 6.642404 23.229223 121.000000 
-123.941940 5.571585 23.243118 60.000000 
-123.872383 5.738116 23.248367 66.000000 
-123.783607 5.945675 23.236721 50.000000 
-123.599083 6.384882 23.232691 61.000000 
-123.485519 6.652008 23.222912 121.000000 
-123.927109 5.569130 23.242748 60.000000 
-123.853195 5.743244 23.243118 81.000000 
-123.768448 5.941285 23.237621 57.000000 
-123.579491 6.386452 23.230316 75.000000 
-123.466698 6.650079 23.222532 111.000000 
-123.987549 5.391621 23.251694 57.000000 
-123.915367 5.560547 23.246582 62.000000 
-123.831596 5.752929 23.234901 72.000000 
-123.661636 6.151653 23.233658 48.000000 
-123.555084 6.397612 23.222696 69.000000 
-123.452644 6.638304 23.227230 107.000000 
-123.973732 5.391275 23.249985 58.000000 
-123.899529 5.563121 23.242966 68.000000 
-123.649742 6.142799 23.237312 49.000000 
-123.536148 6.401297 23.219315 110.000000 
-123.958626 5.390342 23.248474 56.000000 
-123.881531 5.566591 23.238520 73.000000 
-123.805328 5.741833 23.238449 50.000000 
-123.627571 6.150708 23.231066 46.000000 
-123.518799 6.397824 23.219706 72.000000 
-123.947441 5.381917 23.252396 58.000000 
-123.866653 5.563940 23.238276 76.000000 
-123.788338 5.742082 23.236355 50.000000 
-123.609352 6.150620 23.229465 48.000000 
-123.505516 6.386284 23.224527 58.000000 
-123.998657 5.240918 23.244928 81.000000 
-123.933121 5.379408 23.252026 67.000000 
-123.846970 5.570299 23.231825 63.000000 
-123.686882 5.933269 23.233765 67.000000 
-123.586220 6.159939 23.222389 57.000000 
-123.480835 6.397113 23.217085 69.000000 
-123.979012 5.250432 23.235420 78.000000 
-123.913986 5.385746 23.245220 69.000000 
-123.836884 5.558493 23.237881 53.000000 
-123.665993 5.939458 23.228151 64.000000 
-123.569542 6.156555 23.222708 57.000000 
-123.966805 5.243311 23.238407 67.000000 
-123.896385 5.389045 23.240608 69.000000 
-123.820366 5.558705 23.235655 50.000000 
-123.642555 5.950214 23.219709 53.000000 
-123.555351 6.148397 23.225813 54.000000 
-124.020897 5.091834 23.244217 54.000000 
-123.955063 5.238154 23.240126 68.000000 
-123.885239 5.380460 23.244642 69.000000 
-123.800545 5.564863 23.229317 48.000000 
-123.627296 5.945388 23.220886 57.000000 
-123.533691 6.154336 23.220701 61.000000 
-124.003349 5.096528 23.237923 66.000000 
-123.938866 5.238217 23.237595 79.000000 
-123.869217 5.380694 23.242249 58.000000 
-123.706261 5.736320 23.230413 54.000000 
-123.607864 5.948242 23.217316 64.000000 
-123.511124 6.161756 23.214722 57.000000 
-123.992226 5.089784 23.240873 65.000000 
-123.925499 5.235878 23.237139 79.000000 
-123.851517 5.383812 23.237743 50.000000 
-123.682426 5.748370 23.220572 63.000000 
-123.596802 5.935597 23.223339 64.000000 
-123.495224 6.156564 23.216106 47.000000 
-123.981949 5.081594 23.244995 61.000000 
-123.905952 5.241602 23.230228 82.000000 
-123.835419 5.383924 23.235422 50.000000 
-123.661835 5.754246 23.214760 57.000000 
-123.573944 5.944489 23.216026 68.000000 
-124.029182 4.948215 23.243587 62.000000 
-123.964302 5.086118 23.238800 66.000000 
-123.895859 5.233393 23.234280 88.000000 
-123.816978 5.386614 23.231092 47.000000 
-123.646416 5.749123 23.216057 55.000000 
-123.551964 5.949879 23.210785 64.000000 
-124.008057 4.957942 23.232454 79.000000 
-123.946823 5.088882 23.233887 70.000000 
-123.882286 5.227193 23.236423 65.000000 
-123.719116 5.559900 23.222124 59.000000 
-123.631699 5.744269 23.217276 59.000000 
-123.528046 5.960111 23.202621 55.000000 
-124.002312 4.942956 23.242592 69.000000 
-123.932388 5.087621 23.232357 63.000000 
-123.863007 5.234723 23.228321 48.000000 
-123.699623 5.565932 23.215919 59.000000 
-123.615097 5.744217 23.215441 58.000000 
-123.517746 5.947612 23.208658 52.000000 
-123.987221 4.944797 23.238447 72.000000 
-123.919380 5.085181 23.231907 75.000000 
-123.850647 5.228990 23.230333 50.000000 
-123.682846 5.565648 23.213985 52.000000 
-123.597778 5.743783 23.213753 59.000000 
-124.036354 4.813567 23.241863 76.000000 
-123.969833 4.949063 23.232067 82.000000 
-123.905769 5.082421 23.231583 75.000000 
-123.832092 5.234950 23.223412 47.000000 
-123.671043 5.558224 23.217121 51.000000 
-123.579384 5.746619 23.210009 58.000000 
-124.026917 4.805650 23.246153 61.000000 
-123.955498 4.949409 23.229172 79.000000 
-123.895309 5.075694 23.234621 53.000000 
-123.653366 5.559311 23.214226 55.000000 
-123.560234 5.749056 23.206421 56.000000 
-124.011314 4.808722 23.240633 55.000000 
-123.945679 4.941203 23.233484 67.000000 
-123.877403 5.079842 23.228636 46.000000 
-123.721069 5.384495 23.219090 63.000000 
-123.630569 5.567375 23.206350 52.000000 
-123.545662 5.742108 23.208918 56.000000 
-124.054901 4.688457 23.240364 58.000000 
-123.999100 4.802893 23.242731 59.000000 
-123.934464 4.934070 23.236738 89.000000 
-123.708267 5.378349 23.221310 59.000000 
-123.615440 5.563901 23.206617 59.000000 
-124.044144 4.683286 23.242235 66.000000 
-123.981705 4.808525 23.234848 67.000000 
-123.916931 4.938101 23.230494 79.000000 
-123.844284 5.082057 23.221458 46.000000 
-123.691681 5.379687 23.218126 52.000000 
-123.600975 5.560702 23.206800 59.000000 
-124.028809 4.686179 23.236538 63.000000 
-123.972321 4.800471 23.239237 65.000000 
-123.903397 4.936891 23.228893 52.000000 
-123.673523 5.382091 23.214031 55.000000 
-123.584045 5.560059 23.205084 53.000000 
-124.015465 4.684839 23.234715 62.000000 
-123.963539 4.792670 23.243546 59.000000 
-123.884872 4.942147 23.221544 49.000000 
-123.742790 5.225204 23.216309 67.000000 
-123.654419 5.385858 23.208914 56.000000 
-123.567085 5.559354 23.203405 53.000000 
-124.064430 4.563260 23.242264 55.000000 
-123.997757 4.689949 23.226685 68.000000 
-123.944046 4.798915 23.234747 72.000000 
-123.870697 4.940544 23.220114 53.000000 
-123.731621 5.215998 23.220865 57.000000 
-123.640686 5.380948 23.210203 55.000000 
-124.047981 4.566991 23.235197 60.000000 
-123.989594 4.680717 23.232405 74.000000 
-123.928215 4.801647 23.229422 75.000000 
-123.862740 4.929420 23.226927 53.000000 
-123.710884 5.224248 23.212040 51.000000 
-123.627876 5.374567 23.212580 58.000000 
-124.031456 4.570651 23.228170 64.000000 
-123.980606 4.672766 23.236895 77.000000 
-123.904106 4.814334 23.214668 47.000000 
-123.690628 5.228981 23.205688 55.000000 
-123.611412 5.373857 23.210752 57.000000 
-124.020134 4.566669 23.228857 62.000000 
-123.966339 4.672541 23.233940 70.000000 
-123.763618 5.062231 23.221920 60.000000 
-123.675194 5.228653 23.203531 64.000000 
-123.590660 5.382279 23.202374 54.000000 
-124.070457 4.448752 23.239107 51.000000 
-124.008980 4.564439 23.228090 62.000000 
-123.953117 4.672807 23.230812 81.000000 
-123.891914 4.790473 23.230762 47.000000 
-123.750191 5.060925 23.220568 53.000000 
-123.665276 5.219891 23.207977 61.000000 
-123.574112 5.381434 23.200623 55.000000 
-124.056488 4.450013 23.234392 59.000000 
-123.999451 4.557874 23.231380 68.000000 
-123.935196 4.677615 23.222952 85.000000 
-123.875961 4.792989 23.225563 46.000000 
-123.728180 5.069908 23.210423 51.000000 
-123.651688 5.216684 23.208067 64.000000 
-124.038811 4.454368 23.225977 54.000000 
-123.987259 4.555045 23.230862 68.000000 
-123.925346 4.670810 23.226299 57.000000 
-123.708847 5.074694 23.203718 52.000000 
-123.633125 5.218358 23.204060 64.000000 
-124.091675 4.335939 23.243017 56.000000 
-124.029205 4.449406 23.227877 58.000000 
-123.973267 4.554673 23.227819 70.000000 
-123.911880 4.669094 23.224709 51.000000 
-123.774948 4.924492 23.214243 84.000000 
-123.700645 5.063064 23.210609 54.000000 
-123.613869 5.223372 23.197666 59.000000 
-124.075714 4.339180 23.235573 71.000000 
-124.024002 4.436594 23.237848 61.000000 
-123.959236 4.554246 23.224812 70.000000 
-123.899315 4.666054 23.224388 54.000000 
-123.755997 4.929151 23.207230 69.000000 
-123.688759 5.056856 23.213005 56.000000 
-123.595192 5.224889 23.193747 57.000000 
-124.059685 4.342350 23.228163 74.000000 
-124.007233 4.441305 23.229326 61.000000 
-123.947006 4.551279 23.224379 68.000000 
-123.879364 4.673148 23.214199 48.000000 
-123.736977 4.933726 23.200264 56.000000 
-123.668373 5.062809 23.205286 61.000000 
-124.049904 4.337188 23.230171 74.000000 
-123.994843 4.438147 23.228886 61.000000 
-123.937538 4.544550 23.227787 47.000000 
-123.727325 4.924971 23.204969 60.000000 
-123.652664 5.061913 23.203241 63.000000 
-124.041954 4.329646 23.234877 77.000000 
-123.979782 4.440310 23.223047 58.000000 
-123.920685 4.547693 23.221056 45.000000 
-123.785240 4.792005 23.207792 63.000000 
-123.714874 4.920160 23.206209 62.000000 
-123.632133 5.067699 23.195612 55.000000 
-124.028564 4.329130 23.231575 80.000000 
-123.972900 4.429829 23.230486 63.000000 
-123.766922 4.794777 23.201880 59.000000 
-123.697639 4.921903 23.201675 62.000000 
-123.618271 5.063979 23.195892 54.000000 
-124.015152 4.328562 23.228306 77.000000 
-123.959656 4.429492 23.227308 58.000000 
-123.754433 4.791635 23.201748 57.000000 
-123.680367 4.923574 23.197184 64.000000 
-123.611206 5.050819 23.204054 49.000000 
-124.000343 4.330542 23.222290 77.000000 
-123.747147 4.780443 23.208933 53.000000 
-123.661674 4.928113 23.190289 79.000000 
-123.990585 4.325207 23.224417 74.000000 
-123.800301 4.658905 23.208054 45.000000 
-123.728889 4.784925 23.201689 57.000000 
-123.653053 4.917860 23.196285 69.000000 
-123.984596 4.315201 23.231894 86.000000 
-123.790535 4.651735 23.211657 57.000000 
-123.711388 4.786155 23.197121 61.000000 
-123.643517 4.908900 23.201143 60.000000 
-123.967354 4.319086 23.223412 77.000000 
-123.776917 4.649529 23.210371 58.000000 
-123.696907 4.785383 23.194723 53.000000 
-123.626129 4.910337 23.196791 56.000000 
-123.956688 4.314811 23.224276 49.000000 
-123.760353 4.651000 23.205442 57.000000 
-123.685234 4.778847 23.197371 61.000000 
-123.938385 4.319710 23.214540 51.000000 
-123.814339 4.532915 23.207588 58.000000 
-123.747673 4.647444 23.205448 54.000000 
-123.672707 4.775441 23.197411 59.000000 
-123.931526 4.310750 23.220772 50.000000 
-123.807884 4.522207 23.215019 69.000000 
-123.731041 4.648789 23.200594 57.000000 
-123.657074 4.773890 23.195364 53.000000 
-123.923752 4.302927 23.225689 50.000000 
-123.789680 4.525945 23.207384 67.000000 
-123.718338 4.645133 23.200663 56.000000 
-123.638969 4.776380 23.189671 52.000000 
-123.771400 4.529601 23.199791 65.000000 
-123.708633 4.637745 23.204418 59.000000 
-123.626854 4.771245 23.191122 50.000000 
-123.832558 4.406430 23.213833 47.000000 
-123.759026 4.525990 23.199768 63.000000 
-123.695938 4.634013 23.204540 59.000000 
-123.820580 4.402936 23.213676 61.000000 
-123.746658 4.522337 23.199772 63.000000 
-123.677177 4.637572 23.197392 63.000000 
-123.802597 4.406366 23.205833 58.000000 
-123.738319 4.513879 23.204807 67.000000 
-123.661400 4.637390 23.193933 55.000000 
-123.787560 4.406240 23.201887 48.000000 
-123.719887 4.517277 23.197365 69.000000 
-123.648651 4.633496 23.194155 56.000000 
-123.773506 4.404899 23.199259 45.000000 
-123.703415 4.518223 23.192465 63.000000 
-123.830299 4.292619 23.207926 66.000000 
-123.767555 4.394298 23.206917 53.000000 
-123.686905 4.519099 23.187605 69.000000 
-123.814545 4.293490 23.202511 71.000000 
-123.754517 4.391726 23.205626 50.000000 
-123.674469 4.515198 23.187765 67.000000 
-123.803841 4.288725 23.203699 77.000000 
-123.733231 4.398254 23.194138 56.000000 
-123.668266 4.504216 23.195415 67.000000 
-123.795189 4.281706 23.207533 63.000000 
-123.720123 4.395557 23.192919 56.000000 
-123.652740 4.503759 23.191898 56.000000 
-123.777855 4.283221 23.201036 68.000000 
-123.705460 4.393638 23.190588 61.000000 
-123.761978 4.283853 23.195763 65.000000 
-123.697556 4.385173 23.195803 56.000000 
-123.748619 4.282520 23.193010 77.000000 
-123.681778 4.386042 23.190722 58.000000 
-123.734756 4.280831 23.190422 71.000000 
-123.664398 4.387656 23.184542 53.000000 
-123.727188 4.272532 23.195688 80.000000 
-123.711197 4.272932 23.190554 80.000000 
-123.697289 4.271091 23.188059 71.000000 
-123.679085 4.273520 23.180405 74.000000 
-123.672150 4.263693 23.187204 57.000000 
-123.961235 5.832817 23.253159 107.000000 
-123.935928 5.849452 23.243876 121.000000 
-123.916214 5.850581 23.241976 122.000000 
-123.892601 5.861897 23.235228 124.000000 
-123.978958 5.558673 23.250608 104.000000 
-123.872787 5.862881 23.233410 126.000000 
-123.950874 5.583420 23.236607 120.000000 
-123.857544 5.851863 23.237324 124.000000 
-123.933807 5.579427 23.237190 119.000000 
-123.835052 5.859538 23.232332 124.000000 
-124.004448 5.330497 23.238033 50.000000 
-123.914078 5.582107 23.234394 123.000000 
-123.816498 5.856926 23.232256 108.000000 
-123.984756 5.334927 23.234102 107.000000 
-123.900368 5.569611 23.239319 124.000000 
-123.792526 5.867840 23.225727 66.000000 
-123.962975 5.344252 23.227524 106.000000 
-123.879242 5.575524 23.234890 125.000000 
-123.771866 5.870181 23.223299 105.000000 
-123.945877 5.341917 23.227251 106.000000 
-123.858734 5.579684 23.231356 124.000000 
-124.022743 5.089794 23.241707 51.000000 
-123.937042 5.319712 23.237734 115.000000 
-123.843025 5.572070 23.233826 109.000000 
-123.998085 5.107117 23.230133 67.000000 
-123.917915 5.322242 23.234844 111.000000 
-123.816849 5.589451 23.223562 111.000000 
-123.986526 5.093451 23.236343 60.000000 
-123.898148 5.282029 23.224375 120.000000 
-123.811844 5.512560 23.232439 48.000000 
-123.694656 5.821345 23.214361 122.000000 
-123.976486 5.032010 23.237427 66.000000 
-123.885971 5.267967 23.230482 68.000000 
-123.676643 5.816596 23.215376 120.000000 
-124.034233 4.833303 23.232162 71.000000 
-123.957245 5.036126 23.233437 73.000000 
-123.862434 5.280154 23.222364 51.000000 
-123.656479 5.816837 23.214006 119.000000 
-124.012688 4.843821 23.224016 78.000000 
-123.937943 5.040169 23.229486 68.000000 
-123.847435 5.272570 23.224976 54.000000 
-123.634827 5.820369 23.211065 120.000000 
-124.000389 4.833530 23.228539 67.000000 
-123.919312 5.042525 23.226507 77.000000 
-123.833199 5.263309 23.228506 45.000000 
-123.727470 5.531022 23.217497 109.000000 
-123.611656 5.827175 23.206560 120.000000 
-124.060402 4.639318 23.230135 60.000000 
-123.982338 4.835943 23.225325 75.000000 
-123.903557 5.038360 23.227285 59.000000 
-123.708069 5.531304 23.215986 120.000000 
-123.588402 5.833894 23.202101 122.000000 
-124.048653 4.632921 23.232586 61.000000 
-123.963493 4.843619 23.219069 83.000000 
-123.691025 5.530510 23.215170 105.000000 
-123.569794 5.834514 23.200703 121.000000 
-124.033348 4.630647 23.232195 58.000000 
-123.946808 4.842725 23.217867 81.000000 
-123.663322 5.548819 23.204435 117.000000 
-123.553192 5.826045 23.203562 115.000000 
-124.016563 4.631444 23.229818 60.000000 
-123.931595 4.838607 23.218636 99.000000 
-123.755684 5.275354 23.216146 57.000000 
-123.642258 5.552176 23.201361 117.000000 
-123.529030 5.834202 23.198431 57.000000 
-124.074821 4.449501 23.232901 56.000000 
-123.999741 4.632183 23.227476 65.000000 
-123.920898 4.824955 23.225243 63.000000 
-123.733894 5.282096 23.210989 71.000000 
-123.624184 5.548878 23.201706 121.000000 
-124.057785 4.451836 23.229319 62.000000 
-123.979881 4.639084 23.221144 63.000000 
-123.898163 4.836547 23.216402 49.000000 
-123.712029 5.288754 23.205879 54.000000 
-123.609192 5.538952 23.205462 121.000000 
-124.041451 4.452578 23.226820 56.000000 
-123.966003 4.633481 23.222900 75.000000 
-123.689308 5.296944 23.199928 61.000000 
-123.585716 5.547028 23.199984 111.000000 
-124.021378 4.459095 23.220263 60.000000 
-123.951454 4.627553 23.224777 78.000000 
-123.669594 5.296635 23.198545 106.000000 
-123.563667 5.549760 23.197187 115.000000 
-124.085396 4.272100 23.235590 63.000000 
-124.006485 4.456659 23.219925 62.000000 
-123.933762 4.629608 23.221571 45.000000 
-123.757431 5.046648 23.209663 60.000000 
-123.654564 5.288510 23.201515 75.000000 
-124.068001 4.275787 23.230801 61.000000 
-123.990044 4.457217 23.217533 60.000000 
-123.915245 4.633142 23.217400 46.000000 
-123.737640 5.049938 23.206146 48.000000 
-123.632446 5.294850 23.196581 75.000000 
-124.052872 4.274925 23.229292 58.000000 
-123.978241 4.448604 23.221430 62.000000 
-123.718582 5.051566 23.203592 45.000000 
-123.611053 5.299494 23.192574 69.000000 
-124.108986 4.123371 23.229509 81.000000 
-124.036156 4.276992 23.225657 61.000000 
-123.961769 4.449059 23.219103 59.000000 
-123.790344 4.841209 23.202957 46.000000 
-123.703491 5.045200 23.205683 55.000000 
-123.588791 5.305662 23.187733 69.000000 
-124.092110 4.125202 23.225723 84.000000 
-124.024117 4.270064 23.228533 69.000000 
-123.771042 4.844411 23.199232 77.000000 
-123.683578 5.048285 23.202288 52.000000 
-124.077202 4.126036 23.222918 70.000000 
-124.010529 4.266078 23.229279 59.000000 
-123.754913 4.841310 23.199387 61.000000 
-123.664421 5.049716 23.199852 57.000000 
-124.059441 4.129200 23.218088 70.000000 
-123.995346 4.265016 23.227896 72.000000 
-123.740417 4.835048 23.201494 55.000000 
-123.643593 5.054230 23.195620 52.000000 
-124.119858 3.964462 23.234224 66.000000 
-124.042870 4.132832 23.213114 71.000000 
-123.979813 4.267421 23.224203 66.000000 
-123.721642 4.840241 23.196712 57.000000 
-123.628334 5.051454 23.195795 54.000000 
-124.102768 3.971208 23.226589 70.000000 
-124.034271 4.121866 23.219324 79.000000 
-123.793694 4.641227 23.199078 57.000000 
-123.703835 4.840079 23.195055 56.000000 
-124.085205 3.975935 23.220320 63.000000 
-124.021690 4.118144 23.219982 73.000000 
-123.779205 4.632936 23.202402 59.000000 
-123.679550 4.848488 23.187925 66.000000 
-124.136589 3.830314 23.228497 62.000000 
-124.065567 3.981476 23.213125 65.000000 
-124.001747 4.121969 23.214367 88.000000 
-123.761139 4.634349 23.199574 52.000000 
-123.663322 4.845090 23.188265 68.000000 
-124.119392 3.834909 23.221973 85.000000 
-124.052757 3.977536 23.213837 72.000000 
-123.989143 4.118150 23.215086 73.000000 
-123.741058 4.642393 23.192585 57.000000 
-123.649399 4.840755 23.189363 63.000000 
-124.103294 3.839956 23.215305 79.000000 
-124.045258 3.967018 23.220131 68.000000 
-123.819412 4.440649 23.206770 62.000000 
-123.722878 4.643664 23.189835 54.000000 
-123.630623 4.841876 23.186909 56.000000 
-124.091705 3.834708 23.217154 65.000000 
-124.028343 3.970084 23.215151 68.000000 
-123.960617 4.116159 23.212160 47.000000 
-123.798454 4.447973 23.199631 56.000000 
-123.708076 4.638819 23.191092 59.000000 
-124.140808 3.700013 23.223116 62.000000 
-124.080139 3.829428 23.219025 69.000000 
-124.015549 3.966030 23.215942 75.000000 
-123.945930 4.113087 23.212051 47.000000 
-123.779961 4.450751 23.195629 53.000000 
-123.695869 4.629400 23.195356 61.000000 
-124.129372 3.696487 23.223637 67.000000 
-124.067757 3.825495 23.219738 75.000000 
-124.000244 3.966159 23.213324 60.000000 
-123.761604 4.451664 23.192812 51.000000 
-123.672615 4.637708 23.187878 56.000000 
-124.115440 3.693499 23.223242 59.000000 
-124.053970 3.822634 23.219393 75.000000 
-123.835419 4.264885 23.206158 66.000000 
-123.744743 4.451338 23.190950 51.000000 
-123.651703 4.643232 23.182314 56.000000 
-124.101494 3.693939 23.220161 63.000000 
-124.033981 3.830991 23.209532 85.000000 
-123.812813 4.276588 23.195435 60.000000 
-123.732025 4.445360 23.193123 50.000000 
-124.151398 3.564624 23.228407 64.000000 
-124.095406 3.680625 23.229372 61.000000 
-124.022133 3.827186 23.210238 92.000000 
-123.795563 4.277739 23.192333 57.000000 
-123.712494 4.449348 23.188250 57.000000 
-124.133049 3.571335 23.219011 69.000000 
-124.079758 3.683672 23.223909 63.000000 
-124.013153 3.817595 23.215782 51.000000 
-123.782677 4.271593 23.194593 56.000000 
-123.695564 4.448844 23.186499 59.000000 
-124.118843 3.571414 23.215908 62.000000 
-124.068085 3.678094 23.225964 67.000000 
-123.854416 4.106721 23.202623 81.000000 
-123.773354 4.259638 23.201136 57.000000 
-123.673256 4.457087 23.178635 53.000000 
-124.108887 3.564906 23.219086 59.000000 
-124.047188 3.689040 23.213285 53.000000 
-123.839119 4.106714 23.200323 64.000000 
-123.754036 4.265266 23.194830 55.000000 
-123.661392 4.449443 23.181959 48.000000 
-124.098640 3.559939 23.220938 62.000000 
-124.037773 3.680966 23.217728 65.000000 
-123.817833 4.114827 23.191566 61.000000 
-123.733101 4.271938 23.187622 64.000000 
-124.081802 3.563787 23.214178 77.000000 
-123.804245 4.111871 23.191538 55.000000 
-123.714149 4.273898 23.183765 61.000000 
-124.065231 3.565998 23.208805 78.000000 
-123.870995 3.949557 23.203779 47.000000 
-123.794205 4.099510 23.198475 62.000000 
-123.696701 4.274669 23.180889 57.000000 
-124.051781 3.564523 23.207104 64.000000 
-123.853661 3.951900 23.199221 57.000000 
-123.777000 4.102095 23.194113 62.000000 
-123.688110 4.262844 23.187450 55.000000 
-124.045059 3.554228 23.214035 63.000000 
-123.840500 3.948975 23.199121 53.000000 
-123.753647 4.112706 23.183331 64.000000 
-124.031616 3.552679 23.212383 45.000000 
-123.828575 3.942962 23.201429 53.000000 
-123.739075 4.110945 23.182335 73.000000 
-124.013672 3.557509 23.204557 49.000000 
-123.876976 3.816801 23.191582 62.000000 
-123.811142 3.945128 23.196976 54.000000 
-123.725098 4.105711 23.183804 66.000000 
-123.997459 3.559694 23.199251 49.000000 
-123.866333 3.809553 23.195042 79.000000 
-123.793663 3.947222 23.192564 56.000000 
-123.709572 4.105243 23.181778 64.000000 
-123.853874 3.804949 23.196192 63.000000 
-123.774261 3.951970 23.185932 54.000000 
-123.692787 4.104079 23.180037 46.000000 
-123.836761 3.806968 23.191544 58.000000 
-123.763237 3.944402 23.189495 65.000000 
-123.820541 3.807588 23.188101 54.000000 
-123.751305 3.938164 23.191956 65.000000 
-123.888054 3.660012 23.204163 63.000000 
-123.803329 3.809469 23.183531 62.000000 
-123.732735 3.941360 23.186565 56.000000 
-123.864716 3.670975 23.190926 59.000000 
-123.790451 3.806296 23.183523 57.000000 
-123.712791 3.947496 23.178843 47.000000 
-123.849777 3.670198 23.188515 57.000000 
-123.777946 3.801453 23.184828 69.000000 
-123.831001 3.674518 23.181358 57.000000 
-123.764496 3.797888 23.185001 69.000000 
-123.899727 3.531017 23.201120 63.000000 
-123.821747 3.665902 23.186186 57.000000 
-123.745232 3.802156 23.178259 62.000000 
-123.879425 3.537717 23.191198 65.000000 
-123.808678 3.662395 23.186262 57.000000 
-123.729790 3.801101 23.176189 63.000000 
-123.864807 3.536818 23.188692 61.000000 
-123.793663 3.661402 23.183985 50.000000 
-123.849197 3.537109 23.184992 57.000000 
-123.776665 3.662903 23.179361 59.000000 
-123.840378 3.528630 23.189903 58.000000 
-123.757645 3.666877 23.172403 55.000000 
-123.826248 3.527880 23.187366 58.000000 
-123.747040 3.660930 23.174856 51.000000 
-123.811562 3.526774 23.184988 56.000000 
-123.739876 3.649577 23.182209 55.000000 
-123.797844 3.524377 23.183863 61.000000 
-123.783112 3.523160 23.181553 61.000000 
-123.775391 3.513295 23.187799 57.000000 
-123.756607 3.516883 23.180683 54.000000 
-124.062454 4.752193 23.242928 116.000000 
-124.042740 4.753526 23.240961 122.000000 
-124.027359 4.742758 23.244701 122.000000 
-124.006989 4.745690 23.242001 124.000000 
-124.080292 4.470682 23.242105 112.000000 
-123.984657 4.753695 23.236916 125.000000 
-124.063217 4.466876 23.242609 119.000000 
-123.963531 4.758190 23.233490 124.000000 
-124.042908 4.471473 23.238897 119.000000 
-123.943649 4.759190 23.231722 124.000000 
-124.116234 4.210318 23.245131 59.000000 
-124.024506 4.470930 23.237774 121.000000 
-123.929642 4.744748 23.237257 66.000000 
-124.094002 4.221589 23.237616 107.000000 
-124.003441 4.477073 23.233295 122.000000 
-123.905113 4.757576 23.229918 102.000000 
-124.077614 4.217791 23.238153 72.000000 
-123.986969 4.471347 23.234793 125.000000 
-123.882469 4.765193 23.225046 45.000000 
-124.057884 4.222255 23.234278 106.000000 
-123.975227 4.453800 23.242256 117.000000 
-124.129501 3.977846 23.243523 66.000000 
-124.034042 4.236603 23.225111 110.000000 
-123.952728 4.463115 23.236197 45.000000 
-124.110420 3.982308 23.239403 68.000000 
-124.025070 4.214390 23.235525 102.000000 
-123.930130 4.472341 23.230183 105.000000 
-124.094025 3.980164 23.239037 59.000000 
-124.004547 4.220315 23.230875 121.000000 
-123.802895 4.765996 23.219667 121.000000 
-124.155846 3.721950 23.234945 55.000000 
-124.076828 3.935254 23.231064 68.000000 
-123.997078 4.150584 23.236712 48.000000 
-123.782097 4.724308 23.211666 117.000000 
-124.137932 3.724696 23.231600 85.000000 
-124.062447 3.928102 23.233551 70.000000 
-123.967377 4.177844 23.220623 51.000000 
-123.761169 4.726375 23.209465 108.000000 
-124.122070 3.722561 23.231192 67.000000 
-124.048103 3.920913 23.236067 61.000000 
-123.948051 4.180241 23.217869 59.000000 
-123.740196 4.728368 23.207308 121.000000 
-124.101967 3.729992 23.225019 64.000000 
-124.028824 3.925058 23.232132 75.000000 
-123.837814 4.421460 23.220854 109.000000 
-123.724953 4.716804 23.211596 118.000000 
-124.169006 3.516302 23.237896 60.000000 
-124.088898 3.721340 23.228544 70.000000 
-123.812630 4.435204 23.212574 114.000000 
-123.699593 4.728766 23.204721 121.000000 
-124.151550 3.522604 23.232252 63.000000 
-124.073013 3.722795 23.226141 81.000000 
-123.798462 4.427879 23.215092 105.000000 
-123.679520 4.732889 23.201693 122.000000 
-124.131912 3.529881 23.225796 59.000000 
-124.057091 3.720452 23.225864 67.000000 
-123.781204 4.423203 23.216146 107.000000 
-123.656921 4.737952 23.198107 120.000000 
-124.119453 3.521377 23.229420 60.000000 
-124.036789 3.727616 23.219839 78.000000 
-123.861931 4.170534 23.215973 72.000000 
-123.759499 4.428414 23.212200 49.000000 
-124.109230 3.508141 23.236080 67.000000 
-124.020081 3.726746 23.218670 46.000000 
-123.838699 4.180721 23.209042 74.000000 
-123.734726 4.440158 23.204941 121.000000 
-124.090973 3.512107 23.231735 66.000000 
-123.999641 3.733759 23.212727 52.000000 
-123.825134 4.169608 23.213600 72.000000 
-123.711349 4.448497 23.199411 121.000000 
-124.070412 3.520691 23.224422 55.000000 
-123.988861 3.720081 23.219320 48.000000 
-123.804802 4.173122 23.210272 69.000000 
-123.697021 4.436958 23.203978 120.000000 
-124.054329 3.517991 23.224247 57.000000 
-123.783623 4.176243 23.207088 72.000000 
-123.869598 3.925757 23.217733 57.000000 
-123.759331 4.187721 23.199461 75.000000 
-123.849892 3.929229 23.214186 50.000000 
-123.738800 4.190993 23.196268 108.000000 
-123.829346 3.934224 23.209763 48.000000 
-123.726059 4.178006 23.201878 66.000000 
-123.804802 3.947112 23.200802 49.000000 
-123.705490 4.181151 23.198761 66.000000 
-123.883469 3.720587 23.208765 68.000000 
-123.788841 3.942383 23.201963 46.000000 
-123.861824 3.728602 23.202185 64.000000 
-123.772095 3.939196 23.202244 60.000000 
-123.842484 3.731833 23.198513 56.000000 
-123.754539 3.937541 23.201645 55.000000 
-123.827774 3.729369 23.198486 57.000000 
-123.739296 3.934892 23.201777 48.000000 
-123.903999 3.519112 23.207253 60.000000 
-123.812424 3.724674 23.199654 59.000000 
-123.881233 3.528114 23.199493 61.000000 
-123.796356 3.719617 23.200960 68.000000 
-123.863991 3.528138 23.197628 58.000000 
-123.771927 3.731915 23.191736 66.000000 
-123.850723 3.522298 23.199652 58.000000 
-123.751442 3.738226 23.186251 68.000000 
-123.835953 3.517637 23.200821 55.000000 
-123.737686 3.730199 23.189463 50.000000 
-123.813766 3.524796 23.194227 58.000000 
-123.796425 3.524579 23.192509 59.000000 
-123.778046 3.527651 23.188740 56.000000 
-123.766647 3.516709 23.193993 51.000000 
-124.165146 3.642514 23.231750 111.000000 
-124.141464 3.658065 23.223192 122.000000 
-124.122879 3.655997 23.222820 122.000000 
-124.103050 3.657316 23.220871 125.000000 
-124.085052 3.653405 23.221380 126.000000 
-124.066826 3.647438 23.222803 122.000000 
-124.042496 3.660584 23.215328 66.000000 
-124.020607 3.666775 23.211123 55.000000 
-124.002541 3.662615 23.211788 46.000000 
-123.902969 3.666820 23.203564 121.000000 
-123.885811 3.614679 23.199581 121.000000 
-123.864197 3.618581 23.196512 115.000000 
-123.841133 3.625794 23.191885 121.000000 
-123.818695 3.631228 23.188105 119.000000 
-123.798325 3.631511 23.186766 121.000000 
-123.784554 3.618556 23.191759 119.000000 
-123.759827 3.628831 23.185711 108.000000 
