ply
format ascii 1.0
comment Created by CloudCompare v2.14.alpha (Sep  7 2025)
comment Created 2025-11-10T16:38:32
obj_info Generated by CloudCompare!
element vertex 8111
property float x
property float y
property float z
property float intensity
end_header
-125.425987 -47.341320 23.001932 68.000000 
-125.413696 -47.338242 23.001513 83.000000 
-125.401413 -47.335209 23.001125 90.000000 
-125.381165 -47.340050 23.009287 91.000000 
-125.370186 -47.336102 23.007811 88.000000 
-125.367088 -47.324318 22.997816 97.000000 
-125.349846 -47.325638 23.002226 91.000000 
-125.338455 -47.323437 23.002373 94.000000 
-125.321297 -47.324890 23.006870 91.000000 
-125.315224 -47.316933 23.000834 85.000000 
-125.200989 -48.454601 22.991137 90.000000 
-125.182419 -48.456642 22.996613 94.000000 
-125.170204 -48.453640 22.996313 97.000000 
-125.154228 -48.453770 22.999548 94.000000 
-125.148293 -48.445705 22.993465 97.000000 
-125.209030 -48.353111 23.001179 78.000000 
-125.138580 -48.440758 22.990908 91.000000 
-125.199059 -48.348022 22.998480 73.000000 
-125.122650 -48.441048 22.994249 85.000000 
-125.189064 -48.342968 22.995802 70.000000 
-125.105537 -48.442448 22.998814 97.000000 
-125.185265 -48.332565 22.987431 67.000000 
-125.250015 -48.233746 22.994471 70.000000 
-125.103210 -48.431351 22.989267 101.000000 
-125.166580 -48.335106 22.992807 68.000000 
-125.237213 -48.230801 22.993898 80.000000 
-125.152870 -48.333401 22.993645 68.000000 
-125.229355 -48.223450 22.988905 81.000000 
-125.137611 -48.334522 22.997192 71.000000 
-125.207626 -48.230129 22.997692 71.000000 
-125.133705 -48.324211 22.988886 79.000000 
-125.193649 -48.228455 22.998341 72.000000 
-125.185776 -48.221218 22.993427 81.000000 
-125.245522 -48.122280 23.005552 78.000000 
-125.175446 -48.216255 22.990770 74.000000 
-125.236137 -48.116020 23.001669 70.000000 
-125.164642 -48.211025 22.987951 81.000000 
-125.226265 -48.109474 22.997612 69.000000 
-125.148270 -48.211803 22.990974 87.000000 
-125.212006 -48.107925 22.998131 67.000000 
-125.279823 -47.997585 23.005444 67.000000 
-125.205444 -48.099735 22.992319 69.000000 
-125.272972 -47.989151 22.999590 67.000000 
-125.188797 -48.100616 22.995089 70.000000 
-125.260803 -47.985210 22.997787 65.000000 
-125.336121 -47.864433 23.002600 74.000000 
-125.174576 -48.099216 22.995708 74.000000 
-125.248627 -47.981312 22.996014 67.000000 
-125.321205 -47.862843 23.002666 79.000000 
-125.232880 -47.981079 22.997458 72.000000 
-125.309875 -47.857601 22.999691 92.000000 
-125.215981 -47.982124 23.000010 75.000000 
-125.296165 -47.854874 22.998800 85.000000 
-125.210892 -47.971088 22.991930 68.000000 
-125.278923 -47.855923 23.001036 75.000000 
-125.199875 -47.966145 22.989201 72.000000 
-125.261719 -47.857048 23.003317 72.000000 
-125.343338 -47.723190 23.003901 72.000000 
-125.249229 -47.853241 23.001505 75.000000 
-125.326950 -47.723038 23.004864 79.000000 
-125.239716 -47.845402 22.996416 79.000000 
-125.305397 -47.727753 23.009672 73.000000 
-125.228363 -47.840416 22.993614 75.000000 
-125.297203 -47.718750 23.003712 69.000000 
-125.384827 -47.572987 23.002609 67.000000 
-125.284882 -47.715240 23.001980 73.000000 
-125.367470 -47.574554 23.004522 100.000000 
-125.274315 -47.708866 22.998066 69.000000 
-125.350754 -47.574535 23.005308 88.000000 
-125.261444 -47.705112 22.996193 72.000000 
-125.342079 -47.565331 22.999342 79.000000 
-125.239471 -47.711792 23.002436 68.000000 
-125.328804 -47.561443 22.997280 82.000000 
-125.397194 -47.425442 23.009872 77.000000 
-125.313255 -47.560261 22.997200 79.000000 
-125.383545 -47.421459 23.007648 81.000000 
-125.293228 -47.564465 23.001068 70.000000 
-125.364822 -47.422630 23.009012 81.000000 
-125.280556 -47.559086 22.997940 73.000000 
-125.346710 -47.424213 23.010628 78.000000 
-125.338120 -47.415257 23.004938 83.000000 
-125.324486 -47.411472 23.002848 81.000000 
-125.310837 -47.407730 23.000790 81.000000 
-124.985237 -49.558178 22.979567 71.000000 
-124.979332 -49.549957 22.973427 90.000000 
-124.960754 -49.551971 22.978964 94.000000 
-124.941818 -49.553764 22.984371 88.000000 
-124.933372 -49.547710 22.980646 88.000000 
-124.920334 -49.546112 22.981817 82.000000 
-124.987457 -49.448307 22.983709 78.000000 
-124.918068 -49.534931 22.972254 97.000000 
-124.976212 -49.444256 22.982193 82.000000 
-124.898849 -49.538612 22.979368 88.000000 
-124.966644 -49.439484 22.979748 73.000000 
-124.882965 -49.538948 22.982813 91.000000 
-124.968979 -49.423672 22.965668 70.000000 
-125.023987 -49.333549 22.981789 66.000000 
-124.878151 -49.529915 22.975655 94.000000 
-124.945351 -49.430489 22.975693 70.000000 
-125.016136 -49.326149 22.976818 76.000000 
-124.931625 -49.428753 22.976580 79.000000 
-125.002098 -49.324329 22.977440 76.000000 
-124.920364 -49.424900 22.975197 71.000000 
-124.991745 -49.319214 22.974745 81.000000 
-124.906662 -49.423267 22.976152 82.000000 
-124.972839 -49.321980 22.979916 84.000000 
-125.040352 -49.216270 22.985697 72.000000 
-124.905083 -49.410748 22.965565 70.000000 
-124.961281 -49.318081 22.978405 84.000000 
-125.028496 -49.212238 22.983997 70.000000 
-124.952141 -49.311970 22.974672 89.000000 
-125.011780 -49.212879 22.986683 67.000000 
-124.942978 -49.305882 22.970957 78.000000 
-125.002350 -49.206623 22.982864 67.000000 
-124.930191 -49.303226 22.970650 76.000000 
-124.990494 -49.202721 22.981253 67.000000 
-125.056061 -49.094738 22.990736 77.000000 
-124.981026 -49.196526 22.977478 70.000000 
-125.047501 -49.087154 22.985786 84.000000 
-124.966766 -49.195045 22.978115 66.000000 
-125.040100 -49.078396 22.979792 78.000000 
-125.108376 -48.964931 22.990829 66.000000 
-124.950150 -49.195969 22.980989 67.000000 
-125.024315 -49.078079 22.981256 72.000000 
-125.098236 -48.958397 22.986855 95.000000 
-125.013306 -49.072994 22.978498 75.000000 
-125.088074 -48.951893 22.982903 92.000000 
-124.994026 -49.076427 22.983244 78.000000 
-125.079071 -48.944176 22.977936 85.000000 
-124.986542 -49.067791 22.977337 81.000000 
-125.058258 -48.948917 22.983326 79.000000 
-124.974342 -49.064045 22.975733 78.000000 
-125.042206 -48.948765 22.984632 85.000000 
-125.125137 -48.813541 22.984327 87.000000 
-125.027344 -48.947422 22.984941 85.000000 
-125.108711 -48.813351 22.985344 73.000000 
-125.021790 -48.936104 22.976967 99.000000 
-125.086510 -48.819637 22.991419 71.000000 
-125.008080 -48.933590 22.976292 82.000000 
-125.075951 -48.813168 22.987507 66.000000 
-125.159096 -48.672638 22.990314 78.000000 
-125.066521 -48.805435 22.982607 79.000000 
-125.142357 -48.672539 22.991127 85.000000 
-125.052475 -48.802898 22.981764 73.000000 
-125.129082 -48.668545 22.989065 79.000000 
-125.039040 -48.798801 22.979752 81.000000 
-125.117531 -48.661625 22.984892 79.000000 
-125.019341 -48.802860 22.984041 66.000000 
-125.105370 -48.656387 22.981915 73.000000 
-125.174492 -48.520718 22.994762 74.000000 
-125.089233 -48.656837 22.983070 79.000000 
-125.167587 -48.508564 22.986956 67.000000 
-125.069199 -48.661026 22.987011 82.000000 
-125.147148 -48.512745 22.990463 72.000000 
-125.060410 -48.651932 22.981190 82.000000 
-125.126762 -48.517014 22.994024 72.000000 
-125.226097 -48.344627 22.990164 71.000000 
-125.113113 -48.513161 22.991964 72.000000 
-125.205269 -48.348904 22.993299 80.000000 
-125.101677 -48.506615 22.988039 72.000000 
-125.186722 -48.350468 22.994671 71.000000 
-125.092407 -48.497356 22.982237 72.000000 
-125.172615 -48.346512 22.992445 71.000000 
-125.238831 -48.188412 23.006218 67.000000 
-125.146568 -48.335922 22.986261 71.000000 
-125.231926 -48.174351 22.997709 78.000000 
-125.132439 -48.332100 22.984127 69.000000 
-125.217346 -48.170330 22.995352 75.000000 
-125.204926 -48.163486 22.991268 72.000000 
-125.295029 -47.988762 23.003439 68.000000 
-125.188187 -48.162437 22.990734 76.000000 
-125.286385 -47.975834 22.995859 85.000000 
-125.164459 -48.169777 22.995344 76.000000 
-125.270615 -47.971375 22.993145 71.000000 
-125.253380 -47.970261 22.992365 71.000000 
-125.232597 -47.975452 22.995220 78.000000 
-125.339371 -47.769207 22.998888 77.000000 
-125.217514 -47.971519 22.992830 71.000000 
-125.317429 -47.774017 23.001089 75.000000 
-125.201393 -47.969116 22.991325 72.000000 
-125.293472 -47.781921 23.004969 75.000000 
-125.276840 -47.779381 23.003223 70.000000 
-125.398560 -47.544189 23.002031 71.000000 
-125.266388 -47.767838 22.996630 73.000000 
-125.374069 -47.552147 23.005409 118.000000 
-125.251778 -47.762363 22.993319 77.000000 
-125.354774 -47.552528 23.004976 115.000000 
-125.337540 -47.549904 23.003036 111.000000 
-125.322334 -47.544258 22.999577 74.000000 
-125.440910 -47.301319 23.006027 120.000000 
-125.308105 -47.537109 22.995369 74.000000 
-125.421997 -47.300098 23.004578 125.000000 
-125.287872 -47.539291 22.995886 102.000000 
-125.401108 -47.302078 23.004654 124.000000 
-125.378532 -47.305344 23.005310 123.000000 
-125.357727 -47.307487 23.005493 122.000000 
-125.341621 -47.303757 23.002951 122.000000 
-125.319649 -47.347424 22.996307 111.000000 
-124.744019 -50.666988 22.974117 86.000000 
-124.734360 -50.661846 22.971500 90.000000 
-124.718376 -50.661835 22.974756 90.000000 
-124.699913 -50.663937 22.980404 101.000000 
-124.694031 -50.655857 22.974358 104.000000 
-124.765327 -50.555294 22.972616 73.000000 
-124.683113 -50.651905 22.973028 85.000000 
-124.747841 -50.556507 22.976807 75.000000 
-124.672195 -50.647991 22.971724 85.000000 
-124.731651 -50.556732 22.979900 67.000000 
-124.659225 -50.646492 22.972992 85.000000 
-124.725876 -50.548779 22.974049 71.000000 
-124.788658 -50.452831 22.982796 70.000000 
-124.645844 -50.644749 22.974112 82.000000 
-124.719612 -50.540531 22.968018 71.000000 
-124.778419 -50.447651 22.980068 80.000000 
-124.703453 -50.540901 22.971210 65.000000 
-124.770638 -50.440289 22.975132 84.000000 
-124.757896 -50.437386 22.974684 69.000000 
-124.673698 -50.539684 22.975416 65.000000 
-124.743942 -50.435646 22.975389 74.000000 
-124.805733 -50.336155 22.986269 75.000000 
-124.727562 -50.436195 22.978378 71.000000 
-124.801308 -50.325233 22.978060 72.000000 
-124.718056 -50.429783 22.974474 76.000000 
-124.786591 -50.323200 22.978378 70.000000 
-124.712601 -50.420326 22.967390 78.000000 
-124.769928 -50.323853 22.981115 70.000000 
-124.758606 -50.320251 22.979706 67.000000 
-124.834305 -50.203335 22.980276 77.000000 
-124.751633 -50.311729 22.973747 72.000000 
-124.820969 -50.200497 22.979563 84.000000 
-124.739349 -50.307575 22.972010 66.000000 
-124.808342 -50.196190 22.977625 78.000000 
-124.799797 -50.188652 22.972715 72.000000 
-124.864616 -50.079208 22.986294 95.000000 
-124.789314 -50.183853 22.970146 70.000000 
-124.858635 -50.069340 22.979460 89.000000 
-124.771225 -50.186005 22.973825 72.000000 
-124.843773 -50.067791 22.979664 85.000000 
-124.757904 -50.183395 22.973270 75.000000 
-124.837204 -50.057636 22.972664 82.000000 
-124.748116 -50.177200 22.969526 70.000000 
-124.818810 -50.059898 22.976040 75.000000 
-124.892891 -49.935303 22.983477 83.000000 
-124.800468 -50.062241 22.979467 82.000000 
-124.883583 -49.927448 22.978502 86.000000 
-124.790344 -50.055923 22.975657 79.000000 
-124.861382 -49.933651 22.984587 77.000000 
-124.777870 -50.052135 22.973953 79.000000 
-124.843910 -49.934837 22.986710 73.000000 
-124.934639 -49.787155 22.983145 78.000000 
-124.835739 -49.925831 22.980816 73.000000 
-124.920242 -49.784386 22.982019 88.000000 
-124.820618 -49.924557 22.980995 75.000000 
-124.900093 -49.788231 22.985792 79.000000 
-124.812386 -49.915604 22.975140 75.000000 
-124.888039 -49.782944 22.982800 73.000000 
-124.878250 -49.775055 22.977879 67.000000 
-124.946274 -49.640942 22.991018 77.000000 
-124.865013 -49.771164 22.975912 68.000000 
-124.935516 -49.632519 22.985838 74.000000 
-124.848969 -49.769646 22.975744 65.000000 
-124.925285 -49.624458 22.980879 77.000000 
-124.908279 -49.624577 22.981609 67.000000 
-124.993729 -49.470638 22.989347 77.000000 
-124.887947 -49.628845 22.985226 69.000000 
-124.980789 -49.465153 22.986149 76.000000 
-124.805931 -49.762409 22.973097 67.000000 
-124.877151 -49.622604 22.981499 69.000000 
-124.965096 -49.464222 22.985912 71.000000 
-124.793266 -49.759071 22.971483 68.000000 
-124.942184 -49.471371 22.990984 67.000000 
-124.930367 -49.464649 22.986977 71.000000 
-125.021271 -49.298271 22.994509 67.000000 
-124.920715 -49.455162 22.981161 73.000000 
-124.999107 -49.304150 22.998260 72.000000 
-124.906662 -49.451309 22.979036 69.000000 
-124.986824 -49.297264 22.994165 76.000000 
-125.090157 -49.107548 22.996561 77.000000 
-124.974510 -49.290417 22.990095 81.000000 
-125.068634 -49.112049 22.999043 78.000000 
-124.963715 -49.280392 22.984083 72.000000 
-125.050850 -49.110447 22.997999 83.000000 
-124.949188 -49.276482 22.981831 75.000000 
-125.042290 -49.097565 22.990450 72.000000 
-125.030045 -49.090904 22.986506 72.000000 
-125.005463 -49.100082 22.991713 67.000000 
-125.109978 -48.899059 22.997150 77.000000 
-124.987312 -49.100540 22.991886 83.000000 
-125.091255 -48.899334 22.996944 75.000000 
-124.976524 -49.090740 22.986135 72.000000 
-125.074661 -48.896679 22.995161 77.000000 
-125.047668 -48.909096 23.001553 73.000000 
-125.168358 -48.677826 23.001099 105.000000 
-125.037354 -48.897560 22.994968 77.000000 
-125.152206 -48.673508 22.998308 112.000000 
-125.022865 -48.892075 22.991673 75.000000 
-125.128853 -48.679955 23.000988 105.000000 
-125.108643 -48.681896 23.001396 105.000000 
-125.230026 -48.438591 23.006491 106.000000 
-125.096596 -48.671623 22.995611 108.000000 
-125.201065 -48.452850 23.012407 124.000000 
-125.081474 -48.666000 22.992195 115.000000 
-125.188370 -48.442265 23.006552 121.000000 
-125.171608 -48.437969 23.003691 121.000000 
-125.157829 -48.429020 22.998632 124.000000 
-125.276558 -48.178284 23.012253 118.000000 
-125.136345 -48.430737 22.998610 123.000000 
-125.262245 -48.167042 23.006136 124.000000 
-125.105942 -48.488781 22.998068 123.000000 
-125.236130 -48.216934 23.001593 124.000000 
-125.212547 -48.224079 23.003759 124.000000 
-125.187302 -48.232533 23.006474 123.000000 
-125.175644 -48.218674 22.999298 123.000000 
-125.154320 -48.220875 22.999269 122.000000 
-124.496361 -51.790844 22.976328 94.000000 
-124.486816 -51.785721 22.973751 97.000000 
-124.482315 -51.776585 22.966505 88.000000 
-124.465157 -51.777599 22.971010 97.000000 
-124.448456 -51.778992 22.975746 91.000000 
-124.522705 -51.677208 22.970987 78.000000 
-124.438896 -51.774025 22.973272 94.000000 
-124.506546 -51.677322 22.974073 71.000000 
-124.428902 -51.768787 22.970640 88.000000 
-124.498764 -51.669800 22.968988 67.000000 
-124.424271 -51.759762 22.963476 94.000000 
-124.487633 -51.665783 22.967554 68.000000 
-124.558350 -51.563892 22.969078 86.000000 
-124.407242 -51.761078 22.968178 85.000000 
-124.476494 -51.661808 22.966145 70.000000 
-124.541931 -51.564156 22.971945 98.000000 
-124.467827 -51.655735 22.962456 71.000000 
-124.525543 -51.564484 22.974855 81.000000 
-124.454216 -51.653976 22.963409 68.000000 
-124.521553 -51.553864 22.966599 84.000000 
-124.435722 -51.656574 22.969032 70.000000 
-124.507652 -51.552086 22.967331 81.000000 
-124.566200 -51.456566 22.980967 72.000000 
-124.496223 -51.548141 22.965847 78.000000 
-124.559433 -51.447956 22.974951 76.000000 
-124.475029 -51.553150 22.973417 78.000000 
-124.550163 -51.441647 22.971130 76.000000 
-124.466057 -51.547081 22.969748 92.000000 
-124.538429 -51.437656 22.969519 76.000000 
-124.519417 -51.440613 22.974518 76.000000 
-124.602959 -51.317348 22.968065 77.000000 
-124.451363 -51.533375 22.960554 66.000000 
-124.511055 -51.435036 22.971149 81.000000 
-124.585777 -51.319836 22.972008 78.000000 
-124.501747 -51.428864 22.967426 79.000000 
-124.568893 -51.320572 22.974546 78.000000 
-124.650284 -51.196278 22.974127 69.000000 
-124.497200 -51.418076 22.959309 79.000000 
-124.560455 -51.313042 22.969658 72.000000 
-124.633057 -51.197018 22.976349 82.000000 
-124.549591 -51.307926 22.966927 70.000000 
-124.613472 -51.200275 22.980684 79.000000 
-124.541313 -51.298618 22.960625 70.000000 
-124.602501 -51.193169 22.976408 79.000000 
-124.520927 -51.303173 22.966530 72.000000 
-124.590126 -51.189194 22.974615 69.000000 
-124.658005 -51.073086 22.987465 68.000000 
-124.584663 -51.179737 22.968039 72.000000 
-124.645157 -51.070938 22.986908 75.000000 
-124.565193 -51.183247 22.972540 72.000000 
-124.636002 -51.063118 22.981972 71.000000 
-124.547119 -51.183735 22.974632 85.000000 
-124.631645 -51.048328 22.971628 69.000000 
-124.535927 -51.178703 22.971920 65.000000 
-124.604858 -51.059620 22.981848 75.000000 
-124.689270 -50.920578 22.983301 100.000000 
-124.592163 -51.055733 22.980019 73.000000 
-124.679665 -50.912594 22.978331 82.000000 
-124.581772 -51.049328 22.976192 73.000000 
-124.663063 -50.912472 22.979231 73.000000 
-124.574707 -51.041027 22.970737 71.000000 
-124.645264 -50.915688 22.982519 71.000000 
-124.721298 -50.774647 22.989153 72.000000 
-124.486298 -51.165844 22.966961 74.000000 
-124.634476 -50.909134 22.978609 70.000000 
-124.703232 -50.775917 22.990765 86.000000 
-124.623665 -50.902611 22.974724 70.000000 
-124.690910 -50.770542 22.987707 72.000000 
-124.612823 -50.896118 22.970858 76.000000 
-124.679718 -50.763859 22.983730 74.000000 
-124.668495 -50.757206 22.979776 74.000000 
-124.746300 -50.615540 22.994028 71.000000 
-124.652740 -50.756001 22.979643 77.000000 
-124.736923 -50.605938 22.988144 66.000000 
-124.632538 -50.760284 22.983356 74.000000 
-124.796295 -50.437874 22.993927 75.000000 
-124.788589 -50.425228 22.986282 76.000000 
-124.596550 -50.743565 22.973757 65.000000 
-124.669647 -50.603615 22.988457 65.000000 
-124.765366 -50.432446 22.990959 76.000000 
-124.746620 -50.434074 22.992176 75.000000 
-124.852066 -50.243942 22.992601 71.000000 
-124.733246 -50.426548 22.987738 73.000000 
-124.831543 -50.244781 22.993029 85.000000 
-124.718880 -50.422600 22.985498 75.000000 
-124.812340 -50.246407 22.993929 81.000000 
-124.796402 -50.243740 22.992334 75.000000 
-124.785843 -50.233837 22.986530 75.000000 
-124.874794 -50.057659 23.004202 74.000000 
-124.773094 -50.226883 22.982447 75.000000 
-124.859451 -50.053421 23.001595 73.000000 
-124.758194 -50.222893 22.980097 86.000000 
-124.815735 -50.040215 22.993568 70.000000 
-124.928238 -49.823578 22.999083 105.000000 
-124.797226 -50.040665 22.993547 75.000000 
-124.912247 -49.819256 22.996336 106.000000 
-124.891075 -49.822601 22.997522 111.000000 
-124.870293 -49.824142 22.997770 111.000000 
-124.989899 -49.586582 23.003748 117.000000 
-124.852295 -49.823063 22.996716 114.000000 
-124.965103 -49.594555 23.006781 121.000000 
-124.836021 -49.820873 22.995125 69.000000 
-124.944168 -49.598339 23.007862 121.000000 
-124.929626 -49.590931 23.003563 119.000000 
-124.913597 -49.582832 22.998869 121.000000 
-125.033661 -49.333275 23.010830 119.000000 
-124.900993 -49.572384 22.993134 121.000000 
-125.005112 -49.386059 23.008131 122.000000 
-124.994308 -49.374443 23.002045 125.000000 
-124.975998 -49.371624 22.999800 125.000000 
-124.957909 -49.366898 22.996668 126.000000 
-124.936691 -49.368988 22.996649 126.000000 
-124.910492 -49.381115 23.001188 121.000000 
-124.269669 -52.887848 22.966259 81.000000 
-124.267776 -52.876621 22.956680 86.000000 
-124.261993 -52.868401 22.950607 80.000000 
-124.243500 -52.870304 22.956263 80.000000 
-124.226334 -52.871281 22.960800 90.000000 
-124.301178 -52.769566 22.956635 77.000000 
-124.216743 -52.866219 22.958324 80.000000 
-124.290016 -52.765366 22.955137 83.000000 
-124.208809 -52.860462 22.954872 86.000000 
-124.270485 -52.768890 22.961868 71.000000 
-124.202919 -52.852375 22.948893 80.000000 
-124.261856 -52.762684 22.958145 70.000000 
-124.187073 -52.852543 22.952391 98.000000 
-124.255699 -52.754375 22.952143 68.000000 
-124.314217 -52.663345 22.965233 86.000000 
-124.165085 -52.857948 22.961863 67.000000 
-124.242043 -52.752464 22.953058 67.000000 
-124.307777 -52.654819 22.959209 87.000000 
-124.225937 -52.752750 22.956316 70.000000 
-124.298820 -52.648502 22.955433 78.000000 
-124.214790 -52.748810 22.954996 71.000000 
-124.289833 -52.642208 22.951674 81.000000 
-124.344002 -52.551224 22.970329 69.000000 
-124.273430 -52.642578 22.954674 78.000000 
-124.332291 -52.547077 22.968674 69.000000 
-124.257072 -52.643021 22.957718 89.000000 
-124.327957 -52.536129 22.960506 72.000000 
-124.245636 -52.639076 22.956297 95.000000 
-124.313759 -52.534328 22.961079 76.000000 
-124.239044 -52.630703 22.950384 89.000000 
-124.297134 -52.534878 22.963875 74.000000 
-124.376480 -52.416531 22.962265 77.000000 
-124.287827 -52.528591 22.960138 74.000000 
-124.365616 -52.411194 22.959452 81.000000 
-124.278503 -52.522331 22.956421 79.000000 
-124.346252 -52.414177 22.964102 78.000000 
-124.268684 -52.515785 22.952538 79.000000 
-124.336121 -52.407429 22.960098 81.000000 
-124.409340 -52.291599 22.967333 106.000000 
-124.324043 -52.403416 22.958441 81.000000 
-124.393318 -52.291084 22.968567 92.000000 
-124.317230 -52.394978 22.952723 87.000000 
-124.380226 -52.288521 22.967974 85.000000 
-124.300354 -52.395821 22.955397 78.000000 
-124.366638 -52.285675 22.967216 82.000000 
-124.285896 -52.394333 22.955969 93.000000 
-124.359001 -52.276730 22.961311 82.000000 
-124.428421 -52.159359 22.973652 75.000000 
-124.344215 -52.275200 22.961651 79.000000 
-124.416870 -52.153957 22.970720 75.000000 
-124.324738 -52.278675 22.966188 82.000000 
-124.406479 -52.147327 22.966812 77.000000 
-124.313530 -52.273552 22.963482 85.000000 
-124.393715 -52.143265 22.964935 69.000000 
-124.470688 -52.013332 22.974133 76.000000 
-124.459900 -52.006546 22.970140 84.000000 
-124.354210 -52.150578 22.973387 70.000000 
-124.444420 -52.005005 22.970060 70.000000 
-124.347290 -52.140293 22.966566 75.000000 
-124.424316 -52.008743 22.973911 79.000000 
-124.504562 -51.863895 22.978401 67.000000 
-124.413521 -52.002094 22.970013 68.000000 
-124.485870 -51.864697 22.979797 82.000000 
-124.402145 -51.995148 22.965940 71.000000 
-124.470070 -51.863235 22.979561 77.000000 
-124.391296 -51.988560 22.962088 79.000000 
-124.457138 -51.859482 22.977678 70.000000 
-124.448181 -51.850044 22.971849 81.000000 
-124.529579 -51.704159 22.983856 80.000000 
-124.431831 -51.848396 22.971519 77.000000 
-124.520729 -51.692730 22.976875 67.000000 
-124.416061 -51.847141 22.971424 77.000000 
-124.509018 -51.685802 22.972837 67.000000 
-124.403114 -51.843563 22.969660 77.000000 
-124.470505 -51.691807 22.977823 69.000000 
-124.574303 -51.512562 22.976313 72.000000 
-124.458794 -51.685028 22.973885 67.000000 
-124.559853 -51.508312 22.973953 76.000000 
-124.534355 -51.518291 22.980404 78.000000 
-124.522148 -51.511326 22.976368 83.000000 
-124.624741 -51.325439 22.980181 77.000000 
-124.507729 -51.507244 22.974121 85.000000 
-124.602158 -51.331257 22.983578 75.000000 
-124.497650 -51.497501 22.968372 76.000000 
-124.589409 -51.324097 22.979441 67.000000 
-124.479965 -51.497799 22.968840 65.000000 
-124.578796 -51.314060 22.973637 66.000000 
-124.666557 -51.140987 22.994076 67.000000 
-124.565987 -51.306969 22.969547 67.000000 
-124.656509 -51.129196 22.987421 73.000000 
-124.542465 -51.314529 22.973978 71.000000 
-124.638924 -51.127823 22.986446 66.000000 
-124.627724 -51.117584 22.980648 66.000000 
-124.714256 -50.913486 22.993542 112.000000 
-124.583496 -51.126717 22.985199 73.000000 
-124.704872 -50.898048 22.985170 108.000000 
-124.686714 -50.896675 22.984003 105.000000 
-124.660973 -50.907921 22.989311 105.000000 
-124.787003 -50.662998 22.992809 111.000000 
-124.642899 -50.906700 22.988243 118.000000 
-124.763077 -50.669239 22.995058 126.000000 
-124.632011 -50.894836 22.981750 115.000000 
-124.739243 -50.675579 22.997372 124.000000 
-124.722595 -50.671135 22.994555 124.000000 
-124.698090 -50.717598 22.989836 122.000000 
-124.819580 -50.468441 23.003214 118.000000 
-124.686447 -50.705448 22.983364 123.000000 
-124.802216 -50.463783 23.000185 123.000000 
-124.661736 -50.713638 22.986616 117.000000 
-124.785843 -50.457600 22.996490 123.000000 
-124.770447 -50.449875 22.992125 123.000000 
-124.750084 -50.450146 22.991329 124.000000 
-124.729752 -50.450489 22.990582 125.000000 
-124.011307 -53.966312 22.940800 85.000000 
-124.008018 -53.956039 22.932421 90.000000 
-123.987007 -53.959942 22.940512 101.000000 
-123.968590 -53.961906 22.946308 85.000000 
-123.966492 -53.950695 22.936806 94.000000 
-124.031136 -53.857048 22.941784 83.000000 
-123.953522 -53.948986 22.938126 94.000000 
-124.019150 -53.854233 22.941713 79.000000 
-123.946358 -53.941891 22.933372 88.000000 
-124.002991 -53.854328 22.944941 71.000000 
-123.931320 -53.940697 22.935583 94.000000 
-123.995132 -53.846745 22.939960 73.000000 
-124.062561 -53.748173 22.945135 71.000000 
-123.911819 -53.944016 22.942770 82.000000 
-123.990135 -53.837357 22.932865 71.000000 
-124.051102 -53.743984 22.943632 80.000000 
-123.972778 -53.838669 22.937351 73.000000 
-124.043350 -53.736534 22.938791 89.000000 
-123.955475 -53.840065 22.941887 67.000000 
-124.036789 -53.727997 22.932838 89.000000 
-123.945541 -53.835068 22.939497 73.000000 
-124.020378 -53.728333 22.935911 89.000000 
-124.081924 -53.630486 22.947863 69.000000 
-124.003998 -53.728737 22.939028 89.000000 
-124.075066 -53.621765 22.941916 67.000000 
-123.995407 -53.722836 22.935585 89.000000 
-124.061302 -53.620247 22.942739 67.000000 
-123.986343 -53.716644 22.931976 78.000000 
-124.044662 -53.620754 22.945610 67.000000 
-123.973183 -53.713539 22.931616 69.000000 
-124.034851 -53.614109 22.941742 70.000000 
-124.107956 -53.501362 22.945402 72.000000 
-124.025482 -53.607807 22.938076 74.000000 
-124.092224 -53.500771 22.946945 67.000000 
-124.014160 -53.604164 22.936821 74.000000 
-124.080612 -53.497002 22.945513 67.000000 
-124.157684 -53.377567 22.949671 79.000000 
-123.934380 -53.706871 22.932579 71.000000 
-124.002365 -53.600243 22.935411 76.000000 
-124.070915 -53.490566 22.941780 67.000000 
-124.141640 -53.377010 22.950975 108.000000 
-123.927170 -53.698284 22.926632 80.000000 
-124.063080 -53.481453 22.935738 77.000000 
-124.131096 -53.370075 22.946955 92.000000 
-124.049751 -53.478664 22.935265 78.000000 
-124.123413 -53.361038 22.941072 92.000000 
-124.030533 -53.481941 22.940208 84.000000 
-124.112122 -53.355713 22.938320 89.000000 
-124.175858 -53.244450 22.956001 74.000000 
-124.093742 -53.357830 22.941843 92.000000 
-124.165443 -53.237743 22.952127 79.000000 
-124.073067 -53.362499 22.947506 89.000000 
-124.156174 -53.229801 22.947269 69.000000 
-124.064148 -53.354847 22.942764 92.000000 
-124.138680 -53.230766 22.949490 68.000000 
-124.219398 -53.096954 22.955833 70.000000 
-124.114754 -53.239769 22.958008 70.000000 
-124.210266 -53.089165 22.951128 84.000000 
-124.106651 -53.230686 22.952229 72.000000 
-124.193581 -53.088875 22.952089 73.000000 
-124.096191 -53.224178 22.948494 68.000000 
-124.172302 -53.093880 22.957001 71.000000 
-124.085701 -53.217701 22.944780 72.000000 
-124.166061 -53.081940 22.949247 79.000000 
-124.232307 -52.952766 22.965210 67.000000 
-124.152870 -53.077888 22.947384 70.000000 
-124.224503 -52.941875 22.958450 67.000000 
-124.144241 -53.068615 22.941620 85.000000 
-124.215500 -52.932339 22.952646 67.000000 
-124.125351 -53.071243 22.944733 73.000000 
-124.199638 -52.930912 22.952541 69.000000 
-124.284172 -52.782547 22.963213 71.000000 
-124.181541 -52.932247 22.954372 74.000000 
-124.269592 -52.777935 22.960835 78.000000 
-124.164619 -52.932301 22.955299 77.000000 
-124.258430 -52.771305 22.957060 69.000000 
-124.152184 -52.926987 22.952457 72.000000 
-124.243820 -52.766785 22.954742 69.000000 
-124.223717 -52.771328 22.958345 67.000000 
-124.318283 -52.602932 22.963942 75.000000 
-124.211349 -52.764141 22.954271 71.000000 
-124.303818 -52.598648 22.961664 83.000000 
-124.197937 -52.760464 22.952448 67.000000 
-124.282738 -52.602924 22.964701 85.000000 
-124.270485 -52.595913 22.960735 83.000000 
-124.376640 -52.405701 22.962179 96.000000 
-124.258202 -52.588936 22.956795 87.000000 
-124.350739 -52.415810 22.968195 81.000000 
-124.245895 -52.581993 22.952879 83.000000 
-124.337952 -52.408604 22.964130 70.000000 
-124.327293 -52.398518 22.958397 78.000000 
-124.414993 -52.227333 22.980061 73.000000 
-124.308006 -52.400135 22.959480 81.000000 
-124.405968 -52.214012 22.972668 73.000000 
-124.289825 -52.400364 22.959759 83.000000 
-124.388336 -52.212589 22.971777 68.000000 
-124.273796 -52.397728 22.958376 67.000000 
-124.370728 -52.211227 22.970926 68.000000 
-124.466431 -51.993294 22.976700 107.000000 
-124.334137 -52.212048 22.971184 73.000000 
-124.453140 -51.986130 22.972696 104.000000 
-124.433907 -51.986233 22.972395 112.000000 
-124.411942 -51.989082 22.973494 108.000000 
-124.535217 -51.748810 22.979477 103.000000 
-124.395866 -51.984756 22.970949 111.000000 
-124.514351 -51.750362 22.979610 121.000000 
-124.384911 -51.972828 22.964525 115.000000 
-124.477524 -51.813404 22.982447 123.000000 
-124.462860 -51.805794 22.978233 121.000000 
-124.445137 -51.802898 22.976282 122.000000 
-124.575859 -51.541603 22.984409 121.000000 
-124.430435 -51.795387 22.972134 124.000000 
-124.558411 -51.536873 22.981462 126.000000 
-124.545715 -51.526257 22.975945 127.000000 
-124.526245 -51.524799 22.974480 127.000000 
-124.507782 -51.521816 22.972351 128.000000 
-124.486382 -51.523678 22.972397 128.000000 
-124.466194 -51.522045 22.970861 122.000000 
-123.745964 -55.069187 22.934444 81.000000 
-123.736389 -55.063946 22.931982 86.000000 
-123.726799 -55.058735 22.929539 90.000000 
-123.706299 -55.062981 22.937923 91.000000 
-123.780373 -54.962753 22.934601 67.000000 
-123.697983 -55.056847 22.934361 91.000000 
-123.769241 -54.958500 22.933210 83.000000 
-123.689644 -55.050739 22.930817 91.000000 
-123.753090 -54.958492 22.936451 73.000000 
-123.686234 -55.040554 22.922537 85.000000 
-123.741966 -54.954334 22.935123 73.000000 
-123.667938 -55.042706 22.928535 88.000000 
-123.738304 -54.943863 22.926891 89.000000 
-123.799889 -54.851006 22.937590 76.000000 
-123.654617 -55.040810 22.929819 71.000000 
-123.724670 -54.941887 22.927919 73.000000 
-123.794685 -54.841324 22.930519 80.000000 
-123.718010 -54.933258 22.921846 89.000000 
-123.776596 -54.842293 22.934517 78.000000 
-123.695793 -54.938862 22.931068 82.000000 
-123.772560 -54.831558 22.926352 81.000000 
-123.827339 -54.740910 22.944883 69.000000 
-123.689980 -54.930920 22.925398 71.000000 
-123.756630 -54.832169 22.929661 87.000000 
-123.818565 -54.734753 22.941334 66.000000 
-123.613625 -55.023300 22.923294 90.000000 
-123.740295 -54.832539 22.932833 78.000000 
-123.731300 -54.826309 22.929247 87.000000 
-123.724701 -54.817871 22.923410 87.000000 
-123.860916 -54.606682 22.937208 67.000000 
-123.771202 -54.717960 22.935215 69.000000 
-123.849571 -54.600956 22.934311 72.000000 
-123.766701 -54.707031 22.927176 69.000000 
-123.831436 -54.602676 22.938036 72.000000 
-123.755402 -54.703350 22.925957 70.000000 
-123.825882 -54.592953 22.931293 75.000000 
-123.892540 -54.484699 22.944698 100.000000 
-123.743629 -54.699394 22.924585 76.000000 
-123.810196 -54.592419 22.932951 72.000000 
-123.882561 -54.478035 22.940886 99.000000 
-123.668518 -54.797394 22.916157 71.000000 
-123.801697 -54.584793 22.928204 70.000000 
-123.864166 -54.479935 22.944355 78.000000 
-123.786034 -54.584366 22.929930 72.000000 
-123.860130 -54.467232 22.935402 85.000000 
-123.769913 -54.583679 22.931515 81.000000 
-123.850769 -54.459099 22.930428 79.000000 
-123.916138 -54.346977 22.946856 79.000000 
-123.834778 -54.458706 22.931919 75.000000 
-123.903389 -54.342758 22.945036 79.000000 
-123.814621 -54.463638 22.937819 82.000000 
-123.894699 -54.335133 22.940411 73.000000 
-123.802223 -54.459671 22.936258 82.000000 
-123.879585 -54.333523 22.940666 75.000000 
-123.959656 -54.201435 22.947754 76.000000 
-123.857483 -54.339584 22.947031 73.000000 
-123.954712 -54.188091 22.938993 78.000000 
-123.844765 -54.335567 22.945345 77.000000 
-123.938034 -54.187744 22.940001 68.000000 
-123.838455 -54.323605 22.937403 71.000000 
-123.913895 -54.194946 22.946730 73.000000 
-123.994904 -54.050438 22.951185 69.000000 
-123.901924 -54.189526 22.943913 70.000000 
-123.979622 -54.049160 22.951225 74.000000 
-123.898521 -54.175304 22.934433 79.000000 
-123.966095 -54.044918 22.949219 67.000000 
-123.885338 -54.171246 22.932638 79.000000 
-123.954849 -54.038044 22.945349 72.000000 
-123.867607 -54.172501 22.934818 65.000000 
-123.941307 -54.033886 22.943399 69.000000 
-124.024696 -53.886967 22.954546 77.000000 
-123.928322 -54.028088 22.940340 77.000000 
-124.018082 -53.872700 22.945837 69.000000 
-123.903519 -54.037540 22.947979 77.000000 
-123.986176 -53.870071 22.945505 71.000000 
-123.965500 -53.874207 22.948969 69.000000 
-124.066872 -53.699577 22.950123 69.000000 
-123.951546 -53.870110 22.946974 66.000000 
-124.049080 -53.699467 22.950523 75.000000 
-124.028000 -53.703678 22.953613 81.000000 
-124.134323 -53.515663 22.955893 71.000000 
-124.011383 -53.702297 22.953224 78.000000 
-124.113869 -53.518402 22.957705 96.000000 
-124.003525 -53.689602 22.945791 78.000000 
-124.092369 -53.522667 22.960415 78.000000 
-123.989067 -53.685467 22.943691 76.000000 
-124.079636 -53.515427 22.956400 71.000000 
-124.070114 -53.503868 22.949865 72.000000 
-124.164330 -53.323917 22.966198 83.000000 
-124.053001 -53.502514 22.949303 72.000000 
-124.146729 -53.322388 22.965326 81.000000 
-123.941406 -53.679092 22.941160 75.000000 
-124.034843 -53.502686 22.949635 81.000000 
-124.131287 -53.317959 22.962870 77.000000 
-124.116898 -53.312092 22.959635 68.000000 
-124.224861 -53.107094 22.972000 107.000000 
-124.095093 -53.316692 22.962141 75.000000 
-124.210945 -53.099476 22.967810 110.000000 
-124.076508 -53.316910 22.962252 77.000000 
-124.198051 -53.090382 22.962872 105.000000 
-124.177795 -53.091942 22.963408 114.000000 
-124.157593 -53.093582 22.963995 111.000000 
-124.280754 -52.855408 22.970453 122.000000 
-124.126549 -53.149101 22.962856 116.000000 
-124.248093 -52.912270 22.969637 121.000000 
-124.111549 -53.143253 22.959620 68.000000 
-124.226273 -52.915379 22.970625 122.000000 
-124.207558 -52.913921 22.969435 122.000000 
-124.341309 -52.650032 22.975895 111.000000 
-124.192924 -52.906315 22.965303 123.000000 
-124.318588 -52.655033 22.977404 124.000000 
-124.176239 -52.901863 22.962698 125.000000 
-124.301201 -52.650261 22.974520 125.000000 
-124.284813 -52.643967 22.970964 124.000000 
-124.267403 -52.639305 22.968155 125.000000 
-124.246040 -52.641045 22.968225 125.000000 
-124.224709 -52.642864 22.968346 119.000000 
-123.465584 -56.191177 22.929987 89.000000 
-123.463768 -56.179989 22.920481 90.000000 
-123.451332 -56.176449 22.920267 86.000000 
-123.433014 -56.178265 22.926199 86.000000 
-123.505165 -56.081047 22.924263 78.000000 
-123.420181 -56.176456 22.927605 98.000000 
-123.495827 -56.076057 22.921953 78.000000 
-123.410713 -56.171371 22.925293 82.000000 
-123.487305 -56.069740 22.918324 71.000000 
-123.397491 -56.169353 22.926584 82.000000 
-123.461220 -56.078049 22.930944 68.000000 
-123.392975 -56.160275 22.919540 97.000000 
-123.452728 -56.071838 22.927383 68.000000 
-123.528656 -55.968285 22.924435 87.000000 
-123.376045 -56.161396 22.924479 91.000000 
-123.446693 -56.063549 22.921513 67.000000 
-123.511086 -55.969437 22.928665 89.000000 
-123.502274 -55.963081 22.925030 78.000000 
-123.419701 -56.059692 22.923815 65.000000 
-123.490959 -55.958927 22.923681 84.000000 
-123.483330 -55.951538 22.918951 76.000000 
-123.544685 -55.856110 22.930765 66.000000 
-123.464630 -55.954021 22.924473 76.000000 
-123.535545 -55.849659 22.927090 79.000000 
-123.453316 -55.949997 22.923210 76.000000 
-123.528839 -55.840977 22.921225 76.000000 
-123.448082 -55.940498 22.916267 78.000000 
-123.517189 -55.836830 22.919796 76.000000 
-123.590599 -55.726688 22.923565 67.000000 
-123.437950 -55.935429 22.913906 67.000000 
-123.498238 -55.839546 22.925043 79.000000 
-123.585960 -55.715443 22.915539 77.000000 
-123.489044 -55.833229 22.921461 79.000000 
-123.563004 -55.721725 22.923630 75.000000 
-123.477409 -55.829224 22.920124 79.000000 
-123.546196 -55.722260 22.926405 81.000000 
-123.619659 -55.609077 22.933334 90.000000 
-123.470573 -55.820667 22.914356 76.000000 
-123.534256 -55.718155 22.924913 81.000000 
-123.607391 -55.604820 22.931648 82.000000 
-123.527107 -55.709373 22.919127 75.000000 
-123.589096 -55.606644 22.935211 72.000000 
-123.517517 -55.702969 22.915516 87.000000 
-123.578049 -55.601280 22.932549 65.000000 
-123.503151 -55.701340 22.916264 84.000000 
-123.568176 -55.594734 22.928864 69.000000 
-123.637924 -55.480049 22.940819 69.000000 
-123.558281 -55.588211 22.925198 69.000000 
-123.628906 -55.472084 22.936029 75.000000 
-123.540077 -55.590282 22.928917 75.000000 
-123.619858 -55.464138 22.931257 67.000000 
-123.525467 -55.588753 22.929523 72.000000 
-123.609589 -55.457474 22.927521 66.000000 
-123.685860 -55.331516 22.937351 88.000000 
-123.589890 -55.460899 22.931955 68.000000 
-123.672867 -55.327232 22.935476 94.000000 
-123.574936 -55.459362 22.932360 68.000000 
-123.669235 -55.312679 22.925764 79.000000 
-123.564659 -55.452827 22.928711 70.000000 
-123.648026 -55.317497 22.930830 73.000000 
-123.725449 -55.179253 22.937950 69.000000 
-123.633842 -55.314636 22.930031 76.000000 
-123.712051 -55.174931 22.935966 74.000000 
-123.620834 -55.310528 22.928276 79.000000 
-123.695175 -55.174633 22.936869 66.000000 
-123.607811 -55.306465 22.926552 79.000000 
-123.678329 -55.174404 22.937815 74.000000 
-123.511864 -55.439758 22.924635 70.000000 
-123.598221 -55.298523 22.921877 73.000000 
-123.668381 -55.166237 22.933069 66.000000 
-123.745972 -55.028599 22.948282 74.000000 
-123.656113 -55.160767 22.930258 72.000000 
-123.739037 -55.016121 22.940718 73.000000 
-123.635910 -55.164722 22.934189 72.000000 
-123.803238 -54.848370 22.945459 68.000000 
-123.790092 -54.842575 22.942381 72.000000 
-123.679283 -55.004807 22.936483 73.000000 
-123.778046 -54.835423 22.938446 75.000000 
-123.761528 -54.833923 22.938089 78.000000 
-123.740601 -54.838116 22.941336 76.000000 
-123.848854 -54.649765 22.940767 85.000000 
-123.730736 -54.828281 22.935713 83.000000 
-123.832947 -54.646751 22.939318 72.000000 
-123.718636 -54.821297 22.931896 81.000000 
-123.806099 -54.658180 22.946445 71.000000 
-123.797882 -54.645210 22.939095 78.000000 
-123.895645 -54.463566 22.952051 74.000000 
-123.780922 -54.643818 22.938618 70.000000 
-123.873856 -54.467861 22.954533 73.000000 
-123.771530 -54.632343 22.932165 72.000000 
-123.857094 -54.466728 22.953993 68.000000 
-123.847198 -54.454956 22.947544 70.000000 
-123.735497 -54.632729 22.933115 71.000000 
-123.830841 -54.452076 22.946051 68.000000 
-123.942322 -54.243286 22.953720 108.000000 
-123.717529 -54.633026 22.933655 67.000000 
-123.815559 -54.447769 22.943769 73.000000 
-123.926453 -54.238705 22.951185 117.000000 
-123.912682 -54.231163 22.947115 117.000000 
-123.884483 -54.282032 22.942518 117.000000 
-123.995911 -54.065102 22.956902 118.000000 
-123.861282 -54.288189 22.945612 120.000000 
-123.981491 -54.057320 22.952721 122.000000 
-123.838158 -54.294441 22.948767 75.000000 
-123.963936 -54.054192 22.950821 123.000000 
-123.939186 -54.061913 22.954222 124.000000 
-123.923729 -54.055840 22.950905 125.000000 
-124.055405 -53.799774 22.957932 121.000000 
-123.909271 -54.048264 22.946869 125.000000 
-124.035141 -53.799664 22.957258 126.000000 
-124.019958 -53.791767 22.953060 126.000000 
-123.999718 -53.791786 22.952475 126.000000 
-123.986496 -53.780838 22.946911 126.000000 
-123.964821 -53.786499 22.948975 121.000000 
-123.944649 -53.786720 22.948521 124.000000 
-123.174667 -57.313107 22.910328 89.000000 
-123.170441 -57.303989 22.903191 94.000000 
-123.157280 -57.301735 22.904419 88.000000 
-123.144127 -57.299530 22.905682 91.000000 
-123.207924 -57.210464 22.910505 67.000000 
-123.128479 -57.299362 22.909380 88.000000 
-123.120384 -57.293304 22.905912 85.000000 
-123.114769 -57.285278 22.900055 88.000000 
-123.106621 -57.279259 22.896618 85.000000 
-123.232101 -57.098644 22.909142 80.000000 
-123.091431 -57.279587 22.900616 82.000000 
-123.221359 -57.094738 22.907978 76.000000 
-123.207695 -57.092690 22.908943 72.000000 
-123.203972 -57.082115 22.900795 71.000000 
-123.192764 -57.077991 22.899523 71.000000 
-123.254707 -56.983528 22.909878 75.000000 
-123.179100 -57.076073 22.900574 74.000000 
-123.248184 -56.974892 22.904013 74.000000 
-123.164215 -57.075287 22.902809 78.000000 
-123.236687 -56.970718 22.902618 72.000000 
-123.302414 -56.869869 22.912460 76.000000 
-123.155472 -57.069130 22.899326 78.000000 
-123.225182 -56.966583 22.901251 69.000000 
-123.296791 -56.859875 22.905514 98.000000 
-123.208794 -56.966976 22.904387 76.000000 
-123.286201 -56.854485 22.902905 78.000000 
-123.199738 -56.960690 22.900841 79.000000 
-123.269493 -56.854900 22.905745 75.000000 
-123.337868 -56.748837 22.916479 79.000000 
-123.190651 -56.954426 22.897314 81.000000 
-123.250397 -56.857704 22.910803 78.000000 
-123.326981 -56.743366 22.913782 90.000000 
-123.179138 -56.950455 22.896059 65.000000 
-123.243454 -56.848972 22.905024 70.000000 
-123.317299 -56.736744 22.910059 82.000000 
-123.234062 -56.842587 22.901440 75.000000 
-123.297920 -56.739697 22.914793 82.000000 
-123.222244 -56.838566 22.900061 78.000000 
-123.288231 -56.733154 22.911127 82.000000 
-123.361450 -56.617260 22.919449 69.000000 
-123.280907 -56.724239 22.905363 82.000000 
-123.346611 -56.615456 22.919775 72.000000 
-123.273537 -56.715336 22.899612 79.000000 
-123.336571 -56.608776 22.916042 72.000000 
-123.255440 -56.717323 22.903442 89.000000 
-123.324127 -56.604599 22.914385 72.000000 
-123.315231 -56.596745 22.909672 75.000000 
-123.392334 -56.472008 22.917507 73.000000 
-123.296860 -56.598858 22.913216 79.000000 
-123.378334 -56.469009 22.916698 66.000000 
-123.279716 -56.599808 22.915777 83.000000 
-123.370216 -56.459690 22.910950 68.000000 
-123.439583 -56.333241 22.923931 73.000000 
-123.267288 -56.595821 22.914249 69.000000 
-123.355026 -56.458054 22.911196 68.000000 
-123.426392 -56.328907 22.922003 69.000000 
-123.336357 -56.460323 22.914473 73.000000 
-123.328178 -56.451103 22.908798 76.000000 
-123.313034 -56.449631 22.909151 67.000000 
-123.472664 -56.171898 22.924046 65.000000 
-123.371300 -56.314667 22.916531 67.000000 
-123.454453 -56.172935 22.925741 71.000000 
-123.356956 -56.311890 22.915728 66.000000 
-123.443146 -56.165947 22.921904 69.000000 
-123.273384 -56.439064 22.905397 89.000000 
-123.431824 -56.158997 22.918091 76.000000 
-123.520630 -56.006824 22.928257 79.000000 
-123.423302 -56.149704 22.912622 76.000000 
-123.507721 -56.001030 22.925224 73.000000 
-123.407967 -56.148590 22.912781 66.000000 
-123.495979 -55.995991 22.922609 68.000000 
-123.486412 -55.986107 22.916935 65.000000 
-123.577965 -55.823669 22.929127 67.000000 
-123.466652 -55.986675 22.918097 66.000000 
-123.573395 -55.804272 22.917847 92.000000 
-123.447014 -55.989422 22.920595 69.000000 
-123.561020 -55.796940 22.913864 92.000000 
-123.539749 -55.801033 22.916822 89.000000 
-123.514130 -55.810917 22.923298 100.000000 
-123.618752 -55.625595 22.930489 69.000000 
-123.501785 -55.803761 22.919430 92.000000 
-123.599304 -55.626858 22.931427 68.000000 
-123.491592 -55.793770 22.913849 86.000000 
-123.579895 -55.628197 22.932411 75.000000 
-123.565506 -55.624138 22.930317 73.000000 
-123.690544 -55.402714 22.927485 109.000000 
-123.555878 -55.612450 22.923895 77.000000 
-123.665154 -55.411392 22.932083 110.000000 
-123.540382 -55.609932 22.922689 73.000000 
-123.644829 -55.414604 22.933773 105.000000 
-123.628159 -55.411552 22.932131 86.000000 
-123.602982 -55.457954 22.925220 105.000000 
-123.720909 -55.236893 22.933502 121.000000 
-123.586296 -55.454998 22.923651 115.000000 
-123.702553 -55.235184 22.932388 124.000000 
-123.685265 -55.232021 22.930557 123.000000 
-123.662758 -55.236546 22.932575 122.000000 
-123.789459 -54.995327 22.942337 111.000000 
-123.531456 -55.452137 22.922195 77.000000 
-123.638573 -55.242310 22.935213 121.000000 
-123.782196 -54.974545 22.932125 124.000000 
-123.627556 -55.230160 22.928928 125.000000 
-123.762154 -54.974350 22.931540 126.000000 
-123.737007 -54.982010 22.934626 126.000000 
-123.721130 -54.975739 22.931234 126.000000 
-123.705231 -54.969513 22.927877 128.000000 
-123.689308 -54.963337 22.924555 113.000000 
-123.662354 -54.974468 22.929316 120.000000 
-123.643471 -54.973133 22.928280 117.000000 
-122.892563 -58.409798 22.892244 78.000000 
-122.885826 -58.402615 22.887518 77.000000 
-122.877777 -58.396420 22.884001 77.000000 
-122.864647 -58.394161 22.885305 74.000000 
-122.849022 -58.393925 22.889051 74.000000 
-122.914200 -58.304165 22.892170 65.000000 
-122.843460 -58.385860 22.883198 71.000000 
-122.835358 -58.379787 22.879770 83.000000 
-122.827232 -58.373737 22.876358 77.000000 
-122.947250 -58.199028 22.894135 80.000000 
-122.815788 -58.369102 22.875050 77.000000 
-122.932755 -58.196262 22.894766 76.000000 
-122.924133 -58.189934 22.891211 76.000000 
-122.792885 -58.363766 22.875957 65.000000 
-122.916344 -58.184261 22.888027 74.000000 
-122.983940 -58.086033 22.893625 75.000000 
-122.787148 -58.355816 22.870199 68.000000 
-122.907677 -58.177979 22.884506 74.000000 
-122.972504 -58.081760 22.892227 79.000000 
-122.892815 -58.177094 22.886763 81.000000 
-122.961067 -58.077530 22.890856 74.000000 
-122.882889 -58.171959 22.884443 74.000000 
-122.952095 -58.071117 22.887276 69.000000 
-123.012070 -57.976421 22.902109 82.000000 
-122.874527 -58.164070 22.879494 78.000000 
-122.939735 -58.066322 22.885599 76.000000 
-123.011765 -57.960079 22.889412 88.000000 
-122.859703 -58.163342 22.881851 66.000000 
-122.920944 -58.068905 22.891047 67.000000 
-122.996315 -57.959251 22.891197 78.000000 
-122.857887 -58.152382 22.872988 68.000000 
-122.985481 -57.955688 22.890116 70.000000 
-123.054321 -57.850094 22.900417 79.000000 
-122.906250 -58.054718 22.882160 69.000000 
-122.966423 -57.958431 22.895247 70.000000 
-123.044708 -57.843422 22.896713 85.000000 
-122.954689 -57.954323 22.893873 81.000000 
-123.028992 -57.842697 22.898310 82.000000 
-122.945366 -57.947929 22.890337 90.000000 
-123.015717 -57.839661 22.897831 85.000000 
-122.936020 -57.941566 22.886820 78.000000 
-123.003662 -57.835480 22.896326 72.000000 
-122.994003 -57.828949 22.892725 72.000000 
-123.063797 -57.717033 22.903519 72.000000 
-122.904419 -57.940006 22.890516 72.000000 
-122.986931 -57.818199 22.885592 69.000000 
-123.050415 -57.712120 22.901518 72.000000 
-122.966499 -57.822548 22.891630 72.000000 
-123.038025 -57.707924 22.899916 72.000000 
-123.117172 -57.582710 22.906288 70.000000 
-123.029007 -57.701958 22.896641 70.000000 
-123.106651 -57.577805 22.903898 84.000000 
-122.946861 -57.811577 22.886019 74.000000 
-123.016602 -57.697830 22.895090 72.000000 
-123.096260 -57.570980 22.900160 79.000000 
-122.996124 -57.700550 22.899427 72.000000 
-123.080086 -57.568588 22.900066 82.000000 
-123.148819 -57.444054 22.913330 69.000000 
-122.984917 -57.695290 22.896914 65.000000 
-123.067322 -57.564388 22.898384 79.000000 
-123.139137 -57.437805 22.909922 74.000000 
-123.053253 -57.563454 22.899099 82.000000 
-123.040489 -57.559345 22.897478 79.000000 
-123.102516 -57.439022 22.913641 69.000000 
-123.188622 -57.276680 22.908279 71.000000 
-123.083260 -57.422802 22.904335 67.000000 
-123.170456 -57.277672 22.910051 71.000000 
-123.070137 -57.418686 22.902626 72.000000 
-123.159218 -57.270668 22.906265 71.000000 
-123.143379 -57.269089 22.906246 71.000000 
-123.227097 -57.124451 22.920132 72.000000 
-123.132111 -57.262165 22.902515 73.000000 
-123.215439 -57.117287 22.916273 72.000000 
-123.119675 -57.258667 22.901056 78.000000 
-123.208321 -57.106728 22.910124 66.000000 
-123.189819 -57.107918 22.911716 68.000000 
-123.286575 -56.940708 22.919363 94.000000 
-123.178101 -57.100857 22.907936 65.000000 
-123.280006 -56.926319 22.911116 86.000000 
-123.157417 -57.104958 22.911427 68.000000 
-123.266640 -56.920418 22.908070 81.000000 
-123.245476 -56.924484 22.911129 78.000000 
-123.225487 -56.927216 22.913374 72.000000 
-123.331390 -56.740883 22.918602 74.000000 
-123.211044 -56.922905 22.911312 75.000000 
-123.312019 -56.742111 22.919626 73.000000 
-123.203163 -56.910072 22.904045 75.000000 
-123.289406 -56.747768 22.923195 77.000000 
-123.272125 -56.744064 22.921431 75.000000 
-123.389954 -56.535728 22.923988 107.000000 
-123.260460 -56.735313 22.916744 77.000000 
-123.371193 -56.535507 22.923943 106.000000 
-123.333992 -56.599857 22.929371 105.000000 
-123.320694 -56.592354 22.925426 108.000000 
-123.433723 -56.381641 22.937225 118.000000 
-123.309212 -56.579662 22.918718 84.000000 
-123.418411 -56.373074 22.932735 122.000000 
-123.292648 -56.576706 22.917234 79.000000 
-123.401283 -56.369869 22.930967 120.000000 
-123.388367 -56.360649 22.926188 119.000000 
-123.365990 -56.365166 22.928318 119.000000 
-123.497818 -56.118725 22.933886 123.000000 
-123.350281 -56.362900 22.927063 123.000000 
-123.487724 -56.106907 22.927982 123.000000 
-123.463676 -56.112900 22.930401 121.000000 
-123.440735 -56.117443 22.932152 123.000000 
-123.423996 -56.112740 22.929583 124.000000 
-123.410309 -56.103416 22.924854 115.000000 
-122.625351 -59.463562 22.866068 94.000000 
-122.613365 -59.460197 22.866119 94.000000 
-122.598862 -59.458843 22.868601 101.000000 
-122.579353 -59.461502 22.875931 97.000000 
-122.569939 -59.456326 22.873686 88.000000 
-122.646309 -59.356651 22.866926 83.000000 
-122.566322 -59.445900 22.865259 101.000000 
-122.627357 -59.358177 22.872572 73.000000 
-122.555611 -59.441765 22.864256 91.000000 
-122.620140 -59.350842 22.867882 70.000000 
-122.544891 -59.437668 22.863277 74.000000 
-122.611633 -59.344555 22.864380 70.000000 
-122.673370 -59.254265 22.874249 76.000000 
-122.603104 -59.338291 22.860899 71.000000 
-122.660866 -59.251030 22.874102 92.000000 
-122.592087 -59.334137 22.859797 65.000000 
-122.659531 -59.238201 22.863672 78.000000 
-122.515152 -59.423580 22.858070 74.000000 
-122.653160 -59.229649 22.857826 84.000000 
-122.631989 -59.234055 22.865795 84.000000 
-122.614578 -59.235313 22.870369 76.000000 
-122.608185 -59.226871 22.864599 71.000000 
-122.755493 -59.012493 22.867775 82.000000 
-122.746017 -59.005817 22.864098 81.000000 
-122.729187 -59.006084 22.866964 75.000000 
-122.644821 -59.110394 22.862196 66.000000 
-122.708755 -59.009895 22.873146 72.000000 
-122.789581 -58.891666 22.873793 74.000000 
-122.702911 -58.999874 22.866285 81.000000 
-122.774910 -58.889648 22.874300 79.000000 
-122.690987 -58.995678 22.864901 75.000000 
-122.751793 -58.896034 22.882242 72.000000 
-122.607582 -59.100510 22.860847 72.000000 
-122.685051 -58.985687 22.858068 72.000000 
-122.742004 -58.889374 22.878603 72.000000 
-122.669510 -58.985069 22.860023 70.000000 
-122.733391 -58.881542 22.873924 82.000000 
-122.802063 -58.770103 22.886972 66.000000 
-122.724739 -58.873730 22.869261 89.000000 
-122.789528 -58.765762 22.885319 72.000000 
-122.639702 -58.982849 22.862955 67.000000 
-122.707741 -58.874386 22.872068 85.000000 
-122.779373 -58.758995 22.881639 68.000000 
-122.691971 -58.873905 22.873856 79.000000 
-122.773933 -58.747299 22.873863 66.000000 
-122.848076 -58.626064 22.885555 94.000000 
-122.758980 -58.745544 22.874346 68.000000 
-122.838699 -58.617859 22.880804 73.000000 
-122.739357 -58.748829 22.879002 68.000000 
-122.833992 -58.604584 22.872086 68.000000 
-122.731476 -58.739704 22.873354 68.000000 
-122.812798 -58.609173 22.877344 73.000000 
-122.890602 -58.473209 22.884230 78.000000 
-122.795181 -58.610020 22.879662 73.000000 
-122.876099 -58.470074 22.883316 77.000000 
-122.781075 -58.607086 22.879017 79.000000 
-122.858116 -58.470928 22.885330 77.000000 
-122.773918 -58.596478 22.872383 73.000000 
-122.842484 -58.469223 22.885460 83.000000 
-122.831482 -58.462307 22.881754 88.000000 
-122.820442 -58.455418 22.878073 83.000000 
-122.804817 -58.453861 22.878302 75.000000 
-122.979607 -58.156456 22.897278 68.000000 
-122.874100 -58.307156 22.886187 67.000000 
-122.966576 -58.150524 22.894281 72.000000 
-122.954666 -58.143250 22.890415 72.000000 
-122.942726 -58.136013 22.886576 73.000000 
-122.928513 -58.131588 22.884565 72.000000 
-123.028145 -57.958897 22.891386 85.000000 
-122.906502 -58.136963 22.888906 68.000000 
-123.017906 -57.948608 22.885723 78.000000 
-122.894539 -58.129864 22.885164 68.000000 
-122.997620 -57.951134 22.887867 75.000000 
-122.971878 -57.960869 22.894398 75.000000 
-123.078827 -57.772213 22.900648 72.000000 
-122.963814 -57.947868 22.887096 83.000000 
-123.060349 -57.771877 22.900805 75.000000 
-122.954582 -57.936310 22.880678 89.000000 
-123.039703 -57.774521 22.902666 70.000000 
-123.027809 -57.765583 22.897924 73.000000 
-123.139091 -57.565136 22.907490 84.000000 
-122.908485 -57.986965 22.880264 71.000000 
-123.115494 -57.608025 22.902151 112.000000 
-122.985199 -57.810184 22.893736 70.000000 
-123.092194 -57.613667 22.905273 111.000000 
-123.078590 -57.605995 22.901289 114.000000 
-123.066032 -57.596867 22.896538 115.000000 
-123.177322 -57.386276 22.911425 112.000000 
-123.047081 -57.596748 22.896606 111.000000 
-123.165199 -57.375324 22.905819 123.000000 
-123.148811 -57.370483 22.903275 124.000000 
-123.127182 -57.373322 22.904575 123.000000 
-123.261337 -57.120785 22.910482 118.000000 
-123.105614 -57.376247 22.905930 125.000000 
-123.245293 -57.114178 22.907019 122.000000 
-123.087196 -57.374660 22.905041 120.000000 
-123.220955 -57.120033 22.909376 123.000000 
-123.075996 -57.362400 22.898832 105.000000 
-123.200806 -57.119770 22.908894 124.000000 
-123.066772 -57.347084 22.891106 119.000000 
-123.184769 -57.113346 22.905554 125.000000 
-123.171761 -57.102283 22.900064 126.000000 
-122.340019 -60.530910 22.857622 90.000000 
-122.333031 -60.523567 22.852900 97.000000 
-122.320557 -60.519875 22.852808 91.000000 
-122.311005 -60.514561 22.850521 97.000000 
-122.293945 -60.515255 22.855474 88.000000 
-122.280670 -60.513027 22.856861 82.000000 
-122.280212 -60.501125 22.846380 85.000000 
-122.339897 -60.413731 22.855591 68.000000 
-122.266914 -60.498962 22.847813 91.000000 
-122.328819 -60.409447 22.854445 65.000000 
-122.411896 -60.300610 22.845633 70.000000 
-122.255257 -60.494221 22.846521 80.000000 
-122.319351 -60.402489 22.850624 68.000000 
-122.237099 -60.496227 22.852879 88.000000 
-122.310715 -60.396183 22.847170 65.000000 
-122.299599 -60.392006 22.846098 68.000000 
-122.418968 -60.194668 22.859941 72.000000 
-122.412209 -60.185848 22.854118 69.000000 
-122.405396 -60.177036 22.848307 67.000000 
-122.392166 -60.175640 22.849579 69.000000 
-122.466560 -60.065613 22.853167 77.000000 
-122.373169 -60.178150 22.855015 69.000000 
-122.455734 -60.060047 22.850603 78.000000 
-122.363426 -60.171375 22.851341 66.000000 
-122.438347 -60.059982 22.853319 78.000000 
-122.354126 -60.164948 22.847864 69.000000 
-122.423904 -60.057999 22.854084 81.000000 
-122.505669 -59.937729 22.854595 90.000000 
-122.411873 -60.053734 22.852701 75.000000 
-122.488457 -59.938072 22.857233 79.000000 
-122.404625 -60.044823 22.846973 84.000000 
-122.471291 -59.938488 22.859915 92.000000 
-122.392082 -60.040298 22.845465 81.000000 
-122.460831 -59.931416 22.856108 92.000000 
-122.382393 -60.033791 22.841965 68.000000 
-122.449654 -59.925915 22.853565 85.000000 
-122.519295 -59.812428 22.866608 72.000000 
-122.439644 -59.919239 22.849985 89.000000 
-122.506607 -59.808033 22.864973 70.000000 
-122.421356 -59.921101 22.853880 67.000000 
-122.579948 -59.669270 22.866129 89.000000 
-122.568581 -59.663849 22.863543 85.000000 
-122.559006 -59.655556 22.858807 73.000000 
-122.545258 -59.652756 22.858259 70.000000 
-122.619568 -59.519955 22.869417 67.000000 
-122.532135 -59.648376 22.856560 65.000000 
-122.613678 -59.505875 22.860624 74.000000 
-122.590881 -59.511887 22.866457 74.000000 
-122.503044 -59.641987 22.855076 65.000000 
-122.572777 -59.512722 22.868494 74.000000 
-122.561600 -59.505695 22.864782 69.000000 
-122.655785 -59.350887 22.868017 71.000000 
-122.548698 -59.499680 22.861881 66.000000 
-122.634407 -59.354076 22.871428 76.000000 
-122.538612 -59.491394 22.857252 67.000000 
-122.625061 -59.344162 22.865778 69.000000 
-122.615662 -59.334270 22.860147 71.000000 
-122.702484 -59.183609 22.874584 67.000000 
-122.689240 -59.177597 22.871603 65.000000 
-122.677101 -59.170238 22.867756 65.000000 
-122.761185 -58.993637 22.875111 89.000000 
-122.749634 -58.984650 22.870312 78.000000 
-122.629463 -59.162373 22.865389 65.000000 
-122.736938 -58.977116 22.866398 71.000000 
-122.718872 -58.978935 22.868082 78.000000 
-122.818108 -58.799442 22.882313 72.000000 
-122.698486 -58.981510 22.870289 72.000000 
-122.805992 -58.790260 22.877489 75.000000 
-122.683601 -58.976994 22.868210 72.000000 
-122.787300 -58.789860 22.877653 81.000000 
-122.747307 -58.854385 22.884676 81.000000 
-122.879265 -58.625114 22.881111 107.000000 
-122.732780 -58.846066 22.880404 81.000000 
-122.859695 -58.622326 22.879780 118.000000 
-122.719551 -58.838539 22.876547 70.000000 
-122.830780 -58.635300 22.886812 114.000000 
-122.820465 -58.625282 22.881636 111.000000 
-122.806595 -58.617504 22.877666 105.000000 
-122.921043 -58.401554 22.892467 121.000000 
-122.790253 -58.610493 22.874134 116.000000 
-122.902985 -58.395729 22.889465 121.000000 
-122.888466 -58.387714 22.885399 121.000000 
-122.868698 -58.387383 22.885153 122.000000 
-123.000610 -58.137035 22.894896 121.000000 
-122.852074 -58.382530 22.882675 122.000000 
-122.983284 -58.131847 22.892145 126.000000 
-122.834106 -58.381191 22.881952 123.000000 
-122.970566 -58.122868 22.887686 122.000000 
-122.948082 -58.125568 22.888609 121.000000 
-122.802887 -58.368679 22.875654 109.000000 
-122.923599 -58.131477 22.891029 122.000000 
-122.910347 -58.120274 22.885544 123.000000 
-122.893776 -58.115776 22.883186 106.000000 
-122.882446 -58.101505 22.876305 111.000000 
-122.039909 -61.614151 22.850925 98.000000 
-122.024078 -61.613636 22.854637 111.000000 
-122.010391 -61.610901 22.855822 97.000000 
-122.000893 -61.605568 22.853605 91.000000 
-121.995125 -61.597279 22.847801 85.000000 
-122.054420 -61.511536 22.858450 68.000000 
-121.980614 -61.595989 22.850449 97.000000 
-122.048401 -61.503025 22.852633 68.000000 
-121.958687 -61.600780 22.860386 85.000000 
-122.042328 -61.494522 22.846825 65.000000 
-121.950424 -61.594604 22.857073 91.000000 
-122.028763 -61.492249 22.848083 65.000000 
-122.102272 -61.392231 22.848507 83.000000 
-121.949501 -61.582390 22.846500 67.000000 
-122.010277 -61.494198 22.854092 68.000000 
-122.094620 -61.384567 22.843830 78.000000 
-121.942383 -61.575222 22.841993 83.000000 
-122.078270 -61.384441 22.847187 78.000000 
-122.060722 -61.385471 22.851736 74.000000 
-122.133636 -61.281803 22.854649 69.000000 
-121.988106 -61.472137 22.840443 73.000000 
-122.051819 -61.378998 22.848286 76.000000 
-122.124443 -61.275124 22.851088 70.000000 
-122.042892 -61.372551 22.844856 74.000000 
-122.105385 -61.277393 22.856474 69.000000 
-122.036369 -61.363949 22.839136 76.000000 
-122.098625 -61.268555 22.850733 67.000000 
-122.017685 -61.366299 22.844984 74.000000 
-122.089378 -61.261974 22.847242 67.000000 
-122.159332 -61.156937 22.855204 77.000000 
-122.003891 -61.364342 22.846254 67.000000 
-122.080109 -61.255417 22.843773 72.000000 
-122.150993 -61.149025 22.850542 81.000000 
-122.066444 -61.253738 22.844990 65.000000 
-122.139458 -61.144947 22.849339 78.000000 
-122.212372 -61.034672 22.858662 69.000000 
-122.052338 -61.251785 22.846071 67.000000 
-122.128647 -61.139412 22.846895 72.000000 
-122.201256 -61.028954 22.856071 100.000000 
-122.038254 -61.249893 22.847187 69.000000 
-122.113007 -61.138580 22.848845 75.000000 
-122.191322 -61.022079 22.852451 85.000000 
-122.098595 -61.136642 22.849739 78.000000 
-122.180168 -61.016430 22.849911 96.000000 
-122.084908 -61.133255 22.849403 72.000000 
-122.164902 -61.014084 22.850393 92.000000 
-122.078827 -61.123180 22.842684 75.000000 
-122.144203 -61.018173 22.856398 75.000000 
-122.231110 -60.887932 22.855034 70.000000 
-122.136620 -61.009041 22.850765 89.000000 
-122.216011 -60.885921 22.855499 66.000000 
-122.126617 -61.002354 22.847277 75.000000 
-122.292336 -60.744766 22.855120 70.000000 
-122.120125 -60.992035 22.840609 67.000000 
-122.185867 -60.882076 22.856543 66.000000 
-122.275665 -60.743988 22.856363 84.000000 
-122.175514 -60.875244 22.852995 66.000000 
-122.255501 -60.747105 22.860632 70.000000 
-122.167984 -60.866280 22.847578 68.000000 
-122.249985 -60.735310 22.853188 67.000000 
-122.323738 -60.604118 22.865578 65.000000 
-122.151764 -60.865776 22.849245 65.000000 
-122.236870 -60.730858 22.851551 70.000000 
-122.312035 -60.596535 22.861656 74.000000 
-122.225533 -60.723530 22.847769 71.000000 
-122.298546 -60.591969 22.859869 67.000000 
-122.210083 -60.721745 22.848194 65.000000 
-122.294289 -60.576908 22.850405 67.000000 
-122.274994 -60.579014 22.853491 77.000000 
-122.364113 -60.431126 22.861908 71.000000 
-122.255753 -60.581200 22.856627 67.000000 
-122.354759 -60.421082 22.856287 69.000000 
-122.242249 -60.576824 22.854967 67.000000 
-122.320000 -60.420055 22.858145 69.000000 
-122.218613 -60.564205 22.848824 66.000000 
-122.301537 -60.421005 22.860071 73.000000 
-122.477676 -60.065578 22.865028 77.000000 
-122.453964 -60.074291 22.870991 85.000000 
-122.442413 -60.065269 22.866293 86.000000 
-122.427971 -60.058750 22.863155 89.000000 
-122.416344 -60.049797 22.858509 83.000000 
-122.515892 -59.870369 22.873066 72.000000 
-122.397484 -60.049095 22.858900 70.000000 
-122.382553 -60.044533 22.856916 66.000000 
-122.450027 -59.918106 22.870110 68.000000 
-122.568596 -59.706200 22.876291 109.000000 
-122.555794 -59.696739 22.871542 74.000000 
-122.536842 -59.698540 22.872749 102.000000 
-122.512283 -59.705605 22.876787 102.000000 
-122.652245 -59.455360 22.874550 117.000000 
-122.500893 -59.692909 22.870358 105.000000 
-122.627373 -59.460411 22.877083 127.000000 
-122.484856 -59.688133 22.868126 68.000000 
-122.604355 -59.464455 22.879120 125.000000 
-122.584869 -59.462082 22.877991 123.000000 
-122.568207 -59.457119 22.875586 122.000000 
-122.702347 -59.205750 22.885231 124.000000 
-122.554031 -59.451477 22.872845 121.000000 
-122.686501 -59.201332 22.882999 123.000000 
-122.674271 -59.188354 22.876797 124.000000 
-122.653000 -59.187458 22.876186 122.000000 
-122.632538 -59.187057 22.875826 122.000000 
-122.614120 -59.183598 22.874063 101.000000 
-121.733307 -62.723843 22.843903 68.000000 
-121.727707 -62.715424 22.838091 90.000000 
-121.717003 -62.710903 22.837101 94.000000 
-121.701256 -62.710339 22.840960 91.000000 
-121.680511 -62.713772 22.849691 85.000000 
-121.758446 -62.615078 22.843273 67.000000 
-121.674858 -62.705475 22.843967 88.000000 
-121.749992 -62.608524 22.839849 73.000000 
-121.666672 -62.699165 22.840677 88.000000 
-121.727722 -62.613220 22.849396 65.000000 
-121.655983 -62.694866 22.839830 101.000000 
-121.719276 -62.606758 22.846033 65.000000 
-121.640343 -62.694599 22.843874 91.000000 
-121.713287 -62.598263 22.840324 65.000000 
-121.786362 -62.500301 22.841267 76.000000 
-121.629662 -62.690392 22.843088 104.000000 
-121.772591 -62.497917 22.842421 74.000000 
-121.763794 -62.491325 22.839008 74.000000 
-121.670509 -62.593632 22.847013 65.000000 
-121.754974 -62.484756 22.835613 74.000000 
-121.816391 -62.392868 22.849325 69.000000 
-121.662003 -62.587337 22.843767 65.000000 
-121.742439 -62.481434 22.835703 81.000000 
-121.809784 -62.383949 22.843624 66.000000 
-121.722565 -62.484623 22.842764 72.000000 
-121.803131 -62.375034 22.837934 70.000000 
-121.718613 -62.473850 22.834816 72.000000 
-121.789063 -62.372795 22.838995 70.000000 
-121.708519 -62.468498 22.832676 78.000000 
-121.775017 -62.370613 22.840090 72.000000 
-121.860634 -62.252861 22.834343 77.000000 
-121.700829 -62.460999 22.828232 69.000000 
-121.760986 -62.368484 22.841221 74.000000 
-121.840111 -62.256332 22.840656 70.000000 
-121.754234 -62.359684 22.835615 74.000000 
-121.823311 -62.256451 22.843748 70.000000 
-121.747437 -62.350887 22.830019 70.000000 
-121.813820 -62.249710 22.840317 68.000000 
-121.895920 -62.132011 22.841389 100.000000 
-121.730995 -62.351147 22.833500 70.000000 
-121.876373 -62.134556 22.846336 85.000000 
-121.799568 -62.231667 22.829115 70.000000 
-121.868942 -62.125282 22.840715 85.000000 
-121.780411 -62.234322 22.834541 78.000000 
-121.855461 -62.121994 22.840427 82.000000 
-121.763702 -62.234726 22.837814 75.000000 
-121.845581 -62.115162 22.836977 82.000000 
-121.915642 -62.004124 22.850742 66.000000 
-121.833290 -62.110764 22.835682 79.000000 
-121.905434 -61.997120 22.847212 72.000000 
-121.809143 -62.118458 22.845110 69.000000 
-121.895203 -61.990147 22.843704 66.000000 
-121.801613 -62.109344 22.839605 79.000000 
-121.877838 -61.990620 22.846422 68.000000 
-121.964096 -61.858677 22.849590 78.000000 
-121.858154 -61.993649 22.851257 68.000000 
-121.957016 -61.847733 22.843019 76.000000 
-121.852608 -61.981834 22.843689 68.000000 
-121.936920 -61.850777 22.847460 79.000000 
-121.919235 -61.851357 22.849949 70.000000 
-122.010262 -61.702995 22.847763 74.000000 
-121.910912 -61.841789 22.844454 70.000000 
-121.992172 -61.703552 22.849943 72.000000 
-121.897903 -61.837360 22.842995 68.000000 
-121.974121 -61.704185 22.852167 67.000000 
-121.889503 -61.827839 22.837538 71.000000 
-121.968826 -61.690449 22.843773 66.000000 
-122.051193 -61.553043 22.858040 68.000000 
-121.876465 -61.823486 22.836134 65.000000 
-121.953094 -61.688560 22.844128 66.000000 
-122.042000 -61.542969 22.852530 67.000000 
-121.938522 -61.685406 22.843546 69.000000 
-121.919403 -61.687603 22.846897 66.000000 
-122.018890 -61.528271 22.845303 71.000000 
-122.005020 -61.523674 22.843603 67.000000 
-122.098145 -61.368771 22.853928 69.000000 
-121.982101 -61.529972 22.849447 67.000000 
-122.089500 -61.357101 22.847549 73.000000 
-122.068390 -61.360668 22.851105 73.000000 
-122.172653 -61.185978 22.857586 66.000000 
-122.049583 -61.361553 22.852907 73.000000 
-122.162338 -61.175411 22.852097 96.000000 
-122.030823 -61.362514 22.854755 75.000000 
-122.140785 -61.179020 22.855278 70.000000 
-122.022095 -61.350998 22.848490 66.000000 
-122.123741 -61.177044 22.855045 71.000000 
-122.111145 -61.169441 22.851379 67.000000 
-122.217934 -60.984081 22.860954 74.000000 
-122.097260 -61.161121 22.847380 70.000000 
-122.196861 -60.984116 22.861771 75.000000 
-122.086784 -61.150738 22.842026 67.000000 
-122.182625 -60.977760 22.858858 77.000000 
-122.153175 -61.030052 22.857069 66.000000 
-122.272217 -60.822815 22.864363 105.000000 
-122.143250 -61.017944 22.850883 77.000000 
-122.253021 -60.822140 22.864487 75.000000 
-122.123558 -61.019009 22.852243 70.000000 
-122.239265 -60.814121 22.860680 75.000000 
-122.230843 -60.798706 22.852919 69.000000 
-122.346176 -60.587349 22.869373 103.000000 
-122.334953 -60.574532 22.863194 120.000000 
-122.191422 -60.799259 22.854235 75.000000 
-122.323662 -60.561733 22.857033 124.000000 
-122.299614 -60.567169 22.860016 122.000000 
-122.278801 -60.568146 22.860773 122.000000 
-122.420891 -60.308525 22.865303 118.000000 
-122.263252 -60.561577 22.857761 121.000000 
-122.402504 -60.304661 22.863504 122.000000 
-122.247681 -60.555058 22.854782 120.000000 
-122.378929 -60.308598 22.865360 122.000000 
-122.363678 -60.300217 22.861477 122.000000 
-122.348404 -60.291878 22.857626 115.000000 
-122.335129 -60.280468 22.852352 66.000000 
-121.404076 -63.821583 22.841364 85.000000 
-121.399857 -63.812229 22.834387 86.000000 
-121.393051 -63.804810 22.829828 90.000000 
-121.386200 -63.797401 22.825283 86.000000 
-121.374695 -63.794228 22.825758 90.000000 
-121.440506 -63.705894 22.831026 70.000000 
-121.354019 -63.797634 22.834589 88.000000 
-121.432114 -63.699322 22.827631 78.000000 
-121.345490 -63.790997 22.831167 88.000000 
-121.425789 -63.690418 22.821726 75.000000 
-121.342316 -63.780754 22.823059 82.000000 
-121.402313 -63.696091 22.832558 71.000000 
-121.486214 -63.590565 22.823975 76.000000 
-121.332886 -63.775452 22.821047 94.000000 
-121.391403 -63.691673 22.831610 70.000000 
-121.468689 -63.591213 22.828579 80.000000 
-121.318512 -63.774162 22.823940 91.000000 
-121.387939 -63.681141 22.823566 71.000000 
-121.454964 -63.588779 22.829775 76.000000 
-121.374512 -63.678837 22.825035 70.000000 
-121.443741 -63.584282 22.828699 76.000000 
-121.364799 -63.673485 22.822968 73.000000 
-121.437469 -63.575573 22.823027 74.000000 
-121.499359 -63.484184 22.836346 66.000000 
-121.350174 -63.672318 22.825695 71.000000 
-121.429916 -63.567944 22.818525 78.000000 
-121.490334 -63.477444 22.832914 76.000000 
-121.411278 -63.569962 22.824476 78.000000 
-121.483757 -63.468529 22.827251 74.000000 
-121.395142 -63.569920 22.828156 84.000000 
-121.474670 -63.461834 22.823853 74.000000 
-121.545166 -63.359509 22.832159 76.000000 
-121.386345 -63.563480 22.824894 87.000000 
-121.460655 -63.459591 22.824987 72.000000 
-121.540695 -63.348091 22.824312 82.000000 
-121.444221 -63.459629 22.828419 76.000000 
-121.527580 -63.344650 22.824127 72.000000 
-121.596214 -63.241798 22.838003 66.000000 
-121.437538 -63.450813 22.822836 79.000000 
-121.514465 -63.341255 22.823975 70.000000 
-121.587715 -63.233604 22.833405 100.000000 
-121.425972 -63.446487 22.821802 74.000000 
-121.495285 -63.343651 22.829346 66.000000 
-121.581627 -63.223083 22.826704 92.000000 
-121.488258 -63.334618 22.823769 75.000000 
-121.560883 -63.226719 22.832769 89.000000 
-121.477570 -63.329060 22.821508 72.000000 
-121.545052 -63.225719 22.834629 92.000000 
-121.627213 -63.104824 22.838764 74.000000 
-121.469269 -63.321220 22.817064 81.000000 
-121.534073 -63.220036 22.832262 85.000000 
-121.609833 -63.105003 22.841391 75.000000 
-121.521873 -63.215576 22.830990 89.000000 
-121.593697 -63.104038 22.843031 77.000000 
-121.515640 -63.205185 22.824390 82.000000 
-121.583580 -63.097031 22.839544 75.000000 
-121.672478 -62.964962 22.841484 67.000000 
-121.498657 -63.205585 22.827456 92.000000 
-121.571060 -63.092503 22.838152 75.000000 
-121.653572 -62.966492 22.844875 84.000000 
-121.565651 -63.080635 22.830563 75.000000 
-121.643059 -62.959312 22.841320 71.000000 
-121.548355 -63.081104 22.833372 81.000000 
-121.636086 -62.948376 22.834784 73.000000 
-121.531097 -63.081650 22.836227 83.000000 
-121.626694 -62.939980 22.830265 71.000000 
-121.704735 -62.807785 22.839634 69.000000 
-121.520905 -63.074818 22.832869 66.000000 
-121.605492 -62.944283 22.835815 73.000000 
-121.696114 -62.797867 22.834101 74.000000 
-121.591393 -62.941051 22.835381 82.000000 
-121.678070 -62.798351 22.836334 72.000000 
-121.579628 -62.935322 22.832962 73.000000 
-121.655388 -62.804123 22.842497 72.000000 
-121.761063 -62.642563 22.838301 74.000000 
-121.645569 -62.795631 22.838020 77.000000 
-121.746109 -62.639065 22.837450 71.000000 
-121.634552 -62.788467 22.834538 77.000000 
-121.730011 -62.636955 22.837568 66.000000 
-121.628105 -62.776085 22.827173 77.000000 
-121.799110 -62.470867 22.842228 69.000000 
-121.786018 -62.464638 22.839460 75.000000 
-121.674850 -62.618328 22.830893 73.000000 
-121.768349 -62.463940 22.840334 68.000000 
-121.759773 -62.452293 22.834013 73.000000 
-121.861572 -62.282455 22.842617 82.000000 
-121.743248 -62.450329 22.834053 73.000000 
-121.851334 -62.271866 22.837158 82.000000 
-121.724495 -62.451195 22.835949 75.000000 
-121.834305 -62.269745 22.836929 72.000000 
-121.709137 -62.447975 22.835159 65.000000 
-121.820648 -62.263454 22.834131 70.000000 
-121.799187 -62.267113 22.837465 70.000000 
-121.913643 -62.073868 22.841406 74.000000 
-121.787743 -62.258091 22.832991 75.000000 
-121.892792 -62.076031 22.843481 77.000000 
-121.777359 -62.247673 22.827667 72.000000 
-121.871986 -62.078281 22.845606 73.000000 
-121.840073 -62.131092 22.844309 75.000000 
-121.970093 -61.911469 22.843678 109.000000 
-121.828087 -62.121876 22.839828 70.000000 
-121.948723 -61.913643 22.845436 106.000000 
-121.929588 -61.912952 22.845648 75.000000 
-121.918037 -61.901966 22.840307 104.000000 
-122.041000 -61.682434 22.851402 121.000000 
-121.903206 -61.895462 22.837393 72.000000 
-122.024483 -61.677105 22.849045 122.000000 
-121.891571 -61.884537 22.832102 72.000000 
-122.010094 -61.668808 22.845200 122.000000 
-121.995674 -61.660553 22.841387 122.000000 
-122.134560 -61.409721 22.849363 106.000000 
-121.971703 -61.665977 22.844484 124.000000 
-122.116989 -61.406143 22.847763 124.000000 
-121.950966 -61.666946 22.845343 121.000000 
-122.104965 -61.392963 22.841660 123.000000 
-121.934448 -61.661907 22.843178 107.000000 
-122.078232 -61.401398 22.845739 122.000000 
-122.054718 -61.405315 22.847704 122.000000 
-122.041336 -61.395802 22.843353 123.000000 
-122.025093 -61.389008 22.840302 122.000000 
-121.098366 -64.920074 22.821266 68.000000 
-121.082695 -64.919189 22.825109 85.000000 
-121.073463 -64.913635 22.822960 86.000000 
-121.055275 -64.914787 22.829296 86.000000 
-121.047325 -64.908356 22.825994 86.000000 
-121.119125 -64.817352 22.825878 73.000000 
-121.041878 -64.900032 22.820284 86.000000 
-121.098129 -64.820656 22.834278 68.000000 
-121.032600 -64.894608 22.818228 90.000000 
-121.091179 -64.813118 22.829746 73.000000 
-121.020790 -64.891159 22.818628 86.000000 
-121.089256 -64.801590 22.820496 68.000000 
-121.005249 -64.890671 22.822720 74.000000 
-121.080956 -64.795059 22.817169 71.000000 
-121.145439 -64.707047 22.826519 83.000000 
-120.999695 -64.882431 22.817078 74.000000 
-121.066360 -64.793602 22.819798 73.000000 
-121.143188 -64.695175 22.817356 78.000000 
-121.051788 -64.792198 22.822464 71.000000 
-121.129547 -64.692657 22.818581 87.000000 
-121.043465 -64.785782 22.819212 67.000000 
-121.114662 -64.691246 22.820997 74.000000 
-121.035110 -64.779388 22.815979 65.000000 
-121.101051 -64.688843 22.822294 74.000000 
-121.181190 -64.583473 22.818995 69.000000 
-121.092430 -64.682289 22.818985 74.000000 
-121.167259 -64.581017 22.820068 74.000000 
-121.081306 -64.677864 22.818020 74.000000 
-121.148361 -64.582962 22.825686 72.000000 
-121.228683 -64.474228 22.825525 70.000000 
-121.075111 -64.669243 22.812424 74.000000 
-121.136963 -64.578445 22.824581 74.000000 
-121.216949 -64.469536 22.824234 77.000000 
-121.063957 -64.664886 22.811502 76.000000 
-121.130493 -64.569595 22.818979 79.000000 
-121.197769 -64.471634 22.829538 72.000000 
-121.123970 -64.560753 22.813391 79.000000 
-121.191010 -64.462547 22.823927 72.000000 
-121.265396 -64.356285 22.832541 69.000000 
-121.112511 -64.556328 22.812351 76.000000 
-121.180504 -64.456856 22.821623 78.000000 
-121.250885 -64.353889 22.833281 95.000000 
-121.098618 -64.554161 22.813616 70.000000 
-121.169983 -64.451202 22.819344 72.000000 
-121.238853 -64.349228 22.831932 82.000000 
-121.157005 -64.447868 22.819294 75.000000 
-121.234161 -64.337608 22.824213 79.000000 
-121.142822 -64.445717 22.820381 70.000000 
-121.219650 -64.335350 22.825045 69.000000 
-121.294235 -64.223961 22.835623 69.000000 
-121.206360 -64.331978 22.824842 75.000000 
-121.284294 -64.216850 22.832108 72.000000 
-121.194046 -64.329330 22.825010 79.000000 
-121.277756 -64.208061 22.826893 68.000000 
-121.184395 -64.322510 22.821650 82.000000 
-121.262909 -64.205833 22.827560 68.000000 
-121.346893 -64.081093 22.833780 76.000000 
-121.173737 -64.315033 22.817976 82.000000 
-121.247078 -64.202965 22.827921 68.000000 
-121.333076 -64.075584 22.831860 73.000000 
-121.234665 -64.198425 22.826584 68.000000 
-121.319084 -64.072098 22.831329 68.000000 
-121.222244 -64.193924 22.825275 72.000000 
-121.301514 -64.072395 22.833843 66.000000 
-121.385857 -63.936707 22.838247 67.000000 
-121.216949 -64.182121 22.817734 72.000000 
-121.291130 -64.065269 22.830368 66.000000 
-121.366730 -63.938286 22.841434 69.000000 
-121.283089 -64.055656 22.824900 66.000000 
-121.357162 -63.929688 22.836912 66.000000 
-121.271461 -64.049828 22.822475 73.000000 
-121.256287 -64.047836 22.823111 73.000000 
-121.341438 -63.908684 22.825003 72.000000 
-121.420181 -63.779865 22.842604 71.000000 
-121.319382 -63.914734 22.831438 72.000000 
-121.414230 -63.767490 22.835438 67.000000 
-121.300377 -63.916637 22.834824 66.000000 
-121.291245 -63.908562 22.830597 74.000000 
-121.387581 -63.758289 22.832232 67.000000 
-121.486076 -63.603291 22.839294 75.000000 
-121.364693 -63.764210 22.838120 71.000000 
-121.474342 -63.595631 22.835630 75.000000 
-121.352303 -63.756168 22.834284 71.000000 
-121.456779 -63.592674 22.835247 73.000000 
-121.347885 -63.740864 22.825151 73.000000 
-121.435806 -63.595993 22.838892 72.000000 
-121.549904 -63.415600 22.838301 66.000000 
-121.424057 -63.588478 22.835327 75.000000 
-121.534187 -63.411922 22.837185 82.000000 
-121.412277 -63.580994 22.831787 76.000000 
-121.515053 -63.412479 22.838713 72.000000 
-121.400459 -63.573544 22.828274 81.000000 
-121.501633 -63.406136 22.835934 81.000000 
-121.488190 -63.399830 22.833183 75.000000 
-121.583397 -63.235481 22.851864 69.000000 
-121.474739 -63.393562 22.830462 78.000000 
-121.575127 -63.221836 22.844807 73.000000 
-121.463501 -63.384525 22.826017 83.000000 
-121.560066 -63.216785 22.842779 75.000000 
-121.545639 -63.212170 22.840967 75.000000 
-121.658508 -63.018894 22.852543 105.000000 
-121.516411 -63.260426 22.836901 77.000000 
-121.631058 -63.063984 22.846676 114.000000 
-121.497093 -63.263489 22.839535 84.000000 
-121.618973 -63.056671 22.843290 118.000000 
-121.603317 -63.051510 22.841158 118.000000 
-121.582184 -63.053749 22.843075 119.000000 
-121.717010 -62.822723 22.845366 120.000000 
-121.564369 -63.051655 22.842630 116.000000 
-121.697433 -62.821819 22.845341 121.000000 
-121.547646 -63.048149 22.841419 73.000000 
-121.672478 -62.828480 22.849186 124.000000 
-121.655136 -62.824738 22.847727 125.000000 
-121.806778 -62.562832 22.847063 113.000000 
-121.642090 -62.815044 22.843239 126.000000 
-121.783325 -62.566399 22.848949 122.000000 
-121.626869 -62.808392 22.840315 122.000000 
-121.763130 -62.565475 22.848711 123.000000 
-121.749641 -62.553486 22.843225 123.000000 
-121.735779 -62.543484 22.838688 124.000000 
-121.717384 -62.541630 22.838028 125.000000 
-121.688881 -62.553291 22.843821 106.000000 
-120.751022 -66.008476 22.812733 89.000000 
-120.741867 -66.002861 22.810581 94.000000 
-120.736946 -65.994781 22.804993 101.000000 
-120.718773 -65.995834 22.811348 88.000000 
-120.707924 -65.990952 22.810318 82.000000 
-120.781487 -65.899521 22.808769 77.000000 
-120.700005 -65.984528 22.807049 77.000000 
-120.769455 -65.895836 22.808933 78.000000 
-120.692055 -65.978119 22.803797 85.000000 
-120.757431 -65.892197 22.809128 75.000000 
-120.686607 -65.969810 22.798126 77.000000 
-120.749222 -65.885628 22.805799 67.000000 
-120.822060 -65.792206 22.808058 71.000000 
-120.673576 -65.967308 22.799788 74.000000 
-120.740982 -65.879082 22.802490 67.000000 
-120.804642 -65.792633 22.812704 70.000000 
-120.732727 -65.872559 22.799200 67.000000 
-120.796150 -65.785927 22.809322 70.000000 
-120.719421 -65.870071 22.800690 68.000000 
-120.787636 -65.779251 22.805960 70.000000 
-120.706139 -65.867645 22.802214 68.000000 
-120.781609 -65.770515 22.800301 68.000000 
-120.851288 -65.675354 22.807230 69.000000 
-120.763435 -65.772537 22.806414 66.000000 
-120.840363 -65.670998 22.806221 72.000000 
-120.754875 -65.765953 22.803120 68.000000 
-120.831512 -65.664185 22.802814 79.000000 
-120.743805 -65.761490 22.802170 68.000000 
-120.822632 -65.657402 22.799429 74.000000 
-120.892296 -65.558990 22.809153 76.000000 
-120.736443 -65.753899 22.797750 83.000000 
-120.803764 -65.659302 22.805105 76.000000 
-120.885628 -65.549812 22.803499 72.000000 
-120.794426 -65.652267 22.801607 76.000000 
-120.868477 -65.549217 22.806458 75.000000 
-120.785507 -65.645592 22.798298 70.000000 
-120.935509 -65.435371 22.810469 90.000000 
-120.776566 -65.638931 22.795006 76.000000 
-120.842628 -65.542206 22.806250 68.000000 
-120.919769 -65.434044 22.812284 72.000000 
-120.905296 -65.431633 22.813074 75.000000 
-120.894531 -65.425797 22.810699 69.000000 
-120.970032 -65.315155 22.821142 66.000000 
-120.812424 -65.524109 22.798435 66.000000 
-120.881294 -65.422325 22.810488 75.000000 
-120.960182 -65.307976 22.817617 68.000000 
-120.872208 -65.415741 22.807264 75.000000 
-120.945885 -65.305962 22.818426 68.000000 
-120.862617 -65.408844 22.803892 75.000000 
-120.933556 -65.301247 22.817024 70.000000 
-121.017311 -65.178658 22.823946 67.000000 
-120.843323 -65.411369 22.809139 75.000000 
-120.928513 -65.289368 22.809425 68.000000 
-121.008286 -65.170113 22.819384 73.000000 
-120.918564 -65.282303 22.805992 70.000000 
-120.996796 -65.164055 22.816841 68.000000 
-120.896538 -65.287376 22.812992 72.000000 
-120.986496 -65.156799 22.813322 66.000000 
-121.059898 -65.034431 22.827473 69.000000 
-120.886581 -65.280403 22.809620 70.000000 
-120.970146 -65.155777 22.814854 73.000000 
-121.050446 -65.025734 22.822912 74.000000 
-120.962212 -65.146111 22.809374 76.000000 
-121.034958 -65.023415 22.823219 74.000000 
-120.949463 -65.141449 22.807947 71.000000 
-120.933136 -65.140587 22.809582 73.000000 
-121.006401 -65.016396 22.822001 67.000000 
-121.106468 -64.866478 22.823107 76.000000 
-120.999229 -65.005264 22.815594 66.000000 
-120.988472 -64.998001 22.812128 66.000000 
-120.969467 -64.999802 22.815536 67.000000 
-121.163284 -64.700394 22.826628 68.000000 
-121.150490 -64.694008 22.823862 77.000000 
-121.138840 -64.686310 22.820223 72.000000 
-121.127167 -64.678650 22.816607 76.000000 
-121.230019 -64.514290 22.825718 68.000000 
-121.110825 -64.676437 22.816645 72.000000 
-121.219009 -64.504990 22.821123 85.000000 
-121.087593 -64.682449 22.822176 75.000000 
-121.202194 -64.502625 22.820896 81.000000 
-121.078209 -64.672203 22.816839 69.000000 
-121.185394 -64.500328 22.820709 81.000000 
-121.167465 -64.499481 22.821434 75.000000 
-121.278946 -64.317772 22.828983 72.000000 
-121.153503 -64.492744 22.818527 78.000000 
-121.262169 -64.313553 22.827549 75.000000 
-121.137871 -64.489227 22.817583 75.000000 
-121.238091 -64.319748 22.832188 73.000000 
-121.129608 -64.477745 22.811584 66.000000 
-121.229401 -64.307922 22.826189 77.000000 
-121.349091 -64.110359 22.834568 76.000000 
-121.216644 -64.300003 22.822538 77.000000 
-121.319954 -64.156464 22.830029 108.000000 
-121.186836 -64.347870 22.819021 75.000000 
-121.294312 -64.164215 22.835041 102.000000 
-121.280998 -64.156059 22.831308 81.000000 
-121.276512 -64.136261 22.821184 106.000000 
-121.392227 -63.934425 22.838116 120.000000 
-121.248779 -64.147171 22.827948 114.000000 
-121.381561 -63.921535 22.831991 124.000000 
-121.226646 -64.150879 22.830755 77.000000 
-121.362061 -63.920567 22.832001 124.000000 
-121.342590 -63.919674 22.832058 123.000000 
-121.486961 -63.670788 22.836834 120.000000 
-121.321678 -63.922256 22.833879 125.000000 
-121.477303 -63.656452 22.830208 123.000000 
-121.310898 -63.909527 22.827875 126.000000 
-121.453880 -63.659916 22.832127 125.000000 
-121.427635 -63.666092 22.835369 123.000000 
-121.415016 -63.654503 22.830103 126.000000 
-121.398102 -63.649055 22.827789 126.000000 
-121.381180 -63.643665 22.825514 121.000000 
-120.409966 -67.086441 22.798157 79.000000 
-120.402916 -67.080498 22.795130 90.000000 
-120.393768 -67.074852 22.792992 83.000000 
-120.388069 -67.066093 22.787077 86.000000 
-120.375031 -67.063316 22.788614 77.000000 
-120.441483 -66.977966 22.794333 77.000000 
-120.356903 -67.064384 22.795048 83.000000 
-120.433327 -66.971275 22.790949 73.000000 
-120.354088 -67.054138 22.786928 74.000000 
-120.421303 -66.967545 22.791134 75.000000 
-120.346542 -67.048012 22.783846 77.000000 
-120.405869 -66.967140 22.795071 70.000000 
-120.488274 -66.867157 22.789167 76.000000 
-120.333527 -67.045425 22.785503 83.000000 
-120.397690 -66.960556 22.791761 71.000000 
-120.468269 -66.869484 22.796104 76.000000 
-120.389481 -66.953987 22.788469 70.000000 
-120.454712 -66.866798 22.797329 76.000000 
-120.379982 -66.948441 22.786386 73.000000 
-120.448784 -66.858017 22.791651 74.000000 
-120.372162 -66.940269 22.781616 70.000000 
-120.439423 -66.850632 22.787968 72.000000 
-120.508392 -66.756981 22.795929 69.000000 
-120.428375 -66.846016 22.786959 76.000000 
-120.499603 -66.750092 22.792503 81.000000 
-120.416061 -66.842468 22.787138 78.000000 
-120.485748 -66.747505 22.793604 70.000000 
-120.402512 -66.840019 22.788513 81.000000 
-120.481949 -66.736397 22.785709 72.000000 
-120.552200 -66.638405 22.795372 76.000000 
-120.393562 -66.835136 22.786751 69.000000 
-120.466461 -66.736717 22.789461 72.000000 
-120.549011 -66.627678 22.787872 82.000000 
-120.452614 -66.734268 22.790653 76.000000 
-120.537331 -66.622887 22.786612 75.000000 
-120.443756 -66.727539 22.787344 81.000000 
-120.523140 -66.620361 22.787575 75.000000 
-120.595055 -66.518387 22.799273 84.000000 
-120.429916 -66.725189 22.788599 67.000000 
-120.503998 -66.622360 22.792976 70.000000 
-120.589325 -66.507820 22.792580 79.000000 
-120.494820 -66.615486 22.789610 78.000000 
-120.571106 -66.508736 22.796553 69.000000 
-120.485611 -66.608635 22.786263 68.000000 
-120.551689 -66.510880 22.801641 69.000000 
-120.642807 -66.386681 22.799517 66.000000 
-120.477898 -66.598877 22.780392 81.000000 
-120.540016 -66.504333 22.798956 75.000000 
-120.624535 -66.385780 22.801815 66.000000 
-120.531731 -66.496201 22.794493 69.000000 
-120.609749 -66.383316 22.802446 66.000000 
-120.522186 -66.489243 22.791121 69.000000 
-120.597435 -66.378525 22.801041 68.000000 
-120.686859 -66.251495 22.803970 75.000000 
-120.507744 -66.486992 22.792072 65.000000 
-120.585121 -66.373772 22.799664 70.000000 
-120.669258 -66.251427 22.806396 68.000000 
-120.582535 -66.359482 22.789993 66.000000 
-120.656586 -66.246536 22.804859 68.000000 
-120.565315 -66.359596 22.792830 72.000000 
-120.647552 -66.237999 22.800337 73.000000 
-120.548134 -66.359787 22.795710 72.000000 
-120.637276 -66.230721 22.796841 73.000000 
-120.712288 -66.107338 22.809816 67.000000 
-120.626968 -66.223465 22.793367 82.000000 
-120.703918 -66.099358 22.805632 67.000000 
-120.610458 -66.224403 22.796320 82.000000 
-120.600128 -66.217224 22.792900 91.000000 
-120.772125 -65.948303 22.809502 76.000000 
-120.756241 -65.945869 22.809624 68.000000 
-120.740372 -65.943497 22.809784 66.000000 
-120.638474 -66.075264 22.797901 69.000000 
-120.832977 -65.778198 22.810055 73.000000 
-120.811928 -65.781075 22.813599 72.000000 
-120.801529 -65.771980 22.809055 66.000000 
-120.781723 -65.771553 22.810520 65.000000 
-120.775940 -65.757149 22.802402 73.000000 
-120.878128 -65.594566 22.811987 75.000000 
-120.867226 -65.587418 22.808662 81.000000 
-120.853920 -65.580887 22.805862 75.000000 
-120.831322 -65.583290 22.808844 75.000000 
-120.814583 -65.581032 22.808744 83.000000 
-120.800140 -65.576050 22.806931 75.000000 
-120.910004 -65.397774 22.815613 66.000000 
-120.890511 -65.398239 22.816959 75.000000 
-121.019821 -65.189598 22.818419 103.000000 
-120.864891 -65.442421 22.811432 73.000000 
-120.989212 -65.239220 22.816013 108.000000 
-120.846550 -65.441582 22.812016 70.000000 
-120.962387 -65.248253 22.821829 111.000000 
-120.943329 -65.244995 22.820930 111.000000 
-120.927834 -65.239723 22.818838 111.000000 
-121.059227 -65.019722 22.825121 120.000000 
-120.921425 -65.225121 22.811514 116.000000 
-121.045601 -65.013535 22.822432 122.000000 
-121.025040 -65.013947 22.823215 123.000000 
-121.011108 -65.005539 22.819448 123.000000 
-121.151138 -64.767052 22.828556 120.000000 
-120.993866 -65.001633 22.818018 123.000000 
-121.137596 -64.756775 22.823915 125.000000 
-120.966141 -65.010788 22.823368 107.000000 
-121.124367 -64.744576 22.818382 124.000000 
-121.104240 -64.743454 22.818174 125.000000 
-121.081978 -64.745438 22.819475 126.000000 
-121.067268 -64.736862 22.815702 125.000000 
-120.069618 -68.159523 22.782236 79.000000 
-120.052689 -68.159294 22.787302 77.000000 
-120.047882 -68.151169 22.781702 77.000000 
-120.040047 -68.144562 22.778364 74.000000 
-120.107285 -68.059761 22.784199 78.000000 
-120.029221 -68.139519 22.777306 83.000000 
-120.016212 -68.136719 22.778870 77.000000 
-120.003616 -68.134293 22.780630 86.000000 
-119.995728 -68.127823 22.777386 71.000000 
-120.065773 -68.039635 22.778942 65.000000 
-120.137215 -67.949081 22.783474 80.000000 
-119.987823 -68.121368 22.774157 77.000000 
-120.132660 -67.939201 22.776587 81.000000 
-120.117798 -67.937416 22.778942 71.000000 
-120.098709 -67.938400 22.784637 72.000000 
-120.090263 -67.931656 22.781286 74.000000 
-120.167465 -67.832253 22.782314 66.000000 
-120.087288 -67.921173 22.773476 71.000000 
-120.081291 -67.912399 22.767828 74.000000 
-120.227913 -67.715897 22.779947 69.000000 
-120.065208 -67.911896 22.771507 72.000000 
-120.136513 -67.816086 22.776733 72.000000 
-120.208649 -67.717499 22.785179 82.000000 
-120.051666 -67.909386 22.772898 66.000000 
-120.125183 -67.811356 22.775620 76.000000 
-120.203362 -67.707153 22.778418 82.000000 
-120.115913 -67.804192 22.772099 76.000000 
-120.196304 -67.697556 22.772589 90.000000 
-120.097076 -67.805984 22.777847 79.000000 
-120.179611 -67.697144 22.775738 81.000000 
-120.247086 -67.600113 22.791616 90.000000 
-120.088242 -67.799240 22.774551 65.000000 
-120.167953 -67.692375 22.774527 84.000000 
-120.241447 -67.589539 22.784920 75.000000 
-120.146339 -67.696533 22.782171 78.000000 
-120.229492 -67.584656 22.783564 72.000000 
-120.140129 -67.687767 22.776779 87.000000 
-120.218010 -67.580177 22.782408 72.000000 
-120.130951 -67.680893 22.773445 87.000000 
-120.202324 -67.578819 22.784317 82.000000 
-120.192368 -67.571426 22.780737 79.000000 
-120.273590 -67.456619 22.786629 68.000000 
-120.182861 -67.564407 22.777349 79.000000 
-120.256348 -67.456459 22.789352 66.000000 
-120.167198 -67.563210 22.779362 75.000000 
-120.248978 -67.446892 22.783808 68.000000 
-120.332680 -67.326187 22.791622 70.000000 
-120.234215 -67.444473 22.784523 66.000000 
-120.312637 -67.328499 22.796083 68.000000 
-120.229721 -67.432922 22.777105 66.000000 
-120.302963 -67.321510 22.792736 66.000000 
-120.384003 -67.193939 22.801718 66.000000 
-120.210091 -67.435379 22.782055 70.000000 
-120.295189 -67.311737 22.787220 68.000000 
-120.373436 -67.186378 22.798109 67.000000 
-120.282516 -67.306885 22.785753 68.000000 
-120.271042 -67.300842 22.783304 73.000000 
-120.254227 -67.299416 22.784761 78.000000 
-120.335022 -67.169823 22.792120 67.000000 
-120.315971 -67.171272 22.795448 66.000000 
-120.304138 -67.165176 22.792959 67.000000 
-120.497505 -66.854591 22.795925 77.000000 
-120.478806 -66.854668 22.797651 83.000000 
-120.362907 -67.004074 22.790524 65.000000 
-120.457191 -66.857101 22.801052 76.000000 
-120.356483 -66.991325 22.783243 66.000000 
-120.440933 -66.854675 22.801064 69.000000 
-120.437599 -66.839691 22.792385 76.000000 
-120.542030 -66.676460 22.800934 89.000000 
-120.418976 -66.840027 22.794273 81.000000 
-120.531143 -66.667084 22.796352 81.000000 
-120.407387 -66.832367 22.790737 69.000000 
-120.514381 -66.664581 22.796156 78.000000 
-120.503441 -66.655266 22.791632 72.000000 
-120.488991 -66.650116 22.789755 83.000000 
-120.467644 -66.653305 22.793175 86.000000 
-120.572296 -66.482323 22.805840 66.000000 
-120.538391 -66.531761 22.803806 70.000000 
-120.665154 -66.330124 22.808512 107.000000 
-120.515511 -66.536415 22.807711 68.000000 
-120.658806 -66.313103 22.799892 108.000000 
-120.507446 -66.522766 22.800726 66.000000 
-120.630775 -66.323387 22.806501 115.000000 
-120.610771 -66.323715 22.807562 116.000000 
-120.746452 -66.101944 22.812479 106.000000 
-120.593246 -66.323502 22.808237 117.000000 
-120.730606 -66.098549 22.811266 120.000000 
-120.581154 -66.313843 22.803749 116.000000 
-120.702179 -66.109047 22.817345 121.000000 
-120.681404 -66.107048 22.816988 120.000000 
-120.669792 -66.095627 22.811687 123.000000 
-120.811646 -65.856201 22.819412 121.000000 
-120.656212 -66.089523 22.809090 121.000000 
-120.801872 -65.843742 22.813702 124.000000 
-120.633537 -66.092995 22.811543 109.000000 
-120.782890 -65.840950 22.812723 123.000000 
-120.770470 -65.829178 22.807405 125.000000 
-120.749306 -65.829521 22.807968 124.000000 
-120.726364 -65.831032 22.809124 123.000000 
-119.716431 -69.241631 22.779472 81.000000 
-119.707397 -69.235825 22.777281 74.000000 
-119.689178 -69.236427 22.783554 77.000000 
-119.684059 -69.227959 22.777796 83.000000 
-119.758537 -69.139198 22.777681 78.000000 
-119.673706 -69.223183 22.776890 83.000000 
-119.665924 -69.216583 22.773582 83.000000 
-119.655540 -69.211876 22.772724 86.000000 
-119.640022 -69.210930 22.776756 83.000000 
-119.712067 -69.122574 22.777058 65.000000 
-119.634766 -69.202560 22.771082 71.000000 
-119.772034 -69.028885 22.781555 73.000000 
-119.763702 -69.022011 22.778139 73.000000 
-119.748901 -69.020180 22.780510 81.000000 
-119.739258 -69.014381 22.778296 74.000000 
-119.729607 -69.008614 22.776106 78.000000 
-119.811226 -68.906700 22.773630 66.000000 
-119.722481 -69.000847 22.771618 76.000000 
-119.792274 -68.908081 22.779184 70.000000 
-119.871918 -68.805138 22.782206 83.000000 
-119.715317 -68.993088 22.767145 78.000000 
-119.775940 -68.907448 22.782536 67.000000 
-119.856529 -68.803368 22.784140 77.000000 
-119.769798 -68.898460 22.776903 76.000000 
-119.846268 -68.797340 22.781742 70.000000 
-119.766144 -68.887352 22.769020 74.000000 
-119.910896 -68.689720 22.789923 90.000000 
-119.749817 -68.886871 22.772467 72.000000 
-119.823174 -68.787552 22.779217 70.000000 
-119.900322 -68.683571 22.787436 85.000000 
-119.814140 -68.780533 22.775799 75.000000 
-119.883392 -68.683067 22.790281 75.000000 
-119.800056 -68.777931 22.776802 68.000000 
-119.879135 -68.671371 22.782534 75.000000 
-119.788483 -68.773186 22.775637 68.000000 
-119.867256 -68.666451 22.781187 72.000000 
-119.941261 -68.560982 22.794622 66.000000 
-119.854111 -68.662704 22.780937 65.000000 
-119.939163 -68.546654 22.784885 70.000000 
-119.835983 -68.663574 22.784996 75.000000 
-119.926933 -68.541634 22.783405 70.000000 
-119.826607 -68.656517 22.781603 75.000000 
-119.912201 -68.538994 22.784025 68.000000 
-119.999771 -68.416992 22.789967 76.000000 
-119.897484 -68.536415 22.784679 70.000000 
-119.987190 -68.411873 22.788355 73.000000 
-119.884018 -68.532722 22.784334 75.000000 
-119.970871 -68.410408 22.789774 68.000000 
-119.876732 -68.523163 22.778822 75.000000 
-119.955818 -68.407799 22.790234 66.000000 
-120.046623 -68.272423 22.792418 69.000000 
-119.945709 -68.400398 22.786715 68.000000 
-120.025009 -68.275932 22.797476 69.000000 
-119.935570 -68.393028 22.783215 66.000000 
-120.013298 -68.269577 22.794844 66.000000 
-119.927849 -68.383247 22.777723 78.000000 
-120.001572 -68.263268 22.792238 74.000000 
-119.991051 -68.255737 22.788689 69.000000 
-119.974434 -68.254517 22.790031 66.000000 
-119.954216 -68.257141 22.794344 66.000000 
-120.152168 -67.945755 22.794987 68.000000 
-120.141937 -67.936478 22.790373 72.000000 
-120.125671 -67.933823 22.790297 73.000000 
-120.103439 -67.937866 22.794783 66.000000 
-120.219269 -67.765228 22.796450 67.000000 
-120.093178 -67.928719 22.790262 69.000000 
-120.206123 -67.758423 22.793549 82.000000 
-120.079315 -67.923584 22.788486 76.000000 
-120.183472 -67.762512 22.797623 81.000000 
-120.171516 -67.754463 22.793924 81.000000 
-120.157173 -67.749176 22.791996 78.000000 
-120.147507 -67.738464 22.786608 89.000000 
-120.253532 -67.570419 22.800724 69.000000 
-120.134293 -67.731880 22.783863 86.000000 
-120.238693 -67.564964 22.798639 73.000000 
-120.210289 -67.609360 22.793644 77.000000 
-120.321945 -67.428238 22.809698 79.000000 
-120.193108 -67.606781 22.793295 77.000000 
-120.310043 -67.418320 22.805059 106.000000 
-120.172493 -67.608482 22.795506 75.000000 
-120.300407 -67.405571 22.798847 87.000000 
-120.282684 -67.402855 22.798256 104.000000 
-120.411163 -67.193855 22.809620 103.000000 
-120.258133 -67.408806 22.802519 104.000000 
-120.399712 -67.182190 22.804180 120.000000 
-120.242088 -67.402954 22.800230 104.000000 
-120.372765 -67.189087 22.808479 117.000000 
-120.353363 -67.187759 22.808455 121.000000 
-120.338051 -67.182526 22.806370 121.000000 
-120.475998 -66.953781 22.818810 121.000000 
-120.320930 -67.178391 22.804895 122.000000 
-120.464951 -66.940376 22.812687 123.000000 
-120.444923 -66.938934 22.812399 125.000000 
-120.434891 -66.924095 22.805605 125.000000 
-120.421097 -66.915718 22.801941 126.000000 
-120.401070 -66.914452 22.801769 124.000000 
-120.374878 -66.920364 22.805122 68.000000 
-119.360771 -70.314980 22.767853 85.000000 
-119.354431 -70.307304 22.763210 83.000000 
-119.341454 -70.304146 22.764601 86.000000 
-119.323227 -70.304649 22.770849 77.000000 
-119.404991 -70.211861 22.764860 78.000000 
-119.318161 -70.296173 22.765068 83.000000 
-119.385139 -70.213394 22.771944 68.000000 
-119.310432 -70.289520 22.761717 80.000000 
-119.305283 -70.281052 22.755959 80.000000 
-119.291016 -70.279037 22.758711 94.000000 
-119.430153 -70.106491 22.769806 76.000000 
-119.272903 -70.279854 22.765154 85.000000 
-119.417961 -70.102470 22.769758 73.000000 
-119.412292 -70.093559 22.763996 73.000000 
-119.401375 -70.088615 22.762850 80.000000 
-119.390457 -70.083717 22.761730 72.000000 
-119.464104 -69.989655 22.767498 66.000000 
-119.372253 -70.083183 22.766081 78.000000 
-119.457230 -69.979813 22.761400 70.000000 
-119.366486 -70.074364 22.760395 78.000000 
-119.443413 -69.976898 22.762402 74.000000 
-119.356392 -70.070267 22.759697 84.000000 
-119.427902 -69.976814 22.766033 69.000000 
-119.510620 -69.872116 22.766804 76.000000 
-119.419250 -69.969841 22.762602 70.000000 
-119.497803 -69.868118 22.766529 77.000000 
-119.409714 -69.962204 22.758848 76.000000 
-119.481529 -69.865608 22.768120 75.000000 
-119.398468 -69.957390 22.757719 79.000000 
-119.475121 -69.856331 22.762440 78.000000 
-119.547913 -69.757164 22.775131 79.000000 
-119.459373 -69.856430 22.765892 68.000000 
-119.451645 -69.848289 22.761351 72.000000 
-119.441360 -69.842339 22.759026 68.000000 
-119.517159 -69.739395 22.768017 69.000000 
-119.422241 -69.844093 22.764444 75.000000 
-119.507828 -69.732170 22.764511 65.000000 
-119.583611 -69.625801 22.776941 70.000000 
-119.493431 -69.729485 22.765297 69.000000 
-119.576508 -69.616081 22.771292 68.000000 
-119.476540 -69.729111 22.768257 79.000000 
-119.564308 -69.611008 22.769787 68.000000 
-119.649010 -69.493111 22.778889 69.000000 
-119.465935 -69.723145 22.765905 72.000000 
-119.549583 -69.608299 22.770380 70.000000 
-119.636475 -69.487892 22.777222 78.000000 
-119.532379 -69.607979 22.773083 68.000000 
-119.627693 -69.479134 22.772589 76.000000 
-119.527176 -69.595673 22.765272 68.000000 
-119.608360 -69.479607 22.775803 73.000000 
-119.695175 -69.349701 22.781990 66.000000 
-119.513710 -69.591942 22.764927 75.000000 
-119.594559 -69.475723 22.775234 76.000000 
-119.681526 -69.346046 22.781378 72.000000 
-119.584991 -69.468651 22.771862 76.000000 
-119.658661 -69.350677 22.787384 69.000000 
-119.574890 -69.461235 22.768335 79.000000 
-119.650719 -69.340584 22.781826 69.000000 
-119.562302 -69.456276 22.766846 79.000000 
-119.639038 -69.334221 22.779196 66.000000 
-119.627335 -69.327896 22.776592 67.000000 
-119.610725 -69.326607 22.777912 66.000000 
-119.784500 -69.023628 22.785826 67.000000 
-119.665627 -69.172661 22.779833 68.000000 
-119.774925 -69.014732 22.781380 69.000000 
-119.758698 -69.012032 22.781286 78.000000 
-119.741920 -69.008995 22.781050 76.000000 
-119.860954 -68.834236 22.780790 78.000000 
-119.725723 -69.006416 22.781036 76.000000 
-119.843040 -68.832756 22.781328 71.000000 
-119.717262 -68.996338 22.775789 72.000000 
-119.820976 -68.837151 22.785572 72.000000 
-119.804329 -68.834473 22.785330 75.000000 
-119.919746 -68.657631 22.793283 69.000000 
-119.794785 -68.823715 22.779894 72.000000 
-119.900238 -68.657539 22.794437 68.000000 
-119.770897 -68.862656 22.771515 78.000000 
-119.862991 -68.711327 22.795301 73.000000 
-119.852943 -68.700287 22.789864 66.000000 
-119.981819 -68.502289 22.795382 107.000000 
-119.840508 -68.692055 22.786119 66.000000 
-119.966484 -68.496513 22.793064 108.000000 
-119.946472 -68.496452 22.793974 105.000000 
-119.932297 -68.489365 22.790934 102.000000 
-119.912834 -68.487602 22.790941 108.000000 
-120.053795 -68.264938 22.794086 120.000000 
-119.890602 -68.490616 22.793594 77.000000 
-120.035515 -68.261925 22.793180 121.000000 
-119.878876 -68.483109 22.790236 65.000000 
-120.012894 -68.267113 22.796526 122.000000 
-119.993530 -68.265701 22.796474 124.000000 
-120.150291 -68.015907 22.797953 111.000000 
-119.977585 -68.259979 22.794170 123.000000 
-120.137032 -68.005341 22.793192 123.000000 
-119.957130 -68.260170 22.794975 107.000000 
-120.114700 -68.006668 22.794268 124.000000 
-120.092415 -68.008095 22.795399 123.000000 
-120.082458 -67.993210 22.788561 123.000000 
-120.065758 -67.987305 22.786125 125.000000 
-118.990250 -71.365990 22.746178 81.000000 
-118.985199 -71.357338 22.740335 94.000000 
-118.966888 -71.357643 22.746548 85.000000 
-118.949944 -71.357140 22.751606 94.000000 
-119.034882 -71.262566 22.743654 67.000000 
-118.946167 -71.347679 22.744623 82.000000 
-119.021591 -71.259300 22.744873 73.000000 
-118.933182 -71.344566 22.746122 80.000000 
-119.012260 -71.253273 22.742598 68.000000 
-118.929848 -71.333542 22.737619 88.000000 
-118.998177 -71.249420 22.743540 65.000000 
-118.916855 -71.330513 22.739174 85.000000 
-118.990135 -71.242531 22.740137 65.000000 
-119.060913 -71.155083 22.747597 71.000000 
-118.900772 -71.330963 22.744740 94.000000 
-119.056061 -71.146759 22.742165 76.000000 
-119.045105 -71.141663 22.740993 74.000000 
-118.953743 -71.232254 22.742243 67.000000 
-119.036743 -71.134636 22.737547 74.000000 
-118.943069 -71.227417 22.741310 68.000000 
-119.020576 -71.133591 22.741043 71.000000 
-119.097382 -71.037491 22.745056 66.000000 
-119.004448 -71.132614 22.744585 72.000000 
-118.994781 -71.126701 22.742376 81.000000 
-118.992790 -71.114792 22.733231 76.000000 
-119.058449 -71.026367 22.745853 72.000000 
-119.148239 -70.916405 22.741674 70.000000 
-119.052330 -71.017227 22.740175 79.000000 
-119.135353 -70.912277 22.741398 72.000000 
-119.041054 -71.012260 22.739025 76.000000 
-119.118607 -70.911415 22.744431 75.000000 
-119.206520 -70.800369 22.746199 72.000000 
-119.037415 -71.001053 22.731115 70.000000 
-119.109589 -70.904175 22.740940 78.000000 
-119.190735 -70.798393 22.747877 79.000000 
-119.100540 -70.896965 22.737471 81.000000 
-119.171120 -70.799805 22.752775 72.000000 
-119.088928 -70.891937 22.736217 78.000000 
-119.155396 -70.797974 22.754541 67.000000 
-119.077301 -70.886955 22.734993 84.000000 
-119.153717 -70.783943 22.744644 69.000000 
-119.226563 -70.681160 22.760933 69.000000 
-119.144333 -70.776604 22.741138 67.000000 
-119.219460 -70.671326 22.755274 65.000000 
-119.127335 -70.776024 22.744064 67.000000 
-119.109116 -70.776657 22.748102 72.000000 
-119.287956 -70.536064 22.755894 100.000000 
-119.280403 -70.525970 22.750242 94.000000 
-119.267761 -70.520645 22.748602 76.000000 
-119.159485 -70.644463 22.746923 66.000000 
-119.252602 -70.517754 22.748993 71.000000 
-119.338867 -70.388931 22.757048 66.000000 
-119.233711 -70.518509 22.752430 73.000000 
-119.328362 -70.381058 22.753355 67.000000 
-119.227310 -70.507339 22.745871 79.000000 
-119.213409 -70.503403 22.745361 73.000000 
-119.294846 -70.377739 22.755728 66.000000 
-119.206917 -70.492264 22.738834 65.000000 
-119.288017 -70.366287 22.749212 72.000000 
-119.378273 -70.234352 22.762573 71.000000 
-119.272514 -70.363525 22.749516 74.000000 
-119.254570 -70.363319 22.751806 72.000000 
-119.356369 -70.218422 22.755192 66.000000 
-119.446602 -70.063332 22.761942 73.000000 
-119.435173 -70.055161 22.758181 76.000000 
-119.424919 -70.045708 22.753544 68.000000 
-119.404938 -70.046761 22.756153 72.000000 
-119.516884 -69.881638 22.763279 67.000000 
-119.383797 -70.049217 22.759716 75.000000 
-119.509766 -69.867912 22.755999 75.000000 
-119.372314 -70.041222 22.756081 76.000000 
-119.485718 -69.872963 22.760866 78.000000 
-119.361420 -70.031532 22.751383 68.000000 
-119.468338 -69.869644 22.760397 78.000000 
-119.456337 -69.861404 22.756676 81.000000 
-119.573265 -69.684914 22.766056 72.000000 
-119.426430 -69.907127 22.753170 78.000000 
-119.532234 -69.742744 22.769907 68.000000 
-119.417915 -69.894882 22.746880 86.000000 
-119.502487 -69.731354 22.765669 66.000000 
-119.631721 -69.533020 22.772165 72.000000 
-119.493469 -69.718803 22.759418 70.000000 
-119.617439 -69.525665 22.769056 110.000000 
-119.476753 -69.714188 22.758030 68.000000 
-119.597809 -69.523575 22.768976 111.000000 
-119.584679 -69.514908 22.765141 111.000000 
-119.565224 -69.515228 22.766327 114.000000 
-119.703804 -69.297020 22.773048 112.000000 
-119.545143 -69.515198 22.767370 117.000000 
-119.688873 -69.289490 22.769867 121.000000 
-119.670464 -69.286362 22.769005 121.000000 
-119.650932 -69.284752 22.768950 121.000000 
-119.803131 -69.042397 22.775568 111.000000 
-119.634392 -69.280739 22.767601 125.000000 
-119.788208 -69.035080 22.772467 121.000000 
-119.765739 -69.036224 22.773550 125.000000 
-119.754585 -69.022629 22.767418 125.000000 
-119.735512 -69.019463 22.766407 125.000000 
-119.722420 -69.006966 22.760868 126.000000 
-118.609093 -72.438194 22.748631 78.000000 
-118.605476 -72.428635 22.741600 86.000000 
-118.603127 -72.418182 22.733372 83.000000 
-118.582161 -72.420189 22.741997 86.000000 
-118.655861 -72.334351 22.744993 70.000000 
-118.571831 -72.415138 22.741035 80.000000 
-118.650589 -72.325447 22.739172 65.000000 
-118.561493 -72.410126 22.740099 80.000000 
-118.553772 -72.403351 22.736771 77.000000 
-118.703728 -72.226410 22.742584 71.000000 
-118.543419 -72.398407 22.735884 71.000000 
-118.687523 -72.225029 22.745920 76.000000 
-118.527847 -72.397156 22.739880 86.000000 
-118.676636 -72.219826 22.744720 74.000000 
-118.671005 -72.210770 22.738958 74.000000 
-118.578957 -72.300667 22.739985 65.000000 
-118.661392 -72.204651 22.736654 81.000000 
-118.732620 -72.114258 22.746727 66.000000 
-118.651764 -72.198570 22.734375 71.000000 
-118.721428 -72.109016 22.745430 69.000000 
-118.636909 -72.196472 22.736731 78.000000 
-118.712845 -72.101776 22.741926 76.000000 
-118.622086 -72.194435 22.739126 72.000000 
-118.706841 -72.092522 22.736200 69.000000 
-118.782120 -71.995811 22.745754 70.000000 
-118.609871 -72.190475 22.739246 78.000000 
-118.695595 -72.087372 22.734974 79.000000 
-118.773209 -71.988396 22.742182 77.000000 
-118.676575 -72.088440 22.740520 79.000000 
-118.768181 -71.977829 22.735365 81.000000 
-118.665344 -72.083397 22.739361 79.000000 
-118.751411 -71.976830 22.738369 75.000000 
-118.828445 -71.876152 22.749998 95.000000 
-118.661819 -72.072166 22.731462 79.000000 
-118.734680 -71.975899 22.741415 81.000000 
-118.821793 -71.866417 22.744278 75.000000 
-118.721848 -71.971840 22.741224 72.000000 
-118.803444 -71.866577 22.748087 82.000000 
-118.715042 -71.964241 22.737024 78.000000 
-118.788643 -71.865364 22.750179 72.000000 
-118.709854 -71.953789 22.730301 72.000000 
-118.778084 -71.859039 22.747713 67.000000 
-118.869751 -71.741089 22.749737 74.000000 
-118.765289 -71.853127 22.745983 82.000000 
-118.758522 -71.843529 22.740376 82.000000 
-118.747894 -71.837303 22.737982 85.000000 
-118.828308 -71.727730 22.747824 66.000000 
-118.918373 -71.607018 22.754805 88.000000 
-118.818626 -71.720184 22.744280 68.000000 
-118.901978 -71.605103 22.756109 78.000000 
-118.807648 -71.713821 22.741791 65.000000 
-118.895767 -71.593803 22.749489 70.000000 
-118.789101 -71.714447 22.745541 68.000000 
-118.888229 -71.583694 22.743879 68.000000 
-118.967850 -71.462700 22.758097 66.000000 
-118.778130 -71.708176 22.743113 65.000000 
-118.870567 -71.583115 22.746281 71.000000 
-118.957420 -71.454758 22.754400 66.000000 
-118.852943 -71.582603 22.748726 76.000000 
-118.840103 -71.579346 22.748560 73.000000 
-119.014542 -71.304306 22.760426 65.000000 
-118.888763 -71.431549 22.748894 67.000000 
-119.083038 -71.132927 22.759758 73.000000 
-118.967270 -71.273926 22.747211 66.000000 
-119.071663 -71.124649 22.755983 72.000000 
-118.948929 -71.273621 22.749224 67.000000 
-119.055336 -71.121605 22.755829 69.000000 
-119.047508 -71.111626 22.750683 72.000000 
-119.153389 -70.955193 22.763548 77.000000 
-119.026306 -71.113892 22.754200 76.000000 
-119.143944 -70.944061 22.757994 75.000000 
-119.007591 -71.113632 22.755962 81.000000 
-119.135666 -70.931610 22.751593 72.000000 
-119.110374 -70.937889 22.757322 78.000000 
-119.078888 -70.984467 22.754368 83.000000 
-119.064514 -70.978828 22.752388 86.000000 
-119.058502 -70.963814 22.744352 78.000000 
-119.137726 -70.807335 22.767515 66.000000 
-119.276276 -70.602112 22.769772 74.000000 
-119.127640 -70.796097 22.762096 73.000000 
-119.259659 -70.597435 22.768221 106.000000 
-119.240692 -70.595619 22.768297 104.000000 
-119.231148 -70.582611 22.762054 106.000000 
-119.355568 -70.385681 22.780396 104.000000 
-119.211006 -70.582329 22.763006 116.000000 
-119.346603 -70.370842 22.773386 120.000000 
-119.190895 -70.582123 22.764006 102.000000 
-119.328224 -70.367500 22.772455 121.000000 
-119.314507 -70.358475 22.768530 124.000000 
-119.299591 -70.350922 22.765396 124.000000 
-119.448334 -70.115036 22.775412 121.000000 
-119.272018 -70.359344 22.770681 124.000000 
-119.432739 -70.107132 22.772087 121.000000 
-119.413681 -70.103691 22.770964 123.000000 
-119.393494 -70.101791 22.770609 124.000000 
-119.375603 -70.097008 22.768850 125.000000 
-119.358841 -70.090805 22.766405 122.000000 
-118.216492 -73.497780 22.740702 71.000000 
-118.210258 -73.489952 22.736057 74.000000 
-118.198059 -73.487221 22.737768 77.000000 
-118.190437 -73.480316 22.734362 86.000000 
-118.178047 -73.475410 22.734249 90.000000 
-118.250618 -73.390778 22.738281 65.000000 
-118.163780 -73.473022 22.736917 80.000000 
-118.242722 -73.383728 22.734818 68.000000 
-118.153488 -73.468010 22.736000 83.000000 
-118.145813 -73.461235 22.732687 74.000000 
-118.306793 -73.277390 22.728895 76.000000 
-118.138115 -73.454483 22.729393 68.000000 
-118.287933 -73.277878 22.734522 72.000000 
-118.270439 -73.277489 22.739056 81.000000 
-118.263046 -73.271088 22.735947 81.000000 
-118.252174 -73.265953 22.734812 81.000000 
-118.328903 -73.171982 22.740124 66.000000 
-118.248314 -73.254265 22.726450 81.000000 
-118.322159 -73.161957 22.734022 72.000000 
-118.232185 -73.253120 22.729973 78.000000 
-118.313591 -73.154701 22.730524 79.000000 
-118.389381 -73.058472 22.740078 70.000000 
-118.217392 -73.251060 22.732386 71.000000 
-118.305000 -73.147461 22.727041 81.000000 
-118.387108 -73.045784 22.731071 82.000000 
-118.288574 -73.146378 22.730316 83.000000 
-118.370338 -73.044632 22.734018 75.000000 
-118.274765 -73.143318 22.731384 83.000000 
-118.364044 -73.035126 22.728300 75.000000 
-118.437706 -72.938072 22.743233 84.000000 
-118.263565 -73.138252 22.730236 76.000000 
-118.344711 -73.036209 22.733500 68.000000 
-118.427200 -72.931564 22.740664 75.000000 
-118.330200 -73.034927 22.735821 72.000000 
-118.421516 -72.922577 22.735312 72.000000 
-118.319977 -73.028717 22.733454 78.000000 
-118.404472 -72.921600 22.738071 72.000000 
-118.315720 -73.016808 22.725460 75.000000 
-118.388298 -72.919220 22.739639 79.000000 
-118.481911 -72.800652 22.740725 70.000000 
-118.379044 -72.911774 22.736120 82.000000 
-118.469727 -72.795189 22.739126 70.000000 
-118.368477 -72.905457 22.733685 75.000000 
-118.552544 -72.666199 22.742012 75.000000 
-118.357895 -72.899170 22.731274 67.000000 
-118.440201 -72.788956 22.740131 70.000000 
-118.534821 -72.665268 22.744234 68.000000 
-118.430092 -72.780975 22.736393 68.000000 
-118.416611 -72.776840 22.735950 65.000000 
-118.401863 -72.773918 22.736574 65.000000 
-118.491554 -72.653122 22.743017 68.000000 
-118.580742 -72.524330 22.750330 67.000000 
-118.572906 -72.513908 22.744696 77.000000 
-118.471489 -72.637657 22.735840 66.000000 
-118.559959 -72.508362 22.742926 77.000000 
-118.544479 -72.505287 22.743116 77.000000 
-118.523994 -72.507156 22.747210 78.000000 
-118.512100 -72.502548 22.745905 72.000000 
-118.705849 -72.187935 22.746870 72.000000 
-118.574913 -72.343933 22.745348 65.000000 
-118.679581 -72.195007 22.753805 72.000000 
-118.668259 -72.186722 22.750048 78.000000 
-118.787796 -72.018135 22.754408 67.000000 
-118.654442 -72.181061 22.748112 75.000000 
-118.764847 -72.021400 22.758249 71.000000 
-118.647400 -72.167244 22.740620 75.000000 
-118.757355 -72.007164 22.750771 75.000000 
-118.631088 -72.164261 22.740545 78.000000 
-118.744263 -71.999977 22.747808 71.000000 
-118.732361 -71.991508 22.744013 81.000000 
-118.842339 -71.827530 22.760996 72.000000 
-118.696426 -72.041672 22.743107 78.000000 
-118.677223 -72.043472 22.745813 83.000000 
-118.796082 -71.868317 22.755472 66.000000 
-118.776428 -71.867821 22.756592 68.000000 
-118.908859 -71.671494 22.763996 105.000000 
-118.756775 -71.865181 22.756552 70.000000 
-118.897652 -71.659264 22.758238 104.000000 
-118.740768 -71.860733 22.755272 73.000000 
-118.878654 -71.657265 22.758242 69.000000 
-118.858482 -71.656738 22.759081 106.000000 
-119.002365 -71.439590 22.766300 104.000000 
-118.844276 -71.649284 22.755997 108.000000 
-118.986359 -71.433174 22.763748 120.000000 
-118.828346 -71.645119 22.754730 115.000000 
-118.960388 -71.440102 22.768229 119.000000 
-118.944405 -71.433815 22.765764 121.000000 
-118.932411 -71.421394 22.760107 119.000000 
-119.080742 -71.189644 22.771879 116.000000 
-118.917549 -71.413765 22.756952 121.000000 
-119.068726 -71.177238 22.766346 121.000000 
-119.052734 -71.171173 22.763920 124.000000 
-119.040627 -71.158836 22.758442 124.000000 
-119.018120 -71.159737 22.759493 125.000000 
-118.997948 -71.157784 22.759150 126.000000 
-117.835464 -74.567421 22.721205 68.000000 
-117.825249 -74.562073 22.720104 81.000000 
-117.813675 -74.557617 22.720228 80.000000 
-117.795372 -74.557533 22.726389 80.000000 
-117.785164 -74.552330 22.725382 80.000000 
-117.862770 -74.466049 22.725704 77.000000 
-117.780304 -74.543671 22.719582 80.000000 
-117.842850 -74.467033 22.732744 65.000000 
-117.772728 -74.536774 22.716204 77.000000 
-117.762474 -74.531662 22.715261 80.000000 
-117.746925 -74.530121 22.719194 68.000000 
-117.897476 -74.356552 22.725115 70.000000 
-117.888031 -74.350273 22.722742 73.000000 
-117.885239 -74.339256 22.714661 73.000000 
-117.864296 -74.339951 22.721170 68.000000 
-117.849525 -74.337616 22.723480 73.000000 
-117.844818 -74.329300 22.718098 71.000000 
-117.833992 -74.324150 22.717005 72.000000 
-118.004913 -74.122025 22.716677 70.000000 
-117.833626 -74.311256 22.706682 66.000000 
-117.901207 -74.224380 22.719332 66.000000 
-117.985512 -74.122726 22.721748 67.000000 
-117.971443 -74.119377 22.722521 67.000000 
-117.884178 -74.209908 22.712423 66.000000 
-117.960014 -74.114014 22.721151 65.000000 
-118.046402 -74.008331 22.726036 84.000000 
-117.870422 -74.206772 22.713512 67.000000 
-117.951202 -74.106598 22.717625 67.000000 
-118.028069 -74.008171 22.729780 75.000000 
-117.945389 -74.095322 22.710487 72.000000 
-118.015427 -74.001953 22.727928 72.000000 
-117.931305 -74.092163 22.711384 70.000000 
-118.004997 -73.995461 22.725407 67.000000 
-117.912941 -74.094009 22.717051 66.000000 
-117.996765 -73.988678 22.722204 79.000000 
-118.080986 -73.879921 22.731201 66.000000 
-117.979805 -73.987686 22.725044 82.000000 
-118.071518 -73.872169 22.727552 66.000000 
-117.966301 -73.983124 22.724560 75.000000 
-117.958397 -73.974594 22.720013 69.000000 
-118.139969 -73.740433 22.729971 82.000000 
-118.031334 -73.859200 22.726017 65.000000 
-118.131882 -73.731743 22.725462 84.000000 
-118.020508 -73.852715 22.723505 66.000000 
-118.116806 -73.728470 22.725765 71.000000 
-118.104324 -73.722931 22.724112 70.000000 
-118.089272 -73.719772 22.724487 70.000000 
-118.079323 -73.711990 22.720894 71.000000 
-118.165161 -73.587250 22.730461 72.000000 
-118.074425 -73.699532 22.713308 67.000000 
-118.147209 -73.586472 22.732578 69.000000 
-118.139427 -73.576111 22.726999 67.000000 
-118.122765 -73.574234 22.728224 66.000000 
-118.223129 -73.436981 22.735533 68.000000 
-118.104866 -73.573647 22.730463 66.000000 
-118.313660 -73.268356 22.733047 72.000000 
-118.299919 -73.262474 22.731024 72.000000 
-118.172508 -73.412010 22.726427 72.000000 
-118.283669 -73.259193 22.730833 76.000000 
-118.262451 -73.261101 22.734283 81.000000 
-118.391785 -73.084381 22.731766 82.000000 
-118.248154 -73.254974 22.732187 72.000000 
-118.374458 -73.080536 22.731140 71.000000 
-118.239349 -73.244164 22.726694 78.000000 
-118.356491 -73.078491 22.731615 75.000000 
-118.340378 -73.075638 22.731459 68.000000 
-118.464211 -72.899506 22.739491 69.000000 
-118.311272 -73.117554 22.724560 81.000000 
-118.421150 -72.955833 22.741600 68.000000 
-118.299438 -73.109070 22.720804 78.000000 
-118.408882 -72.947044 22.737705 66.000000 
-118.277847 -73.111237 22.724047 71.000000 
-118.391708 -72.943687 22.737165 68.000000 
-118.379395 -72.934975 22.733334 68.000000 
-118.515495 -72.736809 22.738434 74.000000 
-118.363434 -72.930374 22.732033 70.000000 
-118.502586 -72.727737 22.734461 75.000000 
-118.490852 -72.717323 22.729721 72.000000 
-118.471878 -72.715271 22.729790 104.000000 
-118.605164 -72.513084 22.744091 115.000000 
-118.454765 -72.712341 22.729298 108.000000 
-118.593491 -72.502815 22.739492 117.000000 
-118.425140 -72.722992 22.736656 73.000000 
-118.570396 -72.504860 22.741549 121.000000 
-118.552086 -72.501328 22.740620 121.000000 
-118.718719 -72.252808 22.742601 121.000000 
-118.536148 -72.495010 22.738209 119.000000 
-118.698517 -72.250389 22.742064 122.000000 
-118.522545 -72.485886 22.734304 121.000000 
-118.675995 -72.250938 22.743017 124.000000 
-118.659355 -72.244324 22.740406 124.000000 
-118.643867 -72.236298 22.737106 124.000000 
-118.627197 -72.229790 22.734570 124.000000 
-118.608215 -72.226257 22.733528 66.000000 
-117.421150 -75.651085 22.723736 79.000000 
-117.405235 -75.648674 22.727257 94.000000 
-117.389725 -75.646698 22.730995 85.000000 
-117.385475 -75.638374 22.725349 82.000000 
-117.372688 -75.634811 22.726751 85.000000 
-117.444351 -75.554329 22.732435 73.000000 
-117.365311 -75.627876 22.723373 88.000000 
-117.355225 -75.622688 22.722424 91.000000 
-117.426414 -75.541855 22.727842 65.000000 
-117.337090 -75.622711 22.728752 88.000000 
-117.333687 -75.613281 22.721815 94.000000 
-117.481926 -75.445274 22.730116 73.000000 
-117.327568 -75.605583 22.717308 88.000000 
-117.472656 -75.438957 22.727762 70.000000 
-117.320091 -75.598778 22.714029 74.000000 
-117.464714 -75.431740 22.724285 70.000000 
-117.448700 -75.430183 22.727713 68.000000 
-117.438057 -75.424919 22.726585 68.000000 
-117.527321 -75.325516 22.721998 75.000000 
-117.434074 -75.414955 22.719727 73.000000 
-117.505623 -75.327904 22.729635 81.000000 
-117.422066 -75.410706 22.719797 78.000000 
-117.497368 -75.320587 22.726149 79.000000 
-117.580345 -75.222748 22.730228 69.000000 
-117.414032 -75.403625 22.716429 78.000000 
-117.489082 -75.313301 22.722681 79.000000 
-117.561066 -75.223328 22.735327 77.000000 
-117.480766 -75.306030 22.719231 76.000000 
-117.549843 -75.217896 22.733955 72.000000 
-117.467148 -75.302765 22.720303 86.000000 
-117.545273 -75.207390 22.727169 66.000000 
-117.448265 -75.303551 22.725914 86.000000 
-117.541962 -75.195862 22.719301 68.000000 
-117.610527 -75.106209 22.738232 74.000000 
-117.608292 -75.093307 22.729368 69.000000 
-117.503578 -75.197609 22.729851 68.000000 
-117.594063 -75.089951 22.730030 69.000000 
-117.497566 -75.188225 22.724236 66.000000 
-117.587753 -75.080246 22.724365 79.000000 
-117.488892 -75.180931 22.720829 66.000000 
-117.568268 -75.081268 22.729336 82.000000 
-117.557991 -75.074852 22.726912 89.000000 
-117.646683 -74.964073 22.731623 68.000000 
-117.548996 -75.067390 22.723444 85.000000 
-117.626900 -74.965210 22.736271 68.000000 
-117.726585 -74.842163 22.736994 75.000000 
-117.536087 -75.063210 22.723202 67.000000 
-117.622833 -74.953110 22.728600 70.000000 
-117.714317 -74.836494 22.735302 78.000000 
-117.610893 -74.947693 22.727133 72.000000 
-117.700737 -74.832016 22.734636 82.000000 
-117.602821 -74.938957 22.722589 75.000000 
-117.685852 -74.828728 22.734999 71.000000 
-117.765953 -74.713234 22.749645 66.000000 
-117.579254 -74.943726 22.730507 81.000000 
-117.676163 -74.820900 22.731403 79.000000 
-117.754654 -74.706360 22.746914 67.000000 
-117.671608 -74.808479 22.723827 79.000000 
-117.654129 -74.807640 22.726286 82.000000 
-117.636688 -74.806885 22.728792 71.000000 
-117.704170 -74.683998 22.740131 67.000000 
-117.691528 -74.678520 22.738512 69.000000 
-117.682686 -74.669479 22.734005 66.000000 
-117.893707 -74.387215 22.746284 73.000000 
-117.878952 -74.382561 22.745190 67.000000 
-117.965637 -74.214455 22.749784 67.000000 
-117.829659 -74.374008 22.745731 65.000000 
-117.949165 -74.210999 22.749395 85.000000 
-117.935211 -74.205009 22.747316 70.000000 
-117.921249 -74.199074 22.745274 67.000000 
-117.915977 -74.184052 22.737190 72.000000 
-118.020805 -74.030586 22.756868 69.000000 
-117.892715 -74.186920 22.741098 70.000000 
-118.007011 -74.022697 22.753647 70.000000 
-117.871323 -74.189003 22.744379 70.000000 
-117.992569 -74.016632 22.751482 70.000000 
-118.094032 -73.872864 22.754927 107.000000 
-117.935677 -74.067390 22.752554 68.000000 
-118.083931 -73.861076 22.749407 108.000000 
-117.921242 -74.061485 22.750502 66.000000 
-118.052986 -73.872589 22.757420 86.000000 
-118.034348 -73.870514 22.757547 68.000000 
-118.019363 -73.864388 22.755325 87.000000 
-118.166557 -73.650711 22.759529 121.000000 
-118.010399 -73.851410 22.749138 81.000000 
-118.138878 -73.658279 22.764666 122.000000 
-118.124512 -73.650505 22.761509 126.000000 
-118.107735 -73.645599 22.759907 124.000000 
-118.260292 -73.417824 22.768660 121.000000 
-118.093338 -73.637924 22.756819 123.000000 
-118.246445 -73.408302 22.764624 123.000000 
-118.072983 -73.637375 22.757587 120.000000 
-118.231377 -73.400253 22.761343 124.000000 
-118.219337 -73.389839 22.756844 123.000000 
-118.194801 -73.393433 22.759438 123.000000 
-118.172676 -73.394234 22.760635 121.000000 
-117.018936 -76.680634 22.688295 68.000000 
-117.003326 -76.678459 22.692003 78.000000 
-116.986382 -76.677200 22.696955 80.000000 
-116.978981 -76.670120 22.693535 77.000000 
-116.971550 -76.663055 22.690130 80.000000 
-117.040939 -76.583977 22.698677 70.000000 
-116.966789 -76.654312 22.684330 83.000000 
-117.033272 -76.576744 22.695198 65.000000 
-116.951233 -76.652420 22.688213 83.000000 
-116.938393 -76.648880 22.689718 77.000000 
-117.097527 -76.474251 22.691204 76.000000 
-116.928223 -76.643661 22.688829 80.000000 
-116.999344 -76.562317 22.694304 68.000000 
-117.082748 -76.471466 22.693394 73.000000 
-116.926025 -76.633270 22.680672 74.000000 
-116.980881 -76.562386 22.700367 68.000000 
-117.080147 -76.460396 22.685303 73.000000 
-116.978493 -76.551712 22.692276 78.000000 
-117.066711 -76.456772 22.686405 76.000000 
-116.905037 -76.624542 22.680544 68.000000 
-116.974159 -76.543541 22.686893 65.000000 
-117.048729 -76.457672 22.692490 71.000000 
-117.137428 -76.359169 22.689734 66.000000 
-117.043350 -76.448532 22.686750 71.000000 
-117.126404 -76.353592 22.688416 74.000000 
-117.031799 -76.442451 22.685303 71.000000 
-117.109169 -76.351204 22.691252 79.000000 
-117.023689 -76.435234 22.681908 76.000000 
-117.092796 -76.349640 22.694487 70.000000 
-117.178902 -76.249573 22.696829 70.000000 
-117.087105 -76.340286 22.688774 72.000000 
-117.167580 -76.243965 22.695425 77.000000 
-117.076057 -76.334885 22.687576 81.000000 
-117.154922 -76.239410 22.695139 68.000000 
-117.062363 -76.331505 22.688663 70.000000 
-117.224854 -76.134827 22.703726 84.000000 
-117.137543 -76.224297 22.688103 70.000000 
-117.213234 -76.129173 22.702230 74.000000 
-117.123543 -76.220894 22.688999 70.000000 
-117.202927 -76.122498 22.699703 72.000000 
-117.108231 -76.218582 22.691029 72.000000 
-117.197891 -76.111610 22.692957 69.000000 
-117.178757 -76.112823 22.698092 69.000000 
-117.164474 -76.109459 22.698839 79.000000 
-117.156746 -76.100800 22.694288 75.000000 
-117.244606 -75.990906 22.700562 65.000000 
-117.148972 -76.092148 22.689756 65.000000 
-117.231293 -75.986397 22.700079 68.000000 
-117.336761 -75.858543 22.697498 82.000000 
-117.218826 -75.980438 22.698420 70.000000 
-117.318642 -75.856865 22.699604 68.000000 
-117.212006 -75.970467 22.692825 68.000000 
-117.301033 -75.855667 22.701939 66.000000 
-117.205139 -75.960495 22.687244 68.000000 
-117.291267 -75.847679 22.698318 66.000000 
-117.379662 -75.724777 22.707947 69.000000 
-117.278885 -75.842018 22.696726 66.000000 
-117.366936 -75.718925 22.706171 69.000000 
-117.263901 -75.838707 22.697170 68.000000 
-117.358070 -75.709572 22.701529 69.000000 
-117.254082 -75.830826 22.693630 68.000000 
-117.348900 -75.702240 22.698236 67.000000 
-117.448288 -75.570580 22.708740 73.000000 
-117.333549 -75.698868 22.698479 74.000000 
-117.435127 -75.564598 22.706841 71.000000 
-117.313087 -75.700325 22.702646 72.000000 
-117.302872 -75.692307 22.699080 74.000000 
-117.416458 -75.545456 22.697533 67.000000 
-117.389969 -75.551422 22.704899 69.000000 
-117.514519 -75.391029 22.702194 72.000000 
-117.379326 -75.543190 22.701258 67.000000 
-117.498314 -75.387444 22.701990 78.000000 
-117.373711 -75.530045 22.693882 69.000000 
-117.477058 -75.388954 22.705429 75.000000 
-117.458374 -75.388039 22.707117 76.000000 
-117.586563 -75.217262 22.706861 67.000000 
-117.450333 -75.377495 22.701803 69.000000 
-117.569237 -75.215347 22.707523 71.000000 
-117.439186 -75.369080 22.698133 83.000000 
-117.553864 -75.210472 22.706305 71.000000 
-117.543579 -75.198303 22.700405 71.000000 
-117.530663 -75.190926 22.697515 72.000000 
-117.492722 -75.241837 22.698423 81.000000 
-117.611465 -75.073257 22.709723 66.000000 
-117.473625 -75.241096 22.699963 81.000000 
-117.596825 -75.066986 22.707546 68.000000 
-117.579697 -75.065659 22.708286 70.000000 
-117.720039 -74.868347 22.712271 72.000000 
-117.562599 -75.062180 22.707851 77.000000 
-117.710976 -74.855019 22.705938 106.000000 
-117.546738 -75.057411 22.706621 68.000000 
-117.687157 -74.858086 22.709183 114.000000 
-117.659744 -74.865372 22.714882 79.000000 
-117.657341 -74.845764 22.704844 108.000000 
-117.799255 -74.638512 22.714668 117.000000 
-117.639679 -74.842209 22.704231 117.000000 
-117.772537 -74.644432 22.719046 121.000000 
-117.763298 -74.628960 22.711863 119.000000 
-117.752258 -74.616776 22.706423 117.000000 
-117.900314 -74.395996 22.721079 111.000000 
-117.737053 -74.610718 22.704260 121.000000 
-117.888115 -74.385284 22.716497 121.000000 
-117.716415 -74.609909 22.705006 107.000000 
-117.866844 -74.384171 22.716816 123.000000 
-117.856728 -74.368263 22.709719 123.000000 
-117.836639 -74.365837 22.709396 123.000000 
-117.813049 -74.367828 22.711309 123.000000 
-116.609581 -77.734238 22.696695 85.000000 
-116.604996 -77.725342 22.690802 94.000000 
-116.600357 -77.716438 22.684916 101.000000 
-116.579613 -77.717903 22.693558 82.000000 
-116.660965 -77.632439 22.693668 85.000000 
-116.566757 -77.714088 22.694902 82.000000 
-116.646439 -77.629379 22.695927 73.000000 
-116.556259 -77.708290 22.693712 88.000000 
-116.639778 -77.620773 22.691055 67.000000 
-116.551544 -77.699493 22.687910 85.000000 
-116.623894 -77.618698 22.694548 67.000000 
-116.544449 -77.692764 22.684694 77.000000 
-116.613869 -77.613525 22.693581 67.000000 
-116.701157 -77.521416 22.691504 76.000000 
-116.531578 -77.689117 22.686152 91.000000 
-116.680870 -77.522125 22.698154 73.000000 
-116.512978 -77.688622 22.692310 74.000000 
-116.672516 -77.514290 22.694435 76.000000 
-116.664528 -77.506859 22.690914 74.000000 
-116.656517 -77.499443 22.687408 74.000000 
-116.641731 -77.496719 22.689651 81.000000 
-116.624680 -77.496292 22.694399 72.000000 
-116.616638 -77.488998 22.690977 74.000000 
-116.778275 -77.286781 22.692646 67.000000 
-116.758842 -77.287086 22.697689 67.000000 
-116.743057 -77.284081 22.699356 72.000000 
-116.835930 -77.177231 22.701662 90.000000 
-116.734413 -77.276443 22.695812 70.000000 
-116.824287 -77.171410 22.700092 79.000000 
-116.728409 -77.266792 22.690113 68.000000 
-116.811295 -77.166679 22.699604 72.000000 
-116.717041 -77.261238 22.688786 68.000000 
-116.791626 -77.167259 22.704416 75.000000 
-116.703461 -77.258171 22.689846 68.000000 
-116.789757 -77.154594 22.695740 67.000000 
-116.782059 -77.145767 22.691114 75.000000 
-116.859192 -77.046135 22.707930 68.000000 
-116.763748 -77.145462 22.694979 67.000000 
-116.849876 -77.038170 22.704283 68.000000 
-116.745483 -77.145248 22.698893 72.000000 
-116.841858 -77.029137 22.699635 65.000000 
-116.936470 -76.911880 22.707108 82.000000 
-116.920143 -76.909325 22.708321 73.000000 
-116.805992 -77.027679 22.705807 68.000000 
-116.917030 -76.895531 22.699675 73.000000 
-116.799706 -77.018036 22.700386 68.000000 
-116.901176 -76.893471 22.701136 71.000000 
-116.991905 -76.769859 22.710836 73.000000 
-116.883545 -76.892212 22.703447 76.000000 
-116.973404 -76.768097 22.712624 86.000000 
-116.875893 -76.881493 22.697659 71.000000 
-116.956749 -76.765656 22.713688 78.000000 
-116.863487 -76.875763 22.696056 71.000000 
-116.946632 -76.757408 22.709993 77.000000 
-116.936485 -76.749191 22.706322 67.000000 
-116.932770 -76.735092 22.697855 67.000000 
-116.912239 -76.736404 22.701946 67.000000 
-117.002220 -76.595100 22.708048 65.000000 
-117.113899 -76.449059 22.716423 68.000000 
-116.986473 -76.591606 22.708073 67.000000 
-117.104156 -76.439117 22.711695 65.000000 
-116.970734 -76.588173 22.708136 66.000000 
-117.090530 -76.432945 22.709667 65.000000 
-117.076889 -76.426819 22.707672 65.000000 
-117.192421 -76.270737 22.718315 71.000000 
-117.056885 -76.427025 22.710192 69.000000 
-117.182152 -76.260536 22.713560 75.000000 
-117.036919 -76.427322 22.712761 75.000000 
-117.164223 -76.258064 22.713978 75.000000 
-117.143791 -76.258247 22.716160 78.000000 
-117.133469 -76.248169 22.711498 72.000000 
-117.252014 -76.083801 22.725863 67.000000 
-117.120598 -76.240715 22.708586 81.000000 
-117.209618 -76.138046 22.729303 70.000000 
-117.195053 -76.131660 22.727072 70.000000 
-117.181732 -76.124008 22.724049 68.000000 
-117.322365 -75.929146 22.729837 68.000000 
-117.173355 -76.111061 22.717745 70.000000 
-117.309708 -75.919792 22.725845 75.000000 
-117.294533 -75.913185 22.723459 104.000000 
-117.286751 -75.898468 22.716368 104.000000 
-117.417244 -75.707710 22.736095 104.000000 
-117.268478 -75.896500 22.716614 110.000000 
-117.408310 -75.694405 22.729982 120.000000 
-117.247147 -75.896881 22.718296 117.000000 
-117.397423 -75.682022 22.724438 119.000000 
-117.374290 -75.683609 22.726458 121.000000 
-117.353630 -75.682495 22.727022 122.000000 
-117.520409 -75.443138 22.732622 121.000000 
-117.334213 -75.680061 22.726879 123.000000 
-117.503929 -75.436058 22.729923 122.000000 
-117.479004 -75.439018 22.732283 125.000000 
-117.461342 -75.433510 22.730391 125.000000 
-117.447243 -75.423752 22.726379 123.000000 
-117.437874 -75.408287 22.719513 124.000000 
-116.196297 -78.774132 22.674595 89.000000 
-116.181015 -78.772034 22.678400 86.000000 
-116.175049 -78.763893 22.673723 90.000000 
-116.167305 -78.756226 22.670082 90.000000 
-116.159897 -78.748940 22.666632 88.000000 
-116.227959 -78.672089 22.678757 73.000000 
-116.140915 -78.749916 22.674335 97.000000 
-116.223846 -78.663651 22.673258 65.000000 
-116.126701 -78.746910 22.676945 91.000000 
-116.217552 -78.655342 22.668581 73.000000 
-116.115822 -78.740715 22.675648 85.000000 
-116.291725 -78.558823 22.667891 71.000000 
-116.116493 -78.728493 22.665068 85.000000 
-116.278244 -78.554802 22.668852 76.000000 
-116.106300 -78.723061 22.664143 65.000000 
-116.178650 -78.642082 22.670719 65.000000 
-116.263412 -78.551758 22.670988 81.000000 
-116.166855 -78.637428 22.670834 73.000000 
-116.247231 -78.549690 22.674303 81.000000 
-116.163155 -78.627472 22.663910 68.000000 
-116.237869 -78.543091 22.671949 76.000000 
-116.317322 -78.452965 22.679422 66.000000 
-116.227142 -78.537460 22.670765 72.000000 
-116.226257 -78.525726 22.661751 78.000000 
-116.204720 -78.527603 22.669796 78.000000 
-116.372559 -78.336807 22.679338 67.000000 
-116.367599 -78.325554 22.672295 82.000000 
-116.182808 -78.516243 22.667448 66.000000 
-116.356247 -78.319695 22.670849 81.000000 
-116.351143 -78.310638 22.665455 87.000000 
-116.424683 -78.219322 22.684473 65.000000 
-116.240997 -78.413918 22.670824 66.000000 
-116.328995 -78.312897 22.672737 78.000000 
-116.419807 -78.208199 22.677664 90.000000 
-116.153137 -78.498146 22.662069 70.000000 
-116.316757 -78.306396 22.671028 70.000000 
-116.408585 -78.200432 22.674704 75.000000 
-116.305382 -78.300713 22.669704 81.000000 
-116.390175 -78.199753 22.678450 69.000000 
-116.299751 -78.291374 22.664215 78.000000 
-116.374931 -78.197464 22.680311 75.000000 
-116.364594 -78.190643 22.677811 82.000000 
-116.459969 -78.077477 22.681688 68.000000 
-116.271202 -78.283920 22.665899 66.000000 
-116.360420 -78.178177 22.669865 82.000000 
-116.438133 -78.078697 22.687038 65.000000 
-116.346054 -78.174576 22.670586 79.000000 
-116.536369 -77.943871 22.682465 87.000000 
-116.333008 -78.169975 22.670280 72.000000 
-116.422073 -78.060425 22.677776 65.000000 
-116.517311 -77.943359 22.685642 68.000000 
-116.413994 -78.051315 22.673172 66.000000 
-116.503601 -77.938438 22.684912 73.000000 
-116.396286 -78.051819 22.677170 75.000000 
-116.587875 -77.806633 22.690968 69.000000 
-116.297409 -78.155083 22.667767 69.000000 
-116.495590 -77.913750 22.670017 70.000000 
-116.577759 -77.798149 22.687206 82.000000 
-116.472626 -77.916870 22.676323 70.000000 
-116.567612 -77.789688 22.683470 70.000000 
-116.452339 -77.917824 22.680696 71.000000 
-116.549561 -77.788254 22.685507 70.000000 
-116.445129 -77.907433 22.675137 71.000000 
-116.540688 -77.778709 22.680868 74.000000 
-116.652313 -77.638268 22.685514 74.000000 
-116.524246 -77.774216 22.680696 72.000000 
-116.634109 -77.634727 22.685959 74.000000 
-116.516602 -77.763550 22.675142 67.000000 
-116.613075 -77.635742 22.689604 73.000000 
-116.503754 -77.757629 22.673470 72.000000 
-116.602463 -77.627182 22.685883 69.000000 
-116.591812 -77.618652 22.682184 69.000000 
-116.583710 -77.607712 22.676649 66.000000 
-116.693176 -77.463928 22.687416 69.000000 
-116.675636 -77.461365 22.688099 75.000000 
-116.668182 -77.450996 22.682930 81.000000 
-116.781990 -77.297668 22.695988 71.000000 
-116.651924 -77.447289 22.682787 78.000000 
-116.769127 -77.289902 22.692974 66.000000 
-116.630592 -77.448669 22.686275 78.000000 
-116.761337 -77.277046 22.686560 71.000000 
-116.738266 -77.279625 22.690483 68.000000 
-116.861359 -77.111427 22.703096 69.000000 
-116.724091 -77.273285 22.688429 71.000000 
-116.853050 -77.098221 22.696709 68.000000 
-116.688416 -77.319229 22.685806 67.000000 
-116.676147 -77.309944 22.681908 67.000000 
-116.921638 -76.944061 22.701139 103.000000 
-116.902046 -76.943123 22.702099 108.000000 
-116.886810 -76.936378 22.699751 111.000000 
-116.870293 -76.928741 22.697052 111.000000 
-116.862419 -76.913933 22.690022 108.000000 
-117.000740 -76.714844 22.705723 120.000000 
-116.840401 -76.915977 22.692730 105.000000 
-116.986786 -76.706978 22.702679 115.000000 
-116.969681 -76.701454 22.700975 121.000000 
-116.948387 -76.702049 22.702534 121.000000 
-117.117538 -76.461700 22.708239 122.000000 
-116.931305 -76.696663 22.700916 123.000000 
-117.102196 -76.453049 22.704866 123.000000 
-116.913544 -76.690857 22.699144 111.000000 
-117.078865 -76.452477 22.705631 123.000000 
-117.053879 -76.455360 22.708092 122.000000 
-117.042122 -76.442612 22.702686 124.000000 
-117.029121 -76.431320 22.698029 123.000000 
-115.756355 -79.838394 22.687164 79.000000 
-115.754738 -79.827774 22.678926 94.000000 
-115.748520 -79.819191 22.674082 97.000000 
-115.728760 -79.819107 22.681335 80.000000 
-115.710442 -79.818306 22.687450 88.000000 
-115.802864 -79.728439 22.679522 73.000000 
-115.707314 -79.808571 22.680470 94.000000 
-115.798103 -79.719193 22.673679 78.000000 
-115.697632 -79.803314 22.679649 94.000000 
-115.777069 -79.720581 22.681978 68.000000 
-115.688950 -79.796906 22.677486 85.000000 
-115.676163 -79.793030 22.678949 88.000000 
-115.836922 -79.623764 22.684790 76.000000 
-115.666100 -79.787529 22.678040 69.000000 
-115.746109 -79.703438 22.678642 65.000000 
-115.829094 -79.616127 22.681259 76.000000 
-115.657379 -79.781219 22.675951 71.000000 
-115.730309 -79.701294 22.682270 65.000000 
-115.821243 -79.608505 22.677748 74.000000 
-115.719978 -79.695717 22.681248 65.000000 
-115.809242 -79.603622 22.677671 78.000000 
-115.794502 -79.600609 22.679905 71.000000 
-115.880173 -79.507751 22.682814 66.000000 
-115.783875 -79.594917 22.678753 69.000000 
-115.772842 -79.588890 22.677456 71.000000 
-115.768959 -79.578659 22.670624 78.000000 
-115.938385 -79.389580 22.680305 70.000000 
-115.925766 -79.384598 22.679939 82.000000 
-115.906334 -79.384613 22.685001 78.000000 
-115.900955 -79.375175 22.679480 75.000000 
-115.984726 -79.277840 22.690804 84.000000 
-115.896461 -79.364349 22.672710 72.000000 
-115.970459 -79.273872 22.691362 79.000000 
-115.886513 -79.357536 22.670292 66.000000 
-115.957558 -79.268936 22.690910 75.000000 
-115.868477 -79.356789 22.674417 72.000000 
-115.951416 -79.258881 22.685240 75.000000 
-115.853165 -79.354111 22.676413 70.000000 
-115.941185 -79.251945 22.682739 69.000000 
-116.027008 -79.148544 22.694965 66.000000 
-115.921532 -79.252342 22.687641 67.000000 
-116.017822 -79.140358 22.691328 70.000000 
-115.909966 -79.246552 22.686258 67.000000 
-116.007256 -79.133270 22.688732 65.000000 
-116.095932 -79.008286 22.692190 76.000000 
-115.975388 -79.127861 22.691793 65.000000 
-116.082306 -79.003227 22.691452 78.000000 
-116.074028 -78.993767 22.686800 68.000000 
-116.053719 -78.994377 22.691065 71.000000 
-116.147797 -78.871162 22.700247 69.000000 
-116.044075 -78.986115 22.687458 68.000000 
-116.137817 -78.862633 22.696529 77.000000 
-116.034401 -78.977875 22.683872 70.000000 
-116.024704 -78.969666 22.680311 71.000000 
-116.110313 -78.834877 22.683598 69.000000 
-116.209930 -78.707420 22.697559 71.000000 
-116.090515 -78.834190 22.686510 66.000000 
-116.204208 -78.693512 22.689938 67.000000 
-116.066040 -78.838684 22.693499 74.000000 
-116.193695 -78.684814 22.686209 73.000000 
-116.172691 -78.685738 22.689899 66.000000 
-116.151749 -78.686752 22.693645 71.000000 
-116.281090 -78.527489 22.691824 69.000000 
-116.144341 -78.676224 22.688339 66.000000 
-116.258934 -78.530098 22.696224 69.000000 
-116.240181 -78.528656 22.697821 73.000000 
-116.375183 -78.358131 22.698040 77.000000 
-116.226067 -78.521896 22.695707 78.000000 
-116.355370 -78.356064 22.699085 85.000000 
-116.217636 -78.510651 22.690239 78.000000 
-116.334862 -78.355804 22.701227 75.000000 
-116.205307 -78.503159 22.687473 66.000000 
-116.319534 -78.350548 22.699997 78.000000 
-116.311882 -78.337692 22.693657 75.000000 
-116.423576 -78.183701 22.714611 66.000000 
-116.302193 -78.327858 22.689238 78.000000 
-116.264069 -78.376328 22.688658 78.000000 
-116.376297 -78.220535 22.708431 66.000000 
-116.239273 -78.379822 22.693413 67.000000 
-116.349739 -78.204689 22.702475 66.000000 
-116.498093 -78.006165 22.706108 68.000000 
-116.328224 -78.206512 22.705505 66.000000 
-116.488617 -77.994347 22.700802 66.000000 
-116.450745 -77.988701 22.700891 66.000000 
-116.602669 -77.779167 22.710178 121.000000 
-116.435570 -77.981934 22.698635 75.000000 
-116.581909 -77.777504 22.710657 122.000000 
-116.558701 -77.778679 22.712685 122.000000 
-116.545425 -77.768898 22.708757 122.000000 
-116.528427 -77.763313 22.707121 121.000000 
-116.689835 -77.535835 22.718855 121.000000 
-116.516319 -77.752228 22.702503 123.000000 
-116.673409 -77.528496 22.716236 122.000000 
-116.493195 -77.753716 22.704718 120.000000 
-116.656975 -77.521217 22.713654 122.000000 
-116.482254 -77.741325 22.699411 117.000000 
-116.641731 -77.512573 22.710394 124.000000 
-116.467636 -77.733162 22.696407 113.000000 
-116.624054 -77.506813 22.708603 124.000000 
-116.599136 -77.509674 22.711163 122.000000 
-115.319016 -80.886871 22.666225 85.000000 
-115.307663 -80.881752 22.666271 80.000000 
-115.294914 -80.877472 22.667536 86.000000 
-115.287758 -80.870064 22.664072 86.000000 
-115.367332 -80.789429 22.668055 72.000000 
-115.281960 -80.861870 22.659433 90.000000 
-115.355713 -80.784302 22.667978 73.000000 
-115.269196 -80.857719 22.660782 82.000000 
-115.348282 -80.776718 22.664452 73.000000 
-115.250916 -80.856865 22.666954 74.000000 
-115.345009 -80.766632 22.657454 70.000000 
-115.243698 -80.849579 22.663586 82.000000 
-115.331955 -80.762451 22.658617 67.000000 
-115.236450 -80.842316 22.660233 80.000000 
-115.313370 -80.761719 22.664482 71.000000 
-115.408585 -80.668449 22.658087 86.000000 
-115.395233 -80.664230 22.659060 81.000000 
-115.377731 -80.662727 22.663477 76.000000 
-115.285301 -80.742836 22.658924 65.000000 
-115.368561 -80.655968 22.661112 84.000000 
-115.360748 -80.648346 22.657631 84.000000 
-115.352905 -80.640739 22.654167 78.000000 
-115.342697 -80.635345 22.653183 78.000000 
-115.421852 -80.547455 22.661417 66.000000 
-115.506195 -80.454071 22.669607 76.000000 
-115.319809 -80.637787 22.662373 72.000000 
-115.503349 -80.442192 22.661678 77.000000 
-115.316986 -80.626274 22.654228 66.000000 
-115.490356 -80.436684 22.661110 70.000000 
-115.488777 -80.423836 22.652124 72.000000 
-115.562752 -80.335236 22.672253 74.000000 
-115.380608 -80.521782 22.653971 66.000000 
-115.467957 -80.424667 22.658270 68.000000 
-115.556786 -80.325043 22.666492 100.000000 
-115.550774 -80.314857 22.660744 85.000000 
-115.440079 -80.416763 22.659883 70.000000 
-115.532387 -80.313805 22.664440 69.000000 
-115.431564 -80.408928 22.656397 75.000000 
-115.515411 -80.311829 22.667137 67.000000 
-115.617561 -80.197975 22.668282 69.000000 
-115.502541 -80.306854 22.666721 75.000000 
-115.597504 -80.198036 22.672699 75.000000 
-115.411774 -80.395332 22.651665 72.000000 
-115.493721 -80.298843 22.663177 75.000000 
-115.578850 -80.197136 22.676151 75.000000 
-115.484879 -80.290855 22.659653 89.000000 
-115.575165 -80.184677 22.668447 69.000000 
-115.382561 -80.388939 22.654694 65.000000 
-115.557884 -80.182838 22.670958 77.000000 
-115.658226 -80.065956 22.676781 76.000000 
-115.452377 -80.286415 22.664328 65.000000 
-115.554108 -80.170395 22.663284 75.000000 
-115.647377 -80.058594 22.674059 78.000000 
-115.536842 -80.168671 22.665865 75.000000 
-115.644600 -80.044678 22.665443 67.000000 
-115.522278 -80.164871 22.666435 73.000000 
-115.633682 -80.037361 22.662762 73.000000 
-115.726273 -79.917053 22.674120 67.000000 
-115.620064 -80.032288 22.662088 70.000000 
-115.718178 -79.907700 22.669601 69.000000 
-115.594917 -80.037697 22.670559 70.000000 
-115.701523 -79.904762 22.670639 67.000000 
-115.590645 -80.024956 22.663010 71.000000 
-115.677711 -79.907181 22.676319 67.000000 
-115.667755 -79.898666 22.672663 69.000000 
-115.788521 -79.754791 22.672413 71.000000 
-115.657768 -79.890190 22.669027 74.000000 
-115.649071 -79.880569 22.664454 77.000000 
-115.848663 -79.587891 22.675766 67.000000 
-115.835152 -79.581322 22.673738 67.000000 
-115.825554 -79.571129 22.669071 65.000000 
-115.941216 -79.421593 22.683214 77.000000 
-115.808640 -79.568764 22.669968 69.000000 
-115.936974 -79.406540 22.675257 89.000000 
-115.786003 -79.570946 22.674295 76.000000 
-115.924263 -79.398537 22.672237 78.000000 
-115.773781 -79.563354 22.671513 66.000000 
-115.905037 -79.396858 22.673529 71.000000 
-115.885841 -79.395264 22.674868 78.000000 
-116.012581 -79.229988 22.687727 69.000000 
-115.868675 -79.390762 22.674347 68.000000 
-115.997505 -79.222626 22.685251 70.000000 
-115.858505 -79.380432 22.669748 72.000000 
-115.968864 -79.230011 22.692034 66.000000 
-115.826447 -79.422569 22.663857 66.000000 
-116.068420 -79.072098 22.689604 74.000000 
-116.055923 -79.062401 22.685652 75.000000 
-116.038322 -79.058060 22.684875 104.000000 
-116.025131 -79.050262 22.681971 106.000000 
-116.177803 -78.843613 22.691729 109.000000 
-116.008789 -79.044701 22.680481 114.000000 
-116.164642 -78.833595 22.687696 120.000000 
-115.987419 -79.044571 22.682198 69.000000 
-116.146431 -78.829079 22.686695 119.000000 
-116.128220 -78.824631 22.685736 117.000000 
-116.108192 -78.823479 22.686522 121.000000 
-116.289276 -78.578110 22.688097 122.000000 
-116.091255 -78.817795 22.684895 121.000000 
-116.267891 -78.576149 22.688276 122.000000 
-116.078575 -78.806160 22.680088 109.000000 
-116.242134 -78.577965 22.690449 124.000000 
-116.225739 -78.570572 22.687872 124.000000 
-116.047745 -78.792770 22.675692 109.000000 
-116.214935 -78.558113 22.682659 124.000000 
-116.200935 -78.547989 22.678709 123.000000 
-116.181335 -78.543060 22.677481 121.000000 
-116.145973 -78.531586 22.674101 104.000000 
-114.873863 -81.944588 22.653667 89.000000 
-114.865433 -81.937798 22.651329 94.000000 
-114.858398 -81.930260 22.647827 82.000000 
-114.846054 -81.926224 22.649271 69.000000 
-114.829155 -81.924210 22.654150 83.000000 
-114.917992 -81.839813 22.650866 82.000000 
-114.821724 -81.916412 22.650551 80.000000 
-114.906075 -81.834190 22.650620 83.000000 
-114.817413 -81.907417 22.644751 83.000000 
-114.894508 -81.828995 22.650583 70.000000 
-114.808884 -81.900810 22.642551 94.000000 
-114.881546 -81.824669 22.651741 70.000000 
-114.968414 -81.738953 22.653439 70.000000 
-114.793411 -81.898232 22.646374 85.000000 
-114.878380 -81.814598 22.644773 73.000000 
-114.943886 -81.741409 22.663420 83.000000 
-114.872734 -81.806564 22.640320 71.000000 
-114.946518 -81.728004 22.652128 78.000000 
-114.855576 -81.804871 22.645065 73.000000 
-114.938873 -81.720238 22.648592 89.000000 
-114.840851 -81.801201 22.647346 75.000000 
-114.933609 -81.710358 22.642624 78.000000 
-114.833405 -81.793732 22.643965 67.000000 
-114.917549 -81.707878 22.645956 81.000000 
-114.901512 -81.705467 22.649330 78.000000 
-114.892418 -81.698715 22.647034 74.000000 
-114.883308 -81.691986 22.644758 87.000000 
-115.059685 -81.505432 22.651749 67.000000 
-115.044434 -81.502090 22.653503 72.000000 
-115.029610 -81.499214 22.655478 77.000000 
-114.939598 -81.582214 22.642305 66.000000 
-115.019928 -81.492165 22.652992 70.000000 
-115.108620 -81.395020 22.661943 84.000000 
-115.013939 -81.481850 22.647110 78.000000 
-115.089874 -81.393303 22.665421 72.000000 
-115.005569 -81.473885 22.643585 78.000000 
-115.079903 -81.386124 22.662851 69.000000 
-114.989380 -81.472176 22.646770 81.000000 
-115.075859 -81.375381 22.656288 72.000000 
-114.972801 -81.470146 22.649822 81.000000 
-115.060326 -81.372261 22.657961 79.000000 
-115.152565 -81.268036 22.666775 79.000000 
-115.045753 -81.367798 22.658445 69.000000 
-115.141785 -81.260292 22.663942 66.000000 
-115.030258 -81.364815 22.660200 72.000000 
-115.138298 -81.247810 22.656233 66.000000 
-115.023369 -81.356194 22.655827 69.000000 
-115.116043 -81.250343 22.662981 68.000000 
-115.219284 -81.133980 22.667578 82.000000 
-115.104309 -81.244186 22.661438 66.000000 
-115.209946 -81.125435 22.663864 78.000000 
-115.086685 -81.241882 22.663839 72.000000 
-115.194649 -81.120796 22.663931 73.000000 
-115.085770 -81.227364 22.654161 68.000000 
-115.181190 -81.115570 22.663233 70.000000 
-115.278030 -80.994759 22.672087 66.000000 
-115.169083 -81.109306 22.661579 79.000000 
-115.266937 -80.987160 22.669294 67.000000 
-115.163712 -81.097618 22.654999 73.000000 
-115.246330 -80.987434 22.673201 67.000000 
-115.150208 -81.092514 22.654388 76.000000 
-115.243332 -80.973183 22.664742 66.000000 
-115.217476 -80.962067 22.662405 69.000000 
-115.196945 -80.962616 22.666479 67.000000 
-115.413864 -80.661835 22.667574 77.000000 
-115.395164 -80.659920 22.669088 83.000000 
-115.371185 -80.662895 22.674212 81.000000 
-115.363136 -80.651497 22.668694 78.000000 
-115.493576 -80.491425 22.673359 77.000000 
-115.351868 -80.642082 22.664797 81.000000 
-115.476547 -80.486565 22.672716 68.000000 
-115.335854 -80.638016 22.664690 81.000000 
-115.460075 -80.482231 22.672304 68.000000 
-115.450165 -80.471741 22.667648 71.000000 
-115.440216 -80.461281 22.663015 71.000000 
-115.558899 -80.305992 22.680897 69.000000 
-115.419815 -80.460861 22.665289 75.000000 
-115.402054 -80.458015 22.665890 71.000000 
-115.496315 -80.334908 22.671572 68.000000 
-115.636826 -80.153580 22.682827 72.000000 
-115.471634 -80.338371 22.676029 68.000000 
-115.629700 -80.138527 22.675734 108.000000 
-115.463013 -80.326912 22.670811 75.000000 
-115.607658 -80.139725 22.678282 108.000000 
-115.585060 -80.140526 22.680691 111.000000 
-115.563164 -80.139633 22.682171 102.000000 
-115.730728 -79.921722 22.683258 120.000000 
-115.560997 -80.119423 22.672033 115.000000 
-115.706291 -79.923759 22.686005 121.000000 
-115.534653 -80.124451 22.676958 68.000000 
-115.690796 -79.916451 22.683550 121.000000 
-115.676544 -79.907837 22.680378 123.000000 
-115.664185 -79.898399 22.676680 123.000000 
-115.827629 -79.677299 22.688929 118.000000 
-115.642365 -79.898048 22.678110 122.000000 
-115.817726 -79.662788 22.682741 122.000000 
-115.615593 -79.903252 22.682619 109.000000 
-115.805260 -79.651062 22.678009 125.000000 
-115.785271 -79.647713 22.677607 125.000000 
-115.759789 -79.651932 22.681040 126.000000 
-115.738625 -79.650154 22.681458 120.000000 
-115.722954 -79.640945 22.678123 108.000000 
-115.720169 -79.618217 22.667786 68.000000 
-114.406250 -82.993629 22.647921 81.000000 
-114.403610 -82.983788 22.640856 83.000000 
-114.393127 -82.976982 22.639381 86.000000 
-114.394638 -82.964859 22.628769 71.000000 
-114.457420 -82.896225 22.647856 73.000000 
-114.373512 -82.965004 22.637213 80.000000 
-114.358070 -82.962158 22.640944 86.000000 
-114.354561 -82.953911 22.635489 83.000000 
-114.344719 -82.948044 22.634493 77.000000 
-114.518227 -82.780373 22.634695 83.000000 
-114.340439 -82.939064 22.628723 65.000000 
-114.506424 -82.775002 22.634489 78.000000 
-114.400566 -82.859161 22.638849 65.000000 
-114.488968 -82.773079 22.638847 76.000000 
-114.478592 -82.766968 22.637579 69.000000 
-114.471001 -82.759186 22.634064 69.000000 
-114.551300 -82.674698 22.643614 66.000000 
-114.463387 -82.751411 22.630568 74.000000 
-114.540642 -82.668488 22.642223 69.000000 
-114.447380 -82.748878 22.633938 74.000000 
-114.535591 -82.658730 22.636438 70.000000 
-114.435570 -82.743797 22.633921 78.000000 
-114.527687 -82.650772 22.632879 72.000000 
-114.608360 -82.563072 22.645227 76.000000 
-114.514175 -82.646461 22.633780 76.000000 
-114.611450 -82.547447 22.632999 77.000000 
-114.500671 -82.642212 22.634714 72.000000 
-114.596207 -82.543961 22.634741 78.000000 
-114.489944 -82.636192 22.633457 76.000000 
-114.583786 -82.538658 22.634369 72.000000 
-114.670776 -82.444313 22.645662 69.000000 
-114.479210 -82.630203 22.632229 66.000000 
-114.565788 -82.537193 22.638348 78.000000 
-114.666473 -82.433052 22.638845 90.000000 
-114.554764 -82.531059 22.636967 78.000000 
-114.649544 -82.430588 22.641443 69.000000 
-114.549263 -82.521141 22.631277 84.000000 
-114.628464 -82.431160 22.647226 72.000000 
-114.539574 -82.514107 22.628857 72.000000 
-114.618538 -82.423927 22.644674 67.000000 
-114.716103 -82.317688 22.650528 66.000000 
-114.609535 -82.415329 22.640917 69.000000 
-114.704010 -82.310837 22.648672 70.000000 
-114.600945 -82.407173 22.637360 67.000000 
-114.586823 -82.403038 22.638044 69.000000 
-114.682068 -82.297081 22.644400 65.000000 
-114.785225 -82.182785 22.650246 69.000000 
-114.670380 -82.290771 22.642815 65.000000 
-114.771820 -82.177292 22.649441 76.000000 
-114.659126 -82.284927 22.641439 65.000000 
-114.757492 -82.173347 22.649839 73.000000 
-114.646057 -82.279739 22.640936 68.000000 
-114.746834 -82.165825 22.647131 68.000000 
-114.631172 -82.275246 22.641315 70.000000 
-114.734322 -82.158989 22.645254 68.000000 
-114.837669 -82.034561 22.650301 72.000000 
-114.716805 -82.156921 22.647551 78.000000 
-114.822502 -82.030151 22.650345 69.000000 
-114.711548 -82.145210 22.640966 79.000000 
-114.699463 -82.138924 22.639362 82.000000 
-114.913361 -81.885201 22.653278 68.000000 
-114.785675 -82.011047 22.645145 69.000000 
-114.893715 -81.884155 22.655891 68.000000 
-114.771866 -82.005745 22.644371 66.000000 
-114.886322 -81.872887 22.650269 66.000000 
-114.756706 -82.001610 22.644590 66.000000 
-114.873466 -81.866234 22.648352 67.000000 
-114.863289 -81.857315 22.644619 66.000000 
-114.975929 -81.721031 22.656872 68.000000 
-114.850403 -81.850731 22.642761 67.000000 
-114.966698 -81.710632 22.652143 77.000000 
-114.829475 -81.851181 22.646502 69.000000 
-114.956078 -81.701447 22.648327 83.000000 
-114.940079 -81.697052 22.648094 83.000000 
-114.916092 -81.699898 22.653254 78.000000 
-115.054527 -81.534866 22.653519 82.000000 
-114.908096 -81.688461 22.647749 73.000000 
-114.894768 -81.681847 22.645844 73.000000 
-115.020302 -81.527061 22.653484 66.000000 
-115.006516 -81.520187 22.651386 68.000000 
-115.130127 -81.364250 22.667831 66.000000 
-114.997215 -81.510109 22.646933 71.000000 
-114.984695 -81.502075 22.644033 75.000000 
-115.096962 -81.355568 22.666767 68.000000 
-115.086655 -81.344742 22.662088 70.000000 
-115.051201 -81.388611 22.658257 73.000000 
-115.195274 -81.205505 22.667542 74.000000 
-115.035614 -81.382942 22.656931 70.000000 
-115.183075 -81.195595 22.663574 108.000000 
-115.170837 -81.185722 22.659637 117.000000 
-115.150192 -81.183228 22.660261 111.000000 
-115.127602 -81.183929 22.662708 118.000000 
-115.290550 -80.974030 22.667589 114.000000 
-115.112099 -81.178642 22.661444 115.000000 
-115.268028 -80.975037 22.669777 121.000000 
-115.248764 -80.971619 22.669563 121.000000 
-115.096397 -81.150078 22.648319 69.000000 
-115.229507 -80.968277 22.669397 122.000000 
-115.408173 -80.735542 22.674307 111.000000 
-115.217896 -80.956924 22.664749 123.000000 
-115.393349 -80.726395 22.670927 123.000000 
-115.196114 -80.956413 22.666178 120.000000 
-115.375969 -80.720032 22.669010 125.000000 
-115.361099 -80.710976 22.665701 125.000000 
-115.344948 -80.703354 22.663145 125.000000 
-115.326279 -80.698547 22.662066 125.000000 
-115.295151 -80.707695 22.668234 119.000000 
-115.287720 -80.690536 22.660759 66.000000 
-113.969284 -84.038361 22.629646 81.000000 
-113.958130 -84.032860 22.629608 102.000000 
-113.938370 -84.031837 22.636692 91.000000 
-113.934387 -84.022743 22.630806 91.000000 
-113.927505 -84.015137 22.627304 88.000000 
-114.000916 -83.941895 22.638178 67.000000 
-113.917755 -84.009056 22.626194 101.000000 
-113.902321 -84.006050 22.629873 91.000000 
-113.886917 -84.003113 22.633596 88.000000 
-113.975250 -83.920952 22.630966 65.000000 
-113.885620 -83.992584 22.625412 74.000000 
-113.959549 -83.918007 22.634411 68.000000 
-114.056480 -83.829193 22.629183 73.000000 
-114.051895 -83.819580 22.623310 74.000000 
-113.939522 -83.905907 22.632111 65.000000 
-114.030167 -83.819969 22.631004 76.000000 
-114.015602 -83.816284 22.633102 78.000000 
-114.009544 -83.807610 22.628435 71.000000 
-114.002037 -83.799789 22.624918 69.000000 
-114.082886 -83.715981 22.634335 66.000000 
-113.994499 -83.791985 22.621418 72.000000 
-114.171104 -83.612312 22.632483 70.000000 
-114.153076 -83.610413 22.636261 82.000000 
-114.145012 -83.602180 22.632591 75.000000 
-114.134087 -83.595818 22.631086 75.000000 
-114.032982 -83.683632 22.625589 66.000000 
-114.129196 -83.586197 22.625492 81.000000 
-114.211426 -83.496559 22.641026 84.000000 
-114.118233 -83.579887 22.624035 78.000000 
-114.198799 -83.491035 22.640434 79.000000 
-114.092857 -83.582581 22.633223 75.000000 
-114.194206 -83.479370 22.633440 79.000000 
-114.088890 -83.571701 22.626436 72.000000 
-114.175919 -83.477791 22.637081 75.000000 
-114.084862 -83.560814 22.619659 66.000000 
-114.157677 -83.476303 22.640774 69.000000 
-114.150627 -83.467087 22.636126 72.000000 
-114.247498 -83.362679 22.642815 68.000000 
-114.143539 -83.457878 22.631493 67.000000 
-114.135025 -83.449677 22.627932 69.000000 
-114.224350 -83.349754 22.639496 66.000000 
-114.337036 -83.230408 22.639433 88.000000 
-114.215538 -83.341316 22.635847 68.000000 
-114.312500 -83.233116 22.646418 78.000000 
-114.208076 -83.331886 22.631199 65.000000 
-114.310326 -83.219193 22.637764 71.000000 
-114.193680 -83.327599 22.631676 65.000000 
-114.298355 -83.212616 22.635998 67.000000 
-114.387985 -83.101334 22.651814 69.000000 
-114.289139 -83.203964 22.632292 70.000000 
-114.384026 -83.088097 22.644215 82.000000 
-114.271622 -83.201706 22.634531 71.000000 
-114.370316 -83.082466 22.643270 78.000000 
-114.258247 -83.196335 22.633846 73.000000 
-114.352463 -83.080170 22.645214 75.000000 
-114.242142 -83.193153 22.635180 67.000000 
-114.337379 -83.075760 22.645298 70.000000 
-114.325050 -83.069206 22.643507 78.000000 
-114.315430 -83.060486 22.639835 77.000000 
-114.523666 -82.777008 22.651207 72.000000 
-114.502327 -82.777061 22.654409 72.000000 
-114.498657 -82.761971 22.646147 66.000000 
-114.484100 -82.756279 22.644995 73.000000 
-114.609756 -82.606209 22.655006 71.000000 
-114.468193 -82.751823 22.644770 73.000000 
-114.600166 -82.595467 22.650225 82.000000 
-114.449615 -82.749809 22.646366 69.000000 
-114.586494 -82.588371 22.648020 75.000000 
-114.570129 -82.583755 22.647556 72.000000 
-114.549759 -82.582848 22.649698 70.000000 
-114.538742 -82.573486 22.645891 81.000000 
-114.526367 -82.565376 22.642971 72.000000 
-114.650040 -82.409729 22.658632 70.000000 
-114.612007 -82.456017 22.656652 66.000000 
-114.603127 -82.443886 22.651146 68.000000 
-114.752213 -82.260231 22.659063 103.000000 
-114.588936 -82.436821 22.648956 73.000000 
-114.737495 -82.252785 22.656622 75.000000 
-114.722755 -82.245384 22.654215 104.000000 
-114.713249 -82.232864 22.648699 108.000000 
-114.855301 -82.048523 22.667774 112.000000 
-114.688034 -82.235916 22.652657 114.000000 
-114.846550 -82.034264 22.661461 121.000000 
-114.660286 -82.241692 22.658255 73.000000 
-114.831215 -82.026619 22.658905 121.000000 
-114.810684 -82.024330 22.659386 121.000000 
-114.796623 -82.015480 22.656160 121.000000 
-114.969177 -81.792023 22.665482 121.000000 
-114.778046 -82.012505 22.656174 122.000000 
-114.957710 -81.780563 22.660841 123.000000 
-114.931412 -81.783539 22.663857 125.000000 
-114.749207 -81.994537 22.649700 119.000000 
-114.914734 -81.775208 22.661022 126.000000 
-114.903801 -81.761986 22.655565 127.000000 
-114.885201 -81.757019 22.654438 129.000000 
-114.851212 -81.745041 22.651066 121.000000 
-113.502693 -85.079422 22.624104 81.000000 
-113.501755 -85.068794 22.615791 90.000000 
-113.498543 -85.060364 22.610195 90.000000 
-113.474419 -85.061333 22.620773 80.000000 
-113.461197 -85.055817 22.621607 85.000000 
-113.555580 -84.972710 22.616463 65.000000 
-113.457245 -85.046707 22.615723 88.000000 
-113.450401 -85.039070 22.612219 85.000000 
-113.442093 -85.032204 22.609922 94.000000 
-113.610924 -84.872940 22.618210 71.000000 
-113.430939 -85.026871 22.610033 74.000000 
-113.592018 -84.871330 22.623503 76.000000 
-113.584671 -84.863312 22.619854 76.000000 
-113.410019 -85.015579 22.609146 68.000000 
-113.578735 -84.854500 22.615097 84.000000 
-113.569901 -84.847343 22.612610 74.000000 
-113.559608 -84.841042 22.611279 72.000000 
-113.540779 -84.839767 22.616774 72.000000 
-113.533333 -84.831894 22.613237 67.000000 
-113.714577 -84.652206 22.622475 69.000000 
-113.715210 -84.638458 22.612333 77.000000 
-113.691429 -84.639999 22.620340 81.000000 
-113.674858 -84.637131 22.623062 78.000000 
-113.669678 -84.627052 22.617254 84.000000 
-113.764198 -84.530716 22.624634 90.000000 
-113.664452 -84.616982 22.611458 75.000000 
-113.744453 -84.529747 22.629164 79.000000 
-113.657158 -84.609573 22.608189 78.000000 
-113.736969 -84.522141 22.625807 67.000000 
-113.643402 -84.605057 22.608887 75.000000 
-113.728615 -84.513702 22.622095 69.000000 
-113.623215 -84.603508 22.613585 68.000000 
-113.720810 -84.503502 22.616995 75.000000 
-113.705345 -84.499916 22.618551 69.000000 
-113.687935 -84.499161 22.622606 72.000000 
-113.680916 -84.489899 22.617952 69.000000 
-113.882347 -84.274658 22.631899 76.000000 
-113.758324 -84.385307 22.629086 65.000000 
-113.867645 -84.269913 22.631969 73.000000 
-113.851547 -84.266266 22.633059 68.000000 
-113.944450 -84.138657 22.637655 69.000000 
-113.923782 -84.138168 22.641342 77.000000 
-113.912956 -84.130280 22.638458 74.000000 
-113.903496 -84.121346 22.634653 69.000000 
-113.896774 -84.110283 22.628971 67.000000 
-113.877083 -84.108543 22.631687 66.000000 
-114.069656 -83.807571 22.635078 67.000000 
-114.041428 -83.813232 22.642660 76.000000 
-114.031052 -83.803932 22.638803 73.000000 
-114.167793 -83.646889 22.643003 77.000000 
-114.017929 -83.796989 22.636747 72.000000 
-114.150108 -83.643173 22.643250 75.000000 
-114.010208 -83.785416 22.631166 69.000000 
-114.133797 -83.638329 22.642689 71.000000 
-114.122917 -83.628761 22.638765 71.000000 
-114.114708 -83.616821 22.633162 68.000000 
-114.099709 -83.610924 22.631849 83.000000 
-114.222672 -83.459167 22.649778 67.000000 
-114.078011 -83.611145 22.634857 83.000000 
-114.209938 -83.450577 22.646612 75.000000 
-114.195847 -83.443275 22.644295 73.000000 
-114.347221 -83.261421 22.652756 68.000000 
-114.153183 -83.492714 22.644440 73.000000 
-114.318832 -83.296707 22.643911 106.000000 
-114.137756 -83.486763 22.643017 70.000000 
-114.290802 -83.301758 22.649197 102.000000 
-114.266853 -83.303131 22.652206 105.000000 
-114.250908 -83.296944 22.650574 86.000000 
-114.407997 -83.101318 22.661863 109.000000 
-114.239510 -83.287476 22.646820 86.000000 
-114.394760 -83.092720 22.658686 120.000000 
-114.226166 -83.278816 22.643681 75.000000 
-114.382187 -83.082344 22.654589 123.000000 
-114.362389 -83.078033 22.654057 125.000000 
-114.352379 -83.065109 22.648531 125.000000 
-114.513412 -82.858665 22.666016 111.000000 
-114.331894 -83.062767 22.649033 124.000000 
-114.511909 -82.835884 22.655457 122.000000 
-114.492088 -82.831879 22.654848 122.000000 
-114.465187 -82.836578 22.658764 121.000000 
-114.451874 -82.825996 22.654688 124.000000 
-114.431488 -82.824120 22.655136 119.000000 
-113.029243 -86.125557 22.611847 89.000000 
-113.018242 -86.119820 22.611734 94.000000 
-113.009026 -86.113823 22.610659 91.000000 
-112.990746 -86.111694 22.616501 80.000000 
-112.983765 -86.103607 22.612770 85.000000 
-113.074776 -86.024147 22.610859 73.000000 
-112.974197 -86.097343 22.611601 85.000000 
-113.053284 -86.023628 22.618696 65.000000 
-112.970383 -86.088242 22.605715 91.000000 
-113.046387 -86.015747 22.615078 68.000000 
-112.955032 -86.084938 22.609341 80.000000 
-113.039459 -86.007874 22.611481 65.000000 
-112.942902 -86.080627 22.610804 80.000000 
-113.038635 -85.997383 22.603453 68.000000 
-113.117310 -85.921715 22.614307 80.000000 
-113.027313 -85.991821 22.603354 73.000000 
-113.113014 -85.912064 22.608389 71.000000 
-112.933311 -86.062904 22.600172 65.000000 
-113.007011 -85.990517 22.610073 68.000000 
-113.105415 -85.903595 22.604548 67.000000 
-113.000000 -85.982765 22.606562 68.000000 
-113.089470 -85.900352 22.607672 71.000000 
-113.073555 -85.897186 22.610842 72.000000 
-113.066277 -85.889236 22.607265 69.000000 
-113.157616 -85.802437 22.609995 66.000000 
-113.059334 -85.881706 22.603884 69.000000 
-113.138893 -85.801392 22.615294 70.000000 
-113.054855 -85.872154 22.598070 71.000000 
-113.131348 -85.793259 22.611652 67.000000 
-113.229172 -85.699814 22.613134 82.000000 
-113.120522 -85.786446 22.610058 69.000000 
-113.210823 -85.697159 22.616669 82.000000 
-113.121498 -85.773216 22.599831 74.000000 
-113.202972 -85.688812 22.612959 78.000000 
-113.105293 -85.770294 22.602882 72.000000 
-113.195099 -85.680496 22.609270 75.000000 
-113.276321 -85.594765 22.626661 84.000000 
-113.188622 -85.671295 22.604527 72.000000 
-113.269638 -85.585320 22.621857 85.000000 
-113.170692 -85.669304 22.608402 84.000000 
-113.261482 -85.576813 22.618107 75.000000 
-113.157059 -85.664688 22.609093 66.000000 
-113.254723 -85.567398 22.613335 67.000000 
-113.237923 -85.564537 22.615879 79.000000 
-113.338875 -85.461723 22.621759 66.000000 
-113.223999 -85.559875 22.616381 79.000000 
-113.330353 -85.453018 22.617956 70.000000 
-113.215759 -85.551491 22.612730 79.000000 
-113.316093 -85.448212 22.618212 66.000000 
-113.208900 -85.542183 22.608051 75.000000 
-113.296150 -85.447372 22.622553 68.000000 
-113.410072 -85.331894 22.623297 81.000000 
-113.284752 -85.440750 22.620865 68.000000 
-113.392624 -85.329018 22.625296 68.000000 
-113.281830 -85.428261 22.613111 68.000000 
-113.270378 -85.421692 22.611469 68.000000 
-113.363464 -85.319443 22.625513 66.000000 
-113.254707 -85.418144 22.612917 65.000000 
-113.360191 -85.306587 22.617825 68.000000 
-113.450531 -85.198433 22.634108 72.000000 
-113.348404 -85.299866 22.616043 68.000000 
-113.444099 -85.187309 22.628365 69.000000 
-113.333794 -85.295242 22.616266 66.000000 
-113.434799 -85.178307 22.624535 74.000000 
-113.320595 -85.289650 22.615538 73.000000 
-113.422661 -85.171440 22.622627 69.000000 
-113.397911 -85.174217 22.629320 66.000000 
-113.387184 -85.166412 22.626537 69.000000 
-113.380600 -85.155418 22.620913 69.000000 
-113.476105 -85.026817 22.630503 65.000000 
-113.608833 -84.882919 22.632542 73.000000 
-113.581947 -84.887032 22.639170 72.000000 
-113.569023 -84.879906 22.637033 75.000000 
-113.558853 -84.870544 22.633158 72.000000 
-113.550026 -84.860062 22.628420 66.000000 
-113.681358 -84.710564 22.636072 82.000000 
-113.537544 -84.853516 22.626562 66.000000 
-113.676743 -84.696663 22.628895 78.000000 
-113.519066 -84.851173 22.628107 65.000000 
-113.660530 -84.691696 22.628336 75.000000 
-113.642952 -84.687981 22.628670 78.000000 
-113.625389 -84.684341 22.629047 83.000000 
-113.608665 -84.679100 22.628422 72.000000 
-113.743958 -84.519348 22.638674 70.000000 
-113.599251 -84.668427 22.623737 68.000000 
-113.716446 -84.524109 22.644510 70.000000 
-113.707169 -84.513596 22.639956 68.000000 
-113.857010 -84.335747 22.648569 76.000000 
-113.698639 -84.501381 22.634405 73.000000 
-113.838524 -84.331810 22.648394 84.000000 
-113.659088 -84.546509 22.631624 70.000000 
-113.798546 -84.376648 22.645309 104.000000 
-113.784103 -84.369080 22.642874 77.000000 
-113.776337 -84.355240 22.636543 84.000000 
-113.928650 -84.167854 22.650707 120.000000 
-113.763168 -84.346474 22.633381 87.000000 
-113.914963 -84.158684 22.647335 123.000000 
-113.736710 -84.350464 22.638145 71.000000 
-113.893265 -84.157303 22.648485 124.000000 
-113.875580 -84.152130 22.647438 122.000000 
-113.849976 -84.154831 22.650944 122.000000 
-114.031502 -83.932190 22.656656 121.000000 
-113.833649 -84.148514 22.649239 111.000000 
-114.019798 -83.920105 22.651779 125.000000 
-113.987038 -83.929329 22.658340 123.000000 
-113.974014 -83.918709 22.654259 123.000000 
-113.963554 -83.905441 22.648777 123.000000 
-113.949142 -83.896217 22.645473 106.000000 
-112.538139 -87.155205 22.596712 85.000000 
-112.525734 -87.150047 22.597795 94.000000 
-112.503090 -87.149750 22.607162 94.000000 
-112.502396 -87.139214 22.598886 97.000000 
-112.600327 -87.058029 22.592463 78.000000 
-112.494026 -87.131737 22.596348 85.000000 
-112.578476 -87.056801 22.600092 83.000000 
-112.491776 -87.121880 22.589266 97.000000 
-112.573120 -87.048073 22.595306 71.000000 
-112.478226 -87.118042 22.591864 91.000000 
-112.566620 -87.040489 22.591867 68.000000 
-112.461479 -87.115303 22.596704 94.000000 
-112.562653 -87.031044 22.585957 75.000000 
-112.640854 -86.957039 22.598099 76.000000 
-112.456268 -87.106926 22.592058 77.000000 
-112.549927 -87.026062 22.586998 71.000000 
-112.620567 -86.955803 22.604515 83.000000 
-112.452446 -87.097839 22.586229 69.000000 
-112.525635 -87.027122 22.597353 67.000000 
-112.623688 -86.942253 22.592995 78.000000 
-112.518379 -87.018883 22.593660 70.000000 
-112.608894 -86.937622 22.594801 76.000000 
-112.517197 -87.008018 22.585505 68.000000 
-112.593018 -86.934250 22.597961 72.000000 
-112.585838 -86.926208 22.594379 71.000000 
-112.678276 -86.840576 22.597139 66.000000 
-112.575752 -86.919785 22.593081 72.000000 
-112.662102 -86.837234 22.600046 69.000000 
-112.570328 -86.911392 22.588579 78.000000 
-112.655022 -86.829407 22.596579 70.000000 
-112.555901 -86.907440 22.590742 72.000000 
-112.644653 -86.822853 22.595152 72.000000 
-112.730278 -86.738129 22.606136 88.000000 
-112.640038 -86.812988 22.589334 74.000000 
-112.724007 -86.728828 22.601355 77.000000 
-112.623871 -86.809868 22.592381 79.000000 
-112.716248 -86.720413 22.597660 72.000000 
-112.613464 -86.803429 22.591036 79.000000 
-112.707008 -86.712891 22.595057 68.000000 
-112.791992 -86.626236 22.610235 84.000000 
-112.696312 -86.706284 22.593552 75.000000 
-112.779602 -86.620346 22.609592 89.000000 
-112.674126 -86.706795 22.600689 66.000000 
-112.775871 -86.609039 22.602743 82.000000 
-112.664871 -86.699409 22.598179 72.000000 
-112.759125 -86.605972 22.605278 79.000000 
-112.739525 -86.604828 22.609949 79.000000 
-112.732857 -86.595451 22.605257 75.000000 
-112.835899 -86.492645 22.609583 68.000000 
-112.720032 -86.589378 22.604593 69.000000 
-112.815559 -86.491135 22.613731 70.000000 
-112.717552 -86.577240 22.596792 69.000000 
-112.807137 -86.482468 22.610018 70.000000 
-112.801529 -86.471878 22.604294 70.000000 
-112.896149 -86.371132 22.618401 67.000000 
-112.795876 -86.461304 22.598583 68.000000 
-112.887383 -86.362236 22.614613 68.000000 
-112.782089 -86.457008 22.599182 72.000000 
-112.879021 -86.353798 22.611036 68.000000 
-112.765060 -86.454308 22.601679 70.000000 
-112.965416 -86.234314 22.620249 66.000000 
-112.858055 -86.337692 22.605354 68.000000 
-112.960526 -86.222099 22.613577 67.000000 
-112.840698 -86.334991 22.607582 68.000000 
-112.829437 -86.328720 22.606081 78.000000 
-113.016197 -86.078308 22.621458 65.000000 
-112.893181 -86.192810 22.609108 66.000000 
-113.003784 -86.071236 22.619473 71.000000 
-112.996956 -86.059845 22.613834 71.000000 
-112.984489 -86.052841 22.611902 67.000000 
-113.102776 -85.922234 22.623299 68.000000 
-112.972008 -86.045883 22.610003 71.000000 
-113.098312 -85.908241 22.615873 67.000000 
-113.086807 -85.899887 22.612892 75.000000 
-113.068344 -85.897232 22.614384 69.000000 
-113.203918 -85.746788 22.620104 71.000000 
-113.049019 -85.896263 22.616999 66.000000 
-113.191101 -85.739807 22.618040 85.000000 
-113.034744 -85.890343 22.615908 75.000000 
-113.172203 -85.737045 22.619221 78.000000 
-113.143677 -85.742554 22.626429 75.000000 
-113.135857 -85.730598 22.620871 72.000000 
-113.127975 -85.718651 22.615330 72.000000 
-113.253853 -85.569954 22.631851 72.000000 
-113.117317 -85.709084 22.611528 86.000000 
-113.242790 -85.560028 22.627911 77.000000 
-113.225685 -85.554482 22.627085 70.000000 
-113.370972 -85.384888 22.639462 79.000000 
-113.217293 -85.542213 22.621559 77.000000 
-113.363487 -85.370926 22.633076 116.000000 
-113.196655 -85.540924 22.623474 73.000000 
-113.342339 -85.369370 22.634542 111.000000 
-113.330711 -85.359192 22.630564 105.000000 
-113.290482 -85.403801 22.628464 102.000000 
-113.444611 -85.218140 22.642117 112.000000 
-113.268044 -85.403732 22.630859 84.000000 
-113.435104 -85.205048 22.636538 124.000000 
-113.255028 -85.394951 22.627775 87.000000 
-113.412117 -85.204773 22.638475 123.000000 
-113.387833 -85.205879 22.641218 122.000000 
-113.369553 -85.202461 22.641209 121.000000 
-113.553947 -84.979950 22.645559 118.000000 
-113.361282 -85.188255 22.635012 123.000000 
-113.530426 -84.979599 22.647123 122.000000 
-113.516220 -84.970131 22.643747 122.000000 
-113.499344 -84.963348 22.641836 123.000000 
-113.487717 -84.951324 22.637096 121.000000 
-113.469498 -84.945976 22.635981 123.000000 
-113.452591 -84.939362 22.634186 108.000000 
-112.063927 -88.162567 22.572784 74.000000 
-112.064720 -88.151192 22.563255 86.000000 
-112.055176 -88.144539 22.561964 80.000000 
-112.035378 -88.142723 22.568960 90.000000 
-112.122215 -88.067162 22.572515 70.000000 
-112.021126 -88.137848 22.571106 86.000000 
-112.117981 -88.057144 22.566338 73.000000 
-112.020309 -88.127197 22.562813 83.000000 
-112.100830 -88.054047 22.570705 68.000000 
-112.008163 -88.122505 22.564186 80.000000 
-112.004364 -88.113251 22.558287 83.000000 
-112.170601 -87.961975 22.573000 76.000000 
-112.156471 -87.957901 22.575073 83.000000 
-112.147858 -87.950409 22.572506 84.000000 
-112.141785 -87.940971 22.567528 76.000000 
-112.131660 -87.934303 22.566132 74.000000 
-112.213348 -87.855247 22.578707 79.000000 
-112.127693 -87.924942 22.560421 74.000000 
-112.209213 -87.845619 22.572973 79.000000 
-112.100159 -87.927803 22.572659 69.000000 
-112.195900 -87.840462 22.573647 76.000000 
-112.092560 -87.919296 22.568914 76.000000 
-112.185120 -87.833305 22.571972 83.000000 
-112.171806 -87.828262 22.572714 81.000000 
-112.277061 -87.732468 22.570526 67.000000 
-112.164276 -87.819954 22.569078 81.000000 
-112.266335 -87.725563 22.568892 77.000000 
-112.156715 -87.811661 22.565462 72.000000 
-112.243973 -87.725616 22.575842 72.000000 
-112.149124 -87.803383 22.561865 70.000000 
-112.233261 -87.718834 22.574284 72.000000 
-112.331985 -87.624191 22.580799 90.000000 
-112.229752 -87.707726 22.567383 81.000000 
-112.319519 -87.618118 22.580109 85.000000 
-112.221863 -87.699242 22.563719 84.000000 
-112.307045 -87.612099 22.579453 79.000000 
-112.205338 -87.696083 22.566540 78.000000 
-112.300354 -87.602493 22.574667 75.000000 
-112.191689 -87.691216 22.567247 68.000000 
-112.290733 -87.594727 22.571981 82.000000 
-112.383301 -87.499489 22.585749 69.000000 
-112.269600 -87.594345 22.577682 72.000000 
-112.373405 -87.491524 22.582943 70.000000 
-112.366356 -87.481682 22.578142 75.000000 
-112.246040 -87.581825 22.575619 67.000000 
-112.350655 -87.477585 22.579432 71.000000 
-112.463638 -87.365257 22.582987 75.000000 
-112.330238 -87.476006 22.583616 75.000000 
-112.452904 -87.356636 22.579895 94.000000 
-112.324570 -87.465309 22.577885 73.000000 
-112.441147 -87.349503 22.578001 70.000000 
-112.316429 -87.457001 22.574385 77.000000 
-112.421234 -87.348824 22.582207 70.000000 
-112.302155 -87.452164 22.574800 67.000000 
-112.415192 -87.337799 22.576456 68.000000 
-112.508759 -87.229477 22.592634 78.000000 
-112.400566 -87.332809 22.576624 70.000000 
-112.499535 -87.220207 22.588762 74.000000 
-112.388771 -87.325859 22.574858 76.000000 
-112.490273 -87.210960 22.584913 74.000000 
-112.376968 -87.318947 22.573122 71.000000 
-112.486656 -87.197571 22.577286 72.000000 
-112.461288 -87.199394 22.583763 77.000000 
-112.579094 -87.074036 22.592030 74.000000 
-112.446320 -87.194458 22.583815 77.000000 
-112.578400 -87.058586 22.582832 69.000000 
-112.431831 -87.190033 22.584091 81.000000 
-112.560196 -87.055588 22.584446 66.000000 
-112.526649 -87.047646 22.585970 67.000000 
-112.658485 -86.907112 22.590532 72.000000 
-112.520172 -87.036598 22.580526 69.000000 
-112.637093 -86.906342 22.593658 76.000000 
-112.624138 -86.898949 22.591530 73.000000 
-112.608368 -86.893845 22.591206 73.000000 
-112.736488 -86.750534 22.603064 89.000000 
-112.600952 -86.882027 22.585588 75.000000 
-112.731476 -86.735992 22.595682 75.000000 
-112.587936 -86.874756 22.583553 75.000000 
-112.719437 -86.727242 22.592567 72.000000 
-112.712921 -86.713875 22.586073 78.000000 
-112.686996 -86.716850 22.591557 72.000000 
-112.823067 -86.561935 22.604828 72.000000 
-112.669411 -86.712929 22.591969 71.000000 
-112.805031 -86.557739 22.604885 68.000000 
-112.793877 -86.547615 22.600899 66.000000 
-112.771729 -86.547157 22.603497 68.000000 
-112.763283 -86.534721 22.597935 66.000000 
-112.923660 -86.350899 22.602671 103.000000 
-112.752617 -86.525215 22.594236 73.000000 
-112.902939 -86.349602 22.604277 106.000000 
-112.883018 -86.346626 22.604946 115.000000 
-112.863312 -86.341469 22.604483 111.000000 
-112.833153 -86.377869 22.597862 108.000000 
-112.991951 -86.188156 22.610622 114.000000 
-112.817886 -86.371857 22.596489 81.000000 
-112.980217 -86.177963 22.606722 121.000000 
-112.962456 -86.172379 22.605640 121.000000 
-112.948708 -86.163017 22.602348 121.000000 
-112.922920 -86.165268 22.605862 123.000000 
-113.112686 -85.939072 22.609997 118.000000 
-112.901192 -86.163765 22.607176 101.000000 
-113.096939 -85.930618 22.607252 122.000000 
-113.073219 -85.930107 22.608829 124.000000 
-113.056152 -85.923096 22.606886 124.000000 
-113.043022 -85.912186 22.602833 123.000000 
-113.029205 -85.903175 22.599728 120.000000 
-111.610878 -89.179680 22.558624 74.000000 
-111.593933 -89.176102 22.563034 86.000000 
-111.581451 -89.170624 22.563990 80.000000 
-111.577835 -89.161186 22.557957 86.000000 
-111.568283 -89.154434 22.556623 86.000000 
-111.649986 -89.081802 22.565807 67.000000 
-111.564598 -89.145012 22.550615 80.000000 
-111.646133 -89.072098 22.559767 73.000000 
-111.549141 -89.141052 22.554035 86.000000 
-111.639275 -89.063805 22.556019 73.000000 
-111.536629 -89.135796 22.555140 80.000000 
-111.630905 -89.056252 22.553434 82.000000 
-111.521202 -89.131989 22.558645 86.000000 
-111.618111 -89.050888 22.554314 82.000000 
-111.703552 -88.974022 22.563601 66.000000 
-111.597977 -89.049217 22.560980 73.000000 
-111.703812 -88.961800 22.554237 76.000000 
-111.513588 -89.113327 22.546803 71.000000 
-111.589592 -89.041801 22.558487 71.000000 
-111.684822 -88.959412 22.559389 72.000000 
-111.503937 -89.106834 22.545650 68.000000 
-111.670273 -88.954826 22.561237 81.000000 
-111.763290 -88.870613 22.567335 67.000000 
-111.663078 -88.946472 22.557520 78.000000 
-111.744026 -88.868362 22.572186 72.000000 
-111.651825 -88.940872 22.557377 71.000000 
-111.736969 -88.860222 22.568579 70.000000 
-111.643120 -88.933342 22.554829 81.000000 
-111.732452 -88.850067 22.562622 65.000000 
-111.632942 -88.926628 22.553432 78.000000 
-111.719086 -88.844772 22.563225 66.000000 
-111.711578 -88.836273 22.559490 72.000000 
-111.800140 -88.750801 22.571314 67.000000 
-111.701118 -88.829437 22.557968 70.000000 
-111.792374 -88.742081 22.567490 67.000000 
-111.681931 -88.827599 22.563063 70.000000 
-111.781639 -88.735077 22.565809 67.000000 
-111.769432 -88.728973 22.565224 72.000000 
-111.874931 -88.631050 22.568819 106.000000 
-111.758675 -88.722054 22.563604 78.000000 
-111.871208 -88.619438 22.561844 92.000000 
-111.750809 -88.713448 22.559874 78.000000 
-111.857193 -88.614075 22.562101 92.000000 
-111.740021 -88.706596 22.558306 78.000000 
-111.831528 -88.615967 22.570669 79.000000 
-111.828766 -88.603088 22.562540 79.000000 
-111.925095 -88.506165 22.575510 74.000000 
-111.813309 -88.598816 22.563950 75.000000 
-111.910797 -88.500824 22.575617 75.000000 
-111.815193 -88.583656 22.552917 92.000000 
-111.903763 -88.490837 22.570747 70.000000 
-111.793953 -88.583138 22.558554 72.000000 
-111.892342 -88.483704 22.568911 66.000000 
-111.997589 -88.377472 22.579653 82.000000 
-111.879463 -88.477554 22.568110 65.000000 
-111.991661 -88.366234 22.573769 89.000000 
-111.866570 -88.471458 22.567343 68.000000 
-111.981331 -88.357933 22.570812 76.000000 
-111.848373 -88.469696 22.570843 75.000000 
-111.972870 -88.349144 22.567102 82.000000 
-111.958168 -88.343872 22.567120 76.000000 
-112.063721 -88.227081 22.576895 65.000000 
-111.935852 -88.343178 22.571871 73.000000 
-112.048683 -88.221680 22.576681 69.000000 
-111.928337 -88.333061 22.567080 76.000000 
-112.030769 -88.218391 22.578390 69.000000 
-112.018608 -88.211060 22.576372 67.000000 
-112.012138 -88.199638 22.570602 74.000000 
-112.123878 -88.079819 22.585039 65.000000 
-112.002769 -88.190300 22.566744 72.000000 
-112.114189 -88.070168 22.581051 65.000000 
-112.097542 -88.048790 22.571323 65.000000 
-112.209633 -87.925285 22.591124 68.000000 
-112.198090 -87.916489 22.587954 75.000000 
-112.055344 -88.046974 22.578171 65.000000 
-112.190765 -87.904411 22.582182 83.000000 
-112.177734 -87.896782 22.579943 78.000000 
-112.153435 -87.898132 22.584778 76.000000 
-112.308121 -87.734764 22.583014 94.000000 
-112.143219 -87.888397 22.580853 78.000000 
-112.290390 -87.730293 22.583122 75.000000 
-112.138557 -87.874184 22.573416 69.000000 
-112.264252 -87.732796 22.588341 71.000000 
-112.258293 -87.719780 22.581980 75.000000 
-112.244766 -87.712051 22.579674 75.000000 
-112.381538 -87.556984 22.594629 72.000000 
-112.232605 -87.703209 22.576550 81.000000 
-112.371750 -87.545410 22.589695 66.000000 
-112.354965 -87.539803 22.588840 66.000000 
-112.343147 -87.528969 22.584574 75.000000 
-112.492241 -87.358658 22.599754 105.000000 
-112.326347 -87.523476 22.583797 84.000000 
-112.487404 -87.341843 22.591684 110.000000 
-112.471451 -87.334824 22.589830 105.000000 
-112.460983 -87.322937 22.584908 102.000000 
-112.432678 -87.327110 22.590134 115.000000 
-112.607140 -87.125771 22.597818 121.000000 
-112.389801 -87.374214 22.590832 114.000000 
-112.563744 -87.172539 22.598167 124.000000 
-112.539040 -87.172920 22.600609 122.000000 
-112.521179 -87.167068 22.599396 123.000000 
-112.508720 -87.156204 22.595251 123.000000 
-112.687355 -86.944099 22.609245 122.000000 
-112.501617 -87.140266 22.588154 122.000000 
-112.674271 -86.932755 22.604939 122.000000 
-112.480301 -87.138954 22.589497 109.000000 
-112.661804 -86.922012 22.600876 125.000000 
-112.643280 -86.915962 22.599459 123.000000 
-112.624092 -86.909424 22.597878 125.000000 
-112.605568 -86.903511 22.596550 123.000000 
-112.594994 -86.889763 22.590996 66.000000 
-111.094223 -90.192940 22.554899 78.000000 
-111.090706 -90.183411 22.548836 90.000000 
-111.088631 -90.173225 22.541615 86.000000 
-111.079094 -90.166328 22.540245 83.000000 
-111.067253 -90.161613 22.541613 83.000000 
-111.154015 -90.087234 22.547785 65.000000 
-111.050331 -90.158157 22.546167 94.000000 
-111.147202 -90.078835 22.544012 65.000000 
-111.037186 -90.151955 22.546883 80.000000 
-111.132256 -90.073128 22.545593 65.000000 
-111.030556 -90.143883 22.543282 91.000000 
-111.027161 -90.134865 22.537516 65.000000 
-111.111488 -90.060448 22.544081 73.000000 
-111.210876 -89.977364 22.543633 76.000000 
-111.019012 -90.127518 22.535126 68.000000 
-111.100174 -90.054329 22.543850 68.000000 
-111.188896 -89.976265 22.550961 74.000000 
-111.093613 -90.046486 22.540379 68.000000 
-111.183601 -89.967430 22.546268 81.000000 
-111.080818 -90.041168 22.541355 65.000000 
-111.176437 -89.958946 22.542521 78.000000 
-111.255264 -89.882858 22.560009 69.000000 
-111.165581 -89.951149 22.540661 78.000000 
-111.250114 -89.871727 22.553635 72.000000 
-111.152496 -89.945778 22.541445 87.000000 
-111.245644 -89.861458 22.547655 70.000000 
-111.135025 -89.942780 22.545639 72.000000 
-111.238174 -89.852791 22.543863 72.000000 
-111.127785 -89.934425 22.541996 72.000000 
-111.221855 -89.848969 22.546637 69.000000 
-111.317215 -89.760719 22.554838 67.000000 
-111.202614 -89.846840 22.551641 69.000000 
-111.309464 -89.751846 22.550982 67.000000 
-111.192192 -89.839928 22.550129 69.000000 
-111.400459 -89.636703 22.547901 66.000000 
-111.271385 -89.733864 22.550163 65.000000 
-111.387909 -89.630219 22.547052 85.000000 
-111.266472 -89.723412 22.544277 65.000000 
-111.360649 -89.632607 22.556522 69.000000 
-111.241982 -89.711166 22.543236 65.000000 
-111.333282 -89.607475 22.547096 69.000000 
-111.320724 -89.601257 22.546421 75.000000 
-111.426254 -89.498947 22.553692 66.000000 
-111.305252 -89.596901 22.547855 82.000000 
-111.414833 -89.491631 22.551811 70.000000 
-111.294128 -89.589882 22.546209 69.000000 
-111.397575 -89.488098 22.553972 70.000000 
-111.522606 -89.369781 22.552708 76.000000 
-111.380341 -89.484642 22.556181 72.000000 
-111.510803 -89.362251 22.550667 84.000000 
-111.370346 -89.476540 22.553398 75.000000 
-111.488808 -89.361572 22.555445 73.000000 
-111.360336 -89.468468 22.550640 71.000000 
-111.475555 -89.355133 22.554451 85.000000 
-111.463737 -89.347771 22.552519 79.000000 
-111.451912 -89.340446 22.550615 79.000000 
-111.448685 -89.327217 22.542877 85.000000 
-111.433929 -89.321945 22.542982 65.000000 
-111.539253 -89.207153 22.554413 66.000000 
-111.521301 -89.203804 22.556175 66.000000 
-111.650246 -89.073402 22.561491 71.000000 
-111.501007 -89.200630 22.558546 72.000000 
-111.645287 -89.058365 22.553446 76.000000 
-111.491646 -89.191231 22.554720 72.000000 
-111.621185 -89.059158 22.558538 69.000000 
-111.606682 -89.054649 22.558620 73.000000 
-111.737801 -88.917030 22.567503 73.000000 
-111.594055 -89.047081 22.556522 71.000000 
-111.724777 -88.909142 22.565176 69.000000 
-111.587074 -89.035263 22.550797 66.000000 
-111.700340 -88.910088 22.569880 73.000000 
-111.692986 -88.897911 22.564125 69.000000 
-111.685585 -88.885750 22.558390 69.000000 
-111.815933 -88.743156 22.573034 94.000000 
-111.672485 -88.878036 22.556192 69.000000 
-111.808098 -88.730583 22.567251 81.000000 
-111.656937 -88.870506 22.554522 66.000000 
-111.796310 -88.719276 22.562765 81.000000 
-111.786957 -88.707878 22.557871 86.000000 
-111.766365 -88.705704 22.559767 78.000000 
-111.912628 -88.544044 22.570894 74.000000 
-111.738823 -88.709396 22.565954 71.000000 
-111.898582 -88.535812 22.568361 73.000000 
-111.877533 -88.533546 22.569908 70.000000 
-111.856522 -88.531372 22.571508 66.000000 
-112.029060 -88.342438 22.575129 75.000000 
-111.842461 -88.523331 22.569096 66.000000 
-112.017235 -88.331520 22.570898 114.000000 
-111.987358 -88.336456 22.576754 115.000000 
-111.974136 -88.326889 22.573380 111.000000 
-111.963646 -88.314903 22.568485 115.000000 
-112.125656 -88.126640 22.584837 115.000000 
-111.948982 -88.306633 22.565950 115.000000 
-112.115974 -88.112946 22.579098 123.000000 
-112.096642 -88.108063 22.578554 123.000000 
-112.060097 -88.146393 22.572758 123.000000 
-112.035316 -88.146698 22.575274 120.000000 
-112.222855 -87.927010 22.585999 121.000000 
-112.018715 -88.139496 22.573381 123.000000 
-112.217850 -87.907730 22.577461 125.000000 
-112.196510 -87.903954 22.577385 127.000000 
-112.163055 -87.911957 22.583712 128.000000 
-112.152542 -87.897972 22.578093 127.000000 
-112.139290 -87.886627 22.573919 125.000000 
-110.587418 -91.226448 22.544460 78.000000 
-110.585556 -91.216278 22.537199 86.000000 
-110.576157 -91.209251 22.535767 86.000000 
-110.573044 -91.200127 22.529879 77.000000 
-110.557640 -91.195717 22.533167 83.000000 
-110.539284 -91.192688 22.538847 83.000000 
-110.635651 -91.115486 22.537676 68.000000 
-110.535774 -91.183228 22.532835 83.000000 
-110.628952 -91.107056 22.533890 65.000000 
-110.532227 -91.173759 22.526833 86.000000 
-110.513893 -91.170921 22.532627 83.000000 
-110.600594 -91.097137 22.537815 65.000000 
-110.590881 -91.090195 22.536398 65.000000 
-110.682053 -91.012733 22.542231 76.000000 
-110.672081 -91.005623 22.540655 71.000000 
-110.665077 -90.997086 22.536877 76.000000 
-110.555763 -91.072441 22.536922 68.000000 
-110.658035 -90.988571 22.533115 69.000000 
-110.739052 -90.912697 22.549158 69.000000 
-110.645042 -90.983040 22.533855 74.000000 
-110.728806 -90.905510 22.547487 72.000000 
-110.626144 -90.980560 22.539122 69.000000 
-110.727470 -90.893715 22.539324 72.000000 
-110.616119 -90.973656 22.537693 72.000000 
-110.697968 -90.884193 22.542646 69.000000 
-110.806061 -90.790787 22.541857 70.000000 
-110.789505 -90.786766 22.544319 67.000000 
-110.680283 -90.868576 22.537367 66.000000 
-110.778900 -90.779533 22.542591 65.000000 
-110.768288 -90.772346 22.540894 65.000000 
-110.877243 -90.675545 22.543797 79.000000 
-110.757652 -90.765190 22.539223 67.000000 
-110.863342 -90.669846 22.543972 85.000000 
-110.752113 -90.753853 22.532938 67.000000 
-110.850121 -90.662445 22.542767 79.000000 
-110.737030 -90.749290 22.534523 72.000000 
-110.842125 -90.653389 22.538893 82.000000 
-110.721962 -90.744797 22.536150 72.000000 
-110.837036 -90.642616 22.532972 82.000000 
-110.817223 -90.640625 22.537420 82.000000 
-110.922569 -90.540756 22.545477 72.000000 
-110.805565 -90.635208 22.537111 85.000000 
-110.920959 -90.528786 22.537943 70.000000 
-110.793098 -90.628944 22.536457 79.000000 
-110.903748 -90.525009 22.540043 68.000000 
-110.882156 -90.524071 22.545200 65.000000 
-111.008377 -90.407349 22.543436 76.000000 
-110.869377 -90.517700 22.544380 68.000000 
-110.999641 -90.397842 22.539442 84.000000 
-110.866791 -90.504883 22.536535 70.000000 
-110.970352 -90.401718 22.549061 79.000000 
-110.855423 -90.497643 22.534756 70.000000 
-110.964531 -90.390404 22.543198 71.000000 
-110.954865 -90.380089 22.538908 76.000000 
-111.055519 -90.270363 22.553747 65.000000 
-110.947495 -90.369766 22.534054 73.000000 
-111.056068 -90.255722 22.544523 69.000000 
-110.932281 -90.366226 22.535477 70.000000 
-111.038170 -90.252075 22.546192 67.000000 
-111.023193 -90.246506 22.546021 67.000000 
-111.008217 -90.240997 22.545889 67.000000 
-111.143776 -90.107529 22.546825 68.000000 
-110.996117 -90.233521 22.543903 69.000000 
-111.125496 -90.103867 22.548235 66.000000 
-110.986885 -90.224052 22.540049 67.000000 
-111.104340 -90.102379 22.551512 73.000000 
-111.091858 -90.094696 22.549372 67.000000 
-111.229149 -89.955978 22.555183 73.000000 
-111.082230 -90.084953 22.545437 69.000000 
-111.075417 -90.073112 22.539694 66.000000 
-111.197578 -89.944382 22.554031 65.000000 
-111.176003 -89.925407 22.546881 67.000000 
-111.316368 -89.777687 22.555897 100.000000 
-111.164452 -89.916519 22.543789 76.000000 
-111.307259 -89.766182 22.550920 81.000000 
-111.142960 -89.915367 22.546911 73.000000 
-111.296677 -89.755814 22.546814 71.000000 
-111.277550 -89.752251 22.547804 68.000000 
-111.254204 -89.752167 22.551388 75.000000 
-111.414894 -89.581963 22.554480 69.000000 
-111.243584 -89.741951 22.547386 75.000000 
-111.234329 -89.730629 22.542559 67.000000 
-111.507813 -89.382698 22.561655 109.000000 
-111.489136 -89.377762 22.561314 115.000000 
-111.477455 -89.366882 22.557135 116.000000 
-111.471283 -89.351189 22.549868 116.000000 
-111.447037 -89.351273 22.552763 111.000000 
-111.628563 -89.148445 22.558580 121.000000 
-111.429741 -89.345383 22.551805 105.000000 
-111.606522 -89.145836 22.559484 123.000000 
-111.588646 -89.139587 22.558216 122.000000 
-111.563896 -89.139648 22.560711 121.000000 
-111.521919 -89.183105 22.557018 123.000000 
-111.715294 -88.961288 22.564629 122.000000 
-111.510887 -89.170792 22.552149 120.000000 
-111.698166 -88.953514 22.562420 123.000000 
-111.679718 -88.944641 22.559826 123.000000 
-111.665276 -88.934418 22.556286 124.000000 
-111.656174 -88.921509 22.551067 123.000000 
-111.634918 -88.917831 22.551153 118.000000 
-111.609657 -88.918137 22.553429 111.000000 
-110.048775 -92.266716 22.539255 78.000000 
-110.047150 -92.256645 22.531986 86.000000 
-110.038551 -92.250404 22.530924 86.000000 
-110.032326 -92.242149 22.527176 86.000000 
-110.015251 -92.237808 22.531448 90.000000 
-110.109749 -92.163986 22.532040 70.000000 
-110.003006 -92.232109 22.532440 94.000000 
-110.101761 -92.156174 22.529358 73.000000 
-109.991074 -92.226868 22.533651 101.000000 
-110.094086 -92.148819 22.526888 65.000000 
-109.984779 -92.218758 22.530005 91.000000 
-110.075523 -92.145668 22.532248 65.000000 
-109.981750 -92.209801 22.524199 80.000000 
-110.066330 -92.139053 22.530981 68.000000 
-110.160164 -92.062935 22.535103 71.000000 
-110.147362 -92.057114 22.535709 76.000000 
-110.140251 -92.048126 22.531704 69.000000 
-110.034363 -92.119125 22.528896 68.000000 
-110.127434 -92.042404 22.532377 76.000000 
-110.123947 -92.032906 22.526560 71.000000 
-110.111115 -92.027267 22.527288 71.000000 
-110.094955 -92.022713 22.530117 66.000000 
-110.194359 -91.939316 22.531706 66.000000 
-110.085106 -92.015747 22.528673 74.000000 
-110.262863 -91.832115 22.532804 72.000000 
-110.246445 -91.827988 22.535297 72.000000 
-110.243492 -91.816742 22.528273 77.000000 
-110.340187 -91.729385 22.539648 84.000000 
-110.230049 -91.811119 22.528709 72.000000 
-110.323463 -91.725258 22.541876 79.000000 
-110.221069 -91.803131 22.525982 78.000000 
-110.312752 -91.717865 22.540031 82.000000 
-110.210205 -91.795540 22.524158 75.000000 
-110.304619 -91.708382 22.535955 69.000000 
-110.296837 -91.699371 22.532095 69.000000 
-110.385780 -91.612312 22.551319 66.000000 
-110.281990 -91.695084 22.533630 75.000000 
-110.384132 -91.600029 22.543573 68.000000 
-110.260857 -91.693832 22.539169 65.000000 
-110.373070 -91.592560 22.541647 70.000000 
-110.253036 -91.684952 22.535400 69.000000 
-110.357536 -91.587784 22.542759 65.000000 
-110.469727 -91.468979 22.540823 76.000000 
-110.333885 -91.573967 22.540073 66.000000 
-110.453835 -91.464104 22.541677 78.000000 
-110.437950 -91.459305 22.542574 67.000000 
-110.426079 -91.451309 22.540396 68.000000 
-110.420509 -91.440071 22.534536 67.000000 
-110.524536 -91.332016 22.547380 69.000000 
-110.412376 -91.431198 22.530846 67.000000 
-110.515686 -91.322372 22.543379 72.000000 
-110.397934 -91.425659 22.530901 67.000000 
-110.502388 -91.315681 22.542229 66.000000 
-110.489082 -91.309036 22.541113 67.000000 
-110.610199 -91.173668 22.541447 68.000000 
-110.546593 -91.152748 22.541882 65.000000 
-110.678062 -91.021637 22.550383 72.000000 
-110.663956 -91.014725 22.548950 66.000000 
-110.654198 -91.004684 22.544912 65.000000 
-110.642952 -90.995735 22.541782 72.000000 
-110.780975 -90.854050 22.551744 79.000000 
-110.627365 -90.990036 22.541334 75.000000 
-110.776543 -90.839302 22.544226 78.000000 
-110.604599 -90.989769 22.545357 68.000000 
-110.760498 -90.833328 22.543489 72.000000 
-110.741577 -90.829620 22.544491 75.000000 
-110.722679 -90.826004 22.545540 75.000000 
-110.874245 -90.667946 22.553408 69.000000 
-110.711845 -90.815285 22.541325 75.000000 
-110.858650 -90.660179 22.551455 73.000000 
-110.698654 -90.807335 22.539047 75.000000 
-110.836441 -90.658699 22.553814 66.000000 
-110.819969 -90.652748 22.552969 68.000000 
-110.804909 -90.645706 22.551350 68.000000 
-110.967262 -90.473412 22.559896 103.000000 
-110.955956 -90.462509 22.555679 104.000000 
-110.947433 -90.449272 22.549931 75.000000 
-110.938019 -90.437775 22.545193 106.000000 
-110.922371 -90.430511 22.543404 104.000000 
-111.088486 -90.246796 22.557028 121.000000 
-110.899139 -90.428741 22.545376 108.000000 
-111.070305 -90.239838 22.555510 119.000000 
-111.052727 -90.233513 22.554247 119.000000 
-111.032951 -90.230255 22.554733 119.000000 
-111.016762 -90.222847 22.552813 121.000000 
-111.209702 -90.008957 22.560596 121.000000 
-111.004715 -90.211792 22.548677 121.000000 
-111.190109 -90.003624 22.559803 122.000000 
-111.176064 -89.993332 22.556213 124.000000 
-111.165482 -89.978729 22.550310 124.000000 
-111.117294 -90.026764 22.549156 124.000000 
-111.101074 -90.019722 22.547318 124.000000 
-109.533371 -93.279015 22.519894 68.000000 
-109.530327 -93.269501 22.513739 74.000000 
-109.519638 -93.262909 22.513395 98.000000 
-109.495308 -93.261711 22.523552 94.000000 
-109.487663 -93.254066 22.520962 88.000000 
-109.590439 -93.178040 22.516020 70.000000 
-109.489037 -93.242828 22.511385 97.000000 
-109.571869 -93.174568 22.521217 65.000000 
-109.475311 -93.237640 22.513504 88.000000 
-109.469086 -93.229454 22.509800 101.000000 
-109.450867 -93.226227 22.515514 67.000000 
-109.644150 -93.075096 22.516514 66.000000 
-109.540092 -93.143417 22.510550 68.000000 
-109.635941 -93.067101 22.513721 76.000000 
-109.517067 -93.142265 22.519392 73.000000 
-109.629227 -93.058449 22.509844 69.000000 
-109.509087 -93.134621 22.516829 68.000000 
-109.613411 -93.053947 22.512659 67.000000 
-109.597603 -93.049522 22.515520 71.000000 
-109.692245 -92.970284 22.522146 66.000000 
-109.591179 -93.041412 22.511913 67.000000 
-109.581383 -93.034294 22.510374 74.000000 
-109.737129 -92.851349 22.522943 67.000000 
-109.734337 -92.840080 22.515860 72.000000 
-109.725464 -92.831924 22.513020 77.000000 
-109.815346 -92.749420 22.529741 79.000000 
-109.707558 -92.828537 22.516569 75.000000 
-109.813789 -92.737007 22.521658 100.000000 
-109.691185 -92.824440 22.519106 84.000000 
-109.807648 -92.727028 22.516659 79.000000 
-109.685272 -92.814835 22.514231 72.000000 
-109.784920 -92.726128 22.522991 79.000000 
-109.771233 -92.720375 22.523201 79.000000 
-109.760544 -92.713005 22.521383 79.000000 
-109.864998 -92.618034 22.530460 70.000000 
-109.754318 -92.703163 22.516489 72.000000 
-109.845009 -92.615662 22.534460 70.000000 
-109.745064 -92.695015 22.513687 79.000000 
-109.840019 -92.604675 22.528513 68.000000 
-109.829010 -92.597198 22.526588 66.000000 
-109.947289 -92.490479 22.530617 95.000000 
-109.820961 -92.588005 22.522686 66.000000 
-109.937447 -92.481850 22.527538 70.000000 
-109.803978 -92.584137 22.524843 70.000000 
-109.926079 -92.474159 22.525455 79.000000 
-109.920647 -92.462845 22.519518 68.000000 
-110.018028 -92.360085 22.537313 66.000000 
-109.903290 -92.458908 22.521378 68.000000 
-110.018265 -92.344658 22.527617 77.000000 
-109.882988 -92.456902 22.525236 71.000000 
-109.994614 -92.344444 22.532917 70.000000 
-109.871582 -92.449409 22.523285 71.000000 
-109.975464 -92.341476 22.535463 69.000000 
-109.969650 -92.329941 22.529589 69.000000 
-110.096687 -92.208672 22.536827 65.000000 
-109.960838 -92.320343 22.525614 72.000000 
-110.080124 -92.203674 22.537228 65.000000 
-109.953461 -92.309784 22.520718 77.000000 
-110.065048 -92.197746 22.536768 65.000000 
-110.178177 -92.049408 22.538553 68.000000 
-110.171516 -92.037140 22.532644 67.000000 
-110.123489 -92.020325 22.531734 65.000000 
-110.271515 -91.873528 22.536688 79.000000 
-110.109428 -92.013443 22.530338 67.000000 
-110.258476 -91.865219 22.534164 78.000000 
-110.236694 -91.863449 22.536732 72.000000 
-110.223640 -91.855263 22.534286 72.000000 
-110.213463 -91.844933 22.530178 75.000000 
-110.351936 -91.699348 22.546402 69.000000 
-110.203247 -91.834625 22.526096 75.000000 
-110.332649 -91.695374 22.547020 66.000000 
-110.185822 -91.829857 22.526297 67.000000 
-110.294960 -91.668091 22.537773 68.000000 
-110.461731 -91.494965 22.544994 103.000000 
-110.277107 -91.663254 22.537746 70.000000 
-110.450539 -91.483963 22.540703 75.000000 
-110.433586 -91.477646 22.539547 75.000000 
-110.418060 -91.470222 22.537657 72.000000 
-110.399681 -91.465202 22.537367 108.000000 
-110.577332 -91.274818 22.545599 121.000000 
-110.375664 -91.464981 22.540253 102.000000 
-110.551315 -91.275475 22.548664 121.000000 
-110.535255 -91.267830 22.546593 122.000000 
-110.529037 -91.251778 22.539345 123.000000 
-110.501686 -91.253922 22.543312 121.000000 
-110.698700 -91.038849 22.549444 121.000000 
-110.491188 -91.241585 22.538368 123.000000 
-110.686188 -91.027168 22.545036 121.000000 
-110.672249 -91.016754 22.541370 123.000000 
-110.652702 -91.011383 22.540579 123.000000 
-110.626228 -91.012352 22.543394 123.000000 
-110.587273 -91.051094 22.538828 123.000000 
-110.567749 -91.045952 22.538176 115.000000 
-110.559219 -91.030762 22.531837 68.000000 
-109.013519 -94.275429 22.501114 78.000000 
-109.002548 -94.268280 22.500469 86.000000 
-108.999519 -94.258705 22.494276 86.000000 
-108.996742 -94.249550 22.488283 83.000000 
-108.984497 -94.243492 22.489063 83.000000 
-109.071213 -94.174232 22.497646 70.000000 
-108.961639 -94.241638 22.498013 90.000000 
-109.063316 -94.166237 22.494831 73.000000 
-108.952438 -94.234535 22.496552 94.000000 
-109.053871 -94.158890 22.493168 73.000000 
-108.952278 -94.223846 22.488117 101.000000 
-109.033737 -94.155998 22.499458 68.000000 
-108.940025 -94.218002 22.489033 77.000000 
-109.025803 -94.148125 22.496731 73.000000 
-109.128609 -94.069717 22.496340 66.000000 
-108.930763 -94.210983 22.487644 77.000000 
-109.019363 -94.139641 22.492889 73.000000 
-109.114288 -94.064278 22.497875 80.000000 
-109.014397 -94.130524 22.487926 78.000000 
-109.106079 -94.056213 22.495033 81.000000 
-108.998848 -94.125969 22.490969 82.000000 
-109.094803 -94.049522 22.494429 74.000000 
-109.085037 -94.042206 22.492746 76.000000 
-109.168091 -93.968788 22.508844 69.000000 
-109.069199 -94.037682 22.495539 76.000000 
-109.057907 -94.031151 22.495035 87.000000 
-109.051460 -94.023003 22.491405 92.000000 
-109.049156 -94.012329 22.484251 67.000000 
-109.236160 -93.851181 22.503399 70.000000 
-109.221260 -93.845901 22.504622 72.000000 
-109.111259 -93.923576 22.496326 69.000000 
-109.201805 -93.843002 22.509039 72.000000 
-109.107170 -93.913353 22.490307 67.000000 
-109.197533 -93.832474 22.502981 72.000000 
-109.304688 -93.741577 22.508997 69.000000 
-109.187172 -93.825050 22.501156 75.000000 
-109.295570 -93.733101 22.505945 90.000000 
-109.185822 -93.812973 22.493013 84.000000 
-109.281876 -93.727081 22.505981 82.000000 
-109.166389 -93.810333 22.497591 90.000000 
-109.271210 -93.719490 22.504011 82.000000 
-109.262032 -93.711128 22.501043 75.000000 
-109.258850 -93.699493 22.493992 92.000000 
-109.353462 -93.610527 22.511152 79.000000 
-109.232712 -93.699829 22.502195 82.000000 
-109.346603 -93.599777 22.505890 79.000000 
-109.223480 -93.691589 22.499319 85.000000 
-109.329552 -93.595543 22.507811 69.000000 
-109.309517 -93.593109 22.511774 68.000000 
-109.440605 -93.479713 22.508881 95.000000 
-109.292503 -93.589043 22.513792 68.000000 
-109.427734 -93.472733 22.507627 82.000000 
-109.290459 -93.576302 22.505848 70.000000 
-109.401314 -93.473907 22.515081 70.000000 
-109.398956 -93.460732 22.507160 68.000000 
-109.389473 -93.452568 22.504284 73.000000 
-109.494698 -93.345230 22.517876 67.000000 
-109.382523 -93.442123 22.499290 71.000000 
-109.484474 -93.336349 22.514668 74.000000 
-109.359184 -93.441818 22.505005 68.000000 
-109.475723 -93.326561 22.510551 67.000000 
-109.455017 -93.324409 22.513947 72.000000 
-109.434349 -93.322357 22.517399 74.000000 
-109.427040 -93.311745 22.512445 82.000000 
-109.536087 -93.186363 22.521257 65.000000 
-109.518036 -93.182404 22.522585 68.000000 
-109.514755 -93.168518 22.514885 67.000000 
-109.648201 -93.039154 22.524384 65.000000 
-109.505508 -93.158638 22.510830 69.000000 
-109.637131 -93.029922 22.521046 67.000000 
-109.621613 -93.023834 22.520351 68.000000 
-109.616364 -93.010529 22.513580 73.000000 
-109.750633 -92.874893 22.527975 79.000000 
-109.597893 -93.006622 22.514708 73.000000 
-109.737625 -92.866478 22.525366 78.000000 
-109.726067 -92.857040 22.521952 71.000000 
-109.710098 -92.850861 22.521088 68.000000 
-109.695587 -92.843674 22.519424 72.000000 
-109.845146 -92.691002 22.530771 69.000000 
-109.683968 -92.834366 22.516109 78.000000 
-109.833099 -92.681290 22.527248 66.000000 
-109.805573 -92.684410 22.532831 68.000000 
-109.794975 -92.673706 22.528584 66.000000 
-109.940079 -92.499298 22.538515 107.000000 
-109.926064 -92.490509 22.535688 104.000000 
-109.914902 -92.479454 22.531353 75.000000 
-109.903702 -92.468437 22.527046 104.000000 
-109.885315 -92.463272 22.526648 106.000000 
-110.064125 -92.273766 22.535780 121.000000 
-109.872635 -92.453499 22.523184 75.000000 
-110.046623 -92.267082 22.534290 121.000000 
-110.025444 -92.264618 22.535278 121.000000 
-110.003693 -92.261673 22.536098 121.000000 
-109.993286 -92.249199 22.531038 124.000000 
-110.188828 -92.037560 22.539661 121.000000 
-109.978600 -92.240372 22.528236 122.000000 
-110.166473 -92.034363 22.540075 120.000000 
-109.964706 -92.229820 22.524513 115.000000 
-110.156197 -92.019569 22.533987 123.000000 
-110.133850 -92.016525 22.534500 122.000000 
-110.119919 -92.006119 22.530823 124.000000 
-110.078186 -92.047470 22.527403 121.000000 
-110.050308 -92.049667 22.530901 113.000000 
-110.043259 -92.033150 22.523781 66.000000 
-108.480606 -95.275871 22.486595 71.000000 
-108.463829 -95.271255 22.490711 86.000000 
-108.460564 -95.261238 22.484297 80.000000 
-108.454506 -95.252769 22.480400 80.000000 
-108.448715 -95.244743 22.476715 83.000000 
-108.534492 -95.176659 22.486574 67.000000 
-108.433456 -95.239777 22.479816 83.000000 
-108.523575 -95.169800 22.485979 65.000000 
-108.414864 -95.235641 22.485100 83.000000 
-108.520004 -95.159500 22.479578 65.000000 
-108.408730 -95.227310 22.481304 86.000000 
-108.402878 -95.219406 22.477715 83.000000 
-108.484673 -95.151985 22.488928 73.000000 
-108.598885 -95.069870 22.480869 73.000000 
-108.405724 -95.207512 22.466932 74.000000 
-108.482864 -95.141579 22.481655 70.000000 
-108.573822 -95.068848 22.490065 71.000000 
-108.473419 -95.134315 22.480080 67.000000 
-108.562614 -95.062042 22.489405 84.000000 
-108.554459 -95.053947 22.486568 76.000000 
-108.544754 -95.046555 22.484861 67.000000 
-108.541115 -95.036499 22.478743 72.000000 
-108.710358 -94.862465 22.495117 69.000000 
-108.597679 -94.939568 22.487234 66.000000 
-108.590698 -94.930717 22.483315 66.000000 
-108.574593 -94.926239 22.485929 70.000000 
-108.679512 -94.839516 22.489260 65.000000 
-108.573608 -94.914520 22.477709 65.000000 
-108.663109 -94.834984 22.491575 65.000000 
-108.784813 -94.737778 22.488562 79.000000 
-108.656563 -94.826843 22.488005 77.000000 
-108.770348 -94.733269 22.489939 74.000000 
-108.650764 -94.817047 22.483000 90.000000 
-108.646439 -94.806488 22.476952 81.000000 
-108.736900 -94.724182 22.494045 67.000000 
-108.626999 -94.803719 22.481524 75.000000 
-108.736893 -94.710907 22.484900 85.000000 
-108.826370 -94.626144 22.506310 66.000000 
-108.728859 -94.701187 22.480686 75.000000 
-108.827263 -94.611153 22.496050 72.000000 
-108.710617 -94.697655 22.483896 82.000000 
-108.822380 -94.599953 22.489958 70.000000 
-108.692009 -94.693756 22.486961 75.000000 
-108.807961 -94.593369 22.489639 72.000000 
-108.789406 -94.589867 22.492552 75.000000 
-108.910873 -94.483391 22.496790 82.000000 
-108.771271 -94.586929 22.495716 75.000000 
-108.909065 -94.470596 22.488985 78.000000 
-108.757278 -94.581032 22.495728 79.000000 
-108.893166 -94.465279 22.489639 68.000000 
-108.858803 -94.457138 22.493216 84.000000 
-108.967926 -94.348717 22.505049 65.000000 
-108.853432 -94.445732 22.487221 79.000000 
-108.960777 -94.337875 22.499937 66.000000 
-108.842033 -94.437950 22.485125 70.000000 
-108.947136 -94.330292 22.498371 69.000000 
-108.830193 -94.429733 22.482859 65.000000 
-108.944397 -94.316681 22.490501 69.000000 
-108.922615 -94.315811 22.495029 77.000000 
-109.054153 -94.193588 22.501455 68.000000 
-108.904915 -94.311722 22.496595 77.000000 
-109.005867 -94.176933 22.501513 66.000000 
-108.996704 -94.166916 22.497385 78.000000 
-109.135742 -94.035355 22.504669 67.000000 
-109.115768 -94.032074 22.506491 65.000000 
-109.104713 -94.022766 22.503136 67.000000 
-109.093636 -94.013481 22.499811 75.000000 
-109.231987 -93.876686 22.512762 100.000000 
-109.081055 -94.005272 22.497391 83.000000 
-109.216057 -93.870239 22.511776 72.000000 
-109.204552 -93.860680 22.508318 70.000000 
-109.195961 -93.849022 22.503210 72.000000 
-109.178528 -93.843803 22.503176 78.000000 
-109.335251 -93.687767 22.511660 74.000000 
-109.157669 -93.840279 22.504663 86.000000 
-109.313896 -93.683937 22.512682 70.000000 
-109.297485 -93.677444 22.511560 70.000000 
-109.274834 -93.677628 22.514946 75.000000 
-109.447548 -93.504738 22.522049 70.000000 
-109.262802 -93.667953 22.511488 77.000000 
-109.439400 -93.491196 22.516052 107.000000 
-109.414642 -93.489609 22.518328 106.000000 
-109.402077 -93.479568 22.514711 105.000000 
-109.385155 -93.473007 22.513447 111.000000 
-109.545776 -93.301582 22.533457 104.000000 
-109.376862 -93.459602 22.507572 108.000000 
-109.538475 -93.286514 22.526754 121.000000 
-109.520454 -93.279114 22.525007 122.000000 
-109.510170 -93.266441 22.519833 123.000000 
-109.489586 -93.264435 22.521046 124.000000 
-109.474976 -93.255424 22.518164 124.000000 
-109.675095 -93.042839 22.525549 120.000000 
-109.655586 -93.036995 22.524509 123.000000 
-109.630402 -93.036110 22.526331 122.000000 
-109.615158 -93.026764 22.523279 123.000000 
-109.601311 -93.016235 22.519558 123.000000 
-109.558205 -93.056068 22.515350 101.000000 
-107.930359 -96.282242 22.473772 78.000000 
-107.929077 -96.272079 22.466347 86.000000 
-107.922829 -96.263107 22.462185 86.000000 
-107.898392 -96.261162 22.472111 83.000000 
-107.889648 -96.254242 22.470722 86.000000 
-107.985222 -96.183754 22.473375 67.000000 
-107.883652 -96.245811 22.466845 86.000000 
-107.974388 -96.176811 22.472750 68.000000 
-107.874573 -96.238525 22.465309 83.000000 
-107.963547 -96.169914 22.472160 73.000000 
-107.862427 -96.232414 22.466133 83.000000 
-107.960381 -96.160080 22.465944 73.000000 
-107.846947 -96.227089 22.469137 71.000000 
-107.950722 -96.152214 22.464075 73.000000 
-108.039505 -96.081779 22.474766 66.000000 
-107.840866 -96.218788 22.465357 83.000000 
-107.939827 -96.145432 22.463566 78.000000 
-108.034561 -96.072289 22.469637 76.000000 
-107.921928 -96.142609 22.469170 70.000000 
-108.027153 -96.064964 22.467127 87.000000 
-107.911041 -96.135941 22.468733 73.000000 
-108.014458 -96.058716 22.467556 81.000000 
-107.995621 -96.055130 22.472454 81.000000 
-108.096886 -95.975822 22.476444 75.000000 
-107.982941 -96.049019 22.472967 87.000000 
-108.087006 -95.968163 22.474535 74.000000 
-107.977875 -96.039658 22.467953 76.000000 
-108.067886 -95.964668 22.479120 74.000000 
-107.975822 -96.028976 22.460722 81.000000 
-108.061066 -95.955734 22.475124 67.000000 
-108.169518 -95.870598 22.478008 89.000000 
-108.048439 -95.950050 22.475672 74.000000 
-108.153168 -95.865715 22.480167 72.000000 
-107.944633 -96.020172 22.466619 68.000000 
-108.044624 -95.939766 22.469553 79.000000 
-108.149498 -95.855537 22.474194 81.000000 
-108.034332 -95.931862 22.467594 70.000000 
-108.141640 -95.845451 22.469721 78.000000 
-108.131760 -95.838234 22.467983 81.000000 
-108.227898 -95.754700 22.482059 95.000000 
-108.118088 -95.831635 22.467981 81.000000 
-108.223557 -95.743759 22.475883 85.000000 
-108.102089 -95.827499 22.470530 81.000000 
-108.214569 -95.735153 22.472782 82.000000 
-108.094498 -95.818008 22.466373 84.000000 
-108.200951 -95.728920 22.472775 82.000000 
-108.181229 -95.725891 22.476904 82.000000 
-108.292900 -95.630836 22.483894 69.000000 
-108.078796 -95.801201 22.459774 67.000000 
-108.171051 -95.718674 22.475128 79.000000 
-108.280922 -95.624191 22.482904 72.000000 
-108.168076 -95.707054 22.468033 85.000000 
-108.263954 -95.619576 22.484716 70.000000 
-108.154442 -95.701027 22.468166 72.000000 
-108.253105 -95.611740 22.482599 68.000000 
-108.142311 -95.694260 22.467302 69.000000 
-108.242233 -95.603943 22.480513 70.000000 
-108.364693 -95.498863 22.484295 88.000000 
-108.237411 -95.592827 22.474459 70.000000 
-108.356544 -95.489075 22.480091 84.000000 
-108.217415 -95.590149 22.478428 72.000000 
-108.345314 -95.481049 22.477837 85.000000 
-108.342758 -95.467339 22.469608 82.000000 
-108.322380 -95.464638 22.473211 65.000000 
-108.440147 -95.352707 22.480156 65.000000 
-108.414879 -95.352722 22.486176 66.000000 
-108.293770 -95.452423 22.472807 65.000000 
-108.401344 -95.345047 22.484581 67.000000 
-108.389732 -95.336998 22.482294 67.000000 
-108.518181 -95.219322 22.491152 65.000000 
-108.381981 -95.328125 22.478573 72.000000 
-108.502571 -95.214874 22.491796 68.000000 
-108.376328 -95.316429 22.472578 74.000000 
-108.594849 -95.052010 22.488976 67.000000 
-108.582420 -95.043564 22.486414 69.000000 
-108.565498 -95.038177 22.486506 69.000000 
-108.550064 -95.031853 22.485765 72.000000 
-108.707634 -94.884178 22.488081 79.000000 
-108.530182 -95.028625 22.487700 68.000000 
-108.662491 -94.880379 22.493601 66.000000 
-108.655540 -94.867653 22.487614 66.000000 
-108.639671 -94.861244 22.486706 85.000000 
-108.786003 -94.715462 22.501041 66.000000 
-108.631157 -94.849617 22.481611 75.000000 
-108.613792 -94.844368 22.481625 67.000000 
-108.747406 -94.688042 22.491934 67.000000 
-108.729607 -94.682625 22.491669 73.000000 
-108.904945 -94.509880 22.497263 105.000000 
-108.710358 -94.678391 22.492262 68.000000 
-108.889572 -94.501915 22.495098 75.000000 
-108.871269 -94.496254 22.494522 106.000000 
-108.848595 -94.494064 22.496321 106.000000 
-108.833214 -94.486298 22.494287 114.000000 
-109.019753 -94.296516 22.500803 118.000000 
-108.822166 -94.475174 22.489954 105.000000 
-108.989296 -94.299950 22.505867 115.000000 
-108.977730 -94.288383 22.501383 121.000000 
-108.966125 -94.276855 22.496927 121.000000 
-108.955917 -94.264175 22.491758 124.000000 
-109.145119 -94.064201 22.505152 122.000000 
-108.939926 -94.256241 22.489599 121.000000 
-109.129997 -94.054596 22.501959 122.000000 
-108.908211 -94.261383 22.495703 103.000000 
-109.116295 -94.043831 22.498100 123.000000 
-109.096840 -94.037949 22.497108 124.000000 
-109.075966 -94.033348 22.496872 126.000000 
-109.030823 -94.076149 22.493883 125.000000 
-109.015625 -94.066826 22.490896 116.000000 
-107.366501 -97.291344 22.477966 68.000000 
-107.357635 -97.283836 22.476303 78.000000 
-107.353394 -97.274788 22.471212 86.000000 
-107.341682 -97.268822 22.472097 86.000000 
-107.342010 -97.258209 22.463573 83.000000 
-107.326897 -97.252960 22.466635 86.000000 
-107.421417 -97.184120 22.470097 70.000000 
-107.311798 -97.247787 22.469740 83.000000 
-107.418434 -97.174263 22.463860 78.000000 
-107.302834 -97.240494 22.468239 83.000000 
-107.406120 -97.167870 22.464407 67.000000 
-107.303017 -97.229904 22.459766 80.000000 
-107.384552 -97.165031 22.471783 68.000000 
-107.297043 -97.221527 22.455967 68.000000 
-107.376877 -97.157021 22.469015 73.000000 
-107.478493 -97.082901 22.470322 76.000000 
-107.278885 -97.217697 22.461552 74.000000 
-107.372246 -97.147842 22.463999 68.000000 
-107.461273 -97.078369 22.474020 73.000000 
-107.372169 -97.136879 22.455576 71.000000 
-107.448708 -97.072052 22.474459 74.000000 
-107.443848 -97.062637 22.469402 78.000000 
-107.442024 -97.051956 22.462143 72.000000 
-107.523766 -96.982246 22.479927 66.000000 
-107.426338 -97.047035 22.464886 74.000000 
-107.413727 -97.040894 22.465448 69.000000 
-107.601616 -96.875771 22.477640 69.000000 
-107.600853 -96.863708 22.469370 67.000000 
-107.589203 -96.856628 22.468443 72.000000 
-107.567108 -96.855103 22.475107 75.000000 
-107.563164 -96.844528 22.468994 75.000000 
-107.667984 -96.758919 22.477633 90.000000 
-107.553032 -96.836876 22.467115 75.000000 
-107.654503 -96.752541 22.477589 92.000000 
-107.545937 -96.827789 22.463148 75.000000 
-107.648727 -96.742401 22.472477 85.000000 
-107.532356 -96.821228 22.463245 70.000000 
-107.636398 -96.734879 22.471273 82.000000 
-107.627487 -96.726326 22.468256 72.000000 
-107.726036 -96.639580 22.483900 69.000000 
-107.609741 -96.722939 22.471630 79.000000 
-107.724953 -96.627266 22.476007 75.000000 
-107.593185 -96.718384 22.473825 69.000000 
-107.715736 -96.618500 22.472874 73.000000 
-107.698837 -96.613831 22.474741 75.000000 
-107.575272 -96.701599 22.468010 69.000000 
-107.675835 -96.612526 22.480646 75.000000 
-107.809845 -96.502975 22.477123 82.000000 
-107.671173 -96.601448 22.474623 71.000000 
-107.798744 -96.494850 22.474857 78.000000 
-107.663414 -96.592026 22.470613 69.000000 
-107.775383 -96.493614 22.480335 73.000000 
-107.768852 -96.483032 22.475250 70.000000 
-107.759232 -96.474197 22.472118 73.000000 
-107.752625 -96.463654 22.467072 68.000000 
-107.741432 -96.455742 22.464962 65.000000 
-107.854485 -96.346779 22.473654 69.000000 
-107.833862 -96.344086 22.476997 74.000000 
-107.966339 -96.225929 22.483650 80.000000 
-107.815216 -96.341080 22.479662 82.000000 
-107.960999 -96.214302 22.477791 69.000000 
-107.803703 -96.333084 22.477467 70.000000 
-107.943039 -96.209702 22.478954 67.000000 
-107.795181 -96.323280 22.473413 65.000000 
-107.922066 -96.207077 22.481979 66.000000 
-107.910172 -96.198837 22.479616 73.000000 
-108.038086 -96.063042 22.484467 72.000000 
-107.889328 -96.180573 22.473167 66.000000 
-108.019760 -96.058479 22.485416 76.000000 
-108.007454 -96.050049 22.482920 76.000000 
-107.998123 -96.039665 22.478704 78.000000 
-108.144897 -95.901726 22.487309 100.000000 
-107.985771 -96.031311 22.476267 81.000000 
-108.132149 -95.892998 22.484627 83.000000 
-107.961487 -96.031036 22.480906 69.000000 
-108.128357 -95.878151 22.476938 72.000000 
-108.108078 -95.874649 22.478523 78.000000 
-108.086342 -95.872276 22.481007 81.000000 
-108.233910 -95.728020 22.494862 77.000000 
-108.075020 -95.862709 22.477623 86.000000 
-108.060707 -95.855278 22.475965 70.000000 
-108.047859 -95.846840 22.473497 68.000000 
-108.185333 -95.707932 22.491484 66.000000 
-108.173561 -95.698128 22.488007 70.000000 
-108.339989 -95.534935 22.498375 105.000000 
-108.164696 -95.686188 22.482933 73.000000 
-108.330673 -95.522499 22.493158 75.000000 
-108.321320 -95.510086 22.487965 106.000000 
-108.304573 -95.503273 22.486681 106.000000 
-108.290756 -95.494286 22.483883 110.000000 
-108.458412 -95.322258 22.500416 115.000000 
-108.257973 -95.499985 22.491266 70.000000 
-108.445557 -95.311745 22.496653 121.000000 
-108.245621 -95.490021 22.487780 68.000000 
-108.434128 -95.300110 22.492180 121.000000 
-108.408127 -95.300079 22.495167 121.000000 
-108.395218 -95.289719 22.491518 124.000000 
-108.594818 -95.084724 22.499796 120.000000 
-108.370728 -95.288734 22.493874 120.000000 
-108.574059 -95.079788 22.499449 122.000000 
-108.372162 -95.266777 22.482821 111.000000 
-108.547546 -95.079712 22.501982 122.000000 
-108.547783 -95.056427 22.490894 125.000000 
-108.531311 -95.048103 22.488556 126.000000 
-108.505432 -95.048874 22.491463 121.000000 
-108.454712 -95.096504 22.492290 118.000000 
-106.805771 -98.269249 22.462088 78.000000 
-106.801857 -98.260574 22.457190 86.000000 
-106.796066 -98.251991 22.453260 86.000000 
-106.790245 -98.243416 22.449347 86.000000 
-106.869987 -98.180664 22.464554 72.000000 
-106.784393 -98.234856 22.445452 86.000000 
-106.868652 -98.170212 22.457184 73.000000 
-106.770821 -98.228996 22.447384 90.000000 
-106.861046 -98.161995 22.454329 68.000000 
-106.746521 -98.226990 22.457506 90.000000 
-106.858063 -98.152100 22.448105 70.000000 
-106.748283 -98.215828 22.447870 83.000000 
-106.841125 -98.147362 22.452082 73.000000 
-106.742348 -98.207390 22.444071 68.000000 
-106.931053 -98.067307 22.454271 86.000000 
-106.733337 -98.200081 22.442633 68.000000 
-106.818077 -98.134064 22.452229 71.000000 
-106.915382 -98.062012 22.456865 89.000000 
-106.811920 -98.125435 22.448364 68.000000 
-106.896622 -98.058037 22.461716 84.000000 
-106.806030 -98.117241 22.444710 67.000000 
-106.889030 -98.050247 22.459070 72.000000 
-106.993240 -97.972237 22.461948 69.000000 
-106.887260 -98.039528 22.451811 78.000000 
-106.964851 -97.972252 22.472919 72.000000 
-106.879288 -98.031326 22.449005 74.000000 
-106.964462 -97.960571 22.464605 72.000000 
-106.863617 -98.026337 22.451790 71.000000 
-106.960922 -97.950203 22.458450 67.000000 
-106.951149 -97.942497 22.456625 70.000000 
-106.938286 -97.936180 22.456995 69.000000 
-107.042709 -97.854218 22.462399 67.000000 
-106.922340 -97.931282 22.459574 65.000000 
-107.035759 -97.844940 22.458336 67.000000 
-106.918671 -97.920982 22.453497 70.000000 
-107.024132 -97.837822 22.457449 72.000000 
-107.003258 -97.835045 22.462917 72.000000 
-107.124161 -97.742722 22.461332 90.000000 
-106.997787 -97.825165 22.457884 78.000000 
-107.109131 -97.736954 22.462301 85.000000 
-106.987679 -97.817474 22.456043 78.000000 
-107.086388 -97.735023 22.468424 85.000000 
-106.980606 -97.808357 22.452108 70.000000 
-107.080643 -97.724869 22.463348 82.000000 
-106.970451 -97.800728 22.450319 70.000000 
-107.071785 -97.716255 22.460340 72.000000 
-107.167831 -97.631714 22.477999 66.000000 
-107.062897 -97.707664 22.457357 65.000000 
-107.050926 -97.700653 22.456461 72.000000 
-107.155746 -97.610893 22.467787 66.000000 
-107.138885 -97.606133 22.469675 72.000000 
-107.258530 -97.505936 22.476181 75.000000 
-107.120506 -97.602257 22.472610 65.000000 
-107.250595 -97.496048 22.471987 89.000000 
-107.247246 -97.483665 22.464928 67.000000 
-107.233093 -97.477188 22.464630 68.000000 
-107.212822 -97.474174 22.468239 67.000000 
-107.330971 -97.365616 22.475739 65.000000 
-107.310356 -97.362587 22.478970 72.000000 
-107.302017 -97.352554 22.474791 69.000000 
-107.293648 -97.342545 22.470633 69.000000 
-107.288277 -97.330765 22.464624 67.000000 
-107.398636 -97.227173 22.484995 74.000000 
-107.264648 -97.329819 22.469908 72.000000 
-107.394493 -97.214111 22.478052 68.000000 
-107.489311 -97.053024 22.474966 67.000000 
-107.460419 -97.055161 22.482033 65.000000 
-107.455719 -97.041763 22.475189 67.000000 
-107.444946 -97.032295 22.471863 72.000000 
-107.583557 -96.901367 22.485481 77.000000 
-107.428146 -97.026833 22.472076 66.000000 
-107.570885 -96.892586 22.482828 71.000000 
-107.564201 -96.879776 22.476847 78.000000 
-107.552971 -96.870041 22.473410 71.000000 
-107.534248 -96.865486 22.474226 70.000000 
-107.681252 -96.723244 22.488884 72.000000 
-107.517029 -96.859978 22.474245 75.000000 
-107.669594 -96.713211 22.485317 68.000000 
-107.505753 -96.850388 22.470917 67.000000 
-107.634300 -96.701790 22.484755 66.000000 
-107.618149 -96.695114 22.483730 68.000000 
-107.800476 -96.522141 22.486261 74.000000 
-107.783806 -96.515099 22.484915 104.000000 
-107.761215 -96.512543 22.486712 104.000000 
-107.751915 -96.500114 22.481575 106.000000 
-107.924110 -96.327400 22.496820 104.000000 
-107.744034 -96.486595 22.475681 116.000000 
-107.917236 -96.312218 22.490088 120.000000 
-107.714134 -96.489845 22.481522 75.000000 
-107.900017 -96.305008 22.488552 119.000000 
-107.700371 -96.480896 22.478828 65.000000 
-107.884254 -96.296722 22.486319 121.000000 
-107.869942 -96.287346 22.483381 121.000000 
-107.849785 -96.282639 22.483463 123.000000 
-108.053642 -96.076546 22.490423 121.000000 
-107.823845 -96.282639 22.486582 121.000000 
-108.037254 -96.067924 22.487974 125.000000 
-108.010712 -96.067642 22.490515 124.000000 
-108.002991 -96.052048 22.483908 126.000000 
-107.989449 -96.041229 22.480164 126.000000 
-107.937141 -96.089935 22.482014 122.000000 
-107.923569 -96.079224 22.478354 110.000000 
-106.263298 -99.243286 22.440077 71.000000 
-106.262794 -99.233925 22.433039 86.000000 
-106.250793 -99.227234 22.433680 86.000000 
-106.232597 -99.222649 22.438984 74.000000 
-106.226791 -99.214012 22.435074 83.000000 
-106.324127 -99.145485 22.438065 67.000000 
-106.220367 -99.204529 22.430794 83.000000 
-106.303474 -99.140663 22.443790 68.000000 
-106.214493 -99.195923 22.426918 83.000000 
-106.201508 -99.190865 22.429277 90.000000 
-106.183342 -99.186638 22.434793 69.000000 
-106.282784 -99.116219 22.434576 65.000000 
-106.376389 -99.046547 22.443251 71.000000 
-106.276665 -99.107430 22.430656 68.000000 
-106.373199 -99.036301 22.437012 73.000000 
-106.258194 -99.103294 22.435865 65.000000 
-106.363739 -99.028473 22.435196 72.000000 
-106.250504 -99.095161 22.433142 73.000000 
-106.349617 -99.022507 22.436728 84.000000 
-106.332397 -99.017845 22.440517 76.000000 
-106.433998 -98.941338 22.445820 69.000000 
-106.330307 -99.006615 22.433054 81.000000 
-106.420830 -98.934265 22.445860 78.000000 
-106.322327 -98.998322 22.430246 72.000000 
-106.407990 -98.927704 22.446140 94.000000 
-106.318047 -98.989677 22.425619 81.000000 
-106.402008 -98.919479 22.442537 76.000000 
-106.392242 -98.911690 22.440716 81.000000 
-106.488098 -98.834351 22.452888 76.000000 
-106.391708 -98.899925 22.432415 72.000000 
-106.487419 -98.822212 22.444618 65.000000 
-106.375732 -98.894867 22.434984 69.000000 
-106.356705 -98.891251 22.439779 70.000000 
-106.578209 -98.719582 22.446978 69.000000 
-106.457199 -98.798431 22.438812 65.000000 
-106.572517 -98.709221 22.441807 85.000000 
-106.440933 -98.793449 22.441164 67.000000 
-106.559029 -98.702583 22.441757 75.000000 
-106.432358 -98.784935 22.438265 72.000000 
-106.550179 -98.693756 22.438677 79.000000 
-106.429169 -98.772629 22.430748 65.000000 
-106.520508 -98.693787 22.448545 79.000000 
-106.516266 -98.682816 22.442461 79.000000 
-106.633003 -98.588295 22.447548 75.000000 
-106.512718 -98.672791 22.436790 82.000000 
-106.609123 -98.588165 22.454731 77.000000 
-106.505325 -98.663345 22.432795 79.000000 
-106.601517 -98.578453 22.450623 75.000000 
-106.596954 -98.567177 22.444542 67.000000 
-106.712624 -98.469574 22.454531 76.000000 
-106.589264 -98.557495 22.440472 70.000000 
-106.704674 -98.459572 22.450325 84.000000 
-106.572357 -98.552689 22.442432 68.000000 
-106.692062 -98.452095 22.449036 73.000000 
-106.687126 -98.440468 22.442949 73.000000 
-106.671410 -98.434746 22.443653 70.000000 
-106.648048 -98.433350 22.449251 70.000000 
-106.769569 -98.323067 22.454990 65.000000 
-106.639984 -98.423531 22.445192 82.000000 
-106.758133 -98.314667 22.452665 69.000000 
-106.745834 -98.305290 22.449955 72.000000 
-106.734352 -98.296974 22.447695 74.000000 
-106.862160 -98.183578 22.458477 71.000000 
-106.726738 -98.287910 22.443993 74.000000 
-106.854263 -98.174194 22.454645 71.000000 
-106.709152 -98.283272 22.445560 72.000000 
-106.842415 -98.165634 22.452217 69.000000 
-106.833588 -98.155258 22.448009 66.000000 
-106.797668 -98.145866 22.450596 66.000000 
-106.926781 -98.010811 22.455719 65.000000 
-106.906937 -98.007019 22.457605 67.000000 
-107.069412 -97.861893 22.459290 71.000000 
-106.896149 -97.997437 22.454279 69.000000 
-107.052147 -97.855881 22.459091 92.000000 
-106.885338 -97.987892 22.450983 68.000000 
-107.033379 -97.850952 22.459778 78.000000 
-107.023651 -97.840034 22.455465 78.000000 
-107.006386 -97.834221 22.455397 75.000000 
-107.150070 -97.695808 22.473320 69.000000 
-106.995110 -97.824402 22.451990 71.000000 
-107.136917 -97.686653 22.470524 70.000000 
-106.979324 -97.817696 22.451157 67.000000 
-107.270653 -97.494972 22.471321 75.000000 
-107.259918 -97.483376 22.466850 104.000000 
-107.241722 -97.477272 22.466278 72.000000 
-107.219078 -97.474525 22.468082 72.000000 
-107.202766 -97.465240 22.465620 66.000000 
-107.383232 -97.287476 22.477539 121.000000 
-107.190475 -97.454948 22.462074 72.000000 
-107.357140 -97.286842 22.480410 121.000000 
-107.345833 -97.275009 22.475943 117.000000 
-107.333008 -97.264343 22.472246 113.000000 
-107.324219 -97.252602 22.467533 119.000000 
-107.520920 -97.054695 22.479586 116.000000 
-107.306946 -97.245445 22.466133 117.000000 
-107.507469 -97.043556 22.475700 122.000000 
-107.501282 -97.026596 22.468321 123.000000 
-107.476112 -97.024933 22.470161 123.000000 
-107.453880 -97.021019 22.470644 125.000000 
-107.438896 -97.011269 22.467627 123.000000 
-107.394592 -97.052040 22.465147 118.000000 
-105.687798 -100.227272 22.437838 74.000000 
-105.677467 -100.219971 22.437319 83.000000 
-105.671791 -100.211227 22.433371 83.000000 
-105.666077 -100.202499 22.429441 83.000000 
-105.661888 -100.193283 22.424370 90.000000 
-105.745850 -100.130333 22.437716 67.000000 
-105.642197 -100.189171 22.430916 83.000000 
-105.627159 -100.183624 22.434034 86.000000 
-105.619835 -100.175552 22.431372 90.000000 
-105.611237 -100.168449 22.430088 71.000000 
-105.702042 -100.102310 22.436747 65.000000 
-105.816589 -100.026161 22.431009 66.000000 
-105.696022 -100.093498 22.432848 68.000000 
-105.802528 -100.019943 22.432465 80.000000 
-105.694305 -100.082565 22.425358 73.000000 
-105.783470 -100.015114 22.437073 76.000000 
-105.682053 -100.076050 22.426050 73.000000 
-105.775650 -100.006668 22.434200 78.000000 
-105.765007 -99.999893 22.433764 72.000000 
-105.857956 -99.928085 22.445652 79.000000 
-105.760239 -99.990295 22.428719 81.000000 
-105.845200 -99.921364 22.445904 81.000000 
-105.750793 -99.982529 22.427027 84.000000 
-105.841797 -99.910873 22.439734 70.000000 
-105.732086 -99.978508 22.432049 84.000000 
-105.838348 -99.900375 22.433573 74.000000 
-105.822433 -99.895065 22.436075 76.000000 
-105.929970 -99.813911 22.441006 83.000000 
-105.803436 -99.891144 22.440790 69.000000 
-105.921570 -99.805130 22.437967 65.000000 
-105.794388 -99.884270 22.439434 79.000000 
-105.909157 -99.799370 22.438509 67.000000 
-105.793915 -99.872536 22.431187 66.000000 
-105.889832 -99.795494 22.442888 65.000000 
-105.884491 -99.785446 22.437836 72.000000 
-106.006889 -99.694550 22.436754 90.000000 
-105.879112 -99.775414 22.432798 65.000000 
-105.985664 -99.691406 22.441801 85.000000 
-105.872993 -99.764450 22.427380 72.000000 
-105.973083 -99.683022 22.440371 79.000000 
-105.859833 -99.757988 22.427681 70.000000 
-105.967415 -99.672691 22.435286 85.000000 
-105.958611 -99.663864 22.432268 82.000000 
-106.062302 -99.577255 22.446590 69.000000 
-105.938980 -99.660301 22.436481 79.000000 
-106.053230 -99.568184 22.443441 75.000000 
-105.920105 -99.657784 22.441145 82.000000 
-106.044891 -99.560127 22.440731 70.000000 
-106.024948 -99.556610 22.444605 70.000000 
-106.150864 -99.455391 22.448803 87.000000 
-106.004272 -99.552223 22.448133 72.000000 
-106.148430 -99.441025 22.440336 94.000000 
-105.998230 -99.541756 22.443117 75.000000 
-106.128120 -99.437500 22.443851 88.000000 
-105.995209 -99.529694 22.436113 68.000000 
-106.114014 -99.430771 22.443563 82.000000 
-106.102997 -99.422440 22.441380 79.000000 
-106.095024 -99.412476 22.437288 91.000000 
-106.202194 -99.311760 22.452751 65.000000 
-106.080887 -99.405899 22.437103 88.000000 
-106.197014 -99.299789 22.446699 72.000000 
-106.066757 -99.399384 22.436960 70.000000 
-106.188698 -99.289558 22.442533 72.000000 
-106.171150 -99.284622 22.444021 72.000000 
-106.304672 -99.169777 22.452230 74.000000 
-106.152092 -99.280647 22.446495 77.000000 
-106.297531 -99.158340 22.447071 71.000000 
-106.139153 -99.273216 22.445253 67.000000 
-106.285744 -99.149643 22.444641 73.000000 
-106.261703 -99.148331 22.449490 69.000000 
-106.376099 -99.009056 22.455284 69.000000 
-106.362389 -99.001183 22.453640 81.000000 
-106.353226 -98.990486 22.449411 73.000000 
-106.344948 -98.980881 22.445625 69.000000 
-106.488640 -98.849609 22.458359 71.000000 
-106.326637 -98.976051 22.446711 76.000000 
-106.479050 -98.838554 22.454020 78.000000 
-106.305916 -98.971230 22.448315 66.000000 
-106.469971 -98.825417 22.448435 70.000000 
-106.451225 -98.820435 22.449203 71.000000 
-106.429489 -98.817551 22.451710 70.000000 
-106.592224 -98.667839 22.459759 72.000000 
-106.418297 -98.807678 22.448349 72.000000 
-106.534782 -98.652702 22.461269 68.000000 
-106.694519 -98.481453 22.468136 107.000000 
-106.677902 -98.474129 22.466806 104.000000 
-106.664261 -98.464699 22.463968 104.000000 
-106.656548 -98.450966 22.458059 75.000000 
-106.639870 -98.443794 22.456842 108.000000 
-106.824547 -98.265015 22.467367 121.000000 
-106.612846 -98.444382 22.461134 72.000000 
-106.808838 -98.256355 22.465097 122.000000 
-106.795158 -98.247231 22.462349 123.000000 
-106.766136 -98.248840 22.466841 123.000000 
-106.749855 -98.239799 22.464487 124.000000 
-106.955208 -98.037552 22.472757 122.000000 
-106.737053 -98.229134 22.460899 120.000000 
-106.931549 -98.034439 22.473852 122.000000 
-106.918167 -98.023277 22.470057 123.000000 
-106.904755 -98.012169 22.466297 124.000000 
-106.895676 -97.997574 22.460442 124.000000 
-106.873474 -97.993591 22.461018 120.000000 
-105.103127 -101.218277 22.436691 74.000000 
-105.102859 -101.208977 22.429628 80.000000 
-105.097298 -101.200195 22.425617 83.000000 
-105.088570 -101.192383 22.423931 83.000000 
-105.064232 -101.189430 22.433825 83.000000 
-105.061165 -101.178917 22.427191 86.000000 
-105.053955 -101.170746 22.424438 90.000000 
-105.045174 -101.163101 22.422873 91.000000 
-105.130592 -101.100189 22.434177 65.000000 
-105.030190 -101.157509 22.425997 74.000000 
-105.221123 -101.023170 22.437519 66.000000 
-105.125343 -101.080780 22.421907 65.000000 
-105.220062 -101.012817 22.430347 76.000000 
-105.106956 -101.076263 22.427046 68.000000 
-105.202942 -101.007683 22.433987 81.000000 
-105.201813 -100.997345 22.426846 71.000000 
-105.082939 -101.063545 22.428556 65.000000 
-105.186256 -100.991753 22.429457 72.000000 
-105.171959 -100.985207 22.430809 78.000000 
-105.279472 -100.908806 22.432539 66.000000 
-105.168861 -100.975044 22.424629 81.000000 
-105.263634 -100.903221 22.434896 66.000000 
-105.157959 -100.967857 22.424023 72.000000 
-105.247795 -100.897713 22.437302 67.000000 
-105.151688 -100.958916 22.420101 67.000000 
-105.238228 -100.889778 22.435436 69.000000 
-105.234871 -100.879349 22.429268 70.000000 
-105.331940 -100.803780 22.441101 65.000000 
-105.228355 -100.870186 22.425280 69.000000 
-105.420319 -100.705910 22.446266 65.000000 
-105.312042 -100.776009 22.429049 65.000000 
-105.419632 -100.693428 22.438011 85.000000 
-105.302452 -100.768448 22.427313 67.000000 
-105.414520 -100.683525 22.433025 79.000000 
-105.404312 -100.675270 22.430908 79.000000 
-105.384361 -100.670876 22.434753 69.000000 
-105.366348 -100.666344 22.437840 72.000000 
-105.489578 -100.572197 22.439636 74.000000 
-105.356125 -100.658264 22.435835 75.000000 
-105.474365 -100.566078 22.440384 70.000000 
-105.355186 -100.645828 22.427681 75.000000 
-105.457596 -100.560783 22.442165 66.000000 
-105.443954 -100.554047 22.442007 66.000000 
-105.572395 -100.453545 22.444822 81.000000 
-105.431862 -100.546600 22.440889 65.000000 
-105.558418 -100.446602 22.444399 89.000000 
-105.427139 -100.534851 22.434605 79.000000 
-105.545616 -100.438416 22.442842 76.000000 
-105.418098 -100.525925 22.431543 66.000000 
-105.544083 -100.425156 22.434782 68.000000 
-105.536270 -100.415115 22.430593 70.000000 
-105.511391 -100.414055 22.437082 73.000000 
-105.637421 -100.306473 22.442146 65.000000 
-105.496613 -100.409195 22.438227 76.000000 
-105.623062 -100.299553 22.441614 72.000000 
-105.600548 -100.296432 22.445591 77.000000 
-105.590843 -100.287094 22.442339 69.000000 
-105.585732 -100.275200 22.436296 69.000000 
-105.712311 -100.166000 22.448395 65.000000 
-105.703781 -100.155487 22.444105 65.000000 
-105.687027 -100.135040 22.435812 65.000000 
-105.668320 -100.128983 22.436630 65.000000 
-105.809082 -100.007378 22.445879 72.000000 
-105.803162 -99.994713 22.439796 75.000000 
-105.780769 -99.992928 22.443563 68.000000 
-105.767143 -99.985046 22.441917 78.000000 
-105.925919 -99.846741 22.446505 89.000000 
-105.748924 -99.980072 22.442945 76.000000 
-105.908798 -99.840477 22.446276 89.000000 
-105.887100 -99.837227 22.448616 75.000000 
-105.871521 -99.830147 22.447643 72.000000 
-105.865059 -99.817200 22.441643 72.000000 
-106.007988 -99.683434 22.460602 67.000000 
-105.859016 -99.804802 22.435875 72.000000 
-105.990158 -99.660294 22.451157 66.000000 
-105.974121 -99.653091 22.450006 68.000000 
-105.958076 -99.645950 22.448900 66.000000 
-106.134178 -99.484673 22.457222 105.000000 
-105.932503 -99.644531 22.452509 68.000000 
-106.118645 -99.475540 22.454803 108.000000 
-106.108139 -99.463867 22.450329 105.000000 
-106.079567 -99.465027 22.455210 117.000000 
-106.069023 -99.453468 22.450811 118.000000 
-106.257027 -99.275749 22.459873 118.000000 
-106.049492 -99.448402 22.451130 68.000000 
-106.227982 -99.276871 22.464188 121.000000 
-106.219902 -99.262680 22.458185 119.000000 
-106.208786 -99.250717 22.453695 117.000000 
-106.194664 -99.241013 22.450724 119.000000 
-106.394707 -99.046638 22.462109 122.000000 
-106.179031 -99.232468 22.448538 121.000000 
-106.380005 -99.036453 22.458883 121.000000 
-106.371201 -99.021744 22.452864 122.000000 
-106.344627 -99.020836 22.455387 122.000000 
-106.326935 -99.013123 22.453707 124.000000 
-106.307167 -99.006035 22.452562 122.000000 
-104.525146 -102.183067 22.429090 78.000000 
-104.510498 -102.177391 22.432117 90.000000 
-104.503441 -102.169044 22.429251 94.000000 
-104.496353 -102.160721 22.426407 88.000000 
-104.497078 -102.150070 22.417824 101.000000 
-104.582054 -102.088631 22.431240 67.000000 
-104.480553 -102.144623 22.421940 94.000000 
-104.573158 -102.080627 22.429409 73.000000 
-104.457817 -102.141205 22.430735 85.000000 
-104.568962 -102.071129 22.424236 70.000000 
-104.446007 -102.134499 22.431484 80.000000 
-104.555305 -102.064728 22.425831 73.000000 
-104.446602 -102.123901 22.422974 77.000000 
-104.538506 -102.059425 22.429720 67.000000 
-104.529549 -102.051590 22.428011 70.000000 
-104.640457 -101.978966 22.425501 73.000000 
-104.526817 -102.041664 22.421799 75.000000 
-104.623352 -101.973686 22.429094 84.000000 
-104.614128 -101.965675 22.427240 81.000000 
-104.608025 -101.956566 22.423208 81.000000 
-104.694283 -101.889328 22.440607 66.000000 
-104.594063 -101.950340 22.424719 74.000000 
-104.584785 -101.942451 22.422953 74.000000 
-104.569260 -101.936928 22.425650 71.000000 
-104.779724 -101.784325 22.436741 69.000000 
-104.644302 -101.851219 22.433567 72.000000 
-104.767136 -101.766151 22.428806 65.000000 
-104.637886 -101.842026 22.429573 69.000000 
-104.751007 -101.760521 22.430927 65.000000 
-104.734894 -101.754967 22.433098 67.000000 
-104.865486 -101.663940 22.428291 79.000000 
-104.725060 -101.746841 22.431116 65.000000 
-104.853775 -101.656181 22.427086 90.000000 
-104.716087 -101.737144 22.427706 72.000000 
-104.819267 -101.657211 22.439711 75.000000 
-104.712448 -101.726402 22.421566 75.000000 
-104.813873 -101.646820 22.434540 79.000000 
-104.810005 -101.635735 22.428362 82.000000 
-104.804520 -101.625359 22.423218 89.000000 
-104.904922 -101.542786 22.440582 72.000000 
-104.783730 -101.622620 22.428541 82.000000 
-104.897995 -101.533348 22.436575 72.000000 
-104.767296 -101.617355 22.430637 65.000000 
-104.890663 -101.523438 22.432377 68.000000 
-104.757439 -101.609741 22.428867 65.000000 
-104.880531 -101.515541 22.430391 66.000000 
-105.008270 -101.416481 22.434908 76.000000 
-104.854393 -101.514748 22.438168 72.000000 
-105.003746 -101.404686 22.428694 84.000000 
-104.847015 -101.504959 22.434063 70.000000 
-104.980339 -101.402328 22.433992 68.000000 
-104.960106 -101.398514 22.437437 71.000000 
-104.953171 -101.386612 22.431852 73.000000 
-104.943855 -101.377342 22.428637 71.000000 
-105.055847 -101.276886 22.442244 69.000000 
-104.936058 -101.367287 22.424482 70.000000 
-105.050911 -101.264847 22.436106 67.000000 
-104.918938 -101.362137 22.426167 67.000000 
-105.042809 -101.254494 22.431847 69.000000 
-105.002518 -101.248482 22.438799 74.000000 
-105.254250 -100.983849 22.443853 67.000000 
-105.095467 -101.097603 22.433834 71.000000 
-105.234047 -100.978806 22.445301 75.000000 
-105.222046 -100.969780 22.442677 75.000000 
-105.212654 -100.958397 22.438129 72.000000 
-105.197517 -100.951317 22.437315 76.000000 
-105.352684 -100.816895 22.444990 82.000000 
-105.183281 -100.945374 22.436970 73.000000 
-105.341164 -100.808723 22.442657 71.000000 
-105.327141 -100.800446 22.440752 68.000000 
-105.305443 -100.797081 22.443081 66.000000 
-105.461418 -100.639198 22.447010 69.000000 
-105.436218 -100.637726 22.450542 66.000000 
-105.418701 -100.631325 22.450113 70.000000 
-105.401184 -100.625000 22.449732 68.000000 
-105.568558 -100.453545 22.454317 105.000000 
-105.552071 -100.445908 22.452854 72.000000 
-105.538605 -100.436234 22.449888 69.000000 
-105.528137 -100.424484 22.445412 72.000000 
-105.507088 -100.420204 22.446396 104.000000 
-105.697952 -100.242645 22.455488 118.000000 
-105.491005 -100.410583 22.443884 69.000000 
-105.679802 -100.233589 22.453367 122.000000 
-105.662750 -100.225815 22.451754 123.000000 
-105.639297 -100.224808 22.454338 123.000000 
-105.620758 -100.218292 22.453560 123.000000 
-105.838715 -100.013092 22.457659 122.000000 
-105.618614 -100.199669 22.444643 120.000000 
-105.816582 -100.008385 22.457897 123.000000 
-105.801918 -99.998116 22.454670 123.000000 
-105.786644 -99.987274 22.451252 123.000000 
-105.773407 -99.975967 22.447395 125.000000 
-105.752159 -99.969818 22.446898 123.000000 
-103.944733 -103.153427 22.430437 71.000000 
-103.940926 -103.144051 22.425224 86.000000 
-103.938660 -103.134224 22.418882 77.000000 
-103.931610 -103.125740 22.415981 90.000000 
-103.908813 -103.121841 22.424578 83.000000 
-103.903320 -103.112999 22.420595 80.000000 
-103.897797 -103.104172 22.416630 83.000000 
-103.986237 -103.042130 22.427923 68.000000 
-103.889114 -103.096298 22.414991 80.000000 
-103.980522 -103.033066 22.423868 68.000000 
-103.880409 -103.088455 22.413380 86.000000 
-103.968468 -103.026031 22.424320 68.000000 
-103.867020 -103.082108 22.415274 90.000000 
-103.965843 -103.015999 22.418058 65.000000 
-103.849258 -103.077721 22.420887 80.000000 
-103.955620 -103.008980 22.417641 73.000000 
-104.059341 -102.939552 22.421286 76.000000 
-103.938828 -103.003647 22.421576 68.000000 
-104.051735 -102.930817 22.418276 81.000000 
-104.035912 -102.924416 22.420572 81.000000 
-103.923706 -102.986412 22.415789 65.000000 
-104.020393 -102.918549 22.423120 78.000000 
-104.129433 -102.843681 22.425953 69.000000 
-104.006767 -102.912659 22.424812 76.000000 
-104.120285 -102.835854 22.424141 76.000000 
-104.000671 -102.903534 22.420826 67.000000 
-104.094978 -102.833542 22.432838 66.000000 
-104.091515 -102.822502 22.426409 69.000000 
-104.201363 -102.744179 22.432167 83.000000 
-103.984955 -102.886040 22.414925 73.000000 
-104.088310 -102.811920 22.420193 69.000000 
-104.185265 -102.738289 22.434193 72.000000 
-104.075958 -102.805473 22.420647 65.000000 
-104.175842 -102.730415 22.432312 72.000000 
-104.276512 -102.628204 22.431070 74.000000 
-104.151199 -102.703613 22.423079 65.000000 
-104.275963 -102.615593 22.422787 85.000000 
-104.135078 -102.698021 22.425295 65.000000 
-104.262672 -102.608429 22.422606 85.000000 
-104.246223 -102.602707 22.424492 89.000000 
-104.228203 -102.597755 22.427444 82.000000 
-104.218063 -102.589394 22.425352 82.000000 
-104.336517 -102.499542 22.432259 69.000000 
-104.215744 -102.577553 22.418180 85.000000 
-104.319763 -102.493858 22.433918 70.000000 
-104.197716 -102.572792 22.421255 65.000000 
-104.312477 -102.483841 22.429707 70.000000 
-104.189079 -102.563835 22.418226 75.000000 
-104.305153 -102.473846 22.425516 70.000000 
-104.424202 -102.380058 22.436396 76.000000 
-104.297798 -102.463867 22.421347 70.000000 
-104.418175 -102.368965 22.431133 78.000000 
-104.277893 -102.459915 22.425146 70.000000 
-104.404221 -102.361778 22.430670 73.000000 
-104.261131 -102.454559 22.427011 70.000000 
-104.394981 -102.352295 22.427372 76.000000 
-104.384140 -102.343636 22.425058 70.000000 
-104.497246 -102.243973 22.439585 66.000000 
-104.367020 -102.338181 22.426628 70.000000 
-104.484535 -102.235909 22.438032 65.000000 
-104.356155 -102.329620 22.424387 68.000000 
-104.467102 -102.230370 22.439295 72.000000 
-104.459061 -102.219933 22.435032 69.000000 
-104.450989 -102.209518 22.430794 74.000000 
-104.587418 -102.097855 22.439812 68.000000 
-104.439766 -102.200806 22.428442 74.000000 
-104.572739 -102.090530 22.439020 68.000000 
-104.564301 -102.079788 22.434679 66.000000 
-104.537987 -102.063660 22.431480 66.000000 
-104.650803 -101.929375 22.440372 65.000000 
-104.632599 -101.923927 22.441231 65.000000 
-104.615952 -101.917641 22.441269 67.000000 
-104.781456 -101.778625 22.444452 94.000000 
-104.608566 -101.905846 22.436119 76.000000 
-104.762825 -101.773010 22.444986 70.000000 
-104.753487 -101.761726 22.440561 70.000000 
-104.737938 -101.754318 22.439510 70.000000 
-104.733139 -101.740204 22.432631 75.000000 
-104.888885 -101.601189 22.447477 72.000000 
-104.714485 -101.734833 22.433329 72.000000 
-104.872894 -101.593529 22.446167 70.000000 
-104.845482 -101.575394 22.441263 73.000000 
-104.824883 -101.570946 22.442493 77.000000 
-105.023315 -101.398438 22.442410 109.000000 
-104.808861 -101.563545 22.441353 70.000000 
-104.999130 -101.395744 22.444727 106.000000 
-104.970413 -101.396286 22.449415 106.000000 
-104.961510 -101.383362 22.444151 105.000000 
-104.944977 -101.375717 22.442778 114.000000 
-105.135658 -101.200317 22.453632 120.000000 
-104.935997 -101.362854 22.437574 72.000000 
-105.120125 -101.191208 22.451204 121.000000 
-105.106094 -101.181076 22.448080 121.000000 
-105.090523 -101.172073 22.445732 120.000000 
-105.067429 -101.168594 22.447121 122.000000 
-105.282402 -100.967903 22.454620 122.000000 
-105.039864 -101.168518 22.450790 120.000000 
-105.267754 -100.957382 22.451317 123.000000 
-105.247070 -100.951393 22.450853 123.000000 
-105.223419 -100.947754 22.451851 122.000000 
-105.205750 -100.939690 22.450089 124.000000 
-105.195496 -100.925995 22.444838 122.000000 
-105.188156 -100.910049 22.438198 108.000000 
-103.348656 -104.107643 22.425480 68.000000 
-103.341187 -104.098160 22.422138 80.000000 
-103.338966 -104.088287 22.415802 77.000000 
-103.330658 -104.080627 22.414249 83.000000 
-103.322052 -104.072548 22.412521 74.000000 
-103.304268 -104.067673 22.417912 77.000000 
-103.409225 -104.001564 22.418432 68.000000 
-103.292511 -104.060616 22.418554 80.000000 
-103.293274 -104.049904 22.410004 86.000000 
-103.383606 -103.987602 22.420330 73.000000 
-103.284607 -104.041969 22.408388 74.000000 
-103.373161 -103.979973 22.419657 70.000000 
-103.275917 -104.034081 22.406797 83.000000 
-103.367432 -103.970879 22.415642 71.000000 
-103.470299 -103.902756 22.420883 73.000000 
-103.361664 -103.961800 22.411646 65.000000 
-103.462761 -103.893913 22.417849 68.000000 
-103.453606 -103.885643 22.415934 70.000000 
-103.446014 -103.876862 22.412951 73.000000 
-103.430809 -103.871315 22.415684 76.000000 
-103.538872 -103.797508 22.420053 74.000000 
-103.416885 -103.864830 22.417160 81.000000 
-103.531029 -103.788521 22.416958 69.000000 
-103.405800 -103.856834 22.416273 69.000000 
-103.399712 -103.847649 22.412302 66.000000 
-103.491196 -103.779030 22.426685 66.000000 
-103.615944 -103.695816 22.423365 70.000000 
-103.484901 -103.769608 22.422626 69.000000 
-103.601433 -103.689148 22.424332 72.000000 
-103.484871 -103.757790 22.414286 72.000000 
-103.585342 -103.683174 22.426380 66.000000 
-103.579094 -103.673965 22.422438 66.000000 
-103.572487 -103.664284 22.418308 70.000000 
-103.683853 -103.583130 22.427803 74.000000 
-103.561111 -103.656555 22.417334 72.000000 
-103.676994 -103.573158 22.423561 85.000000 
-103.546570 -103.650169 22.418489 78.000000 
-103.665329 -103.565224 22.422371 82.000000 
-103.658409 -103.555290 22.418177 79.000000 
-103.648293 -103.546753 22.416033 79.000000 
-103.770943 -103.456184 22.421890 66.000000 
-103.625542 -103.543785 22.422060 82.000000 
-103.755760 -103.449532 22.422499 75.000000 
-103.742172 -103.442230 22.422169 75.000000 
-103.606827 -103.526276 22.416935 72.000000 
-103.714333 -103.441544 22.430742 75.000000 
-103.601349 -103.515808 22.411852 69.000000 
-103.707069 -103.431473 22.426561 79.000000 
-103.845802 -103.329330 22.426298 76.000000 
-103.696625 -103.422905 22.424381 73.000000 
-103.830284 -103.322701 22.426733 78.000000 
-103.689293 -103.412888 22.420246 71.000000 
-103.817932 -103.314606 22.425306 79.000000 
-103.675667 -103.405884 22.420109 66.000000 
-103.807137 -103.305786 22.422956 76.000000 
-103.654228 -103.402718 22.424992 65.000000 
-103.799469 -103.295456 22.418720 79.000000 
-103.782341 -103.289841 22.420271 82.000000 
-103.908493 -103.184029 22.427628 66.000000 
-103.762100 -103.285889 22.423794 65.000000 
-103.886307 -103.180748 22.431637 67.000000 
-103.872017 -103.173477 22.431072 67.000000 
-103.860847 -103.164612 22.428688 67.000000 
-104.010651 -103.046898 22.431026 68.000000 
-103.855904 -103.152458 22.422609 67.000000 
-103.989677 -103.042824 22.433783 69.000000 
-103.984406 -103.030251 22.427647 71.000000 
-103.972816 -103.021141 22.425116 71.000000 
-103.964333 -103.010330 22.420816 78.000000 
-104.095688 -102.898537 22.439322 72.000000 
-103.943367 -103.006554 22.423754 73.000000 
-104.090004 -102.885590 22.433182 76.000000 
-104.078018 -102.876251 22.430513 81.000000 
-104.066010 -102.866966 22.427877 72.000000 
-104.228294 -102.731735 22.434982 67.000000 
-104.041565 -102.865044 22.432220 76.000000 
-104.229912 -102.713631 22.424667 89.000000 
-104.031090 -102.854965 22.428799 65.000000 
-104.204979 -102.711510 22.428465 83.000000 
-104.015961 -102.847687 22.428022 65.000000 
-104.180092 -102.709518 22.432331 75.000000 
-104.166077 -102.700981 22.430422 71.000000 
-104.153587 -102.691536 22.427713 71.000000 
-104.314957 -102.550362 22.440874 69.000000 
-104.147232 -102.678276 22.421688 67.000000 
-104.292770 -102.546471 22.442738 68.000000 
-104.131607 -102.670837 22.420721 66.000000 
-104.287567 -102.531784 22.435856 70.000000 
-104.280762 -102.518082 22.429792 70.000000 
-104.454727 -102.364166 22.444296 72.000000 
-104.260101 -102.513397 22.430986 68.000000 
-104.452072 -102.346863 22.435858 112.000000 
-104.427841 -102.343933 22.438143 111.000000 
-104.408241 -102.338028 22.438192 105.000000 
-104.388641 -102.332207 22.438290 108.000000 
-104.373627 -102.323341 22.436127 74.000000 
-104.580788 -102.138222 22.440626 122.000000 
-104.542358 -102.144928 22.449135 124.000000 
-104.529861 -102.133568 22.445272 124.000000 
-104.515823 -102.123337 22.442177 123.000000 
-104.504372 -102.113289 22.438835 123.000000 
-104.713783 -101.919846 22.451235 121.000000 
-104.484253 -102.107498 22.438765 113.000000 
-104.711227 -101.900269 22.442333 122.000000 
-104.694435 -101.890045 22.439499 124.000000 
-104.673698 -101.883888 22.439045 123.000000 
-104.641899 -101.885048 22.443331 124.000000 
-104.631660 -101.871201 22.438066 120.000000 
-102.761017 -105.058235 22.411745 73.000000 
-102.754639 -105.050446 22.409191 77.000000 
-102.736595 -105.044739 22.414219 80.000000 
-102.730972 -105.035233 22.409971 83.000000 
-102.725586 -105.026192 22.405943 83.000000 
-102.818680 -104.964523 22.416138 72.000000 
-102.720161 -105.017166 22.401934 77.000000 
-102.708412 -105.009941 22.402534 83.000000 
-102.693512 -105.003677 22.405476 83.000000 
-102.798660 -104.937653 22.406050 65.000000 
-102.684883 -104.995659 22.403849 86.000000 
-102.783470 -104.931328 22.408699 68.000000 
-102.682777 -104.986267 22.397820 80.000000 
-102.768578 -104.925537 22.411594 68.000000 
-102.762878 -104.916389 22.407591 65.000000 
-102.870926 -104.847099 22.409765 68.000000 
-102.755280 -104.907303 22.404533 73.000000 
-102.858330 -104.839294 22.409805 68.000000 
-102.754227 -104.896667 22.397182 71.000000 
-102.855553 -104.828819 22.403526 68.000000 
-102.840050 -104.822647 22.406027 70.000000 
-102.940796 -104.752243 22.416204 67.000000 
-102.835625 -104.812744 22.400883 76.000000 
-102.934608 -104.742599 22.412039 77.000000 
-102.825455 -104.805977 22.400557 81.000000 
-102.929001 -104.733940 22.408306 85.000000 
-102.805222 -104.801651 22.406479 76.000000 
-102.922737 -104.724327 22.404177 83.000000 
-102.795715 -104.793053 22.404528 67.000000 
-102.909790 -104.716591 22.404142 75.000000 
-102.890823 -104.711769 22.408638 67.000000 
-102.881660 -104.703934 22.406946 70.000000 
-102.990517 -104.626625 22.414072 65.000000 
-102.868607 -104.684525 22.398726 72.000000 
-103.088905 -104.525749 22.415487 66.000000 
-102.951431 -104.604500 22.414022 67.000000 
-103.074081 -104.519005 22.416288 79.000000 
-102.951111 -104.592255 22.405769 67.000000 
-103.067215 -104.508980 22.412079 75.000000 
-103.053963 -104.501671 22.411943 72.000000 
-103.047035 -104.491707 22.407785 72.000000 
-103.035339 -104.483810 22.406700 82.000000 
-103.155014 -104.394852 22.414532 68.000000 
-103.020821 -104.477844 22.407892 85.000000 
-103.151321 -104.383675 22.408527 68.000000 
-103.007538 -104.470757 22.407902 75.000000 
-103.134544 -104.377747 22.410202 70.000000 
-103.113037 -104.374092 22.414886 79.000000 
-103.257133 -104.270142 22.412216 65.000000 
-103.101013 -104.366150 22.413696 92.000000 
-103.240013 -104.264130 22.413597 73.000000 
-103.093338 -104.355545 22.409361 86.000000 
-103.222519 -104.257675 22.414814 76.000000 
-103.208572 -104.250298 22.414383 85.000000 
-103.197777 -104.241432 22.412073 85.000000 
-103.193245 -104.229492 22.405956 85.000000 
-103.174545 -104.224602 22.408512 73.000000 
-103.152733 -104.221390 22.413052 65.000000 
-103.261314 -104.109886 22.421427 69.000000 
-103.408493 -103.979767 22.417240 65.000000 
-103.387505 -103.975624 22.420040 71.000000 
-103.364349 -103.957260 22.415031 71.000000 
-103.505722 -103.840721 22.428659 75.000000 
-103.494911 -103.829796 22.424889 68.000000 
-103.635490 -103.675430 22.426302 67.000000 
-103.455811 -103.803452 22.418753 69.000000 
-103.637146 -103.657272 22.416002 82.000000 
-103.615784 -103.653709 22.418369 72.000000 
-103.595528 -103.648727 22.419739 71.000000 
-103.581497 -103.640045 22.417826 83.000000 
-103.564362 -103.633331 22.417625 71.000000 
-103.742027 -103.482986 22.423389 67.000000 
-103.558022 -103.619980 22.411604 70.000000 
-103.718231 -103.479874 22.426031 75.000000 
-103.542397 -103.612411 22.410643 67.000000 
-103.703743 -103.470955 22.423937 75.000000 
-103.689232 -103.462097 22.421885 70.000000 
-103.879486 -103.298752 22.429279 68.000000 
-103.677788 -103.451302 22.418262 75.000000 
-103.867569 -103.287437 22.425415 116.000000 
-103.849464 -103.280251 22.424641 117.000000 
-103.832886 -103.272110 22.423147 118.000000 
-103.817314 -103.262398 22.420706 116.000000 
-103.790031 -103.261650 22.424688 114.000000 
-104.011925 -103.067711 22.423361 120.000000 
-103.995316 -103.059883 22.421846 123.000000 
-103.961388 -103.063240 22.428198 125.000000 
-103.944260 -103.054970 22.426559 125.000000 
-103.930145 -103.044601 22.423492 124.000000 
-104.143005 -102.848900 22.435259 116.000000 
-103.917526 -103.033203 22.419727 121.000000 
-104.138916 -102.830292 22.427055 123.000000 
-103.895828 -103.028374 22.420431 120.000000 
-104.122658 -102.820541 22.424452 126.000000 
-104.106377 -102.810844 22.421890 125.000000 
-104.091583 -102.800095 22.418669 125.000000 
-104.063278 -102.799500 22.421816 124.000000 
-104.045486 -102.791145 22.420099 122.000000 
-102.146591 -106.009895 22.411003 73.000000 
-102.139755 -106.001129 22.408047 80.000000 
-102.124397 -105.993553 22.410391 80.000000 
-102.112755 -105.986130 22.410908 83.000000 
-102.104538 -105.978355 22.409380 80.000000 
-102.215660 -105.912544 22.407473 78.000000 
-102.099205 -105.969307 22.405392 86.000000 
-102.195740 -105.907295 22.413326 65.000000 
-102.097267 -105.959839 22.399323 83.000000 
-102.187286 -105.899376 22.411663 65.000000 
-102.088715 -105.951683 22.397659 83.000000 
-102.181732 -105.890083 22.407593 65.000000 
-102.176140 -105.880806 22.403542 68.000000 
-102.164162 -105.873459 22.403982 65.000000 
-102.268219 -105.806679 22.409998 80.000000 
-102.152184 -105.866173 22.404461 65.000000 
-102.263992 -105.796638 22.404778 78.000000 
-102.251740 -105.789192 22.405012 78.000000 
-102.232811 -105.783417 22.409447 81.000000 
-102.233276 -105.771881 22.401020 81.000000 
-102.337814 -105.701057 22.409462 91.000000 
-102.219994 -105.766060 22.402857 76.000000 
-102.325890 -105.694542 22.409950 91.000000 
-102.217201 -105.755585 22.396646 74.000000 
-102.313347 -105.687103 22.410057 96.000000 
-102.203300 -105.748917 22.398146 81.000000 
-102.307175 -105.677444 22.405943 93.000000 
-102.417404 -105.601616 22.414154 69.000000 
-102.300957 -105.667809 22.401848 85.000000 
-102.403290 -105.595169 22.415293 93.000000 
-102.288055 -105.660027 22.401848 72.000000 
-102.402618 -105.581841 22.406546 78.000000 
-102.269119 -105.655128 22.406376 74.000000 
-102.392929 -105.573143 22.404434 78.000000 
-102.373993 -105.568687 22.408785 70.000000 
-102.489922 -105.487762 22.417128 69.000000 
-102.361107 -105.561348 22.408825 68.000000 
-102.489601 -105.475006 22.408855 79.000000 
-102.351067 -105.552322 22.406614 70.000000 
-102.476067 -105.466949 22.408421 89.000000 
-102.344498 -105.542557 22.402546 68.000000 
-102.458076 -105.461433 22.411261 92.000000 
-102.454430 -105.450035 22.405060 92.000000 
-102.436440 -105.444656 22.407984 89.000000 
-102.441002 -105.430420 22.396961 96.000000 
-102.548698 -105.347763 22.413280 70.000000 
-102.419823 -105.426514 22.401989 89.000000 
-102.543144 -105.336731 22.408056 75.000000 
-102.398682 -105.422714 22.407078 67.000000 
-102.534363 -105.327118 22.404814 86.000000 
-102.511269 -105.323990 22.410454 83.000000 
-102.648232 -105.224724 22.413048 65.000000 
-102.494545 -105.318092 22.412212 92.000000 
-102.640724 -105.214104 22.408731 73.000000 
-102.480988 -105.310822 22.412043 75.000000 
-102.625221 -105.207260 22.409189 78.000000 
-102.606552 -105.202011 22.411598 79.000000 
-102.734726 -105.098122 22.420277 66.000000 
-102.595810 -105.193031 22.409285 91.000000 
-102.715324 -105.092239 22.422117 69.000000 
-102.590981 -105.180504 22.402966 98.000000 
-102.704277 -105.083023 22.419634 69.000000 
-102.580177 -105.171585 22.400705 88.000000 
-102.695183 -105.073586 22.416475 66.000000 
-102.685661 -105.063637 22.413126 67.000000 
-102.668228 -105.057770 22.414434 69.000000 
-102.650803 -105.051987 22.415792 72.000000 
-102.811729 -104.931061 22.413651 65.000000 
-102.799797 -104.921104 22.410860 73.000000 
-102.776077 -104.919090 22.415678 73.000000 
-102.764130 -104.909271 22.412971 78.000000 
-102.923798 -104.784088 22.417709 67.000000 
-102.758842 -104.896591 22.406921 67.000000 
-102.900841 -104.780624 22.420998 72.000000 
-102.888916 -104.771065 22.418331 72.000000 
-102.880104 -104.759750 22.413971 73.000000 
-102.865005 -104.752060 22.413094 73.000000 
-103.034981 -104.614471 22.417768 71.000000 
-102.856125 -104.740814 22.408792 72.000000 
-103.022583 -104.604599 22.414936 75.000000 
-103.003899 -104.598488 22.415449 70.000000 
-102.988342 -104.590599 22.414352 71.000000 
-102.969673 -104.584656 22.414963 78.000000 
-103.143845 -104.438454 22.423813 67.000000 
-102.957214 -104.575005 22.412287 67.000000 
-103.126289 -104.431267 22.423252 66.000000 
-102.942108 -104.567879 22.411531 67.000000 
-103.104561 -104.427673 22.425350 68.000000 
-103.091667 -104.417709 22.422493 73.000000 
-103.083389 -104.404831 22.417274 77.000000 
-103.276024 -104.241364 22.424385 105.000000 
-103.262596 -104.230965 22.421310 112.000000 
-103.237808 -104.227112 22.423382 117.000000 
-103.232056 -104.211731 22.416571 119.000000 
-103.210876 -104.206619 22.417440 118.000000 
-103.411240 -104.029854 22.428173 120.000000 
-103.401840 -104.015999 22.422789 123.000000 
-103.373993 -104.014847 22.426174 123.000000 
-103.346199 -104.013840 22.429632 124.000000 
-103.332169 -104.003357 22.426569 124.000000 
-103.564857 -103.796242 22.430672 111.000000 
-103.319633 -103.991852 22.422808 122.000000 
-103.551727 -103.784088 22.426632 123.000000 
-103.308571 -103.979309 22.418343 101.000000 
-103.527908 -103.779655 22.427488 124.000000 
-103.517761 -103.765411 22.422138 124.000000 
-103.506638 -103.752945 22.417746 126.000000 
-103.478302 -103.752098 22.420849 121.000000 
-103.454521 -103.748039 22.421917 118.000000 
-101.521141 -106.970268 22.419191 71.000000 
-101.514435 -106.961487 22.416208 86.000000 
-101.509041 -106.951874 22.411913 83.000000 
-101.507065 -106.941925 22.405569 83.000000 
-101.492287 -106.935226 22.408325 83.000000 
-101.592804 -106.873596 22.414412 72.000000 
-101.477516 -106.928604 22.411127 83.000000 
-101.587410 -106.864212 22.410257 65.000000 
-101.478889 -106.918327 22.402763 86.000000 
-101.465683 -106.911385 22.404490 90.000000 
-101.557564 -106.851349 22.415512 68.000000 
-101.465126 -106.901070 22.397087 74.000000 
-101.552109 -106.842072 22.411438 65.000000 
-101.450310 -106.894653 22.400023 83.000000 
-101.546623 -106.832802 22.407381 68.000000 
-101.539780 -106.824471 22.404659 73.000000 
-101.641022 -106.759583 22.412788 70.000000 
-101.532639 -106.815704 22.401756 68.000000 
-101.635300 -106.750053 22.408646 70.000000 
-101.517265 -106.808891 22.404284 70.000000 
-101.626045 -106.741074 22.406487 70.000000 
-101.718498 -106.675911 22.423639 65.000000 
-101.615456 -106.733116 22.405649 76.000000 
-101.719009 -106.664032 22.415218 87.000000 
-101.598473 -106.727264 22.409208 81.000000 
-101.716232 -106.653198 22.408907 88.000000 
-101.592651 -106.717857 22.405167 84.000000 
-101.700546 -106.646729 22.411066 81.000000 
-101.585495 -106.709465 22.402439 72.000000 
-101.685173 -106.640823 22.413479 69.000000 
-101.808975 -106.561699 22.413467 69.000000 
-101.675903 -106.632286 22.411482 69.000000 
-101.786530 -106.557518 22.419455 77.000000 
-101.669807 -106.622665 22.407385 76.000000 
-101.770561 -106.551102 22.421396 72.000000 
-101.663673 -106.613052 22.403307 70.000000 
-101.765862 -106.540619 22.416170 70.000000 
-101.761429 -106.530632 22.411165 72.000000 
-101.750237 -106.522575 22.410110 70.000000 
-101.866669 -106.442650 22.418365 85.000000 
-101.731041 -106.517609 22.414274 68.000000 
-101.860039 -106.432480 22.414093 85.000000 
-101.718239 -106.510284 22.414337 75.000000 
-101.846939 -106.424881 22.413851 75.000000 
-101.836700 -106.415550 22.411428 85.000000 
-101.815575 -106.411324 22.416300 82.000000 
-101.943413 -106.322327 22.420734 69.000000 
-101.807594 -106.402458 22.413361 72.000000 
-101.933563 -106.313820 22.418587 72.000000 
-101.800835 -106.392456 22.409227 85.000000 
-101.910507 -106.310326 22.424053 72.000000 
-101.906349 -106.298134 22.417650 70.000000 
-101.894508 -106.289940 22.416367 75.000000 
-102.021126 -106.197311 22.425596 76.000000 
-101.889374 -106.279495 22.411402 70.000000 
-102.017372 -106.185776 22.419588 84.000000 
-101.872719 -106.273506 22.413130 70.000000 
-102.006798 -106.176636 22.417158 82.000000 
-101.992622 -106.168488 22.416443 82.000000 
-102.113731 -106.069878 22.429712 73.000000 
-101.982010 -106.159439 22.414082 71.000000 
-102.102837 -106.060547 22.427145 69.000000 
-101.958641 -106.156433 22.419373 79.000000 
-102.088715 -106.052803 22.426439 67.000000 
-102.074966 -106.045662 22.425991 67.000000 
-102.060829 -106.038040 22.425364 69.000000 
-102.052650 -106.026787 22.420879 72.000000 
-102.198746 -105.915634 22.427803 71.000000 
-102.044815 -106.016075 22.416632 67.000000 
-102.191017 -105.905067 22.423613 78.000000 
-102.179245 -105.895058 22.420778 76.000000 
-102.168274 -105.886208 22.418413 76.000000 
-102.153694 -105.878517 22.417646 73.000000 
-102.295479 -105.765442 22.432713 79.000000 
-102.136375 -105.873116 22.418919 67.000000 
-102.285324 -105.754913 22.429111 78.000000 
-102.276718 -105.743546 22.424685 76.000000 
-102.249115 -105.742699 22.430574 78.000000 
-102.433449 -105.600548 22.428616 67.000000 
-102.246780 -105.727913 22.422783 72.000000 
-102.421234 -105.590553 22.425697 92.000000 
-102.234947 -105.718422 22.420170 69.000000 
-102.397919 -105.586967 22.428570 83.000000 
-102.391983 -105.573448 22.422438 99.000000 
-102.376556 -105.565445 22.421280 83.000000 
-102.364258 -105.555649 22.418509 86.000000 
-102.524582 -105.421432 22.435619 74.000000 
-102.347237 -105.548698 22.418261 71.000000 
-102.518173 -105.407471 22.429474 84.000000 
-102.492889 -105.404999 22.432846 90.000000 
-102.480156 -105.394966 22.429939 96.000000 
-102.677467 -105.231682 22.435457 65.000000 
-102.461151 -105.388832 22.430246 93.000000 
-102.668930 -105.218201 22.430027 110.000000 
-102.638466 -105.218643 22.435217 114.000000 
-102.623650 -105.209259 22.432898 119.000000 
-102.602608 -105.203949 22.433662 118.000000 
-102.592415 -105.191666 22.429142 122.000000 
-102.794472 -105.017303 22.439604 122.000000 
-102.579094 -105.181442 22.426180 68.000000 
-102.776001 -105.009651 22.438520 125.000000 
-102.759071 -105.001038 22.436760 125.000000 
-102.748306 -104.988312 22.432137 125.000000 
-102.728264 -104.981911 22.431915 125.000000 
-102.954346 -104.784470 22.440500 111.000000 
-102.705162 -104.977715 22.433208 122.000000 
-102.952194 -104.764725 22.431581 122.000000 
-102.926918 -104.761162 22.433035 125.000000 
-102.897087 -104.760971 22.436630 125.000000 
-102.887146 -104.746758 22.431273 126.000000 
-102.871071 -104.736938 22.428726 123.000000 
-102.853455 -104.728287 22.426922 119.000000 
-100.886024 -107.927216 22.400541 71.000000 
-100.879417 -107.918411 22.397532 80.000000 
-100.868225 -107.911209 22.398153 80.000000 
-100.859985 -107.902847 22.396332 83.000000 
-100.848518 -107.895287 22.396814 83.000000 
-100.843422 -107.886223 22.392767 86.000000 
-100.937767 -107.827324 22.402367 65.000000 
-100.835114 -107.877960 22.391027 86.000000 
-100.930878 -107.818428 22.399330 73.000000 
-100.820427 -107.871338 22.393898 71.000000 
-100.927170 -107.808701 22.394093 78.000000 
-100.812088 -107.863159 22.392221 83.000000 
-100.915413 -107.801140 22.394440 79.000000 
-100.892448 -107.796707 22.402647 73.000000 
-101.015244 -107.727531 22.395794 73.000000 
-100.888680 -107.787079 22.397490 79.000000 
-101.003212 -107.719872 22.395935 76.000000 
-100.989563 -107.712738 22.397203 87.000000 
-100.981293 -107.705170 22.395657 92.000000 
-101.088837 -107.636719 22.402439 74.000000 
-100.975647 -107.695724 22.391541 92.000000 
-101.065193 -107.632591 22.409811 78.000000 
-100.969688 -107.685814 22.387238 92.000000 
-101.065544 -107.620361 22.401163 70.000000 
-100.957588 -107.678383 22.387545 84.000000 
-101.053215 -107.612770 22.401217 70.000000 
-100.934608 -107.674995 22.395784 72.000000 
-101.054047 -107.601486 22.393007 83.000000 
-101.155861 -107.531593 22.406677 70.000000 
-101.035255 -107.596100 22.397379 88.000000 
-101.143257 -107.523895 22.406523 67.000000 
-101.019386 -107.589256 22.399467 72.000000 
-101.125778 -107.505318 22.400944 72.000000 
-101.113129 -107.497765 22.400894 75.000000 
-101.243401 -107.414871 22.400270 74.000000 
-101.106895 -107.487938 22.396723 78.000000 
-101.230446 -107.407104 22.399954 79.000000 
-101.094528 -107.480972 22.396948 81.000000 
-101.217804 -107.399902 22.399891 85.000000 
-101.091446 -107.470009 22.390738 81.000000 
-101.204834 -107.392250 22.399649 89.000000 
-101.077133 -107.463234 22.391861 72.000000 
-101.193466 -107.384033 22.398438 82.000000 
-101.301308 -107.305321 22.414902 69.000000 
-101.193329 -107.371460 22.390177 96.000000 
-101.299408 -107.293007 22.407642 70.000000 
-101.180305 -107.363930 22.390032 92.000000 
-101.287750 -107.284630 22.406252 79.000000 
-101.151276 -107.362869 22.400089 79.000000 
-101.279297 -107.274979 22.402937 86.000000 
-101.141800 -107.354721 22.398212 65.000000 
-101.266342 -107.267876 22.402807 81.000000 
-101.402168 -107.173721 22.406496 76.000000 
-101.240189 -107.265717 22.410372 83.000000 
-101.407951 -107.157471 22.394527 94.000000 
-101.239365 -107.252304 22.402025 81.000000 
-101.381004 -107.154732 22.401295 88.000000 
-101.357697 -107.151253 22.406458 82.000000 
-101.347260 -107.142166 22.404062 82.000000 
-101.462776 -107.048225 22.419731 66.000000 
-101.343216 -107.130226 22.397877 91.000000 
-101.456894 -107.036659 22.414415 74.000000 
-101.332718 -107.121193 22.395533 88.000000 
-101.452576 -107.024353 22.408197 74.000000 
-101.441780 -107.015083 22.405682 74.000000 
-101.429367 -107.006615 22.404123 77.000000 
-101.410934 -107.001808 22.406521 74.000000 
-101.569298 -106.887047 22.405912 71.000000 
-101.403282 -106.991135 22.402254 69.000000 
-101.554901 -106.879112 22.405025 80.000000 
-101.395203 -106.979942 22.397800 69.000000 
-101.530502 -106.875519 22.409313 76.000000 
-101.525681 -106.862885 22.403158 78.000000 
-101.673622 -106.749451 22.414583 73.000000 
-101.511261 -106.855133 22.402395 76.000000 
-101.655655 -106.743057 22.415215 76.000000 
-101.644081 -106.733376 22.412458 76.000000 
-101.635666 -106.722038 22.408012 72.000000 
-101.627213 -106.710716 22.403593 72.000000 
-101.787415 -106.584686 22.413712 94.000000 
-101.615547 -106.701141 22.400927 76.000000 
-101.775391 -106.574699 22.410793 89.000000 
-101.588051 -106.700249 22.406971 72.000000 
-101.764923 -106.563866 22.407082 83.000000 
-101.748085 -106.556641 22.406719 81.000000 
-101.729660 -106.550392 22.407234 81.000000 
-101.895889 -106.415321 22.420259 73.000000 
-101.714401 -106.542419 22.406134 68.000000 
-101.888153 -106.402336 22.414852 77.000000 
-101.864563 -106.398682 22.417425 75.000000 
-101.848885 -106.390457 22.416071 73.000000 
-101.837914 -106.379471 22.412361 70.000000 
-102.016716 -106.231819 22.426140 75.000000 
-101.833183 -106.364738 22.405476 75.000000 
-102.005302 -106.220390 22.422232 110.000000 
-101.990715 -106.210938 22.419880 108.000000 
-101.984436 -106.197273 22.413977 114.000000 
-101.968231 -106.188889 22.412462 111.000000 
-102.164650 -106.022614 22.424992 106.000000 
-101.945274 -106.183922 22.413839 108.000000 
-102.159950 -106.005112 22.417095 121.000000 
-102.136955 -106.000412 22.418207 124.000000 
-102.104645 -106.001945 22.423769 124.000000 
-102.091034 -105.991348 22.420610 123.000000 
-102.085144 -105.975639 22.413813 125.000000 
-102.297058 -105.790886 22.426874 123.000000 
-102.072998 -105.964066 22.409983 105.000000 
-102.287498 -105.776627 22.421396 124.000000 
-102.272270 -105.767288 22.418972 125.000000 
-102.267242 -105.749886 22.411457 126.000000 
-102.240623 -105.747467 22.413774 124.000000 
-102.218643 -105.741943 22.414049 122.000000 
-100.244949 -108.897865 22.406260 78.000000 
-100.235306 -108.889732 22.405453 102.000000 
-100.231857 -108.879822 22.399956 101.000000 
-100.222168 -108.871758 22.399206 94.000000 
-100.218887 -108.862320 22.393950 101.000000 
-100.309204 -108.806366 22.406792 70.000000 
-100.199524 -108.856483 22.400076 94.000000 
-100.302521 -108.797432 22.403677 73.000000 
-100.187080 -108.850197 22.402111 104.000000 
-100.296326 -108.789444 22.401001 78.000000 
-100.178940 -108.841957 22.400354 104.000000 
-100.283119 -108.782135 22.402359 73.000000 
-100.173973 -108.833000 22.396336 74.000000 
-100.263458 -108.776497 22.408199 79.000000 
-100.387337 -108.709885 22.401266 66.000000 
-100.176949 -108.822151 22.386600 83.000000 
-100.264763 -108.765671 22.399639 75.000000 
-100.373848 -108.702499 22.402382 83.000000 
-100.259575 -108.756470 22.395536 86.000000 
-100.363609 -108.694298 22.401381 87.000000 
-100.254356 -108.747276 22.391449 70.000000 
-100.351738 -108.686592 22.401497 84.000000 
-100.342545 -108.677094 22.399061 89.000000 
-100.437752 -108.614349 22.413799 74.000000 
-100.337105 -108.667671 22.394899 89.000000 
-100.417480 -108.608994 22.418993 72.000000 
-100.322502 -108.661964 22.397707 95.000000 
-100.425461 -108.596436 22.406744 72.000000 
-100.310585 -108.654465 22.397963 78.000000 
-100.413307 -108.588753 22.406733 72.000000 
-100.297043 -108.647491 22.399351 66.000000 
-100.401138 -108.581123 22.406759 76.000000 
-100.299530 -108.635803 22.389809 68.000000 
-100.382484 -108.575562 22.411074 79.000000 
-100.380005 -108.565018 22.404800 81.000000 
-100.498291 -108.491417 22.406897 65.000000 
-100.374252 -108.555489 22.400669 74.000000 
-100.482574 -108.484787 22.408806 65.000000 
-100.378113 -108.542847 22.390142 65.000000 
-100.473351 -108.476059 22.406630 77.000000 
-100.599701 -108.397285 22.408463 74.000000 
-100.468964 -108.465714 22.401377 75.000000 
-100.582031 -108.391159 22.411083 95.000000 
-100.459991 -108.457535 22.399462 84.000000 
-100.571213 -108.383308 22.409966 85.000000 
-100.447464 -108.450020 22.399445 81.000000 
-100.564941 -108.373238 22.405657 75.000000 
-100.426582 -108.444916 22.404474 72.000000 
-100.556702 -108.363266 22.402159 96.000000 
-100.535782 -108.358620 22.406971 89.000000 
-100.663788 -108.274261 22.410730 74.000000 
-100.522972 -108.351067 22.406790 85.000000 
-100.670242 -108.258896 22.398561 83.000000 
-100.508545 -108.344177 22.407660 67.000000 
-100.632706 -108.260590 22.412733 79.000000 
-100.504089 -108.334160 22.402689 72.000000 
-100.619934 -108.253410 22.412552 69.000000 
-100.763390 -108.159180 22.411650 75.000000 
-100.608437 -108.245140 22.411213 75.000000 
-100.748322 -108.151909 22.411913 94.000000 
-100.598213 -108.235756 22.408712 75.000000 
-100.729652 -108.145531 22.413893 73.000000 
-100.593132 -108.224953 22.403502 81.000000 
-100.721085 -108.135689 22.410460 82.000000 
-100.579964 -108.217461 22.403242 69.000000 
-100.714104 -108.125191 22.406103 85.000000 
-100.703857 -108.116089 22.403671 85.000000 
-100.825516 -108.022316 22.415966 67.000000 
-100.687485 -108.110336 22.405306 88.000000 
-100.816597 -108.012245 22.412441 74.000000 
-100.667549 -108.105553 22.408686 71.000000 
-100.799553 -108.005844 22.413542 72.000000 
-100.663696 -108.093788 22.402531 67.000000 
-100.777664 -108.001732 22.417454 82.000000 
-100.932938 -107.892609 22.418844 65.000000 
-100.770309 -107.991074 22.413115 83.000000 
-100.910675 -107.888382 22.422295 71.000000 
-100.759705 -107.981926 22.410650 86.000000 
-100.866516 -107.850098 22.411469 69.000000 
-101.013870 -107.739891 22.422377 69.000000 
-100.855507 -107.840759 22.408899 69.000000 
-101.010612 -107.726120 22.415279 78.000000 
-100.992813 -107.719711 22.415926 83.000000 
-100.975014 -107.713379 22.416622 83.000000 
-100.957634 -107.707703 22.417591 90.000000 
-101.135101 -107.575912 22.417747 94.000000 
-100.946243 -107.698204 22.414923 85.000000 
-101.113678 -107.571098 22.419758 78.000000 
-101.097076 -107.563797 22.419342 86.000000 
-101.085274 -107.553963 22.416483 83.000000 
-101.077797 -107.540977 22.410938 89.000000 
-101.234612 -107.415352 22.428362 72.000000 
-101.067520 -107.530334 22.407307 86.000000 
-101.205826 -107.398399 22.424927 68.000000 
-101.195160 -107.387436 22.421160 70.000000 
-101.174950 -107.382011 22.422224 73.000000 
-101.364334 -107.231041 22.429432 105.000000 
-101.161072 -107.372986 22.420134 70.000000 
-101.359558 -107.215874 22.422447 75.000000 
-101.144028 -107.365875 22.419689 68.000000 
-101.338852 -107.210205 22.423115 106.000000 
-101.319756 -107.203674 22.423075 110.000000 
-101.297501 -107.199150 22.424620 115.000000 
-101.497185 -107.035118 22.434322 121.000000 
-101.281555 -107.190872 22.423145 102.000000 
-101.483925 -107.024384 22.431015 122.000000 
-101.270317 -107.179749 22.419399 75.000000 
-101.464340 -107.017670 22.430670 124.000000 
-101.455750 -107.004059 22.425249 126.000000 
-101.437714 -106.996475 22.424259 124.000000 
-101.422798 -106.986954 22.421846 124.000000 
-101.641930 -106.803123 22.431023 119.000000 
-101.398506 -106.983566 22.423903 123.000000 
-101.626465 -106.793098 22.428299 122.000000 
-101.604736 -106.787285 22.428411 125.000000 
-101.589249 -106.777397 22.425777 125.000000 
-101.575287 -106.766518 22.422483 126.000000 
-101.555107 -106.759895 22.422045 121.000000 
-99.611519 -109.830200 22.394716 74.000000 
-99.614891 -109.819389 22.384874 83.000000 
-99.599922 -109.811234 22.387022 86.000000 
-99.587051 -109.803734 22.388508 90.000000 
-99.573044 -109.797562 22.391582 94.000000 
-99.678375 -109.739105 22.394365 67.000000 
-99.569817 -109.788124 22.386333 111.000000 
-99.663620 -109.731949 22.396732 73.000000 
-99.560127 -109.780098 22.385653 101.000000 
-99.658607 -109.722603 22.392517 73.000000 
-99.545616 -109.773186 22.388428 82.000000 
-99.648697 -109.714424 22.391642 68.000000 
-99.534309 -109.765625 22.388962 88.000000 
-99.646858 -109.704346 22.385250 68.000000 
-99.745323 -109.644936 22.395969 66.000000 
-99.526192 -109.757385 22.387239 88.000000 
-99.635292 -109.696617 22.385538 68.000000 
-99.741692 -109.634941 22.390610 80.000000 
-99.612427 -109.691742 22.393671 73.000000 
-99.734756 -109.625793 22.387424 84.000000 
-99.719673 -109.618828 22.389673 81.000000 
-99.603737 -109.672951 22.384394 68.000000 
-99.701340 -109.612808 22.394140 87.000000 
-99.815018 -109.545753 22.397230 69.000000 
-99.695984 -109.603355 22.389967 78.000000 
-99.796387 -109.539719 22.401331 72.000000 
-99.690590 -109.593918 22.385809 89.000000 
-99.787567 -109.530952 22.399162 81.000000 
-99.685158 -109.584488 22.381670 84.000000 
-99.781982 -109.521255 22.394909 70.000000 
-99.671646 -109.577370 22.383024 71.000000 
-99.769859 -109.513512 22.394911 74.000000 
-99.882698 -109.443268 22.401705 69.000000 
-99.653320 -109.571709 22.387712 66.000000 
-99.764214 -109.503860 22.390703 79.000000 
-99.870316 -109.435364 22.401464 70.000000 
-99.752060 -109.496216 22.390772 79.000000 
-99.867722 -109.424385 22.395092 77.000000 
-99.739899 -109.488617 22.390879 70.000000 
-99.860191 -109.414986 22.391823 81.000000 
-99.731239 -109.480545 22.389091 69.000000 
-99.848053 -109.407707 22.391890 75.000000 
-99.960320 -109.334732 22.402903 95.000000 
-99.832352 -109.401054 22.393852 87.000000 
-99.959091 -109.322861 22.395523 96.000000 
-99.823143 -109.392319 22.391710 87.000000 
-99.949631 -109.313805 22.393154 92.000000 
-99.817146 -109.382515 22.387518 81.000000 
-99.927094 -109.309380 22.398844 96.000000 
-99.805969 -109.373901 22.386265 72.000000 
-99.918930 -109.299362 22.395332 99.000000 
-100.033127 -109.221573 22.408207 69.000000 
-99.902924 -109.292801 22.397104 94.000000 
-100.020119 -109.213623 22.407682 83.000000 
-99.898582 -109.282684 22.392059 82.000000 
-100.009056 -109.205635 22.406441 83.000000 
-99.884186 -109.275642 22.392899 72.000000 
-100.002548 -109.195313 22.402084 81.000000 
-99.860092 -109.272285 22.399872 67.000000 
-99.996002 -109.185005 22.397749 81.000000 
-100.118935 -109.100151 22.409281 82.000000 
-99.976425 -109.179764 22.401283 89.000000 
-100.120308 -109.086227 22.400106 94.000000 
-99.953629 -109.175911 22.406839 81.000000 
-100.106918 -109.078232 22.399445 88.000000 
-99.956741 -109.161888 22.396696 66.000000 
-100.086990 -109.072968 22.402613 85.000000 
-100.073593 -109.065109 22.402039 76.000000 
-100.194191 -108.972801 22.415016 69.000000 
-100.053696 -109.060028 22.405315 94.000000 
-100.185394 -108.962662 22.411457 86.000000 
-100.050003 -109.048203 22.399101 91.000000 
-100.170052 -108.955391 22.411592 88.000000 
-100.166092 -108.943176 22.405336 88.000000 
-100.158829 -108.932404 22.400938 86.000000 
-100.295425 -108.833183 22.413198 80.000000 
-100.135345 -108.928917 22.405804 92.000000 
-100.287857 -108.822044 22.408669 71.000000 
-100.118355 -108.922623 22.407032 74.000000 
-100.277000 -108.812439 22.405937 78.000000 
-100.259636 -108.805916 22.406799 73.000000 
-100.239044 -108.801010 22.409496 73.000000 
-100.227768 -108.791031 22.406666 78.000000 
-100.390511 -108.674858 22.409636 75.000000 
-100.363052 -108.673058 22.415371 81.000000 
-100.352203 -108.663910 22.412809 87.000000 
-100.340927 -108.654228 22.410053 85.000000 
-100.332840 -108.642960 22.405603 92.000000 
-100.490311 -108.523338 22.416536 78.000000 
-100.478630 -108.513336 22.413591 72.000000 
-100.463715 -108.505081 22.412338 75.000000 
-100.455208 -108.493462 22.407803 86.000000 
-100.438644 -108.486168 22.407459 89.000000 
-100.608795 -108.354187 22.417974 74.000000 
-100.426880 -108.476349 22.404655 81.000000 
-100.587021 -108.349274 22.419678 66.000000 
-100.411896 -108.468315 22.403559 71.000000 
-100.566864 -108.343567 22.420643 70.000000 
-100.551514 -108.335258 22.419266 75.000000 
-100.542526 -108.323395 22.414728 75.000000 
-100.731880 -108.175407 22.422724 103.000000 
-100.720840 -108.163963 22.418774 110.000000 
-100.704994 -108.155357 22.417145 116.000000 
-100.690720 -108.145874 22.414795 118.000000 
-100.676430 -108.136452 22.412487 119.000000 
-100.869408 -107.978676 22.425856 118.000000 
-100.652634 -108.132797 22.414837 108.000000 
-100.859413 -107.965904 22.421074 121.000000 
-100.630447 -108.128311 22.416481 79.000000 
-100.839867 -107.959038 22.420710 122.000000 
-100.812439 -107.957176 22.424063 126.000000 
-100.799225 -107.946548 22.420872 126.000000 
-101.026535 -107.761040 22.427145 121.000000 
-100.784416 -107.936958 22.418453 123.000000 
-101.009605 -107.751884 22.425062 123.000000 
-100.770088 -107.928055 22.416306 121.000000 
-100.993202 -107.743446 22.423265 125.000000 
-100.979385 -107.732376 22.419874 126.000000 
-100.971260 -107.716568 22.413477 127.000000 
-100.940208 -107.716965 22.417891 127.000000 
-100.915443 -107.713356 22.419561 121.000000 
-98.971329 -110.767006 22.391510 71.000000 
-98.966675 -110.757774 22.387268 90.000000 
-98.963608 -110.748230 22.381914 83.000000 
-98.955650 -110.739639 22.379963 86.000000 
-98.942818 -110.732056 22.381437 90.000000 
-98.929977 -110.724533 22.382954 98.000000 
-99.042252 -110.665222 22.381300 68.000000 
-98.925430 -110.715858 22.379028 107.000000 
-99.021248 -110.659836 22.388273 68.000000 
-98.915787 -110.707764 22.378334 85.000000 
-99.011414 -110.651550 22.387358 73.000000 
-98.907494 -110.698906 22.376328 67.000000 
-99.007790 -110.641357 22.381830 75.000000 
-98.904221 -110.689491 22.371113 83.000000 
-98.996284 -110.633514 22.382082 82.000000 
-99.096710 -110.574341 22.391525 80.000000 
-98.991486 -110.624664 22.378124 86.000000 
-99.090134 -110.565636 22.388527 78.000000 
-98.976723 -110.617683 22.380672 68.000000 
-99.081642 -110.556877 22.386421 89.000000 
-99.076378 -110.547325 22.382174 89.000000 
-99.171089 -110.486374 22.398199 69.000000 
-99.061325 -110.540321 22.384462 89.000000 
-99.162361 -110.477470 22.395958 75.000000 
-99.049530 -110.532547 22.384621 87.000000 
-99.166710 -110.464958 22.385319 74.000000 
-99.032860 -110.526131 22.388092 66.000000 
-99.144836 -110.459770 22.391565 79.000000 
-99.129517 -110.452843 22.393644 76.000000 
-99.259445 -110.378677 22.390205 69.000000 
-99.117455 -110.445045 22.393650 79.000000 
-99.240524 -110.372604 22.394005 70.000000 
-99.115410 -110.434914 22.387526 76.000000 
-99.225197 -110.366119 22.396025 67.000000 
-99.217766 -110.356667 22.392727 72.000000 
-99.211647 -110.346230 22.388205 72.000000 
-99.327873 -110.273109 22.397280 79.000000 
-99.204147 -110.336823 22.384954 77.000000 
-99.323463 -110.262314 22.391855 95.000000 
-99.190704 -110.330528 22.386301 87.000000 
-99.317978 -110.253090 22.387888 96.000000 
-99.178299 -110.322784 22.386223 75.000000 
-99.308563 -110.243973 22.385504 96.000000 
-99.293915 -110.236061 22.385948 89.000000 
-99.273048 -110.231003 22.390684 92.000000 
-99.399246 -110.149811 22.396578 79.000000 
-99.266853 -110.220909 22.386395 96.000000 
-99.389549 -110.140549 22.394083 83.000000 
-99.254128 -110.213135 22.386173 79.000000 
-99.361809 -110.137962 22.402349 77.000000 
-99.247879 -110.203079 22.381933 79.000000 
-99.348831 -110.130051 22.401897 83.000000 
-99.498795 -110.036301 22.398130 75.000000 
-99.355415 -110.114830 22.389723 83.000000 
-99.483833 -110.028755 22.398331 94.000000 
-99.348892 -110.104485 22.385393 86.000000 
-99.470512 -110.020638 22.397631 82.000000 
-99.332581 -110.097923 22.386992 66.000000 
-99.460457 -110.011276 22.395075 91.000000 
-99.316605 -110.091949 22.388851 66.000000 
-99.453987 -110.001175 22.390873 88.000000 
-99.434097 -109.995850 22.394085 94.000000 
-99.572990 -109.896126 22.396675 67.000000 
-99.413879 -109.990097 22.397139 88.000000 
-99.557663 -109.888641 22.396742 69.000000 
-99.413498 -109.976906 22.388992 65.000000 
-99.537437 -109.883316 22.399614 69.000000 
-99.406578 -109.966400 22.384684 67.000000 
-99.528633 -109.873169 22.396091 77.000000 
-99.518173 -109.863762 22.393520 83.000000 
-99.653770 -109.766083 22.406507 71.000000 
-99.510933 -109.852966 22.389130 75.000000 
-99.639740 -109.757866 22.405514 71.000000 
-99.490707 -109.847946 22.392187 70.000000 
-99.641991 -109.742256 22.395666 73.000000 
-99.631157 -109.732605 22.392950 67.000000 
-99.617050 -109.724503 22.392054 76.000000 
-99.759789 -109.619629 22.406649 68.000000 
-99.596466 -109.719505 22.394783 67.000000 
-99.756752 -109.605797 22.399481 72.000000 
-99.732933 -109.602783 22.403721 81.000000 
-99.711998 -109.597740 22.406078 83.000000 
-99.703621 -109.585831 22.401361 83.000000 
-99.873550 -109.461807 22.406542 94.000000 
-99.695595 -109.574501 22.396893 75.000000 
-99.847343 -109.459122 22.410976 75.000000 
-99.679482 -109.567253 22.396790 68.000000 
-99.840591 -109.446556 22.405540 81.000000 
-99.832169 -109.434845 22.400955 78.000000 
-99.822105 -109.423996 22.397232 83.000000 
-99.974083 -109.303749 22.417545 77.000000 
-99.805573 -109.416580 22.396873 71.000000 
-99.970123 -109.289047 22.410471 77.000000 
-99.784241 -109.411804 22.399073 71.000000 
-99.954819 -109.280487 22.408989 77.000000 
-99.933075 -109.275513 22.410746 75.000000 
-99.912956 -109.269760 22.411758 77.000000 
-100.116524 -109.116203 22.413588 109.000000 
-99.902451 -109.258743 22.408010 66.000000 
-100.102348 -109.106453 22.411102 116.000000 
-100.073738 -109.105049 22.415537 116.000000 
-100.059563 -109.095451 22.413151 118.000000 
-100.050156 -109.083122 22.408497 118.000000 
-100.234947 -108.932770 22.426172 118.000000 
-100.035927 -109.073624 22.406183 69.000000 
-100.221901 -108.921860 22.422815 122.000000 
-100.029617 -109.059471 22.400049 72.000000 
-100.208824 -108.911003 22.419497 124.000000 
-100.198891 -108.898247 22.414745 125.000000 
-100.184166 -108.888435 22.412231 126.000000 
-100.398346 -108.713135 22.424677 116.000000 
-100.158348 -108.885536 22.414919 121.000000 
-100.389442 -108.698845 22.419075 122.000000 
-100.138878 -108.878830 22.414717 121.000000 
-100.372574 -108.689590 22.416988 126.000000 
-100.350960 -108.683434 22.417048 127.000000 
-100.332497 -108.675346 22.415762 129.000000 
-100.314041 -108.667336 22.414524 129.000000 
-100.297142 -108.658379 22.412630 121.000000 
-98.349205 -111.687920 22.375980 73.000000 
-98.338066 -111.679703 22.376179 71.000000 
-98.321815 -111.671982 22.379581 83.000000 
-98.320396 -111.662079 22.373089 86.000000 
-98.315697 -111.652779 22.368866 86.000000 
-98.307724 -111.644127 22.366928 83.000000 
-98.295372 -111.637383 22.368845 94.000000 
-98.393517 -111.581474 22.377483 68.000000 
-98.282532 -111.629784 22.370384 111.000000 
-98.272430 -111.620667 22.369272 88.000000 
-98.383133 -111.561531 22.368519 68.000000 
-98.274025 -111.610161 22.360596 82.000000 
-98.361900 -111.555687 22.375381 68.000000 
-98.262985 -111.602814 22.361294 77.000000 
-98.357147 -111.546745 22.371393 65.000000 
-98.472824 -111.484322 22.371414 70.000000 
-98.348877 -111.538086 22.369442 65.000000 
-98.452888 -111.478180 22.376808 76.000000 
-98.446297 -111.469398 22.373816 84.000000 
-98.441048 -111.459747 22.369549 87.000000 
-98.435760 -111.450096 22.365299 78.000000 
-98.530869 -111.389107 22.381571 66.000000 
-98.420700 -111.443001 22.367609 84.000000 
-98.525398 -111.379219 22.377228 69.000000 
-98.407265 -111.435547 22.368874 72.000000 
-98.516624 -111.370247 22.375019 70.000000 
-98.398666 -111.426865 22.366896 71.000000 
-98.511086 -111.360390 22.370718 74.000000 
-98.620323 -111.292671 22.381287 76.000000 
-98.489220 -111.355186 22.377058 79.000000 
-98.614578 -111.282524 22.376873 72.000000 
-98.483643 -111.345413 22.372820 74.000000 
-98.598938 -111.275360 22.378654 70.000000 
-98.583015 -111.267776 22.380266 68.000000 
-98.577194 -111.257736 22.375942 70.000000 
-98.703903 -111.181747 22.379385 79.000000 
-98.570000 -111.248718 22.372890 72.000000 
-98.691544 -111.174026 22.379148 85.000000 
-98.562485 -111.239227 22.369646 75.000000 
-98.677238 -111.166389 22.379728 82.000000 
-98.669792 -111.157143 22.376556 72.000000 
-98.537926 -111.223984 22.369699 70.000000 
-98.662010 -111.147400 22.373188 82.000000 
-98.767715 -111.074219 22.392563 66.000000 
-98.647659 -111.139923 22.373880 85.000000 
-98.772896 -111.059578 22.381289 79.000000 
-98.623528 -111.135902 22.380686 82.000000 
-98.761543 -111.050758 22.379744 77.000000 
-98.745255 -111.043777 22.381166 83.000000 
-98.725700 -111.038078 22.384594 86.000000 
-98.878044 -110.944069 22.380457 76.000000 
-98.719223 -111.027634 22.380230 75.000000 
-98.864708 -110.935707 22.379686 94.000000 
-98.712715 -111.017204 22.375887 75.000000 
-98.844788 -110.929955 22.382742 85.000000 
-98.834381 -110.919907 22.379940 85.000000 
-98.824295 -110.910446 22.377396 82.000000 
-98.817787 -110.900246 22.373196 82.000000 
-98.804382 -110.892159 22.372618 76.000000 
-98.929321 -110.799026 22.384113 72.000000 
-98.909073 -110.793518 22.386974 74.000000 
-98.897011 -110.784637 22.385281 82.000000 
-99.056931 -110.678246 22.386723 68.000000 
-98.883293 -110.776512 22.384548 78.000000 
-99.036308 -110.672653 22.389194 71.000000 
-98.879326 -110.764198 22.378292 70.000000 
-99.009163 -110.670090 22.395283 76.000000 
-99.004921 -110.657364 22.388975 73.000000 
-98.990845 -110.649094 22.388041 73.000000 
-98.986511 -110.636398 22.381777 71.000000 
-99.123032 -110.534546 22.399950 69.000000 
-99.119637 -110.520073 22.392544 76.000000 
-99.101929 -110.513191 22.393126 81.000000 
-99.087868 -110.505402 22.392258 87.000000 
-99.268768 -110.377571 22.393211 77.000000 
-99.073402 -110.497093 22.391205 78.000000 
-99.260422 -110.365578 22.388496 92.000000 
-99.060539 -110.488052 22.389326 68.000000 
-99.235764 -110.361809 22.392082 78.000000 
-99.212776 -110.357346 22.394907 83.000000 
-99.199509 -110.348007 22.392805 89.000000 
-99.191071 -110.336212 22.388239 92.000000 
-99.353546 -110.211403 22.404137 74.000000 
-99.351212 -110.195717 22.396242 73.000000 
-99.329430 -110.190453 22.397932 77.000000 
-99.312492 -110.182663 22.397284 87.000000 
-99.305191 -110.169670 22.391869 83.000000 
-99.498474 -110.022987 22.399912 109.000000 
-99.489120 -110.010345 22.395119 108.000000 
-99.468468 -110.004112 22.395712 115.000000 
-99.446228 -109.998894 22.397127 115.000000 
-99.425606 -109.992859 22.397835 118.000000 
-99.638611 -109.827164 22.403584 121.000000 
-99.417747 -109.979492 22.392426 72.000000 
-99.607880 -109.826469 22.408220 121.000000 
-99.602768 -109.810654 22.401217 125.000000 
-99.585930 -109.800911 22.399134 125.000000 
-99.572754 -109.789948 22.395863 124.000000 
-99.789597 -109.614342 22.408381 121.000000 
-99.554794 -109.781944 22.394844 121.000000 
-99.779076 -109.600868 22.403448 123.000000 
-99.530502 -109.777916 22.396837 122.000000 
-99.758995 -109.593407 22.402742 124.000000 
-99.742073 -109.584030 22.400686 125.000000 
-99.720406 -109.577736 22.400787 125.000000 
-99.704536 -109.569832 22.399303 124.000000 
-99.693878 -109.556602 22.394564 123.000000 
-97.675117 -112.612770 22.380983 68.000000 
-97.678741 -112.602005 22.371090 80.000000 
-97.667664 -112.593742 22.371349 86.000000 
-97.656578 -112.585533 22.371645 80.000000 
-97.642242 -112.577972 22.374249 80.000000 
-97.634369 -112.569283 22.372351 83.000000 
-97.632942 -112.559402 22.365925 86.000000 
-97.726685 -112.505417 22.377695 68.000000 
-97.625015 -112.550758 22.364071 77.000000 
-97.718590 -112.496559 22.375660 68.000000 
-97.617073 -112.542145 22.362246 86.000000 
-97.713722 -112.487053 22.371431 68.000000 
-97.599464 -112.535500 22.367329 65.000000 
-97.705582 -112.478256 22.369448 68.000000 
-97.700653 -112.468788 22.365259 78.000000 
-97.808739 -112.409286 22.370583 73.000000 
-97.679504 -112.462921 22.372269 68.000000 
-97.801979 -112.399902 22.367363 87.000000 
-97.783752 -112.393280 22.371763 84.000000 
-97.772064 -112.385170 22.371870 81.000000 
-97.890862 -112.319565 22.373165 81.000000 
-97.766869 -112.375504 22.367653 92.000000 
-97.875618 -112.312134 22.375134 72.000000 
-97.755150 -112.367485 22.367826 87.000000 
-97.857094 -112.305641 22.379265 72.000000 
-97.748283 -112.358284 22.364752 71.000000 
-97.851692 -112.295746 22.374973 70.000000 
-97.852791 -112.284081 22.366451 66.000000 
-97.947800 -112.221596 22.386099 67.000000 
-97.837509 -112.276878 22.368578 74.000000 
-97.942169 -112.211441 22.381727 65.000000 
-97.825485 -112.268852 22.368618 70.000000 
-97.936493 -112.201302 22.377377 65.000000 
-97.810204 -112.261810 22.370836 66.000000 
-97.927505 -112.192154 22.375113 67.000000 
-97.911942 -112.185005 22.377024 65.000000 
-98.040924 -112.109802 22.379103 79.000000 
-98.041855 -112.097801 22.370886 79.000000 
-98.022667 -112.091599 22.374502 85.000000 
-98.005432 -112.085472 22.377390 92.000000 
-97.999390 -112.075150 22.373045 92.000000 
-98.132217 -111.994041 22.376572 66.000000 
-97.996284 -112.063232 22.366482 92.000000 
-98.107437 -111.989090 22.382591 79.000000 
-97.983627 -112.055122 22.366232 79.000000 
-98.096191 -111.980202 22.381090 81.000000 
-98.083275 -111.971947 22.380604 81.000000 
-98.073639 -111.962570 22.378195 77.000000 
-98.215271 -111.874184 22.380518 82.000000 
-98.064293 -111.953766 22.376032 92.000000 
-98.210617 -111.863190 22.375284 84.000000 
-98.044800 -111.948051 22.379599 86.000000 
-98.200638 -111.853516 22.372686 79.000000 
-98.184059 -111.846397 22.373926 79.000000 
-98.312340 -111.754623 22.385046 68.000000 
-98.157646 -111.843155 22.380934 85.000000 
-98.290161 -111.748802 22.388494 67.000000 
-98.157127 -111.829300 22.372509 82.000000 
-98.281525 -111.738335 22.384888 69.000000 
-98.150345 -111.818542 22.368141 71.000000 
-98.268272 -111.730461 22.384295 74.000000 
-98.140602 -111.809631 22.365931 71.000000 
-98.264511 -111.718040 22.377977 74.000000 
-98.253784 -111.707787 22.375154 74.000000 
-98.397888 -111.609192 22.385235 71.000000 
-98.233589 -111.702248 22.378151 74.000000 
-98.393784 -111.596329 22.378872 67.000000 
-98.379784 -111.587761 22.377872 69.000000 
-98.209518 -111.684502 22.374998 72.000000 
-98.362488 -111.580696 22.378702 76.000000 
-98.348473 -111.572266 22.377790 78.000000 
-98.337692 -111.562424 22.375124 76.000000 
-98.488693 -111.456306 22.386541 67.000000 
-98.469795 -111.450523 22.388197 65.000000 
-98.453789 -111.442711 22.387951 67.000000 
-98.447151 -111.429764 22.382336 72.000000 
-98.611244 -111.312195 22.392355 82.000000 
-98.439240 -111.418175 22.377832 78.000000 
-98.606277 -111.298553 22.386021 89.000000 
-98.423180 -111.410530 22.377705 65.000000 
-98.589836 -111.290543 22.385513 71.000000 
-98.579903 -111.279366 22.381725 75.000000 
-98.563438 -111.271484 22.381304 78.000000 
-98.734001 -111.145096 22.394295 69.000000 
-98.542107 -111.266144 22.383436 70.000000 
-98.718773 -111.136078 22.392744 70.000000 
-98.705162 -111.126274 22.390438 73.000000 
-98.675316 -111.125084 22.396175 70.000000 
-98.668175 -111.112000 22.390757 68.000000 
-98.656136 -111.101524 22.387777 68.000000 
-98.843124 -110.943016 22.389986 108.000000 
-98.830597 -110.932106 22.386786 68.000000 
-99.002441 -110.775299 22.403893 104.000000 
-98.994301 -110.761215 22.398302 121.000000 
-98.973236 -110.754631 22.398602 123.000000 
-98.955383 -110.746254 22.397488 125.000000 
-98.926331 -110.744583 22.401579 125.000000 
-98.922867 -110.727844 22.393929 125.000000 
-99.149338 -110.549484 22.402515 123.000000 
-98.906593 -110.718735 22.392216 122.000000 
-99.121353 -110.546654 22.405306 122.000000 
-99.110939 -110.533165 22.400452 124.000000 
-99.097305 -110.521675 22.397038 125.000000 
-99.082054 -110.511223 22.394365 125.000000 
-99.062553 -110.504486 22.394093 120.000000 
-97.025536 -113.525574 22.373566 68.000000 
-97.014549 -113.517166 22.373791 71.000000 
-97.008430 -113.508011 22.370667 77.000000 
-97.000664 -113.499146 22.368694 80.000000 
-96.992867 -113.490318 22.366753 80.000000 
-96.991531 -113.480370 22.360289 80.000000 
-96.980446 -113.472168 22.360668 80.000000 
-96.959663 -113.465805 22.367935 86.000000 
-96.958237 -113.455917 22.361538 71.000000 
-97.061913 -113.400276 22.366367 65.000000 
-96.950340 -113.447266 22.359735 80.000000 
-97.047310 -113.392715 22.368818 65.000000 
-97.039207 -113.383873 22.366858 78.000000 
-97.151070 -113.324547 22.370035 70.000000 
-96.938148 -113.430321 22.354313 71.000000 
-97.038055 -113.374626 22.360870 71.000000 
-97.139969 -113.317192 22.370489 70.000000 
-97.133263 -113.307777 22.367292 76.000000 
-97.126274 -113.297897 22.363909 78.000000 
-97.221016 -113.239204 22.381332 69.000000 
-97.117882 -113.288918 22.361849 87.000000 
-97.215744 -113.229195 22.376986 66.000000 
-97.106201 -113.280762 22.362005 84.000000 
-97.210434 -113.219193 22.372656 69.000000 
-97.208374 -113.208351 22.366224 76.000000 
-97.089569 -113.263474 22.358246 73.000000 
-97.193420 -113.201439 22.368515 79.000000 
-97.310486 -113.133858 22.374847 83.000000 
-97.174934 -113.194984 22.372768 79.000000 
-97.296913 -113.126404 22.375807 67.000000 
-97.169250 -113.184601 22.368332 83.000000 
-97.284157 -113.117020 22.375124 67.000000 
-97.170311 -113.172935 22.359850 65.000000 
-97.265640 -113.111107 22.379269 65.000000 
-97.258072 -113.100937 22.375786 72.000000 
-97.389397 -113.026260 22.377003 74.000000 
-97.259232 -113.089386 22.367565 72.000000 
-97.380196 -113.016785 22.374569 85.000000 
-97.250237 -113.080231 22.365376 81.000000 
-97.366310 -113.009399 22.375397 82.000000 
-97.241501 -113.071617 22.363426 66.000000 
-97.362015 -112.998444 22.370008 75.000000 
-97.360664 -112.985924 22.362398 79.000000 
-97.341507 -112.979744 22.366142 82.000000 
-97.468201 -112.901482 22.373571 72.000000 
-97.321320 -112.975243 22.371384 85.000000 
-97.457619 -112.893509 22.372490 83.000000 
-97.310371 -112.966560 22.370161 65.000000 
-97.436493 -112.887917 22.376871 75.000000 
-97.300423 -112.956352 22.367533 65.000000 
-97.413116 -112.881950 22.381861 73.000000 
-97.413391 -112.869072 22.373583 81.000000 
-97.558853 -112.780212 22.373945 82.000000 
-97.400490 -112.860840 22.373199 89.000000 
-97.542336 -112.772873 22.375139 89.000000 
-97.530769 -112.763779 22.373529 79.000000 
-97.517540 -112.755356 22.372910 82.000000 
-97.514145 -112.743233 22.366594 79.000000 
-97.497597 -112.736153 22.367956 88.000000 
-97.630783 -112.642548 22.375694 72.000000 
-97.474510 -112.731705 22.373209 67.000000 
-97.617203 -112.634010 22.374895 67.000000 
-97.471031 -112.719673 22.366978 70.000000 
-97.597046 -112.628197 22.377834 72.000000 
-97.581818 -112.620476 22.378052 82.000000 
-97.571495 -112.610786 22.375525 68.000000 
-97.722389 -112.509972 22.381439 71.000000 
-97.708450 -112.501358 22.380486 69.000000 
-97.704338 -112.488518 22.374201 76.000000 
-97.690353 -112.479996 22.373318 69.000000 
-97.835686 -112.378029 22.388351 68.000000 
-97.666565 -112.475883 22.377874 69.000000 
-97.823029 -112.368507 22.386337 65.000000 
-97.818542 -112.355270 22.380043 72.000000 
-97.804184 -112.346581 22.378958 83.000000 
-97.787338 -112.340645 22.380096 85.000000 
-97.971825 -112.214607 22.380056 82.000000 
-97.779488 -112.329010 22.375618 83.000000 
-97.953781 -112.207191 22.380354 82.000000 
-97.926743 -112.202652 22.384403 71.000000 
-97.918495 -112.190620 22.379814 71.000000 
-97.910210 -112.178612 22.375250 78.000000 
-98.073349 -112.057243 22.392233 73.000000 
-97.895393 -112.169876 22.374065 81.000000 
-98.066330 -112.043968 22.386728 77.000000 
-97.877327 -112.162849 22.374603 68.000000 
-98.056007 -112.032379 22.382849 84.000000 
-98.040779 -112.023369 22.381405 77.000000 
-98.024353 -112.015892 22.381039 95.000000 
-98.213776 -111.875931 22.392324 75.000000 
-98.001022 -112.011299 22.383713 76.000000 
-98.219231 -111.855171 22.380657 112.000000 
-98.195396 -111.850266 22.382797 114.000000 
-98.166733 -111.848145 22.387310 114.000000 
-98.148949 -111.839272 22.386269 115.000000 
-98.369774 -111.674355 22.390026 115.000000 
-98.138062 -111.827515 22.382412 111.000000 
-98.345474 -111.669357 22.391764 124.000000 
-98.133553 -111.812157 22.375486 72.000000 
-98.326042 -111.661705 22.391361 123.000000 
-98.316254 -111.648537 22.386593 124.000000 
-98.304825 -111.636330 22.382591 126.000000 
-98.286949 -111.627937 22.381586 125.000000 
-98.511276 -111.452492 22.391922 121.000000 
-98.271660 -111.619972 22.380352 120.000000 
-98.503540 -111.439201 22.386818 125.000000 
-98.256958 -111.609818 22.377949 105.000000 
-98.485115 -111.430389 22.385466 125.000000 
-98.455513 -111.428513 22.389093 124.000000 
-98.443466 -111.415962 22.385029 125.000000 
-98.432442 -111.401779 22.380053 121.000000 
-98.421890 -111.388298 22.375347 119.000000 
-96.352402 -114.437210 22.377153 74.000000 
-96.349655 -114.427475 22.371752 80.000000 
-96.345238 -114.417992 22.367495 77.000000 
-96.334496 -114.410034 22.367990 80.000000 
-96.320267 -114.402199 22.370579 83.000000 
-96.430084 -114.347542 22.372902 67.000000 
-96.309288 -114.393890 22.370943 80.000000 
-96.311249 -114.383400 22.362230 77.000000 
-96.402733 -114.331467 22.376434 68.000000 
-96.310158 -114.373924 22.356005 77.000000 
-96.401550 -114.321701 22.370174 65.000000 
-96.289413 -114.367439 22.363308 74.000000 
-96.390297 -114.313324 22.370367 68.000000 
-96.385315 -114.303246 22.365938 65.000000 
-96.494652 -114.245735 22.371624 73.000000 
-96.270287 -114.350159 22.361826 65.000000 
-96.372391 -114.295288 22.367313 73.000000 
-96.484772 -114.236893 22.370531 70.000000 
-96.359703 -114.287880 22.368940 78.000000 
-96.480057 -114.227516 22.366436 70.000000 
-96.470139 -114.218742 22.365402 76.000000 
-96.567230 -114.160629 22.382032 68.000000 
-96.450371 -114.212234 22.370926 87.000000 
-96.567032 -114.149353 22.374496 81.000000 
-96.448608 -114.201714 22.364521 84.000000 
-96.558517 -114.140045 22.372240 77.000000 
-96.440269 -114.192696 22.362494 84.000000 
-96.536789 -114.134026 22.378471 74.000000 
-96.430275 -114.184105 22.361591 67.000000 
-96.534836 -114.123184 22.372053 79.000000 
-96.526260 -114.114006 22.369892 83.000000 
-96.635590 -114.049622 22.381353 82.000000 
-96.517662 -114.104858 22.367760 79.000000 
-96.625137 -114.040672 22.380053 72.000000 
-96.505768 -114.096603 22.367790 79.000000 
-96.626236 -114.028587 22.371565 66.000000 
-96.620674 -114.018311 22.367212 68.000000 
-96.603554 -114.011307 22.370134 72.000000 
-96.732292 -113.938553 22.373610 90.000000 
-96.586433 -114.004387 22.373108 87.000000 
-96.726471 -113.927979 22.369162 79.000000 
-96.577805 -113.995682 22.371141 78.000000 
-96.709320 -113.921440 22.371984 89.000000 
-96.575424 -113.984589 22.364820 68.000000 
-96.693535 -113.913963 22.373632 89.000000 
-96.689003 -113.902466 22.368048 92.000000 
-96.814964 -113.826080 22.376749 74.000000 
-96.679779 -113.893044 22.365732 96.000000 
-96.795547 -113.819611 22.380064 79.000000 
-96.672478 -113.883652 22.362648 85.000000 
-96.778114 -113.813225 22.382679 83.000000 
-96.656647 -113.876411 22.364452 75.000000 
-96.775253 -113.801414 22.376314 83.000000 
-96.772354 -113.789604 22.369961 89.000000 
-96.905647 -113.706848 22.378435 82.000000 
-96.756218 -113.782295 22.371490 86.000000 
-96.902496 -113.694595 22.372019 89.000000 
-96.736801 -113.776207 22.375040 92.000000 
-96.887688 -113.686501 22.372253 79.000000 
-96.730515 -113.765625 22.370741 67.000000 
-96.874527 -113.677879 22.371582 82.000000 
-96.858055 -113.670525 22.372860 76.000000 
-96.989296 -113.579941 22.382956 66.000000 
-96.851471 -113.659592 22.368452 85.000000 
-96.838272 -113.651138 22.367899 88.000000 
-96.960693 -113.563133 22.382170 69.000000 
-96.834900 -113.639000 22.361624 65.000000 
-96.953819 -113.551910 22.377689 72.000000 
-96.943604 -113.542007 22.375080 72.000000 
-96.930069 -113.533470 22.374359 74.000000 
-97.078880 -113.435570 22.382542 68.000000 
-96.908318 -113.528313 22.378325 66.000000 
-97.075310 -113.423210 22.376425 67.000000 
-97.061050 -113.413849 22.375227 67.000000 
-97.044220 -113.407104 22.376312 71.000000 
-97.029945 -113.397888 22.375206 76.000000 
-97.161934 -113.288284 22.389101 67.000000 
-97.143288 -113.266205 22.381727 67.000000 
-97.133919 -113.255211 22.378084 75.000000 
-97.306305 -113.136810 22.384821 89.000000 
-97.121239 -113.245758 22.376209 66.000000 
-97.296562 -113.125381 22.380985 70.000000 
-97.103653 -113.238640 22.376986 65.000000 
-97.288422 -113.113197 22.376345 78.000000 
-97.267143 -113.107346 22.378403 78.000000 
-97.240974 -113.103981 22.383024 86.000000 
-97.436302 -112.968666 22.384624 77.000000 
-97.232773 -113.091957 22.378502 72.000000 
-97.416245 -112.961838 22.385481 81.000000 
-97.386383 -112.960083 22.391193 73.000000 
-97.377785 -112.947647 22.386557 75.000000 
-97.364265 -112.937752 22.384361 81.000000 
-97.556488 -112.798592 22.394814 107.000000 
-97.547432 -112.785675 22.390039 112.000000 
-97.531822 -112.776260 22.388365 116.000000 
-97.521072 -112.764290 22.384424 117.000000 
-97.502174 -112.756752 22.384375 117.000000 
-97.709801 -112.601768 22.394939 118.000000 
-97.484901 -112.748421 22.383604 74.000000 
-97.705055 -112.585686 22.387892 124.000000 
-97.687279 -112.576912 22.386740 122.000000 
-97.654945 -112.576477 22.392263 122.000000 
-97.642021 -112.565125 22.389011 124.000000 
-97.630684 -112.552887 22.385056 121.000000 
-97.851662 -112.382286 22.397432 122.000000 
-97.614487 -112.543488 22.383360 115.000000 
-97.838196 -112.370438 22.393951 122.000000 
-97.821480 -112.360558 22.391914 125.000000 
-97.814377 -112.344948 22.385698 126.000000 
-97.792809 -112.338081 22.385860 126.000000 
-97.766464 -112.334251 22.388206 121.000000 
-97.764023 -112.315819 22.379969 113.000000 
-95.689133 -115.340820 22.373503 74.000000 
-95.676651 -115.332428 22.374855 83.000000 
-95.662086 -115.323387 22.376957 83.000000 
-95.657738 -115.313881 22.372746 83.000000 
-95.653786 -115.305336 22.368969 80.000000 
-95.749413 -115.254097 22.381525 72.000000 
-95.642868 -115.296890 22.369331 86.000000 
-95.633560 -115.288231 22.368595 94.000000 
-95.737007 -115.235191 22.375162 65.000000 
-95.622612 -115.279892 22.369030 104.000000 
-95.729118 -115.226067 22.373121 65.000000 
-95.611656 -115.271606 22.369503 80.000000 
-95.721207 -115.216972 22.371109 65.000000 
-95.821533 -115.151741 22.376099 70.000000 
-95.698555 -115.199661 22.371416 68.000000 
-95.813148 -115.141968 22.373726 66.000000 
-95.693840 -115.190048 22.367264 68.000000 
-95.801682 -115.133400 22.373760 68.000000 
-95.792099 -115.125046 22.372961 73.000000 
-95.785530 -115.115524 22.369808 84.000000 
-95.886292 -115.057404 22.384253 75.000000 
-95.777542 -115.106873 22.367979 84.000000 
-95.884758 -115.046997 22.378025 85.000000 
-95.767647 -115.098137 22.367056 74.000000 
-95.886223 -115.035294 22.369478 85.000000 
-95.752838 -115.090561 22.369448 72.000000 
-95.871132 -115.027527 22.371517 74.000000 
-95.862633 -115.018227 22.369360 69.000000 
-95.972664 -114.954765 22.381193 67.000000 
-95.847267 -115.010094 22.371273 81.000000 
-95.966988 -114.943855 22.376593 77.000000 
-95.832161 -115.002548 22.373449 72.000000 
-95.959892 -114.933914 22.373260 75.000000 
-95.941460 -114.927635 22.377396 75.000000 
-95.932663 -114.918236 22.375164 75.000000 
-96.060440 -114.847176 22.379854 69.000000 
-95.927147 -114.907959 22.370886 75.000000 
-96.049736 -114.837982 22.378428 85.000000 
-95.919945 -114.898155 22.367668 72.000000 
-96.043991 -114.827370 22.374027 89.000000 
-95.907791 -114.889778 22.367599 72.000000 
-96.041527 -114.815781 22.367636 85.000000 
-96.032387 -114.806183 22.365288 89.000000 
-96.014977 -114.799133 22.368021 92.000000 
-96.143150 -114.723038 22.375864 66.000000 
-95.995918 -114.792686 22.371819 96.000000 
-96.137077 -114.712158 22.371416 70.000000 
-95.986748 -114.783257 22.369585 82.000000 
-96.122658 -114.703987 22.371880 75.000000 
-96.098305 -114.699158 22.378267 79.000000 
-96.092163 -114.688408 22.373920 92.000000 
-96.234314 -114.603722 22.377636 76.000000 
-96.082680 -114.678787 22.371565 86.000000 
-96.219582 -114.595482 22.377886 89.000000 
-96.076469 -114.668068 22.367264 75.000000 
-96.208160 -114.586143 22.376282 79.000000 
-96.201691 -114.575073 22.371857 85.000000 
-96.188568 -114.566414 22.371271 79.000000 
-96.317123 -114.477859 22.383419 65.000000 
-96.182030 -114.555389 22.366899 88.000000 
-96.310692 -114.467049 22.379139 67.000000 
-96.159317 -114.551033 22.372351 76.000000 
-96.293938 -114.459496 22.380182 69.000000 
-96.273865 -114.453308 22.383121 69.000000 
-96.267029 -114.442062 22.378716 74.000000 
-96.260147 -114.430824 22.374332 69.000000 
-96.407997 -114.334549 22.383593 74.000000 
-96.400818 -114.322914 22.379072 80.000000 
-96.396538 -114.309349 22.372564 78.000000 
-96.382668 -114.300499 22.371672 78.000000 
-96.362206 -114.294510 22.374413 73.000000 
-96.517418 -114.191116 22.385401 72.000000 
-96.509827 -114.179169 22.380835 69.000000 
-96.495598 -114.170166 22.379744 76.000000 
-96.474770 -114.164169 22.382156 81.000000 
-96.659889 -114.042007 22.383547 67.000000 
-96.460907 -114.155907 22.381382 85.000000 
-96.648964 -114.031792 22.380770 96.000000 
-96.621117 -114.028702 22.386089 81.000000 
-96.613060 -114.016464 22.381506 78.000000 
-96.606606 -114.003456 22.376112 83.000000 
-96.600098 -113.990463 22.370739 92.000000 
-96.761909 -113.873016 22.389929 77.000000 
-96.575562 -113.986183 22.374609 70.000000 
-96.753410 -113.860374 22.385256 84.000000 
-96.739525 -113.849579 22.382776 77.000000 
-96.726036 -113.839470 22.380571 84.000000 
-96.698273 -113.837509 22.385868 90.000000 
-96.916069 -113.686829 22.385122 112.000000 
-96.684784 -113.827553 22.383757 65.000000 
-96.893936 -113.680595 22.386490 116.000000 
-96.870178 -113.675339 22.388685 118.000000 
-96.854591 -113.665855 22.387096 117.000000 
-96.845497 -113.652946 22.382467 117.000000 
-97.042793 -113.505470 22.398626 121.000000 
-96.841217 -113.637421 22.375546 69.000000 
-97.036514 -113.490234 22.392368 124.000000 
-97.017166 -113.482239 22.392004 122.000000 
-96.999443 -113.473412 22.390955 121.000000 
-96.993027 -113.458260 22.384792 123.000000 
-96.968803 -113.453239 22.386787 122.000000 
-97.207169 -113.274658 22.392529 121.000000 
-96.952171 -113.443054 22.384909 120.000000 
-97.194832 -113.260994 22.388136 124.000000 
-97.161995 -113.260445 22.393154 123.000000 
-97.142090 -113.252403 22.392620 124.000000 
-97.135025 -113.236748 22.386494 126.000000 
-97.126808 -113.222748 22.381329 121.000000 
-97.105247 -113.215866 22.381636 65.000000 
-95.015251 -116.243011 22.383820 79.000000 
-95.015945 -116.232689 22.376175 80.000000 
-95.011681 -116.223030 22.371906 80.000000 
-95.004105 -116.213844 22.369905 71.000000 
-94.983665 -116.207108 22.377180 80.000000 
-94.979324 -116.197548 22.372992 80.000000 
-95.090210 -116.144325 22.376049 67.000000 
-94.978210 -116.187477 22.366550 80.000000 
-94.977043 -116.177399 22.360115 77.000000 
-94.962639 -116.168945 22.362598 71.000000 
-94.951683 -116.160507 22.363050 68.000000 
-94.943954 -116.151573 22.361252 65.000000 
-95.154526 -116.042717 22.376415 70.000000 
-95.034554 -116.089943 22.369169 65.000000 
-95.148064 -116.032990 22.373175 76.000000 
-95.020317 -116.082581 22.371908 65.000000 
-95.133568 -116.025475 22.375574 74.000000 
-95.120468 -116.017189 22.376722 81.000000 
-95.243492 -115.955025 22.378147 72.000000 
-95.112297 -116.007927 22.374659 81.000000 
-95.240089 -115.944344 22.372717 81.000000 
-95.105743 -115.998344 22.371536 74.000000 
-95.221718 -115.937065 22.376768 91.000000 
-95.097519 -115.989143 22.369526 71.000000 
-95.213295 -115.927582 22.374550 85.000000 
-95.204842 -115.918137 22.372360 78.000000 
-95.196365 -115.908722 22.370199 91.000000 
-95.306938 -115.845703 22.382601 70.000000 
-95.181274 -115.900955 22.372316 93.000000 
-95.303230 -115.834785 22.377192 82.000000 
-95.166710 -115.894272 22.374899 70.000000 
-95.298363 -115.825348 22.373264 68.000000 
-95.279655 -115.818375 22.377161 68.000000 
-95.260422 -115.810471 22.380688 75.000000 
-95.403740 -115.735825 22.376862 74.000000 
-95.251648 -115.801010 22.378492 78.000000 
-95.393044 -115.726471 22.375422 69.000000 
-95.253288 -115.789886 22.370522 68.000000 
-95.381233 -115.718719 22.375454 82.000000 
-95.367180 -115.710434 22.376089 85.000000 
-95.364441 -115.698250 22.369511 85.000000 
-95.355316 -115.688576 22.367193 89.000000 
-95.337906 -115.681450 22.369959 92.000000 
-95.473091 -115.603546 22.374241 70.000000 
-95.463684 -115.593636 22.371767 70.000000 
-95.444290 -115.586990 22.375193 70.000000 
-95.582390 -115.504890 22.382774 69.000000 
-95.429886 -115.578812 22.375736 75.000000 
-95.582718 -115.491333 22.374491 78.000000 
-95.415466 -115.570709 22.376322 79.000000 
-95.564644 -115.484062 22.376606 79.000000 
-95.544914 -115.477455 22.379723 82.000000 
-95.538483 -115.466278 22.375301 82.000000 
-95.664619 -115.379768 22.390217 66.000000 
-95.532005 -115.455116 22.370901 85.000000 
-95.653587 -115.371246 22.388880 69.000000 
-95.519531 -115.447464 22.370775 79.000000 
-95.646858 -115.359772 22.384380 69.000000 
-95.632767 -115.349670 22.383131 72.000000 
-95.619331 -115.340775 22.382370 72.000000 
-95.599266 -115.334496 22.385345 74.000000 
-95.595734 -115.321877 22.379122 72.000000 
-95.765892 -115.217628 22.377506 65.000000 
-95.745422 -115.211197 22.380077 69.000000 
-95.738220 -115.199448 22.375580 73.000000 
-95.727669 -115.189079 22.372890 73.000000 
-95.874039 -115.090851 22.390368 77.000000 
-95.720390 -115.177376 22.368444 71.000000 
-95.868172 -115.078026 22.384914 66.000000 
-95.856377 -115.069290 22.383368 69.000000 
-95.845467 -115.058662 22.380543 73.000000 
-95.830460 -115.048340 22.379025 72.000000 
-96.021507 -114.924606 22.379133 77.000000 
-95.812904 -115.040749 22.379730 69.000000 
-96.011826 -114.912819 22.375275 92.000000 
-95.993828 -114.904869 22.375580 89.000000 
-95.972542 -114.898544 22.377596 89.000000 
-95.962791 -114.886917 22.373852 86.000000 
-95.952995 -114.875313 22.370138 89.000000 
-96.122276 -114.755280 22.387241 69.000000 
-95.934982 -114.867661 22.370632 68.000000 
-96.109261 -114.745514 22.385172 77.000000 
-96.099075 -114.733536 22.381313 84.000000 
-96.089294 -114.722221 22.377716 81.000000 
-96.074127 -114.712769 22.376320 77.000000 
-96.272926 -114.572258 22.386217 109.000000 
-96.268822 -114.556450 22.379166 119.000000 
-96.248260 -114.549171 22.379776 118.000000 
-96.220711 -114.544785 22.383274 116.000000 
-96.208336 -114.533401 22.380165 116.000000 
-96.429619 -114.374260 22.387541 112.000000 
-96.191963 -114.525978 22.379862 68.000000 
-96.412804 -114.366379 22.386835 124.000000 
-96.386871 -114.361679 22.389347 125.000000 
-96.381638 -114.344711 22.382164 126.000000 
-96.368698 -114.332947 22.378910 127.000000 
-96.347633 -114.325806 22.379381 125.000000 
-96.578041 -114.154350 22.391428 121.000000 
-96.316872 -114.324265 22.384336 113.000000 
-96.585670 -114.129898 22.378891 123.000000 
-96.560783 -114.124229 22.380325 125.000000 
-96.537529 -114.117729 22.381123 127.000000 
-96.520737 -114.107521 22.379169 130.000000 
-96.500717 -114.099304 22.378672 123.000000 
-96.495117 -114.082489 22.371872 68.000000 
-94.334450 -117.121094 22.380665 74.000000 
-94.325325 -117.112022 22.379768 86.000000 
-94.324371 -117.101868 22.373278 80.000000 
-94.320320 -117.092636 22.369263 80.000000 
-94.306213 -117.084366 22.371830 74.000000 
-94.295372 -117.075684 22.372179 80.000000 
-94.409920 -117.022293 22.373343 67.000000 
-94.287766 -117.066551 22.370296 80.000000 
-94.400475 -117.013161 22.372351 65.000000 
-94.283386 -117.056946 22.366167 77.000000 
-94.282219 -117.046822 22.359776 68.000000 
-94.476418 -116.931854 22.380859 66.000000 
-94.463394 -116.923317 22.381922 73.000000 
-94.465233 -116.911911 22.373327 73.000000 
-94.458763 -116.902122 22.370132 68.000000 
-94.243523 -117.001801 22.350965 77.000000 
-94.444023 -116.894058 22.372374 68.000000 
-94.560852 -116.833679 22.378456 72.000000 
-94.232506 -116.993492 22.351595 71.000000 
-94.429291 -116.886078 22.374664 68.000000 
-94.560799 -116.822182 22.370949 81.000000 
-94.427681 -116.875366 22.368299 70.000000 
-94.545761 -116.814041 22.372915 85.000000 
-94.530724 -116.805977 22.374929 83.000000 
-94.518990 -116.797226 22.374878 88.000000 
-94.641808 -116.732033 22.380600 83.000000 
-94.513847 -116.786957 22.370626 78.000000 
-94.629814 -116.723091 22.380301 82.000000 
-94.512474 -116.776924 22.364695 85.000000 
-94.628326 -116.712715 22.374321 75.000000 
-94.494095 -116.769897 22.368986 75.000000 
-94.617950 -116.703423 22.373053 72.000000 
-94.613914 -116.691902 22.367483 81.000000 
-94.731392 -116.625099 22.380756 65.000000 
-94.596870 -116.684433 22.370407 72.000000 
-94.719078 -116.616074 22.380302 85.000000 
-94.581474 -116.676605 22.372347 72.000000 
-94.718422 -116.603828 22.372900 79.000000 
-94.571030 -116.667511 22.371225 70.000000 
-94.706055 -116.594887 22.372507 79.000000 
-94.690628 -116.587502 22.374378 82.000000 
-94.679901 -116.578194 22.373064 85.000000 
-94.675484 -116.566437 22.367538 82.000000 
-94.801430 -116.492325 22.378473 70.000000 
-94.671310 -116.555214 22.362246 85.000000 
-94.792068 -116.482285 22.375996 70.000000 
-94.786316 -116.471786 22.371819 72.000000 
-94.783554 -116.459679 22.365488 66.000000 
-94.905540 -116.383408 22.383320 70.000000 
-94.767159 -116.451324 22.366789 70.000000 
-94.900566 -116.370903 22.377665 73.000000 
-94.749420 -116.444153 22.369339 79.000000 
-94.894196 -116.359535 22.373198 76.000000 
-94.881119 -116.350487 22.372538 76.000000 
-94.864708 -116.342651 22.373814 76.000000 
-94.999741 -116.253494 22.384741 78.000000 
-94.858246 -116.331390 22.369436 82.000000 
-94.976334 -116.247963 22.389359 72.000000 
-94.845123 -116.322510 22.368891 79.000000 
-94.969963 -116.236969 22.385109 69.000000 
-94.959892 -116.226662 22.382492 67.000000 
-94.956093 -116.213295 22.376009 67.000000 
-94.937660 -116.206207 22.378061 66.000000 
-95.062675 -116.077751 22.377424 65.000000 
-95.055824 -116.066505 22.373198 71.000000 
-95.222427 -115.959793 22.380835 77.000000 
-95.198235 -115.954582 22.384785 75.000000 
-95.187355 -115.943794 22.381945 76.000000 
-95.169434 -115.935318 22.382351 83.000000 
-95.165123 -115.921730 22.376143 78.000000 
-95.343567 -115.804543 22.383650 82.000000 
-95.157455 -115.909607 22.371677 69.000000 
-95.335571 -115.791908 22.379000 78.000000 
-95.329193 -115.778542 22.373552 81.000000 
-95.303322 -115.774963 22.378288 83.000000 
-95.286987 -115.766281 22.377886 78.000000 
-95.268593 -115.757828 22.378138 81.000000 
-95.438255 -115.621696 22.386982 73.000000 
-95.430161 -115.609436 22.382586 75.000000 
-95.419960 -115.597366 22.378784 77.000000 
-95.404366 -115.587143 22.377186 70.000000 
-95.607613 -115.446274 22.386545 105.000000 
-95.601883 -115.431198 22.380287 110.000000 
-95.578026 -115.425468 22.382442 117.000000 
-95.562386 -115.415581 22.380836 118.000000 
-95.537827 -115.412247 22.384335 118.000000 
-95.768166 -115.249619 22.388840 115.000000 
-95.753662 -115.238434 22.386211 122.000000 
-95.723938 -115.234634 22.389952 125.000000 
-95.712685 -115.221817 22.385963 126.000000 
-95.701385 -115.209030 22.382008 125.000000 
-95.937576 -115.035492 22.393103 101.000000 
-95.683548 -115.199905 22.381025 121.000000 
-95.932266 -115.018372 22.386141 123.000000 
-95.916618 -115.006142 22.383129 125.000000 
-95.906319 -114.991859 22.378311 125.000000 
-95.890015 -114.982094 22.376562 126.000000 
-95.857033 -114.981178 22.381624 126.000000 
-95.843437 -114.968979 22.378338 118.000000 
-95.831413 -114.955864 22.374388 119.000000 
-95.821999 -114.943230 22.370226 68.000000 
-93.650581 -118.005363 22.385365 81.000000 
-93.644798 -117.995796 22.382189 83.000000 
-93.627480 -117.987755 22.386877 83.000000 
-93.620010 -117.978485 22.384886 77.000000 
-93.615791 -117.968796 22.380672 83.000000 
-93.719284 -117.918098 22.390034 73.000000 
-93.614807 -117.958649 22.374218 80.000000 
-93.597458 -117.950874 22.379076 77.000000 
-93.583366 -117.942711 22.381725 83.000000 
-93.798523 -117.815170 22.382595 76.000000 
-93.783867 -117.806824 22.384670 76.000000 
-93.766129 -117.799706 22.389153 74.000000 
-93.763054 -117.789276 22.383795 81.000000 
-93.754982 -117.779823 22.381685 78.000000 
-93.873833 -117.719810 22.387020 67.000000 
-93.751839 -117.769409 22.376364 69.000000 
-93.868866 -117.709389 22.382637 77.000000 
-93.740417 -117.760696 22.376469 69.000000 
-93.867195 -117.698250 22.376179 78.000000 
-93.722404 -117.753418 22.380957 72.000000 
-93.858833 -117.688576 22.373928 81.000000 
-93.847122 -117.679695 22.373812 83.000000 
-93.962112 -117.617020 22.385284 70.000000 
-93.825470 -117.673157 22.380064 81.000000 
-93.955177 -117.606750 22.381874 82.000000 
-93.820358 -117.662872 22.375811 77.000000 
-93.943207 -117.597740 22.381554 70.000000 
-93.808617 -117.654167 22.375814 69.000000 
-93.922882 -117.590874 22.386389 72.000000 
-93.919205 -117.579887 22.381027 75.000000 
-94.050423 -117.510300 22.386522 79.000000 
-93.910515 -117.570190 22.378765 75.000000 
-94.034798 -117.502090 22.388002 85.000000 
-93.908417 -117.558792 22.372410 78.000000 
-94.029205 -117.491203 22.383566 72.000000 
-94.016891 -117.482193 22.383137 75.000000 
-94.008469 -117.473381 22.381186 72.000000 
-93.999458 -117.463524 22.378826 75.000000 
-93.986809 -117.454117 22.378286 85.000000 
-94.121544 -117.378273 22.384663 68.000000 
-93.972771 -117.445808 22.379009 67.000000 
-94.108894 -117.369179 22.384079 70.000000 
-94.093193 -117.361740 22.385696 72.000000 
-94.085526 -117.351212 22.382278 75.000000 
-94.228012 -117.269287 22.388920 76.000000 
-94.077530 -117.340157 22.378666 70.000000 
-94.211365 -117.260590 22.389793 73.000000 
-94.078102 -117.327003 22.370411 70.000000 
-94.205086 -117.249207 22.385303 79.000000 
-94.198761 -117.237831 22.380835 79.000000 
-94.189056 -117.227608 22.378277 76.000000 
-94.317963 -117.141495 22.393381 72.000000 
-94.176003 -117.218575 22.377645 82.000000 
-94.313019 -117.129204 22.387920 77.000000 
-94.157944 -117.211342 22.379898 73.000000 
-94.294632 -117.121765 22.389771 67.000000 
-94.271240 -117.116249 22.394417 72.000000 
-94.267883 -117.103462 22.388140 74.000000 
-94.257820 -117.093155 22.385548 69.000000 
-94.391609 -116.961441 22.380623 65.000000 
-94.549507 -116.860725 22.394449 73.000000 
-94.377800 -116.952194 22.379681 65.000000 
-94.538727 -116.849754 22.391487 72.000000 
-94.534607 -116.836029 22.385157 76.000000 
-94.512085 -116.830032 22.388226 66.000000 
-94.492912 -116.822731 22.389647 69.000000 
-94.482040 -116.811958 22.386835 81.000000 
-94.674553 -116.689980 22.388231 77.000000 
-94.656616 -116.681702 22.388451 82.000000 
-94.643669 -116.671272 22.386257 81.000000 
-94.634026 -116.659386 22.382454 86.000000 
-94.624336 -116.647537 22.378681 78.000000 
-94.606346 -116.639526 22.379078 78.000000 
-94.761803 -116.494278 22.387253 70.000000 
-94.957886 -116.341995 22.393185 72.000000 
-94.943993 -116.330948 22.390623 110.000000 
-94.915192 -116.327454 22.394915 116.000000 
-94.899628 -116.317398 22.393209 115.000000 
-94.892273 -116.303192 22.387747 117.000000 
-94.884865 -116.288994 22.382307 116.000000 
-95.091530 -116.140427 22.398859 115.000000 
-95.078735 -116.128273 22.395456 123.000000 
-95.064270 -116.117035 22.392818 125.000000 
-95.044861 -116.108521 22.392403 125.000000 
-95.024780 -116.102356 22.393240 123.000000 
-95.276810 -115.922073 22.398756 121.000000 
-95.003738 -116.094917 22.393660 120.000000 
-95.265045 -115.908554 22.394506 123.000000 
-95.239143 -115.901001 22.395330 125.000000 
-95.224052 -115.889450 22.392553 126.000000 
-94.981796 -116.048065 22.375647 111.000000 
-95.215446 -115.874214 22.387039 126.000000 
-95.198669 -115.863693 22.385036 123.000000 
-95.173782 -115.857964 22.386574 119.000000 
-95.155373 -115.848557 22.385374 117.000000 
-95.141212 -115.838730 22.383284 105.000000 
-92.939407 -118.894279 22.389519 78.000000 
-92.933723 -118.884712 22.386353 83.000000 
-92.931709 -118.875740 22.381395 94.000000 
-92.921036 -118.866814 22.381630 91.000000 
-92.910141 -118.857460 22.381693 85.000000 
-93.018936 -118.807053 22.387642 70.000000 
-92.896156 -118.849083 22.384258 91.000000 
-93.016304 -118.796814 22.382221 73.000000 
-92.887283 -118.840599 22.383688 94.000000 
-93.000603 -118.789063 22.385788 65.000000 
-92.889618 -118.830063 22.375021 97.000000 
-92.986343 -118.780647 22.388094 65.000000 
-93.101944 -118.715446 22.385567 66.000000 
-93.085716 -118.707245 22.388664 73.000000 
-93.079475 -118.697350 22.385395 84.000000 
-92.961876 -118.741714 22.375433 65.000000 
-93.069885 -118.688087 22.384295 76.000000 
-93.067139 -118.678146 22.379143 78.000000 
-93.052528 -118.669884 22.381329 87.000000 
-93.175156 -118.610306 22.384468 81.000000 
-93.041451 -118.661568 22.381615 87.000000 
-93.170532 -118.600380 22.380297 93.000000 
-93.036736 -118.651505 22.377396 84.000000 
-93.158958 -118.591339 22.380110 93.000000 
-93.143799 -118.582542 22.381845 99.000000 
-93.128876 -118.574348 22.383844 96.000000 
-93.257584 -118.509911 22.386715 70.000000 
-93.127220 -118.563301 22.377462 99.000000 
-93.235672 -118.503136 22.392467 65.000000 
-93.125526 -118.552246 22.371086 88.000000 
-93.232185 -118.492126 22.387064 72.000000 
-93.221970 -118.482727 22.385767 77.000000 
-93.218407 -118.471741 22.380402 75.000000 
-93.340042 -118.405960 22.391714 74.000000 
-93.206482 -118.462822 22.380190 78.000000 
-93.332916 -118.395485 22.388245 74.000000 
-93.187881 -118.455643 22.384138 87.000000 
-93.325768 -118.385033 22.384802 75.000000 
-93.318573 -118.374603 22.381382 82.000000 
-93.299644 -118.367386 22.384974 79.000000 
-93.295753 -118.356125 22.379623 89.000000 
-93.283485 -118.347191 22.379299 85.000000 
-93.412025 -118.274574 22.389336 72.000000 
-93.403137 -118.265007 22.387047 68.000000 
-93.393929 -118.254906 22.384565 70.000000 
-93.384697 -118.244850 22.382113 72.000000 
-93.519356 -118.166893 22.393263 65.000000 
-93.373764 -118.235336 22.380667 75.000000 
-93.514915 -118.154930 22.387808 68.000000 
-93.356155 -118.227951 22.383162 72.000000 
-93.508743 -118.143517 22.383310 68.000000 
-93.495819 -118.134300 22.382601 78.000000 
-93.632355 -118.047478 22.394049 66.000000 
-93.477859 -118.126808 22.384762 82.000000 
-93.610710 -118.040939 22.397619 69.000000 
-93.471603 -118.115494 22.380354 82.000000 
-93.589081 -118.034515 22.401253 66.000000 
-93.461967 -118.105324 22.377867 67.000000 
-93.584259 -118.022308 22.395844 67.000000 
-93.574364 -118.011887 22.393188 72.000000 
-93.553154 -117.992348 22.389114 66.000000 
-93.699730 -117.871582 22.385525 65.000000 
-93.679359 -117.864807 22.388086 73.000000 
-93.858154 -117.757713 22.391237 73.000000 
-93.672356 -117.852921 22.383608 67.000000 
-93.842438 -117.748688 22.390806 69.000000 
-93.813293 -117.745186 22.397224 73.000000 
-93.802238 -117.733681 22.394119 73.000000 
-93.791519 -117.722824 22.391277 81.000000 
-93.970207 -117.609596 22.399996 67.000000 
-93.784111 -117.710609 22.386753 73.000000 
-93.972549 -117.592552 22.390385 85.000000 
-93.956383 -117.583450 22.389786 83.000000 
-93.945618 -117.572861 22.387001 75.000000 
-93.934433 -117.561676 22.384020 86.000000 
-93.903252 -117.559448 22.390972 72.000000 
-94.103508 -117.430244 22.395555 67.000000 
-94.086906 -117.420990 22.394741 68.000000 
-94.065308 -117.414139 22.396343 75.000000 
-94.053688 -117.402702 22.393257 77.000000 
-94.042030 -117.391312 22.390205 77.000000 
-94.250992 -117.252472 22.398651 107.000000 
-94.240570 -117.239754 22.394590 112.000000 
-94.215164 -117.234444 22.397369 115.000000 
-94.206352 -117.221016 22.392630 116.000000 
-94.194183 -117.209274 22.389442 120.000000 
-94.165489 -117.205925 22.393913 102.000000 
-94.404732 -117.043312 22.395872 120.000000 
-94.385445 -117.034515 22.395351 124.000000 
-94.351295 -117.033600 22.401405 124.000000 
-94.345207 -117.018044 22.395189 124.000000 
-94.332481 -117.005997 22.391912 125.000000 
-94.561211 -116.841400 22.407488 121.000000 
-94.562805 -116.820663 22.397743 123.000000 
-94.549515 -116.808052 22.394224 125.000000 
-94.281059 -116.977287 22.388178 103.000000 
-94.539467 -116.793663 22.389360 126.000000 
-94.264984 -116.967262 22.386536 107.000000 
-94.509750 -116.790337 22.392862 126.000000 
-94.483345 -116.785309 22.395048 116.000000 
-94.479736 -116.767387 22.387524 114.000000 
-94.461449 -116.757874 22.386316 120.000000 
-94.449623 -116.744667 22.382353 115.000000 
-92.240028 -119.778328 22.383791 78.000000 
-92.231125 -119.769066 22.382822 83.000000 
-92.227142 -119.759293 22.378531 80.000000 
-92.213249 -119.750679 22.380981 74.000000 
-92.205917 -119.741348 22.378984 77.000000 
-92.311768 -119.692261 22.387068 67.000000 
-92.201851 -119.731644 22.374763 77.000000 
-92.299263 -119.683395 22.388176 65.000000 
-92.194466 -119.722366 22.372818 83.000000 
-92.291725 -119.673897 22.386047 65.000000 
-92.187477 -119.714088 22.371315 83.000000 
-92.173515 -119.705750 22.373955 83.000000 
-92.169121 -119.695648 22.369619 68.000000 
-92.392899 -119.591461 22.379545 76.000000 
-92.378395 -119.582901 22.381578 70.000000 
-92.252220 -119.627640 22.377129 73.000000 
-92.367210 -119.573845 22.381517 68.000000 
-92.356018 -119.564850 22.381495 68.000000 
-92.348351 -119.555817 22.379570 66.000000 
-92.474777 -119.496635 22.380547 77.000000 
-92.343750 -119.545708 22.375301 66.000000 
-92.456604 -119.488777 22.384474 85.000000 
-92.333916 -119.536026 22.374084 73.000000 
-92.448227 -119.478500 22.381966 83.000000 
-92.440063 -119.468788 22.379705 83.000000 
-92.431877 -119.459099 22.377472 81.000000 
-92.549347 -119.398216 22.387495 89.000000 
-92.420334 -119.450150 22.377377 91.000000 
-92.544304 -119.387535 22.383051 82.000000 
-92.405457 -119.441971 22.379431 83.000000 
-92.539215 -119.376862 22.378626 70.000000 
-92.398865 -119.432060 22.376242 68.000000 
-92.527397 -119.367752 22.378309 75.000000 
-92.500504 -119.362221 22.387253 72.000000 
-92.642731 -119.292656 22.386272 69.000000 
-92.493690 -119.352081 22.383955 68.000000 
-92.635696 -119.282127 22.382771 79.000000 
-92.485168 -119.342361 22.381710 78.000000 
-92.615158 -119.275040 22.387234 82.000000 
-92.609756 -119.264168 22.382805 82.000000 
-92.605995 -119.252876 22.377401 85.000000 
-92.598839 -119.242462 22.374012 82.000000 
-92.579956 -119.235237 22.377661 82.000000 
-92.714081 -119.162270 22.384649 66.000000 
-92.711716 -119.150154 22.378237 68.000000 
-92.693069 -119.143997 22.381975 68.000000 
-92.677216 -119.135849 22.383383 72.000000 
-92.824249 -119.055504 22.387726 67.000000 
-92.669151 -119.124191 22.379530 75.000000 
-92.810860 -119.044968 22.386465 68.000000 
-92.654945 -119.115677 22.380051 73.000000 
-92.794678 -119.036697 22.387579 78.000000 
-92.787216 -119.026413 22.384260 82.000000 
-92.777733 -119.016121 22.381685 82.000000 
-92.906471 -118.933609 22.397346 69.000000 
-92.775238 -119.004257 22.375582 82.000000 
-92.896721 -118.923050 22.394596 72.000000 
-92.755653 -118.997314 22.378746 71.000000 
-92.886948 -118.912529 22.391880 72.000000 
-92.873779 -118.903198 22.391018 69.000000 
-92.856590 -118.893951 22.391582 72.000000 
-92.846748 -118.883575 22.388975 67.000000 
-93.021690 -118.783798 22.387381 68.000000 
-93.002075 -118.777931 22.390280 78.000000 
-92.991882 -118.767204 22.387480 78.000000 
-92.980972 -118.755318 22.384260 80.000000 
-93.133530 -118.660149 22.400784 77.000000 
-92.974068 -118.743393 22.379753 80.000000 
-93.126381 -118.647797 22.396118 78.000000 
-93.119186 -118.635468 22.391476 76.000000 
-93.111946 -118.623154 22.386860 76.000000 
-93.091255 -118.616272 22.389105 85.000000 
-93.284286 -118.498947 22.391058 66.000000 
-93.067230 -118.610870 22.393124 83.000000 
-93.274971 -118.486855 22.387121 82.000000 
-93.252937 -118.481758 22.390238 78.000000 
-93.236870 -118.472641 22.389660 86.000000 
-93.226707 -118.459442 22.385374 89.000000 
-93.215614 -118.448273 22.382410 89.000000 
-93.207825 -118.435669 22.377825 78.000000 
-93.383606 -118.318710 22.394016 69.000000 
-93.368767 -118.308685 22.392439 75.000000 
-93.357246 -118.297188 22.389322 75.000000 
-93.337372 -118.289589 22.390209 77.000000 
-93.552353 -118.150154 22.395945 105.000000 
-93.547066 -118.135002 22.389589 112.000000 
-93.521706 -118.129494 22.392338 115.000000 
-93.493477 -118.126411 22.396908 116.000000 
-93.481461 -118.114655 22.393709 116.000000 
-93.712418 -117.959694 22.400003 109.000000 
-93.467751 -118.103760 22.391308 114.000000 
-93.694923 -117.949890 22.398693 124.000000 
-93.670769 -117.943542 22.400328 125.000000 
-93.654915 -117.933060 22.398397 125.000000 
-93.645668 -117.919212 22.393604 125.000000 
-93.625999 -117.909882 22.392981 124.000000 
-93.880783 -117.734009 22.397612 120.000000 
-93.867645 -117.721291 22.394026 123.000000 
-93.847878 -117.712189 22.393242 125.000000 
-93.821518 -117.706772 22.395287 126.000000 
-93.567154 -117.866440 22.383856 106.000000 
-93.809967 -117.693352 22.391142 126.000000 
-93.791824 -117.683601 22.389820 119.000000 
-93.783974 -117.669151 22.384594 65.000000 
-93.762520 -117.661369 22.384760 108.000000 
-93.737198 -117.657867 22.387556 108.000000 
-91.538956 -120.657616 22.376999 80.000000 
-91.521858 -120.649071 22.381540 77.000000 
-91.511360 -120.639961 22.381678 77.000000 
-91.510742 -120.629868 22.375141 80.000000 
-91.503494 -120.620476 22.373096 83.000000 
-91.601448 -120.573235 22.386711 70.000000 
-91.489647 -120.611847 22.375572 83.000000 
-91.594025 -120.563644 22.384508 68.000000 
-91.479073 -120.602913 22.375843 83.000000 
-91.475044 -120.593254 22.371639 83.000000 
-91.470978 -120.583603 22.367449 77.000000 
-91.564957 -120.535988 22.382454 68.000000 
-91.466873 -120.573952 22.363277 65.000000 
-91.560745 -120.526085 22.378174 65.000000 
-91.679871 -120.473312 22.380842 73.000000 
-91.553192 -120.516670 22.376114 68.000000 
-91.670464 -120.463867 22.379635 78.000000 
-91.555511 -120.505814 22.367455 65.000000 
-91.657692 -120.455002 22.380600 76.000000 
-91.653465 -120.445335 22.376463 74.000000 
-91.645660 -120.435738 22.374277 74.000000 
-91.760818 -120.379715 22.382589 81.000000 
-91.636162 -120.426453 22.373196 81.000000 
-91.756157 -120.369255 22.378141 88.000000 
-91.624985 -120.417503 22.373228 84.000000 
-91.751450 -120.358795 22.373713 88.000000 
-91.615448 -120.408310 22.372213 71.000000 
-91.740021 -120.349632 22.373487 83.000000 
-91.614159 -120.397644 22.365812 69.000000 
-91.721886 -120.341843 22.377497 91.000000 
-91.853294 -120.279221 22.379284 76.000000 
-91.716866 -120.330963 22.372938 96.000000 
-91.834602 -120.270805 22.382685 82.000000 
-91.705383 -120.321976 22.372831 93.000000 
-91.814484 -120.263405 22.387388 72.000000 
-91.700783 -120.312172 22.368752 70.000000 
-91.814781 -120.252213 22.380131 78.000000 
-91.806396 -120.242340 22.377769 78.000000 
-91.930664 -120.178261 22.387850 69.000000 
-91.794632 -120.233261 22.377489 78.000000 
-91.922050 -120.168121 22.385303 74.000000 
-91.786194 -120.223473 22.375193 81.000000 
-91.921844 -120.155968 22.377831 85.000000 
-91.916534 -120.145035 22.373344 85.000000 
-91.897720 -120.137489 22.376844 85.000000 
-91.883949 -120.128761 22.377411 92.000000 
-91.871849 -120.119675 22.377018 92.000000 
-92.009903 -120.047020 22.381935 72.000000 
-91.868103 -120.108444 22.371651 75.000000 
-91.995834 -120.038155 22.382242 75.000000 
-91.986816 -120.027954 22.379690 75.000000 
-91.973007 -120.019760 22.380302 81.000000 
-92.113884 -119.942680 22.388296 67.000000 
-91.960587 -120.010612 22.379765 79.000000 
-92.106277 -119.931717 22.384644 73.000000 
-91.948143 -120.001511 22.379265 66.000000 
-92.100327 -119.920258 22.380081 79.000000 
-91.942390 -119.990509 22.374895 66.000000 
-92.084206 -119.911911 22.381178 82.000000 
-92.074829 -119.901558 22.378557 82.000000 
-92.208992 -119.817924 22.391159 69.000000 
-92.055321 -119.894402 22.381634 82.000000 
-92.192558 -119.809486 22.391985 69.000000 
-92.049263 -119.883095 22.377195 68.000000 
-92.174423 -119.801697 22.393768 66.000000 
-92.039803 -119.872871 22.374676 70.000000 
-92.163055 -119.791748 22.391960 72.000000 
-92.156715 -119.780144 22.387447 69.000000 
-92.150337 -119.768547 22.382957 69.000000 
-92.310898 -119.675659 22.389297 68.000000 
-92.307602 -119.662415 22.382896 71.000000 
-92.297501 -119.651604 22.380037 71.000000 
-92.277252 -119.644516 22.382517 71.000000 
-92.440742 -119.546875 22.393785 77.000000 
-92.256683 -119.636940 22.384830 73.000000 
-92.433342 -119.533852 22.388824 72.000000 
-92.414429 -119.526009 22.390072 68.000000 
-92.388763 -119.520874 22.394779 69.000000 
-92.385010 -119.507301 22.388460 73.000000 
-92.367767 -119.499046 22.389006 75.000000 
-92.563019 -119.382393 22.389423 89.000000 
-92.540306 -119.375877 22.392029 81.000000 
-92.534454 -119.362488 22.386494 83.000000 
-92.526871 -119.349800 22.381802 86.000000 
-92.504524 -119.344170 22.384790 92.000000 
-92.694992 -119.223541 22.394426 69.000000 
-92.486839 -119.335869 22.385128 67.000000 
-92.680283 -119.213364 22.392756 75.000000 
-92.663879 -119.203987 22.391916 81.000000 
-92.635719 -119.199928 22.396662 81.000000 
-92.630630 -119.184814 22.390150 81.000000 
-92.850075 -119.045815 22.393986 105.000000 
-92.826477 -119.039268 22.395882 114.000000 
-92.801224 -119.033638 22.398600 111.000000 
-92.789368 -119.021790 22.395317 117.000000 
-92.782059 -119.006912 22.389553 116.000000 
-92.997482 -118.862129 22.402763 112.000000 
-92.765129 -118.997543 22.388626 111.000000 
-92.988480 -118.848137 22.397814 126.000000 
-92.977768 -118.834991 22.393616 126.000000 
-92.955353 -118.827736 22.394531 126.000000 
-92.721779 -118.967941 22.383524 65.000000 
-92.925537 -118.826172 22.399622 125.000000 
-92.919754 -118.810692 22.393373 125.000000 
-93.167633 -118.641556 22.400925 122.000000 
-93.153015 -118.629692 22.397987 127.000000 
-93.135040 -118.619637 22.396473 130.000000 
-93.120377 -118.607887 22.393625 131.000000 
-93.102371 -118.597977 22.392208 129.000000 
-93.088806 -118.584747 22.388508 118.000000 
-90.823654 -121.553444 22.379204 68.000000 
-90.816620 -121.543884 22.377005 74.000000 
-90.816177 -121.533791 22.370384 90.000000 
-90.805771 -121.524559 22.370461 85.000000 
-90.795349 -121.515373 22.370575 88.000000 
-90.778313 -121.506874 22.375210 91.000000 
-90.899925 -121.458267 22.373165 67.000000 
-90.777740 -121.496841 22.368671 88.000000 
-90.775490 -121.486969 22.363266 97.000000 
-90.766624 -121.477783 22.362383 80.000000 
-90.756104 -121.468826 22.362665 80.000000 
-90.970238 -121.371040 22.379978 66.000000 
-90.857994 -121.410805 22.365400 65.000000 
-90.967674 -121.360565 22.374443 73.000000 
-90.843910 -121.402161 22.367685 68.000000 
-90.960045 -121.350800 22.372120 73.000000 
-90.957405 -121.340324 22.366617 68.000000 
-90.943031 -121.331612 22.368629 70.000000 
-90.926987 -121.323235 22.371765 73.000000 
-91.059448 -121.265678 22.369295 81.000000 
-90.922592 -121.313103 22.367416 73.000000 
-91.048157 -121.256310 22.368952 85.000000 
-90.916504 -121.303246 22.364166 70.000000 
-91.026764 -121.248764 22.374910 88.000000 
-90.912041 -121.293144 22.359856 66.000000 
-91.018799 -121.238953 22.372564 91.000000 
-91.014168 -121.228561 22.368151 88.000000 
-91.122505 -121.171875 22.383924 76.000000 
-91.006149 -121.218796 22.365858 88.000000 
-91.117699 -121.161194 22.379408 82.000000 
-90.995003 -121.210220 22.365921 85.000000 
-91.114784 -121.150719 22.374115 72.000000 
-91.108215 -121.140396 22.370651 84.000000 
-90.869659 -121.246880 22.351923 66.000000 
-91.093201 -121.131859 22.372328 84.000000 
-91.226547 -121.067230 22.377127 79.000000 
-91.071472 -121.124840 22.378157 81.000000 
-91.228210 -121.054718 22.368587 85.000000 
-91.073219 -121.112846 22.369661 81.000000 
-91.209496 -121.046822 22.371946 85.000000 
-91.195854 -121.037857 22.372381 92.000000 
-91.187263 -121.027748 22.369873 96.000000 
-91.176964 -121.018089 22.368395 99.000000 
-91.305801 -120.949738 22.379118 66.000000 
-91.173370 -121.006828 22.362944 92.000000 
-91.295250 -120.939835 22.377419 79.000000 
-91.154625 -120.999321 22.366543 79.000000 
-91.288071 -120.929092 22.373819 86.000000 
-91.277481 -120.919273 22.372185 86.000000 
-91.258415 -120.911758 22.375443 89.000000 
-91.410194 -120.833359 22.377348 70.000000 
-91.242729 -120.903427 22.376812 92.000000 
-91.404404 -120.821846 22.372702 78.000000 
-91.230408 -120.894257 22.376278 77.000000 
-91.383293 -120.814735 22.376524 85.000000 
-91.370964 -120.805847 22.375935 94.000000 
-91.361710 -120.795448 22.373270 98.000000 
-91.355804 -120.784073 22.368744 98.000000 
-91.478615 -120.705254 22.387053 66.000000 
-91.349854 -120.772713 22.364243 71.000000 
-91.472160 -120.692970 22.382195 66.000000 
-91.460892 -120.682915 22.380331 72.000000 
-91.451294 -120.672363 22.377588 80.000000 
-91.433220 -120.664612 22.379465 77.000000 
-91.606506 -120.569504 22.378986 65.000000 
-91.590103 -120.561523 22.379808 73.000000 
-91.573357 -120.553024 22.380445 76.000000 
-91.560005 -120.543434 22.379364 78.000000 
-91.734581 -120.443954 22.384829 77.000000 
-91.550003 -120.532692 22.376545 80.000000 
-91.707268 -120.438980 22.390232 72.000000 
-91.703766 -120.425385 22.383801 69.000000 
-91.693428 -120.414307 22.380795 72.000000 
-91.679672 -120.404549 22.379536 76.000000 
-91.866272 -120.294411 22.384754 77.000000 
-91.665901 -120.394844 22.378317 83.000000 
-91.857246 -120.282272 22.380724 96.000000 
-91.646706 -120.386543 22.379490 65.000000 
-91.841026 -120.272209 22.379768 86.000000 
-91.825172 -120.262863 22.379099 89.000000 
-91.805923 -120.254951 22.380127 99.000000 
-91.798477 -120.242317 22.375425 99.000000 
-91.988403 -120.124405 22.385218 72.000000 
-91.784630 -120.233101 22.374294 75.000000 
-91.960678 -120.120506 22.390053 70.000000 
-91.949478 -120.108879 22.386814 81.000000 
-91.943314 -120.095108 22.381229 92.000000 
-91.916901 -120.090149 22.385208 87.000000 
-92.132614 -119.955933 22.390392 112.000000 
-92.119263 -119.944649 22.387722 117.000000 
-92.100830 -119.935715 22.387371 114.000000 
-92.089111 -119.923782 22.384027 111.000000 
-92.062271 -119.918884 22.387587 120.000000 
-92.295929 -119.768677 22.392433 115.000000 
-92.053871 -119.905518 22.382805 102.000000 
-92.285423 -119.755455 22.388140 124.000000 
-92.248009 -119.755203 22.395494 123.000000 
-92.235802 -119.742943 22.392029 124.000000 
-92.216881 -119.734009 22.391520 124.000000 
-92.216293 -119.716072 22.383015 125.000000 
-92.445747 -119.559769 22.397961 123.000000 
-92.193985 -119.708916 22.384056 120.000000 
-92.439674 -119.543610 22.391527 125.000000 
-92.425201 -119.531738 22.388588 124.000000 
-92.404037 -119.523369 22.388477 124.000000 
-92.145325 -119.678764 22.379416 102.000000 
-92.376228 -119.518578 22.391216 124.000000 
-92.136223 -119.665154 22.374746 102.000000 
-92.368347 -119.503441 22.385630 119.000000 
-90.094261 -122.425186 22.375051 73.000000 
-90.095604 -122.415039 22.367281 83.000000 
-90.078682 -122.406189 22.371765 80.000000 
-90.071686 -122.396675 22.369610 77.000000 
-90.064659 -122.387199 22.367479 80.000000 
-90.057610 -122.377747 22.365379 80.000000 
-90.057121 -122.367744 22.358805 83.000000 
-90.040138 -122.359238 22.363512 86.000000 
-90.250618 -122.243546 22.369431 71.000000 
-90.116501 -122.284927 22.369436 65.000000 
-90.244774 -122.233505 22.365990 70.000000 
-90.116180 -122.275650 22.363337 65.000000 
-90.227600 -122.226059 22.370501 70.000000 
-90.220039 -122.216324 22.368195 70.000000 
-89.995392 -122.303780 22.352976 68.000000 
-90.207024 -122.206299 22.368698 76.000000 
-90.329903 -122.151863 22.372169 65.000000 
-89.993011 -122.294037 22.347691 68.000000 
-90.204422 -122.195930 22.363230 87.000000 
-90.322113 -122.141907 22.369711 77.000000 
-90.196785 -122.186287 22.361010 78.000000 
-90.310921 -122.132530 22.369368 93.000000 
-90.309807 -122.121544 22.362785 85.000000 
-90.175224 -122.169136 22.361425 70.000000 
-90.302383 -122.112717 22.360855 91.000000 
-90.287773 -122.104027 22.362709 88.000000 
-90.406662 -122.046478 22.371895 76.000000 
-90.266457 -122.096581 22.368828 81.000000 
-90.396866 -122.036728 22.370390 77.000000 
-90.265221 -122.085678 22.362339 70.000000 
-90.387047 -122.027016 22.368919 75.000000 
-90.370216 -122.018143 22.371353 72.000000 
-90.362045 -122.008217 22.368937 72.000000 
-90.497467 -121.944511 22.372074 74.000000 
-90.357216 -121.997635 22.364494 72.000000 
-90.485657 -121.935005 22.371439 85.000000 
-90.354019 -121.986725 22.359041 84.000000 
-90.484009 -121.923340 22.364878 85.000000 
-90.470718 -121.914833 22.365530 82.000000 
-90.467300 -121.903564 22.360006 85.000000 
-90.451767 -121.894463 22.361282 85.000000 
-90.586174 -121.826027 22.368538 66.000000 
-90.434807 -121.886375 22.363838 92.000000 
-90.579124 -121.815231 22.364880 75.000000 
-90.419525 -121.877983 22.365440 65.000000 
-90.555054 -121.808685 22.370941 83.000000 
-90.539490 -121.800133 22.372217 81.000000 
-90.695450 -121.722641 22.371798 69.000000 
-90.527298 -121.790794 22.371597 81.000000 
-90.684685 -121.712486 22.369909 76.000000 
-90.518463 -121.780624 22.369062 77.000000 
-90.670486 -121.703308 22.369936 89.000000 
-90.653442 -121.696289 22.372353 82.000000 
-90.651115 -121.683929 22.365864 82.000000 
-90.638283 -121.673882 22.364838 79.000000 
-90.770401 -121.593948 22.378111 65.000000 
-90.622330 -121.665436 22.365978 91.000000 
-90.764397 -121.582214 22.373423 67.000000 
-90.609756 -121.656082 22.365267 65.000000 
-90.751541 -121.572563 22.372414 77.000000 
-90.730476 -121.566177 22.376255 77.000000 
-90.722694 -121.555092 22.372583 74.000000 
-90.714569 -121.543442 22.368711 77.000000 
-90.871536 -121.455460 22.376421 71.000000 
-90.865448 -121.444038 22.371946 83.000000 
-90.855606 -121.433167 22.369032 76.000000 
-90.849449 -121.421783 22.364605 80.000000 
-90.997192 -121.332710 22.382942 73.000000 
-90.829056 -121.413864 22.366865 80.000000 
-90.987038 -121.321548 22.379856 72.000000 
-90.980247 -121.309196 22.375093 73.000000 
-90.959488 -121.301170 22.376974 78.000000 
-90.942467 -121.292625 22.377436 81.000000 
-91.148560 -121.177277 22.372452 89.000000 
-90.928833 -121.282906 22.376225 81.000000 
-91.127724 -121.169655 22.374146 96.000000 
-91.098389 -121.165413 22.380022 86.000000 
-91.091522 -121.153381 22.375477 86.000000 
-91.089333 -121.138725 22.368235 89.000000 
-91.076935 -121.128090 22.365988 83.000000 
-91.255875 -121.016785 22.380426 77.000000 
-91.054390 -121.121567 22.368773 67.000000 
-91.243126 -121.005768 22.377916 77.000000 
-91.229965 -120.994141 22.375200 84.000000 
-91.208710 -120.986786 22.376757 92.000000 
-91.181099 -120.983047 22.381804 90.000000 
-91.411339 -120.845070 22.379574 109.000000 
-91.394722 -120.835220 22.378408 112.000000 
-91.365845 -120.830017 22.382387 116.000000 
-91.349228 -120.820366 22.381336 118.000000 
-91.339737 -120.808411 22.377508 119.000000 
-91.552559 -120.670494 22.390652 120.000000 
-91.338203 -120.791992 22.369625 74.000000 
-91.538864 -120.658905 22.387817 124.000000 
-91.524712 -120.646667 22.384775 122.000000 
-91.517685 -120.631989 22.379095 123.000000 
-91.500534 -120.622139 22.377846 125.000000 
-91.468307 -120.619652 22.383272 125.000000 
-91.724068 -120.453247 22.385958 122.000000 
-91.469543 -120.601044 22.374022 120.000000 
-91.709770 -120.441307 22.382973 124.000000 
-91.692101 -120.431099 22.381428 124.000000 
-91.669395 -120.423508 22.382034 124.000000 
-91.656715 -120.410919 22.378489 124.000000 
-91.650642 -120.394936 22.372162 122.000000 
-91.624596 -120.389313 22.374336 65.000000 
-91.586258 -120.372169 22.373447 117.000000 
-91.576752 -120.358101 22.368690 114.000000 
-89.357162 -123.273170 22.380274 81.000000 
-89.363525 -123.262733 22.369179 90.000000 
-89.358238 -123.253036 22.365877 94.000000 
-89.342995 -123.244080 22.369308 88.000000 
-89.327751 -123.235207 22.372793 94.000000 
-89.456665 -123.187943 22.366009 72.000000 
-89.327347 -123.225235 22.366219 94.000000 
-89.318665 -123.215935 22.365282 101.000000 
-89.311607 -123.206535 22.363249 65.000000 
-89.407555 -123.141830 22.363955 68.000000 
-89.509453 -123.094368 22.377892 70.000000 
-89.393211 -123.132011 22.365774 68.000000 
-89.511658 -123.082291 22.368694 66.000000 
-89.504158 -123.072479 22.366364 68.000000 
-89.493698 -123.064171 22.366650 68.000000 
-89.477798 -123.055573 22.369753 76.000000 
-89.607628 -123.000687 22.368904 81.000000 
-89.471909 -123.045662 22.366446 87.000000 
-89.596497 -122.991203 22.368528 78.000000 
-89.578606 -122.982819 22.372374 85.000000 
-89.466469 -123.024422 22.355350 66.000000 
-89.567230 -122.972954 22.371864 74.000000 
-89.562767 -122.962563 22.367416 83.000000 
-89.675201 -122.907028 22.380619 76.000000 
-89.555145 -122.953255 22.365316 81.000000 
-89.660629 -122.898697 22.382391 72.000000 
-89.547279 -122.943466 22.363020 65.000000 
-89.658287 -122.876678 22.369499 75.000000 
-89.640053 -122.868599 22.373198 70.000000 
-89.770775 -122.806892 22.379324 74.000000 
-89.621346 -122.859566 22.376513 70.000000 
-89.775566 -122.792725 22.368309 79.000000 
-89.760399 -122.783875 22.369665 85.000000 
-89.738434 -122.776566 22.375051 85.000000 
-89.730034 -122.766426 22.372524 85.000000 
-89.718224 -122.757072 22.372028 89.000000 
-89.852959 -122.689720 22.379028 69.000000 
-89.708092 -122.747398 22.370569 65.000000 
-89.844292 -122.679337 22.376339 72.000000 
-89.832199 -122.669800 22.375616 72.000000 
-89.828583 -122.658234 22.370079 75.000000 
-89.962860 -122.587395 22.382029 70.000000 
-89.816971 -122.649895 22.369877 75.000000 
-89.959587 -122.576584 22.376865 84.000000 
-89.792969 -122.643501 22.376091 69.000000 
-89.954002 -122.565079 22.372185 85.000000 
-89.934738 -122.557243 22.375051 85.000000 
-89.915482 -122.549507 22.377977 94.000000 
-89.903030 -122.540001 22.377180 82.000000 
-89.900734 -122.527710 22.370741 71.000000 
-89.898674 -122.515968 22.364540 65.000000 
-90.022316 -122.438889 22.381918 67.000000 
-90.015747 -122.426041 22.376818 69.000000 
-90.006332 -122.415413 22.374043 72.000000 
-90.167877 -122.328392 22.380520 68.000000 
-90.158798 -122.318596 22.377995 71.000000 
-90.142235 -122.309830 22.378557 67.000000 
-90.118210 -122.302177 22.382250 71.000000 
-90.108772 -122.291946 22.379608 78.000000 
-90.275764 -122.197723 22.388086 68.000000 
-90.255768 -122.190674 22.390335 67.000000 
-90.242271 -122.180725 22.388987 69.000000 
-90.240685 -122.166611 22.381691 73.000000 
-90.233940 -122.154312 22.376982 76.000000 
-90.413483 -122.050415 22.385324 94.000000 
-90.216957 -122.145706 22.377457 76.000000 
-90.408119 -122.036980 22.379629 83.000000 
-90.395874 -122.026123 22.377245 78.000000 
-90.376801 -122.017906 22.378202 83.000000 
-90.357719 -122.009789 22.379213 78.000000 
-90.343735 -121.999786 22.377794 81.000000 
-90.539040 -121.884453 22.384974 77.000000 
-90.336502 -121.987183 22.373091 67.000000 
-90.512749 -121.878853 22.388775 77.000000 
-90.499710 -121.867210 22.386057 75.000000 
-90.490410 -121.854866 22.382029 77.000000 
-90.481461 -121.843201 22.378273 75.000000 
-90.681679 -121.719040 22.389824 114.000000 
-90.666862 -121.708405 22.387894 114.000000 
-90.662209 -121.693420 22.381437 108.000000 
-90.643944 -121.684364 22.381111 111.000000 
-90.613853 -121.680626 22.386202 115.000000 
-90.849602 -121.534332 22.389631 109.000000 
-90.609093 -121.665756 22.379850 69.000000 
-90.832588 -121.524170 22.388214 124.000000 
-90.803711 -121.519539 22.391953 124.000000 
-90.793442 -121.506424 22.387726 124.000000 
-90.778076 -121.495712 22.385731 125.000000 
-90.757645 -121.487457 22.385986 124.000000 
-91.001511 -121.330101 22.394545 122.000000 
-90.750641 -121.472878 22.380402 120.000000 
-90.990242 -121.315735 22.389896 123.000000 
-90.976028 -121.303787 22.386938 125.000000 
-90.951721 -121.296890 22.388222 125.000000 
-90.929092 -121.289276 22.388868 126.000000 
-90.916039 -121.275986 22.385109 122.000000 
-90.881378 -121.236809 22.373383 104.000000 
-88.642426 -124.134857 22.374279 74.000000 
-88.627289 -124.125656 22.377602 77.000000 
-88.623924 -124.116348 22.373390 77.000000 
-88.623665 -124.106346 22.366737 77.000000 
-88.613441 -124.096985 22.366816 83.000000 
-88.603195 -124.087669 22.366932 83.000000 
-88.714043 -124.042549 22.372017 67.000000 
-88.589638 -124.078659 22.369337 80.000000 
-88.589241 -124.068703 22.362762 74.000000 
-88.582039 -124.058777 22.360504 74.000000 
-88.680740 -124.013954 22.372650 68.000000 
-88.673546 -124.004326 22.370451 68.000000 
-88.673164 -123.994545 22.364086 65.000000 
-88.780327 -123.947044 22.374529 80.000000 
-88.774597 -123.937004 22.371103 78.000000 
-88.770508 -123.926773 22.366631 84.000000 
-88.763031 -123.916977 22.364325 78.000000 
-88.878197 -123.865067 22.372967 77.000000 
-88.751984 -123.907135 22.363983 81.000000 
-88.873688 -123.854019 22.368168 81.000000 
-88.741119 -123.897850 22.363903 78.000000 
-88.869354 -123.843506 22.363619 85.000000 
-88.722130 -123.890282 22.369495 66.000000 
-88.858459 -123.834534 22.363506 83.000000 
-88.830521 -123.827675 22.373711 74.000000 
-88.973915 -123.768028 22.368385 89.000000 
-88.826118 -123.817291 22.369261 69.000000 
-88.954063 -123.759827 22.372919 77.000000 
-88.821686 -123.806915 22.364832 74.000000 
-88.939293 -123.750854 22.374454 72.000000 
-88.933220 -123.740990 22.371157 78.000000 
-88.925186 -123.730927 22.368679 68.000000 
-88.917130 -123.720886 22.366232 78.000000 
-89.039719 -123.661423 22.377167 69.000000 
-88.905670 -123.711517 22.365873 78.000000 
-89.043358 -123.648743 22.367582 79.000000 
-89.038437 -123.637741 22.362970 89.000000 
-89.021599 -123.629227 22.365368 92.000000 
-89.009850 -123.619720 22.364819 92.000000 
-89.003143 -123.609177 22.361298 99.000000 
-89.131546 -123.543907 22.372169 68.000000 
-88.979782 -123.602905 22.368084 72.000000 
-89.112953 -123.536369 22.375505 70.000000 
-89.100914 -123.526787 22.374784 68.000000 
-89.095398 -123.515076 22.369982 72.000000 
-89.233459 -123.444138 22.379652 76.000000 
-89.095184 -123.502693 22.362501 83.000000 
-89.231392 -123.431740 22.373066 84.000000 
-89.217316 -123.422417 22.373081 73.000000 
-89.054024 -123.488029 22.371103 65.000000 
-89.206642 -123.412277 22.371256 71.000000 
-89.191391 -123.404671 22.372766 82.000000 
-89.338364 -123.322968 22.378483 67.000000 
-89.175583 -123.396011 22.373861 85.000000 
-89.323372 -123.312378 22.377815 67.000000 
-89.303825 -123.304504 22.380411 67.000000 
-89.295120 -123.294945 22.378035 72.000000 
-89.285797 -123.284241 22.375223 74.000000 
-89.279251 -123.271393 22.370140 67.000000 
-89.437515 -123.185661 22.377777 68.000000 
-89.427864 -123.174622 22.374777 73.000000 
-89.418182 -123.163620 22.371811 80.000000 
-89.401649 -123.154846 22.372435 76.000000 
-89.382339 -123.148453 22.375357 76.000000 
-89.546722 -123.056862 22.385397 69.000000 
-89.541855 -123.043861 22.379730 72.000000 
-89.518135 -123.037323 22.383511 76.000000 
-89.508080 -123.026176 22.380486 75.000000 
-89.497322 -123.013840 22.377026 75.000000 
-89.680756 -122.909706 22.383049 85.000000 
-89.666901 -122.899414 22.381472 81.000000 
-89.659859 -122.886650 22.376629 81.000000 
-89.647667 -122.875824 22.374300 86.000000 
-89.630341 -122.866974 22.374502 83.000000 
-89.819344 -122.755089 22.384441 74.000000 
-89.801643 -122.745926 22.384262 75.000000 
-89.780525 -122.738205 22.385723 75.000000 
-89.756012 -122.731956 22.388844 75.000000 
-89.743408 -122.721016 22.386435 70.000000 
-89.968765 -122.589348 22.386810 109.000000 
-89.936981 -122.585754 22.392462 111.000000 
-89.925652 -122.573677 22.389034 108.000000 
-89.914299 -122.561638 22.385643 108.000000 
-89.902908 -122.549644 22.382290 114.000000 
-90.115959 -122.415657 22.395668 115.000000 
-89.889793 -122.538422 22.379742 102.000000 
-90.114365 -122.398598 22.387684 124.000000 
-90.096146 -122.389854 22.387274 123.000000 
-90.074104 -122.382042 22.388130 124.000000 
-90.049957 -122.374413 22.389536 123.000000 
-90.044807 -122.359009 22.383148 123.000000 
-90.289894 -122.203514 22.391367 123.000000 
-90.029488 -122.348320 22.381218 111.000000 
-90.267349 -122.195442 22.391819 122.000000 
-90.251556 -122.184235 22.389536 123.000000 
-90.238342 -122.173714 22.387098 124.000000 
-90.230919 -122.158508 22.381384 125.000000 
-90.211693 -122.149109 22.380634 119.000000 
-90.168518 -122.113136 22.372070 108.000000 
-90.157555 -122.099785 22.367956 108.000000 
-88.087936 -124.794434 22.369926 66.000000 
-88.072136 -124.785347 22.372826 76.000000 
-88.053169 -124.777252 22.378141 78.000000 
-88.047424 -124.767159 22.374725 76.000000 
-88.046677 -124.756462 22.368113 74.000000 
-88.042534 -124.746170 22.363661 74.000000 
-88.028336 -124.737198 22.365700 72.000000 
-88.153648 -124.683533 22.368137 66.000000 
-88.014122 -124.728302 22.367788 72.000000 
-88.149292 -124.672935 22.363586 68.000000 
-88.006569 -124.718567 22.365587 67.000000 
-88.136482 -124.663612 22.364296 74.000000 
-88.118614 -124.655144 22.368206 81.000000 
-88.248764 -124.597504 22.371592 76.000000 
-88.107468 -124.645706 22.367960 74.000000 
-88.244171 -124.586639 22.366976 82.000000 
-88.106361 -124.634705 22.361414 75.000000 
-88.215813 -124.579918 22.376667 70.000000 
-88.096611 -124.624550 22.359951 66.000000 
-88.214333 -124.568016 22.369852 70.000000 
-88.204582 -124.558167 22.368402 72.000000 
-88.332718 -124.497856 22.377001 84.000000 
-88.205170 -124.547028 22.361042 68.000000 
-88.324684 -124.487984 22.374567 79.000000 
-88.190315 -124.538193 22.362738 70.000000 
-88.318085 -124.477249 22.370937 75.000000 
-88.318245 -124.465149 22.363346 79.000000 
-88.304779 -124.455849 22.363754 75.000000 
-88.282837 -124.448418 22.369215 75.000000 
-88.277817 -124.437454 22.364704 75.000000 
-88.406403 -124.372124 22.375900 72.000000 
-88.267693 -124.427620 22.363234 67.000000 
-88.394356 -124.362396 22.375145 70.000000 
-88.382294 -124.352730 22.374430 70.000000 
-88.536232 -124.278214 22.376324 75.000000 
-88.380669 -124.341232 22.368137 68.000000 
-88.517303 -124.270561 22.379309 78.000000 
-88.371941 -124.330818 22.365532 68.000000 
-88.513496 -124.258507 22.373661 82.000000 
-88.504524 -124.247772 22.370855 82.000000 
-88.495514 -124.237076 22.368080 85.000000 
-88.629311 -124.159126 22.382072 69.000000 
-88.479675 -124.228226 22.369125 79.000000 
-88.620049 -124.148140 22.379118 82.000000 
-88.457024 -124.221298 22.374014 71.000000 
-88.600479 -124.140106 22.381664 74.000000 
-88.587753 -124.130211 22.380617 77.000000 
-88.578430 -124.119385 22.377777 72.000000 
-88.569069 -124.108597 22.374969 70.000000 
-88.723015 -124.009819 22.377424 68.000000 
-88.716751 -123.997612 22.372656 78.000000 
-88.703926 -123.988197 22.371698 73.000000 
-88.690765 -123.978226 22.370546 76.000000 
-88.857491 -123.886124 22.380894 77.000000 
-88.844025 -123.875839 22.379450 78.000000 
-88.840797 -123.862122 22.372915 72.000000 
-88.809853 -123.857178 22.379877 69.000000 
-88.796333 -123.847099 22.378571 73.000000 
-88.999229 -123.736473 22.376543 82.000000 
-88.791641 -123.834702 22.373232 66.000000 
-88.985680 -123.726616 22.375149 82.000000 
-88.971756 -123.716164 22.373550 86.000000 
-88.959526 -123.705139 22.371168 89.000000 
-88.959190 -123.689690 22.363024 89.000000 
-88.941780 -123.680656 22.363197 92.000000 
-89.117516 -123.573677 22.380713 67.000000 
-88.910782 -123.676918 22.370089 70.000000 
-89.101463 -123.563705 22.379730 75.000000 
-89.086731 -123.552467 22.377754 75.000000 
-89.067245 -123.544006 22.378464 81.000000 
-89.283127 -123.416718 22.385004 75.000000 
-89.060028 -123.531471 22.373871 77.000000 
-89.273865 -123.404320 22.380960 116.000000 
-89.243706 -123.399849 22.385832 114.000000 
-89.223396 -123.390533 22.385958 102.000000 
-89.218773 -123.375450 22.379499 116.000000 
-89.212791 -123.361778 22.374075 105.000000 
-89.424530 -123.228203 22.389441 118.000000 
-89.417747 -123.213242 22.383627 124.000000 
-89.405823 -123.200592 22.380032 126.000000 
-89.381996 -123.193367 22.381601 124.000000 
-89.356499 -123.187042 22.383974 124.000000 
-89.612106 -123.026505 22.389145 121.000000 
-89.346207 -123.173813 22.379786 111.000000 
-89.604736 -123.010963 22.383270 123.000000 
-89.575325 -123.005936 22.386492 126.000000 
-89.561142 -122.993744 22.383497 126.000000 
-89.308365 -123.137512 22.370390 103.000000 
-89.546928 -122.981606 22.380543 124.000000 
-89.534363 -122.968697 22.376930 124.000000 
-89.515053 -122.959152 22.376177 65.000000 
-89.468063 -122.944534 22.378380 105.000000 
-88.032532 -124.841919 22.375872 68.000000 
-88.152512 -124.692368 22.371391 69.000000 
-88.143768 -124.679558 22.367147 75.000000 
-88.123344 -124.671509 22.369167 78.000000 
-88.102921 -124.663567 22.371248 81.000000 
-88.304741 -124.553513 22.371407 67.000000 
-88.092735 -124.652153 22.368227 75.000000 
-88.292496 -124.542183 22.368914 78.000000 
-88.275085 -124.532776 22.368929 86.000000 
-88.267929 -124.519669 22.364044 83.000000 
-88.254257 -124.509781 22.362740 86.000000 
-88.247025 -124.496727 22.357914 86.000000 
-88.224442 -124.489517 22.360601 71.000000 
-88.396240 -124.367401 22.372398 67.000000 
-88.383118 -124.355324 22.369638 77.000000 
-88.360146 -124.348091 22.371954 73.000000 
-88.584824 -124.216789 22.375759 105.000000 
-88.573357 -124.204231 22.372227 110.000000 
-88.544815 -124.198906 22.376350 119.000000 
-88.528610 -124.189346 22.375450 118.000000 
-88.511993 -124.179176 22.374352 116.000000 
-88.743080 -124.037506 22.383001 106.000000 
-88.507217 -124.163925 22.367926 72.000000 
-88.734520 -124.023079 22.377882 123.000000 
-88.712318 -124.014771 22.378626 124.000000 
-88.708778 -123.998123 22.371391 125.000000 
-88.686546 -123.989960 22.372238 125.000000 
-88.649124 -123.988930 22.379761 115.000000 
-88.935478 -123.813530 22.373566 120.000000 
-88.917793 -123.802567 22.371851 122.000000 
-88.895020 -123.794106 22.372282 126.000000 
-88.872253 -123.785759 22.372776 127.000000 
-88.864182 -123.769394 22.366766 128.000000 
-88.846428 -123.758736 22.365259 119.000000 
-88.810890 -123.737656 22.362396 108.000000 
-88.036591 -124.859833 22.390049 104.000000 
-88.022911 -124.847534 22.387037 120.000000 
-88.002388 -124.838318 22.386969 121.000000 
-87.981438 -124.828484 22.386707 125.000000 
-87.977867 -124.811790 22.379461 124.000000 
-87.961128 -124.801987 22.378338 122.000000 
-88.214211 -124.642746 22.387648 121.000000 
-88.201630 -124.629288 22.383791 120.000000 
-88.189018 -124.615875 22.379976 124.000000 
-88.176361 -124.602501 22.376202 125.000000 
-88.153542 -124.594070 22.376654 125.000000 
-88.130730 -124.585747 22.377169 119.000000 
-88.115303 -124.554451 22.365717 105.000000 
