ply
format ascii 1.0
comment Created by CloudCompare v2.14.alpha (Sep  7 2025)
comment Created 2025-11-10T18:19:11
obj_info Generated by CloudCompare!
element vertex 12720
property float x
property float y
property float z
property float intensity
end_header
456.559875 147.614731 24.574146 48.000000 
456.576324 147.717163 24.570873 41.000000 
456.549072 147.617661 24.575472 50.000000 
456.570709 147.732178 24.584553 42.000000 
456.535004 147.612366 24.568777 56.000000 
456.587006 147.828918 24.580769 45.000000 
456.558624 147.731049 24.581760 46.000000 
456.525299 147.618118 24.572832 62.000000 
456.575165 147.827850 24.577868 47.000000 
456.545959 147.728607 24.577623 48.000000 
456.515656 147.623901 24.576908 62.000000 
456.566681 147.834671 24.583420 49.000000 
456.533234 147.726212 24.573513 48.000000 
456.502045 147.620102 24.571636 54.000000 
456.555908 147.834824 24.581900 55.000000 
456.523865 147.730423 24.576216 53.000000 
456.542328 147.829926 24.574860 61.000000 
456.513977 147.734787 24.579010 47.000000 
456.530914 147.828857 24.571987 56.000000 
456.521301 147.833176 24.574818 74.000000 
456.512421 147.840271 24.580540 60.000000 
456.323914 147.630295 24.557014 42.000000 
456.307068 147.621826 24.546923 45.000000 
456.292847 147.618805 24.542158 48.000000 
456.324921 147.739990 24.555790 49.000000 
456.281982 147.622498 24.544027 48.000000 
456.312378 147.739685 24.553560 47.000000 
456.272552 147.628891 24.548555 49.000000 
456.297058 147.734222 24.545952 45.000000 
456.258270 147.625992 24.543879 47.000000 
456.331665 147.852966 24.563389 42.000000 
456.287781 147.739029 24.549091 46.000000 
456.317322 147.848969 24.556931 49.000000 
456.277283 147.742737 24.550993 47.000000 
456.302216 147.843765 24.549128 56.000000 
456.266815 147.746475 24.552919 50.000000 
456.292023 147.847443 24.551022 51.000000 
456.282562 147.852402 24.554317 54.000000 
456.270233 147.852356 24.552120 56.000000 
456.256653 147.851303 24.548674 53.000000 
456.557495 147.699158 24.574148 46.000000 
456.581818 147.872665 24.584379 40.000000 
456.544800 147.705261 24.577496 46.000000 
456.532593 147.713013 24.581964 47.000000 
456.553894 147.871964 24.582150 43.000000 
456.517700 147.711121 24.579889 48.000000 
456.582581 148.031982 24.592222 59.000000 
456.541748 147.878021 24.585611 50.000000 
456.500031 147.699631 24.571280 44.000000 
456.564941 148.017670 24.580515 51.000000 
456.530090 147.885681 24.590229 60.000000 
456.592316 148.183151 24.601021 47.000000 
456.551819 148.018967 24.580545 57.000000 
456.514252 147.879150 24.584686 64.000000 
456.578308 148.179825 24.597370 40.000000 
456.535858 148.011002 24.573589 61.000000 
456.560425 148.164352 24.584106 50.000000 
456.525085 148.020142 24.579521 66.000000 
456.579224 148.294464 24.583155 52.000000 
456.545776 148.159607 24.579319 53.000000 
456.511444 148.020004 24.578466 61.000000 
456.567841 148.298767 24.585617 53.000000 
456.531097 148.154922 24.574564 50.000000 
456.582336 148.412628 24.576849 60.000000 
456.554504 148.297134 24.583143 60.000000 
456.519287 148.159378 24.577061 55.000000 
456.575256 148.428558 24.589563 47.000000 
456.541168 148.295547 24.580698 64.000000 
456.510559 148.172989 24.586798 52.000000 
456.566772 148.440125 24.598465 47.000000 
456.525757 148.288071 24.573328 69.000000 
456.551788 148.432785 24.590824 51.000000 
456.514343 148.292511 24.575895 62.000000 
456.569061 148.546356 24.587568 51.000000 
456.537262 148.426941 24.584490 63.000000 
456.507141 148.308868 24.588383 42.000000 
456.590118 148.666885 24.596424 50.000000 
456.558960 148.552048 24.591473 53.000000 
456.522644 148.421158 24.578188 59.000000 
456.319489 147.684570 24.551485 40.000000 
456.574677 148.657150 24.585623 50.000000 
456.545746 148.549225 24.587557 56.000000 
456.512177 148.427032 24.582090 61.000000 
456.593964 148.823013 24.590837 45.000000 
456.313324 147.760483 24.565432 40.000000 
456.565796 148.717789 24.590021 50.000000 
456.532410 148.598633 24.581472 61.000000 
456.583984 148.827133 24.593489 49.000000 
456.554993 148.720642 24.591337 56.000000 
456.519623 148.597321 24.578918 72.000000 
456.570831 148.824661 24.589365 44.000000 
456.278809 147.748810 24.555847 42.000000 
456.541504 148.718109 24.587389 60.000000 
456.597504 148.949509 24.614708 42.000000 
456.312561 147.921890 24.563997 40.000000 
456.561401 148.830185 24.593435 44.000000 
456.259491 147.736649 24.546743 42.000000 
456.530670 148.721024 24.588757 62.000000 
456.581451 148.937759 24.600557 52.000000 
456.293732 147.909912 24.554480 46.000000 
456.552551 148.837082 24.598894 47.000000 
456.516022 148.714294 24.580786 54.000000 
456.325043 148.054306 24.550524 59.000000 
456.567444 148.931351 24.592062 51.000000 
456.278809 147.908875 24.552841 47.000000 
456.539886 148.834579 24.594780 48.000000 
456.314575 148.063934 24.556833 57.000000 
456.556061 148.930099 24.589140 54.000000 
456.263947 147.906143 24.550028 51.000000 
456.527130 148.830612 24.589254 53.000000 
456.306580 148.077988 24.566544 46.000000 
456.549774 148.942154 24.600327 56.000000 
456.516083 148.832230 24.589304 47.000000 
456.289154 148.069397 24.559029 47.000000 
456.536804 148.938492 24.594713 64.000000 
456.320526 148.219360 24.565331 40.000000 
456.274048 148.066956 24.556171 47.000000 
456.524323 148.936188 24.590532 63.000000 
456.310028 148.227371 24.570623 40.000000 
456.258911 148.064560 24.553349 42.000000 
456.510651 148.931305 24.583580 61.000000 
456.330780 148.345688 24.558224 52.000000 
456.291718 148.216064 24.560476 46.000000 
456.318848 148.349197 24.559948 55.000000 
456.276978 148.213745 24.557503 48.000000 
456.309387 148.358582 24.566595 46.000000 
456.292511 148.350525 24.558580 45.000000 
456.279327 148.351242 24.557940 49.000000 
456.309814 148.486923 24.565954 43.000000 
456.264862 148.349106 24.554886 46.000000 
456.295746 148.484818 24.562725 46.000000 
456.281616 148.482773 24.559526 47.000000 
456.313110 148.613403 24.569567 43.000000 
456.266174 148.477936 24.553852 49.000000 
456.300629 148.614197 24.568802 43.000000 
456.255920 148.484467 24.558237 40.000000 
456.325470 148.726395 24.567738 45.000000 
456.286835 148.612274 24.565489 42.000000 
456.314636 148.729919 24.569544 49.000000 
456.273010 148.610413 24.562208 46.000000 
456.301025 148.726578 24.564682 47.000000 
456.326721 148.837387 24.567513 49.000000 
456.286804 148.723465 24.559944 56.000000 
456.319580 148.847458 24.576092 46.000000 
456.273895 148.723068 24.557877 50.000000 
456.308441 148.849701 24.576582 43.000000 
456.263031 148.726746 24.559786 51.000000 
456.332642 148.951996 24.576353 42.000000 
456.290375 148.838913 24.563606 47.000000 
456.321075 148.952957 24.575422 52.000000 
456.277771 148.838638 24.561460 45.000000 
456.310211 148.955231 24.575899 51.000000 
456.265137 148.838394 24.559343 50.000000 
456.293732 148.947403 24.565371 61.000000 
456.279266 148.943436 24.559017 61.000000 
456.271881 148.952148 24.566462 54.000000 
456.264374 148.959412 24.572443 48.000000 
456.590057 147.765610 24.563681 56.000000 
456.573486 147.768311 24.564581 58.000000 
456.602570 148.034027 24.581257 46.000000 
456.555054 147.765945 24.562851 117.000000 
456.579803 148.002136 24.563272 52.000000 
456.539185 147.772247 24.565632 115.000000 
456.563171 148.001404 24.562346 65.000000 
456.549469 148.014526 24.569010 81.000000 
456.573303 148.227295 24.567434 50.000000 
456.534393 148.017197 24.569984 81.000000 
456.598022 148.442993 24.577692 45.000000 
456.559540 148.236847 24.572388 59.000000 
456.581116 148.435608 24.572552 55.000000 
456.544708 148.241318 24.574415 61.000000 
456.604614 148.631882 24.580681 56.000000 
456.564514 148.429947 24.568470 63.000000 
456.592163 148.644562 24.588131 51.000000 
456.549103 148.432861 24.569592 63.000000 
456.573730 148.629120 24.577497 59.000000 
456.535614 148.440689 24.573759 66.000000 
456.557220 148.621979 24.572210 65.000000 
456.582092 148.812637 24.585594 43.000000 
456.543091 148.624771 24.573328 61.000000 
456.566711 148.805511 24.580040 44.000000 
456.341461 147.736481 24.542545 43.000000 
456.591400 148.983826 24.593920 48.000000 
456.552246 148.805038 24.578970 44.000000 
456.321747 147.727753 24.537659 54.000000 
456.612213 149.123688 24.589319 47.000000 
456.576202 148.978561 24.589346 56.000000 
456.538666 148.807831 24.580128 48.000000 
456.355804 147.967331 24.537903 40.000000 
456.304138 147.727753 24.537302 56.000000 
456.593964 149.106018 24.575144 45.000000 
456.562683 148.979691 24.589348 58.000000 
456.344635 147.989502 24.549635 45.000000 
456.287384 147.731262 24.538778 109.000000 
456.584259 149.119614 24.584486 46.000000 
456.546509 148.971359 24.582567 61.000000 
456.323700 147.974106 24.540760 47.000000 
456.571136 149.120758 24.584461 52.000000 
456.533844 148.975754 24.584900 57.000000 
456.307678 147.977554 24.542238 44.000000 
456.590332 149.263550 24.587036 49.000000 
456.557526 149.120392 24.583290 52.000000 
456.610809 149.405899 24.596264 47.000000 
456.290710 147.977646 24.541876 48.000000 
456.578033 149.266235 24.588196 50.000000 
456.543030 149.116943 24.579805 52.000000 
456.324554 148.200821 24.544046 42.000000 
456.594391 149.393555 24.584959 50.000000 
456.564850 149.265900 24.586966 51.000000 
456.528931 149.115112 24.577522 48.000000 
456.310608 148.209320 24.548489 40.000000 
456.581543 149.393234 24.583645 51.000000 
456.551636 149.265610 24.585762 60.000000 
456.341614 148.409561 24.547596 42.000000 
456.600342 149.525009 24.590223 49.000000 
456.295746 148.214478 24.551010 49.000000 
456.569641 149.395950 24.584846 60.000000 
456.538879 149.266876 24.585794 65.000000 
456.325134 148.409836 24.547161 44.000000 
456.588226 149.527802 24.591469 56.000000 
456.556641 149.397339 24.584890 64.000000 
456.609253 149.658875 24.604143 40.000000 
456.309845 148.411636 24.547697 46.000000 
456.575745 149.527557 24.590124 54.000000 
456.545227 149.401611 24.587385 60.000000 
456.595306 149.651352 24.596087 49.000000 
456.296814 148.418243 24.551226 60.000000 
456.564301 149.528687 24.590021 55.000000 
456.531464 149.396835 24.582390 57.000000 
456.325806 148.599564 24.547750 40.000000 
456.580719 149.644028 24.588121 52.000000 
456.554749 149.537292 24.596386 59.000000 
456.600281 149.766403 24.598488 52.000000 
456.309845 148.599945 24.547310 43.000000 
456.568481 149.645447 24.588120 59.000000 
456.540680 149.534378 24.592627 63.000000 
456.588440 149.766266 24.597025 55.000000 
456.297150 148.608292 24.552076 46.000000 
456.557281 149.648193 24.589390 61.000000 
456.523621 149.521194 24.579910 43.000000 
456.605164 149.872772 24.597910 45.000000 
456.328461 148.838898 24.553707 42.000000 
456.575531 149.815460 24.590384 55.000000 
456.548157 149.708649 24.593462 58.000000 
456.595459 149.933258 24.602203 42.000000 
456.314240 148.840744 24.554228 43.000000 
456.563660 149.815399 24.588972 55.000000 
456.533905 149.702911 24.586922 58.000000 
456.584412 149.934570 24.602083 47.000000 
456.301605 148.847397 24.558041 46.000000 
456.553284 149.819534 24.591614 56.000000 
456.601807 150.039642 24.606730 45.000000 
456.572357 149.933197 24.599234 53.000000 
456.287933 148.850891 24.559706 46.000000 
456.542969 149.823715 24.594278 66.000000 
456.590576 150.042542 24.608118 47.000000 
456.557648 149.928070 24.592421 56.000000 
456.528900 149.821259 24.590393 54.000000 
456.346924 149.162766 24.560270 48.000000 
456.576172 150.034653 24.598148 54.000000 
456.302979 149.018539 24.563139 47.000000 
456.547607 149.932190 24.595125 54.000000 
456.333588 149.164612 24.560736 46.000000 
456.565369 150.033142 24.595110 56.000000 
456.289429 149.017014 24.561293 41.000000 
456.540283 149.940109 24.601833 52.000000 
456.319824 149.161575 24.557585 47.000000 
456.554047 150.033249 24.593634 58.000000 
456.525452 149.932129 24.592226 44.000000 
456.307617 149.166550 24.560427 52.000000 
456.543243 150.034714 24.593586 61.000000 
456.336609 149.315384 24.565781 45.000000 
456.294861 149.170044 24.562134 52.000000 
456.534668 150.041473 24.599174 58.000000 
456.357391 149.438553 24.557119 45.000000 
456.322540 149.314301 24.563871 40.000000 
456.351166 149.458191 24.572388 50.000000 
456.309570 149.317917 24.565660 43.000000 
456.333954 149.448380 24.562996 53.000000 
456.297241 149.321396 24.567390 46.000000 
456.319611 149.445938 24.559786 46.000000 
456.350677 149.589203 24.574518 42.000000 
456.307037 149.447937 24.560289 51.000000 
456.297485 149.455612 24.565638 55.000000 
456.320221 149.577240 24.561447 46.000000 
456.282471 149.451843 24.561291 42.000000 
456.308044 149.580872 24.563288 46.000000 
456.296448 149.584351 24.565067 47.000000 
456.320679 149.701187 24.562420 43.000000 
456.282928 149.582001 24.561747 46.000000 
456.310669 149.707413 24.566778 42.000000 
456.334930 149.822906 24.568539 47.000000 
456.298889 149.711060 24.568663 44.000000 
456.320801 149.819534 24.563681 45.000000 
456.287689 149.714569 24.570482 44.000000 
456.348541 149.935715 24.571949 45.000000 
456.309052 149.818573 24.561323 50.000000 
456.338623 149.940399 24.575062 44.000000 
456.303375 149.832855 24.573721 50.000000 
456.325439 149.938522 24.571419 41.000000 
456.287231 149.825577 24.564980 50.000000 
456.312897 149.938019 24.569160 44.000000 
456.338043 150.046158 24.574516 44.000000 
456.303802 149.945587 24.575142 46.000000 
456.323792 150.041885 24.568003 47.000000 
456.291931 149.946457 24.574287 48.000000 
456.314850 150.047867 24.572598 49.000000 
456.277313 149.942139 24.568058 41.000000 
456.304626 150.051331 24.574442 49.000000 
456.290070 150.045746 24.566542 56.000000 
456.275635 150.041656 24.560154 51.000000 
456.610077 148.603943 24.567608 113.000000 
456.592163 148.608353 24.569342 114.000000 
456.620270 148.905472 24.589750 43.000000 
456.572357 148.596680 24.563284 121.000000 
456.599121 148.881607 24.577005 55.000000 
456.554657 148.597504 24.563322 123.000000 
456.580353 148.871841 24.571554 106.000000 
456.603973 149.118637 24.577986 51.000000 
456.560822 148.858643 24.564329 117.000000 
456.586761 149.114212 24.575119 63.000000 
456.545837 148.870041 24.569822 115.000000 
456.568512 149.104675 24.569448 59.000000 
456.593933 149.343567 24.582670 46.000000 
456.552551 149.107269 24.570436 63.000000 
456.614807 149.554260 24.590403 41.000000 
456.578339 149.344391 24.582657 55.000000 
456.595917 149.536575 24.579058 55.000000 
456.560974 149.336746 24.577749 55.000000 
456.616119 149.729797 24.585243 54.000000 
456.583038 149.547501 24.585184 57.000000 
456.544617 149.334274 24.575834 59.000000 
456.601990 149.732269 24.586231 49.000000 
456.566193 149.539993 24.580063 66.000000 
456.585968 149.723083 24.579748 56.000000 
456.548126 149.524033 24.569801 71.000000 
456.608398 149.913910 24.593357 41.000000 
456.574463 149.737198 24.588242 61.000000 
456.354034 148.579803 24.551460 54.000000 
456.592102 149.905029 24.586678 47.000000 
456.558044 149.729889 24.582937 61.000000 
456.334595 148.574203 24.548506 58.000000 
456.611664 150.077393 24.596283 42.000000 
456.578491 149.907562 24.587740 51.000000 
456.541962 149.724274 24.578732 51.000000 
456.313110 148.559875 24.541300 104.000000 
456.597504 150.078400 24.596249 48.000000 
456.564575 149.911896 24.589989 55.000000 
456.350403 148.844620 24.552979 51.000000 
456.289795 148.542267 24.532494 55.000000 
456.580353 150.064972 24.585943 45.000000 
456.550171 149.911270 24.588909 55.000000 
456.330811 148.835678 24.548075 53.000000 
456.605408 150.227341 24.597416 48.000000 
456.568817 150.073914 24.591606 49.000000 
456.535736 149.910675 24.587860 40.000000 
456.312805 148.833755 24.546808 61.000000 
456.589813 150.218887 24.590275 55.000000 
456.557343 150.082886 24.597294 55.000000 
456.348938 149.088943 24.555727 40.000000 
456.293488 148.826691 24.542885 41.000000 
456.577515 150.222992 24.592566 54.000000 
456.542542 150.079147 24.593908 55.000000 
456.331207 149.085327 24.553404 45.000000 
456.595673 150.369019 24.597748 45.000000 
456.561798 150.214630 24.585489 61.000000 
456.311218 149.073227 24.546427 44.000000 
456.582520 150.368469 24.596455 50.000000 
456.549042 150.217239 24.586662 66.000000 
456.598114 150.498947 24.595879 55.000000 
456.292480 149.066299 24.542307 45.000000 
456.567169 150.360306 24.589138 53.000000 
456.537170 150.223022 24.590208 51.000000 
456.584869 150.496948 24.593285 58.000000 
456.554840 150.362900 24.590322 59.000000 
456.359711 149.517380 24.559584 42.000000 
456.598389 150.617096 24.589823 60.000000 
456.313019 149.306564 24.553646 41.000000 
456.573822 150.502502 24.596945 53.000000 
456.542511 150.365540 24.591534 65.000000 
456.589020 150.626953 24.597387 56.000000 
456.294373 149.298126 24.548349 48.000000 
456.558746 150.494598 24.589424 64.000000 
456.532928 150.377380 24.600018 48.000000 
456.327789 149.515533 24.557487 42.000000 
456.579742 150.636826 24.604967 51.000000 
456.544952 150.491226 24.585670 62.000000 
456.591187 150.742096 24.594248 50.000000 
456.311584 149.513855 24.555984 48.000000 
456.566376 150.633530 24.601053 59.000000 
456.533905 150.496887 24.589409 62.000000 
456.344971 149.713135 24.564102 40.000000 
456.580139 150.741516 24.592695 57.000000 
456.293427 149.500305 24.547255 55.000000 
456.553162 150.627075 24.594486 61.000000 
456.597626 150.861237 24.600378 45.000000 
456.326843 149.703354 24.557213 46.000000 
456.572662 150.755539 24.604416 62.000000 
456.540192 150.625336 24.591908 72.000000 
456.582794 150.855606 24.593618 48.000000 
456.309662 149.702103 24.555786 50.000000 
456.555542 150.744064 24.592653 62.000000 
456.525024 150.620972 24.586933 45.000000 
456.600372 150.972366 24.604139 52.000000 
456.574768 150.866547 24.602924 50.000000 
456.292389 149.695679 24.551083 43.000000 
456.544312 150.746704 24.593922 56.000000 
456.588928 150.969147 24.599712 47.000000 
456.563995 150.866074 24.601355 56.000000 
456.530762 150.739105 24.585907 51.000000 
456.609589 151.145706 24.621691 41.000000 
456.577484 151.026749 24.601402 46.000000 
456.311188 149.939438 24.560841 43.000000 
456.550354 150.918152 24.597700 60.000000 
456.598389 151.145508 24.620079 49.000000 
456.342590 150.119629 24.573891 40.000000 
456.566895 151.029312 24.602659 47.000000 
456.294342 149.933197 24.555941 43.000000 
456.538452 150.917999 24.596308 62.000000 
456.583191 151.134735 24.607214 58.000000 
456.325195 150.110321 24.566477 41.000000 
456.557831 151.035995 24.608067 53.000000 
456.524506 150.912323 24.589569 62.000000 
456.351349 150.250732 24.559593 47.000000 
456.568878 151.129562 24.600151 58.000000 
456.307983 150.106110 24.562643 47.000000 
456.545227 151.036148 24.606743 56.000000 
456.338257 150.257339 24.563677 51.000000 
456.559082 151.133484 24.602848 61.000000 
456.292572 150.103195 24.559809 49.000000 
456.533142 151.034729 24.603943 54.000000 
456.329742 150.272873 24.574596 47.000000 
456.550873 151.138474 24.606840 68.000000 
456.518921 151.024948 24.592787 45.000000 
456.313904 150.263550 24.566788 50.000000 
456.537994 151.134506 24.601137 68.000000 
456.342010 150.415726 24.574705 42.000000 
456.299988 150.263794 24.566143 48.000000 
456.526642 151.134537 24.599680 77.000000 
456.513153 151.129333 24.592628 65.000000 
456.349182 150.542252 24.567877 52.000000 
456.313904 150.413223 24.570843 47.000000 
456.338806 150.551514 24.574530 48.000000 
456.298065 150.409210 24.566654 50.000000 
456.326263 150.553284 24.574968 45.000000 
456.283356 150.406570 24.563610 45.000000 
456.309662 150.544830 24.566830 50.000000 
456.295868 150.543762 24.564873 57.000000 
456.324097 150.681442 24.574423 46.000000 
456.282074 150.541092 24.561630 46.000000 
456.308899 150.676132 24.568567 49.000000 
456.294891 150.675339 24.566622 51.000000 
456.323639 150.808121 24.578316 42.000000 
456.282623 150.677277 24.567139 52.000000 
456.311066 150.805481 24.574701 43.000000 
456.332489 150.916977 24.572569 48.000000 
456.298584 150.806015 24.573879 43.000000 
456.322845 150.924484 24.578375 49.000000 
456.340485 151.025162 24.570845 45.000000 
456.307556 150.918243 24.570852 52.000000 
456.332275 151.032211 24.576572 47.000000 
456.293976 150.914627 24.565926 50.000000 
456.322906 151.038116 24.581043 46.000000 
456.279175 150.909851 24.559799 54.000000 
456.310394 151.037445 24.578749 45.000000 
456.273346 150.924103 24.572226 43.000000 
456.332062 151.140472 24.578665 47.000000 
456.297211 151.035477 24.575129 44.000000 
456.324493 151.150330 24.587465 49.000000 
456.281494 151.029785 24.567570 47.000000 
456.307007 151.139496 24.574005 51.000000 
456.297211 151.142654 24.575737 53.000000 
456.280243 151.133209 24.563742 51.000000 
456.272430 151.140289 24.569674 54.000000 
456.622131 149.747620 24.596153 106.000000 
456.604065 149.744553 24.594368 120.000000 
456.623871 150.009888 24.599344 45.000000 
456.585663 149.739777 24.591755 121.000000 
456.605927 150.003372 24.595654 61.000000 
456.567535 149.736816 24.590044 122.000000 
456.590302 150.010971 24.599255 109.000000 
456.549347 149.733917 24.588373 43.000000 
456.606445 150.229782 24.591480 68.000000 
456.574158 150.015106 24.601076 111.000000 
456.590271 150.230377 24.591444 76.000000 
456.555176 150.003479 24.594772 105.000000 
456.576294 150.243134 24.598068 84.000000 
456.594360 150.456161 24.597425 50.000000 
456.561798 150.252472 24.602827 71.000000 
456.613922 150.671982 24.608562 55.000000 
456.579132 150.458527 24.598391 59.000000 
456.595978 150.657455 24.599251 60.000000 
456.564606 150.464340 24.601358 64.000000 
456.579285 150.649704 24.594084 64.000000 
456.550446 150.471893 24.605343 59.000000 
456.601074 150.857880 24.610119 50.000000 
456.566010 150.658829 24.599207 66.000000 
456.584534 150.845200 24.601490 45.000000 
456.551025 150.656113 24.597128 78.000000 
456.384583 149.706650 24.573250 48.000000 
456.604919 151.035934 24.615639 47.000000 
456.569000 150.840958 24.598270 56.000000 
456.363495 149.691940 24.565933 58.000000 
456.588806 151.026855 24.608942 47.000000 
456.555237 150.845032 24.600401 58.000000 
456.346802 149.698486 24.568987 54.000000 
456.606171 151.197495 24.617933 42.000000 
456.574127 151.024353 24.606688 53.000000 
456.542633 150.854111 24.605749 60.000000 
456.329773 149.703323 24.571215 58.000000 
456.592712 151.198212 24.617832 48.000000 
456.559021 151.020264 24.603363 57.000000 
456.358734 149.959869 24.569559 45.000000 
456.308502 149.688797 24.564026 68.000000 
456.579620 151.200562 24.618900 51.000000 
456.543854 151.016220 24.600071 59.000000 
456.342041 149.962891 24.570938 43.000000 
456.593628 151.324936 24.602987 51.000000 
456.563446 151.190186 24.610884 55.000000 
456.532196 151.026825 24.606714 49.000000 
456.326172 149.969452 24.574150 50.000000 
456.581665 151.330429 24.606422 55.000000 
456.548340 151.184647 24.606318 63.000000 
456.352692 150.195343 24.568045 40.000000 
456.309143 149.970840 24.574697 58.000000 
456.569763 151.335953 24.609880 59.000000 
456.535614 151.188736 24.608610 58.000000 
456.337097 150.200104 24.570408 41.000000 
456.582275 151.466583 24.603258 48.000000 
456.556244 151.335236 24.608662 59.000000 
456.601776 151.618408 24.620184 52.000000 
456.321075 150.203201 24.571861 50.000000 
456.571594 151.475113 24.609228 53.000000 
456.542694 151.334564 24.607473 68.000000 
456.586975 151.610184 24.612556 52.000000 
456.304688 150.204620 24.572411 47.000000 
456.560944 151.483673 24.615219 59.000000 
456.528320 151.330811 24.603964 61.000000 
456.571686 151.600510 24.603716 58.000000 
456.546997 151.479980 24.611547 63.000000 
456.358795 150.623657 24.572369 52.000000 
456.588135 151.735519 24.613159 65.000000 
456.321045 150.437759 24.580839 41.000000 
456.560150 151.604431 24.606125 62.000000 
456.533844 151.479401 24.610325 65.000000 
456.344910 150.630020 24.575871 45.000000 
456.577454 151.740829 24.616871 47.000000 
456.304871 150.437515 24.580404 41.000000 
456.549957 151.612885 24.612295 62.000000 
456.520660 151.478867 24.609131 46.000000 
456.330139 150.633072 24.577366 48.000000 
456.564148 151.737335 24.612919 54.000000 
456.537170 151.612366 24.611015 64.000000 
456.581482 151.865814 24.623249 40.000000 
456.314453 150.632874 24.576862 50.000000 
456.553040 151.741241 24.615395 63.000000 
456.522552 151.605881 24.604786 55.000000 
456.565826 151.853806 24.611284 54.000000 
456.297394 150.627731 24.573343 57.000000 
456.542389 151.746643 24.619175 61.000000 
456.587463 151.990372 24.635431 43.000000 
456.324921 150.817612 24.575617 40.000000 
456.553223 151.851929 24.608551 53.000000 
456.529968 151.746216 24.617859 59.000000 
456.352539 150.998520 24.580980 40.000000 
456.572174 151.977158 24.621733 47.000000 
456.312805 150.825470 24.580259 46.000000 
456.543457 151.857147 24.612350 59.000000 
456.516235 151.739822 24.611397 63.000000 
456.583405 152.078552 24.617580 47.000000 
456.338837 151.001556 24.582510 42.000000 
456.558502 151.971146 24.614864 56.000000 
456.296692 150.822098 24.577637 47.000000 
456.533173 151.862503 24.616230 58.000000 
456.575226 152.086288 24.624243 42.000000 
456.324341 150.999680 24.580717 41.000000 
456.545349 151.965073 24.607965 58.000000 
456.519684 151.856308 24.609573 56.000000 
456.562225 152.141174 24.623167 45.000000 
456.310669 151.061096 24.584906 44.000000 
456.533936 152.025558 24.612379 56.000000 
456.578400 152.253403 24.635256 46.000000 
456.549164 152.139740 24.620403 50.000000 
456.292633 151.054962 24.580147 44.000000 
456.521942 152.028320 24.613796 58.000000 
456.567719 152.254456 24.635071 52.000000 
456.318085 151.221008 24.583399 41.000000 
456.537140 152.138107 24.617542 53.000000 
456.510071 152.028076 24.612421 60.000000 
456.345276 151.369217 24.582663 47.000000 
456.553589 152.246216 24.625044 55.000000 
456.308960 151.236710 24.594028 40.000000 
456.525085 152.136520 24.614708 52.000000 
456.331940 151.370728 24.583084 45.000000 
456.539856 152.239349 24.616459 56.000000 
456.291107 151.225739 24.585541 45.000000 
456.516022 152.143143 24.620153 50.000000 
456.317566 151.369202 24.581207 42.000000 
456.529083 152.237610 24.613407 64.000000 
456.505493 152.142731 24.618608 51.000000 
456.346436 151.525803 24.592884 40.000000 
456.306030 151.372009 24.582684 46.000000 
456.518280 152.238815 24.613325 71.000000 
456.333008 151.525833 24.592091 40.000000 
456.296417 151.384399 24.591314 50.000000 
456.510559 152.249435 24.623177 58.000000 
456.315186 151.515488 24.583027 40.000000 
456.276550 151.369308 24.579165 42.000000 
456.498230 152.246719 24.618919 58.000000 
456.342041 151.662704 24.594267 52.000000 
456.304413 151.523148 24.588282 45.000000 
456.327332 151.658386 24.589737 50.000000 
456.292603 151.527817 24.591164 41.000000 
456.278015 151.525009 24.588099 41.000000 
456.300568 151.657242 24.586929 55.000000 
456.289703 151.663361 24.591101 47.000000 
456.307831 151.780899 24.583593 47.000000 
456.275421 151.660690 24.587925 48.000000 
456.297943 151.786774 24.587749 44.000000 
456.283386 151.784378 24.584524 49.000000 
456.306549 151.907410 24.587450 41.000000 
456.272339 151.787445 24.586201 49.000000 
456.255341 151.779404 24.577999 42.000000 
456.317871 152.027634 24.592550 48.000000 
456.283997 151.913773 24.590942 44.000000 
456.303314 152.022552 24.586311 52.000000 
456.270325 151.911392 24.587551 45.000000 
456.324707 152.134125 24.589680 45.000000 
456.292358 152.025711 24.588068 47.000000 
456.318298 152.145081 24.599476 42.000000 
456.282593 152.030121 24.591082 50.000000 
456.302124 152.136215 24.588993 46.000000 
456.269165 152.027893 24.587584 54.000000 
456.291412 152.137909 24.589319 43.000000 
456.255615 152.024200 24.582701 49.000000 
456.315674 152.248917 24.597654 49.000000 
456.283295 152.146408 24.596540 43.000000 
456.301575 152.244293 24.591085 54.000000 
456.268250 152.140366 24.588867 47.000000 
456.292542 152.250046 24.595650 49.000000 
456.255035 152.138336 24.585295 47.000000 
456.282379 152.254684 24.598934 56.000000 
456.268829 152.251480 24.593840 50.000000 
456.254944 152.245422 24.585823 58.000000 
456.243286 152.246155 24.584942 48.000000 
456.609711 150.824570 24.589403 103.000000 
456.589996 150.810608 24.582401 108.000000 
456.610352 151.101288 24.599457 58.000000 
456.573120 150.816330 24.584988 121.000000 
456.590546 151.082260 24.589388 109.000000 
456.557098 150.827438 24.590210 121.000000 
456.572784 151.077362 24.586634 119.000000 
456.592499 151.329742 24.596169 63.000000 
456.556976 151.079468 24.587502 119.000000 
456.610596 151.565521 24.608290 47.000000 
456.574860 151.321472 24.591375 72.000000 
456.541199 151.086975 24.591173 115.000000 
456.595093 151.565887 24.608192 43.000000 
456.558289 151.320190 24.590416 84.000000 
456.577118 151.552628 24.600216 54.000000 
456.541443 151.317230 24.588543 104.000000 
456.590149 151.746826 24.597992 52.000000 
456.560303 151.546249 24.596231 57.000000 
456.575104 151.747299 24.597918 57.000000 
456.544037 151.543365 24.594259 59.000000 
456.590637 151.939209 24.603382 54.000000 
456.560059 151.747803 24.597876 66.000000 
456.528717 151.545639 24.595285 54.000000 
456.575806 151.938034 24.602222 54.000000 
456.542358 151.734879 24.589645 78.000000 
456.562622 151.945190 24.606426 52.000000 
456.527924 151.738846 24.591722 67.000000 
456.371246 150.781113 24.566412 48.000000 
456.577759 152.121536 24.610704 40.000000 
456.546753 151.939133 24.602129 60.000000 
456.353027 150.780334 24.565979 62.000000 
456.562714 152.117188 24.607307 46.000000 
456.531189 151.934784 24.598932 63.000000 
456.333710 150.774323 24.562998 52.000000 
456.550476 152.125931 24.612774 50.000000 
456.515930 151.932129 24.596832 47.000000 
456.314728 150.770126 24.560921 61.000000 
456.563812 152.285614 24.613741 46.000000 
456.534668 152.118423 24.607231 56.000000 
456.345398 151.050125 24.570431 56.000000 
456.294586 150.760696 24.556301 56.000000 
456.550262 152.286240 24.613667 55.000000 
456.518066 152.107697 24.599520 59.000000 
456.326019 151.040756 24.565493 53.000000 
456.567627 152.431549 24.612747 57.000000 
456.537109 152.288498 24.614763 52.000000 
456.502106 152.100296 24.594048 41.000000 
456.306549 151.031448 24.560595 56.000000 
456.554108 152.430618 24.611469 52.000000 
456.522797 152.285995 24.612465 56.000000 
456.289337 151.032669 24.561148 45.000000 
456.538269 152.420303 24.603153 57.000000 
456.506531 152.275543 24.604502 59.000000 
456.525848 152.424164 24.605465 64.000000 
456.299927 151.272583 24.561378 50.000000 
456.540741 152.569107 24.609444 45.000000 
456.513855 152.429626 24.608978 64.000000 
456.555756 152.709091 24.616402 61.000000 
456.527954 152.569855 24.609377 53.000000 
456.499451 152.425720 24.605463 62.000000 
456.315216 151.516541 24.575205 42.000000 
456.544586 152.714355 24.620029 55.000000 
456.515991 152.573715 24.611761 57.000000 
456.339630 151.722763 24.578133 42.000000 
456.553375 152.827164 24.610565 63.000000 
456.297699 151.511002 24.571795 50.000000 
456.529755 152.706070 24.612452 57.000000 
456.504028 152.577606 24.614170 61.000000 
456.545471 152.842697 24.623260 63.000000 
456.280121 151.505539 24.568424 49.000000 
456.514862 152.697830 24.604906 60.000000 
456.491272 152.578461 24.614183 51.000000 
456.532623 152.840546 24.620583 59.000000 
456.503662 152.703201 24.608612 60.000000 
456.546356 152.962006 24.624422 40.000000 
456.290314 151.713165 24.571417 42.000000 
456.520172 152.839890 24.619213 57.000000 
456.491669 152.705582 24.609848 58.000000 
456.532959 152.957062 24.619022 49.000000 
456.275879 151.717819 24.573997 48.000000 
456.505981 152.833405 24.612745 61.000000 
456.546509 153.072708 24.623028 43.000000 
456.302094 151.911469 24.578300 41.000000 
456.520813 152.956482 24.617598 53.000000 
456.494354 152.835785 24.613993 57.000000 
456.534698 153.072159 24.621521 55.000000 
456.284576 151.902969 24.572474 47.000000 
456.507782 152.953064 24.613569 59.000000 
456.482727 152.838196 24.615265 48.000000 
456.545624 153.176651 24.620003 45.000000 
456.315002 152.102280 24.589634 40.000000 
456.524200 153.075867 24.624084 54.000000 
456.268372 151.899445 24.569851 49.000000 
456.494659 152.949677 24.609571 59.000000 
456.533722 153.173309 24.615622 60.000000 
456.296326 152.085754 24.577997 40.000000 
456.511993 153.072449 24.619869 58.000000 
456.483948 152.951965 24.610790 59.000000 
456.524445 153.179733 24.620991 46.000000 
456.281555 152.085526 24.577406 43.000000 
456.499237 153.069199 24.615744 58.000000 
456.473572 152.957291 24.614719 59.000000 
456.538940 153.350098 24.636246 46.000000 
456.306152 152.318344 24.589062 43.000000 
456.513336 153.242783 24.628370 47.000000 
456.264008 152.137268 24.575268 44.000000 
456.483154 153.118408 24.609568 58.000000 
456.526794 153.347031 24.631826 47.000000 
456.290405 152.313400 24.585007 43.000000 
456.502716 153.245132 24.629637 50.000000 
456.471222 153.118042 24.608192 56.000000 
456.313934 152.455887 24.579533 49.000000 
456.514618 153.343994 24.627434 56.000000 
456.271667 152.299042 24.574219 45.000000 
456.489746 153.240662 24.624037 53.000000 
456.304474 152.469635 24.589275 49.000000 
456.504303 153.346329 24.628710 58.000000 
456.260315 152.308380 24.580383 47.000000 
456.476715 153.236252 24.618465 54.000000 
456.290100 152.467941 24.587391 43.000000 
456.493500 153.347366 24.628597 64.000000 
456.247467 152.313019 24.583191 43.000000 
456.467072 153.241425 24.622561 52.000000 
456.273163 152.458572 24.579721 45.000000 
456.480743 153.343109 24.622873 65.000000 
456.302460 152.625092 24.598515 40.000000 
456.258820 152.455276 24.576658 43.000000 
456.468903 153.341568 24.619997 61.000000 
456.458069 153.342712 24.619959 65.000000 
456.306335 152.750107 24.590794 50.000000 
456.271881 152.614380 24.588621 41.000000 
456.294800 152.754517 24.593662 53.000000 
456.254608 152.603821 24.579538 44.000000 
456.279541 152.748611 24.587925 44.000000 
456.264191 152.742752 24.582226 43.000000 
456.289978 152.883957 24.594584 46.000000 
456.250977 152.742859 24.581484 61.000000 
456.277161 152.885635 24.595087 47.000000 
456.238312 152.744476 24.582003 51.000000 
456.260468 152.874069 24.584063 46.000000 
456.247589 152.874252 24.583279 45.000000 
456.272766 153.006271 24.593843 43.000000 
456.236450 152.877197 24.584959 47.000000 
456.260864 153.009445 24.595663 42.000000 
456.283875 153.130951 24.603069 45.000000 
456.246033 153.004074 24.589643 43.000000 
456.269928 153.125549 24.596731 49.000000 
456.235229 153.007019 24.591341 44.000000 
456.257751 153.125839 24.595825 49.000000 
456.240753 153.115219 24.584330 48.000000 
456.231506 153.122437 24.590117 52.000000 
456.255615 153.241028 24.600044 42.000000 
456.221130 153.126953 24.593271 56.000000 
456.278656 153.352249 24.608522 40.000000 
456.238190 153.229446 24.586901 47.000000 
456.265228 153.348770 24.603331 49.000000 
456.228088 153.233902 24.590086 45.000000 
456.251770 153.345337 24.598173 46.000000 
456.219910 153.242371 24.597357 45.000000 
456.239899 153.342941 24.594254 51.000000 
456.229523 153.346069 24.596090 56.000000 
456.217346 153.346786 24.595272 56.000000 
456.208282 153.352554 24.599922 51.000000 
456.590088 151.922928 24.600584 66.000000 
456.569153 151.905289 24.591894 68.000000 
456.549957 151.894760 24.586676 120.000000 
456.567169 152.180573 24.600443 61.000000 
456.532471 151.896790 24.587566 121.000000 
456.548157 152.166672 24.593151 109.000000 
456.561859 152.403870 24.593813 55.000000 
456.530884 152.165176 24.592255 117.000000 
456.547150 152.414551 24.599470 62.000000 
456.513062 152.160202 24.589579 119.000000 
456.530579 152.413101 24.598516 69.000000 
456.545441 152.637283 24.603086 46.000000 
456.514282 152.413437 24.598547 63.000000 
456.561523 152.862320 24.618898 41.000000 
456.530945 152.644455 24.607018 55.000000 
456.542053 152.837265 24.603409 55.000000 
456.514984 152.643097 24.606039 61.000000 
456.526642 152.835922 24.602345 63.000000 
456.498108 152.636658 24.602133 64.000000 
456.540588 153.028214 24.607370 57.000000 
456.512756 152.843079 24.606449 68.000000 
456.526733 153.028488 24.607264 56.000000 
456.496155 152.831589 24.599236 64.000000 
456.542419 153.218399 24.619883 47.000000 
456.513123 153.033905 24.610435 57.000000 
456.481323 152.833771 24.600321 44.000000 
456.329468 151.858276 24.568636 58.000000 
456.527740 153.215515 24.617596 44.000000 
456.498199 153.032700 24.609373 61.000000 
456.311157 151.857376 24.568251 56.000000 
456.540497 153.383606 24.623983 47.000000 
456.512329 153.209427 24.613132 48.000000 
456.482605 153.028229 24.606215 63.000000 
456.291443 151.849442 24.564459 63.000000 
456.526947 153.384033 24.623886 47.000000 
456.497223 153.205017 24.609806 55.000000 
456.318939 152.130020 24.573421 46.000000 
456.269562 151.830948 24.555546 55.000000 
456.510925 153.373276 24.615831 49.000000 
456.484863 153.213715 24.615332 56.000000 
456.301361 152.129211 24.573004 41.000000 
456.528748 153.528519 24.621578 59.000000 
456.499451 153.383423 24.622635 56.000000 
456.469727 153.209381 24.612066 55.000000 
456.282318 152.121445 24.569016 58.000000 
456.515594 153.529007 24.621481 51.000000 
456.484772 153.379166 24.619204 56.000000 
456.307983 152.369247 24.573214 44.000000 
456.263214 152.113739 24.565069 58.000000 
456.501678 153.526398 24.619057 57.000000 
456.473022 153.387772 24.624916 56.000000 
456.290680 152.366776 24.571819 47.000000 
456.513824 153.668427 24.620630 48.000000 
456.487732 153.523819 24.616663 64.000000 
456.455292 153.370789 24.612436 43.000000 
456.273346 152.364365 24.570459 48.000000 
456.502167 153.673630 24.624178 53.000000 
456.472626 153.516571 24.610771 61.000000 
456.300201 152.600769 24.579639 43.000000 
456.511810 153.798584 24.618658 65.000000 
456.254791 152.356827 24.566319 50.000000 
456.488220 153.669601 24.620476 61.000000 
456.459747 153.518799 24.611965 59.000000 
456.286255 152.610291 24.585024 40.000000 
456.500549 153.803726 24.622293 57.000000 
456.475800 153.671783 24.621651 63.000000 
456.298767 152.776718 24.563288 57.000000 
456.508453 153.918381 24.613773 42.000000 
456.267548 152.599472 24.578682 46.000000 
456.489685 153.810410 24.627197 55.000000 
456.461792 153.667831 24.618008 65.000000 
456.290222 152.806198 24.581072 45.000000 
456.496735 153.920517 24.614929 63.000000 
456.250397 152.595520 24.576298 40.000000 
456.474884 153.802017 24.619654 60.000000 
456.449768 153.671631 24.620447 56.000000 
456.276917 152.815628 24.586647 50.000000 
456.488251 153.934525 24.626366 50.000000 
456.462006 153.801224 24.618376 58.000000 
456.259064 152.806732 24.581057 52.000000 
456.477844 153.941147 24.631407 56.000000 
456.448730 153.798950 24.615881 62.000000 
456.486816 154.049789 24.623266 47.000000 
456.241150 152.797897 24.575506 50.000000 
456.464935 153.938919 24.628786 55.000000 
456.437500 153.804260 24.619637 55.000000 
456.502411 154.177124 24.637808 42.000000 
456.267761 153.001984 24.585636 47.000000 
456.474640 154.049088 24.621847 52.000000 
456.450317 153.930832 24.621075 72.000000 
456.490753 154.174927 24.634893 50.000000 
456.252350 152.998093 24.582905 46.000000 
456.464294 154.052643 24.624336 62.000000 
456.436646 153.924164 24.614611 66.000000 
456.477173 154.168625 24.628021 52.000000 
456.235291 152.991119 24.578176 47.000000 
456.452087 154.052002 24.622967 62.000000 
456.424042 153.923538 24.613358 54.000000 
456.488892 154.280411 24.633240 46.000000 
456.261993 153.186203 24.591717 40.000000 
456.465637 154.170944 24.629326 52.000000 
456.440186 154.054398 24.624315 64.000000 
456.477783 154.281219 24.633087 45.000000 
456.455566 154.176010 24.633284 52.000000 
456.425720 154.046646 24.616440 66.000000 
456.463837 154.337219 24.633657 48.000000 
456.227386 153.230850 24.584743 41.000000 
456.439575 154.226410 24.628544 60.000000 
456.481598 154.457916 24.653833 47.000000 
456.453186 154.339462 24.634932 50.000000 
456.427643 154.225906 24.627169 62.000000 
456.273346 153.548660 24.587469 44.000000 
456.465363 154.442657 24.636744 54.000000 
456.444397 154.347229 24.641737 48.000000 
456.415741 154.225433 24.625818 62.000000 
456.260834 153.553009 24.590229 51.000000 
456.452667 154.438202 24.630976 58.000000 
456.220306 153.397308 24.586306 41.000000 
456.431427 154.342651 24.636169 53.000000 
456.247864 153.555817 24.591850 41.000000 
456.443268 154.441696 24.633625 61.000000 
456.207550 153.400101 24.587910 40.000000 
456.419891 154.340759 24.633314 56.000000 
456.237549 153.564743 24.598064 41.000000 
456.433868 154.446671 24.637766 64.000000 
456.407318 154.337631 24.629179 52.000000 
456.222626 153.561432 24.595085 48.000000 
456.422058 154.444977 24.634890 65.000000 
456.206635 153.555069 24.589817 46.000000 
456.410736 154.444672 24.633446 77.000000 
456.260437 153.835526 24.592079 41.000000 
456.397888 154.440399 24.627811 61.000000 
456.249817 153.842819 24.597425 50.000000 
456.218018 153.711166 24.599188 43.000000 
456.236145 153.841202 24.595396 53.000000 
456.202362 153.705017 24.593735 43.000000 
456.227173 153.852997 24.604481 46.000000 
456.211334 153.845535 24.597584 51.000000 
456.230560 153.974014 24.598570 43.000000 
456.197571 153.844040 24.595642 50.000000 
456.219879 153.979828 24.602818 47.000000 
456.180511 153.833725 24.586361 42.000000 
456.206543 153.976822 24.599417 42.000000 
456.228027 154.103363 24.604830 43.000000 
456.189178 153.965317 24.588562 44.000000 
456.219452 154.111786 24.611664 44.000000 
456.179108 153.971085 24.592796 45.000000 
456.203552 154.103424 24.603054 40.000000 
456.222656 154.218399 24.603558 48.000000 
456.191040 154.103577 24.602249 46.000000 
456.212769 154.224075 24.607969 45.000000 
456.178467 154.103775 24.601473 46.000000 
456.226715 154.324020 24.599087 45.000000 
456.197052 154.216019 24.599131 52.000000 
456.219482 154.334991 24.609001 45.000000 
456.182434 154.210770 24.592983 52.000000 
456.211151 154.343292 24.616209 45.000000 
456.172516 154.216553 24.597471 55.000000 
456.198059 154.340881 24.612570 43.000000 
456.160858 154.218246 24.598007 42.000000 
456.217682 154.445709 24.613890 52.000000 
456.185455 154.338379 24.608870 44.000000 
456.207275 154.448639 24.615675 55.000000 
456.169830 154.330719 24.599871 43.000000 
456.191528 154.442795 24.607956 51.000000 
456.158020 154.334106 24.601934 42.000000 
456.178009 154.439301 24.602865 55.000000 
456.164215 154.432968 24.594851 56.000000 
456.156281 154.441238 24.602280 53.000000 
456.545898 153.022568 24.611870 62.000000 
456.527130 153.013596 24.607515 118.000000 
456.539337 153.281631 24.612514 50.000000 
456.509369 153.006363 24.604021 121.000000 
456.521942 153.278107 24.610668 62.000000 
456.492096 153.009995 24.605812 122.000000 
456.507019 153.286880 24.615170 106.000000 
456.516449 153.510056 24.608595 50.000000 
456.488831 153.278152 24.610670 113.000000 
456.531158 153.762085 24.628954 51.000000 
456.500122 153.515457 24.611481 68.000000 
456.471283 153.280151 24.611702 115.000000 
456.486176 153.531265 24.620037 81.000000 
456.497284 153.745087 24.618982 48.000000 
456.470215 153.533173 24.621042 68.000000 
456.510712 153.966827 24.632797 41.000000 
456.481354 153.743530 24.618002 57.000000 
456.492462 153.943192 24.618320 50.000000 
456.468170 153.753937 24.623913 59.000000 
456.504852 154.140564 24.626656 56.000000 
456.476196 153.936630 24.614202 63.000000 
456.451965 153.750748 24.622007 59.000000 
456.491516 154.147415 24.630857 49.000000 
456.461639 153.940262 24.616280 64.000000 
456.475769 154.140991 24.626564 52.000000 
456.446503 153.940552 24.616333 71.000000 
456.488708 154.329346 24.638300 40.000000 
456.458649 154.131378 24.620226 59.000000 
456.431885 153.947739 24.620577 57.000000 
456.286438 152.955383 24.580410 64.000000 
456.474060 154.326340 24.636040 40.000000 
456.444366 154.133362 24.621325 63.000000 
456.267456 152.950760 24.578341 59.000000 
456.484314 154.486282 24.636803 40.000000 
456.458801 154.316727 24.629345 47.000000 
456.430817 154.135284 24.622396 63.000000 
456.293335 153.236786 24.589973 44.000000 
456.251312 152.956726 24.581404 61.000000 
456.471405 154.489807 24.639013 50.000000 
456.444397 154.315445 24.628250 51.000000 
456.275116 153.232224 24.587746 55.000000 
456.230957 152.945099 24.575970 43.000000 
456.457184 154.486923 24.636688 50.000000 
456.431000 154.319107 24.630491 57.000000 
456.257202 153.229492 24.586458 53.000000 
456.471832 154.634262 24.636745 47.000000 
456.443939 154.488907 24.637812 58.000000 
456.417267 154.321167 24.631659 57.000000 
456.280182 153.479202 24.591793 40.000000 
456.240997 153.235550 24.589710 55.000000 
456.457977 154.631470 24.634317 49.000000 
456.428955 154.482910 24.633268 59.000000 
456.262207 153.473053 24.588509 46.000000 
456.222717 153.231155 24.587597 43.000000 
456.445129 154.633453 24.635448 57.000000 
456.414276 154.478561 24.629896 61.000000 
456.244202 153.466965 24.585264 41.000000 
456.431244 154.630753 24.633080 61.000000 
456.402069 154.485474 24.634521 55.000000 
456.229797 153.478195 24.591457 42.000000 
456.442780 154.774429 24.635799 46.000000 
456.416931 154.626495 24.629566 62.000000 
456.454895 154.914719 24.642675 41.000000 
456.211395 153.470490 24.587347 51.000000 
456.431458 154.781097 24.640606 51.000000 
456.402588 154.622299 24.626083 66.000000 
456.439880 154.904572 24.633852 49.000000 
456.417145 154.775421 24.635746 53.000000 
456.389709 154.624451 24.627327 53.000000 
456.253296 153.898819 24.589901 44.000000 
456.221161 153.709671 24.598015 41.000000 
456.428192 154.908127 24.636284 50.000000 
456.403961 154.774445 24.634550 55.000000 
456.240265 153.909775 24.596495 42.000000 
456.436432 155.027328 24.631559 60.000000 
456.203278 153.702133 24.593704 46.000000 
456.417297 154.914734 24.641233 55.000000 
456.389954 154.770401 24.630962 63.000000 
456.426270 155.035309 24.637886 50.000000 
456.401733 154.903214 24.631256 58.000000 
456.416199 155.043320 24.644230 59.000000 
456.389648 154.905350 24.632521 60.000000 
456.193359 153.909363 24.596098 50.000000 
456.404541 155.045410 24.645473 59.000000 
456.376343 154.903000 24.630077 62.000000 
456.214996 154.098572 24.596849 40.000000 
456.412079 155.149689 24.633270 48.000000 
456.392670 155.044479 24.644117 67.000000 
456.201447 154.104553 24.600552 43.000000 
456.401978 155.156158 24.638470 57.000000 
456.378479 155.037781 24.637739 67.000000 
456.414459 155.276611 24.646238 45.000000 
456.183289 154.095886 24.594883 46.000000 
456.390900 155.161301 24.642439 61.000000 
456.363647 155.031219 24.631460 67.000000 
456.425659 155.388306 24.651476 45.000000 
456.206238 154.281342 24.601826 42.000000 
456.401764 155.273056 24.642115 49.000000 
456.377869 155.157684 24.638493 62.000000 
456.414581 155.388992 24.651342 47.000000 
456.193237 154.287277 24.605631 40.000000 
456.391174 155.276611 24.644747 52.000000 
456.364319 155.152679 24.633266 66.000000 
456.398834 155.440628 24.647776 46.000000 
456.175720 154.341721 24.605791 41.000000 
456.377380 155.335236 24.648081 60.000000 
456.349762 155.209946 24.635303 40.000000 
456.194916 154.505600 24.606508 41.000000 
456.387268 155.440002 24.646315 50.000000 
456.364594 155.331787 24.644037 60.000000 
456.402008 155.554153 24.659325 52.000000 
456.185211 154.521011 24.617174 43.000000 
456.376587 155.442184 24.647633 61.000000 
456.351776 155.328384 24.640022 62.000000 
456.203369 154.654480 24.604691 47.000000 
456.387177 155.541397 24.645056 58.000000 
456.367340 155.447021 24.651657 58.000000 
456.190063 154.653931 24.603926 47.000000 
456.376770 155.543564 24.646379 56.000000 
456.152039 154.502655 24.603588 47.000000 
456.355774 155.446487 24.650267 56.000000 
456.178986 154.662888 24.610247 43.000000 
456.364990 155.541733 24.643503 64.000000 
456.343231 155.443253 24.646152 58.000000 
456.165070 154.662537 24.609619 46.000000 
456.356018 155.547989 24.649094 68.000000 
456.184082 154.806686 24.610325 46.000000 
456.150146 154.659134 24.606701 47.000000 
456.344666 155.547562 24.647671 68.000000 
456.173035 154.814011 24.615608 45.000000 
456.333313 155.547180 24.646273 80.000000 
456.192078 154.951645 24.618084 50.000000 
456.161041 154.818314 24.618521 43.000000 
456.174927 154.937820 24.606140 55.000000 
456.147095 154.814896 24.615395 46.000000 
456.164825 154.946548 24.612782 44.000000 
456.154175 154.955444 24.619530 48.000000 
456.137817 154.946381 24.611465 55.000000 
456.155609 155.073608 24.611061 41.000000 
456.123505 154.943329 24.608353 49.000000 
456.146027 155.080658 24.616528 45.000000 
456.132080 155.077698 24.613270 45.000000 
456.152710 155.204468 24.618546 42.000000 
456.118683 155.074646 24.609953 41.000000 
456.141296 155.207291 24.620329 42.000000 
456.158752 155.320999 24.619539 42.000000 
456.128784 155.207336 24.619549 41.000000 
456.147095 155.320908 24.618574 44.000000 
456.115662 155.204422 24.616117 41.000000 
456.162903 155.427841 24.616371 41.000000 
456.135468 155.322372 24.619049 45.000000 
456.149841 155.426743 24.614159 42.000000 
456.120911 155.318497 24.614342 49.000000 
456.141418 155.434967 24.621391 43.000000 
456.107483 155.315918 24.610903 48.000000 
456.133026 155.443207 24.628637 43.000000 
456.095795 155.317490 24.611462 46.000000 
456.118744 155.438034 24.622343 44.000000 
456.137726 155.544601 24.624916 44.000000 
456.105560 155.435608 24.618793 44.000000 
456.127289 155.547485 24.626751 49.000000 
456.089325 155.426514 24.608511 47.000000 
456.113800 155.543854 24.621681 51.000000 
456.100250 155.540283 24.616646 55.000000 
456.087189 155.536606 24.611549 58.000000 
456.078613 155.543518 24.617630 54.000000 
456.496368 154.116776 24.621338 66.000000 
456.478699 154.116547 24.621353 108.000000 
456.490326 154.409531 24.639181 43.000000 
456.461639 154.121750 24.624004 121.000000 
456.471008 154.382736 24.625509 58.000000 
456.444366 154.117966 24.622309 123.000000 
456.453827 154.380844 24.624638 111.000000 
456.462738 154.623474 24.628403 64.000000 
456.437927 154.394989 24.632017 119.000000 
456.445984 154.619904 24.626526 62.000000 
456.419800 154.386124 24.627586 122.000000 
456.430420 154.625092 24.629425 81.000000 
456.441895 154.856323 24.638103 50.000000 
456.414154 154.625107 24.629513 104.000000 
456.453827 155.077957 24.652122 41.000000 
456.425995 154.849350 24.634136 57.000000 
456.435669 155.057602 24.639774 50.000000 
456.410065 154.847672 24.633215 57.000000 
456.418945 155.047485 24.633629 63.000000 
456.395782 154.856354 24.638247 61.000000 
456.403015 155.042496 24.630598 71.000000 
456.415405 155.244995 24.641994 52.000000 
456.389038 155.049393 24.634783 70.000000 
456.425354 155.423492 24.647142 42.000000 
456.399689 155.238449 24.637760 57.000000 
456.375397 155.058029 24.640018 70.000000 
456.240143 154.064758 24.598955 64.000000 
456.413116 155.433456 24.653734 42.000000 
456.384796 155.236954 24.636753 61.000000 
456.219421 154.049255 24.591747 62.000000 
456.397583 155.425415 24.648218 47.000000 
456.370209 155.237167 24.636841 67.000000 
456.202942 154.058731 24.596634 102.000000 
456.382629 155.420700 24.644943 47.000000 
456.225250 154.341446 24.606667 48.000000 
456.183990 154.054016 24.594673 52.000000 
456.393036 155.589005 24.651220 48.000000 
456.366943 155.412750 24.639498 49.000000 
456.205811 154.329742 24.600904 48.000000 
456.405884 155.734863 24.650137 42.000000 
456.381104 155.597290 24.656925 58.000000 
456.352844 155.413040 24.639591 59.000000 
456.187897 154.326859 24.599686 53.000000 
456.391724 155.730347 24.646559 47.000000 
456.364868 155.584686 24.647852 64.000000 
456.209686 154.580261 24.606792 42.000000 
456.172638 154.338074 24.605705 56.000000 
456.379517 155.735367 24.650066 55.000000 
456.350250 155.580185 24.644505 66.000000 
456.191437 154.572250 24.602634 40.000000 
456.365997 155.734100 24.648897 64.000000 
456.337646 155.585373 24.648014 66.000000 
456.175201 154.574677 24.604156 40.000000 
456.374695 155.871628 24.646845 46.000000 
456.352448 155.732864 24.647757 64.000000 
456.158997 154.577148 24.605711 45.000000 
456.362579 155.875076 24.649252 50.000000 
456.338867 155.731674 24.646645 68.000000 
456.180084 154.805313 24.610155 41.000000 
456.372253 156.009399 24.651089 46.000000 
456.351227 155.881668 24.654104 55.000000 
456.324554 155.727371 24.643215 66.000000 
456.163818 154.804367 24.609753 45.000000 
456.359070 156.006744 24.648556 50.000000 
456.335846 155.871246 24.645670 65.000000 
456.368347 156.134995 24.651489 49.000000 
456.150146 154.815384 24.616228 42.000000 
456.346619 156.007172 24.648544 55.000000 
456.322998 155.871719 24.645737 68.000000 
456.166260 155.008835 24.610729 48.000000 
456.355865 156.133942 24.650148 47.000000 
456.334930 156.010681 24.651047 60.000000 
456.307861 155.862930 24.638578 59.000000 
456.151672 155.013016 24.613335 42.000000 
456.342987 156.131424 24.647552 51.000000 
456.322113 156.009659 24.649841 58.000000 
456.136322 155.013870 24.613939 46.000000 
456.333252 156.140854 24.655220 62.000000 
456.308441 156.005646 24.646177 58.000000 
456.153717 155.196732 24.610701 41.000000 
456.343109 156.259933 24.656118 45.000000 
456.321167 156.141388 24.655231 61.000000 
456.139282 155.199265 24.612324 41.000000 
456.328522 156.250305 24.646891 49.000000 
456.308655 156.140472 24.653992 65.000000 
456.342010 156.376602 24.659845 47.000000 
456.124420 155.200180 24.612923 46.000000 
456.317963 156.255249 24.650820 53.000000 
456.294891 156.135147 24.648949 72.000000 
456.345978 156.466095 24.642944 49.000000 
456.329041 156.369980 24.652987 48.000000 
456.307159 156.257202 24.652079 62.000000 
456.337402 156.542450 24.664160 42.000000 
456.314392 156.426956 24.654932 49.000000 
456.289276 156.304077 24.644894 66.000000 
456.326294 156.543060 24.664070 40.000000 
456.115845 155.447220 24.624989 40.000000 
456.302063 156.424759 24.652231 52.000000 
456.280029 156.313446 24.652821 61.000000 
456.333954 156.639694 24.658894 54.000000 
456.314301 156.540924 24.661251 43.000000 
456.099304 155.440140 24.620157 41.000000 
456.292328 156.431091 24.657618 60.000000 
456.326508 156.652588 24.671532 47.000000 
456.300873 156.536179 24.655773 46.000000 
456.279877 156.430496 24.656378 60.000000 
456.140106 155.761658 24.625504 52.000000 
456.312592 156.643814 24.661579 51.000000 
456.105438 155.614883 24.628216 46.000000 
456.290161 156.538269 24.657135 59.000000 
456.267517 156.428406 24.653755 50.000000 
456.126862 155.760971 24.624758 41.000000 
456.300903 156.640381 24.657225 51.000000 
456.090393 155.609467 24.624235 43.000000 
456.282684 156.548569 24.666697 58.000000 
456.112030 155.757309 24.621801 45.000000 
456.290009 156.641129 24.657185 54.000000 
456.271118 156.547943 24.665350 58.000000 
456.100616 155.762939 24.625757 46.000000 
456.279602 156.643265 24.658573 61.000000 
456.258118 156.543243 24.659910 46.000000 
456.117523 155.907349 24.626608 46.000000 
456.086029 155.762619 24.625269 47.000000 
456.271057 156.650787 24.665602 71.000000 
456.103027 155.903854 24.623539 47.000000 
456.259247 156.648941 24.662819 80.000000 
456.124054 156.052307 24.634445 52.000000 
456.089478 155.903458 24.622892 48.000000 
456.245483 156.641769 24.654449 61.000000 
456.108948 156.045929 24.628767 55.000000 
456.079895 155.915298 24.631830 47.000000 
456.093781 156.039597 24.623127 47.000000 
456.066345 155.914978 24.631235 43.000000 
456.079529 156.036301 24.619980 47.000000 
456.070435 156.047974 24.629143 48.000000 
456.056183 156.044769 24.626051 47.000000 
456.071991 156.169235 24.623047 42.000000 
456.061829 156.174759 24.627295 41.000000 
456.047241 156.171844 24.624187 45.000000 
456.032745 156.165787 24.618410 41.000000 
456.085480 156.418457 24.633644 45.000000 
456.070465 156.411423 24.626160 47.000000 
456.042969 156.301590 24.630377 40.000000 
456.059906 156.414032 24.627897 46.000000 
456.076599 156.525299 24.629564 45.000000 
456.048767 156.416809 24.629747 45.000000 
456.066315 156.527893 24.631292 45.000000 
456.035919 156.413940 24.626236 45.000000 
456.057861 156.536057 24.638557 43.000000 
456.021271 156.408493 24.620205 47.000000 
456.045929 156.536148 24.637707 43.000000 
456.062042 156.638916 24.636137 52.000000 
456.033966 156.536270 24.636885 43.000000 
456.048645 156.636581 24.632545 49.000000 
456.019073 156.531174 24.630777 45.000000 
456.040588 156.644638 24.639963 50.000000 
456.007080 156.531387 24.630014 44.000000 
456.027008 156.639465 24.633469 54.000000 
456.012848 156.634476 24.627106 54.000000 
456.001617 156.634628 24.626202 55.000000 
455.991119 156.637573 24.628180 41.000000 
456.433624 155.233475 24.642431 66.000000 
456.415222 155.225906 24.639008 120.000000 
456.422455 155.495804 24.645012 54.000000 
456.397461 155.216537 24.634710 121.000000 
456.405579 155.495468 24.645039 62.000000 
456.381805 155.234161 24.643478 124.000000 
456.387390 155.484558 24.639660 109.000000 
456.397278 155.746384 24.653717 58.000000 
456.370667 155.486099 24.640665 119.000000 
456.378571 155.726929 24.643343 83.000000 
456.354614 155.492981 24.644423 111.000000 
456.362091 155.724991 24.642475 104.000000 
456.371063 155.959854 24.653019 45.000000 
456.345306 155.721359 24.640697 112.000000 
456.354980 155.956268 24.651106 55.000000 
456.362244 156.161133 24.654703 52.000000 
456.337799 155.951080 24.648294 57.000000 
456.367523 156.336746 24.649450 56.000000 
456.344604 156.144073 24.644489 60.000000 
456.322144 155.951035 24.648422 59.000000 
456.355011 156.344940 24.654715 51.000000 
456.329956 156.142242 24.643484 68.000000 
456.341858 156.353241 24.660053 51.000000 
456.314270 156.138840 24.641544 71.000000 
456.197296 155.189514 24.625153 63.000000 
456.325378 156.341537 24.652655 54.000000 
456.299377 156.140579 24.642708 63.000000 
456.178314 155.182663 24.622240 47.000000 
456.311371 156.344910 24.654863 58.000000 
456.159515 155.177658 24.620230 55.000000 
456.320190 156.528610 24.663189 46.000000 
456.294617 156.336731 24.649721 61.000000 
456.177673 155.455093 24.627924 46.000000 
456.137756 155.160355 24.612320 58.000000 
456.305878 156.527039 24.662144 48.000000 
456.158691 155.444901 24.623056 47.000000 
456.314606 156.687103 24.662634 46.000000 
456.290344 156.515579 24.654469 63.000000 
456.141449 155.439926 24.620855 51.000000 
456.303528 156.700134 24.671770 51.000000 
456.274689 156.507538 24.649090 56.000000 
456.121704 155.426331 24.614271 55.000000 
456.289001 156.698761 24.670750 55.000000 
456.141968 155.688705 24.626003 44.000000 
456.297424 156.825562 24.655550 41.000000 
456.273468 156.689285 24.664015 63.000000 
456.285522 156.832108 24.660280 55.000000 
456.258179 156.681458 24.658455 64.000000 
456.103882 155.663727 24.613104 44.000000 
456.293945 156.974426 24.661711 40.000000 
456.271973 156.830750 24.659166 64.000000 
456.304413 157.119522 24.672213 41.000000 
456.280792 156.973099 24.660509 45.000000 
456.259094 156.832596 24.660425 64.000000 
456.106537 155.898087 24.620790 42.000000 
456.288513 157.104507 24.659706 62.000000 
456.267609 156.971817 24.659334 49.000000 
456.245514 156.831329 24.659367 66.000000 
456.121582 156.096863 24.617926 57.000000 
456.089508 155.893570 24.618467 42.000000 
456.275696 157.103271 24.658447 51.000000 
456.256927 156.981445 24.666647 53.000000 
456.109833 156.114288 24.628628 42.000000 
456.075714 155.904480 24.624968 47.000000 
456.263580 157.105118 24.659702 60.000000 
456.243378 156.978683 24.664316 66.000000 
456.094116 156.113235 24.628178 42.000000 
456.275360 157.246933 24.673960 54.000000 
456.251862 157.108505 24.662228 62.000000 
456.229065 156.972870 24.659601 65.000000 
456.260132 157.232285 24.661087 50.000000 
456.241119 157.113358 24.665953 62.000000 
456.061859 156.104431 24.623240 44.000000 
456.246857 157.228210 24.657267 53.000000 
456.227142 157.107697 24.661068 60.000000 
456.258881 157.362350 24.670975 47.000000 
456.237640 157.242142 24.668865 55.000000 
456.213654 157.106750 24.660009 51.000000 
456.270905 157.488495 24.684175 47.000000 
456.061920 156.288437 24.620378 41.000000 
456.245575 157.356949 24.665710 49.000000 
456.225952 157.244080 24.670202 65.000000 
456.257843 157.478760 24.674555 48.000000 
456.049255 156.292297 24.622942 46.000000 
456.233734 157.352844 24.661655 62.000000 
456.213806 157.239914 24.666321 65.000000 
456.245605 157.476379 24.671820 48.000000 
456.217316 157.406876 24.661165 56.000000 
456.193451 157.280563 24.654472 43.000000 
456.245850 157.630981 24.665419 53.000000 
456.227539 157.527802 24.668682 48.000000 
456.206421 157.414886 24.667910 59.000000 
456.239685 157.648178 24.681873 45.000000 
456.215668 157.526917 24.667347 50.000000 
456.195038 157.416901 24.669300 62.000000 
456.052460 156.705612 24.636965 41.000000 
456.226868 157.643158 24.676323 44.000000 
456.205444 157.531754 24.671404 49.000000 
456.236481 157.748032 24.679455 55.000000 
456.036407 156.698502 24.631914 40.000000 
456.214874 157.640961 24.673550 46.000000 
456.193573 157.530930 24.670118 56.000000 
456.058044 156.854568 24.635147 47.000000 
456.228424 157.753830 24.684877 52.000000 
456.024719 156.702347 24.634594 45.000000 
456.203491 157.637207 24.669292 50.000000 
456.183624 157.532776 24.671394 60.000000 
456.047668 156.861465 24.640146 45.000000 
456.214966 157.746323 24.676384 56.000000 
456.012634 156.709656 24.639715 43.000000 
456.194519 157.644775 24.676186 48.000000 
456.032410 156.856110 24.636055 43.000000 
456.203644 157.745605 24.674953 58.000000 
456.182922 157.644058 24.674860 59.000000 
456.017578 156.852371 24.633158 48.000000 
456.191406 157.742233 24.670736 58.000000 
456.172211 157.646133 24.676304 56.000000 
456.039368 157.015396 24.647955 42.000000 
456.003601 156.851807 24.632610 47.000000 
456.179596 157.740250 24.667953 64.000000 
456.023499 157.007156 24.641321 44.000000 
455.990570 156.854401 24.634409 41.000000 
456.172424 157.751770 24.679222 71.000000 
456.044617 157.160217 24.655922 43.000000 
456.007568 156.998978 24.634726 40.000000 
456.159180 157.745804 24.672277 65.000000 
456.028625 157.150681 24.647806 49.000000 
455.994965 157.001556 24.636518 40.000000 
456.011566 157.138214 24.637276 48.000000 
455.983826 157.008759 24.641911 45.000000 
455.997253 157.136414 24.635469 45.000000 
455.985535 157.140518 24.638512 48.000000 
455.972290 157.140182 24.637899 53.000000 
455.985901 157.261917 24.632221 41.000000 
455.975677 157.267349 24.636486 42.000000 
455.964905 157.272949 24.640863 46.000000 
455.968170 157.394318 24.640120 41.000000 
455.987579 157.515259 24.645376 48.000000 
455.973145 157.509537 24.639275 47.000000 
455.989380 157.623871 24.643600 41.000000 
455.962524 157.515137 24.643883 47.000000 
455.979095 157.626373 24.645346 44.000000 
455.949127 157.512283 24.640490 52.000000 
455.965424 157.622253 24.640436 44.000000 
455.934540 157.505173 24.633070 49.000000 
455.955109 157.624817 24.642227 42.000000 
455.976105 157.742645 24.655685 52.000000 
455.946075 157.633102 24.649637 43.000000 
455.957428 157.726837 24.638182 54.000000 
455.932312 157.627594 24.643364 42.000000 
455.950439 157.737473 24.648380 54.000000 
455.921539 157.631882 24.646765 41.000000 
455.939972 157.740204 24.650297 54.000000 
455.925140 157.732330 24.641100 55.000000 
455.914612 157.735138 24.643070 55.000000 
455.898621 157.727646 24.634142 55.000000 
456.374969 156.311157 24.654699 51.000000 
456.356903 156.306976 24.652924 55.000000 
456.338135 156.295654 24.647728 104.000000 
456.342285 156.569611 24.654453 55.000000 
456.319641 156.287979 24.644300 117.000000 
456.325867 156.574448 24.657146 103.000000 
456.301636 156.285751 24.643503 121.000000 
456.308746 156.565079 24.652590 117.000000 
456.313324 156.802765 24.652552 42.000000 
456.291290 156.561157 24.650831 115.000000 
456.318481 157.036301 24.661320 40.000000 
456.296143 156.802460 24.652599 50.000000 
456.272797 156.555573 24.648254 55.000000 
456.280396 156.807373 24.655470 68.000000 
456.287415 157.032089 24.659231 45.000000 
456.263092 156.793030 24.647930 104.000000 
456.272827 157.040436 24.664167 54.000000 
456.275574 157.226898 24.655813 50.000000 
456.256683 157.036758 24.662245 55.000000 
456.260864 157.230072 24.657860 52.000000 
456.240234 157.031387 24.659370 57.000000 
456.268372 157.429672 24.666449 49.000000 
456.246185 157.233292 24.659937 64.000000 
456.253021 157.424469 24.663239 50.000000 
456.230225 157.228058 24.656929 68.000000 
456.117188 156.237640 24.623791 66.000000 
456.237854 157.420990 24.661123 51.000000 
456.214233 157.222870 24.653957 68.000000 
456.098846 156.235992 24.623415 58.000000 
456.246002 157.606659 24.669664 40.000000 
456.224792 157.430939 24.667530 60.000000 
456.079407 156.227264 24.619646 57.000000 
456.231598 157.604935 24.668550 43.000000 
456.208801 157.422531 24.662294 63.000000 
456.096161 156.514282 24.630322 46.000000 
456.061005 156.225739 24.619350 62.000000 
456.238098 157.772079 24.673004 47.000000 
456.218048 157.608170 24.670763 47.000000 
456.193848 157.420853 24.661335 42.000000 
456.078003 156.509216 24.628113 49.000000 
456.224152 157.770416 24.671833 40.000000 
456.205658 157.618042 24.677401 50.000000 
456.060669 156.509506 24.628639 45.000000 
456.230469 157.896149 24.654720 42.000000 
456.210480 157.770416 24.671827 52.000000 
456.189484 157.606567 24.669783 59.000000 
456.075836 156.756531 24.631226 40.000000 
456.042145 156.502777 24.625610 47.000000 
456.222504 157.924805 24.675797 68.000000 
456.196503 157.768845 24.670713 58.000000 
456.056763 156.742920 24.624212 45.000000 
456.208344 157.920074 24.672237 41.000000 
456.183746 157.773788 24.674171 55.000000 
456.042236 156.755447 24.631302 42.000000 
456.195068 157.920151 24.672230 50.000000 
456.168488 157.765823 24.668577 58.000000 
456.023682 156.745422 24.626242 48.000000 
456.203735 158.070587 24.679226 43.000000 
456.181488 157.918686 24.671076 55.000000 
456.041138 156.981232 24.633562 40.000000 
456.005035 156.735458 24.621223 42.000000 
456.189270 158.062912 24.673147 48.000000 
456.167877 157.917252 24.669952 61.000000 
456.026123 156.986801 24.637014 41.000000 
456.176392 158.063065 24.673141 49.000000 
456.155579 157.922211 24.673540 55.000000 
456.037201 157.179199 24.629673 41.000000 
456.007080 156.971863 24.628790 45.000000 
456.184937 158.202408 24.678085 48.000000 
456.162506 158.058594 24.669542 50.000000 
455.991699 156.975815 24.631334 50.000000 
456.171417 158.198029 24.674326 48.000000 
456.149933 158.060394 24.670801 49.000000 
456.177612 158.322159 24.672888 63.000000 
456.158569 158.196747 24.673080 55.000000 
456.138794 158.068451 24.676908 57.000000 
456.166870 158.328400 24.677950 47.000000 
456.145691 158.195496 24.671864 57.000000 
456.007843 157.380951 24.637566 45.000000 
455.972321 157.167847 24.623741 46.000000 
456.155090 158.330185 24.679199 46.000000 
456.132416 158.192764 24.669434 74.000000 
455.993652 157.384842 24.640186 43.000000 
456.160889 158.442368 24.673044 41.000000 
456.142181 158.327515 24.676645 59.000000 
456.120239 158.194656 24.670753 65.000000 
455.977600 157.380493 24.637583 41.000000 
456.150909 158.450012 24.679548 42.000000 
456.126617 158.314438 24.665192 57.000000 
455.994690 157.566711 24.644020 41.000000 
456.157471 158.559418 24.676105 61.000000 
455.961517 157.376175 24.635014 41.000000 
456.138702 158.448929 24.678213 45.000000 
456.115540 158.319321 24.669073 61.000000 
455.980682 157.568985 24.645618 42.000000 
456.146729 158.562668 24.678720 45.000000 
456.124939 158.442017 24.671667 48.000000 
456.104492 158.324234 24.672976 57.000000 
456.106995 158.492966 24.668846 46.000000 
456.134399 158.714981 24.669167 49.000000 
455.943420 157.608887 24.636984 41.000000 
456.119537 158.621262 24.682396 48.000000 
456.095093 158.493439 24.668900 55.000000 
456.127594 158.730774 24.684221 42.000000 
455.927704 157.604782 24.634333 40.000000 
456.105591 158.613174 24.674345 58.000000 
456.084412 158.498322 24.672899 55.000000 
455.947968 157.790497 24.648520 41.000000 
456.118469 158.738220 24.691038 40.000000 
456.093597 158.612259 24.673029 64.000000 
455.963928 157.931137 24.639822 47.000000 
456.126526 158.840607 24.691050 45.000000 
455.932312 157.784882 24.644588 47.000000 
456.106873 158.737335 24.689632 45.000000 
456.084564 158.621353 24.681116 60.000000 
455.951233 157.935059 24.642633 45.000000 
456.113525 158.834335 24.683941 49.000000 
455.916168 157.777725 24.639572 46.000000 
456.093567 158.730927 24.682760 53.000000 
455.940277 157.945282 24.650106 41.000000 
456.106140 158.844299 24.693649 50.000000 
456.081573 158.727234 24.678595 51.000000 
455.926086 157.941284 24.647087 47.000000 
456.093079 158.838089 24.686592 55.000000 
456.070770 158.729248 24.680008 51.000000 
455.942261 158.090836 24.650732 40.000000 
455.911194 157.937469 24.644186 47.000000 
456.080811 158.834641 24.682373 61.000000 
455.930969 158.097855 24.656010 43.000000 
455.895325 157.930557 24.639006 46.000000 
456.070313 158.836655 24.683788 63.000000 
455.916473 158.094147 24.652958 43.000000 
456.058899 158.835983 24.682425 61.000000 
455.930511 158.228027 24.651058 50.000000 
455.900543 158.085861 24.646362 44.000000 
456.049347 158.840759 24.686686 57.000000 
455.917297 158.227448 24.650324 45.000000 
455.885468 158.080704 24.642189 43.000000 
455.904999 158.229919 24.652071 43.000000 
455.889801 158.223404 24.646490 45.000000 
455.871582 158.207932 24.633598 50.000000 
455.862213 158.219528 24.642780 40.000000 
455.852051 158.349930 24.642649 40.000000 
455.891602 158.612045 24.663887 45.000000 
455.857086 158.477448 24.646257 42.000000 
455.876160 158.603378 24.655104 43.000000 
455.862244 158.598969 24.650326 42.000000 
455.880463 158.719009 24.659563 42.000000 
455.848816 158.596008 24.646904 45.000000 
455.870148 158.719955 24.659849 40.000000 
455.835907 158.591415 24.642002 49.000000 
455.857574 158.718475 24.657637 42.000000 
455.827454 158.601089 24.650511 47.000000 
455.841064 158.709000 24.647440 46.000000 
455.831879 158.715759 24.653395 44.000000 
455.847168 158.819138 24.650974 47.000000 
455.822693 158.721054 24.657919 44.000000 
455.836548 158.821808 24.652866 50.000000 
455.825439 158.824646 24.654879 50.000000 
455.814270 158.826050 24.655436 53.000000 
455.801270 158.823547 24.651886 48.000000 
456.271057 157.381104 24.666262 61.000000 
456.253082 157.378571 24.665400 120.000000 
456.253967 157.659912 24.675034 43.000000 
456.234833 157.383347 24.668066 120.000000 
456.235931 157.648590 24.669607 54.000000 
456.216003 157.371933 24.662977 120.000000 
456.219513 157.646149 24.668684 109.000000 
456.222168 157.891098 24.671684 47.000000 
456.202606 157.647354 24.669645 117.000000 
456.204071 157.874756 24.663210 48.000000 
456.185303 157.645065 24.668840 109.000000 
456.189148 157.888290 24.670795 65.000000 
456.192474 158.116882 24.675911 41.000000 
456.172119 157.889648 24.671865 106.000000 
456.176697 158.116440 24.675938 56.000000 
456.180786 158.318436 24.675905 46.000000 
456.162689 158.117645 24.676872 55.000000 
456.164917 158.312927 24.672848 46.000000 
456.147369 158.120743 24.678921 64.000000 
456.171051 158.529770 24.691519 49.000000 
456.147461 158.307617 24.669933 50.000000 
456.153595 158.509293 24.678783 40.000000 
456.133148 158.314148 24.674091 63.000000 
456.031433 157.327286 24.646072 54.000000 
456.138885 158.503891 24.675570 52.000000 
456.118164 158.310410 24.672100 64.000000 
456.011566 157.307449 24.637083 49.000000 
456.146729 158.701462 24.691195 42.000000 
456.124664 158.507004 24.677738 58.000000 
455.991364 157.293137 24.630775 68.000000 
456.109924 158.501709 24.674587 60.000000 
456.008545 157.600067 24.650146 46.000000 
455.975037 157.300262 24.634701 61.000000 
456.117828 158.692688 24.685667 42.000000 
456.095978 158.506577 24.677870 57.000000 
455.988281 157.580658 24.640787 43.000000 
456.102539 158.694336 24.686934 50.000000 
455.967804 157.572113 24.636993 45.000000 
456.107025 158.855225 24.686329 46.000000 
456.086395 158.682678 24.679348 56.000000 
455.949493 157.566971 24.634890 49.000000 
456.115967 159.001968 24.683926 49.000000 
456.094452 158.861618 24.690899 55.000000 
456.072723 158.685913 24.681656 44.000000 
455.965118 157.830322 24.644587 48.000000 
456.102051 158.998688 24.681559 45.000000 
456.078369 158.848587 24.681896 60.000000 
455.946930 157.821793 24.640453 45.000000 
456.091949 159.016174 24.694439 52.000000 
456.064606 158.848572 24.681990 55.000000 
455.928345 157.811584 24.635427 47.000000 
456.097504 159.158905 24.695154 42.000000 
456.077484 159.009781 24.689787 62.000000 
456.052368 158.856689 24.687771 47.000000 
455.945007 158.058273 24.647581 40.000000 
456.083679 159.154190 24.691511 43.000000 
456.062592 159.001831 24.683996 59.000000 
456.072052 159.160477 24.696339 49.000000 
456.048309 158.997116 24.680578 64.000000 
455.941650 158.271713 24.652115 41.000000 
456.075867 159.284561 24.688671 41.000000 
456.058533 159.157410 24.693956 53.000000 
456.035248 158.998810 24.681864 47.000000 
456.065216 159.287537 24.691013 50.000000 
456.045563 159.151093 24.689068 57.000000 
456.069641 159.410385 24.687952 42.000000 
456.053314 159.290726 24.693499 53.000000 
456.031921 159.148102 24.686745 63.000000 
455.893250 158.255630 24.643452 42.000000 
456.056732 159.407501 24.685360 44.000000 
456.040100 159.287796 24.691050 51.000000 
456.018280 159.145172 24.684452 52.000000 
456.045898 159.413681 24.690445 50.000000 
456.026154 159.281860 24.686152 62.000000 
455.894470 158.463425 24.653748 41.000000 
456.034760 159.418381 24.694275 59.000000 
456.012482 159.277496 24.682524 62.000000 
456.040680 159.535217 24.691637 48.000000 
456.022217 159.417114 24.693033 65.000000 
455.865234 158.467728 24.656994 41.000000 
456.028046 159.532532 24.689005 49.000000 
456.008881 159.412872 24.689274 65.000000 
456.018036 159.540146 24.695549 51.000000 
455.994781 159.405701 24.683001 67.000000 
456.018890 159.706146 24.693632 50.000000 
456.000397 159.593887 24.694872 58.000000 
455.977173 159.460938 24.683712 44.000000 
455.844299 158.698715 24.657030 41.000000 
456.008850 159.712204 24.698973 50.000000 
455.988129 159.592773 24.693621 59.000000 
456.013428 159.817917 24.696537 53.000000 
455.827209 158.694656 24.654564 43.000000 
455.996582 159.714172 24.700449 54.000000 
455.973114 159.586014 24.687319 61.000000 
456.004303 159.823792 24.701916 47.000000 
455.985443 159.715973 24.701817 60.000000 
455.993225 159.822693 24.700453 47.000000 
455.973389 159.710495 24.696377 70.000000 
455.845947 159.015656 24.655090 52.000000 
456.000000 159.924118 24.698587 58.000000 
455.983337 159.825821 24.703125 53.000000 
455.958923 159.700943 24.687098 70.000000 
455.833405 159.017792 24.656693 45.000000 
455.988617 159.923187 24.697138 58.000000 
455.800629 158.866455 24.658821 41.000000 
455.971558 159.826370 24.703217 56.000000 
455.979767 159.930481 24.704124 48.000000 
455.961304 159.828156 24.704561 61.000000 
455.806152 159.019241 24.657831 43.000000 
455.970184 159.933609 24.706850 54.000000 
455.945282 159.813354 24.689583 56.000000 
455.820618 159.167725 24.659620 42.000000 
455.791626 159.016876 24.656136 40.000000 
455.957062 159.927338 24.699865 64.000000 
455.807831 159.170044 24.661354 40.000000 
455.944763 159.923828 24.695711 63.000000 
455.824371 159.318054 24.669888 52.000000 
455.796875 159.178574 24.667873 41.000000 
455.934204 159.925781 24.697180 44.000000 
455.806091 159.300690 24.655682 58.000000 
455.781860 159.173248 24.663713 44.000000 
455.923187 159.926422 24.697271 56.000000 
455.795074 159.307587 24.661116 47.000000 
455.785553 159.319031 24.670242 45.000000 
455.767944 159.304855 24.658598 53.000000 
455.754120 159.302795 24.656773 57.000000 
455.772858 159.447525 24.668877 44.000000 
455.760498 159.446899 24.668100 46.000000 
455.775238 159.575043 24.672626 45.000000 
455.744324 159.440796 24.662613 46.000000 
455.764679 159.580368 24.677023 44.000000 
455.752655 159.579834 24.676197 43.000000 
455.763580 159.687469 24.667900 47.000000 
455.735870 159.567947 24.665197 46.000000 
455.752319 159.689957 24.669741 47.000000 
455.738892 159.686844 24.666330 46.000000 
455.724945 159.680832 24.660219 46.000000 
455.746307 159.809479 24.676838 40.000000 
455.712524 159.680618 24.659504 47.000000 
455.733185 159.808029 24.674757 43.000000 
455.702881 159.687439 24.665396 43.000000 
455.717804 159.799652 24.665873 44.000000 
455.739838 159.923553 24.683889 49.000000 
455.704010 159.795425 24.661068 42.000000 
455.723541 159.912781 24.671982 52.000000 
455.694153 159.800797 24.665720 45.000000 
455.709473 159.907394 24.665630 54.000000 
455.695892 159.903366 24.660694 51.000000 
455.688751 159.914001 24.670921 46.000000 
455.676331 159.912704 24.668787 54.000000 
456.174744 158.490372 24.677155 54.000000 
456.156006 158.476868 24.671103 59.000000 
456.136719 158.468872 24.667725 68.000000 
456.137207 158.759201 24.681660 56.000000 
456.119141 158.471664 24.669514 120.000000 
456.120544 158.753036 24.678915 62.000000 
456.121643 159.006714 24.686869 42.000000 
456.102509 158.741638 24.673546 109.000000 
456.103790 158.999023 24.683136 50.000000 
456.084351 158.739243 24.672779 117.000000 
456.104095 159.225769 24.687622 47.000000 
456.086517 158.989594 24.678452 62.000000 
456.089294 159.233795 24.692520 46.000000 
456.069733 158.985474 24.676634 66.000000 
456.073212 159.229721 24.690567 51.000000 
456.053284 158.984894 24.676735 51.000000 
456.074036 159.426514 24.687887 50.000000 
456.056274 159.218796 24.684719 55.000000 
456.059265 159.429398 24.689928 46.000000 
456.040497 159.218277 24.684799 54.000000 
456.043976 159.422028 24.685816 60.000000 
456.025482 159.217758 24.684856 49.000000 
456.028107 159.416458 24.682812 66.000000 
455.934509 158.421631 24.650747 54.000000 
456.032837 159.618057 24.691896 49.000000 
456.012177 159.410950 24.679842 64.000000 
455.916626 158.423203 24.652088 51.000000 
456.016754 159.607590 24.685574 55.000000 
455.996918 159.410583 24.679968 55.000000 
455.897095 158.412277 24.647470 52.000000 
456.020630 159.797028 24.695927 40.000000 
456.001556 159.608994 24.686760 59.000000 
455.907623 158.697952 24.656738 41.000000 
455.876373 158.399704 24.642113 61.000000 
456.007721 159.804962 24.701433 40.000000 
455.985107 159.596939 24.679449 61.000000 
455.889313 158.690750 24.653639 40.000000 
455.993530 159.799652 24.698126 50.000000 
455.871765 158.683502 24.650507 42.000000 
455.976990 159.784531 24.688330 52.000000 
455.880157 158.920578 24.646759 40.000000 
455.853546 158.678177 24.648382 40.000000 
456.001129 160.086395 24.680189 40.000000 
455.961426 159.776062 24.682957 55.000000 
455.833191 158.658752 24.639135 40.000000 
455.990204 160.100540 24.690708 65.000000 
455.970825 159.966476 24.702261 51.000000 
455.847992 158.929306 24.652464 45.000000 
455.977142 160.101959 24.691874 51.000000 
455.955688 159.958206 24.696671 58.000000 
455.829285 158.917160 24.646481 47.000000 
455.965820 160.112976 24.700090 47.000000 
455.940796 159.951599 24.692247 66.000000 
455.811920 158.913803 24.645212 45.000000 
455.953400 160.117645 24.703644 48.000000 
455.927612 159.954758 24.694651 47.000000 
455.825745 159.158951 24.656591 46.000000 
455.956818 160.252594 24.698330 43.000000 
455.938904 160.111191 24.699038 52.000000 
455.945129 160.258789 24.703175 49.000000 
455.923737 160.101578 24.692125 59.000000 
455.821350 159.370560 24.660131 42.000000 
455.949921 160.392181 24.702936 55.000000 
455.933167 160.263458 24.706837 51.000000 
455.910065 160.099991 24.691090 52.000000 
455.936096 160.386017 24.697966 51.000000 
455.918671 160.255630 24.700884 51.000000 
455.788696 159.362518 24.656149 50.000000 
455.941010 160.514969 24.699987 42.000000 
455.924194 160.389114 24.700472 55.000000 
455.905090 160.252563 24.698578 55.000000 
455.804565 159.578262 24.671469 40.000000 
455.770508 159.349258 24.648651 42.000000 
455.927795 160.510498 24.696135 50.000000 
455.913330 160.396835 24.706720 62.000000 
455.889130 160.238586 24.687880 48.000000 
455.788300 159.571854 24.667780 42.000000 
455.755585 159.352997 24.651300 46.000000 
455.916595 160.515091 24.699961 51.000000 
455.900116 160.393875 24.704313 60.000000 
455.904724 160.516708 24.701262 48.000000 
455.885468 160.384811 24.696983 62.000000 
455.893585 160.521362 24.705132 63.000000 
455.871826 160.380402 24.693401 45.000000 
455.740234 159.557938 24.660080 43.000000 
455.897919 160.633820 24.698597 49.000000 
455.881012 160.520035 24.703934 57.000000 
455.907135 160.760910 24.710756 54.000000 
455.887115 160.638412 24.702545 49.000000 
455.866974 160.512756 24.697674 63.000000 
455.731293 159.786926 24.657848 41.000000 
455.889038 160.814621 24.709593 52.000000 
455.870209 160.697998 24.706713 55.000000 
455.847504 160.563446 24.694181 50.000000 
455.717896 159.792313 24.661711 44.000000 
455.875244 160.806244 24.701546 52.000000 
455.857971 160.696777 24.705477 59.000000 
455.732727 159.972061 24.671152 43.000000 
455.881683 160.917587 24.704348 49.000000 
455.703735 159.794464 24.663429 42.000000 
455.865570 160.813690 24.708265 52.000000 
455.843384 160.686813 24.696440 62.000000 
455.718994 159.970856 24.670507 47.000000 
455.873291 160.926208 24.712484 47.000000 
455.855774 160.818207 24.712254 58.000000 
455.833588 160.692917 24.701710 49.000000 
455.735962 160.126236 24.671766 47.000000 
455.704590 159.969788 24.669975 46.000000 
455.861267 160.923721 24.709732 44.000000 
455.842621 160.812805 24.706966 60.000000 
455.721161 160.122025 24.668804 47.000000 
455.871490 161.037399 24.720472 50.000000 
455.690826 159.968658 24.669388 51.000000 
455.851776 160.928177 24.713789 45.000000 
455.830811 160.810226 24.704311 64.000000 
455.707794 160.120895 24.668106 43.000000 
455.859344 161.033646 24.716221 57.000000 
455.842590 160.935547 24.720673 56.000000 
455.815918 160.799194 24.693739 45.000000 
455.692108 160.113617 24.662895 43.000000 
455.847076 161.031403 24.713470 51.000000 
455.830017 160.933243 24.718061 54.000000 
455.677368 160.112808 24.662434 48.000000 
455.836121 161.031830 24.713480 55.000000 
455.816681 160.926697 24.711302 58.000000 
455.693390 160.270798 24.671276 43.000000 
455.664551 160.116653 24.665379 52.000000 
455.827301 161.039093 24.720514 74.000000 
455.802826 160.918808 24.703211 46.000000 
455.815491 161.036850 24.717768 71.000000 
455.694824 160.416519 24.678001 47.000000 
455.666077 160.269104 24.670046 41.000000 
455.801971 161.027756 24.707981 68.000000 
455.678162 160.401962 24.666176 53.000000 
455.655273 160.275909 24.675329 49.000000 
455.790527 161.026962 24.706688 68.000000 
455.666656 160.407257 24.670403 44.000000 
455.650879 160.400604 24.664953 48.000000 
455.639893 160.407486 24.670454 50.000000 
455.627014 160.408340 24.671087 46.000000 
455.641907 160.544205 24.675835 44.000000 
455.628937 160.543625 24.675171 44.000000 
455.617554 160.545898 24.676949 45.000000 
455.632385 160.674042 24.681324 40.000000 
455.601959 160.539612 24.671421 44.000000 
455.628387 160.777161 24.668253 45.000000 
455.620697 160.789444 24.679358 45.000000 
455.594452 160.672684 24.679264 43.000000 
455.608917 160.788925 24.678505 52.000000 
455.622162 160.901123 24.679338 45.000000 
455.594971 160.784363 24.673820 48.000000 
455.609558 160.899429 24.677160 42.000000 
455.583099 160.785461 24.674437 46.000000 
455.601868 160.910126 24.687155 42.000000 
455.567444 160.776764 24.665871 45.000000 
455.586517 160.901642 24.678284 44.000000 
455.604401 161.017593 24.688112 49.000000 
455.574982 160.902802 24.678883 46.000000 
455.592651 161.015945 24.685783 53.000000 
455.559509 160.892914 24.668640 44.000000 
455.578033 161.009125 24.678068 55.000000 
455.566223 161.009003 24.677273 50.000000 
455.551483 161.002274 24.669628 53.000000 
455.542480 161.007431 24.674288 53.000000 
455.536560 161.020691 24.687305 43.000000 
456.039185 159.605453 24.689066 55.000000 
456.020691 159.593643 24.683878 64.000000 
456.017334 159.864105 24.688656 47.000000 
456.002380 159.585495 24.680458 120.000000 
456.000458 159.864960 24.689547 51.000000 
455.984009 159.577393 24.677078 120.000000 
455.983612 159.865845 24.690470 103.000000 
455.981628 160.100052 24.688496 48.000000 
455.965973 159.857910 24.686909 113.000000 
455.966064 160.108032 24.693224 50.000000 
455.948578 159.853577 24.685194 117.000000 
455.964722 160.322479 24.691132 51.000000 
455.948883 160.098495 24.688540 56.000000 
455.932343 160.096024 24.687672 63.000000 
455.934875 160.336639 24.700001 45.000000 
455.915375 160.090103 24.684948 66.000000 
455.934204 160.536804 24.699720 42.000000 
455.918976 160.334259 24.699068 51.000000 
455.918091 160.527649 24.694607 42.000000 
455.902893 160.330200 24.697186 55.000000 
455.903931 160.535599 24.699757 55.000000 
455.886108 160.320984 24.692389 49.000000 
455.817780 159.524887 24.657055 44.000000 
455.904419 160.721848 24.699963 51.000000 
455.886963 160.526596 24.694765 66.000000 
455.799408 159.529968 24.660151 103.000000 
455.890411 160.726379 24.703163 54.000000 
455.871124 160.520996 24.691801 68.000000 
455.780457 159.522461 24.657211 68.000000 
455.877411 160.732574 24.707396 56.000000 
455.855957 160.515381 24.688812 64.000000 
455.763672 159.525711 24.659388 57.000000 
455.879211 160.903320 24.706257 44.000000 
455.861206 160.720383 24.700045 65.000000 
455.771484 159.802399 24.664692 44.000000 
455.744385 159.516525 24.655670 62.000000 
455.866241 160.906143 24.708418 43.000000 
455.847015 160.718246 24.699030 59.000000 
455.867828 161.066864 24.708317 47.000000 
455.853363 160.914032 24.713957 49.000000 
455.832092 160.716217 24.698107 50.000000 
455.737183 159.798370 24.663853 54.000000 
455.853760 161.068192 24.709509 40.000000 
455.837799 160.908798 24.710796 50.000000 
455.717468 159.787720 24.659111 40.000000 
455.841125 161.074387 24.714079 43.000000 
455.821594 160.895294 24.702127 51.000000 
455.727295 160.038742 24.663084 47.000000 
455.846619 161.211349 24.705200 43.000000 
455.827728 161.075729 24.715267 47.000000 
455.807159 160.893387 24.701172 47.000000 
455.710083 160.035172 24.661745 47.000000 
455.834412 161.217468 24.709888 60.000000 
455.814056 161.075485 24.715349 56.000000 
455.693085 160.033401 24.661379 51.000000 
455.820313 161.212448 24.706396 48.000000 
455.797760 161.063995 24.707586 64.000000 
455.674133 160.024780 24.657385 51.000000 
455.827972 161.380478 24.726547 47.000000 
455.807800 161.220306 24.712366 48.000000 
455.782898 161.057358 24.703199 69.000000 
455.687775 160.271469 24.670111 42.000000 
455.813110 161.369324 24.718086 40.000000 
455.795685 161.226532 24.717127 57.000000 
455.799408 161.361282 24.712013 45.000000 
455.781281 161.216782 24.710148 61.000000 
455.678436 160.460800 24.660929 57.000000 
455.653778 160.256058 24.662428 46.000000 
455.785919 161.358047 24.709654 48.000000 
455.766449 161.208725 24.704437 59.000000 
455.668243 160.486267 24.676594 45.000000 
455.793457 161.503693 24.719332 55.000000 
455.775208 161.365723 24.715698 53.000000 
455.779999 161.499023 24.715630 50.000000 
455.762634 161.367264 24.717007 59.000000 
455.632538 160.461166 24.662554 44.000000 
455.782623 161.618713 24.710348 43.000000 
455.768158 161.502075 24.718163 53.000000 
455.748138 161.359451 24.711117 61.000000 
455.648804 160.681961 24.681095 41.000000 
455.615997 160.456329 24.660152 57.000000 
455.770782 161.620224 24.711628 50.000000 
455.755646 161.502106 24.718239 62.000000 
455.631500 160.673950 24.676472 40.000000 
455.758698 161.623352 24.714273 54.000000 
455.742218 161.500702 24.717169 62.000000 
455.615204 160.667542 24.672859 43.000000 
455.745117 161.617416 24.709232 45.000000 
455.727264 161.490067 24.708632 62.000000 
455.599518 160.664536 24.671381 46.000000 
455.752716 161.746140 24.717102 43.000000 
455.736084 161.631042 24.720778 59.000000 
455.607025 160.909195 24.680084 40.000000 
455.732910 161.796585 24.713675 46.000000 
455.716034 161.681396 24.717529 61.000000 
455.592194 160.904526 24.677317 41.000000 
455.742340 161.923462 24.725998 41.000000 
455.722351 161.799591 24.716274 51.000000 
455.703339 161.676987 24.713772 65.000000 
455.575165 160.893433 24.670326 40.000000 
455.730835 161.923615 24.725992 47.000000 
455.711609 161.804184 24.720268 55.000000 
455.688904 161.668213 24.706303 42.000000 
455.559540 160.892334 24.669971 42.000000 
455.716919 161.916718 24.719379 48.000000 
455.698059 161.800095 24.716522 55.000000 
455.724640 162.033463 24.727955 45.000000 
455.706543 161.921249 24.723446 54.000000 
455.685791 161.798889 24.715345 56.000000 
455.713196 162.030823 24.725136 40.000000 
455.695587 161.921432 24.723446 55.000000 
455.578339 161.232635 24.684822 47.000000 
455.701202 162.028290 24.722412 47.000000 
455.683258 161.918869 24.720863 56.000000 
455.565186 161.234695 24.686525 47.000000 
455.710632 162.141983 24.733360 49.000000 
455.691986 162.035614 24.729307 47.000000 
455.670074 161.913483 24.715637 64.000000 
455.549561 161.227325 24.681314 47.000000 
455.698090 162.136841 24.727736 49.000000 
455.682037 162.040146 24.733479 47.000000 
455.658112 161.912415 24.714451 51.000000 
455.533905 161.220001 24.676142 46.000000 
455.685516 162.131744 24.722143 51.000000 
455.669586 162.036331 24.729458 47.000000 
455.551605 161.387177 24.692450 45.000000 
455.519867 161.219025 24.675629 47.000000 
455.675842 162.136230 24.726385 58.000000 
455.656677 162.031143 24.724098 56.000000 
455.536774 161.381577 24.688244 44.000000 
455.509460 161.229034 24.683132 40.000000 
455.665314 162.138016 24.727846 56.000000 
455.641998 162.020432 24.713303 45.000000 
455.520996 161.372925 24.681692 43.000000 
455.654388 162.138458 24.727928 61.000000 
455.537506 161.525574 24.694071 52.000000 
455.506897 161.370514 24.679939 49.000000 
455.642120 162.134872 24.723841 61.000000 
455.520264 161.511078 24.682367 58.000000 
455.496368 161.380508 24.687725 47.000000 
455.629333 162.129959 24.718386 60.000000 
455.506531 161.508774 24.680504 46.000000 
455.495087 161.514053 24.684788 46.000000 
455.483643 161.519379 24.689093 47.000000 
455.483398 161.643661 24.684496 45.000000 
455.472137 161.652145 24.691582 45.000000 
455.486389 161.778610 24.694853 43.000000 
455.456848 161.642578 24.683355 45.000000 
455.475311 161.782379 24.698006 42.000000 
455.442230 161.639191 24.680372 41.000000 
455.463745 161.784729 24.699892 42.000000 
455.472076 161.888107 24.687845 52.000000 
455.450104 161.781342 24.696659 43.000000 
455.460266 161.889069 24.688414 46.000000 
455.436462 161.778000 24.693459 43.000000 
455.448975 161.891464 24.690327 46.000000 
455.462982 162.006378 24.693960 42.000000 
455.437714 161.893890 24.692261 42.000000 
455.449341 162.001892 24.689110 44.000000 
455.422119 161.885101 24.683691 58.000000 
455.441101 162.011185 24.697783 45.000000 
455.409180 161.883392 24.681736 46.000000 
455.429077 162.010895 24.697033 44.000000 
455.445618 162.123978 24.704348 47.000000 
455.415924 162.007904 24.693617 45.000000 
455.433289 162.119492 24.699192 47.000000 
455.401581 161.999222 24.684650 43.000000 
455.419250 162.113968 24.692884 50.000000 
455.405792 162.111267 24.689465 55.000000 
455.392212 162.107162 24.684603 53.000000 
455.381500 162.108292 24.685167 55.000000 
455.902924 160.695023 24.700659 55.000000 
455.884827 160.688461 24.698105 68.000000 
455.880829 160.967789 24.707100 46.000000 
455.866943 160.685577 24.697313 117.000000 
455.863342 160.959595 24.703506 56.000000 
455.848755 160.679123 24.694838 120.000000 
455.846619 160.962143 24.705364 103.000000 
455.843201 161.201599 24.706034 46.000000 
455.829041 160.954056 24.701843 113.000000 
455.827240 161.195343 24.703190 51.000000 
455.812531 160.949539 24.700111 117.000000 
455.825378 161.432480 24.713558 43.000000 
455.811188 161.197968 24.705147 59.000000 
455.794647 161.204208 24.709070 61.000000 
455.793243 161.430862 24.713676 42.000000 
455.777283 161.192871 24.703558 66.000000 
455.779602 161.435181 24.716597 49.000000 
455.777557 161.625015 24.710003 44.000000 
455.762817 161.424057 24.710819 51.000000 
455.762207 161.622604 24.709044 52.000000 
455.747284 161.425110 24.711946 51.000000 
455.764221 161.829132 24.721573 40.000000 
455.747406 161.625366 24.711180 55.000000 
455.665833 160.615677 24.671247 54.000000 
455.747467 161.816772 24.714247 40.000000 
455.730438 161.616272 24.706261 64.000000 
455.645386 160.602707 24.665852 51.000000 
455.732208 161.811127 24.711142 49.000000 
455.714569 161.610580 24.703363 64.000000 
455.627625 160.605881 24.668133 55.000000 
455.718628 161.818985 24.716537 51.000000 
455.635376 160.893372 24.678179 44.000000 
455.609467 160.605515 24.668737 64.000000 
455.719910 161.998230 24.720556 40.000000 
455.703522 161.815125 24.714552 58.000000 
455.616913 160.884140 24.674225 44.000000 
455.706024 161.999405 24.721731 42.000000 
455.689117 161.816330 24.715773 59.000000 
455.693085 162.007233 24.727316 43.000000 
455.581421 160.878265 24.672710 50.000000 
455.693268 162.156448 24.719135 48.000000 
455.678253 162.001862 24.724163 46.000000 
455.589233 161.129410 24.676380 48.000000 
455.680847 162.164200 24.724884 47.000000 
455.662811 161.993225 24.718853 48.000000 
455.571747 161.123947 24.674143 44.000000 
455.686646 162.307693 24.720400 59.000000 
455.668488 162.171997 24.730656 58.000000 
455.555817 161.129044 24.677549 44.000000 
455.673370 162.307358 24.720449 47.000000 
455.653229 162.161926 24.723999 61.000000 
455.538025 161.121933 24.674450 54.000000 
455.659790 162.305466 24.719358 45.000000 
455.638123 162.153519 24.718510 61.000000 
455.547241 161.358414 24.681267 45.000000 
455.647614 162.311600 24.724138 52.000000 
455.623230 162.146805 24.714188 45.000000 
455.652435 162.462296 24.730804 40.000000 
455.635193 162.316162 24.727772 57.000000 
455.516174 161.359970 24.683388 41.000000 
455.637238 162.446335 24.718769 46.000000 
455.621368 162.309525 24.723192 64.000000 
455.525330 161.569748 24.685436 52.000000 
455.643860 162.596848 24.731958 43.000000 
455.626129 162.455566 24.726097 50.000000 
455.606537 162.301392 24.717545 53.000000 
455.613525 162.460220 24.729904 51.000000 
455.616699 162.588959 24.725948 45.000000 
455.600952 162.461685 24.731260 50.000000 
455.504517 161.767136 24.690639 49.000000 
455.475677 161.552979 24.677202 44.000000 
455.620544 162.714722 24.725441 47.000000 
455.605438 162.591873 24.728460 48.000000 
455.585480 162.445892 24.719357 47.000000 
455.608032 162.713165 24.724220 45.000000 
455.593231 162.593369 24.729824 61.000000 
455.473969 161.764053 24.689734 43.000000 
455.595154 162.710129 24.721752 54.000000 
455.580017 162.590286 24.727505 60.000000 
455.483124 161.944275 24.691586 40.000000 
455.457306 161.755890 24.685143 43.000000 
455.583649 162.713150 24.724401 55.000000 
455.566803 162.587250 24.725214 62.000000 
455.464142 162.008911 24.699308 47.000000 
455.581848 162.892227 24.728895 43.000000 
455.565552 162.775436 24.731571 63.000000 
455.447968 162.000916 24.694485 40.000000 
455.587921 163.012009 24.734497 40.000000 
455.568909 162.887863 24.725054 51.000000 
455.552185 162.767914 24.725302 55.000000 
455.433868 161.999451 24.693949 41.000000 
455.578064 163.016327 24.738466 54.000000 
455.557983 162.889359 24.726389 53.000000 
455.538879 162.763519 24.721674 63.000000 
455.416107 161.984985 24.684866 41.000000 
455.565826 163.013550 24.735830 50.000000 
455.547943 162.896835 24.733032 56.000000 
455.552795 163.007935 24.730547 52.000000 
455.534180 162.889648 24.726664 59.000000 
455.414642 162.163620 24.693708 46.000000 
455.556854 163.113571 24.727928 46.000000 
455.542023 163.010986 24.733313 54.000000 
455.521912 162.888367 24.725536 55.000000 
455.398987 162.154251 24.687561 43.000000 
455.548462 163.122116 24.736118 49.000000 
455.532959 163.018295 24.740034 56.000000 
455.416199 162.316299 24.693033 56.000000 
455.386475 162.161133 24.692719 46.000000 
455.536438 163.119537 24.733444 46.000000 
455.518677 163.008484 24.730827 62.000000 
455.404846 162.322952 24.698168 45.000000 
455.525604 163.121201 24.734900 48.000000 
455.506714 163.007324 24.729660 56.000000 
455.387787 162.312424 24.690805 45.000000 
455.531921 163.225433 24.735790 55.000000 
455.516785 163.129898 24.743210 53.000000 
455.372345 162.303329 24.684458 52.000000 
455.519318 163.220261 24.730253 54.000000 
455.504761 163.127411 24.740608 54.000000 
455.358429 162.305557 24.686399 60.000000 
455.510834 163.228806 24.738726 58.000000 
455.489716 163.115158 24.728479 52.000000 
455.374451 162.468353 24.698626 42.000000 
455.499878 163.229172 24.738829 64.000000 
455.476288 163.108566 24.721848 44.000000 
455.488922 163.229568 24.738955 65.000000 
455.373047 162.607956 24.700480 52.000000 
455.345886 162.461792 24.694012 44.000000 
455.477509 163.228638 24.737709 80.000000 
455.358459 162.602493 24.696194 48.000000 
455.335297 162.471725 24.701830 40.000000 
455.464294 163.222290 24.730911 74.000000 
455.342010 162.590988 24.687059 50.000000 
455.332489 162.600677 24.694954 48.000000 
455.320099 162.602905 24.696861 48.000000 
455.319611 162.735168 24.698469 44.000000 
455.308563 162.740402 24.702898 45.000000 
455.321625 162.865616 24.704580 42.000000 
455.295227 162.736664 24.699743 41.000000 
455.308990 162.864990 24.703922 45.000000 
455.298370 162.870178 24.708426 44.000000 
455.307098 162.976624 24.698689 47.000000 
455.282684 162.860947 24.700121 42.000000 
455.294739 162.976105 24.697989 44.000000 
455.283417 162.978455 24.699947 49.000000 
455.294678 163.088089 24.697870 42.000000 
455.269989 162.975174 24.696671 49.000000 
455.283142 163.087555 24.697029 45.000000 
455.256012 162.969009 24.690702 49.000000 
455.275391 163.098206 24.707075 44.000000 
455.262238 163.095093 24.703686 45.000000 
455.279205 163.211197 24.713369 49.000000 
455.248474 163.090668 24.698986 41.000000 
455.265778 163.206894 24.708467 51.000000 
455.255707 163.210648 24.711840 50.000000 
455.239349 163.199738 24.700134 55.000000 
455.225769 163.195557 24.695332 53.000000 
455.213837 163.193970 24.693199 49.000000 
455.763611 161.803436 24.721025 64.000000 
455.746429 161.811142 24.725359 68.000000 
455.726349 161.799149 24.720356 111.000000 
455.719299 162.065857 24.723160 45.000000 
455.707947 161.787140 24.715305 120.000000 
455.704254 162.068192 24.724922 56.000000 
455.698883 162.307510 24.725620 40.000000 
455.687164 162.065308 24.724108 106.000000 
455.669189 162.062500 24.723383 111.000000 
455.665344 162.303680 24.724836 52.000000 
455.649384 162.297394 24.722065 65.000000 
455.633026 162.296463 24.722204 75.000000 
455.632111 162.533539 24.732340 45.000000 
455.616272 162.530945 24.731474 54.000000 
455.612762 162.731140 24.730921 42.000000 
455.599457 162.526718 24.729717 61.000000 
455.597626 162.730362 24.731016 57.000000 
455.582062 162.510345 24.721088 41.000000 
455.524841 161.720413 24.690975 108.000000 
455.596710 162.913116 24.728735 51.000000 
455.582855 162.726151 24.729048 64.000000 
455.507111 161.714340 24.688869 66.000000 
455.582458 162.915771 24.730925 50.000000 
455.566284 162.713501 24.722080 66.000000 
455.489197 161.715576 24.690289 64.000000 
455.567749 162.920212 24.734259 57.000000 
455.469971 161.713333 24.690111 62.000000 
455.567017 163.089371 24.731628 40.000000 
455.552917 162.917892 24.733335 61.000000 
455.473724 161.986603 24.693069 62.000000 
455.536713 162.905533 24.726107 65.000000 
455.456604 161.987930 24.694532 58.000000 
455.540771 163.103134 24.741671 43.000000 
455.522491 162.908356 24.728416 47.000000 
455.440155 161.994629 24.698711 55.000000 
455.525940 163.097641 24.738523 48.000000 
455.445313 162.240311 24.699881 45.000000 
455.420044 161.972977 24.688635 109.000000 
455.527557 163.266586 24.743715 46.000000 
455.510376 163.087219 24.732130 50.000000 
455.426056 162.220673 24.690174 50.000000 
455.515228 163.266006 24.743700 50.000000 
455.496338 163.078384 24.726734 47.000000 
455.412933 162.234253 24.698092 44.000000 
455.518982 163.401428 24.733356 45.000000 
455.501068 163.262314 24.741575 56.000000 
455.395020 162.225235 24.694061 50.000000 
455.506195 163.404221 24.735771 46.000000 
455.484192 163.250656 24.733963 59.000000 
455.492401 163.408783 24.739508 48.000000 
455.469910 163.247070 24.731905 58.000000 
455.387360 162.473648 24.708382 42.000000 
455.494629 163.551620 24.740080 44.000000 
455.480042 163.409988 24.740742 50.000000 
455.482452 163.548050 24.737623 47.000000 
455.467712 163.411224 24.742001 62.000000 
455.377136 162.667679 24.702160 42.000000 
455.351593 162.440430 24.691063 46.000000 
455.470703 163.554062 24.742538 49.000000 
455.453613 163.402908 24.736290 59.000000 
455.472137 163.684433 24.739809 49.000000 
455.458099 163.558594 24.746342 51.000000 
455.344818 162.664185 24.701435 46.000000 
455.460236 163.687302 24.742363 43.000000 
455.444305 163.553680 24.742893 51.000000 
455.328125 162.657379 24.698059 44.000000 
455.446777 163.682495 24.738756 58.000000 
455.430786 163.550385 24.740677 53.000000 
455.339722 162.868240 24.710052 47.000000 
455.449951 163.808350 24.738070 50.000000 
455.436127 163.691589 24.746305 57.000000 
455.430206 163.862946 24.738544 56.000000 
455.416107 163.743042 24.744310 60.000000 
455.301300 162.911194 24.704273 43.000000 
455.418915 163.864304 24.739849 52.000000 
455.401245 163.732193 24.735847 69.000000 
455.283295 162.899689 24.697721 43.000000 
455.406189 163.867401 24.742657 61.000000 
455.295593 163.094940 24.708656 40.000000 
455.394928 163.868805 24.744007 67.000000 
455.280792 163.090073 24.705956 40.000000 
455.416351 164.107071 24.747906 42.000000 
455.398346 163.984268 24.739935 49.000000 
455.379913 163.856766 24.734039 72.000000 
455.263855 163.078751 24.699049 43.000000 
455.403778 164.102753 24.743938 45.000000 
455.387543 163.988724 24.743967 56.000000 
455.365753 163.846207 24.725302 41.000000 
455.249695 163.080627 24.700830 42.000000 
455.375305 163.987305 24.742813 56.000000 
455.261658 163.260605 24.710003 41.000000 
455.396149 164.211288 24.744055 49.000000 
455.381775 164.107208 24.748110 42.000000 
455.362671 163.984467 24.740385 52.000000 
455.245422 163.251190 24.703951 45.000000 
455.386047 164.215622 24.748203 42.000000 
455.371002 164.110214 24.750895 49.000000 
455.262115 163.416504 24.711691 62.000000 
455.231720 163.253128 24.705755 50.000000 
455.374023 164.212936 24.745533 46.000000 
455.357147 164.101715 24.743031 66.000000 
455.248810 163.415115 24.711050 57.000000 
455.381683 164.324066 24.753263 47.000000 
455.220673 163.263077 24.713072 40.000000 
455.363708 164.214432 24.746918 48.000000 
455.344971 164.097504 24.739126 64.000000 
455.234436 163.412292 24.709373 48.000000 
455.369171 164.318756 24.747702 52.000000 
455.354828 164.223068 24.755222 56.000000 
455.331360 164.090530 24.732660 42.000000 
455.218689 163.401474 24.701878 47.000000 
455.357422 164.316223 24.744967 58.000000 
455.342804 164.220490 24.752625 58.000000 
455.204376 163.402008 24.702663 52.000000 
455.346832 164.317841 24.746447 56.000000 
455.329498 164.213730 24.745960 56.000000 
455.217041 163.557098 24.708912 45.000000 
455.337921 164.324982 24.753534 56.000000 
455.313629 164.198593 24.731153 40.000000 
455.203827 163.557571 24.709560 43.000000 
455.326141 164.322540 24.750870 71.000000 
455.217438 163.707458 24.719118 50.000000 
455.190186 163.556519 24.709049 47.000000 
455.314636 164.322983 24.751097 74.000000 
455.198822 163.689774 24.705156 55.000000 
455.177612 163.561829 24.713402 47.000000 
455.300598 164.313782 24.741522 68.000000 
455.185516 163.688797 24.704576 50.000000 
455.175507 163.696884 24.711243 45.000000 
455.162201 163.695984 24.710714 49.000000 
455.151154 163.702713 24.716297 41.000000 
455.161255 163.828125 24.712133 41.000000 
455.150787 163.833160 24.716461 41.000000 
455.161346 163.954117 24.714203 43.000000 
455.138428 163.832291 24.715809 46.000000 
455.149597 163.957855 24.717495 40.000000 
455.148346 164.072205 24.714722 42.000000 
455.125885 163.959290 24.718727 45.000000 
455.133972 164.065903 24.708757 48.000000 
455.111206 163.952866 24.713028 44.000000 
455.124176 164.072418 24.714657 45.000000 
455.110260 164.067612 24.710070 48.000000 
455.121918 164.180206 24.710447 45.000000 
455.096283 164.062851 24.705517 52.000000 
455.113556 164.187912 24.717699 40.000000 
455.083832 164.062393 24.704929 46.000000 
455.098816 164.180557 24.710283 46.000000 
455.118073 164.305054 24.727980 40.000000 
455.087799 164.181412 24.710859 45.000000 
455.105225 164.301971 24.724451 51.000000 
455.071808 164.172897 24.702276 42.000000 
455.091248 164.296249 24.718210 51.000000 
455.076080 164.287888 24.709259 58.000000 
455.064209 164.287613 24.708574 53.000000 
455.050598 164.283371 24.703808 61.000000 
455.042755 164.292542 24.712755 51.000000 
455.610138 162.895065 24.723583 105.000000 
455.592346 162.891830 24.722712 61.000000 
455.573456 162.885056 24.720201 120.000000 
455.564117 163.150070 24.721910 45.000000 
455.555206 162.874710 24.715965 121.000000 
455.548279 163.154099 24.724590 54.000000 
455.537659 162.862595 24.710857 120.000000 
455.531372 163.154648 24.725542 103.000000 
455.524658 163.392303 24.725092 42.000000 
455.514130 163.149887 24.723825 115.000000 
455.508423 163.392914 24.726070 48.000000 
455.496094 163.134491 24.716740 107.000000 
455.502228 163.603912 24.721596 43.000000 
455.491699 163.386536 24.723312 59.000000 
455.475159 163.383713 24.722475 54.000000 
455.472626 163.624390 24.734430 45.000000 
455.458344 163.377441 24.719791 63.000000 
455.456787 163.621674 24.733528 54.000000 
455.451752 163.815048 24.728756 45.000000 
455.440582 163.615540 24.730700 54.000000 
455.437073 163.819290 24.731882 55.000000 
455.424500 163.611176 24.728886 50.000000 
455.421021 163.809875 24.726877 64.000000 
455.353516 162.798615 24.688267 104.000000 
455.404907 163.800507 24.721909 68.000000 
455.334808 162.792511 24.686228 62.000000 
455.404816 164.002274 24.730709 46.000000 
455.389252 163.796326 24.720032 71.000000 
455.316437 162.790054 24.685940 57.000000 
455.402679 164.171661 24.727802 50.000000 
455.389740 163.998154 24.728697 55.000000 
455.297668 162.784058 24.683983 56.000000 
455.374847 163.995773 24.727776 63.000000 
455.300293 163.061218 24.688210 45.000000 
455.377014 164.191849 24.742184 47.000000 
455.360107 163.995117 24.727942 46.000000 
455.283478 163.066010 24.691465 44.000000 
455.374542 164.344482 24.736092 42.000000 
455.361786 164.182922 24.736813 51.000000 
455.265198 163.058426 24.688494 103.000000 
455.362213 164.353683 24.742947 48.000000 
455.346710 164.175705 24.732571 55.000000 
455.269409 163.308060 24.690845 55.000000 
455.348755 164.354752 24.744162 52.000000 
455.332031 164.171844 24.730551 49.000000 
455.253815 163.316391 24.696089 48.000000 
455.350464 164.483932 24.729015 65.000000 
455.333832 164.346069 24.738611 56.000000 
455.235901 163.307251 24.692020 50.000000 
455.337769 164.483368 24.729010 57.000000 
455.320465 164.338943 24.734098 58.000000 
455.218597 163.291016 24.684105 59.000000 
455.326080 164.489258 24.733704 42.000000 
455.304901 164.327087 24.726355 54.000000 
455.228577 163.550308 24.702887 45.000000 
455.328094 164.638687 24.738798 57.000000 
455.315186 164.499969 24.741920 55.000000 
455.312836 164.632095 24.734158 48.000000 
455.298584 164.491745 24.736410 61.000000 
455.214355 163.749924 24.699640 44.000000 
455.192993 163.537842 24.697462 42.000000 
455.301819 164.642746 24.742668 48.000000 
455.285065 164.486526 24.733006 61.000000 
455.200134 163.753036 24.702145 49.000000 
455.303162 164.771606 24.738447 65.000000 
455.289520 164.642349 24.742706 51.000000 
455.269745 164.475006 24.725037 53.000000 
455.183502 163.746048 24.698694 46.000000 
455.290009 164.768219 24.736023 60.000000 
455.276306 164.640472 24.741636 60.000000 
455.322510 165.151062 24.755440 48.000000 
455.166809 163.739105 24.695282 52.000000 
455.270691 164.830154 24.742826 53.000000 
455.254059 164.688416 24.737522 61.000000 
455.141205 163.779831 24.688429 50.000000 
455.271576 164.950043 24.737032 60.000000 
455.257813 164.828369 24.741693 60.000000 
455.240479 164.685059 24.735308 54.000000 
455.155212 164.007889 24.710228 40.000000 
455.257782 164.942261 24.730722 69.000000 
455.245239 164.824997 24.739281 64.000000 
455.247681 164.949570 24.737099 51.000000 
455.231079 164.817123 24.733257 79.000000 
455.120758 163.987808 24.699007 41.000000 
455.251862 165.081711 24.747339 40.000000 
455.235199 164.954086 24.741156 59.000000 
455.216858 164.812439 24.729813 55.000000 
455.283295 165.415817 24.756006 40.000000 
455.269745 165.311523 24.754641 45.000000 
455.236389 165.065323 24.733027 40.000000 
455.222565 164.949371 24.737404 63.000000 
455.259613 165.311279 24.754433 50.000000 
455.115448 164.168289 24.700571 42.000000 
455.243591 165.192703 24.744707 58.000000 
455.227264 165.072479 24.739494 48.000000 
455.210571 164.947708 24.736219 67.000000 
455.263214 165.418228 24.758413 56.000000 
455.246368 165.302704 24.746143 53.000000 
455.099213 164.160141 24.695795 44.000000 
455.230316 165.185394 24.738035 64.000000 
455.215698 165.073898 24.740900 54.000000 
455.197174 164.940063 24.729986 67.000000 
455.249847 165.412766 24.752819 54.000000 
455.236115 165.311279 24.754478 48.000000 
455.083527 164.162094 24.697727 43.000000 
455.217224 165.184052 24.736889 55.000000 
455.201904 165.071060 24.738564 62.000000 
455.237823 165.408600 24.748531 64.000000 
455.223450 165.305603 24.748989 64.000000 
455.207031 165.189835 24.742313 60.000000 
455.189606 165.069611 24.737415 64.000000 
455.228333 165.414124 24.754089 60.000000 
455.078156 164.334442 24.701729 41.000000 
455.212189 165.305618 24.749010 61.000000 
455.196533 165.194183 24.746420 62.000000 
455.175842 165.062286 24.731091 61.000000 
455.218842 165.419678 24.759665 51.000000 
455.064789 164.337906 24.704628 45.000000 
455.199066 165.298615 24.742210 54.000000 
455.183441 165.188477 24.741199 66.000000 
455.079437 164.495422 24.706331 52.000000 
455.207092 165.412704 24.752506 64.000000 
455.052429 164.339600 24.706253 47.000000 
455.188110 165.295731 24.739401 50.000000 
455.171814 165.184097 24.737198 68.000000 
455.064545 164.487625 24.701078 47.000000 
455.194977 165.408676 24.748318 61.000000 
455.179474 165.305710 24.749065 48.000000 
455.158630 165.178467 24.732037 73.000000 
455.050385 164.483063 24.698168 42.000000 
455.182556 165.407593 24.747103 57.000000 
455.166321 165.303192 24.746595 56.000000 
455.035034 164.485260 24.700266 47.000000 
455.171936 165.409134 24.748566 55.000000 
455.154602 165.301971 24.745373 60.000000 
455.045685 164.637527 24.703968 46.000000 
455.023987 164.493469 24.706633 46.000000 
455.164001 165.416046 24.755489 57.000000 
455.143188 165.297806 24.741291 61.000000 
455.033661 164.637711 24.704412 44.000000 
455.151398 165.410782 24.750008 71.000000 
455.048462 164.797134 24.721083 41.000000 
455.021210 164.641235 24.707441 46.000000 
455.137756 165.404266 24.743237 68.000000 
455.027924 164.771667 24.700960 49.000000 
455.007690 164.643341 24.709402 40.000000 
455.125458 165.400452 24.739214 80.000000 
455.014160 164.769073 24.699137 50.000000 
455.114471 165.399338 24.737926 68.000000 
455.002686 164.772522 24.702131 57.000000 
455.014526 164.910400 24.707687 47.000000 
454.992371 164.782181 24.710119 53.000000 
454.976196 164.773712 24.703598 48.000000 
454.990173 164.916061 24.712769 42.000000 
454.978699 164.918045 24.714575 41.000000 
454.989227 165.042191 24.714752 45.000000 
454.965393 164.914108 24.711397 41.000000 
454.975525 165.040009 24.712883 48.000000 
454.949249 164.907547 24.706045 40.000000 
454.965698 165.047958 24.719940 43.000000 
454.974640 165.160416 24.715258 42.000000 
454.951599 165.042847 24.715464 49.000000 
454.959351 165.151169 24.706633 49.000000 
454.935455 165.031952 24.705891 46.000000 
454.950989 165.160339 24.715055 52.000000 
454.937592 165.156860 24.711756 52.000000 
454.980133 165.400284 24.736290 40.000000 
454.948425 165.268143 24.710659 42.000000 
454.924225 165.151886 24.707073 49.000000 
454.961243 165.380737 24.716093 51.000000 
454.938354 165.273117 24.715303 42.000000 
454.909180 165.144241 24.699900 47.000000 
454.946838 165.373444 24.708361 54.000000 
454.926270 165.272583 24.714586 44.000000 
454.936066 165.375656 24.710306 61.000000 
454.910431 165.262405 24.704489 47.000000 
454.926880 165.381943 24.716402 56.000000 
454.897186 165.259186 24.701149 47.000000 
454.915588 165.382858 24.717012 55.000000 
454.886597 165.262924 24.704548 43.000000 
454.900482 165.374390 24.708033 54.000000 
454.886902 165.369995 24.703211 53.000000 
454.876099 165.372375 24.705278 58.000000 
454.867004 165.378815 24.711477 55.000000 
455.427734 163.975067 24.741974 42.000000 
455.409851 163.969910 24.740330 59.000000 
455.399719 164.252701 24.750324 46.000000 
455.391357 163.952164 24.732729 113.000000 
455.382141 164.238754 24.744089 51.000000 
455.373413 163.948914 24.732019 59.000000 
455.363983 164.232025 24.741537 61.000000 
455.355804 164.482101 24.746897 46.000000 
455.345917 164.212845 24.732695 111.000000 
455.339386 164.466660 24.739414 44.000000 
455.330200 164.220444 24.737291 102.000000 
455.322632 164.460129 24.736710 56.000000 
455.316864 164.707901 24.751877 42.000000 
455.306213 164.458923 24.736855 69.000000 
455.300873 164.703247 24.750008 47.000000 
455.289124 164.448944 24.732349 69.000000 
455.283691 164.693466 24.745296 59.000000 
455.298126 165.278366 24.757124 42.000000 
455.278503 164.897247 24.745790 57.000000 
455.267334 164.685440 24.741545 67.000000 
455.262970 164.892776 24.743860 56.000000 
455.251526 164.684402 24.741735 60.000000 
455.270599 165.282974 24.761402 44.000000 
455.258423 165.079208 24.742908 54.000000 
455.247437 164.888351 24.741962 63.000000 
455.189301 163.888657 24.712605 62.000000 
455.266754 165.448456 24.764214 55.000000 
455.255646 165.273697 24.755924 44.000000 
455.244781 165.088409 24.749319 55.000000 
455.231506 164.880554 24.738068 66.000000 
455.171173 163.887787 24.713175 58.000000 
455.254028 165.455719 24.769814 55.000000 
455.240631 165.264450 24.750481 50.000000 
455.229553 165.082413 24.746264 54.000000 
455.216431 164.881363 24.739281 68.000000 
455.151489 163.870758 24.706129 62.000000 
455.239868 165.449921 24.766386 52.000000 
455.226654 165.265228 24.751631 56.000000 
455.214142 165.074783 24.742188 60.000000 
455.239532 165.585312 24.756001 81.000000 
455.133118 163.868195 24.705929 50.000000 
455.225281 165.440887 24.760731 50.000000 
455.212677 165.266052 24.752808 52.000000 
455.199005 165.070587 24.740253 67.000000 
455.134277 164.147125 24.710306 45.000000 
455.226868 165.589310 24.759449 59.000000 
455.210297 165.423660 24.749397 41.000000 
455.198395 165.258560 24.748493 51.000000 
455.184387 165.064682 24.737238 67.000000 
455.226135 165.741547 24.767099 40.000000 
455.117706 164.146378 24.710842 45.000000 
455.214478 165.590103 24.760529 53.000000 
455.197601 165.431076 24.755106 60.000000 
455.184174 165.257813 24.748638 55.000000 
455.212250 165.732880 24.760992 57.000000 
455.098694 164.131485 24.704367 50.000000 
455.201019 165.587738 24.759356 47.000000 
455.183624 165.433670 24.757513 51.000000 
455.167755 165.245499 24.741241 56.000000 
455.101990 164.400696 24.716183 48.000000 
455.198761 165.732224 24.760996 59.000000 
455.186218 165.580643 24.754772 40.000000 
455.169922 165.432983 24.757627 56.000000 
455.153687 165.246490 24.742540 57.000000 
455.197144 165.867142 24.761801 61.000000 
455.084412 164.393097 24.713068 42.000000 
455.186829 165.737869 24.765781 54.000000 
455.172699 165.578354 24.753662 65.000000 
455.155945 165.420776 24.749750 63.000000 
455.185150 165.861755 24.757889 62.000000 
455.068176 164.383652 24.708906 47.000000 
455.175690 165.740295 24.768063 40.000000 
455.161621 165.584061 24.758280 55.000000 
455.141937 165.418533 24.748796 66.000000 
455.173615 165.867355 24.762793 51.000000 
455.049347 164.367371 24.701225 54.000000 
455.160431 165.723877 24.756063 44.000000 
455.147583 165.578644 24.754890 52.000000 
455.126556 165.416443 24.748009 64.000000 
455.170502 165.991684 24.761087 63.000000 
455.160156 165.868423 24.764126 51.000000 
455.146515 165.724991 24.757446 60.000000 
455.132202 165.573380 24.751665 57.000000 
455.157318 165.985062 24.755924 67.000000 
455.035767 164.607620 24.709433 42.000000 
455.147156 165.864792 24.761652 50.000000 
455.132324 165.716568 24.751528 55.000000 
455.119110 165.574463 24.752996 62.000000 
455.043121 164.831482 24.718218 44.000000 
455.147095 165.989014 24.759575 59.000000 
455.020721 164.598373 24.705023 48.000000 
455.134003 165.853333 24.752897 45.000000 
455.121948 165.723877 24.757507 53.000000 
455.105225 165.562637 24.744917 62.000000 
455.138428 166.164795 24.761143 57.000000 
455.019104 164.882019 24.717243 49.000000 
455.127075 166.047501 24.763805 47.000000 
455.113373 165.910355 24.755865 74.000000 
455.100220 165.776215 24.756880 54.000000 
455.124573 166.159988 24.757277 55.000000 
455.001190 164.876709 24.715019 44.000000 
455.113434 166.045639 24.762663 51.000000 
455.098480 165.903839 24.751139 53.000000 
455.085449 165.772751 24.754782 61.000000 
455.127014 166.285828 24.767965 48.000000 
455.113861 166.165543 24.762457 51.000000 
454.983429 164.862778 24.707642 50.000000 
455.098969 166.033096 24.752531 44.000000 
455.088440 165.917374 24.762360 57.000000 
455.070801 165.762909 24.747789 56.000000 
455.115540 166.285446 24.767868 54.000000 
454.992859 165.084366 24.724859 49.000000 
455.102905 166.169632 24.766350 48.000000 
454.968079 164.864258 24.709351 55.000000 
455.085876 166.028168 24.748783 64.000000 
455.074432 165.909271 24.756325 62.000000 
455.102234 166.276367 24.759764 51.000000 
454.975861 165.072372 24.718174 43.000000 
455.090149 166.164825 24.762438 48.000000 
455.074188 166.030884 24.751410 57.000000 
455.060638 165.902771 24.751556 74.000000 
455.105499 166.396255 24.770617 44.000000 
455.091858 166.278915 24.762331 56.000000 
454.961548 165.072113 24.718742 47.000000 
455.077972 166.160004 24.758492 47.000000 
455.063446 166.035080 24.755255 51.000000 
455.048340 165.900879 24.750444 56.000000 
455.093964 166.394547 24.769146 46.000000 
455.081268 166.283005 24.766319 45.000000 
454.945618 165.066940 24.716301 47.000000 
455.065460 166.156769 24.755939 62.000000 
455.050262 166.030273 24.751589 57.000000 
455.035065 165.897537 24.748201 45.000000 
455.081818 166.390030 24.764961 41.000000 
454.951416 165.246033 24.715815 42.000000 
455.069397 166.281296 24.764982 54.000000 
455.053223 166.155045 24.754721 56.000000 
455.037659 166.028534 24.750486 67.000000 
455.085724 166.504105 24.775597 52.000000 
455.071228 166.392654 24.767653 44.000000 
454.936829 165.245956 24.716461 42.000000 
455.055573 166.270905 24.755657 49.000000 
455.042267 166.159302 24.758730 53.000000 
455.023102 166.017746 24.741817 77.000000 
455.074554 166.498230 24.769756 56.000000 
454.947296 165.432678 24.729460 43.000000 
454.922699 165.240799 24.713726 44.000000 
455.045441 166.272064 24.756907 54.000000 
455.030518 166.154541 24.754814 55.000000 
455.013947 166.026550 24.749477 51.000000 
455.061951 166.491135 24.762674 56.000000 
454.932281 165.427750 24.726706 50.000000 
454.908417 165.242447 24.715511 46.000000 
455.033508 166.270462 24.755648 56.000000 
455.017578 166.149963 24.751072 56.000000 
454.942108 165.579010 24.723898 56.000000 
455.050934 166.495300 24.766958 51.000000 
454.914490 165.416550 24.719700 45.000000 
455.035767 166.385101 24.760811 44.000000 
455.021454 166.273392 24.758558 53.000000 
455.003387 166.145569 24.747509 59.000000 
454.929199 165.588760 24.731537 48.000000 
455.041046 166.499359 24.771126 58.000000 
454.900696 165.418228 24.721479 45.000000 
455.024506 166.385025 24.760859 59.000000 
455.008423 166.267517 24.753357 60.000000 
454.992126 166.148468 24.750317 52.000000 
454.913483 165.579208 24.725203 60.000000 
455.030426 166.496384 24.768183 49.000000 
454.889038 165.423019 24.725332 45.000000 
455.013947 166.383408 24.759422 54.000000 
454.995758 166.258636 24.745375 68.000000 
454.900452 165.575928 24.723333 51.000000 
455.019104 166.494965 24.766800 50.000000 
454.873505 165.416656 24.721600 40.000000 
455.003357 166.386230 24.762245 49.000000 
454.984070 166.258636 24.745556 73.000000 
454.911682 165.742249 24.737766 51.000000 
454.884979 165.568085 24.718222 51.000000 
455.005737 166.488129 24.759928 74.000000 
454.990784 166.383484 24.759710 52.000000 
454.972168 166.260193 24.747168 64.000000 
454.895264 165.731491 24.730106 57.000000 
454.870972 165.569931 24.720135 49.000000 
454.995453 166.490921 24.762787 74.000000 
454.979065 166.382111 24.758492 61.000000 
454.881653 165.730087 24.729515 54.000000 
454.856110 165.565353 24.717390 50.000000 
454.986511 166.496445 24.768379 63.000000 
454.967133 166.377869 24.754499 61.000000 
454.890503 165.872528 24.732653 59.000000 
454.867493 165.723953 24.725309 48.000000 
454.843445 165.567108 24.719175 43.000000 
454.973969 166.491013 24.762911 65.000000 
454.955383 166.376572 24.753332 58.000000 
454.876862 165.869675 24.730762 58.000000 
454.853058 165.719513 24.722412 46.000000 
454.960419 166.484329 24.756159 71.000000 
454.860199 165.857742 24.721680 62.000000 
454.839111 165.719894 24.723188 49.000000 
454.947723 166.478989 24.750757 63.000000 
454.872681 166.009277 24.738569 47.000000 
454.846069 165.853439 24.718641 57.000000 
454.824982 165.717102 24.721540 43.000000 
454.938385 166.483246 24.755039 61.000000 
454.859985 166.006485 24.736509 43.000000 
454.834564 165.856735 24.721630 53.000000 
454.929810 166.491730 24.763588 58.000000 
454.845398 165.999298 24.730814 46.000000 
454.822479 165.860168 24.724733 55.000000 
454.857269 166.136734 24.742540 53.000000 
454.831177 165.993668 24.726404 51.000000 
454.807861 165.854462 24.720568 53.000000 
454.843414 166.131226 24.737919 56.000000 
454.820984 165.999985 24.731937 46.000000 
454.794464 165.853378 24.720081 53.000000 
454.829498 166.125763 24.733332 52.000000 
454.808289 166.002029 24.733931 45.000000 
454.857971 166.359055 24.736828 65.000000 
454.815552 166.120346 24.728779 58.000000 
454.795929 166.000916 24.733259 47.000000 
454.802429 166.117905 24.726824 49.000000 
454.779602 165.991058 24.725330 46.000000 
454.812439 166.239273 24.729626 52.000000 
454.791595 166.122833 24.731306 46.000000 
454.798340 166.231110 24.722210 58.000000 
454.778564 166.118896 24.728029 45.000000 
454.788300 166.237411 24.728067 58.000000 
454.763977 166.112183 24.722322 46.000000 
454.799011 166.355865 24.733725 49.000000 
454.776398 166.238007 24.728687 51.000000 
454.749298 166.105530 24.716654 58.000000 
454.783569 166.345291 24.723513 48.000000 
454.764984 166.240082 24.730646 54.000000 
454.773071 166.345734 24.723904 53.000000 
454.752747 166.236252 24.727186 52.000000 
454.764954 166.356186 24.733915 47.000000 
454.738342 166.229828 24.721336 53.000000 
454.775757 166.466049 24.736454 47.000000 
454.749847 166.347137 24.725145 47.000000 
454.727386 166.233429 24.724680 46.000000 
454.760895 166.457230 24.727390 51.000000 
454.736145 166.342316 24.720438 43.000000 
454.750610 166.462173 24.732197 58.000000 
454.722382 166.339035 24.717209 46.000000 
454.737213 166.457520 24.727322 55.000000 
454.712280 166.344040 24.721941 47.000000 
454.723755 166.452927 24.722479 51.000000 
454.710785 166.449722 24.719040 53.000000 
454.701569 166.453094 24.722265 55.000000 
454.690216 166.454025 24.722980 56.000000 
454.677765 166.455215 24.723934 42.000000 
455.352112 165.120880 24.760029 44.000000 
455.298828 165.377441 24.760798 40.000000 
455.281921 165.372055 24.758898 62.000000 
455.281067 165.109650 24.758066 47.000000 
455.265198 165.373871 24.760643 106.000000 
455.263336 165.102463 24.755507 101.000000 
455.251770 165.623093 24.767597 76.000000 
455.249023 165.391769 24.770540 102.000000 
455.245453 165.091705 24.751263 117.000000 
455.235535 165.617920 24.765636 58.000000 
455.231689 165.374054 24.762430 115.000000 
455.227875 165.091827 24.752220 121.000000 
455.219757 165.625122 24.770308 58.000000 
455.214661 165.367081 24.759771 102.000000 
455.210358 165.093811 24.754072 124.000000 
455.208160 165.840424 24.769894 54.000000 
455.203796 165.627075 24.772182 55.000000 
455.197479 165.358368 24.756247 60.000000 
455.192810 165.094025 24.755100 119.000000 
455.192566 165.837173 24.768856 49.000000 
455.186493 165.600891 24.759024 79.000000 
455.180573 165.356842 24.756363 115.000000 
455.181641 166.036636 24.768965 42.000000 
455.177032 165.835709 24.768831 47.000000 
455.170837 165.609985 24.764732 55.000000 
455.163849 165.358932 24.758314 119.000000 
455.166473 166.031784 24.766851 71.000000 
455.162231 165.846466 24.775709 40.000000 
455.153442 165.587418 24.753536 51.000000 
455.147034 165.359299 24.759398 58.000000 
455.150940 166.021835 24.761707 64.000000 
455.145844 165.831161 24.767899 57.000000 
455.137054 165.584290 24.752729 62.000000 
455.144318 166.232971 24.777905 51.000000 
455.136139 166.023941 24.763744 52.000000 
455.129944 165.824615 24.765028 50.000000 
455.121552 165.595291 24.759476 72.000000 
455.129761 166.229996 24.776783 56.000000 
455.122223 166.038101 24.772951 53.000000 
455.113708 165.814636 24.760235 50.000000 
455.105560 165.597519 24.761551 47.000000 
455.115570 166.213486 24.767113 43.000000 
455.107269 166.017944 24.761677 71.000000 
455.100006 165.818558 24.763203 55.000000 
455.110626 166.408875 24.782522 47.000000 
455.101349 166.215668 24.769232 50.000000 
455.091644 166.009888 24.757685 66.000000 
455.084656 165.820831 24.765329 59.000000 
455.095367 166.392731 24.772589 46.000000 
455.087128 166.217896 24.771378 47.000000 
455.075684 165.998444 24.751692 63.000000 
455.069183 165.821411 24.766508 54.000000 
455.080902 166.386612 24.769276 41.000000 
455.072632 166.216782 24.771437 60.000000 
455.061432 166.007614 24.757954 64.000000 
455.012970 165.023239 24.731312 106.000000 
455.075073 166.565094 24.781841 52.000000 
455.065643 166.387268 24.770493 42.000000 
455.055725 166.205627 24.765299 52.000000 
455.044952 166.008316 24.759275 68.000000 
454.991852 165.006088 24.724360 63.000000 
455.061066 166.559143 24.778397 51.000000 
455.040161 166.194458 24.759085 50.000000 
455.029510 166.003876 24.757458 59.000000 
455.060242 166.702316 24.774487 45.000000 
454.972717 164.992508 24.719017 105.000000 
455.038086 166.390228 24.773890 51.000000 
455.025726 166.195160 24.760300 58.000000 
454.972107 165.290680 24.734550 58.000000 
455.047302 166.702957 24.775589 60.000000 
454.954620 164.991608 24.719688 66.000000 
455.033966 166.557190 24.778400 46.000000 
455.022949 166.379303 24.767420 52.000000 
455.011658 166.199280 24.763657 63.000000 
454.969604 165.532608 24.734413 40.000000 
454.953491 165.275558 24.727991 53.000000 
455.034149 166.702042 24.775547 57.000000 
455.020599 166.557922 24.779575 49.000000 
455.008118 166.371735 24.763172 50.000000 
454.996887 166.196686 24.762819 47.000000 
454.954529 165.545822 24.742407 46.000000 
455.031342 166.850784 24.781536 40.000000 
454.934937 165.262268 24.722368 55.000000 
455.019592 166.689880 24.767344 52.000000 
455.006653 166.553772 24.777384 63.000000 
454.994385 166.374191 24.765522 56.000000 
454.937256 165.537979 24.739220 59.000000 
455.017761 166.843597 24.776644 55.000000 
454.917023 165.256149 24.720362 106.000000 
455.005768 166.684204 24.763853 50.000000 
454.992767 166.539764 24.768311 57.000000 
454.982269 166.378265 24.768862 60.000000 
455.015839 166.976532 24.776764 47.000000 
454.920807 165.523056 24.732187 49.000000 
455.006683 166.845871 24.778900 52.000000 
454.993622 166.681702 24.762608 50.000000 
454.977631 166.527512 24.760527 52.000000 
454.967102 166.369156 24.763615 57.000000 
455.003021 166.972641 24.774193 61.000000 
454.903381 165.515305 24.729078 47.000000 
454.993469 166.841934 24.776474 46.000000 
454.981873 166.692184 24.770857 64.000000 
454.964783 166.538254 24.768667 55.000000 
454.905121 165.758575 24.740219 48.000000 
454.990417 166.975037 24.776672 60.000000 
454.885071 165.507660 24.726089 47.000000 
454.978027 166.827011 24.765707 46.000000 
454.967316 166.686661 24.767513 59.000000 
454.950897 166.535889 24.767729 50.000000 
454.880402 165.810593 24.739491 49.000000 
454.968018 167.024124 24.772724 58.000000 
454.860443 165.564957 24.728283 48.000000 
454.956879 166.887070 24.770363 49.000000 
454.944489 166.737198 24.765081 54.000000 
454.966095 167.154251 24.776443 63.000000 
454.956024 167.026550 24.775198 48.000000 
454.945709 166.897446 24.778860 57.000000 
454.929291 166.723663 24.755907 51.000000 
454.865662 166.021301 24.743790 50.000000 
454.956238 167.167297 24.787865 62.000000 
454.846649 165.795547 24.732986 45.000000 
454.942108 167.016617 24.767778 53.000000 
454.931671 166.888916 24.772940 55.000000 
454.917175 166.731079 24.761925 64.000000 
454.848358 166.007095 24.736282 63.000000 
454.941162 167.148453 24.772530 50.000000 
454.831116 165.798492 24.735613 47.000000 
454.930115 167.019104 24.770304 55.000000 
454.917328 166.878845 24.765852 63.000000 
454.903625 166.728882 24.760973 59.000000 
454.939240 167.263626 24.768921 55.000000 
454.832214 166.001465 24.733868 49.000000 
454.928253 167.143311 24.768705 51.000000 
454.917908 167.020081 24.771614 64.000000 
454.903137 166.870392 24.760000 61.000000 
454.837311 166.207184 24.743176 45.000000 
454.930450 167.276443 24.780581 59.000000 
454.816254 165.992416 24.729389 49.000000 
454.916687 167.142731 24.768663 52.000000 
454.905762 167.017960 24.770409 55.000000 
454.892151 166.877701 24.766119 59.000000 
454.929260 167.387192 24.778614 55.000000 
454.821411 166.200012 24.739553 52.000000 
454.917877 167.271469 24.776623 55.000000 
454.802063 166.000549 24.735111 48.000000 
454.903992 167.139191 24.766165 51.000000 
454.892426 167.012817 24.766823 55.000000 
454.880066 166.881943 24.769928 65.000000 
454.917267 167.386780 24.778595 60.000000 
454.803925 166.187897 24.732912 52.000000 
454.904663 167.266586 24.772760 56.000000 
454.784515 165.991714 24.730871 52.000000 
454.893188 167.149414 24.775209 59.000000 
454.877594 167.003128 24.759632 69.000000 
454.864868 166.872086 24.763039 42.000000 
454.810059 166.384781 24.745539 46.000000 
454.906097 167.387787 24.779879 60.000000 
454.789520 166.190918 24.735645 50.000000 
454.892273 167.263184 24.770170 49.000000 
454.879608 167.141388 24.768951 57.000000 
454.865875 167.007339 24.763521 69.000000 
454.905212 167.488708 24.773451 49.000000 
454.795135 166.372711 24.738344 50.000000 
454.895172 167.384369 24.777033 55.000000 
454.776337 166.192154 24.737188 48.000000 
454.881897 167.264160 24.771385 49.000000 
454.868042 167.137848 24.766396 52.000000 
454.854248 167.005295 24.762350 69.000000 
454.895233 167.494019 24.778862 47.000000 
454.778961 166.362488 24.732437 50.000000 
454.883392 167.382538 24.775684 55.000000 
454.759979 166.183487 24.732664 49.000000 
454.870667 167.266754 24.774063 61.000000 
454.854034 167.128403 24.758930 67.000000 
454.884766 167.499420 24.784357 45.000000 
454.763794 166.362305 24.733152 43.000000 
454.870392 167.377899 24.771753 54.000000 
454.856720 167.259048 24.767708 55.000000 
454.842102 167.132675 24.762991 67.000000 
454.885071 167.600601 24.782942 60.000000 
454.769836 166.542313 24.742805 43.000000 
454.873291 167.497681 24.782948 44.000000 
454.750244 166.367065 24.737061 40.000000 
454.859192 167.379044 24.773132 53.000000 
454.843262 167.251343 24.761316 56.000000 
454.830811 167.136932 24.766998 57.000000 
454.873535 167.597534 24.780048 61.000000 
454.754303 166.533981 24.737793 52.000000 
454.861481 167.494568 24.780195 47.000000 
454.734222 166.358627 24.732344 44.000000 
454.847992 167.380219 24.774536 66.000000 
454.830383 167.246628 24.757561 59.000000 
454.817627 167.132141 24.763426 47.000000 
454.864288 167.604233 24.787001 71.000000 
454.740662 166.535446 24.739531 49.000000 
454.849640 167.491486 24.777468 44.000000 
454.718109 166.350250 24.727667 44.000000 
454.835480 167.375626 24.770618 53.000000 
454.820099 167.253815 24.764246 64.000000 
454.749756 166.688095 24.738504 65.000000 
454.852753 167.601242 24.784155 60.000000 
454.727325 166.538589 24.742413 43.000000 
454.838409 167.491272 24.777504 47.000000 
454.822571 167.369629 24.765396 60.000000 
454.808868 167.256592 24.767046 52.000000 
454.735504 166.684799 24.736765 63.000000 
454.839447 167.591354 24.774334 60.000000 
454.712006 166.532028 24.738621 46.000000 
454.828247 167.495346 24.781668 59.000000 
454.810638 167.368011 24.764206 56.000000 
454.795929 167.251984 24.763371 48.000000 
454.722260 166.683044 24.736122 57.000000 
454.828491 167.591202 24.774345 48.000000 
454.696259 166.523880 24.733749 46.000000 
454.816345 167.492371 24.779016 51.000000 
454.799042 167.367874 24.764376 68.000000 
454.707306 166.679901 24.734533 51.000000 
454.818268 167.593857 24.777178 58.000000 
454.680481 166.515778 24.728916 46.000000 
454.803314 167.485168 24.772295 51.000000 
454.788513 167.372116 24.768566 64.000000 
454.714539 166.833496 24.740015 60.000000 
454.695404 166.684631 24.738558 51.000000 
454.808929 167.597855 24.781357 58.000000 
454.791138 167.479370 24.766895 58.000000 
454.776398 167.367645 24.764711 50.000000 
454.700562 166.827179 24.735758 55.000000 
454.679993 166.676697 24.733486 47.000000 
454.796509 167.592270 24.775843 61.000000 
454.781708 167.486389 24.773878 61.000000 
454.688812 166.833496 24.741125 53.000000 
454.664825 166.667145 24.727205 52.000000 
454.784943 167.588028 24.771681 68.000000 
454.772095 167.490555 24.778070 60.000000 
454.697021 166.977295 24.746014 54.000000 
454.677399 166.838211 24.745234 45.000000 
454.648895 166.657715 24.721060 43.000000 
454.772430 167.582520 24.766228 58.000000 
454.758545 167.482086 24.770098 49.000000 
454.680420 166.962036 24.734356 58.000000 
454.661163 166.825821 24.736412 46.000000 
454.761658 167.585403 24.769249 61.000000 
454.667328 166.963806 24.736273 53.000000 
454.644958 166.816711 24.730099 50.000000 
454.751434 167.588226 24.772213 68.000000 
454.654877 166.965530 24.738125 51.000000 
454.629700 166.809113 24.724915 50.000000 
454.739716 167.584137 24.768156 74.000000 
454.662109 167.097168 24.739161 44.000000 
454.641846 166.962601 24.736250 50.000000 
454.727875 167.581528 24.765596 48.000000 
454.651855 167.103333 24.744675 41.000000 
454.627350 166.956726 24.732061 51.000000 
454.637146 167.097672 24.740366 46.000000 
454.611511 166.946320 24.724258 53.000000 
454.643738 167.218842 24.738253 42.000000 
454.623993 167.093384 24.737154 42.000000 
454.600677 166.954315 24.731091 51.000000 
454.632019 167.220642 24.740116 42.000000 
454.609558 167.089325 24.734169 44.000000 
454.623352 167.232742 24.750999 46.000000 
454.595459 167.082123 24.728521 44.000000 
454.610504 167.228622 24.747669 44.000000 
454.583313 167.084061 24.730501 44.000000 
454.594299 167.215836 24.736767 42.000000 
454.606171 167.342758 24.745041 52.000000 
454.582245 167.214737 24.736067 43.000000 
454.592010 167.336060 24.739069 50.000000 
454.569580 167.213776 24.735493 44.000000 
454.575317 167.323776 24.727974 48.000000 
454.559143 167.221725 24.742727 44.000000 
454.592651 167.463379 24.753864 49.000000 
454.562927 167.322891 24.727333 49.000000 
454.576813 167.451340 24.742336 53.000000 
454.551483 167.324905 24.729345 49.000000 
454.563782 167.447739 24.738922 49.000000 
454.540527 167.328384 24.732691 52.000000 
454.549316 167.436996 24.728622 45.000000 
454.531250 167.333115 24.737160 42.000000 
454.569122 167.573029 24.757185 49.000000 
454.539703 167.443222 24.734673 45.000000 
454.550751 167.556091 24.740005 54.000000 
454.528595 167.446808 24.738157 46.000000 
454.536377 167.548630 24.732395 56.000000 
454.516479 167.446136 24.737541 48.000000 
454.527161 167.554794 24.738544 55.000000 
454.502747 167.441330 24.732937 40.000000 
454.515839 167.555557 24.739225 53.000000 
454.503998 167.554993 24.738560 53.000000 
454.489960 167.549057 24.732449 53.000000 
454.477509 167.544296 24.727528 50.000000 
455.169128 166.266296 24.774433 46.000000 
455.150970 166.265930 24.775248 106.000000 
455.133759 166.272842 24.779526 105.000000 
455.113983 166.523468 24.778194 45.000000 
455.116333 166.254562 24.771711 102.000000 
455.097321 166.516144 24.775408 62.000000 
455.098907 166.247162 24.769133 62.000000 
455.081757 166.524918 24.780779 62.000000 
455.082275 166.237991 24.765678 117.000000 
455.065430 166.746841 24.775633 54.000000 
455.064911 166.237900 24.766636 111.000000 
455.048462 166.737976 24.771845 83.000000 
455.047394 166.506943 24.773613 50.000000 
455.046478 166.230621 24.764219 111.000000 
455.033173 166.757339 24.783205 56.000000 
455.030029 166.481979 24.761911 120.000000 
455.028809 166.221603 24.760929 121.000000 
455.020050 166.963272 24.779408 43.000000 
455.017639 166.745041 24.777496 47.000000 
455.014679 166.496277 24.770126 61.000000 
455.012024 166.214432 24.758488 123.000000 
455.004547 166.958130 24.777405 57.000000 
455.000824 166.722229 24.766193 63.000000 
454.997894 166.492798 24.769365 61.000000 
454.991364 167.148468 24.773684 45.000000 
454.989502 166.963455 24.781357 51.000000 
454.984589 166.717072 24.764397 86.000000 
454.980896 166.484024 24.765926 121.000000 
454.975861 167.134903 24.766459 66.000000 
454.973755 166.954926 24.777447 42.000000 
454.968750 166.720764 24.767361 63.000000 
454.963470 166.468170 24.758909 121.000000 
454.962372 167.145370 24.773582 64.000000 
454.958649 166.944687 24.772533 49.000000 
454.953918 166.728012 24.772190 63.000000 
454.948120 166.479065 24.765432 55.000000 
454.953247 167.347443 24.785847 41.000000 
454.947571 167.145615 24.774628 57.000000 
454.942505 166.931030 24.765739 61.000000 
454.937439 166.719467 24.768602 71.000000 
454.936768 167.334213 24.778465 60.000000 
454.931427 167.147629 24.776836 55.000000 
454.925995 166.938293 24.770916 59.000000 
454.918671 166.700439 24.759506 77.000000 
454.921936 167.326065 24.774212 54.000000 
454.915619 167.132523 24.768728 56.000000 
454.910614 166.938629 24.772070 60.000000 
454.914459 167.511017 24.784103 41.000000 
454.908173 167.333176 24.779562 51.000000 
454.899780 167.119171 24.761681 68.000000 
454.894501 166.928589 24.767355 68.000000 
454.869110 166.176941 24.749458 103.000000 
454.899933 167.501389 24.778574 50.000000 
454.893799 167.331863 24.779623 50.000000 
454.885284 167.124725 24.765928 59.000000 
454.878448 166.920334 24.763660 64.000000 
454.850677 166.164825 24.744843 66.000000 
454.887115 167.496765 24.776270 48.000000 
454.880402 167.325500 24.776411 50.000000 
454.871796 167.123413 24.765989 68.000000 
454.833893 166.152710 24.740124 68.000000 
454.880554 167.669846 24.786314 54.000000 
454.873932 167.503860 24.781811 49.000000 
454.864990 167.312454 24.769098 60.000000 
454.856079 167.113617 24.761089 66.000000 
454.815033 166.137085 24.733875 68.000000 
454.866974 167.667038 24.785158 52.000000 
454.859558 167.497696 24.778574 45.000000 
454.850037 167.306198 24.766069 58.000000 
454.841309 167.115860 24.763378 63.000000 
454.810516 166.430954 24.749805 55.000000 
454.797180 166.135941 24.734535 66.000000 
454.853668 167.667526 24.786308 50.000000 
454.844971 167.489899 24.774271 43.000000 
454.836670 167.316879 24.773678 60.000000 
454.792450 166.417374 24.744091 61.000000 
454.851868 167.810379 24.783234 63.000000 
454.779602 166.138428 24.736948 102.000000 
454.840393 167.668076 24.787485 50.000000 
454.830475 167.483810 24.771101 48.000000 
454.821198 167.305649 24.767530 69.000000 
454.774445 166.405624 24.739319 53.000000 
454.837921 167.801270 24.777342 57.000000 
454.826080 167.658829 24.781870 47.000000 
454.815948 167.477768 24.767963 52.000000 
454.806183 167.299530 24.764599 68.000000 
454.835510 167.965576 24.796124 45.000000 
454.757172 166.402832 24.739079 53.000000 
454.824463 167.797028 24.775005 57.000000 
454.810669 167.652969 24.778687 45.000000 
454.801453 167.485123 24.773771 56.000000 
454.751678 166.641022 24.738367 54.000000 
454.819733 167.948837 24.784090 57.000000 
454.738159 166.400162 24.739035 53.000000 
454.810608 167.800919 24.778690 59.000000 
454.796387 167.645447 24.774277 60.000000 
454.786865 167.479172 24.770699 56.000000 
454.734467 166.633057 24.735241 50.000000 
454.806641 167.944733 24.781658 65.000000 
454.719421 166.383240 24.731703 50.000000 
454.797699 167.801590 24.779932 45.000000 
454.762848 167.524384 24.764875 56.000000 
454.795227 168.147446 24.794537 47.000000 
454.709412 166.684830 24.734207 45.000000 
454.783752 167.991974 24.776339 55.000000 
454.775116 167.853531 24.778332 55.000000 
454.760742 167.702972 24.777477 52.000000 
454.780823 168.131073 24.782042 63.000000 
454.693298 166.687500 24.736776 42.000000 
454.771667 167.995834 24.780010 55.000000 
454.760956 167.844604 24.772596 61.000000 
454.748260 167.705338 24.779894 63.000000 
454.693726 166.919846 24.743254 50.000000 
454.768188 168.123993 24.776993 69.000000 
454.676575 166.677872 24.732740 42.000000 
454.760437 168.001266 24.784849 48.000000 
454.746887 167.832489 24.764488 61.000000 
454.732758 167.689804 24.769941 61.000000 
454.764801 168.252319 24.780090 60.000000 
454.755371 168.120087 24.774523 57.000000 
454.746582 167.992554 24.778904 53.000000 
454.733429 167.830078 24.763504 59.000000 
454.717316 167.675949 24.761162 45.000000 
454.673309 167.101028 24.731443 57.000000 
454.754425 168.262177 24.789011 76.000000 
454.743195 168.120865 24.775812 49.000000 
454.732880 167.985474 24.774200 51.000000 
454.721344 167.837341 24.769567 62.000000 
454.659058 167.108871 24.737133 52.000000 
454.740753 168.250809 24.780052 61.000000 
454.644592 166.905518 24.738474 46.000000 
454.732452 168.130966 24.784582 48.000000 
454.718414 167.973694 24.765911 51.000000 
454.707397 167.831787 24.766300 61.000000 
454.740448 168.385056 24.794250 53.000000 
454.644836 167.121933 24.745972 44.000000 
454.727875 168.248642 24.778860 55.000000 
454.626984 166.898010 24.735418 41.000000 
454.718506 168.124115 24.779776 51.000000 
454.705658 167.977783 24.769783 51.000000 
454.693268 167.829544 24.765474 53.000000 
454.726990 168.373978 24.785028 58.000000 
454.715637 168.243378 24.775009 45.000000 
454.704803 168.115707 24.773695 60.000000 
454.693329 167.980270 24.772402 53.000000 
454.714813 168.367355 24.779711 62.000000 
454.705658 168.254898 24.785292 49.000000 
454.692444 168.111938 24.771297 57.000000 
454.680878 167.978027 24.771362 63.000000 
454.716949 168.499878 24.798288 52.000000 
454.614319 167.297409 24.739985 49.000000 
454.702820 168.365280 24.778419 55.000000 
454.596130 167.096252 24.733845 46.000000 
454.694458 168.255768 24.786589 49.000000 
454.679169 168.106720 24.767759 57.000000 
454.667236 167.972717 24.768017 61.000000 
454.703094 168.483261 24.783398 54.000000 
454.601013 167.301880 24.743715 45.000000 
454.692200 168.367645 24.781015 45.000000 
454.681610 168.250656 24.782883 56.000000 
454.668671 168.113846 24.774088 62.000000 
454.601807 167.473511 24.741137 40.000000 
454.691406 168.481277 24.782043 60.000000 
454.585114 167.294693 24.740215 43.000000 
454.680450 168.367111 24.781082 49.000000 
454.666718 168.231888 24.767672 65.000000 
454.654785 168.105591 24.768129 62.000000 
454.692505 168.600647 24.794048 49.000000 
454.589142 167.483002 24.748287 53.000000 
454.679382 168.477875 24.779375 54.000000 
454.569153 167.287552 24.736752 47.000000 
454.667511 168.360687 24.775944 52.000000 
454.655426 168.239029 24.774286 61.000000 
454.642242 168.105103 24.768389 58.000000 
454.680817 168.597336 24.791258 50.000000 
454.575104 167.484238 24.750025 46.000000 
454.552551 167.277084 24.731232 41.000000 
454.656342 168.363190 24.778677 56.000000 
454.643585 168.237000 24.773140 65.000000 
454.668488 168.591232 24.785744 56.000000 
454.559326 167.475601 24.745277 41.000000 
454.641815 168.349411 24.767065 53.000000 
454.629913 168.232101 24.769629 49.000000 
454.671509 168.707565 24.800169 55.000000 
454.655792 168.583740 24.778889 46.000000 
454.542877 167.463715 24.738400 44.000000 
454.646271 168.482407 24.784929 50.000000 
454.630890 168.353485 24.771156 56.000000 
454.618042 168.230148 24.768538 67.000000 
454.657654 168.696152 24.788946 61.000000 
454.548828 167.650070 24.753347 52.000000 
454.644409 168.584854 24.780373 45.000000 
454.526245 167.455246 24.733824 46.000000 
454.632660 168.474838 24.778418 60.000000 
454.619446 168.357635 24.775343 62.000000 
454.603699 168.225372 24.765167 45.000000 
454.646484 168.694443 24.787525 74.000000 
454.533081 167.640045 24.747288 43.000000 
454.634857 168.591614 24.787294 44.000000 
454.620209 168.470169 24.774546 62.000000 
454.606628 168.352859 24.771656 55.000000 
454.539856 167.782791 24.740002 62.000000 
454.635498 168.691315 24.784655 71.000000 
454.518890 167.634888 24.744539 41.000000 
454.623596 168.588425 24.784561 48.000000 
454.609558 168.471268 24.775974 58.000000 
454.594360 168.348083 24.767920 58.000000 
454.527985 167.790573 24.746420 57.000000 
454.625977 168.696594 24.790300 51.000000 
454.502960 167.624954 24.738558 47.000000 
454.612091 168.586746 24.783298 46.000000 
454.598389 168.472458 24.777498 62.000000 
454.582489 168.347839 24.768196 52.000000 
454.516479 167.796707 24.751608 55.000000 
454.613556 168.692261 24.786219 55.000000 
454.488647 167.626526 24.740541 47.000000 
454.598969 168.580902 24.778030 53.000000 
454.584595 168.465057 24.771114 56.000000 
454.497925 167.779160 24.739756 46.000000 
454.601959 168.689285 24.783495 56.000000 
454.587769 168.580704 24.778193 50.000000 
454.572327 168.461975 24.768690 64.000000 
454.504852 167.935684 24.748293 47.000000 
454.484680 167.777390 24.739223 45.000000 
454.590118 168.683533 24.777922 64.000000 
454.577789 168.583313 24.781033 53.000000 
454.560577 168.458862 24.766212 62.000000 
454.494904 167.946503 24.757177 51.000000 
454.470062 167.772552 24.736507 50.000000 
454.578461 168.680634 24.775253 68.000000 
454.563995 168.573288 24.771675 47.000000 
454.480011 167.938614 24.751886 50.000000 
454.457489 167.774048 24.738342 48.000000 
454.568390 168.681839 24.776730 71.000000 
454.552155 168.568878 24.767735 50.000000 
454.485809 168.075958 24.752649 54.000000 
454.465698 167.930710 24.746540 45.000000 
454.558594 168.685913 24.781097 71.000000 
454.541626 168.571640 24.770725 56.000000 
454.470825 168.066742 24.745922 58.000000 
454.449158 167.916656 24.736570 45.000000 
454.546844 168.683105 24.778502 94.000000 
454.457672 168.065262 24.745354 60.000000 
454.436340 167.918304 24.738518 49.000000 
454.533905 168.676208 24.771748 65.000000 
454.443329 168.059204 24.741146 55.000000 
454.424683 167.924667 24.744051 47.000000 
454.523712 168.678986 24.774786 52.000000 
454.428528 168.051666 24.735752 50.000000 
454.513519 168.681793 24.777843 49.000000 
454.439636 168.199890 24.750860 56.000000 
454.415680 168.051834 24.736498 51.000000 
454.424133 168.191132 24.744089 53.000000 
454.404877 168.059692 24.743368 53.000000 
454.410187 168.183762 24.738417 49.000000 
454.392059 168.059921 24.744164 47.000000 
454.422485 168.328583 24.757244 45.000000 
454.398376 168.188599 24.743004 45.000000 
454.409119 168.324417 24.754026 52.000000 
454.388245 168.194778 24.748663 46.000000 
454.395996 168.317200 24.748072 50.000000 
454.373322 168.184525 24.740578 46.000000 
454.403870 168.436737 24.750578 48.000000 
454.382538 168.313126 24.744919 44.000000 
454.360077 168.180298 24.737532 44.000000 
454.389832 168.429901 24.744619 58.000000 
454.374512 168.326675 24.757204 44.000000 
454.400940 168.553589 24.756517 42.000000 
454.377075 168.427414 24.742647 60.000000 
454.358276 168.313889 24.746408 46.000000 
454.389893 168.556854 24.759901 49.000000 
454.365234 168.427826 24.743338 52.000000 
454.344727 168.309937 24.743347 52.000000 
454.373291 168.540390 24.744226 50.000000 
454.354828 168.432556 24.747999 52.000000 
454.363678 168.546432 24.750265 61.000000 
454.343109 168.431519 24.747318 49.000000 
454.352264 168.545425 24.749483 56.000000 
454.326385 168.417740 24.734957 49.000000 
454.362915 168.660629 24.758383 55.000000 
454.341187 168.548843 24.752968 45.000000 
454.313507 168.415451 24.733135 45.000000 
454.346252 168.646179 24.743856 56.000000 
454.328217 168.543716 24.748203 47.000000 
454.337006 168.652191 24.750013 68.000000 
454.314117 168.538834 24.743683 45.000000 
454.328369 168.659592 24.757561 57.000000 
454.301544 168.535187 24.740326 44.000000 
454.316101 168.660416 24.758461 52.000000 
454.299072 168.646149 24.744091 56.000000 
454.287262 168.642593 24.740522 51.000000 
454.274872 168.640625 24.738567 55.000000 
454.268494 168.652115 24.750212 48.000000 
454.957001 167.377853 24.763826 103.000000 
454.939758 167.382767 24.767298 121.000000 
454.922577 167.382324 24.768179 108.000000 
454.901001 167.645096 24.774748 55.000000 
454.905334 167.369354 24.762976 117.000000 
454.884369 167.626984 24.766502 109.000000 
454.888000 167.360016 24.759562 56.000000 
454.868042 167.639160 24.773853 102.000000 
454.870636 167.350723 24.756186 120.000000 
454.850067 167.858994 24.769220 66.000000 
454.851501 167.633591 24.772087 50.000000 
454.853149 167.339691 24.751976 117.000000 
454.834808 167.850037 24.765364 72.000000 
454.835449 167.615631 24.763905 61.000000 
454.836700 167.341309 24.753862 120.000000 
454.819305 167.863953 24.774006 56.000000 
454.818573 167.601257 24.757645 109.000000 
454.819122 167.330368 24.749729 122.000000 
454.802979 168.066193 24.769535 56.000000 
454.802429 167.855072 24.770317 42.000000 
454.801147 167.601166 24.758785 60.000000 
454.800720 167.324860 24.748310 65.000000 
454.787445 168.059204 24.766581 61.000000 
454.785828 167.833939 24.759939 55.000000 
454.784790 167.608231 24.763557 109.000000 
454.773651 168.268188 24.775257 42.000000 
454.773041 168.080002 24.779568 51.000000 
454.769409 167.821640 24.754372 72.000000 
454.767548 167.590439 24.755587 119.000000 
454.758484 168.257965 24.770102 77.000000 
454.753967 167.833984 24.762184 61.000000 
454.750702 167.585159 24.754044 113.000000 
454.744080 168.249481 24.765959 78.000000 
454.741882 168.048889 24.763834 49.000000 
454.738861 167.834061 24.763296 63.000000 
454.733612 168.452972 24.780430 41.000000 
454.729706 168.256439 24.771198 55.000000 
454.726196 168.042084 24.761017 57.000000 
454.722229 167.820129 24.756884 87.000000 
454.717834 168.437958 24.771933 56.000000 
454.713837 168.249756 24.768265 46.000000 
454.709778 168.037048 24.759289 54.000000 
454.705139 167.815048 24.755331 68.000000 
454.703186 168.431412 24.768774 52.000000 
454.698456 168.239700 24.763247 49.000000 
454.694122 168.032059 24.757536 61.000000 
454.694275 168.614426 24.778643 44.000000 
454.682404 168.221130 24.753113 66.000000 
454.679413 168.042709 24.764734 58.000000 
454.659485 167.288101 24.740503 46.000000 
454.679443 168.599747 24.769804 52.000000 
454.667938 168.226547 24.757444 63.000000 
454.663605 168.036072 24.762056 59.000000 
454.641296 167.277664 24.736774 103.000000 
454.666656 168.603333 24.773132 62.000000 
454.660461 168.422089 24.765854 47.000000 
454.653717 168.225143 24.757620 64.000000 
454.623077 167.254654 24.726948 61.000000 
454.658295 168.769592 24.779655 43.000000 
454.645935 168.419067 24.764961 56.000000 
454.638611 168.222092 24.756859 64.000000 
454.604553 167.242523 24.722441 59.000000 
454.644745 168.766678 24.778547 58.000000 
454.630493 168.405975 24.757694 52.000000 
454.622772 168.210541 24.750990 71.000000 
454.598755 167.546814 24.745384 44.000000 
454.586639 167.239426 24.722305 68.000000 
454.631348 168.765442 24.778610 61.000000 
454.624237 168.591187 24.767958 46.000000 
454.617249 168.418198 24.766474 57.000000 
454.580017 167.522446 24.734245 58.000000 
454.628265 168.906616 24.775072 52.000000 
454.569214 167.243576 24.725668 56.000000 
454.616943 168.761002 24.776480 46.000000 
454.608490 168.578384 24.760464 48.000000 
454.601318 168.408585 24.761477 48.000000 
454.560944 167.507065 24.727766 45.000000 
454.614075 168.900665 24.771626 62.000000 
454.603149 168.756577 24.774317 43.000000 
454.594666 168.578873 24.761784 52.000000 
454.586334 168.402374 24.758583 59.000000 
454.543427 167.500580 24.725779 50.000000 
454.601166 168.901138 24.772869 64.000000 
454.591034 168.761963 24.778975 51.000000 
454.581879 168.582703 24.765274 55.000000 
454.529449 167.801880 24.730473 56.000000 
454.587494 169.115067 24.788715 42.000000 
454.517639 167.557510 24.727987 56.000000 
454.577576 168.949768 24.769285 52.000000 
454.565735 168.803986 24.771067 51.000000 
454.557251 168.634491 24.764322 56.000000 
454.512177 167.792023 24.726433 44.000000 
454.572968 169.098251 24.776585 60.000000 
454.500549 167.556458 24.728786 45.000000 
454.565399 168.956726 24.775303 49.000000 
454.552032 168.801300 24.770138 52.000000 
454.542694 168.628464 24.761316 56.000000 
454.495728 167.791000 24.727156 42.000000 
454.559906 169.094070 24.774218 63.000000 
454.551361 168.947678 24.769556 52.000000 
454.539307 168.806824 24.774942 56.000000 
454.555725 169.231430 24.779474 55.000000 
454.479279 167.790009 24.727911 45.000000 
454.548218 169.100967 24.780384 46.000000 
454.537598 168.941895 24.766199 57.000000 
454.524963 168.799316 24.770649 55.000000 
454.477020 168.020523 24.734715 54.000000 
454.542145 169.221207 24.772009 66.000000 
454.462250 167.783813 24.725876 44.000000 
454.534912 169.095306 24.776857 46.000000 
454.522980 168.929718 24.758165 57.000000 
454.510803 168.793488 24.767532 52.000000 
454.529541 169.218765 24.770828 69.000000 
454.521759 169.091248 24.774576 51.000000 
454.509979 168.930420 24.759583 59.000000 
454.496124 168.784439 24.762169 45.000000 
454.457977 168.223679 24.737230 49.000000 
454.526489 169.353119 24.779629 58.000000 
454.516937 169.216354 24.769674 53.000000 
454.507904 169.082504 24.768686 50.000000 
454.497894 168.937561 24.765726 61.000000 
454.441437 168.212616 24.731773 60.000000 
454.514740 169.353806 24.780952 70.000000 
454.428284 168.007568 24.731060 40.000000 
454.505951 169.224792 24.777287 50.000000 
454.493958 169.073792 24.762831 49.000000 
454.483551 168.928711 24.760143 59.000000 
454.427032 168.218658 24.736561 55.000000 
454.501526 169.345444 24.774601 67.000000 
454.492615 169.217804 24.772440 60.000000 
454.481628 169.076141 24.765490 47.000000 
454.470093 168.926315 24.759293 48.000000 
454.500488 169.475128 24.785349 42.000000 
454.411530 168.216217 24.736279 49.000000 
454.489227 169.343170 24.773415 45.000000 
454.479736 169.213959 24.770121 55.000000 
454.468811 169.075394 24.765749 50.000000 
454.410217 168.401291 24.735176 42.000000 
454.486755 169.462540 24.774853 58.000000 
454.395050 168.206985 24.731955 48.000000 
454.479248 169.354553 24.783787 54.000000 
454.465759 169.203979 24.762848 58.000000 
454.455475 169.071518 24.763618 47.000000 
454.394928 168.397278 24.733757 52.000000 
454.474487 169.458893 24.772289 56.000000 
454.377991 168.194412 24.725636 49.000000 
454.465637 169.344788 24.776241 59.000000 
454.453552 169.204834 24.764326 60.000000 
454.442627 169.070831 24.763937 49.000000 
454.476379 169.586960 24.787161 47.000000 
454.383881 168.411652 24.743814 46.000000 
454.463623 169.456680 24.770927 61.000000 
454.454224 169.341019 24.773706 52.000000 
454.442841 169.207184 24.766922 64.000000 
454.382660 168.578064 24.739088 41.000000 
454.463623 169.579086 24.780451 58.000000 
454.366791 168.395950 24.735064 45.000000 
454.452972 169.461990 24.776300 50.000000 
454.440491 169.331329 24.766228 61.000000 
454.430115 169.205017 24.765959 57.000000 
454.369446 168.584122 24.744141 51.000000 
454.451080 169.572708 24.775120 62.000000 
454.350098 168.383667 24.728468 47.000000 
454.440948 169.459915 24.775127 49.000000 
454.428070 169.329224 24.765175 51.000000 
454.417328 169.202896 24.765026 57.000000 
454.451630 169.692093 24.787558 45.000000 
454.355194 168.583588 24.744848 52.000000 
454.439636 169.572159 24.775208 52.000000 
454.334686 168.379807 24.727186 41.000000 
454.427429 169.450485 24.767418 53.000000 
454.416809 169.333221 24.769258 65.000000 
454.439697 169.690201 24.786280 50.000000 
454.338776 168.574905 24.740219 42.000000 
454.428528 169.576035 24.779430 54.000000 
454.413574 169.442612 24.761133 58.000000 
454.401978 169.322174 24.760679 63.000000 
454.340668 168.744629 24.745075 48.000000 
454.426453 169.679810 24.776686 59.000000 
454.322998 168.566223 24.735538 42.000000 
454.416473 169.572662 24.776875 62.000000 
454.402649 169.446579 24.765291 62.000000 
454.390106 169.323212 24.762264 55.000000 
454.428986 169.796234 24.791456 60.000000 
454.326508 168.742584 24.744646 58.000000 
454.415283 169.679367 24.776772 46.000000 
454.306549 168.554276 24.728718 43.000000 
454.403748 169.566422 24.771662 54.000000 
454.391754 169.450562 24.769468 64.000000 
454.377594 169.321259 24.761324 50.000000 
454.330872 168.883698 24.737186 59.000000 
454.416229 169.787521 24.783024 50.000000 
454.312958 168.743835 24.746502 51.000000 
454.405090 169.683197 24.781012 47.000000 
454.390991 169.560211 24.766478 56.000000 
454.378326 169.442764 24.763197 64.000000 
454.317688 168.884933 24.739004 63.000000 
454.403717 169.780228 24.776035 50.000000 
454.296600 168.730515 24.738249 41.000000 
454.394592 169.685638 24.783892 54.000000 
454.380432 169.564178 24.770721 60.000000 
454.365479 169.437958 24.759575 55.000000 
454.305511 168.890991 24.744339 48.000000 
454.393860 169.784027 24.780340 64.000000 
454.281067 168.722122 24.733416 40.000000 
454.381439 169.676804 24.775797 49.000000 
454.369598 169.566711 24.773643 66.000000 
454.291382 168.887512 24.742722 60.000000 
454.382965 169.783707 24.780441 68.000000 
454.266785 168.720245 24.733120 43.000000 
454.368530 169.669418 24.769110 48.000000 
454.357056 169.562073 24.769884 66.000000 
454.276581 168.880890 24.738813 48.000000 
454.372070 169.783417 24.780567 61.000000 
454.358704 169.674789 24.774813 54.000000 
454.344482 169.557449 24.766157 55.000000 
454.282043 169.035706 24.747030 46.000000 
454.263397 168.879028 24.738325 48.000000 
454.361176 169.783173 24.780716 68.000000 
454.347839 169.675949 24.776415 54.000000 
454.269684 169.038635 24.750114 57.000000 
454.246063 168.864594 24.728786 45.000000 
454.348450 169.776062 24.773870 58.000000 
454.336273 169.674316 24.775297 61.000000 
454.269531 169.159027 24.738251 47.000000 
454.255890 169.035355 24.748442 49.000000 
454.233856 168.867584 24.731840 52.000000 
454.336029 169.770355 24.768461 63.000000 
454.323914 169.669907 24.771467 60.000000 
454.258240 169.165039 24.743830 59.000000 
454.240631 169.025864 24.742022 45.000000 
454.327332 169.778458 24.777100 74.000000 
454.245148 169.163422 24.743282 57.000000 
454.225281 169.016418 24.735643 43.000000 
454.315979 169.776962 24.775944 80.000000 
454.232025 169.161819 24.742762 64.000000 
454.211731 169.014832 24.735268 48.000000 
454.238983 169.300674 24.751478 44.000000 
454.217346 169.154160 24.737362 55.000000 
454.199341 169.017960 24.738495 44.000000 
454.224274 169.291672 24.744564 45.000000 
454.203217 169.146439 24.731899 55.000000 
454.212463 169.291626 24.745159 56.000000 
454.191559 169.151093 24.736376 50.000000 
454.218048 169.418472 24.749573 40.000000 
454.198639 169.288773 24.743458 53.000000 
454.180359 169.157303 24.742098 46.000000 
454.207642 169.424438 24.755396 41.000000 
454.184753 169.281311 24.737810 49.000000 
454.195526 169.419983 24.751989 44.000000 
454.173309 169.282883 24.739746 48.000000 
454.182617 169.417206 24.750101 49.000000 
454.161865 169.284470 24.741703 46.000000 
454.188599 169.538177 24.754892 47.000000 
454.166779 169.408783 24.743284 47.000000 
454.145447 169.277466 24.736568 49.000000 
454.174194 169.529785 24.747604 54.000000 
454.155975 169.413406 24.747911 46.000000 
454.159851 169.519928 24.738932 60.000000 
454.142212 169.406265 24.742149 42.000000 
454.170013 169.645157 24.752747 45.000000 
454.148041 169.520218 24.739651 54.000000 
454.131470 169.410950 24.746822 43.000000 
454.157166 169.641251 24.749325 47.000000 
454.136658 169.521957 24.741716 52.000000 
454.115173 169.398148 24.736086 40.000000 
454.145233 169.640182 24.748642 48.000000 
454.126740 169.528030 24.747761 49.000000 
454.130951 169.630692 24.739775 50.000000 
454.110260 169.512619 24.733948 48.000000 
454.144379 169.755508 24.758659 55.000000 
454.119904 169.632492 24.741852 50.000000 
454.096924 169.508774 24.730825 48.000000 
454.127838 169.740952 24.744101 58.000000 
454.109833 169.637100 24.746649 46.000000 
454.114105 169.734604 24.737879 56.000000 
454.096344 169.632004 24.742031 44.000000 
454.105408 169.740417 24.744003 61.000000 
454.083313 169.626846 24.737339 46.000000 
454.096710 169.747711 24.751623 55.000000 
454.069702 169.621826 24.732788 43.000000 
454.080322 169.734695 24.738604 56.000000 
454.067993 169.732574 24.736637 54.000000 
454.055115 169.729141 24.733326 55.000000 
454.043793 169.729782 24.734167 51.000000 
454.739655 168.441376 24.768858 107.000000 
454.722565 168.415558 24.757532 119.000000 
454.704285 168.420349 24.761162 50.000000 
454.680237 168.694168 24.772078 102.000000 
454.686920 168.412613 24.758659 64.000000 
454.664368 168.665268 24.758371 114.000000 
454.670380 168.406754 24.757019 111.000000 
454.647888 168.689743 24.772192 48.000000 
454.652863 168.391907 24.751102 121.000000 
454.627899 168.918655 24.771486 66.000000 
454.631073 168.671585 24.764101 48.000000 
454.635406 168.391510 24.752209 110.000000 
454.611511 168.891983 24.758204 105.000000 
454.614197 168.657013 24.757879 109.000000 
454.617798 168.380371 24.748117 120.000000 
454.595642 168.900482 24.764051 52.000000 
454.597382 168.651398 24.756264 113.000000 
454.600250 168.378281 24.748426 121.000000 
454.578888 169.134460 24.776266 48.000000 
454.579468 168.893219 24.761343 53.000000 
454.580414 168.640488 24.751949 115.000000 
454.563751 169.115204 24.766367 57.000000 
454.564026 168.886017 24.758614 65.000000 
454.564484 168.640305 24.753084 111.000000 
454.548462 169.118530 24.769476 45.000000 
454.548065 168.889389 24.761694 65.000000 
454.547729 168.640152 24.754314 115.000000 
454.532135 169.317551 24.771360 67.000000 
454.532166 169.114960 24.768703 49.000000 
454.530304 168.864685 24.749632 63.000000 
454.516418 169.296967 24.760117 68.000000 
454.516571 169.109695 24.766914 54.000000 
454.514679 168.876938 24.757540 60.000000 
454.501770 169.302094 24.764389 49.000000 
454.500580 169.097549 24.761192 55.000000 
454.498260 168.869904 24.755014 61.000000 
454.489410 169.494217 24.770548 58.000000 
454.487061 169.305542 24.767658 55.000000 
454.484955 169.094116 24.760468 57.000000 
454.474670 169.487534 24.767456 59.000000 
454.471405 169.291931 24.760651 63.000000 
454.469086 169.087250 24.757793 61.000000 
454.455780 169.280060 24.754713 66.000000 
454.454224 169.097778 24.765055 58.000000 
454.439514 168.316650 24.731192 64.000000 
454.450226 169.671066 24.777821 51.000000 
454.446106 169.489471 24.770994 52.000000 
454.440369 169.273376 24.751902 66.000000 
454.421997 168.320450 24.734482 108.000000 
454.435333 169.656296 24.769085 57.000000 
454.431519 169.486282 24.770136 51.000000 
454.424683 169.263306 24.747068 66.000000 
454.403198 168.302704 24.727421 63.000000 
454.421509 169.648193 24.764751 47.000000 
454.416504 169.467957 24.759636 56.000000 
454.411285 169.275513 24.755569 59.000000 
454.392731 168.576935 24.734289 58.000000 
454.385406 168.288589 24.722055 63.000000 
454.412689 169.823242 24.776024 61.000000 
454.408295 169.656754 24.771572 53.000000 
454.401550 169.461487 24.756712 57.000000 
454.376007 168.580841 24.737696 106.000000 
454.366760 168.276352 24.717680 66.000000 
454.398193 169.818634 24.773928 56.000000 
454.393005 169.648758 24.767431 49.000000 
454.386383 169.461807 24.758158 60.000000 
454.357391 168.570572 24.733976 55.000000 
454.384033 169.810776 24.769516 50.000000 
454.378510 169.642456 24.764364 50.000000 
454.372528 169.468903 24.763826 56.000000 
454.348877 168.815689 24.737755 52.000000 
454.339569 168.560333 24.730219 53.000000 
454.381744 169.970306 24.777973 51.000000 
454.372864 169.827469 24.782200 55.000000 
454.364502 169.634521 24.760157 56.000000 
454.333099 168.812622 24.737411 52.000000 
454.322235 168.546570 24.724609 55.000000 
454.368927 169.965836 24.775669 57.000000 
454.347504 169.872177 24.777910 52.000000 
454.339325 169.685715 24.760584 59.000000 
454.305603 168.858414 24.735630 50.000000 
454.294159 168.592285 24.723133 46.000000 
454.342926 170.002670 24.765234 50.000000 
454.332062 169.859558 24.770241 58.000000 
454.325348 169.692825 24.766508 53.000000 
454.287170 168.844940 24.729872 50.000000 
454.337372 170.161179 24.779104 49.000000 
454.329041 170.001526 24.765488 54.000000 
454.318054 169.855118 24.768240 64.000000 
454.283173 169.093094 24.745846 46.000000 
454.269440 168.831482 24.724073 44.000000 
454.323822 170.153732 24.774372 53.000000 
454.316559 170.006821 24.770411 52.000000 
454.303467 169.845825 24.762854 66.000000 
454.266449 169.083298 24.741646 57.000000 
454.318787 170.294617 24.781506 52.000000 
454.251953 168.821594 24.720205 50.000000 
454.310059 170.144760 24.768461 48.000000 
454.303314 170.005737 24.770651 59.000000 
454.290375 169.849640 24.766609 66.000000 
454.249481 169.071823 24.736506 54.000000 
454.306183 170.292023 24.780354 69.000000 
454.298431 170.153183 24.775921 51.000000 
454.289490 169.999863 24.767391 64.000000 
454.276276 169.845337 24.764704 50.000000 
454.244934 169.286514 24.743673 49.000000 
454.232788 169.063858 24.733368 42.000000 
454.293549 170.289474 24.779230 60.000000 
454.285400 170.150589 24.774916 50.000000 
454.274963 169.989212 24.760643 73.000000 
454.229004 169.280396 24.741322 52.000000 
454.287964 170.414963 24.779963 54.000000 
454.216431 169.059402 24.732231 46.000000 
454.280029 170.280762 24.773144 42.000000 
454.271698 170.143311 24.770309 46.000000 
454.262085 169.991440 24.763321 78.000000 
454.212158 169.260620 24.730762 68.000000 
454.276917 170.417038 24.782557 70.000000 
454.202057 169.065353 24.736914 49.000000 
454.268829 170.284439 24.776993 69.000000 
454.259460 170.142334 24.770500 57.000000 
454.248993 169.987259 24.761255 64.000000 
454.196075 169.254578 24.728489 46.000000 
454.263672 170.408569 24.776272 59.000000 
454.256836 170.286636 24.779688 55.000000 
454.245178 170.131989 24.763538 63.000000 
454.197144 169.470535 24.745272 40.000000 
454.261261 170.534180 24.782463 53.000000 
454.181610 169.255386 24.730232 46.000000 
454.244507 170.282639 24.777353 53.000000 
454.232666 170.129501 24.762577 61.000000 
454.181183 169.461288 24.740717 51.000000 
454.248474 170.527420 24.777296 55.000000 
454.166840 169.259689 24.734129 63.000000 
454.238739 170.399277 24.770126 47.000000 
454.230042 170.269440 24.767656 62.000000 
454.221680 170.141281 24.772589 43.000000 
454.180298 169.648056 24.748383 42.000000 
454.165131 169.452087 24.736202 51.000000 
454.236420 170.525162 24.776106 61.000000 
454.228607 170.410614 24.780565 59.000000 
454.216980 170.265564 24.765461 69.000000 
454.165955 169.647293 24.749065 42.000000 
454.234955 170.647888 24.785257 58.000000 
454.150208 169.451340 24.737000 47.000000 
454.224060 170.521439 24.773626 40.000000 
454.215179 170.402283 24.774401 53.000000 
454.204407 170.264801 24.765778 85.000000 
454.148895 169.633362 24.741131 50.000000 
454.222107 170.642853 24.781380 64.000000 
454.134552 169.450699 24.737925 46.000000 
454.210297 170.513351 24.767315 52.000000 
454.199432 170.384933 24.760685 65.000000 
454.192291 170.270309 24.771168 67.000000 
454.133972 169.629379 24.739698 49.000000 
454.210632 170.642181 24.781498 58.000000 
454.119141 169.446671 24.736681 43.000000 
454.200348 170.523056 24.776701 48.000000 
454.187500 170.382706 24.759621 77.000000 
454.208710 170.754807 24.786654 58.000000 
454.118469 169.622131 24.736122 43.000000 
454.196259 170.627014 24.768194 50.000000 
454.188232 170.520935 24.775616 48.000000 
454.175171 170.385132 24.762571 84.000000 
454.118530 169.794052 24.741268 46.000000 
454.198975 170.758423 24.790800 59.000000 
454.104828 169.626511 24.740210 42.000000 
454.186432 170.635132 24.776432 62.000000 
454.174622 170.511429 24.768009 59.000000 
454.163513 170.384491 24.762833 72.000000 
454.104248 169.791855 24.740885 56.000000 
454.186340 170.753632 24.786854 56.000000 
454.089539 169.621002 24.737791 43.000000 
454.174896 170.634552 24.776627 55.000000 
454.162415 170.509369 24.766983 62.000000 
454.109467 169.947968 24.743111 43.000000 
454.185089 170.857834 24.788654 60.000000 
454.091431 169.797852 24.746161 46.000000 
454.172607 170.738861 24.773157 47.000000 
454.163330 170.634018 24.776846 56.000000 
454.149261 170.502899 24.762062 66.000000 
454.096893 169.949005 24.744869 56.000000 
454.174072 170.854523 24.785847 68.000000 
454.077271 169.792419 24.743486 47.000000 
454.162598 170.744034 24.778824 54.000000 
454.150787 170.626221 24.770306 62.000000 
454.140381 170.514206 24.772770 59.000000 
454.082733 169.945328 24.743261 48.000000 
454.162506 170.851288 24.783140 86.000000 
454.061737 169.783859 24.738695 45.000000 
454.153503 170.750595 24.785801 52.000000 
454.137878 170.619949 24.765219 70.000000 
454.067657 169.933655 24.735781 55.000000 
454.149902 170.843933 24.776245 80.000000 
454.046143 169.775330 24.733944 52.000000 
454.139099 170.738876 24.775106 48.000000 
454.126587 170.620956 24.766861 70.000000 
454.073608 170.106339 24.756643 42.000000 
454.054321 169.938110 24.740141 49.000000 
454.139923 170.847672 24.780619 71.000000 
454.127686 170.735580 24.772520 56.000000 
454.114929 170.620560 24.767185 80.000000 
454.057892 170.093414 24.747765 49.000000 
454.041046 169.936111 24.739691 48.000000 
454.129272 170.848694 24.782204 68.000000 
454.114777 170.731018 24.768755 61.000000 
454.042694 170.083664 24.741322 53.000000 
454.025757 169.931076 24.737154 49.000000 
454.117950 170.846970 24.781004 60.000000 
454.103638 170.729218 24.767595 65.000000 
454.046448 170.229355 24.748301 41.000000 
454.011749 169.925949 24.734449 51.000000 
454.105896 170.842514 24.777027 60.000000 
454.092804 170.733215 24.772102 63.000000 
454.033661 170.229080 24.748987 50.000000 
454.016632 170.084702 24.744070 45.000000 
454.093048 170.835327 24.770281 74.000000 
454.016205 170.208862 24.733730 66.000000 
454.003052 170.082916 24.743698 45.000000 
454.081604 170.833710 24.769165 71.000000 
454.006958 170.224045 24.746761 49.000000 
453.987640 170.073349 24.737398 43.000000 
454.072418 170.840408 24.776464 86.000000 
454.010376 170.355804 24.748697 42.000000 
453.993744 170.222351 24.746307 48.000000 
454.062042 170.838730 24.775219 52.000000 
453.995117 170.342056 24.737947 50.000000 
453.980286 170.214417 24.740778 47.000000 
453.985870 170.352417 24.747404 51.000000 
453.965088 170.205139 24.734262 51.000000 
453.972778 170.352432 24.748259 52.000000 
453.950195 170.197433 24.729012 51.000000 
453.976929 170.476746 24.749430 42.000000 
453.960083 170.349319 24.746422 45.000000 
453.964783 170.476746 24.750139 54.000000 
453.945343 170.343399 24.742310 45.000000 
453.953033 170.478241 24.752167 48.000000 
453.931335 170.335876 24.736769 42.000000 
453.939362 170.470886 24.746378 43.000000 
453.918335 170.334457 24.736387 41.000000 
453.942291 170.582291 24.740995 48.000000 
453.925873 170.466583 24.743305 44.000000 
453.931274 170.585297 24.744366 56.000000 
453.911926 170.460846 24.738979 49.000000 
453.920258 170.588318 24.747757 55.000000 
453.899689 170.461029 24.739832 43.000000 
453.924591 170.702881 24.750565 45.000000 
453.905884 170.584366 24.744785 51.000000 
453.913940 170.705887 24.753973 47.000000 
453.891693 170.577438 24.739002 52.000000 
453.902100 170.701767 24.750443 48.000000 
453.881348 170.578964 24.740938 49.000000 
453.888641 170.696442 24.745802 45.000000 
453.869873 170.580704 24.743113 46.000000 
453.904785 170.832672 24.775270 42.000000 
453.873688 170.686966 24.737152 45.000000 
453.885406 170.809769 24.752510 54.000000 
453.862030 170.687317 24.737972 47.000000 
453.871155 170.801941 24.744976 56.000000 
453.851837 170.691895 24.742849 48.000000 
453.857849 170.796890 24.740236 55.000000 
453.848022 170.799957 24.743675 53.000000 
453.836151 170.799072 24.743118 58.000000 
453.824799 170.799576 24.743961 54.000000 
453.811340 170.794662 24.739344 43.000000 
454.520905 169.456757 24.770340 107.000000 
454.503693 169.436127 24.761768 113.000000 
454.486267 169.420944 24.755850 63.000000 
454.459656 169.709747 24.771488 60.000000 
454.469452 169.422058 24.757742 117.000000 
454.442902 169.696640 24.766174 106.000000 
454.451843 169.414169 24.755379 111.000000 
454.425171 169.679977 24.759136 52.000000 
454.433258 169.409897 24.754848 114.000000 
454.402435 169.929138 24.766253 50.000000 
454.408234 169.679413 24.760269 103.000000 
454.415527 169.394913 24.749094 117.000000 
454.386139 169.919846 24.762617 56.000000 
454.391327 169.680695 24.762346 105.000000 
454.397675 169.378159 24.742517 68.000000 
454.369720 169.905319 24.756174 45.000000 
454.374268 169.667755 24.757191 109.000000 
454.350433 170.155762 24.774988 59.000000 
454.353394 169.904907 24.757362 56.000000 
454.357056 169.653091 24.751169 117.000000 
454.334564 170.141510 24.768238 54.000000 
454.337097 169.904556 24.758583 56.000000 
454.339935 169.647369 24.749727 53.000000 
454.316956 170.346268 24.771309 49.000000 
454.319550 170.134277 24.765423 51.000000 
454.321564 169.902512 24.758827 69.000000 
454.301819 170.342590 24.770433 68.000000 
454.303864 170.132278 24.765665 55.000000 
454.304901 169.889908 24.753483 75.000000 
454.286346 170.330383 24.764454 57.000000 
454.288147 170.130325 24.765942 46.000000 
454.288086 169.875610 24.747232 54.000000 
454.271515 170.531555 24.774307 56.000000 
454.270630 170.314789 24.756460 52.000000 
454.272430 170.128418 24.766251 57.000000 
454.256775 170.526352 24.772337 63.000000 
454.255798 170.321518 24.761850 59.000000 
454.255554 170.098740 24.750813 67.000000 
454.254578 169.334259 24.733755 103.000000 
454.241577 170.512756 24.765072 57.000000 
454.240753 170.323151 24.764187 57.000000 
454.239532 170.093445 24.749226 58.000000 
454.236115 169.321548 24.729288 66.000000 
454.229309 170.706879 24.779160 59.000000 
454.226624 170.505951 24.762104 57.000000 
454.225372 170.317978 24.762455 71.000000 
454.217163 169.299881 24.720560 113.000000 
454.214691 170.696884 24.773808 57.000000 
454.211517 170.497498 24.758108 52.000000 
454.209076 170.297409 24.751535 78.000000 
454.202545 169.606979 24.741287 46.000000 
454.199066 169.299911 24.722216 102.000000 
454.200226 170.690262 24.770697 57.000000 
454.197235 170.502609 24.762655 58.000000 
454.193359 170.288879 24.747831 68.000000 
454.184509 169.591003 24.734776 46.000000 
454.181000 169.299988 24.723907 68.000000 
454.188904 170.865799 24.780706 61.000000 
454.185211 170.677017 24.763214 55.000000 
454.182159 170.495941 24.759789 63.000000 
454.166046 169.569733 24.725605 109.000000 
454.162323 169.289291 24.720476 61.000000 
454.174713 170.857712 24.776318 63.000000 
454.171234 170.678802 24.765678 50.000000 
454.166931 170.487610 24.755896 67.000000 
454.149170 169.577026 24.730898 45.000000 
454.160217 170.846390 24.769686 54.000000 
454.157013 170.677292 24.765970 53.000000 
454.151367 170.475952 24.749916 56.000000 
454.137573 169.831711 24.737164 52.000000 
454.132111 169.580811 24.734419 45.000000 
454.154907 170.998566 24.770887 69.000000 
454.146454 170.844940 24.769918 66.000000 
454.142365 170.670837 24.762993 60.000000 
454.118256 169.793228 24.718153 68.000000 
454.113617 169.563248 24.727182 47.000000 
454.142761 171.010056 24.780457 65.000000 
454.132690 170.843536 24.770180 55.000000 
454.116028 170.713348 24.758087 68.000000 
454.092224 169.865051 24.730680 50.000000 
454.117432 171.056168 24.777256 55.000000 
454.108368 170.904282 24.777473 55.000000 
454.100952 170.703629 24.752987 54.000000 
454.076294 169.874191 24.737131 47.000000 
454.109131 171.203964 24.781637 57.000000 
454.103302 171.046768 24.771608 61.000000 
454.093323 170.889832 24.768707 64.000000 
454.065918 170.089920 24.732817 48.000000 
454.057526 169.848160 24.724846 54.000000 
454.096741 171.207428 24.785431 53.000000 
454.088776 171.034195 24.763651 52.000000 
454.078491 170.878708 24.762251 72.000000 
454.050262 170.093811 24.736525 41.000000 
454.040985 169.850357 24.727615 41.000000 
454.083130 171.199844 24.780783 56.000000 
454.075165 171.031311 24.762768 52.000000 
454.064087 170.872528 24.759235 56.000000 
454.034119 170.092529 24.737329 40.000000 
454.074921 171.328842 24.776861 69.000000 
454.070007 171.197037 24.779793 56.000000 
454.063354 171.044586 24.773624 64.000000 
454.025513 170.299362 24.737623 49.000000 
454.017487 170.086075 24.735239 40.000000 
454.063507 171.337006 24.784492 85.000000 
454.055725 171.184784 24.771585 51.000000 
454.048431 171.030518 24.764599 73.000000 
454.009064 170.289612 24.733309 68.000000 
454.000610 170.077942 24.732212 45.000000 
454.050140 171.329666 24.779707 67.000000 
454.042694 171.183655 24.771866 47.000000 
454.033600 171.018097 24.756783 62.000000 
453.994385 170.297028 24.739183 46.000000 
454.042999 171.455841 24.779263 69.000000 
454.036102 171.317703 24.771229 58.000000 
454.030487 171.188873 24.776999 57.000000 
453.987549 170.483154 24.735853 54.000000 
454.031189 171.457840 24.781982 64.000000 
454.023010 171.313538 24.768995 52.000000 
454.017059 171.184647 24.774920 65.000000 
453.974548 170.487091 24.739586 54.000000 
453.962158 170.272537 24.727512 50.000000 
454.019684 171.453735 24.779470 67.000000 
454.012238 171.317123 24.772844 55.000000 
454.002716 171.164581 24.760670 70.000000 
453.959290 170.484375 24.739315 48.000000 
454.015198 171.580048 24.784666 54.000000 
453.945435 170.262970 24.723352 50.000000 
454.006287 171.445145 24.773306 65.000000 
453.999115 171.313034 24.770666 69.000000 
453.943787 170.480026 24.738028 45.000000 
454.002808 171.576126 24.782202 53.000000 
453.992767 171.436600 24.767176 59.000000 
453.985718 171.307434 24.767277 67.000000 
453.997589 171.687729 24.779716 50.000000 
453.927582 170.470657 24.733625 49.000000 
453.990143 171.570755 24.778460 58.000000 
453.980652 171.437210 24.768726 53.000000 
453.971558 171.297211 24.760206 85.000000 
453.925842 170.665131 24.743561 48.000000 
453.986969 171.692719 24.785219 62.000000 
453.911041 170.459656 24.728212 50.000000 
453.978424 171.571381 24.779978 56.000000 
453.969055 171.440918 24.772846 53.000000 
453.910309 170.657623 24.740011 44.000000 
453.976135 171.696289 24.789398 60.000000 
453.964905 171.561615 24.772369 50.000000 
453.955414 171.432465 24.766809 65.000000 
453.908051 170.835068 24.747272 54.000000 
453.968781 171.789413 24.774527 57.000000 
453.894684 170.650162 24.736498 43.000000 
453.963196 171.688202 24.782867 62.000000 
453.953705 171.565292 24.776558 51.000000 
453.942505 171.428635 24.764622 72.000000 
453.894440 170.837555 24.750275 47.000000 
453.960480 171.804367 24.789768 59.000000 
453.878265 170.637772 24.729769 44.000000 
453.950439 171.681610 24.777712 64.000000 
453.942230 171.567520 24.779457 58.000000 
453.928192 171.417236 24.756111 55.000000 
453.879395 170.835236 24.750031 46.000000 
453.948883 171.805115 24.791365 52.000000 
453.863098 170.638763 24.731859 42.000000 
453.936493 171.672180 24.769991 58.000000 
453.929382 171.565338 24.778549 59.000000 
453.944336 171.901550 24.783920 47.000000 
453.863647 170.824738 24.744114 43.000000 
453.937286 171.803024 24.790163 54.000000 
453.926788 171.681702 24.779621 60.000000 
453.915924 171.557205 24.772371 62.000000 
453.866760 170.980026 24.743755 52.000000 
453.934418 171.903656 24.786774 73.000000 
453.849915 170.822403 24.743744 43.000000 
453.923828 171.789505 24.777945 58.000000 
453.915100 171.678101 24.777149 64.000000 
453.902985 171.549072 24.766146 53.000000 
453.853699 170.979340 24.744425 57.000000 
453.924896 171.910019 24.793930 68.000000 
453.835175 170.818527 24.742384 47.000000 
453.911499 171.784622 24.774063 52.000000 
453.901550 171.668747 24.769440 73.000000 
453.839386 170.975540 24.742907 51.000000 
453.911438 171.901138 24.785761 65.000000 
453.900146 171.786942 24.777138 49.000000 
453.888275 171.663834 24.765860 73.000000 
453.823456 170.967010 24.738050 48.000000 
453.900024 171.899200 24.784554 80.000000 
453.890656 171.794937 24.785624 54.000000 
453.875244 171.657471 24.760891 84.000000 
453.827789 171.138947 24.756176 42.000000 
453.808136 170.958481 24.733137 50.000000 
453.889038 171.894440 24.780411 80.000000 
453.878723 171.787216 24.778917 56.000000 
453.812653 171.122589 24.744839 49.000000 
453.796570 170.962708 24.737288 45.000000 
453.876923 171.889786 24.776457 68.000000 
453.864990 171.776779 24.769682 61.000000 
453.798004 171.115829 24.740885 47.000000 
453.865356 171.892227 24.779688 57.000000 
453.851379 171.772171 24.766117 63.000000 
453.803009 171.282593 24.762613 47.000000 
453.782318 171.110825 24.738363 47.000000 
453.853516 171.889038 24.777189 80.000000 
453.784698 171.257492 24.743773 55.000000 
453.768890 171.110458 24.739237 49.000000 
453.841125 171.881668 24.770445 80.000000 
453.772675 171.258636 24.745691 48.000000 
453.828094 171.874405 24.763819 83.000000 
453.757904 171.250610 24.740400 46.000000 
453.818146 171.876816 24.766893 61.000000 
453.761108 171.389420 24.745899 60.000000 
453.745850 171.251816 24.742371 47.000000 
453.749908 171.395233 24.751699 43.000000 
453.732819 171.251587 24.743252 53.000000 
453.735565 171.390549 24.748838 46.000000 
453.723267 171.391891 24.750923 46.000000 
453.727539 171.518341 24.752018 42.000000 
453.713013 171.396149 24.755325 47.000000 
453.714050 171.513794 24.748940 51.000000 
453.699188 171.391525 24.752449 49.000000 
453.700714 171.512314 24.748571 50.000000 
453.688782 171.513748 24.750694 48.000000 
453.692627 171.631592 24.749445 44.000000 
453.675385 171.507767 24.746321 55.000000 
453.679749 171.628723 24.747604 48.000000 
453.661713 171.503372 24.743370 55.000000 
453.667725 171.628769 24.748426 47.000000 
453.671783 171.744003 24.749931 42.000000 
453.654358 171.624527 24.745331 46.000000 
453.661072 171.745453 24.751947 42.000000 
453.641968 171.621704 24.743473 48.000000 
453.651154 171.751236 24.758125 41.000000 
453.628082 171.616089 24.739132 40.000000 
453.637054 171.745850 24.753679 42.000000 
453.646606 171.867813 24.767035 40.000000 
453.622528 171.737625 24.746475 41.000000 
453.632935 171.859711 24.759447 47.000000 
453.610352 171.734985 24.744564 44.000000 
453.619141 171.853104 24.753382 50.000000 
453.604706 171.846634 24.747465 50.000000 
453.590729 171.840118 24.741476 50.000000 
453.581268 171.844513 24.746363 54.000000 
454.297791 170.508362 24.779537 66.000000 
454.280304 170.501938 24.777973 118.000000 
454.263947 170.483002 24.770321 66.000000 
454.233337 170.766357 24.782593 58.000000 
454.246399 170.471268 24.766235 117.000000 
454.216644 170.751266 24.776424 114.000000 
454.228729 170.464981 24.764791 62.000000 
454.199768 170.739777 24.772114 58.000000 
454.210815 170.473175 24.770317 121.000000 
454.174164 170.992462 24.780432 54.000000 
454.182831 170.730118 24.768751 111.000000 
454.193237 170.448959 24.760290 123.000000 
454.157898 170.982986 24.776844 74.000000 
454.165771 170.727646 24.769054 58.000000 
454.175446 170.432007 24.753773 103.000000 
454.141571 170.977081 24.775190 58.000000 
454.148743 170.726990 24.770302 117.000000 
454.119476 171.216995 24.787661 54.000000 
454.125061 170.950073 24.762207 52.000000 
454.131592 170.706772 24.761618 123.000000 
454.103760 171.209518 24.784912 57.000000 
454.108673 170.954819 24.766312 51.000000 
454.114441 170.704437 24.762033 48.000000 
454.087860 171.195129 24.778254 57.000000 
454.092285 170.956100 24.768557 56.000000 
454.067841 171.406937 24.784704 67.000000 
454.071869 171.180786 24.771635 49.000000 
454.075592 170.939789 24.761375 110.000000 
454.052460 171.396271 24.779800 68.000000 
454.056061 171.178665 24.771955 47.000000 
454.037170 171.390793 24.778009 71.000000 
454.040344 171.180069 24.774281 55.000000 
454.020538 171.588730 24.785107 56.000000 
454.021362 171.371628 24.768059 57.000000 
454.023895 171.158890 24.763840 69.000000 
454.005737 171.583405 24.783211 60.000000 
454.006195 171.373093 24.770437 55.000000 
454.008179 171.162109 24.767218 51.000000 
454.012482 170.368164 24.738499 113.000000 
453.990570 171.760864 24.785915 46.000000 
453.990448 171.567978 24.774973 60.000000 
453.991180 171.378052 24.774891 64.000000 
453.994110 170.360718 24.736721 102.000000 
453.976898 171.769043 24.792727 51.000000 
453.975464 171.561050 24.772085 56.000000 
453.975098 171.359009 24.765059 78.000000 
453.975311 170.342499 24.729830 105.000000 
453.962189 171.757263 24.786354 55.000000 
453.960663 171.559250 24.772417 51.000000 
453.959564 171.353745 24.763445 70.000000 
453.957367 170.349609 24.735006 108.000000 
453.948273 171.923004 24.789114 50.000000 
453.947266 171.743851 24.778921 60.000000 
453.946075 171.560867 24.774900 60.000000 
453.939423 170.621277 24.736702 47.000000 
453.939026 170.345932 24.735067 44.000000 
453.934998 171.927902 24.793871 58.000000 
453.932678 171.737137 24.775923 52.000000 
453.930756 171.550690 24.769993 63.000000 
453.921570 170.612335 24.733944 47.000000 
453.920654 171.918060 24.788422 58.000000 
453.918610 171.738815 24.778450 49.000000 
453.915588 171.543930 24.767244 56.000000 
453.904114 170.612366 24.735720 103.000000 
453.913452 172.067047 24.786980 75.000000 
453.906128 171.906616 24.781872 66.000000 
453.904327 171.737198 24.778811 55.000000 
453.890045 170.863968 24.738855 65.000000 
453.876373 170.680527 24.745728 45.000000 
453.887634 172.114456 24.784641 61.000000 
453.880249 171.957214 24.782021 64.000000 
453.877655 171.782761 24.775803 65.000000 
453.862274 170.921402 24.743513 48.000000 
453.874939 172.121002 24.790735 61.000000 
453.866699 171.958969 24.784620 51.000000 
453.862366 171.769531 24.768555 57.000000 
453.844452 170.905701 24.736881 48.000000 
453.864075 172.259415 24.787445 57.000000 
453.860565 172.108231 24.782789 66.000000 
453.852570 171.954208 24.782711 56.000000 
453.827301 170.900620 24.735912 65.000000 
453.852173 172.269089 24.796104 53.000000 
453.846985 172.105164 24.781910 61.000000 
453.837494 171.939621 24.774036 67.000000 
453.816284 171.134308 24.739975 40.000000 
453.839874 172.274048 24.801157 54.000000 
453.832428 172.092468 24.774038 53.000000 
453.823090 171.933289 24.771065 69.000000 
453.829407 172.395218 24.790840 74.000000 
453.825592 172.260010 24.791754 61.000000 
453.819427 172.095932 24.777899 61.000000 
453.784515 171.140152 24.746595 42.000000 
453.816589 172.392365 24.789797 62.000000 
453.811859 172.252350 24.787214 58.000000 
453.806274 172.097839 24.780617 73.000000 
453.773926 171.345596 24.744986 42.000000 
453.767975 171.135315 24.745567 42.000000 
453.804688 172.397339 24.794991 53.000000 
453.798645 172.249481 24.786322 51.000000 
453.791687 172.086868 24.774015 78.000000 
453.757904 171.340851 24.743803 46.000000 
453.794739 172.512909 24.785292 56.000000 
453.791473 172.391434 24.791519 74.000000 
453.785004 172.243484 24.783052 55.000000 
453.776855 172.074310 24.766287 46.000000 
453.742584 171.343018 24.746706 52.000000 
453.783447 172.519379 24.791872 56.000000 
453.778229 172.385574 24.788080 63.000000 
453.772339 172.245453 24.785831 61.000000 
453.735168 171.539658 24.748779 49.000000 
453.725586 171.329788 24.740538 57.000000 
453.771973 172.524338 24.797195 57.000000 
453.764313 172.375092 24.780956 55.000000 
453.759033 172.242706 24.785027 63.000000 
453.721161 171.541840 24.751614 40.000000 
453.765381 172.641724 24.794209 53.000000 
453.759644 172.518646 24.793545 59.000000 
453.751984 172.372391 24.779980 57.000000 
453.745331 172.232040 24.778162 58.000000 
453.706024 171.540710 24.752472 40.000000 
453.754333 172.646652 24.799633 51.000000 
453.746216 172.509933 24.787455 61.000000 
453.739899 172.375977 24.784060 64.000000 
453.690460 171.536240 24.751265 46.000000 
453.742615 172.647125 24.801155 59.000000 
453.733612 172.507385 24.786488 51.000000 
453.725769 172.365601 24.777035 90.000000 
453.735474 172.752960 24.793053 64.000000 
453.672943 171.516602 24.740671 52.000000 
453.729462 172.638657 24.794861 56.000000 
453.721008 172.504852 24.785547 48.000000 
453.712769 172.363037 24.776224 67.000000 
453.671814 171.723129 24.757183 42.000000 
453.724121 172.750534 24.791826 52.000000 
453.718048 172.637680 24.795052 49.000000 
453.708984 172.502335 24.784555 61.000000 
453.718689 172.861221 24.792856 41.000000 
453.714478 172.761322 24.802750 62.000000 
453.704285 172.626297 24.786213 48.000000 
453.696320 172.499878 24.783672 55.000000 
453.707825 172.866119 24.798580 78.000000 
453.639404 171.704636 24.748222 40.000000 
453.700165 172.748779 24.792356 64.000000 
453.692413 172.629929 24.790531 48.000000 
453.683044 172.497498 24.782902 63.000000 
453.638855 171.900574 24.766880 43.000000 
453.697540 172.871002 24.804245 54.000000 
453.623474 171.695435 24.743753 40.000000 
453.688446 172.747940 24.792622 56.000000 
453.681427 172.635056 24.796089 56.000000 
453.668213 172.482925 24.771936 48.000000 
453.687561 172.874466 24.808477 54.000000 
453.676178 172.741241 24.787485 54.000000 
453.668335 172.625244 24.788567 52.000000 
453.683044 172.975204 24.804976 63.000000 
453.674805 172.866547 24.801855 56.000000 
453.665283 172.744858 24.791809 55.000000 
453.655701 172.621475 24.786367 64.000000 
453.610413 172.038116 24.756351 48.000000 
453.671417 172.974518 24.805225 68.000000 
453.592377 171.873611 24.752756 45.000000 
453.661682 172.860138 24.796717 51.000000 
453.652374 172.741226 24.789564 60.000000 
453.596497 172.040649 24.759596 50.000000 
453.660339 172.973831 24.805420 65.000000 
453.649384 172.855148 24.792898 50.000000 
453.639740 172.736145 24.785933 62.000000 
453.581390 172.028641 24.752279 47.000000 
453.648865 172.968948 24.801363 71.000000 
453.637878 172.851593 24.790392 44.000000 
453.627289 172.729599 24.780914 68.000000 
453.566650 172.023148 24.749718 43.000000 
453.636169 172.961349 24.794619 83.000000 
453.628296 172.859528 24.798912 53.000000 
453.613586 172.720200 24.773354 58.000000 
453.551971 172.014450 24.744783 48.000000 
453.622864 172.953812 24.787992 68.000000 
453.615662 172.856125 24.796623 50.000000 
453.552155 172.177567 24.755054 43.000000 
453.612976 172.958847 24.793879 61.000000 
453.601563 172.844147 24.786104 64.000000 
453.538086 172.173859 24.753561 44.000000 
453.604828 172.970856 24.806753 49.000000 
453.588043 172.835052 24.778347 54.000000 
453.541412 172.333145 24.768351 47.000000 
453.523010 172.165466 24.748543 44.000000 
453.589935 172.955032 24.791763 68.000000 
453.525116 172.317184 24.756962 48.000000 
453.508850 172.161850 24.747118 46.000000 
453.577148 172.946182 24.783693 77.000000 
453.510986 172.308945 24.751619 46.000000 
453.565552 172.944366 24.782705 74.000000 
453.497528 172.306992 24.751293 46.000000 
453.553925 172.942581 24.781744 58.000000 
453.499634 172.449295 24.758801 47.000000 
453.484070 172.305084 24.750998 46.000000 
453.472717 172.312500 24.758032 55.000000 
453.473083 172.444107 24.756758 42.000000 
453.460571 172.442261 24.756298 40.000000 
453.463043 172.573898 24.760845 45.000000 
453.449097 172.449692 24.763580 46.000000 
453.449463 172.569244 24.757847 47.000000 
453.435059 172.441864 24.758181 45.000000 
453.437073 172.564499 24.754665 46.000000 
453.425842 172.568817 24.759415 49.000000 
453.427612 172.685715 24.756363 45.000000 
453.411774 172.562805 24.755228 55.000000 
453.416321 172.688553 24.759848 43.000000 
453.404663 172.689972 24.762043 44.000000 
453.407288 172.804123 24.761751 42.000000 
453.391693 172.687073 24.760330 46.000000 
453.378265 172.682770 24.757339 45.000000 
453.391907 172.926605 24.776348 40.000000 
453.371918 172.804306 24.764338 40.000000 
453.378601 172.921188 24.771664 44.000000 
453.356415 172.793137 24.754541 42.000000 
453.366669 172.919952 24.771128 47.000000 
453.345032 172.794708 24.756826 42.000000 
453.351868 172.910492 24.762403 55.000000 
453.341370 172.912018 24.764551 50.000000 
453.327423 172.905380 24.758635 55.000000 
453.316345 172.907059 24.760946 50.000000 
454.061096 171.534546 24.774044 44.000000 
454.043945 171.538773 24.777702 111.000000 
454.026672 171.521378 24.771053 120.000000 
453.992554 171.808365 24.784122 55.000000 
454.009064 171.511230 24.767910 114.000000 
453.975647 171.801987 24.782568 106.000000 
453.991486 171.497528 24.763081 68.000000 
453.958801 171.790298 24.778330 113.000000 
453.973694 171.489273 24.760887 120.000000 
453.930237 172.039474 24.784039 59.000000 
453.941925 171.775085 24.772322 115.000000 
453.955872 171.479263 24.757872 125.000000 
453.913849 172.036850 24.784309 65.000000 
453.924896 171.765274 24.769072 45.000000 
453.937897 171.474716 24.757488 66.000000 
453.897583 172.020172 24.777044 75.000000 
453.907776 171.755508 24.765863 115.000000 
453.872559 172.258514 24.787661 54.000000 
453.881134 172.014114 24.775497 61.000000 
453.890533 171.756485 24.768122 121.000000 
453.856812 172.254333 24.786955 57.000000 
453.864655 171.999283 24.769262 51.000000 
453.873352 171.745041 24.764088 107.000000 
453.841003 172.250198 24.786282 57.000000 
453.848114 171.996841 24.769682 63.000000 
453.818298 172.450027 24.784994 68.000000 
453.825043 172.232178 24.777765 61.000000 
453.831573 171.994446 24.770134 106.000000 
453.803192 172.456345 24.790403 57.000000 
453.809235 172.235092 24.781103 52.000000 
453.815063 171.995621 24.772511 61.000000 
453.787872 172.448975 24.787651 63.000000 
453.793091 172.218903 24.773653 51.000000 
453.768829 172.645248 24.793203 51.000000 
453.772308 172.434769 24.780842 63.000000 
453.777130 172.214935 24.773125 64.000000 
453.754181 172.644852 24.794554 56.000000 
453.756561 172.418884 24.773054 57.000000 
453.761261 172.216248 24.775579 59.000000 
453.774658 171.419800 24.748070 66.000000 
453.739227 172.636017 24.790628 59.000000 
453.741241 172.418503 24.774502 57.000000 
453.755981 171.399506 24.740360 61.000000 
453.722748 172.821991 24.798227 56.000000 
453.724274 172.628906 24.787800 59.000000 
453.726044 172.421616 24.778023 68.000000 
453.737457 171.390091 24.737848 105.000000 
453.709778 172.816742 24.796179 53.000000 
453.710571 172.618484 24.782742 49.000000 
453.711548 172.404160 24.769176 75.000000 
453.720642 171.378952 24.734341 108.000000 
453.695526 172.814835 24.796495 51.000000 
453.695770 172.616547 24.783159 52.000000 
453.700317 171.679489 24.749237 40.000000 
453.679199 172.977417 24.796581 58.000000 
453.679840 172.799606 24.788137 53.000000 
453.680359 172.618042 24.785801 57.000000 
453.681458 171.666748 24.744846 42.000000 
453.666016 172.985489 24.803682 55.000000 
453.665222 172.792770 24.785231 43.000000 
453.665039 172.607712 24.780993 59.000000 
453.663300 171.652298 24.739517 42.000000 
453.639404 173.027405 24.798082 56.000000 
453.638733 172.842850 24.785448 42.000000 
453.634552 171.703918 24.741426 47.000000 
453.630768 173.178223 24.797283 81.000000 
453.625580 173.025665 24.798433 57.000000 
453.624603 172.844421 24.788088 47.000000 
453.617981 171.957550 24.744499 47.000000 
453.617493 173.178162 24.798737 59.000000 
453.609955 173.009186 24.788694 50.000000 
453.609039 172.836029 24.784267 57.000000 
453.599854 171.950455 24.742725 45.000000 
453.603790 173.181366 24.802631 66.000000 
453.596436 173.012466 24.792509 49.000000 
453.593872 172.824341 24.778221 44.000000 
453.582214 171.938110 24.738094 51.000000 
453.592316 173.327835 24.804995 66.000000 
453.589691 173.171677 24.797121 68.000000 
453.582520 173.010864 24.792953 56.000000 
453.579041 173.323120 24.802860 48.000000 
453.575806 173.165268 24.793985 59.000000 
453.568176 173.004364 24.790035 56.000000 
453.568695 173.461746 24.805605 41.000000 
453.566772 173.329559 24.809191 48.000000 
453.561279 173.152435 24.786215 45.000000 
453.553467 172.994614 24.784895 56.000000 
453.556061 173.460312 24.805853 74.000000 
453.552795 173.318558 24.802296 60.000000 
453.548187 173.155792 24.790150 55.000000 
453.525024 172.407440 24.759628 41.000000 
453.543243 173.457336 24.804888 55.000000 
453.538910 173.309189 24.796644 55.000000 
453.534180 173.149506 24.787113 61.000000 
453.530762 173.457520 24.806427 57.000000 
453.524567 173.296677 24.788622 51.000000 
453.520782 173.149704 24.788771 68.000000 
453.520233 173.577835 24.800203 46.000000 
453.517914 173.454636 24.805517 64.000000 
453.512512 173.304855 24.796259 48.000000 
453.506134 173.138641 24.782307 54.000000 
453.475861 172.373871 24.745182 44.000000 
453.508881 173.579605 24.802946 54.000000 
453.504303 173.440842 24.795897 60.000000 
453.499298 173.297165 24.791824 60.000000 
453.460022 172.372513 24.746199 48.000000 
453.496948 173.581406 24.805788 61.000000 
453.490540 173.431778 24.790104 58.000000 
453.486328 173.297485 24.793505 56.000000 
453.452454 172.581573 24.754425 40.000000 
453.490112 173.709549 24.811592 56.000000 
453.484375 173.578674 24.804840 55.000000 
453.478363 173.435226 24.794230 51.000000 
453.471741 173.285126 24.785622 56.000000 
453.437012 172.578629 24.754337 40.000000 
453.477448 173.703888 24.807938 53.000000 
453.471558 173.569824 24.798758 55.000000 
453.465393 173.432480 24.793438 60.000000 
453.429535 172.763596 24.756571 40.000000 
453.421722 172.577408 24.755331 49.000000 
453.466370 173.708755 24.813444 52.000000 
453.458313 173.567169 24.797951 51.000000 
453.452362 173.429764 24.792677 60.000000 
453.458435 173.816193 24.806374 64.000000 
453.453918 173.704666 24.811150 53.000000 
453.446289 173.564514 24.797007 45.000000 
453.437958 173.417740 24.784552 74.000000 
453.447205 173.818085 24.809307 62.000000 
453.441162 173.699112 24.807581 55.000000 
453.434174 173.569595 24.802595 47.000000 
453.435760 173.818558 24.810926 60.000000 
453.428131 173.692093 24.802744 48.000000 
453.421631 173.563950 24.799170 54.000000 
453.379822 172.938309 24.765265 43.000000 
453.429657 173.929306 24.811749 78.000000 
453.424042 173.817581 24.811232 55.000000 
453.415283 173.686615 24.799238 44.000000 
453.407074 173.553802 24.792152 55.000000 
453.366974 172.947159 24.772890 41.000000 
453.418793 173.931244 24.814734 52.000000 
453.410492 173.806366 24.802227 64.000000 
453.405273 173.697647 24.810061 51.000000 
453.393890 173.545166 24.786261 51.000000 
453.351257 172.936356 24.767134 45.000000 
453.408752 173.937531 24.821840 56.000000 
453.397888 173.801071 24.798592 54.000000 
453.391876 173.689240 24.804012 56.000000 
453.350403 173.087402 24.762205 49.000000 
453.403839 174.041214 24.820862 60.000000 
453.335205 172.923950 24.760305 45.000000 
453.396271 173.930923 24.816669 46.000000 
453.386932 173.804596 24.802979 52.000000 
453.378937 173.683868 24.800594 61.000000 
453.337463 173.088089 24.764151 43.000000 
453.392700 174.037567 24.818220 71.000000 
453.321289 172.921387 24.760101 51.000000 
453.383392 173.920029 24.807352 56.000000 
453.375702 173.803726 24.803305 58.000000 
453.364868 173.669525 24.789339 56.000000 
453.323303 173.085617 24.763922 46.000000 
453.383087 174.043793 24.825466 63.000000 
453.371918 173.919235 24.807703 52.000000 
453.362152 173.794128 24.795763 68.000000 
453.309265 173.079926 24.761318 45.000000 
453.370178 174.034622 24.817371 65.000000 
453.359863 173.915619 24.805353 46.000000 
453.349426 173.788956 24.792246 66.000000 
453.308319 173.246216 24.773710 42.000000 
453.293823 173.074356 24.758961 45.000000 
453.358093 174.029709 24.813498 65.000000 
453.349884 173.922043 24.812563 45.000000 
453.337830 173.789688 24.794071 52.000000 
453.293427 173.237549 24.768679 48.000000 
453.279694 173.068741 24.756426 43.000000 
453.344696 174.019226 24.804081 74.000000 
453.336853 173.914185 24.806183 56.000000 
453.279633 173.235260 24.768425 43.000000 
453.334137 174.021378 24.807236 61.000000 
453.323425 173.904938 24.798479 52.000000 
453.279572 173.386963 24.776810 41.000000 
453.265839 173.233017 24.768204 40.000000 
453.325897 174.033340 24.820147 51.000000 
453.310883 173.900024 24.794888 56.000000 
453.265564 173.381683 24.774031 59.000000 
453.249512 173.218155 24.758553 43.000000 
453.310028 174.013168 24.801088 56.000000 
453.299286 173.899429 24.795397 50.000000 
453.250854 173.373322 24.768850 53.000000 
453.299438 174.015411 24.804312 68.000000 
453.235748 173.363464 24.762493 43.000000 
453.285370 174.003723 24.793674 74.000000 
453.236755 173.505966 24.769501 42.000000 
453.222229 173.361404 24.762255 40.000000 
453.275513 174.004532 24.795372 77.000000 
453.210358 173.360825 24.763037 50.000000 
453.185059 173.496552 24.766783 41.000000 
453.185730 173.623978 24.766891 50.000000 
453.172607 173.497742 24.769035 44.000000 
453.172852 173.622192 24.766542 51.000000 
453.157990 173.617584 24.763891 50.000000 
453.163086 173.752380 24.776045 42.000000 
453.148285 173.627762 24.773819 51.000000 
453.151337 173.749130 24.774107 46.000000 
453.132965 173.612579 24.761843 57.000000 
453.139618 173.750412 24.776346 46.000000 
453.122070 173.618362 24.767984 50.000000 
453.126495 173.748901 24.776106 47.000000 
453.128479 173.864716 24.776793 47.000000 
453.113495 173.745895 24.774477 50.000000 
453.117523 173.867477 24.780378 45.000000 
453.098724 173.737122 24.767660 47.000000 
453.125641 173.994232 24.797171 42.000000 
453.106140 173.868866 24.782648 44.000000 
453.109344 173.977509 24.781473 52.000000 
453.093994 173.865952 24.780817 46.000000 
453.097382 173.976151 24.780987 64.000000 
453.079437 173.857468 24.773790 42.000000 
453.085388 173.974808 24.780529 61.000000 
453.065247 173.850464 24.768141 44.000000 
453.075256 173.979050 24.785559 51.000000 
453.060455 173.968033 24.775488 48.000000 
453.048401 173.966812 24.775116 45.000000 
453.035767 173.965698 24.774891 48.000000 
453.794250 172.610260 24.794643 103.000000 
453.777985 172.614395 24.798353 106.000000 
453.760742 172.600418 24.793571 121.000000 
453.723450 172.870865 24.798641 109.000000 
453.742340 172.590012 24.790628 120.000000 
453.706177 172.876785 24.803553 106.000000 
453.724884 172.576126 24.785933 113.000000 
453.689362 172.868484 24.801254 105.000000 
453.707184 172.567688 24.783873 114.000000 
453.658325 173.117279 24.807053 61.000000 
453.672760 172.847763 24.792665 117.000000 
453.689484 172.557510 24.780991 122.000000 
453.642975 173.105728 24.802647 56.000000 
453.656403 172.850311 24.795803 56.000000 
453.672516 172.551025 24.779800 108.000000 
453.626556 173.108276 24.805902 56.000000 
453.639435 172.840363 24.792719 53.000000 
453.599335 173.335693 24.810926 51.000000 
453.610321 173.095001 24.800695 61.000000 
453.622406 172.828674 24.788773 117.000000 
453.583649 173.333084 24.811316 45.000000 
453.593994 173.078232 24.793642 47.000000 
453.605255 172.824173 24.788477 105.000000 
453.567932 173.328781 24.810753 57.000000 
453.577545 173.065033 24.788519 54.000000 
453.543152 173.523087 24.806536 57.000000 
453.552094 173.310593 24.802364 61.000000 
453.561005 173.060699 24.788149 62.000000 
453.528015 173.527542 24.811018 60.000000 
453.536346 173.315094 24.806787 49.000000 
453.512726 173.518295 24.807358 61.000000 
453.520477 173.305695 24.803387 45.000000 
453.497192 173.500473 24.798634 71.000000 
453.504456 173.292862 24.798065 59.000000 
453.477051 173.713821 24.814281 52.000000 
453.481873 173.498184 24.799131 57.000000 
453.488312 173.278320 24.791803 64.000000 
453.509949 172.490799 24.769842 54.000000 
453.462311 173.709915 24.813646 51.000000 
453.466736 173.502808 24.803740 50.000000 
453.491425 172.470306 24.762283 53.000000 
453.443817 173.890640 24.817982 65.000000 
453.447266 173.697571 24.807753 56.000000 
453.451263 173.495438 24.801245 59.000000 
453.472900 172.455276 24.757345 54.000000 
453.429626 173.888550 24.818371 51.000000 
453.432129 173.685257 24.801899 51.000000 
453.435638 173.484680 24.796749 63.000000 
453.454224 172.440292 24.752453 61.000000 
453.415314 173.884827 24.817694 44.000000 
453.417450 173.686569 24.804539 50.000000 
453.419617 173.467072 24.788227 48.000000 
453.399231 174.057114 24.824402 54.000000 
453.401306 173.872803 24.811497 52.000000 
453.403442 173.686234 24.806070 57.000000 
453.372101 174.108673 24.825239 56.000000 
453.373566 173.920990 24.810234 45.000000 
453.375061 173.729248 24.801809 56.000000 
453.357971 174.100189 24.821125 55.000000 
453.359070 173.915695 24.808565 42.000000 
453.360291 173.728973 24.803486 58.000000 
453.365417 172.759201 24.756178 40.000000 
453.347382 174.244354 24.815672 63.000000 
453.343842 174.093384 24.818178 57.000000 
453.345062 173.918808 24.812391 48.000000 
453.346436 173.018112 24.761629 43.000000 
453.334656 174.252258 24.823059 62.000000 
453.328766 174.083313 24.813087 57.000000 
453.329041 173.901901 24.803226 56.000000 
453.328552 173.014374 24.761858 44.000000 
453.321014 174.255325 24.827042 66.000000 
453.315277 174.086456 24.816988 52.000000 
453.314514 173.898407 24.802752 56.000000 
453.311096 173.003616 24.758297 50.000000 
453.306488 174.239014 24.816973 61.000000 
453.302216 174.086365 24.818571 51.000000 
453.295441 173.010574 24.763985 40.000000 
453.295776 174.399902 24.829771 54.000000 
453.293579 174.235703 24.816189 61.000000 
453.287415 174.073120 24.811245 58.000000 
453.283691 174.407806 24.837376 60.000000 
453.279388 174.225937 24.810858 50.000000 
453.273926 174.068161 24.809507 61.000000 
453.271515 174.530411 24.827967 56.000000 
453.270325 174.395065 24.829300 56.000000 
453.266418 174.222702 24.810135 47.000000 
453.259216 174.531998 24.830799 79.000000 
453.256042 174.380768 24.820145 59.000000 
453.253540 174.227585 24.815342 60.000000 
453.246429 174.528931 24.829947 62.000000 
453.242645 174.376053 24.818228 54.000000 
453.238739 174.213089 24.806622 64.000000 
453.233459 174.524338 24.827888 60.000000 
453.229218 174.371384 24.816341 47.000000 
453.225006 174.209946 24.806076 59.000000 
453.222107 174.650696 24.826761 69.000000 
453.218323 174.507278 24.816072 79.000000 
453.216400 174.377899 24.822958 53.000000 
453.189178 173.638779 24.768517 40.000000 
453.210388 174.653915 24.830952 61.000000 
453.205963 174.509018 24.819017 56.000000 
453.201996 174.365341 24.815147 53.000000 
453.174438 173.642410 24.772690 45.000000 
453.198090 174.652588 24.831358 44.000000 
453.193848 174.512344 24.823217 50.000000 
453.187866 174.356003 24.809769 61.000000 
453.159546 173.644379 24.775845 50.000000 
453.190369 174.780579 24.837154 58.000000 
453.184937 174.645142 24.826723 51.000000 
453.180725 174.507904 24.821283 58.000000 
453.150574 173.832611 24.780107 41.000000 
453.142975 173.631134 24.769650 50.000000 
453.177979 174.776321 24.834921 53.000000 
453.172363 174.642349 24.825918 53.000000 
453.166473 174.495682 24.813229 60.000000 
453.136444 173.836304 24.784359 44.000000 
453.169861 174.889526 24.833170 42.000000 
453.126892 173.623016 24.766624 46.000000 
453.166473 174.778107 24.837915 51.000000 
453.159332 174.636520 24.822615 50.000000 
453.152344 174.485046 24.806444 62.000000 
453.122986 173.833313 24.784107 42.000000 
453.159576 174.889801 24.834673 71.000000 
453.154266 174.767883 24.830366 53.000000 
453.148834 174.639877 24.826746 46.000000 
453.140533 174.482239 24.805653 62.000000 
453.113983 174.001343 24.783379 47.000000 
453.107635 173.827057 24.781940 41.000000 
453.149872 174.900436 24.845694 55.000000 
453.141785 174.763733 24.828217 50.000000 
453.135742 174.634125 24.823498 57.000000 
453.099426 174.008423 24.790157 50.000000 
453.139313 174.997864 24.834688 42.000000 
453.089905 173.814209 24.775726 40.000000 
453.134583 174.884674 24.832924 58.000000 
453.128815 174.764160 24.830168 50.000000 
453.120911 174.625381 24.817942 59.000000 
453.086609 174.017136 24.797859 50.000000 
453.128723 175.001129 24.839111 78.000000 
453.122620 174.882141 24.832006 60.000000 
453.117035 174.764587 24.831966 48.000000 
453.107178 174.616623 24.812241 61.000000 
453.118988 175.005859 24.844828 52.000000 
453.109619 174.870804 24.823050 62.000000 
453.104523 174.757523 24.827223 53.000000 
453.068237 174.150604 24.782551 59.000000 
453.107361 175.003433 24.843834 60.000000 
453.098663 174.874207 24.827507 56.000000 
453.092194 174.755005 24.826485 58.000000 
453.054352 174.149582 24.783545 51.000000 
453.101654 175.107086 24.842764 47.000000 
453.039124 173.977737 24.776518 41.000000 
453.093719 174.990982 24.833340 51.000000 
453.086914 174.873245 24.827999 55.000000 
453.078156 174.743530 24.818018 58.000000 
453.042572 174.161514 24.793753 52.000000 
453.091736 175.111801 24.848671 63.000000 
453.082306 174.990067 24.833767 58.000000 
453.074860 174.870850 24.827190 68.000000 
453.066010 174.742584 24.818634 45.000000 
453.026611 174.147629 24.785620 47.000000 
453.079773 175.106720 24.844852 71.000000 
453.070587 174.987762 24.832859 52.000000 
453.060730 174.858215 24.817131 73.000000 
453.011353 174.138626 24.780972 45.000000 
453.066833 175.097458 24.836889 77.000000 
453.059418 174.988342 24.834694 43.000000 
453.047394 174.850006 24.811089 73.000000 
453.010193 174.306595 24.794075 45.000000 
452.996002 174.129684 24.776365 43.000000 
453.055939 175.095230 24.835821 68.000000 
453.047913 174.984634 24.832388 56.000000 
453.038849 174.862381 24.823507 69.000000 
452.996552 174.300949 24.791445 45.000000 
452.983002 174.130417 24.778545 42.000000 
453.043182 175.087433 24.829315 74.000000 
453.035095 174.975189 24.824686 63.000000 
452.993134 174.443268 24.792418 50.000000 
452.981567 174.292206 24.786598 44.000000 
453.033936 175.095108 24.838108 63.000000 
453.022064 174.970169 24.821276 65.000000 
452.981934 174.451859 24.800682 59.000000 
452.967773 174.289871 24.786509 44.000000 
453.020782 175.085999 24.830273 68.000000 
453.011414 174.970856 24.823118 65.000000 
452.967285 174.443344 24.795607 53.000000 
452.952057 174.278046 24.779385 45.000000 
453.008545 175.081116 24.826633 74.000000 
452.999298 174.970215 24.823826 45.000000 
452.951965 174.431763 24.788145 49.000000 
452.996277 175.076263 24.823023 83.000000 
452.951233 174.572662 24.793863 60.000000 
452.937836 174.426437 24.785574 47.000000 
452.985199 175.074219 24.822113 83.000000 
452.940186 174.579681 24.801073 45.000000 
452.924286 174.421127 24.782923 48.000000 
452.975708 175.080658 24.829615 80.000000 
452.925323 174.566849 24.792002 45.000000 
452.911438 174.422104 24.785257 46.000000 
452.911560 174.564835 24.791908 46.000000 
452.899048 174.562759 24.791616 45.000000 
452.899689 174.697647 24.798157 48.000000 
452.884521 174.557770 24.789103 45.000000 
452.883484 174.682281 24.786415 50.000000 
452.870850 174.551193 24.785151 51.000000 
452.871979 174.683319 24.788622 49.000000 
452.875000 174.815186 24.798063 45.000000 
452.860687 174.687439 24.793512 54.000000 
452.861694 174.810471 24.795132 48.000000 
452.847015 174.682648 24.790794 54.000000 
452.850372 174.813110 24.798758 46.000000 
452.833313 174.677887 24.788111 51.000000 
452.850433 174.927444 24.798086 47.000000 
452.837433 174.809921 24.797190 48.000000 
452.839630 174.928589 24.800272 45.000000 
452.824432 174.806793 24.795654 46.000000 
452.825531 174.922745 24.796040 43.000000 
452.810150 174.799316 24.790249 46.000000 
452.817291 174.932510 24.806271 44.000000 
452.819366 175.041153 24.805002 49.000000 
452.804749 174.928040 24.803192 43.000000 
452.810577 175.049393 24.814140 45.000000 
452.792145 174.923599 24.800144 42.000000 
452.797729 175.045151 24.811029 49.000000 
452.778351 174.919342 24.797369 45.000000 
452.782501 175.033997 24.801149 48.000000 
452.766602 174.917831 24.797041 42.000000 
452.768982 175.029907 24.798233 51.000000 
452.754547 175.021606 24.791159 54.000000 
452.746399 175.029938 24.800276 56.000000 
452.733826 175.027283 24.798685 54.000000 
453.508881 173.725250 24.814449 107.000000 
453.491364 173.721909 24.814882 64.000000 
453.474213 173.709610 24.811007 105.000000 
453.435486 173.970474 24.813133 115.000000 
453.456116 173.697296 24.807243 108.000000 
453.417999 173.985153 24.822676 106.000000 
453.438965 173.681488 24.801718 63.000000 
453.401520 173.971405 24.817698 109.000000 
453.421417 173.672943 24.799707 108.000000 
453.384949 173.957703 24.812761 105.000000 
453.403809 173.666229 24.798607 120.000000 
453.353607 174.209686 24.821470 56.000000 
453.369019 173.949432 24.810518 55.000000 
453.387177 173.654236 24.794868 114.000000 
453.337402 174.206818 24.821951 61.000000 
453.352386 173.930466 24.802942 106.000000 
453.308594 174.437164 24.830194 56.000000 
453.321350 174.191681 24.815828 61.000000 
453.335297 173.931137 24.805387 117.000000 
453.292999 174.437927 24.832613 54.000000 
453.305267 174.169525 24.805962 51.000000 
453.318298 173.924728 24.804243 115.000000 
453.277435 174.433517 24.832100 49.000000 
453.288849 174.175598 24.811291 49.000000 
453.251343 174.608322 24.817894 70.000000 
453.261841 174.413483 24.822742 51.000000 
453.272491 174.169388 24.810024 54.000000 
453.236328 174.624664 24.829634 71.000000 
453.246155 174.405685 24.820333 47.000000 
453.256104 174.156174 24.805014 58.000000 
453.221283 174.623886 24.831137 48.000000 
453.230408 174.394440 24.815992 40.000000 
453.205322 174.612823 24.826603 61.000000 
453.213928 174.398865 24.820631 57.000000 
453.243164 173.584579 24.779308 44.000000 
453.183685 174.813538 24.836317 56.000000 
453.189972 174.598389 24.819984 53.000000 
453.197968 174.380737 24.812431 64.000000 
453.224976 173.569336 24.774319 50.000000 
453.169037 174.807831 24.834667 56.000000 
453.174835 174.597748 24.821590 50.000000 
453.182098 174.374847 24.811159 41.000000 
453.206726 173.557739 24.771095 52.000000 
453.149170 174.981323 24.835705 44.000000 
453.154114 174.793701 24.827742 61.000000 
453.159668 174.597137 24.823229 59.000000 
453.188263 173.538971 24.764484 47.000000 
453.136383 174.995850 24.847069 50.000000 
453.140045 174.786407 24.825020 57.000000 
453.144775 174.579422 24.814600 71.000000 
453.163116 173.847748 24.784893 44.000000 
453.170746 173.527512 24.761253 68.000000 
453.107574 175.028595 24.835690 52.000000 
453.111450 174.837479 24.825821 54.000000 
453.115479 174.623581 24.811401 63.000000 
453.131989 173.880814 24.777061 106.000000 
453.093140 175.019791 24.831797 48.000000 
453.096771 174.835312 24.826427 59.000000 
453.114563 173.880264 24.779058 102.000000 
453.075989 175.199997 24.844980 61.000000 
453.078644 175.011017 24.827938 52.000000 
453.081848 174.828094 24.823887 63.000000 
453.096649 173.863693 24.773012 48.000000 
453.062592 175.189789 24.839685 58.000000 
453.065155 175.008987 24.828423 51.000000 
453.067444 174.817551 24.819181 61.000000 
453.076416 174.130829 24.784565 62.000000 
453.079803 173.856125 24.771395 47.000000 
453.050781 175.330322 24.832718 48.000000 
453.048981 175.189453 24.841312 57.000000 
453.050934 175.006989 24.829020 53.000000 
453.059662 174.128677 24.785639 49.000000 
453.038422 175.342957 24.843687 76.000000 
453.034088 175.179291 24.836250 57.000000 
453.036102 175.006668 24.830828 56.000000 
453.041534 174.115967 24.781235 43.000000 
453.024506 175.341080 24.844213 59.000000 
453.020233 175.175751 24.835674 56.000000 
453.020782 174.988037 24.820541 62.000000 
453.023743 174.094482 24.772097 48.000000 
453.010132 175.324677 24.834160 48.000000 
453.006592 175.175537 24.837391 55.000000 
453.005890 174.977798 24.815771 42.000000 
453.007019 174.348877 24.787846 50.000000 
453.006927 174.094254 24.774229 45.000000 
452.997345 175.480377 24.844210 60.000000 
452.996643 175.321259 24.833504 57.000000 
452.992065 175.163849 24.831221 61.000000 
452.990417 174.339966 24.785042 40.000000 
452.985291 175.488190 24.851881 63.000000 
452.982605 175.311401 24.828205 59.000000 
452.977448 175.152206 24.825090 69.000000 
452.972137 175.483307 24.849936 55.000000 
452.969635 175.314529 24.832279 61.000000 
452.962738 175.140594 24.819002 61.000000 
452.958588 174.558762 24.793755 45.000000 
452.957733 174.332764 24.785393 40.000000 
452.959686 175.615128 24.848507 79.000000 
452.958130 175.470520 24.842005 52.000000 
452.956390 175.314468 24.834045 68.000000 
452.942047 174.534622 24.781570 55.000000 
452.948242 175.618225 24.852571 64.000000 
452.944702 175.457764 24.834028 53.000000 
452.942841 175.304718 24.828756 78.000000 
452.926910 174.539780 24.786728 49.000000 
452.934875 175.608841 24.846834 62.000000 
452.931854 175.457764 24.835789 53.000000 
452.928406 175.293396 24.822430 70.000000 
452.915619 174.758301 24.802471 42.000000 
452.911072 174.536377 24.786863 48.000000 
452.923279 175.734818 24.846315 46.000000 
452.920868 175.594833 24.837425 62.000000 
452.919708 175.464157 24.842377 55.000000 
452.899139 174.741409 24.794083 47.000000 
452.894623 174.526123 24.782999 49.000000 
452.911438 175.736404 24.849283 64.000000 
452.906921 175.582397 24.829292 64.000000 
452.905273 175.449921 24.833391 61.000000 
452.898438 175.728851 24.844650 61.000000 
452.894226 175.580948 24.829845 69.000000 
452.891846 175.445267 24.831638 66.000000 
452.868744 174.736603 24.795237 43.000000 
452.890442 175.861130 24.854866 44.000000 
452.885132 175.719788 24.838779 67.000000 
452.882538 175.587326 24.836597 58.000000 
452.858337 174.922714 24.799427 40.000000 
452.852173 174.721542 24.788027 51.000000 
452.878357 175.858276 24.853971 52.000000 
452.872620 175.716904 24.838022 59.000000 
452.868591 175.576584 24.829802 64.000000 
452.843933 174.922958 24.801571 44.000000 
452.836792 174.718399 24.788172 41.000000 
452.865143 175.847961 24.846590 55.000000 
452.860535 175.717102 24.839827 59.000000 
452.854584 175.565872 24.823048 74.000000 
452.828918 174.918213 24.800497 43.000000 
452.857635 175.968414 24.851864 58.000000 
452.852966 175.845200 24.845757 53.000000 
452.848877 175.720413 24.844191 55.000000 
452.842926 175.572357 24.829870 40.000000 
452.813263 174.908508 24.796217 42.000000 
452.845764 175.965729 24.850931 64.000000 
452.840515 175.840958 24.843651 44.000000 
452.836456 175.714539 24.840887 55.000000 
452.797516 174.898849 24.791977 42.000000 
452.833405 175.960129 24.847357 66.000000 
452.828522 175.839752 24.844172 51.000000 
452.821838 175.702621 24.832745 65.000000 
452.792664 175.099792 24.813854 41.000000 
452.826477 176.074936 24.852638 42.000000 
452.820496 175.951630 24.841150 64.000000 
452.817291 175.843079 24.848616 55.000000 
452.808838 175.693756 24.826981 55.000000 
452.777374 175.090347 24.809366 40.000000 
452.816223 176.079590 24.858494 72.000000 
452.808533 175.949051 24.840305 50.000000 
452.804291 175.835938 24.843996 52.000000 
452.760834 175.072739 24.799345 46.000000 
452.805176 176.079956 24.860271 59.000000 
452.791199 175.828842 24.839413 61.000000 
452.759064 175.228531 24.798002 49.000000 
452.798187 176.180557 24.856865 40.000000 
452.745361 175.063385 24.794945 47.000000 
452.791931 176.068863 24.851166 65.000000 
452.785645 175.949860 24.844017 50.000000 
452.778076 175.821777 24.834862 48.000000 
452.745575 175.233917 24.803791 48.000000 
452.788300 176.185196 24.862825 79.000000 
452.779968 176.064987 24.848911 51.000000 
452.773651 175.947372 24.843250 64.000000 
452.731689 175.227982 24.801331 48.000000 
452.777740 176.181381 24.860256 71.000000 
452.761627 175.938995 24.837009 52.000000 
452.730164 175.398636 24.817656 40.000000 
452.717224 175.218842 24.796604 48.000000 
452.765808 176.176239 24.856501 52.000000 
452.759186 176.067352 24.853817 41.000000 
452.748108 175.929230 24.829668 60.000000 
452.702667 175.209747 24.791916 48.000000 
452.752258 176.164124 24.845818 54.000000 
452.747498 176.065002 24.852997 61.000000 
452.699554 175.374481 24.803183 45.000000 
452.687805 175.207230 24.792088 41.000000 
452.742676 176.170288 24.853254 50.000000 
452.733307 176.051208 24.841345 56.000000 
452.686096 175.373566 24.804289 43.000000 
452.732208 176.172256 24.856533 51.000000 
452.720245 176.043198 24.835161 60.000000 
452.683899 175.525131 24.812975 50.000000 
452.669983 175.358429 24.794796 47.000000 
452.720459 176.168655 24.854280 49.000000 
452.709045 176.043823 24.837149 54.000000 
452.669952 175.519638 24.810371 43.000000 
452.657715 175.363937 24.800688 49.000000 
452.707642 176.160889 24.847895 74.000000 
452.654388 175.506393 24.801729 46.000000 
452.693726 176.148956 24.837389 68.000000 
452.639679 175.497849 24.796774 48.000000 
452.682709 176.146820 24.836517 77.000000 
452.639313 175.643341 24.806484 60.000000 
452.627838 175.500214 24.800230 50.000000 
452.628235 175.647202 24.811167 45.000000 
452.616058 175.505768 24.806248 48.000000 
452.612274 175.640594 24.807617 41.000000 
452.599091 175.635376 24.804882 47.000000 
452.601471 175.776016 24.816746 40.000000 
452.588043 175.639343 24.809637 47.000000 
452.585419 175.760544 24.805029 46.000000 
452.573334 175.628098 24.801991 46.000000 
452.571838 175.755569 24.802294 48.000000 
452.575500 175.893158 24.817398 42.000000 
452.560547 175.759598 24.807241 51.000000 
452.561279 175.886932 24.813314 47.000000 
452.546722 175.756241 24.805962 57.000000 
452.548798 175.885086 24.813070 47.000000 
452.538116 175.887604 24.816648 48.000000 
452.536041 175.996063 24.811016 46.000000 
452.522736 175.875610 24.807333 52.000000 
452.525940 176.001495 24.817398 42.000000 
452.511017 175.876785 24.809784 47.000000 
452.514587 176.002670 24.819792 45.000000 
452.502380 176.001022 24.819544 45.000000 
452.506561 176.119446 24.828173 47.000000 
452.487915 175.992294 24.812666 46.000000 
452.495667 176.119217 24.829077 47.000000 
452.474854 175.986389 24.808367 56.000000 
452.479126 176.103790 24.815147 50.000000 
452.467041 176.103775 24.816360 51.000000 
452.454102 176.099564 24.813400 51.000000 
452.442596 176.098083 24.813061 53.000000 
452.432007 176.100876 24.816940 50.000000 
453.209991 174.783127 24.816704 123.000000 
453.192352 174.781448 24.818031 113.000000 
453.174530 174.783401 24.821144 108.000000 
453.134644 175.045685 24.824953 107.000000 
453.157623 174.767441 24.815565 108.000000 
453.117706 175.045990 24.827240 58.000000 
453.139954 174.765915 24.817005 59.000000 
453.100830 175.044571 24.828648 61.000000 
453.123260 174.741043 24.807156 120.000000 
453.066650 175.280045 24.829971 61.000000 
453.084106 175.039642 24.828268 61.000000 
453.106110 174.723404 24.800838 121.000000 
453.050781 175.268219 24.825670 56.000000 
453.067902 175.016968 24.818806 56.000000 
453.088226 174.723801 24.803272 110.000000 
453.034393 175.272263 24.829979 54.000000 
453.051575 174.992554 24.808481 111.000000 
453.018402 175.260529 24.825754 54.000000 
453.034393 174.996643 24.812777 121.000000 
452.988373 175.496002 24.837294 56.000000 
453.002441 175.241791 24.817768 54.000000 
453.017487 174.988327 24.810734 119.000000 
452.972778 175.496674 24.839771 54.000000 
452.986267 175.230133 24.813627 65.000000 
452.945251 175.684998 24.834240 42.000000 
452.957306 175.480026 24.832376 50.000000 
452.969879 175.229065 24.815226 72.000000 
452.930206 175.678925 24.832649 71.000000 
452.941711 175.472107 24.829975 50.000000 
452.953461 175.233337 24.819706 63.000000 
452.915161 175.681458 24.836235 71.000000 
452.926025 175.450317 24.819702 55.000000 
452.900024 175.672028 24.832653 63.000000 
452.910278 175.444214 24.818369 64.000000 
452.876617 175.859039 24.834240 56.000000 
452.884949 175.671219 24.834246 56.000000 
452.894562 175.450333 24.823982 56.000000 
452.927826 174.626938 24.777502 68.000000 
452.862213 175.866760 24.841133 58.000000 
452.869507 175.648148 24.822527 55.000000 
452.909637 174.620636 24.776875 61.000000 
452.847656 175.864365 24.841658 43.000000 
452.854156 175.638840 24.819061 75.000000 
452.891357 174.605347 24.771975 63.000000 
452.826874 176.037811 24.842978 57.000000 
452.832611 175.845093 24.831570 40.000000 
452.839111 175.645020 24.824860 67.000000 
452.849579 174.954315 24.787292 44.000000 
452.859985 174.643143 24.767437 102.000000 
452.798920 176.095200 24.848324 60.000000 
452.803833 175.889008 24.828337 51.000000 
452.832184 174.950012 24.787468 49.000000 
452.784454 176.082962 24.842228 51.000000 
452.789001 175.883331 24.826839 59.000000 
452.814575 174.938629 24.784073 49.000000 
452.764679 176.249786 24.846842 61.000000 
452.773621 175.882767 24.828650 56.000000 
452.796021 174.927246 24.780830 49.000000 
452.750916 176.246033 24.846188 58.000000 
452.754333 176.053558 24.826941 41.000000 
452.772430 175.178253 24.784653 52.000000 
452.778137 174.910599 24.774828 42.000000 
452.738495 176.394623 24.845318 41.000000 
452.738190 176.248901 24.850031 55.000000 
452.741028 176.056458 24.830776 54.000000 
452.756500 175.175995 24.785656 48.000000 
452.725677 176.389389 24.843328 87.000000 
452.726868 176.056046 24.832525 56.000000 
452.739044 175.157883 24.778337 56.000000 
452.712585 176.390640 24.846146 61.000000 
452.720795 175.436386 24.808475 42.000000 
452.722321 175.159225 24.781397 51.000000 
452.698944 176.383850 24.843124 46.000000 
452.695923 176.224823 24.839252 55.000000 
452.684937 176.539429 24.853504 60.000000 
452.686310 176.391632 24.850683 57.000000 
452.682709 176.221268 24.838667 58.000000 
452.672302 176.532837 24.850252 51.000000 
452.672180 176.370377 24.837095 44.000000 
452.668518 176.214447 24.835934 57.000000 
452.670746 175.384918 24.786274 40.000000 
452.658508 176.666245 24.850166 44.000000 
452.660217 176.540573 24.857983 47.000000 
452.658630 176.366928 24.836515 50.000000 
452.653778 175.612473 24.798113 42.000000 
452.654510 175.382950 24.787464 44.000000 
452.646759 176.532440 24.853664 57.000000 
452.644684 176.358673 24.832457 65.000000 
452.637207 175.596832 24.791088 48.000000 
452.633087 176.659698 24.848557 53.000000 
452.632385 176.369843 24.842455 66.000000 
452.620911 175.586380 24.787153 50.000000 
452.620667 176.659592 24.850277 58.000000 
452.618530 176.505188 24.836706 43.000000 
452.617615 176.353577 24.832623 48.000000 
452.607269 175.798157 24.798872 54.000000 
452.605194 175.584564 24.788324 52.000000 
452.608063 176.657959 24.850782 79.000000 
452.606293 176.511475 24.843332 55.000000 
452.592163 175.796417 24.799946 47.000000 
452.589203 175.579361 24.787506 46.000000 
452.594391 176.647003 24.843884 42.000000 
452.593445 176.511444 24.845169 65.000000 
452.575989 175.782852 24.793699 49.000000 
452.583893 176.785583 24.853317 56.000000 
452.580658 176.636093 24.837023 63.000000 
452.579712 176.503510 24.841022 55.000000 
452.560181 175.774414 24.790649 50.000000 
452.571045 176.779495 24.849997 62.000000 
452.567749 176.633011 24.836386 79.000000 
452.545135 175.774506 24.792879 56.000000 
452.558350 176.774963 24.847979 53.000000 
452.556213 176.640884 24.844427 69.000000 
452.550690 176.911957 24.862041 53.000000 
452.542511 176.631638 24.838903 82.000000 
452.519165 175.961014 24.799158 42.000000 
452.538361 176.907593 24.859913 55.000000 
452.533081 176.767563 24.845304 47.000000 
452.504700 175.961212 24.801395 43.000000 
452.525970 176.903259 24.857813 51.000000 
452.521393 176.770798 24.849720 62.000000 
452.489380 175.954773 24.799330 46.000000 
452.517975 177.022278 24.861870 52.000000 
452.508148 176.763351 24.845284 61.000000 
452.505127 177.013687 24.855661 56.000000 
452.495056 176.757477 24.842150 65.000000 
452.492950 177.009537 24.853493 68.000000 
452.489349 176.894958 24.855595 58.000000 
452.452026 176.133316 24.810419 43.000000 
452.487061 177.131699 24.865589 51.000000 
452.479980 177.001022 24.847353 42.000000 
452.476563 176.889267 24.852314 59.000000 
452.447205 176.280975 24.803802 51.000000 
452.436646 176.123856 24.806021 51.000000 
452.475708 177.130569 24.866045 61.000000 
452.467468 176.995468 24.843914 45.000000 
452.463776 176.883606 24.849066 55.000000 
452.433624 176.281387 24.806055 48.000000 
452.470093 177.238297 24.869564 42.000000 
452.462738 177.117981 24.855516 49.000000 
452.456543 176.995819 24.845736 58.000000 
452.420715 176.281799 24.808218 47.000000 
452.450775 177.114044 24.853304 52.000000 
452.445068 176.996201 24.847675 64.000000 
452.406128 176.275818 24.805918 48.000000 
452.447418 177.233444 24.867630 45.000000 
452.438477 177.108704 24.849756 41.000000 
452.432739 176.992218 24.845652 62.000000 
452.390961 176.266647 24.801353 47.000000 
452.433960 177.221252 24.856945 52.000000 
452.427307 177.109146 24.851686 48.000000 
452.419495 176.983871 24.839676 56.000000 
452.386993 176.429703 24.811647 42.000000 
452.423126 177.221710 24.858837 74.000000 
452.417358 177.115372 24.859077 70.000000 
452.372437 176.422348 24.808035 45.000000 
452.410431 177.213776 24.852402 63.000000 
452.403168 177.101532 24.847462 58.000000 
452.367828 176.567795 24.811970 50.000000 
452.358398 176.418213 24.806828 46.000000 
452.400848 177.219910 24.859907 57.000000 
452.391357 177.099197 24.846750 61.000000 
452.355957 176.573090 24.817919 49.000000 
452.344025 176.412521 24.804474 48.000000 
452.389038 177.216263 24.857700 60.000000 
452.379517 177.096909 24.846066 41.000000 
452.342010 176.567520 24.815365 48.000000 
452.375427 177.202805 24.845705 68.000000 
452.327393 176.555740 24.807863 53.000000 
452.363831 177.200623 24.844950 77.000000 
452.324646 176.698151 24.815514 49.000000 
452.311707 176.542480 24.799309 51.000000 
452.351013 177.195709 24.841555 80.000000 
452.311615 176.698944 24.817959 56.000000 
452.298889 176.546402 24.804276 51.000000 
452.298584 176.696686 24.817816 45.000000 
452.284058 176.685272 24.810102 49.000000 
452.270935 176.683075 24.810028 47.000000 
452.269806 176.814972 24.814348 48.000000 
452.259918 176.690079 24.817446 47.000000 
452.255890 176.808411 24.810350 46.000000 
452.243073 176.806366 24.810219 50.000000 
452.232513 176.813309 24.817768 51.000000 
452.231232 176.933350 24.817314 45.000000 
452.217346 176.802383 24.810045 58.000000 
452.219116 176.932907 24.818428 42.000000 
452.218475 177.045776 24.816565 45.000000 
452.209808 176.938232 24.824543 43.000000 
452.207489 177.048248 24.820303 53.000000 
452.194397 176.926178 24.815268 45.000000 
452.195251 177.046478 24.820051 43.000000 
452.180969 176.921463 24.812555 46.000000 
452.184723 177.050446 24.825169 40.000000 
452.171478 177.047379 24.823759 41.000000 
452.175446 177.167435 24.833706 47.000000 
452.158325 177.042862 24.820925 41.000000 
452.163177 177.162979 24.830566 51.000000 
452.145233 177.036911 24.816668 45.000000 
452.148895 177.154465 24.823496 50.000000 
452.135406 177.150208 24.820675 50.000000 
452.121948 177.144547 24.816406 48.000000 
452.110809 177.145874 24.818960 58.000000 
452.929413 175.827103 24.821941 123.000000 
452.912720 175.810822 24.816309 120.000000 
452.895325 175.803543 24.815088 120.000000 
452.850220 176.090607 24.830885 107.000000 
452.878235 175.790939 24.811291 117.000000 
452.834473 176.067596 24.821320 106.000000 
452.860352 175.790955 24.813643 120.000000 
452.817841 176.058823 24.819113 115.000000 
452.843506 175.771240 24.806438 120.000000 
452.778870 176.324234 24.835705 61.000000 
452.801086 176.051880 24.817858 41.000000 
452.826202 175.758759 24.802767 48.000000 
452.763428 176.303406 24.826664 62.000000 
452.784027 176.050308 24.819380 109.000000 
452.747559 176.289658 24.821480 45.000000 
452.767395 176.038116 24.815464 109.000000 
452.713165 176.537170 24.839382 54.000000 
452.750946 176.018860 24.807949 109.000000 
452.697998 176.518494 24.830948 57.000000 
452.714966 176.281586 24.821709 54.000000 
452.682404 176.512009 24.829498 40.000000 
452.698853 176.269714 24.817598 65.000000 
452.681000 176.257751 24.813694 72.000000 
452.635132 176.714706 24.834024 46.000000 
452.621582 176.703430 24.829256 77.000000 
452.635437 176.487595 24.822399 59.000000 
452.606415 176.698944 24.828796 59.000000 
452.619751 176.469116 24.814177 64.000000 
452.666229 175.670105 24.782135 66.000000 
452.580353 176.899612 24.838293 42.000000 
452.591217 176.699646 24.831453 44.000000 
452.603851 176.473267 24.818844 51.000000 
452.648285 175.649063 24.774582 54.000000 
452.565674 176.890213 24.834555 51.000000 
452.575958 176.686661 24.825924 68.000000 
452.630096 175.637085 24.771404 52.000000 
452.550964 176.884232 24.832985 58.000000 
452.560608 176.671982 24.819410 71.000000 
452.611786 175.632370 24.771727 55.000000 
452.527893 177.074631 24.844566 50.000000 
452.536407 176.893524 24.841034 48.000000 
452.545166 176.659073 24.813967 71.000000 
452.579132 175.921127 24.782511 40.000000 
452.498840 177.116699 24.840672 57.000000 
452.506989 176.935425 24.837439 57.000000 
452.547699 175.962357 24.780241 43.000000 
452.484619 177.114258 24.841225 59.000000 
452.492096 176.924469 24.832779 59.000000 
452.530151 175.959656 24.781404 44.000000 
452.477112 176.913559 24.828159 60.000000 
452.512573 175.955215 24.781706 44.000000 
452.449249 177.275665 24.843473 46.000000 
452.485321 176.200928 24.782127 51.000000 
452.435669 177.278320 24.847435 56.000000 
452.441315 177.090515 24.832073 55.000000 
452.468384 176.196655 24.782331 54.000000 
452.421906 177.276093 24.848011 45.000000 
452.426727 177.081558 24.828363 57.000000 
452.451324 176.188904 24.780695 54.000000 
452.408325 177.428253 24.848883 47.000000 
452.407898 177.268982 24.845207 50.000000 
452.412140 177.074310 24.825790 59.000000 
452.434601 176.193542 24.785673 44.000000 
452.394318 177.414810 24.841200 62.000000 
452.393707 177.260254 24.841305 56.000000 
452.381012 177.414337 24.842934 59.000000 
452.378998 177.243347 24.831766 59.000000 
452.365356 177.571793 24.853973 43.000000 
452.367493 177.410660 24.842354 44.000000 
452.365601 177.249481 24.838142 66.000000 
452.373657 176.633072 24.791475 44.000000 
452.378967 176.420532 24.791285 40.000000 
452.351776 177.561874 24.848454 43.000000 
452.353821 177.405426 24.840635 60.000000 
452.351257 177.240875 24.834345 48.000000 
452.338898 177.561523 24.850210 64.000000 
452.339874 177.396973 24.836609 68.000000 
452.342224 176.628815 24.793720 46.000000 
452.323639 177.692184 24.847038 58.000000 
452.326019 177.561218 24.851992 49.000000 
452.325470 177.383713 24.829115 66.000000 
452.326080 176.619873 24.790838 44.000000 
452.310394 177.684113 24.842588 64.000000 
452.312439 177.552979 24.847778 50.000000 
452.312042 177.383423 24.831001 64.000000 
452.310242 176.841949 24.808445 40.000000 
452.309723 176.609253 24.786983 52.000000 
452.298126 177.686996 24.846855 79.000000 
452.298492 177.541611 24.841194 62.000000 
452.293610 176.829819 24.803352 42.000000 
452.285919 177.696167 24.856188 52.000000 
452.284119 177.533447 24.837149 68.000000 
452.277771 176.819443 24.799246 43.000000 
452.271362 177.814774 24.848978 50.000000 
452.272430 177.686630 24.850592 48.000000 
452.270813 177.530106 24.836651 70.000000 
452.262177 176.804016 24.791922 51.000000 
452.260315 177.819260 24.854511 54.000000 
452.258301 177.666199 24.836281 69.000000 
452.249390 177.010605 24.808590 47.000000 
452.246460 176.797119 24.789999 54.000000 
452.248352 177.820709 24.857611 61.000000 
452.245331 177.662994 24.835707 65.000000 
452.237091 177.944229 24.859768 54.000000 
452.235077 177.811447 24.851839 49.000000 
452.231964 177.656677 24.832695 79.000000 
452.224518 177.938202 24.856369 49.000000 
452.222107 177.805298 24.848642 59.000000 
452.220459 177.666046 24.842052 56.000000 
452.214325 177.945724 24.864639 58.000000 
452.210114 177.802246 24.847919 63.000000 
452.188477 176.977127 24.795813 42.000000 
452.201813 178.045746 24.851099 55.000000 
452.197052 177.796173 24.844788 59.000000 
452.178040 177.168518 24.810699 50.000000 
452.190277 178.045822 24.852945 58.000000 
452.188354 177.929321 24.854080 40.000000 
452.185242 177.799316 24.849285 59.000000 
452.179718 178.051819 24.860151 66.000000 
452.175110 177.920425 24.848204 60.000000 
452.148041 177.153992 24.805229 45.000000 
452.169891 178.161179 24.859730 45.000000 
452.167511 178.047546 24.858038 49.000000 
452.162537 177.916061 24.846262 59.000000 
452.144531 177.328018 24.816397 49.000000 
452.134552 177.159149 24.810925 40.000000 
452.158203 178.158478 24.858856 56.000000 
452.154022 178.035950 24.849297 49.000000 
452.152100 177.925262 24.856030 58.000000 
452.129333 177.316910 24.810598 41.000000 
452.148071 178.164429 24.866198 49.000000 
452.140167 178.022919 24.839264 58.000000 
452.114777 177.310699 24.808302 40.000000 
452.138733 178.262726 24.859596 52.000000 
452.136658 178.163223 24.866735 54.000000 
452.129089 178.026093 24.843903 70.000000 
452.102020 177.312607 24.811680 43.000000 
452.128967 178.268600 24.867052 71.000000 
452.117493 178.026367 24.845903 68.000000 
452.087677 177.312973 24.814169 47.000000 
452.117249 178.264664 24.864765 80.000000 
452.109863 178.140762 24.848833 44.000000 
452.105927 178.026688 24.847927 53.000000 
452.080017 177.466537 24.817249 42.000000 
452.105225 178.259354 24.861113 77.000000 
452.098022 178.138214 24.848103 59.000000 
452.065216 177.457397 24.812489 43.000000 
452.095490 178.265335 24.868624 46.000000 
452.088531 178.147202 24.858267 56.000000 
452.052490 177.461014 24.817234 47.000000 
452.076660 178.141830 24.854765 61.000000 
452.044983 177.595718 24.812197 55.000000 
452.039368 177.458298 24.817154 48.000000 
452.070587 178.249237 24.855804 51.000000 
452.062073 178.126434 24.841902 45.000000 
452.031555 177.593094 24.812122 45.000000 
452.059967 178.251083 24.859211 74.000000 
452.018677 177.593628 24.814510 49.000000 
452.046783 178.241730 24.851547 74.000000 
452.004913 177.589523 24.813280 51.000000 
452.034485 178.236618 24.848078 83.000000 
451.999634 177.727676 24.816755 46.000000 
451.990784 177.583908 24.810869 60.000000 
452.022156 178.231552 24.844641 60.000000 
451.988708 177.732864 24.822773 45.000000 
451.973694 177.724380 24.817827 46.000000 
451.959808 177.715881 24.812679 46.000000 
451.943939 177.704422 24.805330 54.000000 
451.944397 177.850388 24.820457 50.000000 
451.930115 177.842194 24.815250 49.000000 
451.917969 177.843018 24.817734 51.000000 
451.917603 177.973740 24.826004 48.000000 
451.903198 177.833405 24.811325 55.000000 
451.904297 177.968735 24.823227 46.000000 
451.890778 177.960800 24.817751 52.000000 
451.877747 177.957352 24.816351 56.000000 
451.878296 178.080887 24.823288 41.000000 
451.867310 177.961197 24.821365 67.000000 
451.866821 178.081863 24.825769 40.000000 
451.853546 178.078629 24.824402 44.000000 
451.858826 178.208923 24.843513 40.000000 
451.843323 178.083954 24.830929 48.000000 
451.843506 178.194550 24.830860 49.000000 
451.830292 178.077835 24.826702 50.000000 
451.831482 178.192825 24.830639 49.000000 
451.820343 178.193939 24.833166 54.000000 
451.806458 178.186707 24.827562 54.000000 
451.792877 178.182373 24.824844 61.000000 
451.779785 178.178009 24.822033 49.000000 
452.653564 176.813873 24.822697 47.000000 
452.637177 176.793716 24.815353 53.000000 
452.620667 176.784454 24.813206 118.000000 
452.602081 176.789505 24.818123 117.000000 
452.552856 177.053528 24.819870 40.000000 
452.583466 176.771057 24.811930 68.000000 
452.535248 177.056915 24.824051 115.000000 
452.566376 176.754654 24.806505 121.000000 
452.519836 177.053436 24.824476 119.000000 
452.550781 176.742065 24.802706 123.000000 
452.502502 177.053360 24.826902 43.000000 
452.462524 177.283981 24.822433 48.000000 
452.486755 177.024872 24.814835 114.000000 
452.445740 177.285812 24.825855 71.000000 
452.469849 177.014221 24.811895 115.000000 
452.428986 177.287689 24.829309 45.000000 
452.452728 177.007172 24.810812 117.000000 
452.393036 177.506073 24.828484 46.000000 
452.413513 177.259705 24.816692 68.000000 
452.375854 177.516678 24.837030 57.000000 
452.396362 177.249283 24.813677 104.000000 
452.359955 177.515244 24.838621 49.000000 
452.379944 177.238968 24.810623 110.000000 
452.327484 177.704117 24.830551 63.000000 
452.344788 177.486023 24.824476 55.000000 
452.311920 177.709686 24.836250 71.000000 
452.328979 177.475967 24.821218 53.000000 
452.296600 177.704987 24.835831 55.000000 
452.312805 177.479874 24.825874 60.000000 
452.370697 176.632904 24.776573 62.000000 
452.267731 177.909393 24.845861 56.000000 
452.281342 177.693466 24.831352 55.000000 
452.296692 177.483841 24.830557 56.000000 
452.352356 176.624237 24.775143 61.000000 
452.252960 177.903183 24.844299 57.000000 
452.266144 177.668228 24.818733 71.000000 
452.333923 176.615616 24.773758 66.000000 
452.238159 177.895309 24.841711 47.000000 
452.250580 177.672256 24.823538 63.000000 
452.315552 176.601624 24.769840 41.000000 
452.212433 178.076035 24.845263 44.000000 
452.235077 177.669449 24.824287 71.000000 
452.278625 176.908783 24.786974 47.000000 
452.198151 178.078400 24.849115 47.000000 
452.208344 177.874603 24.833466 56.000000 
452.260956 176.895096 24.782751 47.000000 
452.183716 178.069107 24.845312 53.000000 
452.193420 177.871948 24.834166 60.000000 
452.228333 176.942841 24.784868 47.000000 
452.162994 177.923431 24.837637 57.000000 
452.130707 178.302933 24.861425 48.000000 
452.180023 177.205566 24.794670 48.000000 
452.116730 178.295563 24.858601 55.000000 
452.124481 178.097198 24.837976 51.000000 
452.162872 177.194000 24.791176 48.000000 
452.099915 178.426956 24.843151 45.000000 
452.110016 178.094742 24.838699 56.000000 
452.145538 177.177185 24.784920 51.000000 
452.086609 178.431107 24.848372 70.000000 
452.073303 178.433670 24.852446 64.000000 
452.074280 178.270355 24.848074 55.000000 
452.102692 177.431091 24.800886 41.000000 
452.059540 178.426559 24.849535 66.000000 
452.060516 178.273010 24.852171 55.000000 
452.085938 177.418137 24.796246 40.000000 
452.041473 178.581314 24.856882 48.000000 
452.045715 178.419464 24.846661 41.000000 
452.046112 178.262512 24.847260 52.000000 
452.061523 177.632339 24.797850 49.000000 
452.068970 177.401718 24.789707 53.000000 
452.028351 178.579178 24.857437 57.000000 
452.031464 178.405930 24.839159 55.000000 
452.045837 177.635162 24.802032 45.000000 
452.015656 178.583450 24.862827 61.000000 
452.017609 178.400543 24.837523 73.000000 
451.999390 178.708206 24.853546 63.000000 
452.003265 178.573456 24.857246 46.000000 
452.005920 178.408218 24.845041 68.000000 
452.014618 177.609970 24.792088 48.000000 
451.986969 178.710907 24.857801 85.000000 
451.988922 178.555481 24.845881 50.000000 
451.991699 178.398041 24.839972 64.000000 
451.995209 177.851379 24.819510 49.000000 
451.996857 177.604263 24.791555 68.000000 
451.973175 178.712051 24.861025 62.000000 
451.974121 178.550247 24.844347 62.000000 
451.978638 177.828842 24.808090 40.000000 
451.958466 178.851059 24.869276 43.000000 
451.959961 178.705429 24.857918 43.000000 
451.962036 178.562668 24.855837 61.000000 
451.962280 177.811447 24.799868 45.000000 
451.946075 178.849213 24.869804 59.000000 
451.947418 178.544785 24.844595 66.000000 
451.946960 177.811111 24.802141 49.000000 
451.932861 178.839722 24.864017 53.000000 
451.932953 178.687607 24.848112 63.000000 
451.931793 178.004807 24.808430 47.000000 
451.933197 177.810837 24.804214 49.000000 
451.920898 178.965195 24.866320 45.000000 
451.921173 178.833344 24.860615 53.000000 
451.921326 178.685822 24.848612 74.000000 
451.916351 177.996170 24.805267 42.000000 
451.909149 178.966507 24.869440 69.000000 
451.908081 178.680908 24.846869 75.000000 
451.899658 177.990906 24.804535 42.000000 
451.895508 178.961807 24.867569 53.000000 
451.894440 178.825272 24.858267 43.000000 
451.894897 178.688568 24.855192 47.000000 
451.885162 177.994095 24.809011 43.000000 
451.882599 178.954132 24.862946 51.000000 
451.883087 178.828232 24.862637 62.000000 
451.870911 177.983932 24.804649 52.000000 
451.872559 179.075485 24.866709 52.000000 
451.870056 178.817368 24.855656 57.000000 
451.858521 178.182465 24.822563 43.000000 
451.859711 179.066559 24.860586 54.000000 
451.857910 178.814240 24.855021 55.000000 
451.842682 178.174179 24.819416 43.000000 
451.847473 179.066528 24.862576 60.000000 
451.846069 178.944901 24.860847 58.000000 
451.827148 178.162613 24.813969 50.000000 
451.837433 179.185181 24.869293 45.000000 
451.834259 179.056198 24.855190 55.000000 
451.831696 178.928314 24.848585 72.000000 
451.819397 178.316147 24.808712 64.000000 
451.811676 178.152756 24.809677 52.000000 
451.825439 179.180878 24.867092 47.000000 
451.823059 179.059189 24.859797 50.000000 
451.819641 178.928360 24.850599 69.000000 
451.806061 178.325958 24.818050 49.000000 
451.816406 179.291031 24.870701 44.000000 
451.813904 179.179504 24.867641 53.000000 
451.811157 179.057785 24.860441 58.000000 
451.794006 178.334167 24.826019 47.000000 
451.805389 179.291122 24.872578 49.000000 
451.800842 179.169479 24.860060 52.000000 
451.798492 179.051987 24.857136 60.000000 
451.776917 178.314835 24.814745 50.000000 
451.793365 179.285599 24.868912 55.000000 
451.788971 179.166733 24.859308 40.000000 
451.784790 179.040298 24.848564 58.000000 
451.762390 178.305267 24.810162 62.000000 
451.782104 179.281509 24.866570 53.000000 
451.778687 179.169785 24.863911 50.000000 
451.774170 179.043427 24.853165 47.000000 
451.755768 178.482025 24.828156 46.000000 
451.769714 179.274643 24.861576 64.000000 
451.767365 179.169983 24.865919 59.000000 
451.740936 178.472702 24.823450 46.000000 
451.759216 179.277695 24.866329 57.000000 
451.752686 179.152863 24.851696 58.000000 
451.725525 178.460220 24.816427 48.000000 
451.739594 179.144470 24.845646 58.000000 
451.719055 178.617615 24.827093 53.000000 
451.711060 178.454163 24.814161 48.000000 
451.735382 179.269760 24.862036 47.000000 
451.729858 179.153442 24.855856 43.000000 
451.704712 178.610138 24.823414 50.000000 
451.724304 179.270081 24.864084 64.000000 
451.690338 178.602692 24.819773 51.000000 
451.710419 179.254883 24.850842 71.000000 
451.675690 178.590561 24.812416 60.000000 
451.699921 179.258087 24.855711 74.000000 
451.672241 178.746399 24.828098 46.000000 
451.662323 178.589478 24.813692 64.000000 
451.657471 178.739227 24.824421 46.000000 
451.643616 178.730499 24.819296 47.000000 
451.628418 178.721878 24.814459 54.000000 
451.617950 178.730133 24.823050 53.000000 
451.611511 178.856979 24.820917 45.000000 
451.599213 178.857635 24.823408 45.000000 
451.588898 178.864319 24.830877 50.000000 
451.585663 178.991119 24.834360 52.000000 
451.574158 178.854507 24.824524 43.000000 
451.572662 178.987427 24.832932 45.000000 
451.560364 178.986725 24.834137 48.000000 
451.554535 179.096237 24.827265 45.000000 
451.545807 178.977219 24.827572 51.000000 
451.544861 179.104248 24.836416 40.000000 
451.533844 178.978058 24.830137 51.000000 
451.533691 179.106537 24.840254 40.000000 
451.519287 179.097336 24.833481 41.000000 
451.520874 179.219864 24.843384 47.000000 
451.505798 179.089584 24.827948 46.000000 
451.509644 179.220779 24.845886 51.000000 
451.493317 179.087662 24.827888 41.000000 
451.497253 179.216064 24.842852 46.000000 
451.483826 179.210022 24.838621 42.000000 
451.469025 179.199814 24.830364 50.000000 
451.456787 179.198074 24.830273 54.000000 
452.326508 177.861221 24.859503 42.000000 
452.309082 177.853455 24.858322 106.000000 
452.293091 177.829559 24.849398 120.000000 
452.276031 177.816467 24.845709 57.000000 
452.223206 178.114212 24.863375 48.000000 
452.258545 177.807022 24.843792 113.000000 
452.207520 178.092545 24.854919 111.000000 
452.241028 177.797623 24.841917 121.000000 
452.190399 178.088715 24.855555 47.000000 
452.223053 177.793671 24.842670 123.000000 
452.146240 178.338303 24.860617 65.000000 
452.130005 178.331131 24.859324 69.000000 
452.157104 178.065155 24.848806 117.000000 
452.113739 178.324020 24.858068 75.000000 
452.139862 178.061447 24.849556 119.000000 
452.096954 178.325745 24.861565 41.000000 
452.057587 178.554214 24.865978 54.000000 
452.081238 178.306381 24.853788 74.000000 
452.041809 178.549103 24.865623 57.000000 
452.064911 178.297638 24.851707 104.000000 
452.048767 178.283630 24.846846 106.000000 
451.992157 178.739716 24.860386 71.000000 
452.010223 178.537262 24.864040 51.000000 
451.976807 178.736542 24.861013 59.000000 
451.994629 178.523575 24.858894 61.000000 
451.944275 178.952606 24.877712 40.000000 
451.977905 178.518555 24.858774 61.000000 
452.042999 177.688080 24.820013 55.000000 
451.929535 178.949600 24.878292 60.000000 
451.945282 178.728546 24.861437 60.000000 
452.025116 177.668396 24.813530 52.000000 
451.915710 178.931412 24.869310 49.000000 
451.930847 178.711807 24.853941 78.000000 
452.008179 177.643402 24.804430 113.000000 
451.915405 178.705353 24.852674 67.000000 
451.899902 178.702408 24.853476 52.000000 
451.950745 177.941681 24.819109 45.000000 
451.858246 179.097900 24.868023 43.000000 
451.871155 178.914261 24.866081 60.000000 
451.933197 177.926025 24.814087 50.000000 
451.843872 179.100174 24.871946 50.000000 
451.856201 178.899551 24.859455 65.000000 
451.915436 177.919342 24.813576 121.000000 
451.812592 179.154602 24.876871 42.000000 
451.824371 178.942093 24.857016 52.000000 
451.798035 179.140198 24.869940 50.000000 
451.848267 178.230392 24.821568 44.000000 
451.770538 179.487549 24.887041 41.000000 
451.774445 179.324417 24.882708 49.000000 
451.783447 179.129181 24.865232 59.000000 
451.831177 178.223969 24.820957 51.000000 
451.756836 179.475296 24.880600 45.000000 
451.768829 179.121567 24.862743 53.000000 
451.814026 178.219360 24.821316 68.000000 
451.743317 179.472839 24.881184 43.000000 
451.729431 179.460663 24.874815 60.000000 
451.732178 179.302063 24.874649 61.000000 
451.767761 178.460602 24.829975 43.000000 
451.709961 179.626526 24.890003 43.000000 
451.715881 179.458282 24.875462 57.000000 
451.717957 179.294693 24.872034 58.000000 
451.751434 178.463211 24.834137 40.000000 
451.696533 179.617844 24.885777 49.000000 
451.702667 179.464066 24.881947 49.000000 
451.703705 179.287354 24.869453 52.000000 
451.725067 178.653000 24.821041 57.000000 
451.734711 178.450119 24.829630 42.000000 
451.682709 179.602783 24.876793 46.000000 
451.688629 179.451996 24.875683 54.000000 
451.709686 178.666046 24.831305 45.000000 
451.665039 179.752777 24.886627 45.000000 
451.670105 179.610153 24.884611 51.000000 
451.674469 179.439972 24.869461 64.000000 
451.693909 178.667053 24.834551 42.000000 
451.651855 179.744339 24.882259 63.000000 
451.660522 179.432861 24.866755 59.000000 
451.677643 178.656021 24.830801 57.000000 
451.638153 179.729660 24.872999 60.000000 
451.642914 179.593018 24.876396 40.000000 
451.646729 179.429031 24.866400 47.000000 
451.660889 178.636368 24.822079 56.000000 
451.626129 179.738586 24.882242 53.000000 
451.629089 179.582901 24.871149 57.000000 
451.610138 179.879272 24.891071 56.000000 
451.614075 179.745987 24.890266 46.000000 
451.615570 179.577621 24.869520 61.000000 
451.625153 178.858704 24.839045 43.000000 
451.597717 179.877304 24.891647 59.000000 
451.602509 179.578781 24.872692 52.000000 
451.608917 178.842880 24.832005 46.000000 
451.584839 179.870758 24.888462 47.000000 
451.587067 179.726288 24.879362 49.000000 
451.571533 180.006866 24.899483 45.000000 
451.572540 179.870407 24.890358 48.000000 
451.572998 179.711777 24.870289 50.000000 
451.557953 179.991425 24.888376 55.000000 
451.559875 179.708313 24.869835 58.000000 
451.546753 179.992676 24.891466 51.000000 
451.547516 179.860565 24.886564 45.000000 
451.533478 180.109467 24.891102 47.000000 
451.535706 180.000015 24.899847 59.000000 
451.533417 179.844894 24.875950 51.000000 
451.520691 180.100372 24.885017 54.000000 
451.522827 179.992233 24.895311 43.000000 
451.521576 179.849319 24.881735 62.000000 
451.515228 179.205399 24.845778 43.000000 
451.510010 180.107620 24.893559 53.000000 
451.509338 179.979950 24.886936 48.000000 
451.508240 179.841415 24.877483 48.000000 
451.497894 180.221756 24.895941 44.000000 
451.498169 180.106003 24.894161 60.000000 
451.496124 179.970734 24.881184 67.000000 
451.489044 179.343903 24.832378 45.000000 
451.485443 179.193512 24.842775 46.000000 
451.485504 180.214401 24.891047 56.000000 
451.485901 180.101456 24.892141 49.000000 
451.483459 179.966095 24.879339 63.000000 
451.476959 179.360107 24.846174 49.000000 
451.470428 179.193420 24.845325 43.000000 
451.473816 180.215790 24.894424 58.000000 
451.472351 180.092484 24.886282 45.000000 
451.471222 179.969055 24.884068 68.000000 
451.462250 179.358414 24.847511 41.000000 
451.462738 180.217209 24.897726 49.000000 
451.459076 180.082062 24.879040 49.000000 
451.458069 179.961456 24.879705 50.000000 
451.447815 179.353500 24.846476 42.000000 
451.452759 180.323120 24.896673 56.000000 
451.451508 180.214310 24.896885 51.000000 
451.448395 180.085037 24.883621 56.000000 
451.434662 179.353531 24.848778 47.000000 
451.441254 180.320297 24.895836 58.000000 
451.436432 180.083588 24.884363 68.000000 
451.420807 179.353592 24.851227 46.000000 
451.430206 180.320358 24.897795 58.000000 
451.423218 180.074753 24.878540 64.000000 
451.419189 180.320465 24.899776 46.000000 
451.414948 180.199982 24.889421 45.000000 
451.411469 180.074860 24.880657 42.000000 
451.395599 179.504669 24.852535 42.000000 
451.406281 180.310654 24.892103 64.000000 
451.403564 180.200119 24.891491 56.000000 
451.382660 179.508041 24.857334 43.000000 
451.396057 180.315063 24.898279 46.000000 
451.390839 180.193024 24.886845 56.000000 
451.370270 179.636902 24.845999 55.000000 
451.366791 179.492233 24.848089 46.000000 
451.383575 180.305313 24.890568 54.000000 
451.379425 180.190308 24.886166 54.000000 
451.357605 179.635559 24.847107 51.000000 
451.372498 180.305527 24.892651 64.000000 
451.344818 179.637405 24.850777 45.000000 
451.360474 180.298676 24.887760 74.000000 
451.331329 179.631424 24.848320 44.000000 
451.347565 180.290451 24.881634 71.000000 
451.322998 179.771774 24.851341 45.000000 
451.317169 179.625473 24.846024 49.000000 
451.335175 180.285095 24.878294 71.000000 
451.311218 179.776779 24.857521 44.000000 
451.297363 179.771027 24.855061 41.000000 
451.292480 179.911270 24.864073 42.000000 
451.282898 179.762207 24.850164 44.000000 
451.268341 179.753448 24.845308 42.000000 
451.265442 179.903198 24.861528 41.000000 
451.251526 179.896179 24.857710 46.000000 
451.236176 179.883148 24.848871 43.000000 
451.235138 180.025101 24.864563 58.000000 
451.224854 179.888306 24.855246 47.000000 
451.220734 180.015366 24.858000 51.000000 
451.207306 180.010117 24.855368 45.000000 
451.204834 180.137207 24.863821 49.000000 
451.193481 180.003418 24.851475 55.000000 
451.193604 180.139374 24.867668 44.000000 
451.182220 180.007126 24.856668 56.000000 
451.180084 180.128464 24.859354 41.000000 
451.168030 180.127808 24.860603 40.000000 
451.168365 180.256271 24.875809 49.000000 
451.156433 180.133041 24.867430 46.000000 
451.154236 180.247208 24.868868 54.000000 
451.141571 180.122330 24.859484 47.000000 
451.140045 180.238174 24.861971 53.000000 
451.131256 180.247543 24.872673 48.000000 
451.117676 180.237076 24.864229 53.000000 
451.104156 180.230988 24.860136 54.000000 
451.089233 180.220688 24.852041 49.000000 
451.960144 178.883835 24.858696 46.000000 
451.940643 178.897461 24.868061 121.000000 
451.925171 178.878967 24.861788 121.000000 
451.907196 178.876556 24.863428 48.000000 
451.855103 179.143524 24.866467 49.000000 
451.891693 178.845428 24.851273 113.000000 
451.837769 179.143082 24.869011 103.000000 
451.874939 178.826920 24.845224 121.000000 
451.856384 178.830017 24.849581 122.000000 
451.776245 179.368958 24.864954 48.000000 
451.805023 179.115646 24.860643 42.000000 
451.758881 179.379272 24.873241 54.000000 
451.788788 179.097534 24.854267 114.000000 
451.743011 179.366760 24.869286 68.000000 
451.771210 179.099060 24.857866 119.000000 
451.726349 179.366623 24.871973 54.000000 
451.686005 179.600128 24.879519 42.000000 
451.711273 179.336578 24.858675 104.000000 
451.669647 179.591339 24.877413 57.000000 
451.693695 179.336426 24.861530 69.000000 
451.632599 179.800278 24.881134 63.000000 
451.617859 179.803925 24.885841 66.000000 
451.603058 179.786896 24.878426 53.000000 
451.623871 179.551620 24.863136 43.000000 
451.570160 179.995880 24.891254 45.000000 
451.587860 179.778519 24.876150 45.000000 
451.607574 179.558762 24.869913 42.000000 
451.678528 178.723343 24.828197 64.000000 
451.555450 179.992767 24.891953 52.000000 
451.660095 178.721588 24.830410 68.000000 
451.540833 179.981216 24.887396 43.000000 
451.557648 179.746353 24.862558 66.000000 
451.642151 178.703644 24.824972 121.000000 
451.526154 179.969696 24.882883 45.000000 
451.542053 179.750137 24.867519 63.000000 
451.599701 179.002731 24.838385 44.000000 
451.497406 180.158478 24.891411 51.000000 
451.526611 179.747070 24.868444 56.000000 
451.483124 180.160614 24.895411 48.000000 
451.496552 179.953568 24.878191 56.000000 
451.468750 180.137680 24.883055 53.000000 
451.481659 179.954056 24.881168 59.000000 
451.547119 178.971497 24.831774 50.000000 
451.442474 180.329651 24.901999 48.000000 
451.449402 180.001511 24.881311 63.000000 
451.494720 179.299179 24.845737 48.000000 
451.410919 180.370697 24.897388 46.000000 
451.422485 180.180756 24.882797 40.000000 
451.396851 180.358124 24.891361 41.000000 
451.408051 180.178024 24.883652 47.000000 
451.460815 179.271881 24.837282 41.000000 
451.378937 180.513885 24.892672 60.000000 
451.383728 180.358841 24.894293 47.000000 
451.394226 180.168671 24.880085 44.000000 
451.444519 179.251282 24.829287 65.000000 
451.365784 180.521088 24.900347 68.000000 
451.369598 180.347992 24.889465 46.000000 
451.352814 180.513733 24.897478 57.000000 
451.356018 180.356995 24.898176 51.000000 
451.331238 180.667969 24.904837 57.000000 
451.338684 180.511215 24.898317 54.000000 
451.341858 180.347870 24.894539 56.000000 
451.380890 179.487823 24.838453 41.000000 
451.318085 180.663986 24.904308 62.000000 
451.324982 180.489288 24.885063 42.000000 
451.328033 180.332214 24.886349 55.000000 
451.353821 179.708694 24.843357 63.000000 
451.365356 179.490417 24.842659 41.000000 
451.298706 180.794571 24.899916 41.000000 
451.305603 180.660080 24.903715 59.000000 
451.311646 180.491760 24.889359 50.000000 
451.337952 179.706085 24.844685 55.000000 
451.286102 180.793869 24.901781 55.000000 
451.292603 180.659363 24.905638 59.000000 
451.298981 180.494324 24.893576 62.000000 
451.273285 180.799469 24.908693 64.000000 
451.278076 180.644241 24.896931 50.000000 
451.283600 180.483780 24.888855 64.000000 
451.305084 179.692322 24.842543 46.000000 
451.259888 180.787842 24.901993 69.000000 
451.265137 180.645203 24.900110 40.000000 
451.270355 180.476639 24.886185 62.000000 
451.247192 180.777832 24.896465 62.000000 
451.252411 180.639816 24.898441 57.000000 
451.232056 180.932297 24.916731 63.000000 
451.233643 180.766266 24.889843 69.000000 
451.238739 180.631241 24.894522 61.000000 
451.218079 180.925568 24.913797 62.000000 
451.221222 180.776733 24.900545 50.000000 
451.224121 180.619476 24.888361 68.000000 
451.235748 179.890656 24.851515 46.000000 
451.205750 180.917404 24.909346 57.000000 
451.208527 180.776260 24.902573 50.000000 
451.210449 180.612564 24.885710 51.000000 
451.215851 180.082352 24.856590 40.000000 
451.219940 179.881592 24.848797 41.000000 
451.191498 181.057755 24.924656 50.000000 
451.192261 180.910767 24.906387 57.000000 
451.194397 180.760071 24.892378 64.000000 
451.201019 180.080170 24.857922 40.000000 
451.178833 181.049805 24.920120 58.000000 
451.179962 180.904205 24.903263 50.000000 
451.180603 180.748642 24.885900 60.000000 
451.187042 180.079758 24.860237 40.000000 
451.166351 181.038849 24.912933 61.000000 
451.167969 180.743561 24.884251 64.000000 
451.171234 180.065887 24.854120 41.000000 
451.153076 181.161301 24.918177 52.000000 
451.153564 181.030960 24.908470 51.000000 
451.156311 180.906631 24.909784 59.000000 
451.154877 180.055420 24.850323 41.000000 
451.140167 181.155075 24.914932 62.000000 
451.140839 181.029144 24.909309 61.000000 
451.140991 180.890854 24.899521 59.000000 
451.139221 180.252197 24.866550 43.000000 
451.127594 181.147400 24.910297 68.000000 
451.129272 180.890610 24.901543 61.000000 
451.124512 180.246964 24.865698 40.000000 
451.117096 181.277390 24.927759 53.000000 
451.114960 181.139755 24.905701 62.000000 
451.114746 180.878006 24.893770 57.000000 
451.110687 180.377319 24.844412 42.000000 
451.108582 180.230164 24.857138 41.000000 
451.104126 181.265579 24.918884 64.000000 
451.103546 181.141068 24.909069 68.000000 
451.102753 181.011810 24.901379 65.000000 
451.099823 180.398331 24.861610 62.000000 
451.094818 180.221710 24.853899 46.000000 
451.093781 181.263992 24.919331 61.000000 
451.093536 181.143906 24.913572 50.000000 
451.090454 181.001068 24.894297 68.000000 
451.087860 180.407974 24.870810 49.000000 
451.081604 181.258072 24.915939 56.000000 
451.080566 181.134872 24.907742 40.000000 
451.078430 181.000961 24.896467 68.000000 
451.074371 180.404602 24.870892 40.000000 
451.072479 181.379425 24.930498 56.000000 
451.068542 181.250717 24.911333 50.000000 
451.067169 181.127365 24.903374 56.000000 
451.066467 181.005417 24.902622 43.000000 
451.056580 180.383301 24.858849 42.000000 
451.058807 181.363739 24.917278 74.000000 
451.058960 181.260849 24.922871 65.000000 
451.054291 181.119888 24.898935 64.000000 
451.042175 180.373489 24.854454 46.000000 
451.047058 181.359467 24.915171 80.000000 
451.045929 181.250656 24.915516 45.000000 
451.042358 181.118393 24.899797 62.000000 
451.032501 180.553482 24.874323 42.000000 
451.036041 181.359482 24.917236 80.000000 
451.033356 181.243408 24.910900 47.000000 
451.031403 181.122879 24.905945 64.000000 
451.024536 181.356689 24.916563 65.000000 
451.021210 181.239090 24.909012 56.000000 
451.002502 180.531143 24.862993 43.000000 
451.013519 181.356766 24.918674 74.000000 
451.009064 181.234818 24.907156 60.000000 
450.993500 180.688507 24.873188 63.000000 
450.988831 180.529663 24.864416 51.000000 
451.001953 181.351181 24.915192 46.000000 
450.997711 181.232025 24.906563 58.000000 
450.979126 180.676041 24.865946 48.000000 
450.988586 181.339951 24.906340 48.000000 
450.986328 181.232178 24.908794 52.000000 
450.964539 180.666779 24.861284 47.000000 
450.978424 181.344391 24.912657 64.000000 
450.950378 180.660706 24.859070 46.000000 
450.967072 181.343185 24.913494 68.000000 
450.937592 180.662537 24.862900 51.000000 
450.953522 181.332062 24.904749 68.000000 
450.927795 180.798309 24.862110 45.000000 
450.942444 181.332336 24.907015 60.000000 
450.916046 180.800171 24.865812 46.000000 
450.904602 180.806717 24.873367 45.000000 
450.896667 180.934814 24.872213 50.000000 
450.889496 180.791641 24.863560 44.000000 
450.883118 180.932236 24.872404 47.000000 
450.874908 180.789032 24.864050 42.000000 
450.870850 180.932693 24.875021 46.000000 
450.857788 180.924042 24.869822 47.000000 
450.854126 181.058456 24.879177 56.000000 
450.844116 180.918518 24.867451 46.000000 
450.841614 181.059021 24.881916 58.000000 
450.827911 181.052185 24.878086 51.000000 
450.820892 181.164597 24.873470 42.000000 
450.812653 181.039459 24.869131 51.000000 
450.811920 181.175385 24.885351 49.000000 
450.798798 181.032715 24.865385 54.000000 
450.800171 181.173111 24.885206 43.000000 
450.787384 181.033371 24.867979 48.000000 
450.771393 181.154251 24.872076 42.000000 
450.775299 181.292770 24.896202 57.000000 
450.758942 181.152130 24.872164 44.000000 
450.759460 181.277954 24.884007 53.000000 
450.748108 181.155823 24.877542 43.000000 
450.746490 181.273102 24.881298 51.000000 
450.736053 181.276779 24.886698 46.000000 
450.722565 181.270599 24.882706 49.000000 
450.709473 181.265854 24.880093 50.000000 
451.623962 179.970581 24.884378 42.000000 
451.608276 179.957230 24.880650 53.000000 
451.592377 179.936600 24.873568 118.000000 
451.575775 179.930481 24.873394 120.000000 
451.558075 179.926071 24.874208 52.000000 
451.500031 180.206314 24.885241 112.000000 
451.538544 179.921463 24.875235 44.000000 
451.483246 180.200363 24.885103 102.000000 
451.522430 179.899185 24.867472 104.000000 
451.467346 180.183807 24.879564 111.000000 
451.505554 179.884140 24.863220 117.000000 
451.418213 180.441208 24.890312 68.000000 
451.487946 179.876328 24.862474 42.000000 
451.402832 180.424973 24.884451 75.000000 
451.434387 180.161453 24.874058 103.000000 
451.386749 180.417572 24.883362 69.000000 
451.417938 180.148560 24.870464 50.000000 
451.343384 180.660904 24.897308 56.000000 
451.370026 180.431427 24.893560 45.000000 
451.402130 180.137589 24.867723 103.000000 
451.328522 180.643311 24.890182 64.000000 
451.355133 180.404770 24.882153 56.000000 
451.312103 180.651825 24.897860 56.000000 
451.338989 180.395721 24.880234 66.000000 
451.273071 180.856644 24.900307 63.000000 
451.295929 180.656921 24.903593 56.000000 
451.323700 180.370880 24.869873 69.000000 
451.259003 180.846390 24.896872 68.000000 
451.243866 180.841232 24.896627 68.000000 
451.266846 180.615128 24.885601 50.000000 
451.227844 180.839478 24.898550 68.000000 
451.250519 180.602844 24.881725 59.000000 
451.329590 179.788330 24.848083 59.000000 
451.193634 181.039490 24.906673 57.000000 
451.234802 180.594177 24.879757 55.000000 
451.312164 179.766541 24.840908 52.000000 
451.178986 181.036255 24.907434 59.000000 
451.198090 180.807022 24.884989 52.000000 
451.294281 179.751999 24.837212 64.000000 
451.164215 181.038162 24.911402 58.000000 
451.182953 180.795151 24.880821 71.000000 
451.275940 179.746552 24.837841 46.000000 
451.133911 181.204422 24.906631 55.000000 
451.149719 181.024841 24.905884 43.000000 
451.167694 180.785019 24.877714 66.000000 
451.231262 180.041641 24.849909 49.000000 
451.119659 181.204727 24.909573 59.000000 
451.152100 180.792160 24.884809 55.000000 
451.213928 180.029251 24.846844 44.000000 
451.105438 181.206757 24.913635 59.000000 
451.120422 180.999985 24.896032 58.000000 
451.196259 180.027649 24.849188 50.000000 
451.077301 181.386414 24.925627 47.000000 
451.091217 181.202133 24.913351 55.000000 
451.105621 180.995255 24.895912 57.000000 
451.178802 180.015350 24.846210 44.000000 
451.046204 181.425461 24.920151 60.000000 
451.059753 181.235947 24.904932 40.000000 
451.073761 181.045792 24.898489 58.000000 
451.124939 180.326523 24.852499 51.000000 
451.032501 181.427597 24.924299 66.000000 
451.045410 181.224686 24.900356 48.000000 
451.107941 180.330414 24.857647 41.000000 
451.012177 181.569565 24.917309 57.000000 
451.018677 181.418213 24.920576 55.000000 
451.031036 181.220154 24.900181 60.000000 
451.091064 180.314880 24.852577 41.000000 
450.998779 181.565247 24.916855 76.000000 
451.004791 181.410522 24.918016 56.000000 
451.016571 181.210632 24.896772 62.000000 
450.985382 181.562592 24.917599 68.000000 
451.002106 181.206177 24.896667 55.000000 
450.972076 181.563217 24.920696 73.000000 
450.976959 181.398544 24.915257 55.000000 
450.950043 181.717072 24.928440 66.000000 
450.958588 181.557373 24.919170 57.000000 
450.963165 181.397568 24.917299 55.000000 
450.936737 181.706589 24.923170 66.000000 
450.944824 181.546692 24.914194 41.000000 
450.948853 181.383408 24.910385 58.000000 
450.979370 180.764328 24.867908 50.000000 
450.916687 181.855698 24.933990 47.000000 
450.923950 181.708923 24.927515 70.000000 
450.930878 181.532791 24.906937 46.000000 
450.903198 181.837601 24.922340 79.000000 
450.910950 181.706512 24.928293 59.000000 
450.917175 181.527054 24.905519 65.000000 
450.890259 181.830551 24.919357 79.000000 
450.897400 181.694519 24.921930 54.000000 
450.903961 181.531128 24.911083 64.000000 
450.878387 181.840836 24.929945 69.000000 
450.889954 181.520584 24.906256 62.000000 
450.907104 180.954193 24.873714 42.000000 
450.859131 181.966751 24.928337 62.000000 
450.865540 181.835419 24.928247 54.000000 
450.870300 181.675446 24.912905 54.000000 
450.891174 180.936340 24.865738 43.000000 
450.847076 181.967651 24.931561 59.000000 
450.852020 181.822174 24.920443 64.000000 
450.857025 181.671570 24.912621 64.000000 
450.875244 180.921921 24.859894 43.000000 
450.835175 181.970139 24.936069 65.000000 
450.838898 181.815262 24.917587 49.000000 
450.843994 181.670929 24.914749 63.000000 
450.860565 180.917831 24.860201 41.000000 
450.818420 182.085770 24.931004 42.000000 
450.823334 181.966522 24.935450 61.000000 
450.826630 181.811554 24.917114 49.000000 
450.831360 181.667145 24.914417 41.000000 
450.840088 181.126251 24.876055 47.000000 
450.807495 182.094345 24.940752 57.000000 
450.809845 181.952072 24.926134 52.000000 
450.813446 181.804703 24.914326 79.000000 
450.824799 181.105484 24.865496 42.000000 
450.796295 182.093887 24.942642 61.000000 
450.797455 181.943863 24.921797 51.000000 
450.801849 181.808929 24.920031 67.000000 
450.810303 181.108276 24.870153 40.000000 
450.783844 182.087372 24.939480 64.000000 
450.788574 181.802155 24.917301 60.000000 
450.795349 181.104385 24.870544 42.000000 
450.768066 182.196030 24.933224 48.000000 
450.770630 182.074814 24.931183 56.000000 
450.773438 181.947617 24.929783 45.000000 
450.755981 182.191193 24.931259 54.000000 
450.757690 182.065338 24.925510 61.000000 
450.760345 181.939484 24.925642 67.000000 
450.760986 181.280396 24.876650 41.000000 
450.743256 182.186371 24.929426 66.000000 
450.744995 182.063446 24.926432 42.000000 
450.747101 181.936005 24.925411 65.000000 
450.729919 182.303040 24.934908 51.000000 
450.731506 182.184570 24.930170 56.000000 
450.733856 182.069199 24.933718 43.000000 
450.733337 181.923309 24.917582 55.000000 
450.732727 181.420044 24.864882 42.000000 
450.732605 181.273056 24.877201 43.000000 
450.720337 182.310059 24.943611 59.000000 
450.718872 182.172409 24.921581 56.000000 
450.721558 182.061340 24.929323 64.000000 
450.720093 181.424637 24.870699 59.000000 
450.717194 181.261139 24.872065 47.000000 
450.707825 182.301086 24.937527 54.000000 
450.708740 182.182571 24.932947 49.000000 
450.708191 182.050476 24.922499 77.000000 
450.707733 181.437424 24.882372 41.000000 
450.695587 182.297958 24.936998 56.000000 
450.695923 182.177902 24.931232 43.000000 
450.693481 182.035065 24.911974 75.000000 
450.685669 182.416245 24.948927 63.000000 
450.682709 182.287598 24.929634 50.000000 
450.682312 182.164337 24.921535 58.000000 
450.677765 181.422302 24.877388 48.000000 
450.674408 182.407578 24.942472 71.000000 
450.672089 182.284561 24.928850 49.000000 
450.671814 182.164200 24.923515 66.000000 
450.664917 181.418900 24.877472 50.000000 
450.661743 182.397491 24.934875 83.000000 
450.658752 182.155167 24.917841 68.000000 
450.653748 181.592163 24.892921 43.000000 
450.649200 182.391724 24.931568 80.000000 
450.646973 182.158066 24.922834 51.000000 
450.638428 181.582458 24.888592 43.000000 
450.639557 182.398788 24.940603 57.000000 
450.636627 182.278503 24.930098 51.000000 
450.624573 181.717270 24.882473 55.000000 
450.623505 181.571182 24.883007 45.000000 
450.629150 182.398788 24.942648 61.000000 
450.623749 182.266846 24.921450 56.000000 
450.613922 181.728317 24.893351 59.000000 
450.608429 181.555130 24.873823 49.000000 
450.616821 182.391678 24.937937 58.000000 
450.611603 182.262497 24.919678 54.000000 
450.599518 181.718887 24.888700 53.000000 
450.603851 182.381775 24.930511 61.000000 
450.584015 181.703186 24.879278 48.000000 
450.590210 182.369034 24.920376 80.000000 
450.568878 181.690689 24.872314 62.000000 
450.579132 182.369156 24.922644 68.000000 
450.561951 181.851166 24.891392 50.000000 
450.556610 181.695572 24.878607 53.000000 
450.569305 182.375000 24.930418 60.000000 
450.548523 181.846710 24.890299 45.000000 
450.534241 181.834534 24.882940 44.000000 
450.520996 181.831696 24.883152 45.000000 
450.515015 181.975021 24.894609 45.000000 
450.508362 181.831985 24.885859 49.000000 
450.500916 181.966232 24.889660 47.000000 
450.488007 181.963547 24.889805 48.000000 
450.475739 181.963943 24.892502 50.000000 
450.468689 182.087723 24.893059 52.000000 
450.463470 181.964371 24.895222 50.000000 
450.457489 182.091141 24.898310 48.000000 
450.443451 182.082703 24.893248 55.000000 
450.436218 182.197952 24.891354 46.000000 
450.430084 182.077286 24.890806 63.000000 
450.426849 182.207214 24.901955 44.000000 
450.415558 182.067444 24.884535 59.000000 
450.415283 182.207779 24.904638 41.000000 
450.401031 182.198212 24.898109 40.000000 
450.386688 182.188675 24.891624 46.000000 
450.388092 182.319992 24.909000 49.000000 
450.373230 182.180603 24.886362 48.000000 
450.373993 182.310730 24.902264 46.000000 
450.359619 182.302963 24.897055 53.000000 
450.345337 182.293793 24.890408 54.000000 
450.334869 182.297424 24.895887 55.000000 
450.324005 182.299652 24.900042 51.000000 
451.240723 181.008194 24.905251 50.000000 
451.223816 180.998154 24.903425 111.000000 
451.208282 180.975616 24.895569 121.000000 
451.145660 181.281830 24.920372 60.000000 
451.191437 180.963867 24.892965 122.000000 
451.131958 181.247314 24.905710 121.000000 
451.174500 180.952164 24.890406 48.000000 
451.114594 181.239288 24.904799 121.000000 
451.156586 180.940353 24.887980 119.000000 
451.098022 181.231445 24.903839 117.000000 
451.139679 180.926941 24.884645 121.000000 
451.044739 181.507507 24.925297 70.000000 
451.121552 180.926132 24.887403 118.000000 
451.030792 181.477081 24.911905 107.000000 
451.065063 181.212326 24.900232 103.000000 
451.016083 181.464371 24.907930 75.000000 
451.049805 181.197601 24.895685 121.000000 
450.968445 181.722626 24.931116 54.000000 
450.999664 181.462128 24.909754 54.000000 
451.033295 181.186371 24.893082 119.000000 
450.953308 181.701309 24.922148 64.000000 
450.982391 181.459824 24.911705 47.000000 
450.937897 181.694031 24.921005 68.000000 
450.967407 181.436554 24.902285 103.000000 
450.897369 181.903580 24.926636 71.000000 
450.923157 181.688644 24.920792 59.000000 
450.952057 181.429276 24.901297 69.000000 
450.883026 181.886230 24.919243 89.000000 
450.936554 181.409592 24.893856 72.000000 
450.867920 181.882645 24.920061 78.000000 
450.893005 181.658630 24.909863 50.000000 
450.853088 181.872238 24.916832 66.000000 
450.877808 181.642792 24.903975 64.000000 
450.965698 180.816742 24.864002 107.000000 
450.816315 182.087143 24.934483 57.000000 
450.861786 181.642685 24.906946 60.000000 
450.948334 180.796570 24.857742 61.000000 
450.802094 182.073593 24.928932 59.000000 
450.822754 181.863556 24.917622 42.000000 
450.931122 180.771011 24.848972 63.000000 
450.787689 182.063477 24.925537 51.000000 
450.808258 181.837769 24.905350 77.000000 
450.912811 180.765366 24.849661 68.000000 
450.755219 182.247925 24.932665 56.000000 
450.772888 182.065277 24.929573 52.000000 
450.793030 181.830933 24.904316 68.000000 
450.864563 181.072662 24.867655 48.000000 
450.741302 182.233032 24.925793 65.000000 
450.758484 182.050140 24.923084 42.000000 
450.777771 181.824142 24.903320 61.000000 
450.847260 181.061890 24.865538 44.000000 
450.727081 182.229889 24.926617 56.000000 
450.743805 182.045227 24.922966 57.000000 
450.830139 181.043991 24.859892 103.000000 
450.679291 182.469177 24.944895 55.000000 
450.695160 182.286743 24.933756 40.000000 
450.711792 182.080048 24.916330 60.000000 
450.795746 181.095703 24.864023 102.000000 
450.665619 182.456284 24.938883 63.000000 
450.697021 182.075195 24.916283 57.000000 
450.755219 181.365250 24.875294 46.000000 
450.651917 182.456619 24.941938 67.000000 
450.666809 182.260529 24.922461 40.000000 
450.738403 181.358353 24.874891 41.000000 
450.630188 182.608154 24.941887 48.000000 
450.638184 182.448746 24.939384 57.000000 
450.652466 182.244110 24.914698 51.000000 
450.721619 181.346191 24.871738 45.000000 
450.616821 182.600449 24.939138 88.000000 
450.625122 182.447586 24.941271 57.000000 
450.638824 182.241211 24.915585 60.000000 
450.705627 181.330597 24.866648 41.000000 
450.603973 182.587952 24.932837 89.000000 
450.611206 182.433167 24.934280 51.000000 
450.624542 182.248367 24.923128 46.000000 
450.590729 182.591705 24.938295 65.000000 
450.596649 182.428650 24.934185 58.000000 
450.566528 182.746902 24.947283 60.000000 
450.576691 182.588928 24.939232 53.000000 
450.582672 182.419266 24.930649 59.000000 
450.637085 181.570969 24.879539 42.000000 
450.553284 182.736282 24.942053 69.000000 
450.563263 182.584610 24.938936 47.000000 
450.568970 182.423157 24.936129 52.000000 
450.605347 181.791016 24.885130 55.000000 
450.540436 182.736893 24.945234 63.000000 
450.549286 182.565689 24.928240 57.000000 
450.518524 182.868515 24.942478 49.000000 
450.527618 182.737549 24.948441 54.000000 
450.535522 182.556549 24.924541 68.000000 
450.573639 181.773163 24.881004 42.000000 
450.505371 182.856613 24.935841 69.000000 
450.514404 182.730225 24.945698 54.000000 
450.521942 182.552353 24.924355 68.000000 
450.557739 181.766907 24.880508 55.000000 
450.492981 182.858902 24.940310 60.000000 
450.508789 182.557953 24.931133 59.000000 
450.531342 181.987015 24.895126 42.000000 
450.541290 181.743378 24.870037 49.000000 
450.480621 182.861237 24.944799 51.000000 
450.487091 182.702850 24.930786 51.000000 
450.515442 181.965576 24.885118 41.000000 
450.460114 182.984055 24.940449 50.000000 
450.467194 182.847855 24.937037 58.000000 
450.473755 182.697235 24.929350 62.000000 
450.500031 181.959549 24.884516 49.000000 
450.448853 182.995697 24.952566 51.000000 
450.454254 182.842377 24.935450 57.000000 
450.461029 182.701279 24.935083 68.000000 
450.484161 181.945007 24.878763 47.000000 
450.436432 182.991928 24.952085 51.000000 
450.440552 182.827469 24.926544 60.000000 
450.462189 182.163361 24.900978 44.000000 
450.419037 183.116623 24.954706 45.000000 
450.423584 182.983521 24.947853 52.000000 
450.427856 182.826797 24.928698 74.000000 
450.407349 183.117523 24.958027 52.000000 
450.410980 182.978256 24.946175 55.000000 
450.415588 182.830887 24.934546 72.000000 
450.431885 182.133286 24.887646 40.000000 
450.395996 183.115463 24.958681 53.000000 
450.398163 182.965317 24.938135 45.000000 
450.403687 182.831879 24.937859 60.000000 
450.416382 182.120819 24.882725 47.000000 
450.379608 183.228424 24.956388 42.000000 
450.384033 183.113419 24.959465 51.000000 
450.386047 182.966309 24.941549 42.000000 
450.366547 183.214539 24.946510 64.000000 
450.371368 183.105316 24.955114 55.000000 
450.374420 182.972000 24.948750 64.000000 
450.355896 183.221512 24.955198 73.000000 
450.357239 183.085098 24.940491 42.000000 
450.361359 182.963760 24.944681 63.000000 
450.343811 183.212173 24.949253 62.000000 
450.346100 183.086197 24.943836 49.000000 
450.348297 182.950943 24.936783 48.000000 
450.353638 182.302322 24.897940 45.000000 
450.330017 183.331696 24.957350 64.000000 
450.331665 183.207321 24.947411 54.000000 
450.334167 183.085800 24.946026 64.000000 
450.341492 182.473358 24.905136 47.000000 
450.318268 183.331314 24.959532 67.000000 
450.318726 183.200974 24.944389 55.000000 
450.320862 183.079330 24.943213 69.000000 
450.325745 182.459854 24.898699 42.000000 
450.306824 183.329544 24.960281 63.000000 
450.306702 183.197662 24.943930 51.000000 
450.307709 183.069870 24.937754 72.000000 
450.311615 182.456223 24.899017 46.000000 
450.293396 183.314682 24.948902 58.000000 
450.295074 183.197372 24.946131 51.000000 
450.297089 182.622681 24.910067 42.000000 
450.298553 182.462433 24.906197 50.000000 
450.283997 183.441681 24.968822 58.000000 
450.281219 183.308594 24.945665 58.000000 
450.282593 183.191162 24.943094 68.000000 
450.282623 182.612762 24.905582 42.000000 
450.283295 182.449051 24.899754 42.000000 
450.271973 183.431488 24.961155 74.000000 
450.271210 183.312759 24.951786 45.000000 
450.270630 183.184982 24.939978 66.000000 
450.269531 182.609314 24.905701 43.000000 
450.258331 183.415604 24.948114 68.000000 
450.258972 183.306732 24.948605 42.000000 
450.257050 182.615524 24.913006 40.000000 
450.246338 183.409744 24.944771 74.000000 
450.247925 183.308029 24.952181 59.000000 
450.240265 182.739029 24.898554 50.000000 
450.242432 182.605713 24.908628 48.000000 
450.236359 183.415329 24.952475 77.000000 
450.234589 183.296234 24.943684 61.000000 
450.227966 182.743637 24.904772 55.000000 
450.226196 182.584671 24.896118 44.000000 
450.227539 183.423798 24.962828 44.000000 
450.222778 183.290314 24.940485 63.000000 
450.215668 182.743546 24.907263 53.000000 
450.213867 183.409470 24.951313 58.000000 
450.200989 182.732437 24.901497 53.000000 
450.201477 183.405167 24.949570 68.000000 
450.185364 182.719772 24.894711 60.000000 
450.188995 183.398026 24.945002 74.000000 
450.176880 182.880127 24.913792 46.000000 
450.172058 182.718216 24.896235 49.000000 
450.177917 183.395218 24.944462 77.000000 
450.163055 182.869324 24.907669 45.000000 
450.149902 182.866318 24.907883 45.000000 
450.142761 183.012421 24.922085 42.000000 
450.134460 182.850937 24.898283 49.000000 
450.129395 183.006485 24.919662 40.000000 
450.122375 182.854202 24.903486 54.000000 
450.114471 182.992996 24.910961 46.000000 
450.100983 182.987137 24.908617 48.000000 
450.089325 182.987396 24.911211 54.000000 
450.081665 183.114105 24.914280 56.000000 
450.076416 182.984650 24.911449 46.000000 
450.068085 183.106979 24.910519 56.000000 
450.054779 183.101395 24.908085 60.000000 
450.048096 183.223969 24.912636 46.000000 
450.043884 183.106247 24.914705 59.000000 
450.036865 183.225845 24.916655 42.000000 
450.030518 183.100723 24.912334 58.000000 
450.024536 183.223389 24.916735 40.000000 
450.013306 183.225327 24.920795 41.000000 
449.999054 183.215652 24.914351 45.000000 
449.997070 183.341232 24.926468 45.000000 
449.984711 183.206009 24.907951 48.000000 
449.971741 183.332443 24.922541 48.000000 
449.958954 183.325928 24.918472 42.000000 
449.943024 183.310944 24.906538 53.000000 
450.884064 182.034164 24.921774 44.000000 
450.865204 182.039978 24.927731 121.000000 
450.852661 182.010391 24.916208 123.000000 
450.834869 182.007355 24.917902 120.000000 
450.769501 182.300339 24.936281 104.000000 
450.817474 181.993484 24.914526 119.000000 
450.755341 182.272751 24.925270 106.000000 
450.800873 181.979797 24.911110 120.000000 
450.738708 182.266449 24.925184 111.000000 
450.783173 181.975113 24.912060 123.000000 
450.682831 182.529449 24.939972 54.000000 
450.722595 182.254868 24.922422 47.000000 
450.767212 181.954330 24.905275 124.000000 
450.667572 182.516388 24.936012 105.000000 
450.653412 182.491058 24.925478 106.000000 
450.690308 182.230042 24.916119 111.000000 
450.637482 182.492233 24.929071 48.000000 
450.675140 182.215149 24.911583 121.000000 
450.589172 182.723938 24.937326 59.000000 
450.622742 182.470474 24.920519 48.000000 
450.657440 182.217957 24.916208 44.000000 
450.574280 182.711243 24.933207 64.000000 
450.606995 182.459305 24.917673 62.000000 
450.558228 182.712463 24.936987 57.000000 
450.590607 182.455200 24.918636 104.000000 
450.514404 182.923294 24.943390 45.000000 
450.543213 182.699844 24.932945 55.000000 
450.574738 182.444092 24.915871 69.000000 
450.500122 182.907501 24.937029 60.000000 
450.484650 182.896774 24.933867 46.000000 
450.511902 182.678070 24.927044 59.000000 
450.469971 182.884476 24.929632 63.000000 
450.496124 182.674255 24.928024 66.000000 
450.594116 181.831268 24.879681 62.000000 
450.431580 183.097595 24.945675 49.000000 
450.454742 182.896378 24.939598 45.000000 
450.481293 182.667099 24.926983 48.000000 
450.577972 181.809219 24.872467 64.000000 
450.417297 183.087265 24.942253 55.000000 
450.440796 182.866943 24.925261 63.000000 
450.560425 181.792480 24.867990 108.000000 
450.402130 183.078598 24.940022 50.000000 
450.425140 182.854660 24.921247 78.000000 
450.367432 183.267868 24.950068 56.000000 
450.410095 182.844223 24.918192 70.000000 
450.490143 182.082657 24.881115 41.000000 
450.353729 183.249466 24.941025 65.000000 
450.372955 183.066635 24.938646 46.000000 
450.454803 182.119461 24.878222 42.000000 
450.320465 183.299118 24.943939 51.000000 
450.339508 183.107742 24.936369 60.000000 
450.437653 182.104935 24.874380 109.000000 
450.306244 183.295853 24.944799 57.000000 
450.325043 183.092499 24.929981 63.000000 
450.392761 182.390060 24.893532 52.000000 
450.292084 183.289276 24.943510 45.000000 
450.376434 182.370544 24.886580 47.000000 
450.277954 183.276031 24.937899 48.000000 
450.359802 182.356384 24.882473 50.000000 
450.263702 183.264481 24.933418 59.000000 
450.342865 182.351105 24.883060 48.000000 
450.250793 183.263199 24.935293 57.000000 
450.221008 183.441666 24.944817 45.000000 
450.289825 182.587128 24.889967 40.000000 
450.272614 182.589020 24.894468 48.000000 
450.237823 182.786255 24.886738 57.000000 
450.256317 182.582291 24.894047 41.000000 
450.222076 182.798706 24.897202 45.000000 
450.190460 182.783966 24.895113 52.000000 
450.161041 183.007233 24.911581 42.000000 
450.174347 182.761948 24.885614 63.000000 
450.130066 182.979340 24.900915 40.000000 
450.115967 182.966400 24.895916 45.000000 
450.090515 183.174362 24.911581 45.000000 
450.100708 182.965363 24.898472 46.000000 
450.075623 183.168335 24.910837 40.000000 
450.060364 183.155624 24.905836 41.000000 
450.044220 183.141220 24.899940 46.000000 
450.029236 183.137009 24.900389 48.000000 
449.978302 183.313583 24.909447 41.000000 
449.964539 183.319595 24.916479 41.000000 
450.487701 183.045044 24.939421 44.000000 
450.470947 183.034622 24.937580 106.000000 
450.455353 183.015305 24.931450 114.000000 
450.439606 182.996017 24.925369 121.000000 
450.369720 183.310211 24.953505 107.000000 
450.421478 182.994644 24.927984 101.000000 
450.357880 183.264786 24.933464 120.000000 
450.404694 182.982605 24.925449 122.000000 
450.340149 183.267181 24.937920 107.000000 
450.387390 182.974167 24.924686 122.000000 
450.322845 183.266083 24.940599 43.000000 
450.307068 183.250839 24.936085 47.000000 
450.291412 183.233871 24.930716 114.000000 
450.274902 183.224030 24.928999 117.000000 
450.215759 182.845520 24.897093 105.000000 
450.199982 182.821472 24.889002 61.000000 
450.183136 182.797333 24.881083 117.000000 
450.090179 183.152374 24.901592 49.000000 
450.073700 183.130463 24.894104 49.000000 
450.056854 183.112167 24.888456 120.000000 
456.563965 147.597794 24.589331 49.000000 
456.554718 147.602859 24.592705 46.000000 
456.540588 147.601929 24.589664 48.000000 
456.526733 147.599365 24.585112 53.000000 
456.565369 147.721329 24.603231 47.000000 
456.508881 147.593643 24.576946 53.000000 
456.547394 147.712875 24.591810 51.000000 
456.501190 147.601395 24.583071 50.000000 
456.534271 147.710281 24.587006 55.000000 
456.517700 147.704437 24.578384 54.000000 
456.509827 147.712250 24.584713 56.000000 
456.502014 147.720078 24.591055 64.000000 
456.305359 147.609482 24.559296 41.000000 
456.271912 147.621262 24.564787 40.000000 
456.317291 147.739746 24.577023 42.000000 
456.253265 147.615036 24.555853 45.000000 
456.301727 147.737274 24.571718 47.000000 
456.241791 147.618683 24.557337 47.000000 
456.288818 147.738434 24.570440 53.000000 
456.269501 147.731339 24.559906 53.000000 
456.259247 147.736160 24.562675 56.000000 
456.250916 147.743362 24.568111 58.000000 
456.561096 147.583176 24.583418 47.000000 
456.541931 147.572845 24.575722 50.000000 
456.526886 147.573624 24.575573 59.000000 
456.516113 147.585464 24.582951 51.000000 
456.551208 147.754364 24.585476 43.000000 
456.591461 147.915878 24.592203 49.000000 
456.539154 147.761353 24.589695 52.000000 
456.573029 147.906006 24.583853 49.000000 
456.525879 147.765289 24.591724 52.000000 
456.560150 147.909836 24.585838 52.000000 
456.543457 147.904633 24.580996 54.000000 
456.584869 148.073059 24.599295 45.000000 
456.528656 147.904022 24.579617 62.000000 
456.564728 148.059082 24.587152 53.000000 
456.518372 147.914017 24.586252 61.000000 
456.603882 148.216064 24.604296 46.000000 
456.550995 148.059982 24.586824 61.000000 
456.584045 148.202423 24.591722 59.000000 
456.535919 148.057968 24.584177 63.000000 
456.567383 148.196106 24.585257 58.000000 
456.526825 148.069290 24.592134 66.000000 
456.552002 148.192734 24.581251 64.000000 
456.589569 148.338806 24.596031 47.000000 
456.541199 148.197876 24.584429 60.000000 
456.576599 148.339767 24.595564 45.000000 
456.527802 148.198914 24.584110 69.000000 
456.564301 148.342178 24.596371 49.000000 
456.517151 148.205750 24.588646 49.000000 
456.549896 148.340408 24.593477 54.000000 
456.583557 148.471390 24.601912 41.000000 
456.537598 148.342896 24.594339 57.000000 
456.317566 147.739212 24.562628 40.000000 
456.566742 148.464218 24.593771 52.000000 
456.524567 148.344025 24.593988 53.000000 
456.554474 148.463562 24.591827 56.000000 
456.291443 147.746414 24.566263 46.000000 
456.544617 148.470184 24.596485 58.000000 
456.332214 147.892410 24.558727 49.000000 
456.273010 147.742218 24.562391 49.000000 
456.567627 148.576462 24.587246 50.000000 
456.530640 148.470200 24.594913 50.000000 
456.319336 147.898651 24.562445 45.000000 
456.555206 148.577637 24.586740 54.000000 
456.305664 147.901733 24.563818 45.000000 
456.588043 148.698257 24.597155 45.000000 
456.547150 148.586838 24.594084 60.000000 
456.291260 147.903366 24.564098 54.000000 
456.568695 148.686478 24.583206 46.000000 
456.532562 148.584106 24.589722 66.000000 
456.278320 147.908005 24.566652 52.000000 
456.562439 148.698090 24.593334 50.000000 
456.523132 148.590698 24.594498 55.000000 
456.321899 148.062500 24.571590 42.000000 
456.601044 148.822693 24.614527 42.000000 
456.553314 148.704544 24.598135 47.000000 
456.309448 148.067062 24.574110 41.000000 
456.576721 148.802536 24.590660 51.000000 
456.539001 148.701981 24.593628 56.000000 
456.327087 148.168167 24.542032 51.000000 
456.290863 148.060120 24.567413 41.000000 
456.566406 148.806351 24.592783 56.000000 
456.526154 148.702042 24.591818 54.000000 
456.328827 148.198059 24.565985 50.000000 
456.276855 148.061890 24.567686 43.000000 
456.559143 148.815216 24.600378 53.000000 
456.318298 148.205399 24.570889 45.000000 
456.544312 148.811569 24.594368 56.000000 
456.300751 148.200134 24.565123 55.000000 
456.527893 148.805496 24.585676 56.000000 
456.283112 148.194931 24.559401 53.000000 
456.516785 148.808212 24.586538 64.000000 
456.328308 148.340683 24.571249 43.000000 
456.264618 148.188400 24.552538 53.000000 
456.314026 148.339508 24.568792 41.000000 
456.297516 148.335892 24.564060 45.000000 
456.280945 148.332336 24.559372 49.000000 
456.327484 148.472672 24.573360 40.000000 
456.267609 148.334290 24.559584 45.000000 
456.309387 148.465027 24.564556 47.000000 
456.293091 148.461670 24.559677 49.000000 
456.281189 148.466522 24.562450 48.000000 
456.324158 148.595230 24.572088 46.000000 
456.272369 148.475159 24.568851 42.000000 
456.310425 148.594391 24.569443 49.000000 
456.296936 148.595123 24.568237 45.000000 
456.335175 148.712875 24.573296 42.000000 
456.287689 148.602295 24.573444 51.000000 
456.322845 148.714890 24.573275 42.000000 
456.275055 148.604385 24.573570 41.000000 
456.307953 148.713211 24.569363 41.000000 
456.300812 148.722763 24.577234 46.000000 
456.333740 148.827148 24.574059 42.000000 
456.289398 148.726135 24.578598 45.000000 
456.322601 148.830444 24.575340 45.000000 
456.314972 148.838608 24.581982 47.000000 
456.299438 148.835968 24.576645 54.000000 
456.283844 148.833389 24.571350 55.000000 
456.269073 148.832077 24.567423 45.000000 
456.617340 147.809052 24.573181 40.000000 
456.592560 147.781921 24.558189 55.000000 
456.577057 147.785385 24.559872 71.000000 
456.561768 147.792480 24.563530 66.000000 
456.601746 148.029694 24.570904 46.000000 
456.545013 147.794510 24.564440 58.000000 
456.586182 148.033310 24.572693 55.000000 
456.618622 148.237762 24.571739 41.000000 
456.567474 148.080338 24.567600 59.000000 
456.602386 148.291504 24.570377 49.000000 
456.548767 148.074005 24.563665 59.000000 
456.585846 148.290161 24.569180 66.000000 
456.618408 148.482162 24.569807 54.000000 
456.568726 148.287216 24.567013 68.000000 
456.607880 148.495270 24.577784 45.000000 
456.550201 148.277573 24.560780 64.000000 
456.595123 148.503723 24.582743 51.000000 
456.574768 148.489548 24.573153 59.000000 
456.560333 148.493225 24.575052 58.000000 
456.595367 148.679276 24.580902 48.000000 
456.360321 147.816666 24.544853 40.000000 
456.579254 148.676544 24.578478 53.000000 
456.335968 147.797394 24.534246 48.000000 
456.561951 148.670700 24.573936 56.000000 
456.317200 147.795044 24.532866 50.000000 
456.600433 148.859070 24.590124 41.000000 
456.547455 148.672836 24.574814 50.000000 
456.300720 147.799469 24.535191 71.000000 
456.581879 148.848663 24.582008 47.000000 
456.617432 149.006271 24.585672 47.000000 
456.568481 148.852325 24.583944 49.000000 
456.333405 148.039093 24.540674 40.000000 
456.599213 148.996094 24.577213 57.000000 
456.552734 148.849808 24.581465 55.000000 
456.589233 149.007324 24.584877 62.000000 
456.355164 148.239868 24.533962 49.000000 
456.301270 148.046234 24.544405 40.000000 
456.575104 149.007919 24.584526 62.000000 
456.601837 149.150146 24.582235 42.000000 
456.555420 148.996567 24.575136 68.000000 
456.594238 149.165680 24.593634 43.000000 
456.539948 148.994232 24.572565 64.000000 
456.312256 148.257568 24.543839 44.000000 
456.621246 149.297882 24.590538 50.000000 
456.577423 149.155533 24.584759 51.000000 
456.292694 148.250656 24.539316 46.000000 
456.603546 149.288300 24.581501 55.000000 
456.562439 149.153259 24.582024 50.000000 
456.593964 149.299362 24.589636 51.000000 
456.544830 149.146759 24.575888 53.000000 
456.324554 148.461517 24.548325 46.000000 
456.578033 149.294250 24.584320 60.000000 
456.302917 148.446640 24.538305 51.000000 
456.560730 149.284653 24.575300 64.000000 
456.598694 149.438675 24.596594 43.000000 
456.545319 149.281128 24.571276 74.000000 
456.585114 149.439621 24.596184 49.000000 
456.569489 149.434769 24.590715 56.000000 
456.300110 148.638184 24.542765 41.000000 
456.602020 149.567520 24.600649 49.000000 
456.552368 149.425522 24.581448 51.000000 
456.586029 149.561432 24.593689 49.000000 
456.543304 149.434921 24.588503 49.000000 
456.614563 149.682800 24.599184 42.000000 
456.572662 149.560928 24.591881 53.000000 
456.311981 148.816742 24.547388 46.000000 
456.597504 149.674225 24.589363 52.000000 
456.557220 149.556335 24.586271 58.000000 
456.362762 148.990723 24.560112 47.000000 
456.302643 148.828552 24.555210 46.000000 
456.589752 149.683029 24.596525 55.000000 
456.546417 149.559875 24.588253 56.000000 
456.351105 148.996277 24.563522 41.000000 
456.615234 149.794739 24.598242 45.000000 
456.571167 149.671875 24.584156 60.000000 
456.333862 148.991653 24.559170 40.000000 
456.605255 149.799606 24.601587 47.000000 
456.557343 149.670197 24.580996 62.000000 
456.317261 148.988571 24.555986 43.000000 
456.592529 149.799271 24.599586 45.000000 
456.549103 149.679276 24.588327 56.000000 
456.304230 148.992996 24.558479 41.000000 
456.576935 149.793747 24.592255 48.000000 
456.611786 149.916397 24.611076 47.000000 
456.560547 149.786972 24.583624 50.000000 
456.328796 149.145386 24.560358 42.000000 
456.595093 149.908539 24.600765 52.000000 
456.550568 149.791992 24.587072 56.000000 
456.370514 149.296875 24.570108 41.000000 
456.314728 149.146851 24.560528 47.000000 
456.577545 149.899475 24.589128 61.000000 
456.542053 149.799637 24.593214 60.000000 
456.351685 149.288345 24.561771 52.000000 
456.302887 149.152725 24.564207 44.000000 
456.566040 149.898987 24.586906 74.000000 
456.337006 149.285141 24.558014 46.000000 
456.555634 149.902679 24.589022 71.000000 
456.321808 149.283829 24.555733 48.000000 
456.546753 149.908920 24.593891 77.000000 
456.311127 149.291046 24.560642 48.000000 
456.532684 149.906387 24.589226 63.000000 
456.344299 149.419220 24.556995 43.000000 
456.295898 149.289825 24.558428 53.000000 
456.333435 149.426544 24.562071 44.000000 
456.322235 149.430679 24.564466 46.000000 
456.302063 149.421539 24.554911 54.000000 
456.342865 149.557297 24.564274 40.000000 
456.334412 149.565445 24.570435 47.000000 
456.316650 149.559097 24.562941 49.000000 
456.352112 149.680618 24.565493 45.000000 
456.302063 149.558151 24.560505 48.000000 
456.344269 149.690140 24.573156 40.000000 
456.330841 149.690567 24.571838 48.000000 
456.314087 149.685852 24.565420 50.000000 
456.352661 149.808029 24.574791 42.000000 
456.295654 149.678604 24.556482 54.000000 
456.327179 149.810379 24.573322 41.000000 
456.307281 149.800934 24.561487 45.000000 
456.350922 149.924530 24.578461 44.000000 
456.294037 149.801605 24.560186 47.000000 
456.335510 149.921524 24.572968 42.000000 
456.323151 149.921997 24.571404 45.000000 
456.311066 149.923965 24.571339 51.000000 
456.301086 149.929825 24.575445 55.000000 
456.624908 148.385712 24.560190 101.000000 
456.604675 148.378510 24.556681 117.000000 
456.584351 148.371384 24.553215 121.000000 
456.625397 148.663727 24.566118 50.000000 
456.568268 148.381882 24.558327 123.000000 
456.603668 148.647995 24.557934 106.000000 
456.586700 148.655045 24.561499 113.000000 
456.622131 148.904144 24.564636 62.000000 
456.570618 148.661987 24.565014 111.000000 
456.603485 148.895370 24.559706 65.000000 
456.586731 148.897079 24.560497 75.000000 
456.571503 148.907547 24.566072 104.000000 
456.603271 149.126541 24.563627 50.000000 
456.637421 149.342819 24.569971 49.000000 
456.590179 149.132980 24.567146 54.000000 
456.623047 149.406281 24.574760 49.000000 
456.573853 149.191574 24.568958 59.000000 
456.602631 149.396729 24.568596 57.000000 
456.560150 149.207169 24.577744 45.000000 
456.367401 148.394394 24.538448 52.000000 
456.588104 149.401794 24.571386 66.000000 
456.345490 148.384552 24.533821 50.000000 
456.624329 149.613571 24.585264 43.000000 
456.575134 149.411850 24.577229 68.000000 
456.323456 148.374771 24.529243 108.000000 
456.605377 149.602280 24.577604 45.000000 
456.556580 149.403778 24.572014 55.000000 
456.591980 149.608932 24.581495 51.000000 
456.577057 149.610733 24.582277 59.000000 
456.336029 148.659424 24.535435 45.000000 
456.602051 149.772873 24.572721 47.000000 
456.559692 149.602692 24.576731 51.000000 
456.316528 148.653107 24.532257 50.000000 
456.590240 149.782654 24.578878 51.000000 
456.368866 148.925781 24.545052 48.000000 
456.578674 149.790695 24.583883 60.000000 
456.350006 148.919510 24.541603 45.000000 
456.607666 149.960449 24.587669 46.000000 
456.561493 149.784622 24.579275 59.000000 
456.328064 148.906769 24.534624 50.000000 
456.590851 149.956192 24.584009 58.000000 
456.623993 150.114151 24.588331 59.000000 
456.579132 149.964310 24.589233 56.000000 
456.607208 150.105072 24.580826 57.000000 
456.564606 149.964661 24.588898 56.000000 
456.592987 150.107101 24.581623 50.000000 
456.580078 150.108826 24.582262 57.000000 
456.608704 150.261902 24.588737 49.000000 
456.565887 150.110931 24.583120 62.000000 
456.591492 150.253311 24.581106 51.000000 
456.551208 150.108170 24.580362 57.000000 
456.625824 150.412888 24.600327 43.000000 
456.577728 150.253754 24.580641 60.000000 
456.317322 149.372360 24.549236 44.000000 
456.602997 150.389832 24.580177 55.000000 
456.569366 150.267685 24.590878 61.000000 
456.590210 150.390137 24.579538 63.000000 
456.556274 150.268021 24.590364 49.000000 
456.339569 149.561996 24.545740 45.000000 
456.621124 150.534378 24.592836 43.000000 
456.578033 150.393570 24.581465 64.000000 
456.328217 149.572342 24.552082 47.000000 
456.607544 150.533432 24.590952 43.000000 
456.567108 150.398331 24.584539 69.000000 
456.595123 150.533798 24.590256 47.000000 
456.557434 150.407669 24.591389 65.000000 
456.582794 150.537384 24.592289 46.000000 
456.611603 150.669281 24.601664 45.000000 
456.573517 150.544937 24.597908 51.000000 
456.321014 149.756699 24.553162 46.000000 
456.596375 150.662735 24.594481 49.000000 
456.559265 150.542740 24.594883 55.000000 
456.581787 150.659195 24.590002 52.000000 
456.542389 150.534882 24.586891 48.000000 
456.609131 150.783875 24.598576 42.000000 
456.573059 150.669785 24.598499 56.000000 
456.329681 149.935104 24.558821 41.000000 
456.588989 150.768265 24.582067 56.000000 
456.559082 150.667709 24.595364 59.000000 
456.365692 150.082306 24.552198 44.000000 
456.313477 149.931427 24.555603 46.000000 
456.581085 150.776947 24.589211 62.000000 
456.357300 150.095200 24.561247 45.000000 
456.608093 150.895737 24.597887 45.000000 
456.571991 150.784470 24.595150 64.000000 
456.344910 150.100800 24.564747 45.000000 
456.592712 150.889893 24.590405 45.000000 
456.557617 150.781204 24.590591 62.000000 
456.331207 150.103439 24.566004 46.000000 
456.580627 150.890686 24.589693 53.000000 
456.542511 150.776642 24.584755 60.000000 
456.312622 150.095642 24.559359 42.000000 
456.614441 151.016418 24.611763 40.000000 
456.572601 150.899399 24.597084 56.000000 
456.352386 150.254333 24.567602 40.000000 
456.592529 150.998016 24.590300 54.000000 
456.559845 150.898941 24.595078 61.000000 
456.583313 151.002563 24.593573 58.000000 
456.544830 150.893112 24.587624 51.000000 
456.368439 150.387039 24.561293 47.000000 
456.320038 150.246323 24.559462 42.000000 
456.572205 151.004730 24.594215 61.000000 
456.533386 150.895370 24.588364 44.000000 
456.359070 150.396835 24.568480 43.000000 
456.304535 150.244690 24.557259 43.000000 
456.560394 151.005676 24.593506 71.000000 
456.342560 150.392349 24.563673 50.000000 
456.546448 151.002823 24.588707 77.000000 
456.323822 150.383667 24.555307 45.000000 
456.533173 151.001312 24.585314 80.000000 
456.363556 150.530701 24.568317 42.000000 
456.307190 150.379318 24.550587 49.000000 
456.348816 150.529205 24.565792 41.000000 
456.295654 150.384979 24.554287 42.000000 
456.331818 150.523605 24.559607 42.000000 
456.318481 150.525009 24.559616 46.000000 
456.303619 150.523666 24.557198 46.000000 
456.339233 150.654419 24.562138 42.000000 
456.325470 150.654526 24.560823 47.000000 
456.314026 150.658707 24.563322 49.000000 
456.350464 150.784378 24.570137 44.000000 
456.303131 150.662720 24.565718 49.000000 
456.337036 150.784546 24.568724 44.000000 
456.325165 150.787399 24.569923 47.000000 
456.351196 150.893341 24.562836 45.000000 
456.310150 150.785049 24.565994 48.000000 
456.340424 150.897446 24.565311 42.000000 
456.296661 150.785355 24.564676 50.000000 
456.320496 150.908310 24.572968 40.000000 
456.352081 151.017349 24.574663 45.000000 
456.309784 150.912506 24.575508 43.000000 
456.340057 151.018997 24.574455 47.000000 
456.291718 150.905365 24.566227 41.000000 
456.330475 151.024368 24.578316 51.000000 
456.317291 151.023422 24.575338 53.000000 
456.301910 151.020279 24.569832 51.000000 
456.284790 151.014755 24.561678 51.000000 
456.636688 149.526550 24.582344 106.000000 
456.613861 149.510391 24.574589 121.000000 
456.594971 149.508255 24.573652 121.000000 
456.630280 149.791931 24.583187 62.000000 
456.574860 149.500900 24.570189 121.000000 
456.610504 149.782867 24.578539 106.000000 
456.591522 149.777344 24.575726 121.000000 
456.624542 150.030014 24.581480 52.000000 
456.572876 149.773605 24.573849 121.000000 
456.608765 150.034851 24.584074 56.000000 
456.587769 150.019180 24.575487 68.000000 
456.569305 150.013855 24.572552 75.000000 
456.606293 150.263535 24.587988 51.000000 
456.628876 150.453400 24.579351 52.000000 
456.585297 150.246475 24.578033 64.000000 
456.616638 150.526627 24.590544 49.000000 
456.568878 150.306534 24.581152 60.000000 
456.395447 149.513672 24.551594 44.000000 
456.600586 150.522964 24.588127 63.000000 
456.375153 149.505005 24.547621 58.000000 
456.627228 150.713654 24.589165 60.000000 
456.583252 150.517853 24.584824 66.000000 
456.356293 149.505341 24.548035 52.000000 
456.616669 150.729813 24.599276 45.000000 
456.564423 150.507813 24.578529 66.000000 
456.337402 149.505722 24.548489 55.000000 
456.599884 150.724792 24.595770 49.000000 
456.550873 150.516068 24.583378 45.000000 
456.315582 149.495697 24.543909 47.000000 
456.624908 150.901794 24.596861 40.000000 
456.582336 150.719986 24.592390 55.000000 
456.611053 150.904892 24.598598 42.000000 
456.565918 150.716705 24.590008 61.000000 
456.346191 149.791931 24.556658 43.000000 
456.594360 150.896683 24.592678 48.000000 
456.548706 150.708420 24.584431 46.000000 
456.327423 149.787048 24.554321 50.000000 
456.624756 151.080887 24.607086 40.000000 
456.578400 150.893463 24.590139 53.000000 
456.368011 150.032715 24.553444 43.000000 
456.611572 151.082260 24.607630 40.000000 
456.561066 150.883759 24.583212 59.000000 
456.353455 150.039764 24.557358 45.000000 
456.593536 151.071274 24.599323 51.000000 
456.548157 150.890244 24.587242 53.000000 
456.334412 150.035187 24.554945 47.000000 
456.617798 151.210892 24.590387 41.000000 
456.577484 151.066620 24.595543 56.000000 
456.314270 150.027283 24.550734 45.000000 
456.606934 151.220184 24.596800 60.000000 
456.561401 151.062027 24.591797 57.000000 
456.597198 151.232590 24.605543 55.000000 
456.548645 151.065155 24.593584 57.000000 
456.580566 151.223312 24.598034 59.000000 
456.325958 150.270874 24.559856 41.000000 
456.562073 151.211182 24.588348 62.000000 
456.593658 151.378128 24.605749 48.000000 
456.546173 151.208496 24.585728 62.000000 
456.577209 151.370789 24.599268 57.000000 
456.536560 151.221024 24.594570 44.000000 
456.599792 151.503738 24.596916 61.000000 
456.563568 151.369354 24.597488 59.000000 
456.308929 150.468002 24.552076 42.000000 
456.589355 151.511337 24.602438 53.000000 
456.548157 151.365128 24.593460 66.000000 
456.353577 150.686554 24.567371 40.000000 
456.574280 151.508820 24.599508 60.000000 
456.536713 151.373123 24.599058 47.000000 
456.336060 150.682404 24.564470 43.000000 
456.597412 151.640244 24.602161 47.000000 
456.558014 151.501785 24.592854 64.000000 
456.315643 150.668503 24.555298 49.000000 
456.587433 151.646149 24.606449 45.000000 
456.542297 151.494644 24.586142 74.000000 
456.301025 150.672485 24.557644 45.000000 
456.573883 151.645050 24.604568 54.000000 
456.533081 151.505310 24.594208 52.000000 
456.597595 151.771683 24.609310 53.000000 
456.559753 151.644165 24.602816 59.000000 
456.586212 151.774857 24.611191 45.000000 
456.544312 151.638855 24.597237 57.000000 
456.308319 150.862579 24.563131 42.000000 
456.575470 151.779480 24.614382 49.000000 
456.531311 151.639328 24.596706 49.000000 
456.348236 151.046707 24.574270 48.000000 
456.559143 151.771530 24.606012 57.000000 
456.332855 151.044235 24.572056 47.000000 
456.583496 151.890457 24.609526 48.000000 
456.544556 151.766281 24.600157 58.000000 
456.316772 151.042023 24.569992 45.000000 
456.566772 151.881409 24.599573 56.000000 
456.533142 151.769608 24.602144 59.000000 
456.356018 151.201599 24.572887 44.000000 
456.303894 151.047546 24.573473 40.000000 
456.593140 152.003067 24.611298 45.000000 
456.556335 151.886047 24.602844 55.000000 
456.581146 152.003601 24.610508 51.000000 
456.543335 151.885254 24.600868 62.000000 
456.569672 152.004013 24.609646 53.000000 
456.532166 151.887070 24.601454 53.000000 
456.310883 151.198074 24.568434 43.000000 
456.557648 152.004623 24.608910 49.000000 
456.523712 151.895859 24.608738 50.000000 
456.299133 151.205078 24.573111 43.000000 
456.584015 152.120255 24.620506 49.000000 
456.542419 152.000153 24.602911 47.000000 
456.567688 152.111877 24.610037 58.000000 
456.530334 152.000854 24.602234 49.000000 
456.553131 152.105988 24.602266 61.000000 
456.520813 152.005371 24.605515 51.000000 
456.351288 151.498260 24.577257 50.000000 
456.540649 152.105438 24.600140 68.000000 
456.333527 151.490646 24.569983 45.000000 
456.531555 152.111343 24.604919 60.000000 
456.321960 151.496017 24.573574 48.000000 
456.521820 152.115997 24.608341 63.000000 
456.311157 151.502853 24.578392 48.000000 
456.507080 152.110275 24.600695 65.000000 
456.338226 151.627243 24.572201 46.000000 
456.293854 151.495193 24.571106 48.000000 
456.316681 151.639313 24.580715 41.000000 
456.299042 151.632126 24.573298 42.000000 
456.331848 151.761673 24.577564 45.000000 
456.285736 151.633362 24.573311 45.000000 
456.319641 151.764252 24.578720 40.000000 
456.305054 151.761230 24.574726 51.000000 
456.289063 151.757095 24.569630 54.000000 
456.330017 151.895279 24.588417 42.000000 
456.274536 151.755737 24.567093 54.000000 
456.314392 151.891296 24.583092 43.000000 
456.299469 151.888672 24.579100 47.000000 
456.281433 151.880844 24.569979 56.000000 
456.272614 151.888870 24.576384 40.000000 
456.290680 152.004044 24.576920 43.000000 
456.327881 152.124695 24.590900 47.000000 
456.275940 152.001709 24.572853 46.000000 
456.309814 152.117661 24.581331 49.000000 
456.295349 152.115463 24.577085 45.000000 
456.285675 152.120743 24.580963 49.000000 
456.276062 152.126038 24.584860 51.000000 
456.263397 152.124802 24.581793 43.000000 
456.648438 150.595673 24.575169 103.000000 
456.624969 150.570129 24.562933 113.000000 
456.610291 150.579788 24.567749 120.000000 
456.641052 150.867859 24.578665 46.000000 
456.590973 150.575623 24.565893 121.000000 
456.618774 150.846207 24.567625 109.000000 
456.602814 150.854340 24.571892 115.000000 
456.628754 151.104660 24.575630 58.000000 
456.585205 150.862793 24.576355 119.000000 
456.610840 151.100616 24.573458 59.000000 
456.596893 151.106674 24.576780 66.000000 
456.626099 151.346893 24.586575 43.000000 
456.578491 151.101028 24.573742 106.000000 
456.606720 151.334488 24.579391 55.000000 
456.589783 151.332321 24.578104 59.000000 
456.614502 151.542999 24.581011 60.000000 
456.577484 151.348831 24.587574 64.000000 
456.411682 150.526749 24.544262 48.000000 
456.598969 151.544220 24.581636 61.000000 
456.394928 150.535492 24.548784 58.000000 
456.623322 151.802277 24.590078 56.000000 
456.580688 151.597260 24.580643 64.000000 
456.372131 150.579956 24.544329 51.000000 
456.609253 151.806778 24.592764 45.000000 
456.566467 151.603577 24.584373 64.000000 
456.351837 150.574753 24.542135 58.000000 
456.591614 151.798187 24.587067 51.000000 
456.327850 150.555588 24.533199 43.000000 
456.620483 151.998428 24.602913 40.000000 
456.576630 151.799484 24.587715 56.000000 
456.601440 151.983551 24.592592 47.000000 
456.563019 151.805756 24.591543 56.000000 
456.354645 150.856018 24.547033 41.000000 
456.584625 151.976791 24.587757 48.000000 
456.334045 150.847549 24.542929 50.000000 
456.570618 151.979752 24.589485 55.000000 
456.377319 151.119904 24.555439 45.000000 
456.557556 151.985977 24.593412 57.000000 
456.357391 151.111542 24.551033 45.000000 
456.579773 152.151794 24.594099 43.000000 
456.337372 151.103226 24.546673 47.000000 
456.607971 152.312286 24.600002 59.000000 
456.567261 152.157928 24.598097 52.000000 
456.318817 151.100098 24.545134 47.000000 
456.594574 152.311935 24.599300 57.000000 
456.553772 152.160950 24.599873 55.000000 
456.577850 152.305725 24.594166 57.000000 
456.538239 152.157684 24.597193 61.000000 
456.606995 152.476181 24.614220 40.000000 
456.562866 152.300812 24.590052 62.000000 
456.378326 151.566467 24.561012 41.000000 
456.591339 152.469955 24.608772 47.000000 
456.549103 152.303986 24.591938 61.000000 
456.573517 152.457733 24.598587 50.000000 
456.537720 152.309982 24.595985 62.000000 
456.600739 152.612061 24.613441 43.000000 
456.558868 152.453003 24.594320 55.000000 
456.326416 151.555664 24.554338 42.000000 
456.584839 152.604568 24.606586 62.000000 
456.547272 152.459061 24.598522 61.000000 
456.311127 151.559372 24.556559 52.000000 
456.568298 152.595657 24.598543 53.000000 
456.535736 152.465149 24.602743 59.000000 
456.345337 151.757462 24.558472 41.000000 
456.552765 152.589783 24.592993 60.000000 
456.520905 152.462204 24.599850 48.000000 
456.329498 151.757874 24.558594 41.000000 
456.582886 152.746567 24.616854 44.000000 
456.541046 152.594299 24.596060 64.000000 
456.314240 151.759949 24.559788 46.000000 
456.566650 152.736328 24.607212 41.000000 
456.528229 152.595917 24.596699 69.000000 
456.550262 152.729370 24.600311 46.000000 
456.515961 152.599030 24.598591 53.000000 
456.576202 152.866409 24.613861 45.000000 
456.541290 152.738052 24.607107 49.000000 
456.321198 151.957870 24.570528 42.000000 
456.563019 152.865143 24.611797 52.000000 
456.528870 152.741287 24.609077 54.000000 
456.304718 151.955261 24.568508 42.000000 
456.549225 152.862518 24.608475 52.000000 
456.514130 152.735596 24.603346 52.000000 
456.535980 152.861343 24.606472 53.000000 
456.557617 152.980988 24.610067 50.000000 
456.525116 152.865845 24.609657 51.000000 
456.309418 152.131500 24.573099 41.000000 
456.541626 152.969955 24.598515 52.000000 
456.512390 152.863037 24.606230 51.000000 
456.340240 152.278091 24.565874 48.000000 
456.291473 152.124405 24.567665 46.000000 
456.567505 153.096268 24.614277 46.000000 
456.531036 152.974411 24.601728 56.000000 
456.329529 152.286118 24.571436 45.000000 
456.553650 153.092575 24.609356 49.000000 
456.521698 152.981628 24.607605 66.000000 
456.318207 152.296066 24.578386 43.000000 
456.539154 153.087585 24.603115 53.000000 
456.508087 152.979279 24.604263 68.000000 
456.301941 152.290497 24.573729 45.000000 
456.528931 153.092010 24.606375 50.000000 
456.496948 152.982452 24.606224 49.000000 
456.285553 152.288391 24.571619 43.000000 
456.556152 153.213348 24.623358 52.000000 
456.520599 153.100449 24.613707 61.000000 
456.534363 153.192978 24.600349 55.000000 
456.507904 153.099594 24.611605 48.000000 
456.525085 153.198685 24.605038 61.000000 
456.492004 153.092117 24.602787 47.000000 
456.332336 152.582764 24.575672 48.000000 
456.517120 153.206985 24.612505 64.000000 
456.321320 152.589340 24.580376 42.000000 
456.502075 153.201080 24.604813 65.000000 
456.303680 152.581467 24.573038 48.000000 
456.491028 153.204422 24.606903 68.000000 
456.289368 152.582504 24.573093 46.000000 
456.479218 153.205063 24.606165 52.000000 
456.322449 152.726196 24.582994 43.000000 
456.271606 152.574753 24.565840 53.000000 
456.307800 152.724243 24.580362 44.000000 
456.291748 152.719528 24.575289 42.000000 
456.278198 152.717300 24.572489 47.000000 
456.312164 152.854431 24.583139 42.000000 
456.264160 152.716904 24.571196 51.000000 
456.296509 152.851471 24.579268 47.000000 
456.279236 152.844269 24.571512 48.000000 
456.266785 152.845154 24.571278 48.000000 
456.300110 152.974747 24.581116 44.000000 
456.256622 152.851761 24.576250 48.000000 
456.287598 152.977371 24.582325 43.000000 
456.272736 152.974503 24.578255 46.000000 
456.266357 152.984619 24.586927 48.000000 
456.279480 153.097672 24.585382 42.000000 
456.294312 153.206070 24.584394 42.000000 
456.282990 153.208588 24.585455 47.000000 
456.274231 153.216354 24.592079 46.000000 
456.259857 153.213928 24.587774 50.000000 
456.246185 153.212814 24.584860 49.000000 
456.625366 151.694122 24.580702 105.000000 
456.605560 151.686035 24.577007 118.000000 
456.585327 151.676224 24.572495 121.000000 
456.612915 151.968216 24.585348 50.000000 
456.567413 151.678909 24.574039 122.000000 
456.593414 151.958557 24.580555 111.000000 
456.617706 152.212357 24.586405 40.000000 
456.577728 151.968201 24.585695 49.000000 
456.600952 152.213211 24.586973 52.000000 
456.555939 151.948151 24.575592 117.000000 
456.584229 152.214111 24.587578 71.000000 
456.566742 152.211609 24.586340 69.000000 
456.589355 152.433258 24.585602 50.000000 
456.548523 152.202133 24.581308 75.000000 
456.574768 152.441025 24.590115 61.000000 
456.594177 152.647003 24.590519 57.000000 
456.558685 152.445557 24.592783 70.000000 
456.579041 152.649643 24.592102 59.000000 
456.540955 152.439819 24.589544 59.000000 
456.565552 152.659027 24.597778 57.000000 
456.369659 151.625595 24.551449 51.000000 
456.587585 152.855469 24.602129 49.000000 
456.547150 152.648376 24.591301 68.000000 
456.347382 151.611282 24.544918 54.000000 
456.568634 152.908417 24.600868 51.000000 
456.525116 152.691330 24.584126 71.000000 
456.326141 151.667999 24.546284 104.000000 
456.554962 152.914398 24.604612 55.000000 
456.538727 152.910568 24.602070 55.000000 
456.559387 153.088272 24.603008 50.000000 
456.520233 152.898560 24.594307 50.000000 
456.326538 151.954529 24.553951 40.000000 
456.545837 153.092621 24.605766 50.000000 
456.310577 151.963120 24.558699 47.000000 
456.529114 153.085693 24.600929 53.000000 
456.512329 153.078827 24.596130 57.000000 
456.325043 152.206604 24.556293 45.000000 
456.539337 153.268814 24.613691 50.000000 
456.495941 153.073624 24.592459 47.000000 
456.308899 152.211716 24.559317 44.000000 
456.559357 153.409103 24.605034 59.000000 
456.523956 153.265259 24.610912 56.000000 
456.544342 153.405594 24.602072 57.000000 
456.507111 153.257004 24.604795 55.000000 
456.532196 153.411484 24.606112 57.000000 
456.490662 153.250397 24.599844 52.000000 
456.558624 153.580643 24.625267 42.000000 
456.519592 153.415833 24.609015 62.000000 
456.336517 152.650223 24.559477 44.000000 
456.291656 152.445724 24.563150 41.000000 
456.541107 153.568130 24.615002 45.000000 
456.504517 153.412460 24.606146 61.000000 
456.525208 153.556915 24.605799 57.000000 
456.490723 153.408844 24.603128 59.000000 
456.310944 152.668228 24.570513 42.000000 
456.547729 153.705734 24.615959 46.000000 
456.516083 153.570389 24.615927 61.000000 
456.528107 153.690887 24.603098 59.000000 
456.499634 153.565918 24.611923 53.000000 
456.514221 153.689224 24.601177 66.000000 
456.484894 153.562744 24.608969 56.000000 
456.306366 152.860703 24.569304 40.000000 
456.538116 153.836182 24.616451 43.000000 
456.504028 153.698029 24.607885 69.000000 
456.290039 152.859268 24.568357 46.000000 
456.523071 153.830231 24.610626 46.000000 
456.493866 153.706863 24.614611 62.000000 
456.274078 152.854309 24.565151 43.000000 
456.515045 153.840042 24.618544 49.000000 
456.477478 153.694626 24.604000 63.000000 
456.533875 153.964355 24.620939 45.000000 
456.503723 153.844345 24.621607 51.000000 
456.465179 153.697586 24.605869 42.000000 
456.521271 153.965866 24.621504 45.000000 
456.488556 153.840103 24.617224 49.000000 
456.274292 153.042969 24.569656 40.000000 
456.509216 153.967270 24.622005 52.000000 
456.474457 153.837234 24.614042 56.000000 
456.258514 153.039963 24.567499 43.000000 
456.498291 153.969986 24.623735 50.000000 
456.459229 153.829910 24.607027 57.000000 
456.514648 154.081345 24.619816 42.000000 
456.486267 153.971466 24.624287 64.000000 
456.500610 154.075745 24.613586 54.000000 
456.471924 153.965759 24.618313 59.000000 
456.261810 153.221329 24.575399 41.000000 
456.491730 154.084167 24.620731 60.000000 
456.455780 153.957428 24.609890 61.000000 
456.299652 153.389664 24.584089 41.000000 
456.508972 154.194229 24.620687 49.000000 
456.477631 154.080170 24.615976 66.000000 
456.284607 153.390244 24.584129 42.000000 
456.497528 154.195755 24.621166 50.000000 
456.462891 154.074844 24.609934 66.000000 
456.269043 153.385941 24.580549 40.000000 
456.485504 154.195953 24.620314 50.000000 
456.450500 154.075089 24.609213 70.000000 
456.250885 153.378998 24.574949 41.000000 
456.509552 154.314880 24.634880 42.000000 
456.474060 154.197540 24.620842 56.000000 
456.238922 153.383942 24.578287 40.000000 
456.493042 154.304657 24.622862 52.000000 
456.460175 154.193802 24.615984 56.000000 
456.483124 154.308868 24.626120 58.000000 
456.446869 154.191437 24.612513 58.000000 
456.297333 153.684387 24.587746 45.000000 
456.470764 154.307892 24.623863 68.000000 
456.434753 154.191803 24.611773 44.000000 
456.285614 153.689316 24.591194 47.000000 
456.454620 154.299118 24.613340 65.000000 
456.268799 153.682602 24.584990 40.000000 
456.441528 154.296936 24.609768 68.000000 
456.253845 153.680313 24.582451 42.000000 
456.433502 154.305191 24.617266 74.000000 
456.241486 153.683899 24.584778 46.000000 
456.269379 153.820770 24.588757 46.000000 
456.228455 153.686081 24.585922 43.000000 
456.256012 153.819870 24.587221 41.000000 
456.240753 153.817963 24.584711 47.000000 
456.233429 153.829910 24.594381 49.000000 
456.255402 153.946304 24.586502 45.000000 
456.216034 153.822220 24.586864 45.000000 
456.243805 153.949890 24.588840 47.000000 
456.232178 153.953506 24.591202 46.000000 
456.258575 154.073776 24.592516 42.000000 
456.217804 153.951630 24.588516 48.000000 
456.248047 154.078690 24.596157 46.000000 
456.237549 154.083633 24.599817 43.000000 
456.255493 154.182037 24.585289 46.000000 
456.223877 154.080200 24.595467 47.000000 
456.209045 154.077164 24.591391 50.000000 
456.227997 154.203491 24.603161 40.000000 
456.255676 154.314545 24.606943 42.000000 
456.211060 154.195251 24.593504 45.000000 
456.242920 154.314316 24.605227 45.000000 
456.197937 154.195053 24.591970 48.000000 
456.228119 154.311798 24.600945 49.000000 
456.213806 154.309128 24.596579 45.000000 
456.198700 154.305267 24.590897 51.000000 
456.188873 154.310272 24.594725 50.000000 
456.587341 152.822906 24.592287 107.000000 
456.564392 152.795059 24.578920 113.000000 
456.546753 152.793823 24.578506 120.000000 
456.573242 153.096405 24.597834 102.000000 
456.528229 152.792755 24.578201 119.000000 
456.551361 153.072510 24.585640 111.000000 
456.532959 153.067963 24.583452 113.000000 
456.557404 153.332275 24.595644 58.000000 
456.514832 153.065231 24.582207 117.000000 
456.538635 153.322617 24.590464 68.000000 
456.518494 153.315002 24.586418 72.000000 
456.543884 153.564255 24.602043 51.000000 
456.501373 153.314117 24.586040 106.000000 
456.524567 153.549713 24.593681 59.000000 
456.546082 153.770767 24.603834 59.000000 
456.509216 153.553955 24.596176 61.000000 
456.531372 153.774933 24.606335 55.000000 
456.494263 153.559952 24.599682 60.000000 
456.348633 152.738220 24.554213 46.000000 
456.513214 153.764038 24.599674 63.000000 
456.330536 152.741257 24.556038 58.000000 
456.539459 153.980194 24.617136 47.000000 
456.495300 153.747940 24.589838 75.000000 
456.314240 152.744049 24.557713 54.000000 
456.522583 153.972809 24.612284 47.000000 
456.480133 153.750565 24.591419 67.000000 
456.292969 152.733093 24.552757 61.000000 
456.505035 153.969009 24.609745 52.000000 
456.264069 152.765457 24.541487 46.000000 
456.522888 154.213455 24.618847 42.000000 
456.484161 154.015442 24.603582 57.000000 
456.304962 153.078720 24.562698 41.000000 
456.507263 154.209503 24.616001 47.000000 
456.467926 154.011490 24.600962 57.000000 
456.286835 153.078384 24.562830 45.000000 
456.488190 154.192657 24.604424 50.000000 
456.266998 153.071167 24.559418 49.000000 
456.476410 154.198242 24.608061 55.000000 
456.301758 153.328339 24.564941 45.000000 
456.460632 154.194443 24.605320 59.000000 
456.285187 153.331497 24.566885 42.000000 
456.480743 154.372009 24.614834 46.000000 
456.446075 154.200653 24.609341 56.000000 
456.263855 153.323044 24.562523 41.000000 
456.501648 154.520294 24.612419 59.000000 
456.464508 154.365128 24.609684 56.000000 
456.243622 153.312637 24.557077 41.000000 
456.490356 154.529114 24.618692 63.000000 
456.452332 154.367554 24.611183 66.000000 
456.477692 154.528351 24.617819 52.000000 
456.439728 154.373444 24.615135 66.000000 
456.460876 154.518555 24.610138 65.000000 
456.484894 154.686447 24.628670 51.000000 
456.444733 154.513626 24.606079 68.000000 
456.470367 154.682983 24.625507 51.000000 
456.431610 154.516373 24.607796 66.000000 
456.489014 154.824066 24.630445 43.000000 
456.451935 154.667358 24.612770 57.000000 
456.240540 153.766083 24.567123 44.000000 
456.474823 154.820709 24.627144 55.000000 
456.439728 154.671616 24.615681 65.000000 
456.276154 153.985962 24.583780 40.000000 
456.224731 153.767761 24.568209 48.000000 
456.459625 154.814423 24.621403 61.000000 
456.426544 154.672852 24.616219 66.000000 
456.255920 153.971283 24.574301 42.000000 
456.445862 154.812653 24.619402 53.000000 
456.240601 153.967743 24.571983 40.000000 
456.430237 154.801712 24.609856 62.000000 
456.224823 153.967819 24.571999 43.000000 
456.454010 154.948517 24.625517 47.000000 
456.417389 154.803009 24.610386 74.000000 
456.468292 155.068985 24.624758 42.000000 
456.439301 154.948730 24.624964 49.000000 
456.410156 154.823944 24.627136 44.000000 
456.425385 154.944077 24.620296 51.000000 
456.449066 155.081223 24.634512 48.000000 
456.413025 154.943817 24.619455 57.000000 
456.211975 154.165787 24.583513 41.000000 
456.435974 155.079681 24.632353 51.000000 
456.402802 154.949417 24.623701 59.000000 
456.240723 154.343445 24.590509 41.000000 
456.453918 155.199509 24.637009 47.000000 
456.419556 155.071228 24.623819 58.000000 
456.227081 154.346756 24.592636 40.000000 
456.438934 155.192520 24.629419 49.000000 
456.409119 155.076889 24.628214 56.000000 
456.213440 154.350128 24.594790 40.000000 
456.423889 155.185577 24.621870 58.000000 
456.398743 155.082565 24.632629 61.000000 
456.195831 154.342606 24.589174 45.000000 
456.446777 155.312057 24.638481 45.000000 
456.412109 155.186996 24.622337 62.000000 
456.224426 154.489426 24.582666 41.000000 
456.431976 155.303864 24.629250 44.000000 
456.400909 155.188309 24.622738 68.000000 
456.212921 154.497391 24.588284 42.000000 
456.419983 155.303940 24.628313 46.000000 
456.390869 155.193924 24.627239 66.000000 
456.199188 154.497574 24.588066 43.000000 
456.443329 155.424255 24.644787 55.000000 
456.406219 155.300018 24.623323 56.000000 
456.182953 154.495071 24.585806 45.000000 
456.428772 155.417816 24.636810 61.000000 
456.397095 155.306900 24.629242 54.000000 
456.210968 154.647842 24.589554 40.000000 
456.415314 155.414047 24.631655 68.000000 
456.386261 155.309784 24.631100 56.000000 
456.198181 154.651245 24.591757 40.000000 
456.402405 155.411636 24.627922 74.000000 
456.373627 155.308670 24.628910 45.000000 
456.226074 154.797333 24.597549 44.000000 
456.184174 154.651703 24.591625 44.000000 
456.389435 155.409271 24.624222 83.000000 
456.208771 154.788986 24.589996 46.000000 
456.381317 155.417389 24.631653 83.000000 
456.197632 154.795334 24.594643 48.000000 
456.368835 155.414948 24.627909 80.000000 
456.183990 154.794220 24.593126 50.000000 
456.209229 154.926682 24.593939 46.000000 
456.167816 154.788956 24.588114 50.000000 
456.187195 154.937805 24.602148 44.000000 
456.169312 154.926880 24.591848 44.000000 
456.201965 155.068588 24.607302 46.000000 
456.156616 154.927383 24.591549 46.000000 
456.184509 155.061081 24.599436 49.000000 
456.167572 155.053482 24.591501 48.000000 
456.153992 155.054413 24.591383 47.000000 
456.184296 155.184387 24.602150 44.000000 
456.141663 155.056610 24.592451 42.000000 
456.171417 155.182129 24.598978 40.000000 
456.199799 155.304779 24.609072 41.000000 
456.156006 155.177567 24.593456 40.000000 
456.145538 155.183990 24.598528 45.000000 
456.148254 155.302841 24.602129 40.000000 
456.177094 155.421066 24.613346 44.000000 
456.134827 155.304169 24.602070 40.000000 
456.160767 155.414413 24.604744 47.000000 
456.149963 155.416504 24.605612 48.000000 
456.140106 155.421356 24.609346 50.000000 
456.123810 155.416290 24.602335 51.000000 
456.110229 155.414886 24.599323 45.000000 
456.551544 153.924118 24.575823 107.000000 
456.531219 153.910217 24.569248 113.000000 
456.514191 153.917725 24.573185 121.000000 
456.532593 154.197525 24.582272 60.000000 
456.494598 153.909271 24.569313 123.000000 
456.514343 154.192657 24.579950 47.000000 
456.496368 154.189606 24.578581 106.000000 
456.513947 154.436646 24.582689 58.000000 
456.478363 154.186615 24.577250 121.000000 
456.496613 154.433670 24.581209 54.000000 
456.479919 154.434204 24.581671 71.000000 
456.499664 154.673294 24.592695 46.000000 
456.463837 154.438232 24.584068 69.000000 
456.483307 154.672134 24.592129 55.000000 
456.496460 154.867966 24.588135 49.000000 
456.467957 154.676132 24.594568 64.000000 
456.481659 154.871902 24.590593 49.000000 
456.451233 154.673355 24.593081 66.000000 
456.466522 154.874207 24.592054 63.000000 
456.435516 154.675751 24.594597 40.000000 
456.301819 153.863525 24.550308 54.000000 
456.487366 155.087479 24.608557 42.000000 
456.453247 154.884933 24.598686 64.000000 
456.279388 153.845154 24.541718 52.000000 
456.470673 155.079849 24.603611 40.000000 
456.435913 154.877258 24.594040 66.000000 
456.260529 153.844498 24.541826 55.000000 
456.455017 155.077240 24.601904 50.000000 
456.418152 154.867966 24.588408 63.000000 
456.241638 153.843903 24.541975 55.000000 
456.472809 155.259888 24.607679 40.000000 
456.440430 155.076202 24.601217 58.000000 
456.451538 155.304474 24.600229 42.000000 
456.421051 155.130539 24.600504 61.000000 
456.437897 155.308456 24.602859 50.000000 
456.403748 155.121475 24.594637 54.000000 
456.232697 154.181473 24.549595 45.000000 
456.425446 155.317337 24.608826 52.000000 
456.440063 155.476944 24.606825 48.000000 
456.409698 155.309952 24.603716 57.000000 
456.243774 154.431717 24.552727 45.000000 
456.428162 155.485687 24.612938 50.000000 
456.393188 155.302719 24.598724 59.000000 
456.227600 154.436386 24.555592 50.000000 
456.445221 155.627838 24.606689 49.000000 
456.413116 155.485062 24.612324 52.000000 
456.207642 154.429260 24.552000 48.000000 
456.430573 155.627228 24.605968 51.000000 
456.397888 155.481186 24.609386 55.000000 
456.416595 155.626526 24.605202 62.000000 
456.383057 155.478943 24.607620 60.000000 
456.405212 155.635223 24.611507 66.000000 
456.422485 155.786163 24.617661 48.000000 
456.390778 155.633041 24.609623 73.000000 
456.407135 155.779434 24.612011 53.000000 
456.374512 155.624680 24.603083 73.000000 
456.213684 154.882477 24.564512 42.000000 
456.424561 155.923889 24.619867 46.000000 
456.393524 155.778870 24.611231 62.000000 
456.359528 155.621033 24.600096 52.000000 
456.409973 155.918839 24.615255 62.000000 
456.382233 155.785965 24.616518 66.000000 
456.179779 154.876999 24.561436 46.000000 
456.394867 155.912354 24.609434 53.000000 
456.366730 155.779388 24.610966 70.000000 
456.207520 155.079147 24.567547 40.000000 
456.383026 155.916367 24.612343 62.000000 
456.353088 155.778946 24.610275 54.000000 
456.194702 155.088715 24.573780 46.000000 
456.399780 156.051605 24.618866 43.000000 
456.370728 155.918915 24.614033 64.000000 
456.178497 155.086914 24.572672 43.000000 
456.385925 156.048279 24.615425 45.000000 
456.355988 155.914047 24.609549 74.000000 
456.160797 155.080292 24.568443 40.000000 
456.404175 156.180069 24.625305 43.000000 
456.374969 156.053741 24.619663 49.000000 
456.343658 155.916687 24.611296 60.000000 
456.393646 156.185410 24.629580 45.000000 
456.362579 156.054855 24.620102 51.000000 
456.172119 155.265152 24.572279 40.000000 
456.378571 156.177948 24.622105 46.000000 
456.347626 156.048721 24.614204 59.000000 
456.156555 155.261765 24.569925 40.000000 
456.368134 156.181808 24.625036 51.000000 
456.336304 156.051239 24.615883 61.000000 
456.383331 156.297562 24.626078 45.000000 
456.357117 156.185837 24.628073 50.000000 
456.366852 156.287735 24.615816 52.000000 
456.344513 156.187164 24.628611 61.000000 
456.155273 155.446121 24.581785 41.000000 
456.383240 156.403625 24.622091 41.000000 
456.357208 156.294495 24.621569 56.000000 
456.328735 156.178467 24.619961 62.000000 
456.183960 155.602676 24.583200 42.000000 
456.137909 155.436646 24.574848 41.000000 
456.371796 156.403336 24.620974 47.000000 
456.347626 156.299759 24.625912 60.000000 
456.360901 156.405914 24.622705 48.000000 
456.333710 156.295486 24.621010 68.000000 
456.154846 155.599579 24.580355 43.000000 
456.349976 156.408539 24.624460 48.000000 
456.318634 156.288498 24.613472 73.000000 
456.139343 155.596649 24.577879 43.000000 
456.367157 156.518494 24.630310 47.000000 
456.339661 156.412521 24.627604 53.000000 
456.307953 156.292603 24.616642 40.000000 
456.122650 155.590714 24.573128 42.000000 
456.352661 156.511887 24.622261 52.000000 
456.327087 156.411148 24.625303 58.000000 
456.152435 155.754425 24.585789 42.000000 
456.343201 156.517151 24.626833 55.000000 
456.312805 156.405777 24.618937 58.000000 
456.135559 155.747131 24.579618 45.000000 
456.333160 156.519684 24.628536 61.000000 
456.300720 156.404358 24.616604 45.000000 
456.167175 155.906693 24.596884 47.000000 
456.122192 155.747223 24.579325 44.000000 
456.320862 156.518433 24.626165 68.000000 
456.149506 155.896652 24.588001 48.000000 
456.109955 155.752014 24.582733 43.000000 
456.306763 156.513306 24.619637 80.000000 
456.135315 155.895477 24.586502 45.000000 
456.294983 156.513458 24.618719 77.000000 
456.119263 155.889938 24.581371 50.000000 
456.148041 156.037292 24.595352 46.000000 
456.106232 155.891785 24.582384 50.000000 
456.132355 156.030334 24.588634 45.000000 
456.117828 156.027878 24.585831 42.000000 
456.103882 156.025314 24.582947 40.000000 
456.129425 156.157822 24.590128 40.000000 
456.096313 156.040222 24.595343 42.000000 
456.115814 156.156906 24.588493 48.000000 
456.102875 156.157440 24.588175 48.000000 
456.093811 156.166336 24.595583 51.000000 
456.075592 156.155838 24.585064 47.000000 
456.103668 156.284760 24.595039 42.000000 
456.092926 156.287933 24.597204 44.000000 
456.113037 156.396103 24.592972 42.000000 
456.078949 156.285904 24.594257 43.000000 
456.105621 156.520599 24.607473 42.000000 
456.094849 156.522476 24.608271 44.000000 
456.080017 156.518204 24.602352 44.000000 
456.065643 156.513809 24.596355 44.000000 
456.052124 156.512177 24.593250 49.000000 
456.042206 156.516922 24.597012 46.000000 
456.475891 155.054184 24.592815 66.000000 
456.456055 155.041855 24.587067 113.000000 
456.435608 155.026047 24.579613 121.000000 
456.455597 155.323318 24.598219 56.000000 
456.418182 155.018967 24.576443 125.000000 
456.437500 155.318253 24.595860 62.000000 
456.451447 155.572266 24.604921 50.000000 
456.414520 155.294144 24.583614 114.000000 
456.432831 155.560379 24.598597 44.000000 
456.398590 155.303253 24.588657 121.000000 
456.415009 155.553757 24.595177 68.000000 
456.397156 155.547180 24.591795 75.000000 
456.416382 155.796555 24.609344 54.000000 
456.379852 155.544128 24.590363 72.000000 
456.397583 155.781555 24.600801 55.000000 
456.413025 155.999298 24.610647 49.000000 
456.379608 155.771759 24.595284 67.000000 
456.396973 155.996338 24.608955 50.000000 
456.364532 155.777344 24.598736 70.000000 
456.246796 154.991928 24.566828 42.000000 
456.379517 155.986710 24.603172 52.000000 
456.225067 154.975021 24.559000 54.000000 
456.361633 155.975464 24.596397 68.000000 
456.205292 154.968796 24.556431 58.000000 
456.382385 156.188705 24.612932 46.000000 
456.348022 155.977478 24.597754 63.000000 
456.187622 154.964142 24.554590 59.000000 
456.366425 156.184265 24.610126 49.000000 
456.165253 154.945663 24.546040 48.000000 
456.382813 156.378693 24.624235 44.000000 
456.348969 156.180099 24.607510 56.000000 
456.367004 156.372742 24.620178 44.000000 
456.333313 156.177414 24.605846 59.000000 
456.172729 155.304977 24.565975 42.000000 
456.346619 156.420135 24.615559 46.000000 
456.152924 155.291901 24.559603 45.000000 
456.328766 156.406158 24.606049 52.000000 
456.347168 156.588440 24.619932 48.000000 
456.315399 156.408356 24.607542 59.000000 
456.162750 155.547256 24.566099 42.000000 
456.333649 156.590698 24.621471 55.000000 
456.145355 155.546600 24.566109 45.000000 
456.349274 156.732956 24.615475 48.000000 
456.316467 156.578659 24.612774 60.000000 
456.125519 155.535690 24.560495 44.000000 
456.339813 156.749283 24.627611 45.000000 
456.304535 156.587357 24.618935 61.000000 
456.325500 156.746857 24.625639 57.000000 
456.291565 156.594604 24.624062 52.000000 
456.308807 156.738358 24.619074 57.000000 
456.162537 156.004898 24.583330 41.000000 
456.293121 156.731354 24.613644 64.000000 
456.337036 157.018616 24.621134 47.000000 
456.314880 156.897629 24.631727 49.000000 
456.282135 156.736633 24.617479 68.000000 
456.127380 155.986908 24.572704 46.000000 
456.325165 157.022400 24.623949 59.000000 
456.299591 156.890793 24.626076 60.000000 
456.106842 155.973312 24.564594 46.000000 
456.313110 157.027817 24.628115 53.000000 
456.284058 156.885651 24.621754 63.000000 
456.091919 155.977905 24.567635 52.000000 
456.320953 157.140976 24.616003 43.000000 
456.299042 157.024170 24.624752 55.000000 
456.270905 156.886551 24.622221 68.000000 
456.284271 157.020691 24.621506 57.000000 
456.299194 157.154572 24.626989 45.000000 
456.270081 157.017136 24.618210 64.000000 
456.087341 156.181076 24.574816 46.000000 
456.288910 157.158173 24.629751 56.000000 
456.256622 157.011871 24.613533 90.000000 
456.305817 157.289948 24.640007 45.000000 
456.275574 157.156189 24.627590 61.000000 
456.292664 157.291107 24.640499 43.000000 
456.259552 157.150116 24.621803 61.000000 
456.280182 157.290649 24.639545 42.000000 
456.247589 157.152618 24.623535 63.000000 
456.268311 157.288559 24.637138 51.000000 
456.238831 157.160721 24.630209 57.000000 
456.283356 157.407120 24.641146 52.000000 
456.252747 157.279617 24.628389 55.000000 
456.269562 157.404099 24.637552 56.000000 
456.240601 157.282257 24.630224 58.000000 
456.281738 157.511597 24.636093 49.000000 
456.255798 157.399597 24.632566 64.000000 
456.231628 157.291916 24.638527 52.000000 
456.050140 156.554230 24.594082 41.000000 
456.273956 157.520706 24.644564 47.000000 
456.241486 157.392242 24.624847 62.000000 
456.073975 156.700104 24.587679 41.000000 
456.262604 157.520325 24.643444 48.000000 
456.232330 157.400330 24.631973 62.000000 
456.061890 156.704514 24.590837 42.000000 
456.245850 157.510849 24.633013 53.000000 
456.221069 157.404419 24.635193 64.000000 
456.046204 156.704803 24.590864 45.000000 
456.269928 157.640762 24.660074 47.000000 
456.231171 157.502426 24.623734 49.000000 
456.032501 156.704666 24.590603 42.000000 
456.254517 157.628464 24.646204 54.000000 
456.224030 157.512985 24.633650 51.000000 
456.240692 157.623062 24.639551 61.000000 
456.215332 157.519501 24.639473 56.000000 
456.042877 156.856232 24.593946 42.000000 
456.225647 157.615067 24.630136 64.000000 
456.064270 156.995407 24.594595 41.000000 
456.031189 156.862335 24.598501 43.000000 
456.217834 157.624222 24.638937 65.000000 
456.050690 156.995499 24.594273 48.000000 
456.205597 157.624344 24.638062 80.000000 
456.037628 156.998749 24.596539 48.000000 
456.193878 157.624359 24.637121 80.000000 
456.022247 156.994522 24.592604 43.000000 
456.010437 156.997528 24.594709 45.000000 
456.034698 157.271835 24.610844 47.000000 
455.992279 157.129929 24.594181 40.000000 
456.018707 157.265182 24.604025 42.000000 
456.002625 157.258575 24.597248 47.000000 
455.987122 157.253433 24.591801 47.000000 
456.018311 157.628433 24.625788 40.000000 
456.000244 157.617493 24.612890 42.000000 
455.985504 157.613022 24.606918 44.000000 
455.974823 157.616287 24.609224 42.000000 
455.968353 157.627243 24.619781 42.000000 
455.952789 157.621628 24.612530 45.000000 
456.417450 156.123932 24.593861 66.000000 
456.398407 156.116653 24.590668 111.000000 
456.380951 156.121933 24.593637 121.000000 
456.391663 156.398529 24.601162 58.000000 
456.361847 156.114761 24.590527 124.000000 
456.373566 156.393219 24.598738 49.000000 
456.355927 156.391464 24.598181 114.000000 
456.366638 156.635376 24.600592 51.000000 
456.337494 156.384491 24.594921 121.000000 
456.349670 156.633682 24.599970 54.000000 
456.334564 156.644211 24.606060 71.000000 
456.317047 156.639145 24.603601 75.000000 
456.328156 156.859741 24.603935 50.000000 
456.335999 157.054337 24.598764 57.000000 
456.315002 156.877045 24.614235 57.000000 
456.323425 157.071396 24.609404 49.000000 
456.296265 156.861877 24.605709 69.000000 
456.307617 157.069931 24.608717 63.000000 
456.281403 156.868988 24.610115 46.000000 
456.169708 156.058762 24.567816 53.000000 
456.322266 157.280396 24.623180 40.000000 
456.294006 157.080307 24.615280 66.000000 
456.149048 156.046921 24.562567 55.000000 
456.305115 157.269028 24.616005 45.000000 
456.276581 157.070526 24.609507 71.000000 
456.129578 156.042236 24.560833 55.000000 
456.291138 157.274307 24.619556 49.000000 
456.260406 157.067520 24.607891 57.000000 
456.108765 156.030502 24.555677 51.000000 
456.277863 157.282944 24.625273 52.000000 
456.289093 157.457809 24.625830 44.000000 
456.260895 157.273392 24.619270 58.000000 
456.273285 157.451675 24.621750 50.000000 
456.243866 157.263885 24.613308 42.000000 
456.096222 156.318176 24.566273 40.000000 
456.254089 157.508621 24.624107 55.000000 
456.238525 157.504196 24.621199 56.000000 
456.095581 156.623581 24.570478 43.000000 
456.253571 157.685211 24.633890 50.000000 
456.223694 157.503067 24.620531 52.000000 
456.078888 156.626114 24.572313 44.000000 
456.268158 157.832428 24.631321 65.000000 
456.239624 157.685684 24.634258 55.000000 
456.061829 156.626984 24.573238 47.000000 
456.255005 157.834473 24.632801 47.000000 
456.224152 157.679825 24.630095 56.000000 
456.239532 157.827133 24.627243 55.000000 
456.209381 157.677200 24.628246 58.000000 
456.257568 157.998596 24.649237 52.000000 
456.226349 157.829254 24.628780 57.000000 
456.240753 157.982086 24.636110 45.000000 
456.213837 157.831299 24.630266 61.000000 
456.226807 157.979584 24.634008 47.000000 
456.198212 157.824097 24.624807 62.000000 
456.213226 157.978668 24.633152 53.000000 
456.184204 157.823212 24.624083 43.000000 
456.040527 157.077530 24.584824 42.000000 
456.202576 157.988541 24.640793 54.000000 
456.021729 157.066879 24.578623 42.000000 
456.209076 158.104538 24.625217 53.000000 
456.186890 157.980026 24.633942 59.000000 
456.227509 158.259506 24.648382 42.000000 
456.197968 158.111267 24.630552 60.000000 
456.173737 157.980759 24.634380 42.000000 
456.186035 158.115005 24.633419 62.000000 
456.014557 157.275085 24.588781 41.000000 
456.171875 158.111267 24.630095 79.000000 
456.185883 158.246948 24.636534 49.000000 
456.160858 158.118088 24.635498 49.000000 
456.201538 158.380554 24.647812 43.000000 
456.175415 158.252045 24.640652 56.000000 
456.160522 158.247116 24.636026 61.000000 
455.989258 157.455933 24.590324 40.000000 
456.204224 158.505783 24.657478 42.000000 
456.176025 158.377869 24.644518 49.000000 
456.148193 158.246414 24.635092 65.000000 
456.187347 158.491150 24.642971 42.000000 
456.166351 158.385895 24.651421 51.000000 
456.173645 158.486404 24.637905 46.000000 
456.152374 158.381058 24.646570 51.000000 
456.187500 158.603973 24.645725 53.000000 
456.162842 158.490112 24.640919 48.000000 
456.138824 158.377686 24.643061 51.000000 
456.008118 157.795639 24.602671 44.000000 
456.175568 158.603516 24.644623 49.000000 
456.150543 158.489655 24.639935 54.000000 
455.994446 157.795166 24.602261 41.000000 
456.164642 158.604324 24.644835 41.000000 
456.141327 158.496094 24.645586 55.000000 
455.979614 157.793335 24.600821 42.000000 
456.152679 158.603928 24.643784 41.000000 
456.127014 158.490112 24.639297 66.000000 
455.964874 157.789871 24.598150 46.000000 
456.169525 158.720947 24.656757 45.000000 
456.141205 158.604919 24.644129 56.000000 
456.115204 158.491150 24.639729 46.000000 
455.947723 157.783646 24.593409 45.000000 
456.152710 158.707321 24.641609 52.000000 
456.131805 158.611404 24.649977 60.000000 
456.145172 158.717651 24.651735 54.000000 
456.117706 158.605667 24.643526 58.000000 
456.134552 158.720032 24.653467 55.000000 
455.983948 158.102158 24.618919 44.000000 
455.942078 157.938660 24.598600 42.000000 
456.122864 158.719788 24.652422 64.000000 
455.965515 158.088715 24.607479 45.000000 
456.107361 158.710327 24.641617 71.000000 
455.950256 158.084198 24.603449 40.000000 
456.093414 158.704895 24.635044 68.000000 
455.935516 158.081223 24.600681 42.000000 
455.959930 158.226181 24.612246 43.000000 
455.922424 158.082733 24.601620 45.000000 
455.908112 158.226196 24.610588 46.000000 
455.901703 158.350876 24.609476 40.000000 
455.930634 158.592087 24.618462 45.000000 
455.899628 158.479675 24.617825 42.000000 
455.885803 158.478806 24.616226 40.000000 
455.917206 158.710846 24.627594 42.000000 
455.902496 158.704666 24.620043 45.000000 
455.882233 158.711960 24.625792 47.000000 
455.866852 158.706070 24.618450 46.000000 
455.850830 158.700378 24.611269 49.000000 
455.844177 158.711304 24.621830 42.000000 
456.331055 157.215454 24.609629 66.000000 
456.310303 157.191849 24.598518 118.000000 
456.291626 157.187988 24.597061 121.000000 
456.302704 157.489746 24.616268 47.000000 
456.273804 157.191330 24.599131 123.000000 
456.283356 157.480743 24.612019 109.000000 
456.265015 157.473495 24.608665 113.000000 
456.276276 157.743851 24.624741 51.000000 
456.246613 157.466309 24.605350 121.000000 
456.256683 157.722809 24.613573 71.000000 
456.238678 157.714005 24.609121 75.000000 
456.249725 157.962585 24.624697 51.000000 
456.221863 157.713959 24.609468 72.000000 
456.233124 157.959091 24.622995 50.000000 
456.215424 157.948792 24.617363 67.000000 
456.201172 157.955612 24.621613 68.000000 
456.100952 157.138092 24.577742 46.000000 
456.209930 158.158691 24.621161 60.000000 
456.082153 157.136627 24.577599 50.000000 
456.192719 158.153793 24.618464 75.000000 
456.062439 157.135315 24.577579 47.000000 
456.177429 158.155624 24.619852 67.000000 
456.042999 157.130402 24.575787 54.000000 
456.190369 158.364761 24.632626 49.000000 
456.174469 158.359940 24.629747 56.000000 
456.158203 158.353500 24.625839 56.000000 
456.025879 157.410645 24.582392 42.000000 
456.169586 158.542099 24.634453 41.000000 
456.007446 157.407669 24.581419 45.000000 
456.153107 158.532547 24.628155 51.000000 
456.160431 158.770355 24.642292 41.000000 
456.132599 158.587723 24.629299 62.000000 
456.003174 157.714905 24.586035 43.000000 
456.147095 158.767242 24.640160 52.000000 
455.987396 157.713547 24.585743 50.000000 
456.160919 158.919617 24.640661 49.000000 
456.132050 158.762741 24.637060 52.000000 
455.967499 157.700378 24.579060 42.000000 
456.149109 158.927811 24.646801 51.000000 
456.117706 158.768127 24.640982 55.000000 
456.133484 158.925201 24.644873 57.000000 
456.104767 158.773331 24.644781 52.000000 
456.119171 158.922440 24.642834 61.000000 
456.133331 159.084869 24.657295 40.000000 
456.102173 158.908707 24.632601 66.000000 
456.117523 159.074478 24.649092 57.000000 
456.089569 158.910645 24.634073 61.000000 
456.128937 159.214798 24.653149 54.000000 
456.105408 159.076385 24.650532 56.000000 
456.114197 159.207703 24.647165 61.000000 
456.089050 159.064545 24.641190 61.000000 
455.921844 158.149017 24.588125 46.000000 
456.101379 159.208206 24.647442 60.000000 
456.077423 159.071259 24.646391 58.000000 
456.086914 159.202698 24.642769 64.000000 
456.070740 159.191208 24.633158 74.000000 
456.088745 159.346497 24.655727 43.000000 
456.061646 159.205414 24.644711 63.000000 
456.073303 159.336761 24.647081 49.000000 
456.060547 159.334351 24.644775 51.000000 
456.076813 159.478668 24.665010 48.000000 
456.048187 159.339691 24.649122 51.000000 
456.086914 159.593353 24.664894 45.000000 
456.063873 159.476456 24.662676 55.000000 
456.037659 159.344727 24.653246 50.000000 
456.075287 159.592529 24.663702 49.000000 
456.049194 159.466965 24.653748 56.000000 
456.061249 159.586197 24.657246 54.000000 
456.036621 159.466278 24.652784 56.000000 
456.070801 159.697052 24.658274 45.000000 
456.049347 159.588470 24.658955 56.000000 
456.025299 159.471512 24.657160 53.000000 
456.061676 159.704697 24.665373 45.000000 
456.034729 159.580811 24.651222 68.000000 
456.050385 159.702515 24.662714 46.000000 
456.025482 159.585648 24.655413 66.000000 
455.871490 158.877213 24.609327 41.000000 
456.035522 159.693741 24.653385 48.000000 
456.013672 159.586502 24.655775 60.000000 
455.859711 158.882889 24.613571 46.000000 
456.054260 159.821915 24.677460 52.000000 
456.022461 159.691971 24.651035 56.000000 
455.876923 159.034012 24.616083 40.000000 
455.842987 158.879700 24.611195 46.000000 
456.039185 159.812073 24.666473 58.000000 
456.011932 159.695618 24.654110 60.000000 
456.025543 159.804840 24.658245 61.000000 
456.004486 159.706009 24.663961 61.000000 
456.013824 159.804443 24.657141 68.000000 
455.868195 159.176041 24.618044 43.000000 
456.001587 159.802734 24.654661 71.000000 
455.854614 159.175781 24.617617 45.000000 
455.995026 159.815720 24.667595 80.000000 
455.842041 159.178528 24.619675 43.000000 
455.980164 159.807434 24.658175 74.000000 
455.826263 159.172394 24.614403 43.000000 
455.846710 159.311859 24.620802 46.000000 
455.813171 159.173737 24.615294 48.000000 
455.822937 159.318893 24.626226 42.000000 
455.807434 159.313019 24.620806 44.000000 
455.829071 159.447556 24.629377 47.000000 
455.791321 159.304169 24.612804 44.000000 
455.815033 159.444717 24.626324 51.000000 
455.800903 159.441910 24.623304 50.000000 
455.825012 159.574295 24.636280 41.000000 
455.786194 159.436188 24.617638 54.000000 
455.810089 159.568848 24.630468 44.000000 
455.797424 159.567444 24.628546 42.000000 
455.782379 159.562088 24.622807 47.000000 
455.769714 159.562286 24.622374 46.000000 
455.804352 159.808197 24.646992 42.000000 
455.787323 159.798050 24.635361 47.000000 
455.773346 159.794464 24.630661 48.000000 
455.764404 159.799896 24.635517 45.000000 
455.754303 159.804199 24.639124 50.000000 
455.739594 159.799454 24.633142 50.000000 
455.723511 159.792160 24.624453 41.000000 
456.220428 158.300964 24.619648 53.000000 
456.202972 158.307587 24.623362 113.000000 
456.184601 158.305298 24.622749 120.000000 
456.164490 158.286957 24.614334 122.000000 
456.172089 158.587112 24.632465 106.000000 
456.152405 158.567276 24.622707 120.000000 
456.160461 158.836060 24.637577 48.000000 
456.135590 158.572250 24.625757 111.000000 
456.143555 158.833969 24.636873 59.000000 
456.126617 158.831955 24.636208 63.000000 
456.132751 159.057922 24.639153 48.000000 
456.108948 158.824738 24.632723 72.000000 
456.118378 159.069733 24.646351 55.000000 
456.122070 159.265930 24.642218 52.000000 
456.100586 159.057510 24.639708 55.000000 
456.107880 159.274231 24.647606 48.000000 
456.083984 159.053940 24.638054 54.000000 
455.994751 158.249680 24.601435 48.000000 
456.092407 159.274094 24.647873 63.000000 
455.974213 158.235519 24.595200 50.000000 
456.098724 159.468094 24.651604 40.000000 
456.075348 159.268997 24.645151 63.000000 
455.952362 158.219727 24.588230 48.000000 
456.083527 159.466354 24.650778 49.000000 
456.058716 159.262192 24.641373 68.000000 
455.934052 158.221725 24.589880 54.000000 
456.071472 159.474487 24.656250 52.000000 
455.918152 158.227142 24.593126 47.000000 
456.055389 159.467804 24.652283 59.000000 
456.062103 159.644745 24.653530 42.000000 
456.038208 159.459610 24.647356 59.000000 
456.048889 159.651352 24.658220 48.000000 
455.897827 158.512726 24.602428 47.000000 
456.033600 159.643158 24.652935 55.000000 
456.035767 159.872391 24.662533 41.000000 
456.011322 159.692734 24.651646 59.000000 
455.888367 158.805298 24.600559 42.000000 
456.023102 159.878952 24.667366 49.000000 
455.995544 159.686340 24.647608 50.000000 
455.872559 158.812653 24.605139 51.000000 
456.033661 160.023285 24.662237 49.000000 
456.008148 159.874283 24.664249 55.000000 
456.018402 160.015533 24.656591 51.000000 
455.991455 159.868240 24.660175 56.000000 
456.005219 160.023819 24.662882 48.000000 
455.976044 159.862061 24.655993 57.000000 
455.993408 160.031952 24.669052 62.000000 
456.002106 160.172394 24.666615 49.000000 
455.979370 160.024155 24.663353 62.000000 
455.990051 160.177322 24.670507 50.000000 
455.963989 160.016571 24.657837 66.000000 
455.997437 160.310104 24.668476 65.000000 
455.977264 160.179184 24.672003 51.000000 
455.949249 160.012207 24.654703 44.000000 
455.821381 159.256531 24.612452 46.000000 
455.982391 160.301315 24.661238 51.000000 
455.963745 160.177979 24.671108 50.000000 
455.804382 159.252151 24.610258 48.000000 
455.972260 160.312317 24.670212 53.000000 
455.946381 160.161362 24.658165 57.000000 
455.825287 159.468704 24.624584 46.000000 
455.981598 160.446548 24.675606 49.000000 
455.960266 160.315735 24.672985 62.000000 
455.933929 160.164886 24.660959 48.000000 
455.808838 159.464417 24.622225 45.000000 
455.967224 160.439514 24.669441 47.000000 
455.945099 160.307083 24.665840 58.000000 
455.790741 159.453583 24.615686 47.000000 
455.955597 160.442932 24.672253 51.000000 
455.930267 160.299988 24.659973 69.000000 
455.966125 160.570953 24.678272 40.000000 
455.943573 160.444885 24.673811 55.000000 
455.916595 160.297470 24.657867 57.000000 
455.954895 160.574341 24.681116 41.000000 
455.930756 160.443924 24.672844 61.000000 
455.942169 160.570389 24.677355 42.000000 
455.917633 160.439926 24.669273 61.000000 
455.762299 159.635468 24.617540 41.000000 
455.932251 160.578186 24.684172 42.000000 
455.903870 160.436066 24.665813 61.000000 
455.939667 160.687225 24.678642 45.000000 
455.917999 160.571518 24.677925 52.000000 
455.926575 160.683578 24.674860 50.000000 
455.904602 160.567795 24.674328 51.000000 
455.753510 159.822678 24.631071 41.000000 
455.935913 160.795746 24.677162 42.000000 
455.916138 160.688446 24.679152 56.000000 
455.891571 160.565567 24.672070 56.000000 
455.777710 159.991394 24.640579 41.000000 
455.738739 159.822021 24.630819 43.000000 
455.924927 160.797760 24.678749 57.000000 
455.903931 160.687683 24.678102 62.000000 
455.761597 159.984482 24.635553 47.000000 
455.914825 160.802567 24.683102 50.000000 
455.888458 160.677078 24.667713 66.000000 
455.745392 159.977631 24.630568 46.000000 
455.906647 160.812912 24.692959 47.000000 
455.876160 160.676407 24.666727 68.000000 
455.730103 159.973938 24.627939 48.000000 
455.914215 160.911011 24.686567 42.000000 
455.892426 160.805374 24.685015 53.000000 
455.866211 160.682816 24.672449 48.000000 
455.716675 159.976532 24.629976 46.000000 
455.904510 160.915771 24.690998 54.000000 
455.878082 160.797867 24.677107 54.000000 
455.895325 160.921906 24.696848 56.000000 
455.865112 160.794556 24.673340 58.000000 
455.879791 160.910629 24.684515 58.000000 
455.856079 160.802261 24.680540 52.000000 
455.740570 160.280579 24.643047 41.000000 
455.706543 160.128189 24.632599 45.000000 
455.867615 160.908783 24.682016 61.000000 
455.724976 160.274170 24.637691 43.000000 
455.693542 160.130844 24.634680 44.000000 
455.853394 160.901627 24.673956 71.000000 
455.709351 160.267807 24.632374 43.000000 
455.843201 160.903763 24.675619 77.000000 
455.698425 160.273315 24.636789 45.000000 
455.836639 160.916718 24.688559 54.000000 
455.715179 160.408569 24.639620 44.000000 
455.685333 160.274506 24.637657 46.000000 
455.670654 160.271271 24.634886 40.000000 
455.689728 160.410950 24.641237 41.000000 
455.694489 160.539688 24.644281 46.000000 
455.663208 160.410583 24.640453 42.000000 
455.680481 160.536682 24.641216 47.000000 
455.672028 160.547958 24.651064 47.000000 
455.655151 160.536362 24.640228 46.000000 
455.673615 160.659378 24.643929 43.000000 
455.641022 160.533493 24.637259 50.000000 
455.664490 160.667679 24.651333 44.000000 
455.650696 160.664917 24.648212 44.000000 
455.635681 160.657913 24.641068 42.000000 
455.622406 160.656616 24.639332 44.000000 
455.641174 160.897629 24.657488 42.000000 
455.626831 160.895523 24.654396 42.000000 
455.612213 160.890564 24.648373 41.000000 
455.601410 160.893494 24.650621 49.000000 
455.589996 160.895142 24.651522 46.000000 
456.103821 159.411224 24.689880 105.000000 
456.084656 159.397827 24.684168 118.000000 
456.066345 159.395279 24.683647 121.000000 
456.068207 159.686417 24.695818 55.000000 
456.048035 159.392792 24.683167 122.000000 
456.050873 159.676788 24.691572 56.000000 
456.032410 159.665497 24.686525 106.000000 
456.035431 159.921951 24.693298 45.000000 
456.015778 159.672028 24.690506 121.000000 
456.017761 159.912613 24.688923 54.000000 
456.001038 159.912094 24.689281 59.000000 
456.006165 160.155457 24.700392 48.000000 
455.986053 159.925659 24.697176 61.000000 
455.989502 160.149811 24.697781 49.000000 
455.973236 160.147659 24.697163 57.000000 
455.977020 160.366150 24.704823 57.000000 
455.956879 160.150833 24.699577 59.000000 
455.878723 159.345825 24.667776 42.000000 
455.960876 160.360672 24.702103 53.000000 
455.941071 160.152237 24.700979 51.000000 
455.858398 159.331314 24.661724 50.000000 
455.968994 160.569595 24.713894 49.000000 
455.946686 160.358521 24.701311 59.000000 
455.840790 159.323868 24.658958 49.000000 
455.931732 160.361664 24.703733 64.000000 
455.820557 159.311279 24.653847 58.000000 
455.936188 160.553986 24.705091 47.000000 
455.913666 160.349594 24.697128 64.000000 
455.798737 159.295258 24.647169 63.000000 
455.920990 160.552109 24.704399 51.000000 
455.928253 160.742188 24.713150 48.000000 
455.907196 160.558640 24.709003 58.000000 
455.912720 160.735413 24.709112 46.000000 
455.890839 160.550140 24.704165 58.000000 
455.776093 159.585907 24.656929 47.000000 
455.897705 160.731995 24.707291 52.000000 
455.884186 160.736877 24.710949 57.000000 
455.765381 159.899536 24.664133 48.000000 
455.882111 160.956329 24.712416 46.000000 
455.862061 160.789597 24.711582 59.000000 
455.746796 159.890991 24.660360 44.000000 
455.889984 161.097595 24.703863 42.000000 
455.869415 160.962799 24.717279 50.000000 
455.729401 159.889481 24.660341 48.000000 
455.878967 161.110321 24.713469 59.000000 
455.856110 160.966049 24.719915 56.000000 
455.865753 161.111923 24.714949 49.000000 
455.840881 160.959610 24.715828 58.000000 
455.850891 161.105591 24.710644 50.000000 
455.862091 161.272964 24.727604 42.000000 
455.838348 161.110458 24.714504 55.000000 
455.848694 161.271484 24.726711 43.000000 
455.825836 161.115356 24.718388 64.000000 
455.832764 161.259109 24.717466 50.000000 
455.811615 161.112335 24.716496 73.000000 
455.841919 161.405716 24.725586 59.000000 
455.820343 161.262390 24.720226 55.000000 
455.710144 160.562515 24.685026 42.000000 
455.677338 160.347977 24.673702 48.000000 
455.828003 161.398148 24.719648 55.000000 
455.809326 161.268753 24.725319 58.000000 
455.814514 161.395294 24.717518 53.000000 
455.793243 161.256516 24.716179 61.000000 
455.825043 161.540115 24.730841 42.000000 
455.800598 161.390961 24.714186 58.000000 
455.808838 161.525375 24.718479 47.000000 
455.789337 161.397369 24.719494 62.000000 
455.643951 160.541138 24.673948 45.000000 
455.796021 161.524170 24.717543 47.000000 
455.774994 161.391586 24.714993 69.000000 
455.809174 161.666977 24.735617 41.000000 
455.784607 161.525909 24.719078 54.000000 
455.762604 161.393478 24.716661 46.000000 
455.647247 160.737564 24.683821 40.000000 
455.794891 161.656967 24.726734 42.000000 
455.773804 161.532272 24.724508 59.000000 
455.631287 160.733292 24.681496 40.000000 
455.782440 161.655869 24.725750 44.000000 
455.760773 161.528091 24.721039 61.000000 
455.770233 161.657837 24.727468 43.000000 
455.746735 161.527237 24.720377 53.000000 
455.778107 161.772644 24.726442 47.000000 
455.759460 161.662674 24.731718 45.000000 
455.764771 161.765839 24.720024 48.000000 
455.746704 161.658661 24.728140 54.000000 
455.635162 161.063507 24.684612 43.000000 
455.603363 160.911133 24.688496 43.000000 
455.774200 161.882263 24.725628 49.000000 
455.754761 161.772049 24.725672 52.000000 
455.734222 161.657715 24.727262 51.000000 
455.622864 161.067261 24.687641 41.000000 
455.765778 161.894028 24.736868 44.000000 
455.745575 161.782669 24.735399 53.000000 
455.607697 161.068237 24.688700 41.000000 
455.751221 161.884781 24.727644 47.000000 
455.730255 161.771805 24.725170 62.000000 
455.595459 161.072067 24.691778 43.000000 
455.740814 161.886642 24.729242 50.000000 
455.717194 161.766602 24.720192 64.000000 
455.577484 161.058731 24.682388 46.000000 
455.751373 161.997147 24.734499 47.000000 
455.731232 161.892822 24.735018 56.000000 
455.561920 161.051636 24.677517 41.000000 
455.739319 161.995041 24.732004 47.000000 
455.717438 161.886490 24.728601 51.000000 
455.580231 161.213806 24.686796 42.000000 
455.727203 161.992966 24.729536 56.000000 
455.705048 161.884369 24.726286 58.000000 
455.719452 162.003128 24.739584 56.000000 
455.692108 161.880905 24.722645 56.000000 
455.584717 161.365265 24.695618 49.000000 
455.550385 161.206406 24.681561 46.000000 
455.705414 161.995697 24.731617 64.000000 
455.570709 161.363174 24.694038 50.000000 
455.692261 161.991013 24.726458 60.000000 
455.553650 161.352066 24.685217 46.000000 
455.679565 161.987732 24.722715 68.000000 
455.539032 161.348557 24.682495 53.000000 
455.672974 161.999252 24.734125 44.000000 
455.560059 161.498672 24.696587 46.000000 
455.526031 161.347977 24.682121 50.000000 
455.533752 161.496201 24.694485 42.000000 
455.521149 161.495712 24.694044 44.000000 
455.536591 161.623352 24.695513 42.000000 
455.509460 161.501389 24.698814 44.000000 
455.522064 161.618729 24.691275 47.000000 
455.508026 161.615585 24.688345 45.000000 
455.497345 161.621109 24.693087 48.000000 
455.515015 161.745560 24.697313 41.000000 
455.485535 161.623795 24.695305 48.000000 
455.500732 161.741165 24.692961 45.000000 
455.491577 161.749451 24.700378 46.000000 
455.476654 161.743744 24.694784 47.000000 
455.462250 161.739487 24.690529 43.000000 
455.491058 161.980286 24.707586 42.000000 
455.458954 161.863510 24.698984 40.000000 
455.478485 161.979004 24.705702 44.000000 
455.442932 161.855423 24.690622 43.000000 
455.465240 161.976425 24.702482 42.000000 
455.451416 161.974045 24.699411 44.000000 
455.438721 161.972885 24.697618 45.000000 
455.426544 161.971634 24.695740 50.000000 
455.956421 160.517990 24.714397 64.000000 
455.937408 160.504410 24.708717 68.000000 
455.918427 160.492706 24.703936 120.000000 
455.919495 160.792679 24.720085 61.000000 
455.900879 160.488205 24.702553 121.000000 
455.900726 160.775818 24.712341 106.000000 
455.881866 160.767975 24.709183 109.000000 
455.884064 161.036652 24.722246 50.000000 
455.864166 160.763687 24.707790 121.000000 
455.868195 161.027054 24.717768 51.000000 
455.850220 161.014084 24.711584 62.000000 
455.853119 161.262634 24.725447 48.000000 
455.832733 161.013535 24.712051 75.000000 
455.836517 161.256836 24.722853 49.000000 
455.819489 161.247620 24.718348 55.000000 
455.822876 161.471100 24.728745 46.000000 
455.802582 161.240189 24.714855 64.000000 
455.806305 161.467270 24.727121 44.000000 
455.787811 161.255386 24.724119 47.000000 
455.710480 160.421539 24.679710 58.000000 
455.788757 161.451447 24.718380 68.000000 
455.692047 160.421280 24.680534 54.000000 
455.795959 161.662155 24.730730 40.000000 
455.774811 161.450928 24.718643 64.000000 
455.673981 160.410141 24.676136 64.000000 
455.780884 161.660095 24.730013 46.000000 
455.760345 161.457397 24.723124 50.000000 
455.654724 160.404602 24.674494 55.000000 
455.783478 161.838470 24.731274 52.000000 
455.763214 161.646362 24.722048 50.000000 
455.665344 160.702179 24.686041 43.000000 
455.770447 161.846420 24.737022 44.000000 
455.748810 161.649429 24.724550 52.000000 
455.647156 160.698532 24.685116 44.000000 
455.755737 161.839447 24.732929 41.000000 
455.735443 161.654144 24.728054 52.000000 
455.628723 160.687744 24.680593 47.000000 
455.738831 161.824310 24.723507 50.000000 
455.640289 160.950378 24.687124 50.000000 
455.717316 161.888718 24.731146 51.000000 
455.615631 161.010269 24.691525 47.000000 
455.722748 162.061874 24.736767 41.000000 
455.703522 161.891861 24.733744 57.000000 
455.596344 160.996307 24.684990 50.000000 
455.707642 162.055206 24.732634 52.000000 
455.577820 160.987656 24.681280 44.000000 
455.718719 162.217194 24.739017 56.000000 
455.694611 162.059982 24.736395 55.000000 
455.707764 162.229874 24.748617 50.000000 
455.680450 162.054947 24.733372 55.000000 
455.691803 162.213745 24.737288 52.000000 
455.666809 162.056549 24.734943 47.000000 
455.676666 162.202438 24.729475 60.000000 
455.572052 161.458344 24.699579 42.000000 
455.686279 162.369919 24.746265 43.000000 
455.663116 162.205719 24.732277 64.000000 
455.671204 162.360519 24.739435 45.000000 
455.651276 162.210480 24.736103 61.000000 
455.678467 162.503983 24.745058 59.000000 
455.656342 162.352753 24.733837 50.000000 
455.553833 161.663574 24.707390 42.000000 
455.519684 161.433640 24.687204 44.000000 
455.665405 162.502502 24.744133 55.000000 
455.643921 162.355972 24.736622 62.000000 
455.535126 161.647156 24.697823 42.000000 
455.650909 162.494919 24.738323 50.000000 
455.632263 162.362366 24.741814 58.000000 
455.518829 161.642471 24.695572 41.000000 
455.659393 162.633575 24.746441 44.000000 
455.635956 162.485855 24.731321 53.000000 
455.503937 161.644516 24.697510 41.000000 
455.644592 162.626282 24.740505 43.000000 
455.623169 162.486038 24.731716 62.000000 
455.488708 161.644943 24.698441 46.000000 
455.632416 162.624893 24.739492 44.000000 
455.611542 162.490860 24.735815 64.000000 
455.618866 162.620605 24.736065 45.000000 
455.487366 161.828064 24.699690 41.000000 
455.606659 162.619278 24.735106 56.000000 
455.474609 161.836777 24.705967 41.000000 
455.617279 162.756363 24.747765 41.000000 
455.595245 162.625671 24.740635 61.000000 
455.457886 161.829117 24.701544 43.000000 
455.626343 162.879684 24.754736 43.000000 
455.602783 162.747849 24.740345 51.000000 
455.582214 162.621414 24.737207 63.000000 
455.611755 162.869934 24.745724 55.000000 
455.589905 162.745255 24.738132 50.000000 
455.599213 162.867416 24.743382 49.000000 
455.579926 162.752975 24.744987 52.000000 
455.606415 162.979462 24.744936 49.000000 
455.583618 162.854874 24.731791 54.000000 
455.567474 162.751923 24.744118 50.000000 
455.458252 162.152908 24.699638 45.000000 
455.596313 162.984070 24.749289 51.000000 
455.574890 162.865356 24.741428 60.000000 
455.446808 162.159760 24.704981 46.000000 
455.585785 162.987305 24.752300 47.000000 
455.564026 162.868668 24.744461 64.000000 
455.433655 162.165298 24.709404 43.000000 
455.571259 162.977966 24.743130 47.000000 
455.549561 162.860580 24.736938 62.000000 
455.418274 162.157990 24.704512 45.000000 
455.584625 163.098038 24.757828 42.000000 
455.560364 162.978378 24.743395 53.000000 
455.432709 162.310608 24.706820 43.000000 
455.401215 162.147705 24.697477 45.000000 
455.570313 163.088989 24.748400 54.000000 
455.549866 162.981705 24.746477 59.000000 
455.422546 162.322189 24.715933 41.000000 
455.556458 163.079880 24.738924 54.000000 
455.536621 162.975189 24.740023 52.000000 
455.406067 162.310471 24.707314 44.000000 
455.546234 163.083191 24.742037 58.000000 
455.524200 162.973007 24.737745 49.000000 
455.422241 162.459549 24.713905 41.000000 
455.391205 162.306656 24.704718 45.000000 
455.537415 163.092056 24.750792 68.000000 
455.406189 162.452896 24.708803 50.000000 
455.524323 163.087265 24.745642 68.000000 
455.394135 162.456787 24.712103 47.000000 
455.510681 163.081146 24.739143 80.000000 
455.378632 162.450104 24.706968 45.000000 
455.501007 163.085922 24.743725 45.000000 
455.395874 162.592758 24.714861 43.000000 
455.361023 162.437424 24.697044 46.000000 
455.353210 162.582306 24.706352 42.000000 
455.374023 162.725937 24.721432 46.000000 
455.341644 162.584702 24.708427 41.000000 
455.359650 162.719604 24.715820 47.000000 
455.343536 162.710541 24.707808 49.000000 
455.330627 162.710205 24.707460 48.000000 
455.318787 162.712784 24.709681 50.000000 
455.334106 162.833099 24.709736 41.000000 
455.321503 162.832855 24.709335 44.000000 
455.311768 162.838150 24.714050 44.000000 
455.298553 162.836578 24.712400 42.000000 
455.303131 162.955231 24.716148 40.000000 
455.287811 162.948303 24.709099 43.000000 
455.308167 163.068069 24.719597 49.000000 
455.296143 163.068054 24.719110 50.000000 
455.282898 163.065399 24.715935 50.000000 
455.267120 163.057480 24.707365 50.000000 
455.255646 163.058914 24.708326 46.000000 
455.805176 161.637695 24.731680 62.000000 
455.787231 161.636566 24.731985 58.000000 
455.768250 161.621063 24.725477 111.000000 
455.764771 161.908218 24.736309 53.000000 
455.748840 161.602020 24.717304 121.000000 
455.745605 161.903732 24.734955 55.000000 
455.727478 161.892105 24.729933 109.000000 
455.726166 162.148132 24.737230 48.000000 
455.709412 161.882324 24.725849 109.000000 
455.709656 162.147263 24.737558 51.000000 
455.692261 162.137650 24.733240 65.000000 
455.674774 162.128098 24.728962 58.000000 
455.676849 162.374634 24.742281 41.000000 
455.657776 162.123856 24.727528 45.000000 
455.673065 162.558334 24.730225 44.000000 
455.659973 162.365265 24.737770 46.000000 
455.642395 162.350739 24.730375 57.000000 
455.626404 162.350128 24.730814 51.000000 
455.559052 161.535400 24.695339 58.000000 
455.630188 162.570023 24.739222 42.000000 
455.541870 161.529434 24.693445 55.000000 
455.632660 162.770447 24.746054 49.000000 
455.613007 162.555801 24.731520 60.000000 
455.523468 161.529053 24.694304 58.000000 
455.615234 162.761612 24.741268 45.000000 
455.596527 162.558838 24.734125 61.000000 
455.502106 161.519897 24.691135 63.000000 
455.599915 162.757767 24.739536 50.000000 
455.509827 161.808334 24.698792 45.000000 
455.606079 162.952530 24.751587 50.000000 
455.585541 162.750473 24.735590 54.000000 
455.494690 161.813248 24.702133 40.000000 
455.590759 162.945465 24.747561 47.000000 
455.570129 162.746704 24.733923 56.000000 
455.476318 161.807693 24.700354 44.000000 
455.574951 162.940186 24.744732 47.000000 
455.448883 161.851517 24.696455 45.000000 
455.550415 162.981216 24.736832 55.000000 
455.458252 162.110550 24.701534 50.000000 
455.556763 163.169098 24.752634 41.000000 
455.536865 162.985886 24.740520 57.000000 
455.440491 162.105164 24.699627 54.000000 
455.541199 163.159027 24.746246 50.000000 
455.523346 162.990585 24.744234 41.000000 
455.421844 162.094574 24.694983 56.000000 
455.546997 163.300125 24.737839 62.000000 
455.527679 163.157089 24.745436 55.000000 
455.537720 163.319031 24.752022 47.000000 
455.513458 163.155258 24.744732 58.000000 
455.524292 163.318832 24.752365 52.000000 
455.499786 163.160049 24.748627 58.000000 
455.508606 163.310745 24.747017 57.000000 
455.515839 163.470108 24.758167 46.000000 
455.491302 163.291443 24.733519 61.000000 
455.393890 162.556427 24.710083 42.000000 
455.502502 163.468430 24.757309 47.000000 
455.480011 163.302551 24.742065 61.000000 
455.505493 163.597794 24.752253 52.000000 
455.489136 163.466782 24.756477 53.000000 
455.360382 162.537796 24.700665 46.000000 
455.495758 163.605301 24.758556 53.000000 
455.473602 163.449341 24.743582 62.000000 
455.376587 162.764648 24.719995 42.000000 
455.343231 162.531189 24.697613 44.000000 
455.481018 163.596039 24.751507 51.000000 
455.460815 163.450912 24.745199 63.000000 
455.465912 163.588440 24.745804 53.000000 
455.473633 163.730270 24.756538 41.000000 
455.452087 163.583893 24.742514 58.000000 
455.325073 162.740341 24.707184 49.000000 
455.460571 163.727325 24.754337 46.000000 
455.439667 163.585526 24.744162 58.000000 
455.446716 163.721420 24.749643 51.000000 
455.428406 163.591797 24.749510 46.000000 
455.456696 163.859787 24.763863 41.000000 
455.432037 163.712524 24.742462 56.000000 
455.306244 162.922211 24.708546 42.000000 
455.441986 163.849625 24.755110 46.000000 
455.420410 163.715729 24.745396 65.000000 
455.293457 162.930832 24.714855 43.000000 
455.429993 163.849808 24.755455 49.000000 
455.409973 163.723465 24.752127 65.000000 
455.416748 163.845627 24.751944 53.000000 
455.425537 163.967606 24.757343 47.000000 
455.404877 163.844330 24.750963 56.000000 
455.411743 163.960693 24.751047 54.000000 
455.394897 163.851974 24.757841 56.000000 
455.294586 163.265274 24.721485 42.000000 
455.262726 163.106400 24.720890 41.000000 
455.418945 164.077133 24.756763 49.000000 
455.398193 163.956772 24.747520 62.000000 
455.275085 163.246857 24.708708 41.000000 
455.407990 164.078857 24.758423 40.000000 
455.385986 163.955688 24.746588 60.000000 
455.262939 163.253738 24.714182 48.000000 
455.397583 164.080521 24.760019 44.000000 
455.376099 163.960297 24.750885 56.000000 
455.249786 163.254227 24.715004 52.000000 
455.408447 164.197815 24.772312 47.000000 
455.236847 163.258011 24.718239 48.000000 
455.393341 164.185898 24.760103 51.000000 
455.370728 164.068726 24.748545 57.000000 
455.250793 163.412155 24.721909 45.000000 
455.380859 164.182236 24.756254 58.000000 
455.361542 164.076187 24.755716 59.000000 
455.239258 163.419006 24.727512 40.000000 
455.366974 164.174500 24.748280 64.000000 
455.348236 164.071091 24.750731 47.000000 
455.250916 163.557251 24.726086 41.000000 
455.224030 163.413498 24.723732 45.000000 
455.356720 164.177750 24.751417 74.000000 
455.233704 163.544250 24.716032 50.000000 
455.207825 163.404938 24.717638 40.000000 
455.348450 164.185013 24.758636 71.000000 
455.225098 163.557022 24.726492 45.000000 
455.337311 164.185577 24.759043 51.000000 
455.210663 163.553238 24.723766 43.000000 
455.222229 163.682404 24.720819 47.000000 
455.194336 163.541779 24.714928 50.000000 
455.177795 163.532028 24.707449 43.000000 
455.197815 163.688614 24.726397 41.000000 
455.200745 163.818207 24.729881 48.000000 
455.169586 163.678299 24.718113 41.000000 
455.187408 163.816193 24.728191 49.000000 
455.170807 163.807114 24.720280 47.000000 
455.155762 163.800858 24.714848 49.000000 
455.173981 163.932678 24.725443 44.000000 
455.142853 163.800430 24.714533 54.000000 
455.158112 163.923782 24.717190 46.000000 
455.145538 163.923416 24.716791 40.000000 
455.135162 163.928741 24.721624 46.000000 
455.123138 163.929871 24.722576 43.000000 
455.127655 164.153137 24.721741 42.000000 
455.118042 164.158356 24.726702 42.000000 
455.107239 164.160934 24.728962 44.000000 
455.093384 164.156876 24.724457 45.000000 
455.078857 164.151535 24.718632 45.000000 
455.658325 162.722443 24.737038 62.000000 
455.640808 162.728317 24.740692 104.000000 
455.621979 162.712585 24.734116 117.000000 
455.614227 162.987244 24.738384 58.000000 
455.602844 162.693298 24.725872 122.000000 
455.597778 162.996750 24.744009 103.000000 
455.580658 162.984863 24.738853 113.000000 
455.575500 163.232071 24.741259 45.000000 
455.563019 162.978409 24.736485 115.000000 
455.558289 163.232803 24.742510 50.000000 
455.541748 163.231781 24.742802 65.000000 
455.537872 163.453873 24.742579 40.000000 
455.524414 163.222015 24.738451 72.000000 
455.523132 163.465103 24.749670 46.000000 
455.517303 163.657379 24.742537 41.000000 
455.505585 163.455566 24.745155 54.000000 
455.488922 163.447769 24.741590 61.000000 
455.489441 163.667618 24.750019 48.000000 
455.474731 163.448608 24.742796 43.000000 
455.416901 162.627899 24.704611 58.000000 
455.473114 163.658279 24.745253 66.000000 
455.396820 162.611038 24.697706 55.000000 
455.456726 163.648987 24.740522 75.000000 
455.378387 162.610428 24.698488 58.000000 
455.457275 163.849655 24.746859 50.000000 
455.439606 163.634613 24.732796 45.000000 
455.359955 162.609894 24.699306 54.000000 
455.455505 164.017990 24.741533 42.000000 
455.442230 163.847305 24.746113 59.000000 
455.442505 164.027344 24.748318 42.000000 
455.426239 163.838257 24.741196 61.000000 
455.344971 162.885498 24.701326 43.000000 
455.429321 164.035049 24.754036 47.000000 
455.410645 163.832642 24.738417 56.000000 
455.328430 162.893967 24.706579 103.000000 
455.405914 164.249130 24.751417 43.000000 
455.390320 164.075424 24.746058 47.000000 
455.306885 163.189728 24.703272 47.000000 
455.392792 164.253540 24.755064 50.000000 
455.374664 164.066650 24.740986 51.000000 
455.290161 163.191162 24.705000 48.000000 
455.393951 164.378601 24.735071 50.000000 
455.378113 164.248199 24.751987 50.000000 
455.273407 163.192627 24.706760 50.000000 
455.381439 164.384583 24.739962 60.000000 
455.363129 164.241257 24.747820 56.000000 
455.370941 164.401840 24.753006 55.000000 
455.349213 164.240891 24.748180 56.000000 
455.265167 163.436676 24.715979 41.000000 
455.357727 164.403091 24.754454 55.000000 
455.358734 164.542038 24.750046 54.000000 
455.342804 164.394745 24.748968 61.000000 
455.346832 164.548035 24.755091 45.000000 
455.327209 164.383255 24.741201 51.000000 
455.335876 164.558792 24.763742 51.000000 
455.313934 164.384613 24.742741 52.000000 
455.221497 163.633286 24.710447 48.000000 
455.335144 164.674255 24.747433 64.000000 
455.320984 164.545898 24.754412 62.000000 
455.204193 163.624741 24.706282 50.000000 
455.323669 164.680222 24.752611 51.000000 
455.306305 164.537857 24.748779 59.000000 
455.310944 164.680054 24.752890 62.000000 
455.292511 164.534561 24.746761 52.000000 
455.199219 163.835052 24.715860 40.000000 
455.312836 164.805313 24.749723 50.000000 
455.297882 164.678391 24.751966 79.000000 
455.183685 163.833420 24.715649 41.000000 
455.300781 164.806732 24.751240 51.000000 
455.283752 164.672119 24.747387 65.000000 
455.165771 163.820114 24.708202 47.000000 
455.290466 164.815720 24.759096 54.000000 
455.270630 164.670532 24.746525 62.000000 
455.293365 164.933411 24.755247 57.000000 
455.276703 164.809647 24.754343 61.000000 
455.282379 164.937836 24.759380 53.000000 
455.263214 164.805115 24.750887 65.000000 
455.144623 164.001907 24.709152 41.000000 
455.270355 164.937851 24.759645 50.000000 
455.249695 164.800613 24.747459 65.000000 
455.130188 164.003784 24.711107 42.000000 
455.271179 165.039688 24.746635 55.000000 
455.258331 164.937897 24.759935 53.000000 
455.237640 164.802200 24.749104 49.000000 
455.295868 165.276733 24.767109 55.000000 
455.262054 165.049896 24.756178 46.000000 
455.245148 164.933548 24.756369 58.000000 
455.284027 165.274048 24.764416 61.000000 
455.266174 165.160675 24.756416 58.000000 
455.251099 165.052887 24.759094 56.000000 
455.231934 164.929245 24.752834 58.000000 
455.274109 165.278290 24.768719 64.000000 
455.254333 165.159393 24.755262 59.000000 
455.238586 165.050140 24.756723 64.000000 
455.218262 164.923508 24.748037 43.000000 
455.129059 164.350021 24.724937 45.000000 
455.263031 165.278427 24.768862 58.000000 
455.242096 165.156723 24.752773 46.000000 
455.224030 165.040207 24.747753 70.000000 
455.112854 164.340820 24.718863 45.000000 
455.250458 165.271637 24.761990 68.000000 
455.234039 165.166718 24.762459 53.000000 
455.211182 165.034561 24.742712 80.000000 
455.097687 164.333145 24.713873 43.000000 
455.238098 165.267715 24.758011 83.000000 
455.220154 165.158478 24.754585 59.000000 
455.201416 165.042023 24.749701 64.000000 
455.083374 164.331985 24.713594 47.000000 
455.227081 165.266495 24.756760 71.000000 
455.208801 165.157242 24.753448 63.000000 
455.096039 164.488007 24.718069 43.000000 
455.073090 164.343460 24.722387 41.000000 
455.218475 165.275009 24.765335 61.000000 
455.196045 165.153320 24.749708 61.000000 
455.082581 164.488464 24.718885 45.000000 
455.205536 165.271271 24.761517 63.000000 
455.183563 165.152328 24.748795 61.000000 
455.068054 164.487518 24.718651 44.000000 
455.193054 165.267502 24.757645 63.000000 
455.078400 164.627808 24.717947 43.000000 
455.056366 164.494278 24.724234 46.000000 
455.178864 165.256805 24.746786 80.000000 
455.065948 164.628235 24.718645 42.000000 
455.168976 165.261337 24.751287 74.000000 
455.050629 164.621185 24.713415 48.000000 
455.160980 165.271362 24.761339 58.000000 
455.064209 164.765945 24.722624 42.000000 
455.039337 164.627914 24.719116 50.000000 
455.050568 164.763565 24.720913 43.000000 
455.024384 164.622467 24.715160 50.000000 
455.040588 164.774780 24.730534 41.000000 
455.027435 164.773972 24.730118 45.000000 
455.036469 164.892929 24.723957 50.000000 
455.012329 164.767242 24.724764 44.000000 
455.025116 164.896576 24.727299 48.000000 
454.998749 164.763428 24.721825 42.000000 
455.012787 164.897339 24.728109 41.000000 
454.999908 164.896683 24.727674 43.000000 
455.011078 165.012756 24.724072 44.000000 
454.984039 164.885773 24.718254 48.000000 
455.001648 165.020706 24.731398 47.000000 
454.971619 164.886658 24.719154 41.000000 
454.987000 165.014465 24.725687 46.000000 
454.972809 165.009705 24.721321 48.000000 
454.989685 165.137192 24.733662 40.000000 
454.959656 165.007813 24.719593 45.000000 
454.974182 165.126938 24.723669 45.000000 
454.961884 165.126526 24.723164 45.000000 
454.985107 165.261505 24.748987 40.000000 
454.947906 165.120514 24.717245 42.000000 
454.966980 165.246307 24.733372 47.000000 
454.936096 165.123062 24.719572 42.000000 
454.951019 165.236557 24.723265 51.000000 
454.938354 165.233490 24.719902 51.000000 
454.928619 165.238632 24.724844 53.000000 
454.917206 165.241257 24.727198 53.000000 
455.492676 163.822769 24.732969 64.000000 
455.474426 163.814026 24.729683 121.000000 
455.456451 163.812561 24.729874 121.000000 
455.445740 164.083527 24.732857 45.000000 
455.438385 163.809341 24.729242 122.000000 
455.427673 164.082184 24.733084 106.000000 
455.419495 164.331055 24.736876 52.000000 
455.411011 164.089767 24.737791 120.000000 
455.403351 164.322708 24.733212 50.000000 
455.393738 164.074219 24.730783 60.000000 
455.386780 164.321472 24.733398 65.000000 
455.381470 164.562714 24.744204 40.000000 
455.370636 164.325577 24.736439 61.000000 
455.353516 164.317398 24.732937 54.000000 
455.347778 164.546600 24.736784 54.000000 
455.341858 164.751007 24.736694 49.000000 
455.332306 164.550766 24.739952 61.000000 
455.326813 164.753433 24.738909 48.000000 
455.316223 164.548019 24.739237 60.000000 
455.311462 164.752472 24.739117 63.000000 
455.250122 163.720566 24.696930 68.000000 
455.308746 164.944489 24.740715 55.000000 
455.297546 164.758362 24.743361 64.000000 
455.232483 163.717880 24.696665 66.000000 
455.293549 164.940231 24.738785 52.000000 
455.281281 164.748917 24.738546 68.000000 
455.213043 163.706284 24.692249 105.000000 
455.303284 165.295746 24.748562 52.000000 
455.293427 165.135178 24.751112 56.000000 
455.279449 164.939331 24.738934 58.000000 
455.307465 165.468994 24.764158 43.000000 
455.196075 163.710907 24.695467 44.000000 
455.290466 165.303101 24.754293 55.000000 
455.276764 165.114410 24.738132 55.000000 
455.265167 164.943588 24.742340 60.000000 
455.294556 165.471420 24.766499 52.000000 
455.277283 165.307220 24.757786 52.000000 
455.262604 165.115311 24.739412 52.000000 
455.250122 164.941147 24.741558 63.000000 
455.178131 163.984497 24.697159 43.000000 
455.280609 165.465820 24.763018 57.000000 
455.263275 165.304840 24.756775 46.000000 
455.239502 165.174194 24.742805 55.000000 
455.270142 165.673111 24.770426 51.000000 
455.151520 164.036713 24.696800 103.000000 
455.255096 165.500443 24.748978 46.000000 
455.237335 165.344101 24.746729 47.000000 
455.225525 165.181839 24.748577 60.000000 
455.153107 164.292419 24.700541 50.000000 
455.255920 165.667709 24.766872 50.000000 
455.242828 165.512665 24.758478 60.000000 
455.222778 165.338547 24.743525 52.000000 
455.210510 165.176208 24.745571 60.000000 
455.253845 165.799835 24.765068 41.000000 
455.135040 164.283096 24.696575 47.000000 
455.242523 165.663895 24.764492 46.000000 
455.227570 165.499146 24.749252 48.000000 
455.209778 165.339493 24.744804 58.000000 
455.194977 165.162262 24.737076 45.000000 
455.242371 165.802246 24.767469 53.000000 
455.119354 164.286041 24.699087 50.000000 
455.229004 165.655319 24.758467 48.000000 
455.215485 165.503311 24.752836 61.000000 
455.197296 165.348709 24.751820 64.000000 
455.229584 165.800110 24.766235 62.000000 
455.101410 164.278564 24.696129 62.000000 
455.199829 165.488281 24.742512 48.000000 
455.182190 165.339996 24.746449 64.000000 
455.215729 165.791809 24.760069 57.000000 
455.204529 165.663651 24.765886 47.000000 
455.186310 165.487747 24.742720 54.000000 
455.167480 165.334595 24.743368 61.000000 
455.215668 165.925705 24.765465 69.000000 
455.202301 165.786652 24.756416 55.000000 
455.190247 165.655258 24.760015 55.000000 
455.173340 165.490463 24.745285 59.000000 
455.202881 165.922180 24.762926 62.000000 
455.189667 165.786163 24.756506 40.000000 
455.176178 165.648483 24.755379 52.000000 
455.161163 165.498032 24.751369 66.000000 
455.189514 165.915665 24.757870 49.000000 
455.177551 165.788818 24.759098 61.000000 
455.160919 165.635437 24.745974 46.000000 
455.146301 165.489594 24.745840 61.000000 
455.192444 166.050949 24.770372 47.000000 
455.061523 164.729477 24.705441 46.000000 
455.176361 165.910690 24.754118 48.000000 
455.164063 165.783768 24.755531 62.000000 
455.149780 165.646072 24.754604 53.000000 
455.179382 166.044617 24.765152 51.000000 
455.046021 164.730942 24.707195 46.000000 
455.164337 165.911835 24.755484 48.000000 
455.150208 165.777206 24.750759 51.000000 
455.136719 165.645721 24.754860 57.000000 
455.180847 166.163452 24.769018 45.000000 
455.053070 164.937790 24.714678 40.000000 
455.165985 166.036835 24.758657 53.000000 
455.028839 164.722229 24.702942 50.000000 
455.153198 165.917557 24.760685 43.000000 
455.135712 165.767609 24.743551 57.000000 
455.122437 165.639099 24.750349 61.000000 
455.170166 166.167480 24.773020 60.000000 
455.037018 164.932556 24.712240 40.000000 
455.153076 166.032074 24.754805 53.000000 
455.139374 165.909683 24.754477 62.000000 
455.124481 165.775040 24.749954 64.000000 
455.157959 166.164276 24.770346 52.000000 
455.142975 166.040695 24.762724 45.000000 
455.126709 165.907898 24.753378 52.000000 
455.111115 165.771698 24.747742 69.000000 
455.157654 166.268814 24.766109 45.000000 
455.144135 166.153854 24.761009 53.000000 
455.006012 164.928955 24.711651 47.000000 
455.131012 166.040451 24.762835 49.000000 
455.113708 165.904633 24.751040 49.000000 
455.098022 165.769943 24.746794 69.000000 
455.151001 166.284073 24.781040 50.000000 
455.013611 165.110077 24.711546 44.000000 
455.133270 166.152069 24.759592 52.000000 
454.990387 164.918671 24.706007 40.000000 
455.119202 166.035660 24.758919 56.000000 
455.101563 165.899765 24.747311 59.000000 
455.137421 166.273941 24.771444 48.000000 
454.999878 165.114975 24.715509 43.000000 
455.121948 166.153320 24.761011 50.000000 
455.107208 166.035477 24.759081 52.000000 
455.090820 165.907166 24.753897 63.000000 
455.139069 166.377228 24.770693 52.000000 
455.125092 166.269516 24.767363 47.000000 
454.982849 165.103409 24.708696 42.000000 
455.110962 166.156067 24.763790 49.000000 
455.094177 166.030899 24.755365 45.000000 
455.077423 165.902496 24.750372 57.000000 
455.129089 166.381241 24.774876 61.000000 
454.967773 165.101807 24.708403 42.000000 
455.099640 166.157394 24.765255 62.000000 
455.081818 166.029312 24.754280 52.000000 
455.063629 165.896378 24.745613 44.000000 
455.003815 165.449112 24.722410 52.000000 
455.117737 166.379745 24.773472 54.000000 
455.102417 166.269287 24.767492 50.000000 
455.085510 166.147171 24.756073 60.000000 
455.070465 166.032196 24.757120 55.000000 
454.989716 165.447556 24.721878 46.000000 
455.105255 166.374146 24.767895 56.000000 
455.071991 166.139893 24.749592 56.000000 
455.057343 166.027725 24.753490 56.000000 
454.974182 165.439651 24.716764 48.000000 
455.093842 166.372726 24.766544 46.000000 
454.948151 165.283035 24.717789 43.000000 
455.080475 166.272018 24.770449 50.000000 
455.060608 166.141327 24.751139 58.000000 
454.960724 165.441360 24.718601 48.000000 
455.082397 166.371338 24.765219 51.000000 
454.932068 165.275101 24.713017 47.000000 
455.066498 166.262131 24.761042 50.000000 
455.049591 166.144226 24.754040 66.000000 
454.947296 165.443115 24.720467 47.000000 
455.072449 166.375504 24.769508 46.000000 
455.052429 166.252274 24.751671 48.000000 
455.036713 166.139954 24.750311 68.000000 
454.954956 165.592728 24.721298 49.000000 
454.932343 165.438522 24.717756 50.000000 
455.060608 166.372803 24.766834 71.000000 
455.040985 166.252350 24.751879 53.000000 
455.022614 166.131378 24.742624 58.000000 
454.940796 165.589798 24.719595 53.000000 
454.915833 165.427628 24.710485 47.000000 
455.046387 166.361862 24.755816 68.000000 
455.031097 166.258102 24.757559 59.000000 
454.952972 165.748352 24.734398 44.000000 
454.928589 165.594727 24.723852 48.000000 
454.900391 165.421555 24.706701 48.000000 
455.033630 166.356491 24.750412 61.000000 
455.018463 166.254028 24.753729 63.000000 
454.934052 165.725601 24.716696 61.000000 
454.915588 165.596573 24.725761 43.000000 
455.023804 166.359329 24.753321 68.000000 
455.007965 166.255524 24.755285 61.000000 
454.922455 165.728867 24.719704 60.000000 
454.898407 165.579636 24.713396 46.000000 
455.015533 166.369141 24.763290 68.000000 
454.911072 165.735321 24.725266 57.000000 
454.883698 165.575317 24.710638 43.000000 
455.001770 166.362579 24.756655 68.000000 
454.917206 165.864807 24.723112 47.000000 
454.897003 165.734238 24.724852 50.000000 
454.988464 166.355972 24.749973 74.000000 
454.905823 165.869675 24.727514 45.000000 
454.881012 165.723938 24.717070 47.000000 
454.977356 166.354813 24.748798 45.000000 
454.895966 165.877472 24.734346 51.000000 
454.865967 165.715118 24.710445 53.000000 
454.902618 165.996216 24.729015 40.000000 
454.883362 165.877914 24.735033 46.000000 
454.854187 165.720200 24.714897 51.000000 
454.890778 165.998138 24.730925 48.000000 
454.866730 165.864929 24.724497 45.000000 
454.878937 166.000076 24.732857 46.000000 
454.853607 165.863953 24.723999 44.000000 
454.884094 166.107422 24.722383 45.000000 
454.865295 165.996201 24.729681 54.000000 
454.840454 165.863022 24.723530 49.000000 
454.873474 166.112244 24.726948 56.000000 
454.850647 165.989456 24.723974 50.000000 
454.828217 165.865097 24.725582 44.000000 
454.863007 166.115570 24.730118 55.000000 
454.835571 165.979721 24.715643 51.000000 
454.850067 166.113312 24.728149 62.000000 
454.822693 165.978897 24.715130 50.000000 
454.887482 166.356934 24.750566 49.000000 
454.859894 166.229446 24.730782 42.000000 
454.838074 166.113937 24.728836 54.000000 
454.811279 165.982498 24.718483 57.000000 
454.851166 166.238449 24.739475 42.000000 
454.822632 166.104630 24.720366 52.000000 
454.798370 165.981750 24.718023 40.000000 
454.835052 166.226578 24.728010 45.000000 
454.811066 166.106766 24.722422 52.000000 
454.822327 166.224503 24.725994 48.000000 
454.799530 166.108932 24.724503 50.000000 
454.844452 166.364944 24.758263 45.000000 
454.810608 166.225250 24.726694 45.000000 
454.785431 166.104034 24.720064 50.000000 
454.825928 166.346664 24.739626 51.000000 
454.795258 166.216309 24.718031 44.000000 
454.807739 166.329819 24.722422 56.000000 
454.786133 166.224075 24.725489 45.000000 
454.795227 166.327942 24.720364 54.000000 
454.771729 166.218002 24.719572 45.000000 
454.785400 166.331390 24.723713 53.000000 
454.760529 166.218781 24.720272 41.000000 
454.776154 166.337692 24.729923 50.000000 
454.761963 166.331863 24.723835 50.000000 
454.748840 166.328781 24.720518 50.000000 
454.735657 166.325729 24.717234 50.000000 
455.321960 165.220184 24.759563 56.000000 
455.319153 164.937439 24.750322 116.000000 
455.305084 165.222031 24.761427 61.000000 
455.301514 164.941101 24.753056 66.000000 
455.292694 165.470032 24.766495 55.000000 
455.289124 165.225693 24.764175 103.000000 
455.284454 164.935806 24.751471 108.000000 
455.275879 165.456070 24.759937 48.000000 
455.271851 165.216919 24.760698 113.000000 
455.266632 164.934158 24.751694 120.000000 
455.259308 165.449203 24.757187 56.000000 
455.254211 165.201065 24.753656 107.000000 
455.248871 164.934372 24.752813 121.000000 
455.248535 165.694977 24.772068 48.000000 
455.244080 165.470581 24.769541 42.000000 
455.237030 165.197739 24.752958 109.000000 
455.232391 165.684799 24.767214 49.000000 
455.226929 165.453247 24.761209 59.000000 
455.219940 165.196243 24.753197 111.000000 
455.223267 165.898590 24.774521 42.000000 
455.216797 165.685104 24.768284 41.000000 
455.210358 165.448273 24.759506 49.000000 
455.203125 165.200165 24.756168 113.000000 
455.207367 165.885193 24.767408 57.000000 
455.201416 165.688934 24.771349 45.000000 
455.193298 165.436310 24.754078 59.000000 
455.191864 165.878708 24.764416 52.000000 
455.185486 165.684113 24.769541 54.000000 
455.176727 165.433212 24.753389 66.000000 
455.184784 166.080185 24.773514 58.000000 
455.176819 165.879120 24.765539 55.000000 
455.169159 165.674118 24.764828 46.000000 
455.160767 165.438965 24.757429 69.000000 
455.169922 166.075562 24.771442 55.000000 
455.161499 165.876160 24.764652 48.000000 
455.153107 165.669388 24.763090 57.000000 
455.163452 166.264725 24.781910 46.000000 
455.154877 166.069275 24.768343 46.000000 
455.146149 165.873230 24.763800 63.000000 
455.137054 165.664703 24.761389 59.000000 
455.149231 166.261902 24.780836 48.000000 
455.139771 166.063049 24.765278 52.000000 
455.130493 165.866928 24.760942 52.000000 
455.121399 165.665283 24.762657 67.000000 
455.133881 166.247452 24.772116 45.000000 
455.125153 166.070404 24.770769 52.000000 
455.114166 165.862411 24.759201 57.000000 
455.104645 165.653748 24.757113 43.000000 
455.065613 164.867157 24.731831 54.000000 
455.129028 166.424713 24.782803 47.000000 
455.119049 166.239716 24.767818 42.000000 
455.109833 166.062561 24.766712 59.000000 
455.099243 165.864761 24.761501 63.000000 
455.045166 164.839111 24.719715 59.000000 
455.116241 166.425278 24.783909 51.000000 
455.106781 166.250305 24.775543 42.000000 
455.095184 166.054733 24.762627 51.000000 
455.084564 165.861984 24.760715 63.000000 
455.026855 164.827286 24.715250 61.000000 
455.101318 166.412811 24.776031 46.000000 
455.093170 166.254288 24.778969 43.000000 
455.079559 166.045288 24.757584 52.000000 
455.101654 166.559799 24.773548 48.000000 
455.007874 164.819168 24.712612 68.000000 
455.077393 166.245056 24.773731 50.000000 
455.064423 166.047760 24.760031 61.000000 
455.021515 165.365219 24.726418 40.000000 
455.006897 165.119919 24.727644 46.000000 
455.088409 166.570206 24.781887 52.000000 
455.072845 166.407700 24.774040 49.000000 
455.061646 166.230820 24.765188 46.000000 
455.049835 166.048538 24.761385 63.000000 
454.978577 165.159439 24.720287 50.000000 
455.065216 166.620697 24.778864 45.000000 
455.050995 166.466278 24.776749 50.000000 
455.037811 166.276184 24.759089 50.000000 
454.981232 165.428619 24.732229 62.000000 
455.062714 166.766724 24.781803 40.000000 
454.962769 165.158539 24.720888 45.000000 
455.051361 166.610138 24.771870 40.000000 
455.036652 166.460526 24.773529 58.000000 
455.023529 166.275345 24.759357 56.000000 
454.963318 165.417282 24.727312 54.000000 
455.050079 166.767471 24.783037 51.000000 
455.039124 166.612488 24.774254 50.000000 
455.022247 166.454803 24.770344 55.000000 
455.010284 166.282852 24.765116 55.000000 
454.945679 165.409531 24.724300 50.000000 
455.036316 166.760361 24.778271 46.000000 
455.025146 166.611740 24.774458 52.000000 
455.006927 166.442581 24.762672 55.000000 
454.947876 165.655136 24.735243 45.000000 
455.033569 166.893921 24.777855 66.000000 
454.926117 165.386017 24.712946 56.000000 
455.022736 166.754868 24.774740 41.000000 
455.012695 166.612549 24.775724 60.000000 
454.993073 166.446808 24.766397 56.000000 
454.931183 165.656265 24.736969 54.000000 
455.021362 166.899460 24.782911 62.000000 
454.908783 165.388962 24.715694 54.000000 
455.008911 166.752609 24.773716 46.000000 
454.997101 166.605499 24.771389 53.000000 
454.979248 166.446121 24.766695 61.000000 
455.017151 167.013107 24.772221 54.000000 
454.914154 165.648727 24.733793 45.000000 
455.008118 166.894119 24.779249 55.000000 
454.995728 166.750351 24.772655 47.000000 
454.982697 166.593536 24.763388 51.000000 
454.965149 166.438889 24.762438 45.000000 
454.916626 165.867554 24.740290 49.000000 
455.006195 167.020065 24.778606 64.000000 
454.896698 165.632507 24.725718 42.000000 
454.994659 166.884125 24.771835 42.000000 
454.985382 166.762299 24.782373 60.000000 
454.968536 166.588074 24.760151 57.000000 
454.898407 165.848206 24.729849 57.000000 
454.995636 167.025482 24.783669 53.000000 
454.880463 165.631989 24.726500 51.000000 
454.982086 166.883514 24.771952 63.000000 
454.970673 166.750641 24.774153 50.000000 
454.954468 166.579407 24.754547 46.000000 
454.992401 167.138016 24.777231 43.000000 
454.882813 165.847717 24.730555 57.000000 
454.981537 167.017349 24.777426 53.000000 
454.968689 166.878296 24.768381 62.000000 
454.956390 166.742188 24.768373 49.000000 
454.888092 166.062561 24.744192 49.000000 
454.980530 167.137466 24.777241 52.000000 
454.865112 165.833603 24.723227 52.000000 
454.968536 167.009171 24.771082 46.000000 
454.957947 166.888611 24.777205 64.000000 
454.942841 166.738510 24.766226 55.000000 
454.872833 166.060440 24.743797 45.000000 
454.970337 167.145889 24.785114 56.000000 
454.849182 165.831482 24.722996 49.000000 
454.954010 166.999619 24.763638 54.000000 
454.943115 166.875717 24.767511 69.000000 
454.930359 166.741180 24.768906 56.000000 
454.968384 167.252762 24.778633 52.000000 
454.856750 166.053314 24.740299 52.000000 
454.957031 167.137985 24.778641 53.000000 
454.834839 165.839661 24.728836 52.000000 
454.943420 167.005173 24.768795 55.000000 
454.930481 166.875259 24.767736 62.000000 
454.917603 166.742294 24.770412 53.000000 
454.957123 167.253769 24.779982 60.000000 
454.837494 166.027725 24.725342 40.000000 
454.944550 167.134567 24.776114 47.000000 
454.932007 167.012375 24.775385 63.000000 
454.915771 166.864014 24.759350 62.000000 
454.844421 166.228699 24.738920 47.000000 
454.946747 167.259186 24.785368 55.000000 
454.822937 166.030792 24.728193 43.000000 
454.931427 167.128220 24.771008 55.000000 
454.918243 167.001312 24.766619 57.000000 
454.904846 166.872910 24.767031 69.000000 
454.945129 167.362091 24.779995 51.000000 
454.828705 166.221786 24.735270 51.000000 
454.934875 167.257355 24.784082 55.000000 
454.810150 166.043991 24.737335 47.000000 
454.919464 167.127853 24.771147 51.000000 
454.904999 166.999496 24.765646 55.000000 
454.892151 166.872559 24.767334 64.000000 
454.935425 167.368866 24.786856 64.000000 
454.812592 166.213272 24.730574 48.000000 
454.922668 167.254105 24.781485 56.000000 
454.908752 167.133469 24.776520 56.000000 
454.892975 166.997604 24.764551 63.000000 
454.926025 167.374176 24.792292 52.000000 
454.908447 167.239212 24.768154 52.000000 
454.896759 167.130142 24.774029 50.000000 
454.880280 166.995804 24.763559 63.000000 
454.925415 167.471588 24.786285 52.000000 
454.806183 166.400162 24.744387 43.000000 
454.913452 167.368210 24.786861 51.000000 
454.784973 166.217804 24.735247 43.000000 
454.898743 167.247665 24.776302 49.000000 
454.883148 167.122452 24.767735 52.000000 
454.869507 167.000031 24.767580 63.000000 
454.913422 167.467178 24.782080 61.000000 
454.790802 166.393509 24.740612 41.000000 
454.899170 167.355194 24.774618 45.000000 
454.768738 166.209412 24.730658 44.000000 
454.887787 167.250336 24.779125 58.000000 
454.871155 167.122238 24.767977 55.000000 
454.904816 167.476669 24.791908 54.000000 
454.777008 166.395020 24.742456 41.000000 
454.888519 167.357819 24.777458 47.000000 
454.874115 167.241425 24.771303 62.000000 
454.858124 167.117599 24.764347 58.000000 
454.786926 166.548126 24.740543 56.000000 
454.892120 167.469559 24.784952 55.000000 
454.763214 166.396576 24.744328 41.000000 
454.877167 167.357651 24.777584 43.000000 
454.862762 167.242706 24.772842 56.000000 
454.847107 167.121887 24.768536 58.000000 
454.769806 166.535355 24.732086 55.000000 
454.880402 167.466644 24.782225 56.000000 
454.747040 166.386810 24.738424 45.000000 
454.867279 167.363174 24.783195 59.000000 
454.847198 167.226624 24.758427 62.000000 
454.757080 166.536850 24.733856 49.000000 
454.867737 167.462433 24.778200 51.000000 
454.731110 166.382034 24.736002 45.000000 
454.854309 167.358871 24.779350 52.000000 
454.837036 167.235291 24.766758 68.000000 
454.741608 166.535431 24.733635 49.000000 
454.857788 167.466492 24.782513 56.000000 
454.840363 167.348892 24.770004 52.000000 
454.824951 167.233780 24.765715 64.000000 
454.749023 166.689682 24.738243 49.000000 
454.728882 166.537003 24.735460 52.000000 
454.848785 167.471909 24.788160 71.000000 
454.829132 167.347366 24.768791 52.000000 
454.813782 167.233688 24.765945 48.000000 
454.734833 166.683395 24.734098 53.000000 
454.715118 166.537109 24.736259 53.000000 
454.836243 167.466354 24.782742 68.000000 
454.818115 167.348785 24.770407 61.000000 
454.722229 166.686630 24.737196 51.000000 
454.700134 166.529190 24.731247 50.000000 
454.820892 167.451187 24.767597 65.000000 
454.808655 167.355865 24.777485 61.000000 
454.730743 166.834305 24.743681 62.000000 
454.710449 166.693039 24.742685 43.000000 
454.807770 167.444336 24.760857 68.000000 
454.794098 167.344635 24.766905 51.000000 
454.714661 166.822174 24.734598 62.000000 
454.694336 166.682281 24.735180 46.000000 
454.798615 167.451324 24.768066 65.000000 
454.701660 166.822372 24.735310 53.000000 
454.679779 166.677811 24.732445 47.000000 
454.789520 167.458328 24.775290 86.000000 
454.708618 166.954697 24.735571 42.000000 
454.691925 166.834869 24.745792 49.000000 
454.663910 166.668716 24.726202 44.000000 
454.778229 167.454193 24.771240 71.000000 
454.697845 166.959351 24.739902 46.000000 
454.676910 166.822693 24.736616 51.000000 
454.687531 166.965546 24.745502 42.000000 
454.661804 166.815353 24.731329 53.000000 
454.675629 166.970459 24.750065 42.000000 
454.647919 166.812637 24.729725 49.000000 
454.661499 166.963211 24.744455 40.000000 
454.669220 167.089432 24.745575 47.000000 
454.646057 166.956192 24.739082 44.000000 
454.658295 167.094238 24.750120 41.000000 
454.633575 166.955017 24.738533 47.000000 
454.643799 167.087326 24.744434 41.000000 
454.618011 166.948105 24.733236 44.000000 
454.655365 167.216202 24.753658 40.000000 
454.630127 167.083405 24.741344 49.000000 
454.639343 167.202240 24.741095 50.000000 
454.614166 167.070633 24.730511 54.000000 
454.626892 167.201324 24.740492 48.000000 
454.600372 167.066788 24.727495 49.000000 
454.638336 167.324448 24.749899 45.000000 
454.614441 167.200439 24.739918 44.000000 
454.625732 167.322205 24.747873 47.000000 
454.600464 167.195313 24.735441 46.000000 
454.612610 167.318604 24.744534 48.000000 
454.585480 167.187363 24.728382 48.000000 
454.598938 167.313644 24.739883 44.000000 
454.576416 167.196594 24.737057 46.000000 
454.584686 167.307343 24.733929 42.000000 
454.604370 167.442520 24.760481 47.000000 
454.572449 167.306656 24.733368 43.000000 
454.587830 167.429626 24.747454 49.000000 
454.561218 167.308792 24.735510 43.000000 
454.570129 167.414063 24.731739 51.000000 
454.551605 167.315125 24.741684 41.000000 
454.560822 167.418808 24.736498 53.000000 
454.550476 167.422333 24.740015 55.000000 
454.538513 167.421814 24.739450 55.000000 
454.523743 167.414581 24.732092 53.000000 
455.209412 166.137558 24.776663 40.000000 
455.192017 166.126389 24.772305 116.000000 
455.174500 166.113480 24.767118 111.000000 
455.154877 166.396790 24.781229 43.000000 
455.156921 166.104218 24.763708 55.000000 
455.137939 166.378769 24.773056 103.000000 
455.139618 166.113022 24.769011 51.000000 
455.121002 166.367935 24.768559 106.000000 
455.122009 166.105652 24.766544 119.000000 
455.105225 166.620407 24.778643 58.000000 
455.104126 166.087540 24.758915 117.000000 
455.088806 166.606277 24.772028 69.000000 
455.087311 166.358871 24.766037 51.000000 
455.086334 166.078461 24.755661 120.000000 
455.072754 166.606262 24.773041 48.000000 
455.070496 166.357086 24.766191 111.000000 
455.068878 166.082062 24.758507 121.000000 
455.059418 166.831894 24.779367 51.000000 
455.056030 166.588699 24.764605 56.000000 
455.053802 166.358902 24.768194 60.000000 
455.051453 166.085709 24.761387 118.000000 
455.043793 166.826752 24.777433 55.000000 
455.039703 166.583496 24.762846 51.000000 
455.036102 166.335831 24.757540 111.000000 
455.030975 167.027740 24.779514 52.000000 
455.027863 166.816452 24.772572 42.000000 
455.023743 166.587143 24.765858 76.000000 
455.019196 166.334183 24.757803 117.000000 
455.015686 167.019318 24.775431 68.000000 
455.012238 166.813141 24.771696 45.000000 
455.007568 166.585556 24.766060 61.000000 
455.002777 166.343277 24.763536 111.000000 
455.000000 167.005814 24.768303 59.000000 
454.996796 166.813339 24.772827 49.000000 
454.990875 166.575211 24.761566 54.000000 
454.991486 167.218491 24.786402 51.000000 
454.984650 166.999191 24.765318 63.000000 
454.980927 166.806641 24.770044 55.000000 
454.974091 166.564911 24.757111 63.000000 
454.976624 167.210312 24.782175 58.000000 
454.970398 167.009750 24.772627 45.000000 
454.965118 166.801712 24.768284 54.000000 
454.958801 166.579300 24.765924 54.000000 
454.961578 167.200485 24.776917 49.000000 
454.954773 166.999786 24.767654 63.000000 
454.949249 166.796844 24.766558 57.000000 
454.954285 167.389038 24.788754 44.000000 
454.946442 167.190704 24.771694 50.000000 
454.939453 166.995026 24.765795 64.000000 
454.933380 166.792023 24.764866 54.000000 
454.905792 166.004990 24.732248 108.000000 
454.939789 167.381104 24.784384 50.000000 
454.932312 167.194458 24.775017 48.000000 
454.923706 166.985153 24.760897 66.000000 
454.917969 166.794174 24.767145 55.000000 
454.888733 166.016296 24.738909 66.000000 
454.924561 167.373215 24.780107 50.000000 
454.916962 167.191528 24.774178 40.000000 
454.907379 166.978775 24.758146 64.000000 
454.869659 166.011475 24.737934 68.000000 
454.918304 167.549850 24.792198 52.000000 
454.909637 167.362030 24.773605 53.000000 
454.902130 167.186951 24.772245 52.000000 
454.892670 166.982697 24.761507 68.000000 
454.850037 165.988678 24.728331 56.000000 
454.905334 167.547012 24.791048 55.000000 
454.896576 167.364151 24.775883 50.000000 
454.887329 167.175613 24.766035 57.000000 
454.878113 166.979782 24.760738 57.000000 
454.845734 166.275879 24.739878 55.000000 
454.832764 165.985703 24.728144 64.000000 
454.890961 167.537704 24.785431 49.000000 
454.882874 167.366348 24.778250 46.000000 
454.872223 167.169418 24.763109 58.000000 
454.829498 166.285446 24.745945 61.000000 
454.889404 167.684189 24.784283 51.000000 
454.813354 165.968399 24.721210 63.000000 
454.866241 167.579803 24.776676 46.000000 
454.859161 167.421539 24.778610 46.000000 
454.848083 167.224640 24.763481 60.000000 
454.801636 166.321182 24.736465 45.000000 
454.866791 167.742584 24.786997 62.000000 
454.853363 167.585281 24.781368 41.000000 
454.843872 167.408844 24.771135 43.000000 
454.834167 167.230331 24.768042 51.000000 
454.797852 166.570190 24.740871 49.000000 
454.861664 167.884888 24.788822 42.000000 
454.783569 166.311264 24.732714 53.000000 
454.852325 167.730301 24.778843 59.000000 
454.840149 167.587540 24.783808 51.000000 
454.829193 167.402847 24.768097 52.000000 
454.781158 166.567444 24.740597 52.000000 
454.847748 167.874420 24.781572 51.000000 
454.764191 166.288956 24.722717 103.000000 
454.838928 167.727692 24.777773 51.000000 
454.825989 167.581650 24.780592 55.000000 
454.815247 167.403519 24.769482 56.000000 
454.764221 166.563004 24.739420 41.000000 
454.835571 167.878204 24.785254 50.000000 
454.825134 167.721924 24.774384 49.000000 
454.811340 167.572540 24.775137 51.000000 
454.801697 167.407562 24.773090 55.000000 
454.763245 166.802536 24.749794 42.000000 
454.830933 168.008133 24.783461 69.000000 
454.745544 166.542786 24.729836 44.000000 
454.822174 167.872559 24.781698 51.000000 
454.812103 167.722610 24.775719 57.000000 
454.795807 167.556931 24.765179 58.000000 
454.746552 166.794739 24.746536 51.000000 
454.817841 168.002609 24.779749 62.000000 
454.726532 166.520874 24.719366 51.000000 
454.808929 167.868530 24.779385 46.000000 
454.799927 167.729767 24.781771 62.000000 
454.782715 167.560974 24.768873 56.000000 
454.729401 166.783524 24.741362 49.000000 
454.806061 168.006424 24.783537 62.000000 
454.710602 166.527115 24.723934 59.000000 
454.796082 167.867691 24.779516 44.000000 
454.784698 167.714478 24.771441 51.000000 
454.769440 167.563416 24.771458 59.000000 
454.801453 168.127396 24.780088 58.000000 
454.711945 166.770630 24.735254 41.000000 
454.793854 168.007172 24.784859 55.000000 
454.782562 167.862152 24.776052 49.000000 
454.770721 167.708862 24.768177 55.000000 
454.712006 166.990784 24.744350 52.000000 
454.790802 168.135742 24.787794 62.000000 
454.695679 166.768173 24.735044 42.000000 
454.780212 167.998657 24.778744 47.000000 
454.770386 167.866119 24.779863 50.000000 
454.756470 167.701675 24.763775 57.000000 
454.696411 166.988373 24.744020 50.000000 
454.779724 168.141083 24.792957 61.000000 
454.678284 166.757111 24.729994 47.000000 
454.767487 167.996384 24.777634 49.000000 
454.756805 167.860657 24.776459 50.000000 
454.743347 167.702560 24.765253 59.000000 
454.775726 168.247070 24.782101 50.000000 
454.679626 166.972305 24.735523 46.000000 
454.766968 168.132767 24.786573 51.000000 
454.755859 167.997192 24.778963 49.000000 
454.743805 167.855194 24.773012 51.000000 
454.730927 167.703430 24.766684 45.000000 
454.681671 167.176544 24.744389 54.000000 
454.763397 168.243439 24.779503 58.000000 
454.663666 166.968277 24.734253 44.000000 
454.752502 168.118454 24.775181 46.000000 
454.743866 167.999634 24.781631 58.000000 
454.730377 167.851395 24.770874 55.000000 
454.666290 167.177689 24.746204 45.000000 
454.752625 168.251785 24.787493 59.000000 
454.645874 166.957535 24.729059 48.000000 
454.739746 168.117874 24.775385 47.000000 
454.729980 167.994415 24.778193 53.000000 
454.716522 167.849243 24.770046 61.000000 
454.751190 168.365601 24.788465 55.000000 
454.740845 168.251190 24.787567 52.000000 
454.631134 166.962143 24.732925 48.000000 
454.728668 168.123352 24.780647 51.000000 
454.716614 167.989197 24.774712 60.000000 
454.704132 167.851822 24.772783 54.000000 
454.739166 168.362137 24.785799 58.000000 
454.727661 168.243210 24.781118 49.000000 
454.716492 168.122803 24.780830 62.000000 
454.702362 167.979370 24.767550 57.000000 
454.736664 168.466156 24.782492 45.000000 
454.638092 167.353546 24.748035 40.000000 
454.728821 168.367432 24.791222 62.000000 
454.714935 168.238251 24.777321 45.000000 
454.703735 168.119263 24.778492 59.000000 
454.690643 167.983505 24.771563 64.000000 
454.726318 168.467056 24.783800 64.000000 
454.622986 167.344788 24.743202 50.000000 
454.716125 168.358185 24.783167 52.000000 
454.604645 167.158905 24.738642 43.000000 
454.703369 168.236237 24.776096 48.000000 
454.690643 168.111160 24.772289 57.000000 
454.679840 167.989151 24.776756 58.000000 
454.716949 168.475128 24.792076 50.000000 
454.607361 167.337769 24.739586 41.000000 
454.704010 168.354828 24.780581 49.000000 
454.692413 168.240234 24.780199 52.000000 
454.676910 168.103149 24.766193 65.000000 
454.706696 168.478958 24.796242 48.000000 
454.592590 167.335770 24.739264 40.000000 
454.691528 168.350052 24.776684 50.000000 
454.679291 168.233887 24.775177 55.000000 
454.664642 168.102737 24.766491 72.000000 
454.704651 168.573273 24.788099 54.000000 
454.694244 168.472900 24.790812 40.000000 
454.577179 167.330505 24.736803 42.000000 
454.681549 168.356934 24.783535 50.000000 
454.666443 168.229065 24.771494 58.000000 
454.653931 168.109924 24.773163 56.000000 
454.694031 168.574310 24.789522 61.000000 
454.581848 167.507477 24.744436 43.000000 
454.562958 167.331894 24.738716 43.000000 
454.669678 168.355118 24.782368 56.000000 
454.652893 168.221313 24.765232 56.000000 
454.685455 168.583679 24.799395 71.000000 
454.566223 167.499115 24.739578 45.000000 
454.669525 168.462296 24.781414 44.000000 
454.657471 168.351913 24.779888 54.000000 
454.642578 168.228409 24.772041 58.000000 
454.576752 167.664902 24.747894 49.000000 
454.674591 168.583374 24.799452 52.000000 
454.554138 167.508652 24.747086 43.000000 
454.659943 168.469086 24.788414 48.000000 
454.644531 168.345825 24.774765 62.000000 
454.631653 168.232574 24.776260 59.000000 
454.561188 167.655121 24.741642 63.000000 
454.538116 167.498734 24.741175 45.000000 
454.648376 168.467422 24.787209 59.000000 
454.630493 168.335449 24.765665 62.000000 
454.545502 167.645370 24.735430 55.000000 
454.648193 168.564926 24.781412 49.000000 
454.523010 167.493744 24.738661 45.000000 
454.636414 168.464371 24.784658 51.000000 
454.620239 168.341034 24.771288 55.000000 
454.532196 167.646851 24.737349 46.000000 
454.638641 168.570251 24.787155 56.000000 
454.623718 168.458511 24.779404 56.000000 
454.610046 168.346634 24.776930 58.000000 
454.540436 167.810135 24.750158 49.000000 
454.519928 167.653152 24.742760 52.000000 
454.628021 168.571472 24.788713 51.000000 
454.610565 168.451294 24.772812 56.000000 
454.597687 168.343597 24.774588 52.000000 
454.524689 167.799103 24.742529 51.000000 
454.503418 167.640350 24.734344 55.000000 
454.614807 168.563065 24.780502 64.000000 
454.599213 168.451187 24.773085 49.000000 
454.511444 167.799072 24.743273 48.000000 
454.488586 167.635590 24.731739 48.000000 
454.604706 168.564285 24.782030 63.000000 
454.590332 168.458084 24.780121 50.000000 
454.518250 167.941666 24.747032 59.000000 
454.499603 167.802124 24.746323 45.000000 
454.591370 168.555954 24.773882 68.000000 
454.579376 168.459442 24.781799 50.000000 
454.503479 167.934006 24.741606 63.000000 
454.485229 167.797485 24.743555 45.000000 
454.579895 168.554535 24.772749 65.000000 
454.490204 167.932541 24.741110 49.000000 
454.470795 167.792877 24.740822 44.000000 
454.570435 168.560059 24.778614 61.000000 
454.499023 168.078094 24.753742 44.000000 
454.480072 167.943359 24.750423 49.000000 
454.559357 168.560089 24.778919 68.000000 
454.484131 168.069183 24.746878 41.000000 
454.465210 167.935837 24.745092 47.000000 
454.472443 168.072342 24.750099 49.000000 
454.449860 167.926834 24.738581 51.000000 
454.462006 168.080017 24.757109 47.000000 
454.434387 167.917862 24.732111 46.000000 
454.447174 168.069656 24.748985 44.000000 
454.456909 168.205841 24.759966 55.000000 
454.432739 168.065506 24.746120 42.000000 
454.443878 168.203171 24.758102 48.000000 
454.419464 168.061218 24.743082 45.000000 
454.448303 168.312851 24.751314 42.000000 
454.430389 168.199081 24.754984 46.000000 
454.404938 168.057159 24.740286 45.000000 
454.435089 168.308868 24.748034 48.000000 
454.415039 168.189163 24.746761 42.000000 
454.424225 168.310562 24.749952 56.000000 
454.402954 168.187988 24.746174 43.000000 
454.431061 168.423462 24.750887 41.000000 
454.413269 168.313812 24.753313 52.000000 
454.390259 168.186935 24.745720 46.000000 
454.419098 168.420975 24.748749 45.000000 
454.400543 168.309845 24.750013 50.000000 
454.408966 168.425598 24.753477 53.000000 
454.384338 168.297440 24.738964 52.000000 
454.395874 168.423370 24.751595 54.000000 
454.374725 168.306610 24.747763 48.000000 
454.411194 168.551117 24.772547 40.000000 
454.381317 168.415497 24.744257 47.000000 
454.360321 168.300003 24.742039 49.000000 
454.395569 168.536469 24.757841 51.000000 
454.369293 168.411667 24.740780 47.000000 
454.382782 168.532928 24.754398 58.000000 
454.357635 168.412247 24.741575 43.000000 
454.367889 168.525452 24.746967 61.000000 
454.346436 168.415741 24.745186 44.000000 
454.356018 168.524704 24.746338 55.000000 
454.335846 168.419174 24.748709 41.000000 
454.347870 168.532043 24.753862 50.000000 
454.335480 168.530014 24.751909 53.000000 
454.321442 168.525421 24.747355 55.000000 
454.307892 168.520767 24.742729 46.000000 
454.987244 167.263840 24.787060 107.000000 
454.969177 167.241714 24.777563 119.000000 
454.951843 167.228668 24.772427 120.000000 
454.931702 167.515091 24.789549 60.000000 
454.935333 167.224686 24.771639 57.000000 
454.914978 167.496964 24.781406 109.000000 
454.918060 167.233337 24.777039 117.000000 
454.895660 167.746979 24.792114 63.000000 
454.897583 167.496643 24.782484 56.000000 
454.899628 167.215012 24.769459 117.000000 
454.879517 167.732681 24.785500 68.000000 
454.880859 167.489273 24.779896 46.000000 
454.882050 167.203949 24.765352 117.000000 
454.863220 167.716660 24.777971 79.000000 
454.863983 167.476624 24.774611 106.000000 
454.864288 167.189346 24.759546 121.000000 
454.847382 167.966156 24.799292 54.000000 
454.847260 167.716507 24.779055 56.000000 
454.847473 167.481812 24.778479 58.000000 
454.847046 167.198181 24.765089 120.000000 
454.831329 167.941742 24.786461 61.000000 
454.831146 167.711121 24.777317 56.000000 
454.830627 167.474579 24.776001 109.000000 
454.816498 167.953842 24.794506 56.000000 
454.814972 167.705780 24.775612 72.000000 
454.813232 167.453156 24.766281 121.000000 
454.802246 168.138794 24.788603 67.000000 
454.800293 167.931259 24.782745 52.000000 
454.799347 167.714554 24.781551 65.000000 
454.796509 167.453156 24.767523 119.000000 
454.786987 168.128540 24.783535 66.000000 
454.785095 167.934753 24.785894 49.000000 
454.782593 167.697006 24.773264 65.000000 
454.776855 168.325409 24.793188 42.000000 
454.773254 168.120041 24.779417 61.000000 
454.770966 167.927872 24.783009 57.000000 
454.767487 167.682999 24.766790 74.000000 
454.762726 168.327179 24.795387 58.000000 
454.758026 168.113297 24.776480 45.000000 
454.755219 167.921036 24.780275 55.000000 
454.751160 167.677841 24.765230 68.000000 
454.748108 168.320572 24.792271 59.000000 
454.743103 168.111725 24.776663 55.000000 
454.738831 167.903839 24.771645 55.000000 
454.732758 168.303879 24.782778 47.000000 
454.728699 168.118759 24.782022 66.000000 
454.722961 167.897095 24.768988 57.000000 
454.723114 168.490479 24.794348 52.000000 
454.717987 168.297333 24.779732 41.000000 
454.713165 168.108719 24.777126 64.000000 
454.707367 167.895599 24.769331 64.000000 
454.687103 167.119766 24.739218 108.000000 
454.708344 168.477432 24.786705 56.000000 
454.703796 168.299286 24.782055 47.000000 
454.697327 168.095291 24.770212 64.000000 
454.669861 167.127304 24.744246 59.000000 
454.692902 168.474426 24.785856 41.000000 
454.688080 168.299606 24.783470 52.000000 
454.680145 168.085373 24.765530 68.000000 
454.650269 167.125931 24.745150 51.000000 
454.686493 168.657303 24.803158 50.000000 
454.672913 168.289825 24.778393 51.000000 
454.665192 168.085724 24.766909 66.000000 
454.640991 167.385788 24.744965 46.000000 
454.631805 167.115585 24.741617 52.000000 
454.673462 168.652725 24.800911 58.000000 
454.657959 168.275009 24.770088 56.000000 
454.651733 168.094666 24.773373 45.000000 
454.614105 167.442245 24.747847 60.000000 
454.656830 168.835312 24.788233 41.000000 
454.602844 167.152267 24.735041 68.000000 
454.647278 168.694275 24.793524 55.000000 
454.640503 168.528076 24.789051 47.000000 
454.631531 168.322937 24.767683 58.000000 
454.597015 167.440964 24.748589 53.000000 
454.644409 168.840515 24.793026 63.000000 
454.631287 168.675110 24.781206 46.000000 
454.625214 168.513565 24.780483 55.000000 
454.616364 168.323410 24.769173 57.000000 
454.578003 167.427322 24.743134 53.000000 
454.630493 168.837753 24.792015 52.000000 
454.619293 168.688644 24.791672 45.000000 
454.610321 168.504089 24.775263 55.000000 
454.603485 168.339081 24.780191 42.000000 
454.572693 167.681335 24.751316 40.000000 
454.560211 167.419037 24.740347 61.000000 
454.617706 168.833374 24.789728 59.000000 
454.607635 168.692352 24.795179 51.000000 
454.596954 168.496246 24.771036 51.000000 
454.557404 167.674866 24.749056 47.000000 
454.613159 168.981903 24.796686 51.000000 
454.543091 167.400070 24.732018 50.000000 
454.604675 168.827423 24.786289 45.000000 
454.593201 168.683075 24.789734 55.000000 
454.583008 168.496796 24.772490 48.000000 
454.540771 167.672012 24.748884 45.000000 
454.600281 168.979263 24.795574 60.000000 
454.591583 168.821503 24.782881 50.000000 
454.578491 168.672211 24.783188 60.000000 
454.570251 168.507355 24.780569 44.000000 
454.594147 169.105804 24.791868 44.000000 
454.522491 167.653412 24.740280 47.000000 
454.587952 168.981384 24.798128 46.000000 
454.577942 168.822098 24.784346 55.000000 
454.563080 168.656494 24.773266 64.000000 
454.521301 167.903305 24.757048 51.000000 
454.581543 169.103271 24.790699 61.000000 
454.504791 167.641891 24.735487 56.000000 
454.564789 168.816254 24.780996 59.000000 
454.549133 168.658813 24.775965 51.000000 
454.569214 169.107010 24.794613 62.000000 
454.558868 168.957382 24.781584 47.000000 
454.550049 168.813751 24.780245 57.000000 
454.538269 168.679077 24.791109 52.000000 
454.496735 168.074036 24.739981 57.000000 
454.563751 169.224625 24.789091 50.000000 
454.556152 169.101440 24.791004 49.000000 
454.546509 168.959625 24.784224 50.000000 
454.536377 168.804779 24.774611 57.000000 
454.483917 168.093658 24.752930 49.000000 
454.552521 169.232895 24.796930 62.000000 
454.469208 167.869415 24.741896 42.000000 
454.542816 169.094376 24.786182 53.000000 
454.534363 168.963470 24.788097 51.000000 
454.520844 168.792709 24.766819 52.000000 
454.467926 168.087692 24.750631 63.000000 
454.541077 169.232025 24.796963 53.000000 
454.452606 167.863403 24.739834 42.000000 
454.529663 169.088898 24.782637 53.000000 
454.520844 168.957901 24.784742 50.000000 
454.510773 168.809479 24.779999 62.000000 
454.537781 169.351349 24.798323 40.000000 
454.452423 168.080032 24.747261 44.000000 
454.528290 169.226669 24.793251 51.000000 
454.517792 169.088058 24.782780 55.000000 
454.507904 168.952332 24.781345 57.000000 
454.452637 168.282272 24.755955 46.000000 
454.524536 169.341675 24.790512 55.000000 
454.435394 168.067337 24.740971 46.000000 
454.514252 169.210709 24.780544 43.000000 
454.506073 169.091934 24.786753 55.000000 
454.493530 168.942108 24.774433 61.000000 
454.438080 168.278137 24.754496 50.000000 
454.514404 169.346848 24.795799 52.000000 
454.420959 168.068283 24.742752 48.000000 
454.503418 169.217560 24.787125 56.000000 
454.493958 169.089615 24.785702 55.000000 
454.482544 168.949203 24.780745 59.000000 
454.511719 169.459030 24.795841 47.000000 
454.422485 168.272415 24.752104 48.000000 
454.501862 169.341705 24.791986 45.000000 
454.491608 169.215302 24.785982 52.000000 
454.479889 169.079636 24.778545 69.000000 
454.500000 169.456924 24.794567 58.000000 
454.405853 168.260010 24.745539 43.000000 
454.488983 169.335098 24.786892 51.000000 
454.479706 169.219223 24.790125 52.000000 
454.466797 169.075882 24.776388 55.000000 
454.408752 168.455185 24.758217 47.000000 
454.489685 169.462112 24.800045 60.000000 
454.390137 168.254379 24.743225 41.000000 
454.476318 169.330017 24.783142 58.000000 
454.467041 169.212494 24.785204 57.000000 
454.455353 169.081436 24.781700 53.000000 
454.484619 169.558807 24.790401 57.000000 
454.392365 168.446396 24.753616 48.000000 
454.476837 169.457199 24.796206 56.000000 
454.375031 168.257248 24.746302 46.000000 
454.465057 169.335419 24.788666 52.000000 
454.451660 169.201401 24.776728 65.000000 
454.475830 169.569611 24.801491 56.000000 
454.376862 168.439255 24.750053 44.000000 
454.462982 169.445038 24.785608 52.000000 
454.453857 169.337814 24.791515 56.000000 
454.439453 169.197769 24.774424 52.000000 
454.465302 169.571930 24.804335 54.000000 
454.361847 168.435471 24.748703 44.000000 
454.451141 169.443069 24.784445 52.000000 
454.440826 169.331375 24.786539 47.000000 
454.426636 169.197311 24.774855 57.000000 
454.464630 169.675812 24.806383 49.000000 
454.364624 168.612152 24.757179 48.000000 
454.452301 169.562927 24.796198 47.000000 
454.347717 168.436676 24.750648 41.000000 
454.441803 169.452728 24.794037 54.000000 
454.427734 169.324951 24.781595 61.000000 
454.417450 169.208878 24.785324 52.000000 
454.369629 168.756714 24.751364 43.000000 
454.452179 169.668427 24.799410 56.000000 
454.349792 168.606842 24.754585 50.000000 
454.440155 169.558212 24.792221 45.000000 
454.332367 168.431320 24.748280 40.000000 
454.430634 169.453720 24.795601 55.000000 
454.414246 169.317093 24.775379 59.000000 
454.356995 168.764359 24.757965 56.000000 
454.441956 169.670776 24.802311 61.000000 
454.335510 168.604843 24.754271 46.000000 
454.428955 169.557800 24.792391 61.000000 
454.417816 169.447510 24.790489 62.000000 
454.402985 169.319641 24.778332 51.000000 
454.344757 168.767120 24.760916 55.000000 
454.430939 169.667572 24.799534 68.000000 
454.416931 169.551697 24.787018 46.000000 
454.404846 169.438370 24.782652 66.000000 
454.393311 169.326614 24.785135 49.000000 
454.329651 168.758804 24.755867 59.000000 
454.419342 169.664444 24.796862 55.000000 
454.307281 168.599274 24.752518 41.000000 
454.407379 169.558426 24.794094 47.000000 
454.391571 169.430786 24.776268 68.000000 
454.314453 168.747269 24.748442 49.000000 
454.408600 169.662689 24.795538 55.000000 
454.396698 169.558044 24.794252 56.000000 
454.381561 169.434753 24.780527 51.000000 
454.321228 168.911880 24.763165 46.000000 
454.301178 168.748611 24.750418 49.000000 
454.397308 169.661011 24.794319 61.000000 
454.383698 169.550674 24.787670 65.000000 
454.370667 169.437363 24.783552 42.000000 
454.306366 168.903809 24.757927 53.000000 
454.287903 168.746735 24.750006 46.000000 
454.386719 169.662125 24.795929 61.000000 
454.370605 169.543350 24.781122 63.000000 
454.311981 169.052277 24.767550 52.000000 
454.292511 168.900482 24.756308 53.000000 
454.273285 168.745041 24.749825 47.000000 
454.375793 169.661896 24.796158 60.000000 
454.357819 169.537476 24.775976 48.000000 
454.296753 169.041336 24.759640 55.000000 
454.278992 168.898758 24.755911 44.000000 
454.360901 169.649338 24.783905 71.000000 
454.281860 169.035126 24.755550 53.000000 
454.265167 168.898712 24.756838 46.000000 
454.349518 169.647797 24.782795 86.000000 
454.265686 169.021225 24.745272 69.000000 
454.250092 168.890823 24.751743 46.000000 
454.340179 169.651749 24.787212 77.000000 
454.276581 169.178711 24.768307 42.000000 
454.256470 169.033356 24.755760 55.000000 
454.235596 168.882889 24.746586 41.000000 
454.331116 169.658524 24.794521 65.000000 
454.261658 169.166550 24.758831 43.000000 
454.244049 169.034866 24.757792 50.000000 
454.248199 169.165115 24.758408 47.000000 
454.230042 169.030289 24.754959 48.000000 
454.255432 169.298096 24.767420 43.000000 
454.237152 169.168076 24.761583 51.000000 
454.214355 169.019623 24.747274 55.000000 
454.243530 169.296585 24.766714 43.000000 
454.223450 169.163635 24.758602 51.000000 
454.202911 169.022690 24.750507 43.000000 
454.229767 169.290787 24.762266 48.000000 
454.209503 169.156158 24.753038 49.000000 
454.218079 169.292374 24.764296 54.000000 
454.194244 169.148895 24.747723 46.000000 
454.224670 169.413467 24.768461 42.000000 
454.204651 169.288116 24.761200 46.000000 
454.180115 169.141495 24.742233 47.000000 
454.208923 169.400711 24.757267 49.000000 
454.192047 169.286850 24.760710 46.000000 
454.197083 169.400925 24.757996 52.000000 
454.178558 169.282669 24.757677 45.000000 
454.204468 169.519333 24.764744 45.000000 
454.187500 169.408340 24.765345 55.000000 
454.164124 169.275604 24.752110 46.000000 
454.189270 169.508377 24.754620 47.000000 
454.175232 169.407181 24.764801 52.000000 
454.151428 169.274460 24.751713 42.000000 
454.180054 169.515671 24.762085 47.000000 
454.159180 169.394592 24.753757 49.000000 
454.168518 169.516006 24.762819 56.000000 
454.145874 169.390656 24.750650 47.000000 
454.179199 169.631195 24.771620 40.000000 
454.156616 169.511993 24.759325 46.000000 
454.132202 169.382294 24.743418 48.000000 
454.165070 169.623383 24.764027 52.000000 
454.144073 169.509598 24.757420 43.000000 
454.154327 169.625137 24.766117 54.000000 
454.131012 169.505844 24.754198 46.000000 
454.141052 169.620132 24.761349 58.000000 
454.118408 169.503525 24.752354 45.000000 
454.126709 169.613907 24.755346 56.000000 
454.107758 169.508301 24.757362 40.000000 
454.112823 169.607620 24.749275 53.000000 
454.101990 169.609528 24.751476 51.000000 
454.092224 169.614182 24.756441 53.000000 
454.080902 169.614807 24.757313 49.000000 
454.788116 168.314407 24.781225 66.000000 
454.771759 168.306488 24.778654 116.000000 
454.754517 168.293182 24.773552 117.000000 
454.727539 168.574112 24.787622 46.000000 
454.736298 168.279877 24.768545 52.000000 
454.710968 168.555725 24.779518 109.000000 
454.718872 168.264862 24.762655 64.000000 
454.695160 168.564102 24.785095 55.000000 
454.702209 168.264328 24.763723 120.000000 
454.673462 168.793045 24.783911 63.000000 
454.678406 168.547592 24.777983 48.000000 
454.684692 168.262009 24.764009 117.000000 
454.657257 168.775024 24.775467 72.000000 
454.661499 168.525787 24.768175 61.000000 
454.667084 168.254333 24.761723 117.000000 
454.641388 168.785187 24.782303 60.000000 
454.644714 168.525375 24.769350 103.000000 
454.649445 168.244919 24.758606 120.000000 
454.622711 169.006943 24.787323 46.000000 
454.625183 168.776047 24.778696 53.000000 
454.627930 168.523239 24.769650 111.000000 
454.631836 168.244537 24.759874 45.000000 
454.607239 169.003174 24.786474 57.000000 
454.608643 168.754654 24.768465 56.000000 
454.610931 168.514038 24.766342 107.000000 
454.591553 168.992508 24.781693 50.000000 
454.592712 168.761429 24.773495 63.000000 
454.593842 168.503098 24.762165 119.000000 
454.574219 169.183044 24.777910 59.000000 
454.575928 168.987106 24.779921 40.000000 
454.576538 168.759460 24.773800 61.000000 
454.559296 169.182892 24.779100 64.000000 
454.560028 168.974792 24.774223 49.000000 
454.559875 168.743469 24.766542 66.000000 
454.544342 169.181061 24.779289 45.000000 
454.544312 168.969452 24.772524 51.000000 
454.543854 168.746857 24.769770 56.000000 
454.530487 169.371536 24.784046 55.000000 
454.528595 169.163864 24.770248 52.000000 
454.528717 168.967651 24.772837 55.000000 
454.516418 169.376572 24.788481 51.000000 
454.513458 169.160400 24.769478 57.000000 
454.513214 168.967621 24.774174 57.000000 
454.498291 169.156998 24.768742 61.000000 
454.497223 168.958954 24.770601 54.000000 
454.488861 168.192932 24.747114 66.000000 
454.489624 169.543274 24.787725 47.000000 
454.486694 169.359741 24.780359 47.000000 
454.483185 169.155334 24.769064 68.000000 
454.470184 168.175003 24.740084 118.000000 
454.474854 169.540039 24.786850 51.000000 
454.470459 169.342957 24.771086 52.000000 
454.467102 169.150299 24.767435 71.000000 
454.450317 168.153519 24.731457 63.000000 
454.460602 169.535172 24.784840 41.000000 
454.455750 169.339706 24.770315 55.000000 
454.451630 169.143585 24.764748 61.000000 
454.438599 168.456604 24.751839 48.000000 
454.432404 168.153702 24.733156 63.000000 
454.450897 169.705246 24.792484 58.000000 
454.447144 169.532013 24.783897 48.000000 
454.442108 169.341553 24.772703 59.000000 
454.421539 168.442566 24.746174 62.000000 
454.415405 168.153931 24.734804 63.000000 
454.426270 169.764481 24.798046 51.000000 
454.420746 169.574692 24.778368 46.000000 
454.415833 169.390839 24.771763 55.000000 
454.392395 168.479141 24.739677 58.000000 
454.420044 169.897995 24.787834 48.000000 
454.412048 169.754883 24.792538 49.000000 
454.406799 169.574921 24.779762 50.000000 
454.401062 169.387695 24.771088 52.000000 
454.374908 168.474106 24.738699 53.000000 
454.406738 169.895020 24.786793 57.000000 
454.398163 169.750229 24.790485 63.000000 
454.393005 169.576859 24.782288 55.000000 
454.365662 168.728439 24.746101 48.000000 
454.358032 168.478027 24.742268 50.000000 
454.393219 169.890457 24.784605 59.000000 
454.382996 169.732529 24.779350 50.000000 
454.378448 169.570526 24.779335 57.000000 
454.348267 168.716522 24.741226 62.000000 
454.340210 168.469528 24.739561 56.000000 
454.380493 169.893997 24.788330 49.000000 
454.370148 169.739410 24.785337 52.000000 
454.363037 169.555923 24.770914 44.000000 
454.331360 168.711670 24.740160 44.000000 
454.372772 170.036545 24.789991 51.000000 
454.366608 169.886292 24.783848 54.000000 
454.356689 169.739792 24.786793 58.000000 
454.325073 168.954865 24.752552 46.000000 
454.315369 168.717438 24.744776 42.000000 
454.360352 170.038498 24.792580 53.000000 
454.353027 169.881851 24.781750 52.000000 
454.342133 169.730392 24.781456 67.000000 
454.308319 168.944946 24.748415 50.000000 
454.352783 170.166962 24.789589 65.000000 
454.298096 168.709167 24.741903 40.000000 
454.347717 170.038910 24.793982 46.000000 
454.339386 169.877457 24.779684 54.000000 
454.327515 169.721039 24.776155 58.000000 
454.292358 168.943756 24.749218 47.000000 
454.340302 170.165833 24.789726 60.000000 
454.334930 170.037766 24.794199 51.000000 
454.326080 169.876312 24.779995 59.000000 
454.285095 169.148346 24.749788 45.000000 
454.276733 168.946091 24.752012 42.000000 
454.327637 170.163193 24.788645 53.000000 
454.320892 170.027191 24.787184 48.000000 
454.313385 169.880020 24.783854 64.000000 
454.268555 169.136978 24.744442 52.000000 
454.321533 170.291931 24.791569 50.000000 
454.259064 168.929367 24.744080 45.000000 
454.315582 170.165237 24.791327 50.000000 
454.306976 170.018219 24.781416 53.000000 
454.298645 169.867706 24.776016 66.000000 
454.252899 169.134216 24.744223 63.000000 
454.308746 170.286362 24.787865 67.000000 
454.242462 168.923126 24.742058 42.000000 
454.302887 170.162674 24.790300 62.000000 
454.294067 170.017197 24.781723 57.000000 
454.284241 169.858643 24.770559 46.000000 
454.251007 169.343506 24.756525 42.000000 
454.239227 169.141708 24.750044 52.000000 
454.297394 170.286880 24.789236 55.000000 
454.289886 170.153915 24.784250 48.000000 
454.282227 170.019333 24.784395 61.000000 
454.234863 169.332428 24.750940 49.000000 
454.293274 170.411179 24.793913 50.000000 
454.222504 169.130478 24.744808 44.000000 
454.277100 170.151413 24.783281 57.000000 
454.268402 170.012070 24.779928 68.000000 
454.220184 169.333176 24.752775 52.000000 
454.281219 170.408798 24.792732 57.000000 
454.205933 169.121017 24.740631 50.000000 
454.273102 170.285034 24.789640 59.000000 
454.263855 170.145844 24.779856 64.000000 
454.254974 170.007996 24.777908 46.000000 
454.278046 170.528625 24.799082 40.000000 
454.204346 169.325546 24.749372 50.000000 
454.269409 170.407928 24.792891 45.000000 
454.259918 170.278091 24.784775 52.000000 
454.251740 170.148071 24.782669 69.000000 
454.202850 169.509277 24.754066 44.000000 
454.266113 170.521942 24.793730 62.000000 
454.190155 169.324646 24.750124 46.000000 
454.257385 170.402603 24.789066 40.000000 
454.246765 170.268112 24.777311 59.000000 
454.238525 170.139450 24.776743 69.000000 
454.187195 169.500168 24.749380 51.000000 
454.253784 170.516785 24.789824 60.000000 
454.173737 169.313736 24.744692 43.000000 
454.245270 170.400314 24.787966 54.000000 
454.234253 170.265793 24.776337 63.000000 
454.250153 170.629654 24.794756 53.000000 
454.173279 169.507736 24.755724 47.000000 
454.242767 170.521896 24.795429 54.000000 
454.231995 170.395142 24.784353 51.000000 
454.222198 170.269623 24.780567 67.000000 
454.238922 170.628937 24.794857 61.000000 
454.157532 169.498718 24.751108 44.000000 
454.230988 170.519730 24.794264 54.000000 
454.218964 170.388474 24.779385 55.000000 
454.208557 170.261307 24.774553 77.000000 
454.157013 169.670715 24.755827 43.000000 
454.227936 170.626801 24.793531 56.000000 
454.142181 169.488037 24.745348 41.000000 
454.218567 170.511719 24.787680 40.000000 
454.207336 170.386246 24.778292 58.000000 
454.196838 170.260574 24.774853 70.000000 
454.144928 169.681473 24.764486 55.000000 
454.214630 170.616196 24.784061 45.000000 
454.126282 169.479111 24.740814 44.000000 
454.207855 170.515427 24.791933 47.000000 
454.196259 170.390060 24.782532 62.000000 
454.146240 169.821503 24.755056 49.000000 
454.214111 170.730698 24.795187 63.000000 
454.128326 169.669495 24.757523 46.000000 
454.207031 170.635529 24.803547 56.000000 
454.193634 170.504669 24.782888 52.000000 
454.183136 170.386505 24.780346 66.000000 
454.130524 169.812927 24.750078 51.000000 
454.202820 170.728729 24.793901 68.000000 
454.112274 169.657501 24.750505 50.000000 
454.193634 170.625000 24.794132 51.000000 
454.182312 170.505554 24.784513 66.000000 
454.118073 169.818787 24.755486 52.000000 
454.192780 170.732361 24.798262 61.000000 
454.096710 169.648834 24.745777 46.000000 
454.181427 170.620193 24.790241 49.000000 
454.170044 170.502090 24.782148 73.000000 
454.105072 169.821472 24.758596 51.000000 
454.182465 170.734619 24.801233 60.000000 
454.083832 169.654846 24.751179 40.000000 
454.167847 170.609741 24.780897 51.000000 
454.158081 170.500122 24.781147 83.000000 
454.089905 169.812973 24.753624 48.000000 
454.169861 170.727203 24.794409 71.000000 
454.156494 170.609253 24.781179 61.000000 
454.143158 170.485123 24.768152 50.000000 
454.092041 169.966904 24.759693 49.000000 
454.074677 169.804535 24.748693 47.000000 
454.159180 170.728149 24.796026 58.000000 
454.147491 170.618744 24.791063 61.000000 
454.078522 169.964905 24.759274 49.000000 
454.059387 169.796143 24.743799 46.000000 
454.147522 170.720703 24.789097 60.000000 
454.135559 170.611145 24.784380 63.000000 
454.083496 170.115189 24.769535 43.000000 
454.065918 169.961273 24.757492 47.000000 
454.047333 169.797256 24.745668 43.000000 
454.135437 170.716171 24.785166 71.000000 
454.122437 170.603668 24.777897 54.000000 
454.066956 170.097870 24.756752 59.000000 
454.050629 169.951508 24.751177 44.000000 
454.126862 170.725510 24.795244 77.000000 
454.054779 170.100632 24.759964 58.000000 
454.036316 169.946487 24.748472 44.000000 
454.112915 170.714111 24.784376 90.000000 
454.041229 170.097275 24.758299 49.000000 
454.022278 169.943100 24.746990 43.000000 
454.100342 170.708298 24.779131 80.000000 
454.043365 170.230850 24.761229 44.000000 
454.026520 170.089340 24.752991 50.000000 
454.033112 170.239685 24.769524 41.000000 
454.010651 170.076828 24.744053 53.000000 
454.018372 170.230438 24.762737 46.000000 
453.998810 170.081284 24.748602 53.000000 
454.003906 170.222763 24.757250 41.000000 
453.987762 170.088852 24.755613 43.000000 
454.011078 170.362152 24.770899 45.000000 
453.990173 170.218140 24.754311 41.000000 
453.997742 170.357635 24.767775 51.000000 
453.977203 170.216568 24.753914 41.000000 
453.982544 170.348801 24.760923 45.000000 
453.965210 170.221130 24.758665 44.000000 
453.989777 170.479095 24.772543 42.000000 
453.967407 170.338486 24.752722 44.000000 
453.973877 170.463165 24.758644 56.000000 
453.957855 170.345795 24.759886 45.000000 
453.962830 170.466095 24.762047 52.000000 
453.967987 170.583450 24.767176 41.000000 
453.949615 170.461853 24.758881 51.000000 
453.954651 170.577911 24.762489 45.000000 
453.936340 170.457642 24.755747 52.000000 
453.941345 170.570938 24.756384 53.000000 
453.925415 170.459152 24.757801 55.000000 
453.927887 170.565491 24.751768 46.000000 
453.911194 170.452148 24.752100 52.000000 
453.945465 170.710419 24.789129 40.000000 
453.919006 170.574127 24.760651 45.000000 
453.926239 170.687332 24.766401 56.000000 
453.906891 170.572968 24.760128 45.000000 
453.910614 170.675247 24.754757 58.000000 
453.893799 170.569031 24.756945 44.000000 
453.900208 170.678284 24.758291 55.000000 
453.879730 170.562332 24.751110 42.000000 
453.890320 170.682709 24.763220 55.000000 
453.877472 170.678970 24.759926 54.000000 
453.864136 170.672440 24.753811 55.000000 
453.852203 170.671509 24.753325 50.000000 
454.570557 169.339661 24.784166 54.000000 
454.553497 169.320679 24.776461 106.000000 
454.536102 169.308945 24.772276 63.000000 
454.505981 169.602798 24.790567 48.000000 
454.518585 169.300842 24.769867 61.000000 
454.489441 169.582413 24.781607 103.000000 
454.500732 169.309021 24.775307 114.000000 
454.472656 169.572754 24.778145 56.000000 
454.483215 169.297424 24.771238 114.000000 
454.447693 169.826920 24.788122 48.000000 
454.455811 169.559570 24.772905 53.000000 
454.465637 169.280472 24.764610 120.000000 
454.431519 169.803406 24.776884 62.000000 
454.438843 169.567825 24.778605 56.000000 
454.447968 169.256348 24.754560 66.000000 
454.415253 169.801056 24.777075 45.000000 
454.421906 169.558304 24.775257 62.000000 
454.430084 169.262909 24.759283 66.000000 
454.393677 170.037308 24.788071 51.000000 
454.398956 169.795227 24.775404 62.000000 
454.404846 169.538132 24.766506 114.000000 
454.378784 170.028152 24.784224 49.000000 
454.383545 169.801788 24.780344 51.000000 
454.388519 169.523376 24.760456 60.000000 
454.362976 170.017288 24.779482 57.000000 
454.366974 169.780212 24.770216 58.000000 
454.371490 169.526474 24.763575 40.000000 
454.342773 170.232330 24.788490 59.000000 
454.346588 170.018600 24.781752 51.000000 
454.349640 169.770966 24.766825 75.000000 
454.327393 170.218262 24.781479 64.000000 
454.330933 170.018250 24.783005 46.000000 
454.333160 169.765320 24.765301 61.000000 
454.311859 170.204239 24.774508 42.000000 
454.315033 170.009247 24.779360 61.000000 
454.295837 170.407181 24.785044 60.000000 
454.296600 170.200546 24.773729 66.000000 
454.298737 169.989853 24.769838 64.000000 
454.281158 170.403595 24.784164 49.000000 
454.281799 170.208923 24.780161 52.000000 
454.282654 169.980942 24.766273 50.000000 
454.285675 169.198288 24.741341 101.000000 
454.266907 170.590866 24.793871 53.000000 
454.266083 170.391586 24.777996 52.000000 
454.266327 170.200165 24.776371 66.000000 
454.267395 169.190872 24.739498 120.000000 
454.252716 170.587402 24.792925 55.000000 
454.251648 170.394836 24.781439 55.000000 
454.250458 170.184601 24.768522 71.000000 
454.249115 169.185333 24.738560 108.000000 
454.237671 170.568985 24.782095 47.000000 
454.237061 170.394760 24.782782 51.000000 
454.234711 170.174225 24.763786 72.000000 
454.231018 169.185242 24.740240 68.000000 
454.225067 170.749451 24.795296 54.000000 
454.223267 170.563950 24.780115 53.000000 
454.221588 170.379486 24.774595 59.000000 
454.213715 169.454849 24.741825 49.000000 
454.212463 169.174393 24.736803 105.000000 
454.211182 170.744522 24.793179 63.000000 
454.209381 170.567276 24.783670 52.000000 
454.206543 170.372726 24.771759 65.000000 
454.196228 169.451294 24.741703 50.000000 
454.203003 170.880280 24.782885 42.000000 
454.193817 169.163589 24.733412 47.000000 
454.196777 170.733078 24.786543 56.000000 
454.194946 170.562317 24.781754 48.000000 
454.191193 170.362610 24.766834 59.000000 
454.182922 169.716583 24.753263 40.000000 
454.190277 170.886780 24.788895 69.000000 
454.182922 170.729858 24.785629 55.000000 
454.180481 170.557388 24.779867 52.000000 
454.153076 169.756317 24.749290 50.000000 
454.148834 169.498077 24.743490 44.000000 
454.165039 170.951904 24.800135 65.000000 
454.156647 170.786987 24.791004 51.000000 
454.152344 170.596237 24.773169 65.000000 
454.135529 169.742371 24.743490 59.000000 
454.130585 169.483963 24.738100 50.000000 
454.150665 170.937500 24.790928 61.000000 
454.142761 170.783859 24.790154 51.000000 
454.137756 170.591385 24.771357 60.000000 
454.119720 169.754898 24.751808 51.000000 
454.141235 171.086868 24.796371 57.000000 
454.136902 170.931213 24.787624 61.000000 
454.128265 170.774200 24.784792 55.000000 
454.102600 169.748093 24.749836 48.000000 
454.129089 171.093399 24.802576 62.000000 
454.123383 170.928177 24.786699 55.000000 
454.113525 170.762939 24.778332 63.000000 
454.091064 169.965637 24.746120 48.000000 
454.118500 171.212784 24.791351 49.000000 
454.083801 169.720200 24.736668 54.000000 
454.115570 171.085693 24.797924 55.000000 
454.109222 170.918732 24.781118 53.000000 
454.098541 170.750076 24.770779 64.000000 
454.076538 169.983353 24.757664 45.000000 
454.106628 171.217697 24.796463 69.000000 
454.101807 171.076447 24.792097 54.000000 
454.096283 170.922241 24.784939 62.000000 
454.065247 170.179718 24.751919 52.000000 
454.059662 169.973282 24.753613 41.000000 
454.094788 171.222656 24.801596 64.000000 
454.088470 171.071976 24.789927 48.000000 
454.082520 170.917709 24.782934 73.000000 
454.049805 170.171509 24.748526 57.000000 
454.084778 171.331757 24.787182 50.000000 
454.043671 169.964966 24.750486 40.000000 
454.081360 171.208954 24.791763 60.000000 
454.075958 171.069122 24.788918 48.000000 
454.068298 170.903534 24.773867 68.000000 
454.034698 170.175385 24.752361 48.000000 
454.073273 171.336685 24.792429 62.000000 
454.026154 169.949783 24.743595 41.000000 
454.068756 171.207748 24.791977 57.000000 
454.063507 171.072662 24.792835 55.000000 
454.027679 170.368240 24.752949 49.000000 
454.019531 170.170685 24.751064 44.000000 
454.063263 171.347717 24.802731 63.000000 
454.056152 171.201904 24.788418 49.000000 
454.049988 171.061966 24.785854 66.000000 
454.013916 170.378876 24.761059 49.000000 
454.055878 171.463287 24.798950 50.000000 
454.002808 170.159210 24.745844 44.000000 
454.049591 171.335922 24.793976 67.000000 
454.042480 171.192993 24.782484 55.000000 
454.036316 171.056061 24.782598 72.000000 
453.997772 170.374374 24.759817 51.000000 
454.042969 171.459244 24.796528 54.000000 
453.985229 170.147797 24.740763 46.000000 
454.035187 171.324188 24.785334 61.000000 
454.030243 171.199692 24.789059 57.000000 
453.981720 170.364822 24.755371 43.000000 
454.031494 171.461212 24.799301 59.000000 
454.023102 171.324661 24.786852 53.000000 
454.015350 171.183090 24.776997 69.000000 
453.975952 170.544098 24.755730 44.000000 
454.025085 171.571274 24.795450 58.000000 
453.966034 170.358688 24.753063 47.000000 
454.018860 171.455719 24.795553 61.000000 
454.010071 171.319077 24.783298 51.000000 
454.001923 171.177414 24.773642 82.000000 
453.962219 170.549728 24.760845 50.000000 
454.013458 171.570328 24.795578 60.000000 
453.948547 170.339096 24.742405 46.000000 
454.006195 171.450287 24.791836 55.000000 
453.998901 171.325729 24.789959 63.000000 
453.946320 170.538773 24.755117 46.000000 
454.003571 171.579636 24.805119 62.000000 
453.992737 171.440384 24.784229 48.000000 
453.985840 171.320221 24.786463 65.000000 
453.942780 170.717865 24.763378 42.000000 
453.996979 171.681274 24.798441 58.000000 
453.929840 170.524536 24.747259 43.000000 
453.990448 171.569977 24.797247 68.000000 
453.981995 171.446960 24.791025 50.000000 
453.970947 171.304092 24.774103 82.000000 
453.929901 170.725143 24.769743 43.000000 
453.986725 171.686157 24.804056 56.000000 
453.915405 170.525299 24.749212 43.000000 
453.977234 171.560364 24.789412 56.000000 
453.969971 171.446106 24.791311 55.000000 
453.958252 171.301697 24.773216 41.000000 
453.915070 170.719376 24.767151 47.000000 
453.976227 171.689636 24.808315 49.000000 
453.900482 170.522797 24.749025 43.000000 
453.964996 171.556625 24.786964 53.000000 
453.957703 171.443787 24.790319 58.000000 
453.971405 171.785965 24.800779 68.000000 
453.900635 170.711975 24.763376 41.000000 
453.964355 171.683121 24.802917 60.000000 
453.954407 171.558731 24.789818 60.000000 
453.945435 171.438492 24.786665 64.000000 
453.903473 170.873642 24.767694 44.000000 
453.960632 171.786621 24.802299 64.000000 
453.885193 170.703018 24.758614 40.000000 
453.951324 171.673798 24.794888 50.000000 
453.942688 171.557983 24.790096 66.000000 
453.887909 170.861633 24.760344 57.000000 
453.951355 171.794296 24.810850 60.000000 
453.870728 170.700653 24.758368 43.000000 
453.938477 171.665955 24.788263 49.000000 
453.930084 171.552887 24.786394 66.000000 
453.874176 170.860916 24.761131 48.000000 
453.939117 171.788040 24.805401 61.000000 
453.926147 171.660995 24.784409 51.000000 
453.917175 171.546371 24.781389 73.000000 
453.859589 170.855423 24.758480 50.000000 
453.924438 171.773499 24.791662 65.000000 
453.917206 171.674683 24.798443 60.000000 
453.903900 171.541382 24.777836 40.000000 
453.860901 171.022583 24.773197 42.000000 
453.841919 170.837158 24.746731 52.000000 
453.912689 171.770111 24.789083 63.000000 
453.904846 171.669785 24.794638 61.000000 
453.844635 171.006195 24.762054 49.000000 
453.828979 170.841385 24.751081 52.000000 
453.903046 171.773697 24.793440 63.000000 
453.891418 171.657761 24.783951 73.000000 
453.830078 170.996109 24.755621 47.000000 
453.893860 171.781509 24.802086 65.000000 
453.879944 171.657227 24.784304 58.000000 
453.835541 171.165939 24.779488 50.000000 
453.816681 170.995590 24.756456 45.000000 
453.879761 171.768478 24.789803 74.000000 
453.818115 171.143753 24.763096 55.000000 
453.802612 170.991943 24.754946 48.000000 
453.866852 171.761047 24.783142 83.000000 
453.804138 171.138657 24.760212 48.000000 
453.855835 171.759171 24.782003 71.000000 
453.789398 171.127350 24.752373 49.000000 
453.792480 171.273926 24.764090 43.000000 
453.776672 171.128525 24.754442 49.000000 
453.781525 171.278061 24.768522 45.000000 
453.764954 171.131210 24.757652 51.000000 
453.767792 171.273193 24.765549 40.000000 
453.754791 171.271393 24.765118 40.000000 
453.756714 171.398041 24.766331 52.000000 
453.743256 171.275696 24.769722 45.000000 
453.741913 171.390472 24.760780 51.000000 
453.728088 171.267990 24.764446 44.000000 
453.729950 171.391769 24.762875 49.000000 
453.720184 171.398972 24.770020 54.000000 
453.720825 171.511017 24.763655 42.000000 
453.704224 171.385529 24.759333 51.000000 
453.708954 171.509415 24.763021 44.000000 
453.713348 171.630325 24.769939 41.000000 
453.697754 171.512253 24.766462 45.000000 
453.699524 171.623215 24.763943 40.000000 
453.683167 171.503555 24.759420 48.000000 
453.686951 171.620392 24.762022 44.000000 
453.669373 171.497803 24.755043 45.000000 
453.678284 171.630341 24.772230 44.000000 
453.663422 171.620529 24.763641 42.000000 
453.671814 171.744156 24.778301 44.000000 
453.650665 171.619308 24.763258 43.000000 
453.658569 171.738770 24.773571 45.000000 
453.635193 171.608170 24.753408 41.000000 
453.645813 171.733337 24.768766 44.000000 
453.632935 171.729416 24.765476 44.000000 
453.619476 171.725601 24.762331 44.000000 
453.608459 171.727264 24.764582 44.000000 
454.311157 170.381180 24.799192 106.000000 
454.293427 170.381866 24.801132 120.000000 
454.261169 170.641632 24.801527 46.000000 
454.276245 170.362778 24.793600 66.000000 
454.244324 170.635315 24.799908 112.000000 
454.258789 170.350937 24.789568 111.000000 
454.227173 170.645081 24.806473 105.000000 
454.241150 170.342743 24.787306 120.000000 
454.199982 170.867340 24.798817 54.000000 
454.210419 170.633499 24.802212 115.000000 
454.223480 170.332794 24.784218 122.000000 
454.183655 170.866531 24.799971 68.000000 
454.193695 170.611252 24.792562 61.000000 
454.205780 170.321091 24.780312 125.000000 
454.167389 170.862244 24.799267 58.000000 
454.176727 170.599762 24.788383 113.000000 
454.144073 171.084595 24.801506 54.000000 
454.151886 170.849228 24.793816 56.000000 
454.160522 170.591919 24.785988 121.000000 
454.128387 171.085693 24.803690 67.000000 
454.135529 170.846786 24.794127 50.000000 
454.143402 170.596573 24.790014 122.000000 
454.112701 171.085083 24.804922 54.000000 
454.119049 170.828537 24.785984 72.000000 
454.090576 171.272583 24.796883 71.000000 
454.096924 171.077560 24.802254 51.000000 
454.102509 170.819138 24.782598 108.000000 
454.075592 171.280670 24.803251 66.000000 
454.081024 171.064850 24.796671 49.000000 
454.060364 171.276779 24.802485 64.000000 
454.065033 171.052185 24.791128 59.000000 
454.041687 171.460968 24.800873 57.000000 
454.045105 171.271210 24.800732 55.000000 
454.049194 171.050018 24.791517 61.000000 
454.026886 171.455521 24.798983 61.000000 
454.029633 171.260529 24.795948 52.000000 
454.033386 171.049637 24.792921 61.000000 
454.044312 170.250488 24.762432 66.000000 
454.010651 171.646347 24.809984 59.000000 
454.012390 171.458603 24.802429 57.000000 
454.013885 171.244736 24.788141 66.000000 
454.026337 170.255524 24.766659 111.000000 
453.996002 171.632721 24.802496 55.000000 
453.997406 171.449844 24.798485 54.000000 
453.998444 171.239288 24.786497 82.000000 
454.007874 170.242554 24.762354 62.000000 
453.982025 171.635834 24.806026 53.000000 
453.982513 171.444519 24.796694 56.000000 
453.983368 171.244202 24.791004 66.000000 
453.989136 170.224228 24.755527 68.000000 
453.966949 171.806442 24.811869 66.000000 
453.967896 171.635635 24.807388 53.000000 
453.967346 171.434158 24.791763 61.000000 
453.969940 170.524399 24.771002 50.000000 
453.970520 170.213165 24.752172 68.000000 
453.952667 171.794785 24.805265 55.000000 
453.953705 171.633820 24.807680 47.000000 
453.952454 171.430618 24.791100 65.000000 
453.952087 170.511734 24.766451 50.000000 
453.944550 171.956696 24.812895 41.000000 
453.938873 171.793030 24.805502 60.000000 
453.938782 171.620346 24.800333 50.000000 
453.937988 171.435593 24.795753 54.000000 
453.934784 170.513412 24.769110 47.000000 
453.931366 171.956604 24.814234 81.000000 
453.925995 171.804474 24.814838 55.000000 
453.923859 171.608582 24.794121 62.000000 
453.918396 170.759338 24.769508 58.000000 
453.916351 170.491898 24.760172 45.000000 
453.917236 171.943634 24.806234 53.000000 
453.911652 171.794586 24.809465 51.000000 
453.908813 171.596863 24.787947 68.000000 
453.901337 170.752258 24.767523 50.000000 
453.903717 171.940384 24.805292 57.000000 
453.883362 171.835098 24.803118 49.000000 
453.881470 171.657211 24.795115 57.000000 
453.870483 170.790054 24.762262 51.000000 
453.880127 172.157928 24.822147 54.000000 
453.876495 171.990829 24.805622 62.000000 
453.868866 171.825272 24.797825 58.000000 
453.852692 170.774246 24.755697 56.000000 
453.866791 172.151627 24.818724 55.000000 
453.864441 171.997360 24.811682 59.000000 
453.855225 171.826996 24.800478 61.000000 
453.840942 171.025360 24.768972 48.000000 
453.856934 172.293015 24.824299 65.000000 
453.852966 172.140579 24.811720 54.000000 
453.849365 171.984528 24.803896 52.000000 
453.841919 171.832047 24.805420 57.000000 
453.825134 171.029007 24.772743 41.000000 
453.843597 172.283768 24.818262 62.000000 
453.840118 172.140717 24.813179 54.000000 
453.836456 171.981430 24.803001 64.000000 
453.830811 172.274551 24.812185 64.000000 
453.828247 172.144058 24.816998 51.000000 
453.821869 171.968658 24.795214 68.000000 
453.822815 172.413010 24.821304 54.000000 
453.817169 172.263824 24.804977 69.000000 
453.814758 172.137894 24.813698 49.000000 
453.809174 171.968857 24.796711 64.000000 
453.781189 171.224380 24.768562 42.000000 
453.809082 172.404053 24.815170 62.000000 
453.805206 172.268723 24.810186 64.000000 
453.800873 172.128601 24.808025 57.000000 
453.764709 171.214401 24.764391 42.000000 
453.797028 172.399704 24.812746 67.000000 
453.794037 172.279907 24.820366 53.000000 
453.785797 172.109818 24.795185 66.000000 
453.758850 171.443283 24.785883 42.000000 
453.790527 172.536621 24.826639 50.000000 
453.748657 171.209610 24.763287 48.000000 
453.783936 172.396942 24.811771 59.000000 
453.779114 172.259933 24.805830 55.000000 
453.773621 172.116486 24.801590 72.000000 
453.742218 171.426727 24.777273 47.000000 
453.778198 172.532425 24.824186 48.000000 
453.772430 172.397247 24.813215 65.000000 
453.765778 172.254028 24.802460 62.000000 
453.726929 171.410187 24.768520 46.000000 
453.766846 172.526733 24.820305 46.000000 
453.761169 172.399124 24.815954 52.000000 
453.752869 172.241882 24.794022 64.000000 
453.761200 172.650085 24.828131 61.000000 
453.711945 171.410660 24.770458 47.000000 
453.754883 172.525620 24.820517 55.000000 
453.748596 172.391830 24.811092 51.000000 
453.740265 172.242294 24.795654 85.000000 
453.748444 172.641678 24.821589 58.000000 
453.696960 171.411179 24.772425 47.000000 
453.742249 172.520020 24.816841 55.000000 
453.734955 172.386169 24.807692 55.000000 
453.741364 172.749176 24.819990 49.000000 
453.735870 172.634766 24.816420 64.000000 
453.731201 172.524963 24.822319 49.000000 
453.721588 172.374359 24.799089 63.000000 
453.731903 172.765457 24.836716 59.000000 
453.674377 171.593140 24.774977 40.000000 
453.723083 172.633804 24.816786 62.000000 
453.716400 172.513504 24.813652 45.000000 
453.708038 172.377991 24.803530 65.000000 
453.717316 172.745834 24.819059 43.000000 
453.659485 171.590424 24.774803 44.000000 
453.711639 172.634293 24.818357 58.000000 
453.704376 172.512512 24.813972 51.000000 
453.695984 172.375443 24.802593 49.000000 
453.707062 172.744858 24.819084 56.000000 
453.700867 172.631836 24.817123 56.000000 
453.691986 172.502518 24.806353 50.000000 
453.705383 172.866760 24.836266 73.000000 
453.695160 172.741104 24.816553 52.000000 
453.688629 172.627991 24.814741 53.000000 
453.679901 172.501602 24.806728 55.000000 
453.692474 172.858932 24.829483 71.000000 
453.682678 172.737396 24.814129 50.000000 
453.675262 172.621292 24.809803 60.000000 
453.627045 171.918610 24.779247 45.000000 
453.680573 172.853912 24.825455 57.000000 
453.612885 171.765427 24.783569 46.000000 
453.673218 172.746613 24.823946 46.000000 
453.662689 172.616058 24.806149 60.000000 
453.612885 171.911270 24.775370 45.000000 
453.669464 172.850296 24.822773 80.000000 
453.661804 172.742920 24.821409 46.000000 
453.650909 172.612289 24.803770 68.000000 
453.598816 171.908844 24.775082 42.000000 
453.657776 172.846741 24.820198 63.000000 
453.648071 172.730682 24.810799 53.000000 
453.639984 172.615921 24.808155 52.000000 
453.586487 171.912857 24.779325 48.000000 
453.648468 172.854431 24.828815 60.000000 
453.635406 172.724228 24.805681 59.000000 
453.581299 172.051804 24.771961 45.000000 
453.571411 171.908936 24.778049 43.000000 
453.637390 172.853729 24.829077 55.000000 
453.624207 172.724976 24.807404 60.000000 
453.569580 172.060608 24.779926 46.000000 
453.623108 172.839081 24.815426 60.000000 
453.614288 172.731476 24.814590 56.000000 
453.570831 172.218216 24.793520 47.000000 
453.557678 172.067871 24.786720 46.000000 
453.610992 172.834274 24.811569 65.000000 
453.554169 172.198929 24.779669 46.000000 
453.542114 172.056152 24.779333 47.000000 
453.599457 172.832291 24.810524 80.000000 
453.540161 172.193680 24.776840 48.000000 
453.589264 172.835922 24.815067 68.000000 
453.527405 172.194687 24.778915 46.000000 
453.524658 172.324661 24.776577 47.000000 
453.512695 172.189575 24.776257 46.000000 
453.498260 172.182892 24.772314 50.000000 
453.490753 172.460693 24.788412 48.000000 
453.476044 172.327423 24.783531 40.000000 
453.477661 172.457382 24.786661 47.000000 
453.461121 172.317978 24.776970 51.000000 
453.464935 172.455582 24.786222 48.000000 
453.450623 172.447861 24.780693 48.000000 
453.455841 172.582184 24.793320 41.000000 
453.435486 172.437225 24.772646 54.000000 
453.440643 172.570328 24.783644 45.000000 
453.425415 172.445953 24.781246 43.000000 
453.428741 172.568649 24.783077 45.000000 
453.414978 172.562698 24.778719 44.000000 
453.403290 172.564041 24.780935 48.000000 
453.402344 172.806366 24.799328 42.000000 
453.382507 172.681107 24.784760 40.000000 
453.386871 172.793900 24.787800 45.000000 
453.370728 172.681137 24.785669 42.000000 
453.372650 172.785645 24.780424 49.000000 
453.363434 172.792664 24.788126 50.000000 
453.351471 172.791397 24.787645 50.000000 
453.339539 172.788712 24.785715 51.000000 
454.078308 171.418503 24.803001 109.000000 
454.062103 171.400970 24.796310 119.000000 
454.045044 171.379807 24.787994 122.000000 
454.008606 171.684677 24.808800 102.000000 
454.026886 171.383926 24.791784 113.000000 
453.992310 171.660309 24.798243 117.000000 
454.009216 171.375473 24.789581 111.000000 
453.960297 171.928696 24.813454 47.000000 
453.975464 171.648468 24.794046 115.000000 
453.991638 171.361649 24.784838 121.000000 
453.944305 171.911789 24.806160 58.000000 
453.958160 171.652725 24.798008 60.000000 
453.973846 171.351486 24.781858 125.000000 
453.928101 171.900192 24.801735 59.000000 
453.941132 171.644547 24.795692 109.000000 
453.899506 172.143463 24.814760 48.000000 
453.911804 171.890427 24.798290 61.000000 
453.924072 171.636414 24.793415 117.000000 
453.883881 172.132141 24.810110 59.000000 
453.895325 171.887741 24.798651 52.000000 
453.907104 171.617599 24.785778 124.000000 
453.868164 172.115616 24.802553 61.000000 
453.878815 171.890411 24.801868 56.000000 
453.843933 172.341217 24.815687 67.000000 
453.852325 172.113098 24.802885 56.000000 
453.862396 171.868408 24.791956 108.000000 
453.828705 172.330185 24.810852 42.000000 
453.836487 172.114090 24.805212 50.000000 
453.845825 171.865875 24.792425 102.000000 
453.813416 172.322632 24.808094 66.000000 
453.820648 172.111649 24.805611 51.000000 
453.792297 172.530670 24.820442 47.000000 
453.797974 172.306503 24.800274 63.000000 
453.804565 172.090073 24.795273 64.000000 
453.777527 172.521606 24.816479 55.000000 
453.782562 172.299042 24.797590 52.000000 
453.788513 172.080750 24.791832 73.000000 
453.757507 172.700577 24.819466 49.000000 
453.762543 172.507507 24.809376 59.000000 
453.767334 172.303650 24.802069 56.000000 
453.792694 171.279617 24.767200 64.000000 
453.744171 172.703461 24.822929 51.000000 
453.747467 172.495132 24.803371 55.000000 
453.751770 172.292816 24.797419 66.000000 
453.775055 171.260971 24.760324 62.000000 
453.729767 172.694672 24.818817 52.000000 
453.732788 172.496384 24.805857 49.000000 
453.735962 172.276871 24.789757 82.000000 
453.756653 171.256821 24.760408 105.000000 
453.712311 172.868561 24.826401 50.000000 
453.714935 172.677551 24.809267 56.000000 
453.718079 172.497681 24.808371 55.000000 
453.738251 171.254532 24.761385 66.000000 
453.698578 172.866577 24.826641 58.000000 
453.700562 172.673859 24.808512 55.000000 
453.703003 172.488831 24.804583 57.000000 
453.684418 172.856384 24.821253 51.000000 
453.686249 172.671875 24.808882 44.000000 
453.687775 172.478333 24.799778 56.000000 
453.697235 171.533142 24.766556 42.000000 
453.673828 173.007034 24.820217 63.000000 
453.670715 172.856125 24.822687 55.000000 
453.672058 172.673264 24.811466 50.000000 
453.679718 171.534607 24.769300 103.000000 
453.660645 173.008408 24.822790 62.000000 
453.656342 172.844376 24.816236 56.000000 
453.657074 172.659653 24.804253 55.000000 
453.660522 171.788010 24.771919 42.000000 
453.647156 173.004974 24.821884 55.000000 
453.642700 172.845840 24.818859 46.000000 
453.642395 172.652771 24.801443 59.000000 
453.643036 171.773666 24.766310 43.000000 
453.634277 173.159271 24.829920 54.000000 
453.633423 172.998337 24.818676 59.000000 
453.628967 172.845688 24.820379 50.000000 
453.613800 171.835861 24.773705 42.000000 
453.607330 173.206299 24.827345 46.000000 
453.606323 173.048492 24.818644 57.000000 
453.601074 172.889206 24.815981 58.000000 
453.595245 173.215759 24.836021 53.000000 
453.592010 173.035431 24.810841 51.000000 
453.586548 172.879242 24.810802 58.000000 
453.581787 173.335251 24.823914 79.000000 
453.581604 173.206146 24.830296 61.000000 
453.578369 173.032135 24.810064 47.000000 
453.569275 173.335220 24.825384 62.000000 
453.567780 173.194977 24.823406 53.000000 
453.565552 173.038605 24.816299 70.000000 
453.557098 173.338379 24.829351 64.000000 
453.554718 173.193405 24.823753 48.000000 
453.551056 173.025665 24.808601 66.000000 
453.544922 173.458450 24.822935 63.000000 
453.543823 173.330597 24.824694 69.000000 
453.541046 173.185501 24.819330 45.000000 
453.536865 173.017624 24.804430 54.000000 
453.533142 173.461594 24.826979 45.000000 
453.530151 173.319733 24.817598 64.000000 
453.528290 173.187180 24.822132 55.000000 
453.501099 172.254425 24.771551 48.000000 
453.521729 173.467850 24.833582 56.000000 
453.517090 173.315170 24.815477 53.000000 
453.514343 173.177765 24.816578 65.000000 
453.491394 172.463287 24.779375 45.000000 
453.513153 173.591187 24.835340 45.000000 
453.485626 172.247711 24.769432 50.000000 
453.509308 173.460327 24.828707 57.000000 
453.504791 173.312195 24.814537 51.000000 
453.501678 173.174728 24.815760 59.000000 
453.501221 173.589859 24.835558 46.000000 
453.496399 173.454376 24.825209 59.000000 
453.492401 173.313950 24.817404 64.000000 
453.492798 173.705887 24.836397 47.000000 
453.460449 172.455292 24.778090 46.000000 
453.489471 173.590073 24.837105 44.000000 
453.483459 173.448456 24.821743 50.000000 
453.479034 173.307922 24.814137 62.000000 
453.480103 173.697281 24.829906 58.000000 
453.444641 172.448807 24.775936 47.000000 
453.477325 173.587311 24.836071 46.000000 
453.470856 173.445648 24.820841 46.000000 
453.464844 173.295685 24.805981 64.000000 
453.468567 173.693115 24.827375 58.000000 
453.465271 173.581558 24.832384 46.000000 
453.459503 173.447449 24.823679 52.000000 
453.460785 173.805237 24.829325 57.000000 
453.457764 173.697845 24.832954 51.000000 
453.453064 173.578857 24.831408 46.000000 
453.446686 173.443176 24.821564 55.000000 
453.413910 172.818832 24.789505 40.000000 
453.450043 173.811340 24.836426 61.000000 
453.445038 173.693771 24.830631 60.000000 
453.439301 173.570206 24.825346 41.000000 
453.432526 173.434357 24.815775 55.000000 
453.439148 173.813126 24.839365 51.000000 
453.391052 172.628387 24.779346 43.000000 
453.433105 173.691193 24.829592 58.000000 
453.428192 173.575089 24.830915 51.000000 
453.418884 173.425552 24.809938 49.000000 
453.433746 173.923767 24.845186 42.000000 
453.427307 173.809204 24.836864 40.000000 
453.420410 173.684235 24.824585 51.000000 
453.415680 173.570999 24.828724 51.000000 
453.421417 173.915726 24.838373 68.000000 
453.371155 172.815353 24.792200 41.000000 
453.415649 173.806732 24.835758 48.000000 
453.409149 173.686142 24.827591 49.000000 
453.401855 173.559433 24.820084 52.000000 
453.369293 172.966293 24.786913 45.000000 
453.410614 173.913315 24.837097 61.000000 
453.355011 172.796143 24.780819 41.000000 
453.404022 173.801407 24.831867 48.000000 
453.396667 173.677750 24.821230 54.000000 
453.389038 173.550873 24.813984 42.000000 
453.355438 172.965240 24.787786 45.000000 
453.401672 173.923630 24.848480 54.000000 
453.391510 173.794693 24.826729 53.000000 
453.384888 173.676788 24.821629 55.000000 
453.341522 172.959351 24.785139 42.000000 
453.388702 173.915710 24.841831 60.000000 
453.379791 173.795242 24.828510 44.000000 
453.371124 173.668518 24.815506 68.000000 
453.326019 172.956833 24.785137 45.000000 
453.376160 173.907806 24.835136 65.000000 
453.369446 173.800110 24.834311 47.000000 
453.358734 173.664688 24.813309 62.000000 
453.323364 173.119888 24.794725 46.000000 
453.311462 172.947784 24.780266 45.000000 
453.364929 173.901276 24.829697 57.000000 
453.357391 173.790558 24.826365 56.000000 
453.310425 173.114151 24.791849 48.000000 
453.354950 173.906097 24.835585 54.000000 
453.344696 173.783981 24.821342 60.000000 
453.307343 173.261093 24.796404 43.000000 
453.296692 173.111710 24.791578 43.000000 
453.343628 173.909592 24.840271 54.000000 
453.331146 173.778946 24.817892 54.000000 
453.293610 173.263474 24.799875 52.000000 
453.279877 173.099869 24.784470 41.000000 
453.329651 173.896194 24.828138 65.000000 
453.279083 173.254898 24.794655 50.000000 
453.267242 173.103867 24.788986 41.000000 
453.318024 173.891235 24.824287 65.000000 
453.264801 173.244781 24.788153 46.000000 
453.305145 173.883545 24.817780 71.000000 
453.264465 173.390198 24.797569 47.000000 
453.250427 173.237839 24.784224 50.000000 
453.295868 173.891312 24.826548 55.000000 
453.251770 173.392639 24.801014 43.000000 
453.237915 173.240311 24.787605 42.000000 
453.224762 173.239700 24.788589 43.000000 
453.223694 173.512405 24.798073 45.000000 
453.197784 173.376633 24.793453 41.000000 
453.195679 173.497955 24.788301 41.000000 
453.183075 173.494476 24.786554 46.000000 
453.172455 173.501556 24.793875 50.000000 
453.173645 173.624435 24.795397 42.000000 
453.159454 173.496643 24.790903 51.000000 
453.161530 173.624100 24.796284 46.000000 
453.150574 173.628189 24.801113 46.000000 
453.136475 173.620605 24.795523 47.000000 
453.123901 173.618912 24.795185 45.000000 
453.143402 173.863434 24.812445 40.000000 
453.126984 173.741989 24.802164 43.000000 
453.127136 173.849365 24.799681 54.000000 
453.113342 173.737595 24.799185 43.000000 
453.115631 173.849228 24.800524 56.000000 
453.099335 173.730331 24.793461 43.000000 
453.106415 173.854630 24.806742 54.000000 
453.093567 173.850372 24.803535 54.000000 
453.080688 173.846161 24.800364 50.000000 
453.067291 173.840591 24.795862 51.000000 
453.056274 173.840561 24.796719 49.000000 
453.802368 172.510254 24.823124 106.000000 
453.785461 172.492493 24.816584 111.000000 
453.746674 172.773315 24.826622 55.000000 
453.769196 172.478455 24.811747 121.000000 
453.729797 172.770142 24.826950 106.000000 
453.752075 172.460770 24.805294 106.000000 
453.712219 172.761612 24.824673 111.000000 
453.733276 172.459290 24.806700 111.000000 
453.678772 173.006454 24.828344 57.000000 
453.695831 172.742477 24.816961 113.000000 
453.715393 172.457932 24.808075 120.000000 
453.662506 173.003494 24.828684 62.000000 
453.678925 172.735886 24.815605 48.000000 
453.698090 172.438583 24.800892 122.000000 
453.646271 172.998825 24.828115 61.000000 
453.661987 172.729340 24.814285 62.000000 
453.616730 173.227600 24.833878 54.000000 
453.630219 172.985367 24.822876 54.000000 
453.644806 172.729965 24.816603 109.000000 
453.601044 173.228333 24.836184 51.000000 
453.614075 172.970200 24.816738 45.000000 
453.628052 172.711014 24.809061 122.000000 
453.587036 173.220474 24.833479 51.000000 
453.599548 172.951630 24.808617 56.000000 
453.560272 173.417831 24.831152 63.000000 
453.571503 173.198624 24.823103 59.000000 
453.582947 172.959473 24.814777 65.000000 
453.545135 173.420425 24.834557 53.000000 
453.555695 173.201233 24.826487 47.000000 
453.566498 172.953262 24.813452 54.000000 
453.529968 173.407562 24.828819 57.000000 
453.539948 173.193405 24.824028 40.000000 
453.505432 173.599854 24.832132 55.000000 
453.513245 173.401550 24.827341 63.000000 
453.522522 173.183807 24.820778 57.000000 
453.490845 173.602554 24.835655 63.000000 
453.498016 173.397385 24.826773 50.000000 
453.506653 173.176071 24.818398 61.000000 
453.536285 172.383926 24.793945 46.000000 
453.469910 173.777847 24.836647 49.000000 
453.476135 173.595093 24.832865 57.000000 
453.518036 172.359619 24.784651 50.000000 
453.455902 173.780594 24.840252 51.000000 
453.461365 173.589386 24.831167 52.000000 
453.467346 173.382278 24.821671 57.000000 
453.499695 172.346207 24.780527 49.000000 
453.441711 173.776688 24.839504 50.000000 
453.446533 173.582016 24.828447 46.000000 
453.451843 173.371353 24.817144 63.000000 
453.481262 172.332840 24.776449 55.000000 
453.422485 173.942001 24.841715 50.000000 
453.427490 173.772827 24.838787 51.000000 
453.431671 173.574677 24.825764 49.000000 
453.462891 172.328568 24.776676 50.000000 
453.410278 173.943222 24.844149 55.000000 
453.414551 173.765686 24.835766 50.000000 
453.418488 173.575928 24.828226 50.000000 
453.396881 173.947739 24.849012 60.000000 
453.399628 173.746826 24.825283 43.000000 
453.403259 173.561874 24.821394 56.000000 
453.384216 174.083328 24.837950 63.000000 
453.381531 173.939072 24.845013 55.000000 
453.384155 173.749741 24.829189 46.000000 
453.397614 172.874023 24.792202 46.000000 
453.401886 172.608063 24.784880 49.000000 
453.369659 174.082932 24.839571 57.000000 
453.367188 173.925537 24.837513 57.000000 
453.369690 173.744354 24.827515 51.000000 
453.380402 172.861237 24.787580 45.000000 
453.356506 174.084244 24.842239 59.000000 
453.354279 173.915359 24.832151 51.000000 
453.356445 173.735687 24.823528 59.000000 
453.364838 172.850296 24.783737 44.000000 
453.343811 174.241470 24.852757 54.000000 
453.344513 174.082367 24.842447 54.000000 
453.326782 173.971848 24.836365 47.000000 
453.327820 173.780502 24.820095 44.000000 
453.334198 172.892838 24.780436 50.000000 
453.316406 174.288315 24.849827 55.000000 
453.317047 174.133957 24.843210 57.000000 
453.312256 173.969955 24.836943 56.000000 
453.315308 173.138641 24.790092 40.000000 
453.316559 172.894318 24.783478 47.000000 
453.302612 174.283310 24.847826 55.000000 
453.301758 174.114273 24.830904 53.000000 
453.297882 173.959854 24.831842 56.000000 
453.289795 174.424606 24.853033 76.000000 
453.289551 174.279938 24.846979 50.000000 
453.287964 174.107605 24.827873 46.000000 
453.283264 173.948135 24.825653 50.000000 
453.275879 174.407242 24.840965 62.000000 
453.276337 174.275024 24.844963 62.000000 
453.274750 174.109085 24.830685 57.000000 
453.264008 174.413406 24.847467 50.000000 
453.262787 174.266953 24.840582 53.000000 
453.261536 174.110611 24.833521 61.000000 
453.252289 174.548615 24.853920 62.000000 
453.251862 174.416473 24.851521 57.000000 
453.248596 174.252533 24.831444 47.000000 
453.247498 174.102432 24.829422 59.000000 
453.238922 174.536285 24.845324 62.000000 
453.238953 174.411743 24.849426 60.000000 
453.236145 174.257294 24.836710 50.000000 
453.227966 174.540909 24.850636 55.000000 
453.225983 174.400787 24.842352 57.000000 
453.223541 174.254105 24.835930 57.000000 
453.218231 174.668579 24.856493 61.000000 
453.202545 173.324463 24.788357 46.000000 
453.215881 174.540939 24.852245 55.000000 
453.213165 174.397705 24.841555 48.000000 
453.210632 174.254150 24.837654 58.000000 
453.189697 173.529846 24.794275 40.000000 
453.205383 174.664139 24.854248 52.000000 
453.202118 174.531799 24.846361 59.000000 
453.199127 174.389954 24.837177 51.000000 
453.193481 174.662735 24.854553 53.000000 
453.189819 174.530365 24.846760 52.000000 
453.186615 174.390060 24.838902 60.000000 
453.185669 174.780075 24.856653 67.000000 
453.159760 173.516541 24.789900 47.000000 
453.183929 174.670380 24.862520 52.000000 
453.178314 174.525894 24.844484 49.000000 
453.173798 174.377670 24.830643 69.000000 
453.150757 173.718201 24.802298 42.000000 
453.172394 174.766953 24.846256 60.000000 
453.170380 174.656998 24.852480 56.000000 
453.165375 174.519913 24.841145 51.000000 
453.161438 174.379425 24.833649 46.000000 
453.163513 174.881760 24.851158 41.000000 
453.135529 173.718445 24.804472 40.000000 
453.160828 174.770111 24.850639 56.000000 
453.157837 174.655701 24.852947 49.000000 
453.152832 174.521683 24.844236 52.000000 
453.153564 174.889191 24.859592 78.000000 
453.120270 173.712036 24.802269 43.000000 
453.150970 174.780655 24.861616 52.000000 
453.144775 174.646896 24.846872 45.000000 
453.140259 174.518860 24.843479 52.000000 
453.111877 173.894836 24.811255 50.000000 
453.139893 174.873566 24.846216 52.000000 
453.103760 173.695618 24.793652 40.000000 
453.137054 174.764694 24.848656 73.000000 
453.133453 174.650177 24.851200 46.000000 
453.125854 174.503769 24.832666 43.000000 
453.098541 173.900131 24.816675 46.000000 
453.130707 174.885391 24.858780 52.000000 
453.125122 174.762039 24.847704 56.000000 
453.121918 174.651993 24.854252 51.000000 
453.095123 174.057251 24.816511 62.000000 
453.124390 174.994476 24.863270 73.000000 
453.081757 173.879105 24.804333 40.000000 
453.120117 174.888596 24.863180 56.000000 
453.112457 174.754990 24.842794 55.000000 
453.108246 174.640289 24.845682 59.000000 
453.078888 174.038193 24.804781 63.000000 
453.111816 174.984940 24.855158 71.000000 
453.067474 173.877884 24.805372 45.000000 
453.107513 174.880280 24.856709 58.000000 
453.101227 174.756821 24.845882 60.000000 
453.095428 174.634644 24.842323 58.000000 
453.065765 174.041885 24.809172 52.000000 
453.102356 174.989517 24.860928 63.000000 
453.095123 174.870544 24.848825 51.000000 
453.090057 174.755722 24.846249 68.000000 
453.052643 174.040710 24.810040 48.000000 
453.091858 174.991333 24.864014 74.000000 
453.083466 174.868073 24.847858 50.000000 
453.077515 174.750259 24.842752 70.000000 
453.037598 174.031509 24.805313 47.000000 
453.079987 174.988953 24.863031 60.000000 
453.071472 174.867096 24.848366 56.000000 
453.064362 174.744843 24.839380 70.000000 
453.031555 174.186462 24.809246 48.000000 
453.021790 174.022385 24.800737 46.000000 
453.066895 174.978149 24.853651 68.000000 
453.060883 174.870468 24.852880 56.000000 
453.018921 174.190231 24.813742 48.000000 
453.055145 174.971573 24.848387 63.000000 
453.049744 174.868057 24.851898 63.000000 
453.013855 174.329102 24.812290 50.000000 
453.005096 174.182846 24.809895 44.000000 
453.045197 174.976318 24.854343 58.000000 
453.036804 174.859955 24.845615 60.000000 
453.000824 174.328171 24.813192 59.000000 
452.990265 174.173950 24.805016 44.000000 
453.034363 174.976868 24.856155 68.000000 
453.023193 174.849014 24.836660 43.000000 
452.987213 174.324158 24.811695 53.000000 
452.975342 174.165100 24.800175 45.000000 
453.021667 174.969009 24.849678 74.000000 
452.974182 174.323303 24.812654 48.000000 
453.009521 174.964005 24.846003 83.000000 
452.968903 174.453186 24.809940 47.000000 
452.958374 174.308426 24.802740 47.000000 
452.996002 174.953400 24.836828 80.000000 
452.959015 174.466202 24.822071 50.000000 
452.944305 174.302963 24.800135 47.000000 
452.945709 174.459290 24.817913 47.000000 
452.932739 174.306854 24.804707 50.000000 
452.932037 174.453995 24.815142 44.000000 
452.932220 174.593002 24.825684 52.000000 
452.917633 174.445663 24.809921 44.000000 
452.916809 174.578873 24.815100 48.000000 
452.905823 174.446533 24.812075 44.000000 
452.903351 174.573776 24.812218 49.000000 
452.892792 174.447510 24.814480 42.000000 
452.890594 174.571716 24.811916 49.000000 
452.891785 174.700348 24.818804 41.000000 
452.877686 174.566650 24.808985 51.000000 
452.879364 174.698395 24.818415 43.000000 
452.866333 174.570663 24.813831 49.000000 
452.865967 174.690552 24.812721 44.000000 
452.852997 174.564163 24.809685 41.000000 
452.854248 174.691605 24.815001 44.000000 
452.842133 174.691223 24.816000 46.000000 
452.829224 174.687943 24.814425 43.000000 
452.850952 174.949295 24.848215 45.000000 
452.834991 174.933609 24.834045 44.000000 
452.819427 174.810654 24.822420 45.000000 
452.819946 174.917847 24.819700 47.000000 
452.806061 174.803192 24.816645 43.000000 
452.809326 174.920425 24.823349 51.000000 
452.797852 174.920242 24.824295 50.000000 
452.785004 174.915894 24.821186 49.000000 
452.771210 174.908798 24.815393 55.000000 
452.757813 174.903137 24.810995 51.000000 
453.524536 173.621292 24.839161 118.000000 
453.507172 173.615967 24.838694 104.000000 
453.490326 173.601685 24.833933 114.000000 
453.449493 173.881760 24.845505 102.000000 
453.474060 173.591125 24.830881 102.000000 
453.432922 173.874908 24.844095 106.000000 
453.457306 173.571533 24.823610 61.000000 
453.397308 174.111847 24.845516 40.000000 
453.416412 173.866318 24.841818 105.000000 
453.439575 173.569992 24.825029 102.000000 
453.381744 174.094635 24.838322 50.000000 
453.400208 173.848862 24.835052 58.000000 
453.421997 173.564880 24.824757 108.000000 
453.364258 174.105576 24.846371 56.000000 
453.382935 173.833145 24.829309 48.000000 
453.403900 173.548950 24.819422 57.000000 
453.348358 174.095490 24.843035 61.000000 
453.366028 173.830032 24.829868 106.000000 
453.317841 174.325500 24.850843 51.000000 
453.333374 174.078461 24.835888 54.000000 
453.349884 173.828812 24.831291 105.000000 
453.302277 174.326096 24.853222 55.000000 
453.317352 174.066696 24.831688 43.000000 
453.333221 173.813293 24.825600 61.000000 
453.273651 174.517578 24.849089 57.000000 
453.286804 174.319778 24.851696 59.000000 
453.301086 174.062012 24.831301 59.000000 
453.258667 174.514832 24.849472 60.000000 
453.271454 174.303055 24.844305 54.000000 
453.284790 174.059158 24.831894 58.000000 
453.242859 174.517242 24.853027 57.000000 
453.255096 174.295029 24.841948 42.000000 
453.267761 174.045700 24.826946 45.000000 
453.217957 174.700348 24.852240 56.000000 
453.227875 174.505997 24.848364 57.000000 
453.239471 174.285339 24.838572 51.000000 
453.203430 174.694412 24.850502 57.000000 
453.212799 174.493073 24.842718 55.000000 
453.223785 174.282669 24.839159 55.000000 
453.261902 173.481400 24.805269 42.000000 
453.188995 174.700363 24.856218 60.000000 
453.197632 174.478470 24.836090 45.000000 
453.208069 174.271332 24.834877 55.000000 
453.243958 173.464142 24.799402 54.000000 
453.166809 174.875092 24.858250 56.000000 
453.174377 174.689407 24.851364 59.000000 
453.182526 174.484543 24.841745 52.000000 
453.225891 173.448730 24.794441 46.000000 
453.152771 174.871048 24.857531 48.000000 
453.159729 174.681885 24.848665 56.000000 
453.167450 174.485504 24.844368 57.000000 
453.207733 173.436996 24.791241 48.000000 
453.139587 174.875412 24.862251 53.000000 
453.145844 174.677826 24.848040 49.000000 
453.152679 174.462433 24.832676 46.000000 
453.179138 173.732803 24.805120 47.000000 
453.190338 173.418106 24.784565 51.000000 
453.119049 175.035172 24.862099 57.000000 
453.125275 174.863068 24.856110 44.000000 
453.130951 174.663589 24.841179 58.000000 
453.161713 173.723099 24.802553 45.000000 
453.105560 175.036240 24.864740 55.000000 
453.111084 174.857452 24.854387 50.000000 
453.116425 174.666367 24.844927 60.000000 
453.144165 173.711655 24.799135 47.000000 
453.091919 175.032410 24.864010 49.000000 
453.096619 174.845184 24.848320 46.000000 
453.101471 174.655609 24.840254 60.000000 
453.119537 173.972946 24.807915 52.000000 
453.126434 173.694885 24.793077 50.000000 
453.078766 175.180634 24.862955 75.000000 
453.078247 175.028610 24.863308 47.000000 
453.082458 174.843002 24.848856 56.000000 
453.102600 173.961746 24.804243 68.000000 
453.109253 173.705002 24.800474 43.000000 
453.065338 175.173676 24.859806 62.000000 
453.064240 175.018265 24.858112 55.000000 
453.054199 174.902618 24.854933 57.000000 
453.072021 174.014633 24.806147 48.000000 
453.037872 175.233139 24.866131 68.000000 
453.035889 175.067947 24.857544 55.000000 
453.039337 174.885437 24.845694 59.000000 
453.054443 173.987595 24.794157 48.000000 
453.022034 175.378601 24.869320 63.000000 
453.024384 175.226257 24.863043 51.000000 
453.021759 175.057663 24.852419 52.000000 
453.034943 174.259048 24.819479 46.000000 
453.037598 173.985352 24.795280 54.000000 
453.008698 175.368683 24.863651 55.000000 
453.010956 175.221039 24.861155 54.000000 
453.008636 175.065552 24.859753 63.000000 
453.018433 174.246429 24.814657 46.000000 
452.996216 175.371552 24.867645 55.000000 
452.997040 175.209366 24.854633 55.000000 
452.994080 175.050400 24.851311 67.000000 
452.981873 175.506134 24.868656 72.000000 
452.983246 175.368088 24.866852 53.000000 
452.983154 175.199341 24.849318 57.000000 
452.979736 175.040222 24.846292 46.000000 
452.983154 174.452362 24.816422 49.000000 
452.985229 174.223053 24.806122 40.000000 
452.968628 175.494934 24.861576 62.000000 
452.970276 175.364655 24.866089 54.000000 
452.969666 175.195847 24.848698 66.000000 
452.966919 174.438309 24.810356 57.000000 
452.956818 175.500992 24.868141 64.000000 
452.956726 175.354874 24.860552 53.000000 
452.956543 175.197266 24.851597 73.000000 
452.952423 174.429489 24.807156 44.000000 
452.944611 175.628067 24.868805 76.000000 
452.946136 175.505539 24.873323 58.000000 
452.944672 175.348343 24.857279 56.000000 
452.943970 175.188995 24.847366 47.000000 
452.937347 174.637527 24.816486 54.000000 
452.936584 174.424149 24.806213 42.000000 
452.931671 175.618713 24.862789 65.000000 
452.931976 175.486618 24.860157 58.000000 
452.931732 175.346619 24.857803 63.000000 
452.923248 174.647583 24.824793 45.000000 
452.920929 174.422287 24.807322 46.000000 
452.919983 175.621689 24.866972 49.000000 
452.919434 175.484940 24.860617 55.000000 
452.919067 175.348114 24.860754 68.000000 
452.906464 174.623703 24.812208 40.000000 
452.909302 175.749023 24.873392 56.000000 
452.907959 175.621628 24.868635 57.000000 
452.905853 175.473923 24.853701 60.000000 
452.905487 175.340073 24.856544 48.000000 
452.891113 174.618561 24.811171 45.000000 
452.896210 175.736954 24.864597 56.000000 
452.895264 175.615448 24.865250 63.000000 
452.893250 175.472321 24.854221 64.000000 
452.875854 174.615158 24.811211 47.000000 
452.884521 175.736954 24.866262 59.000000 
452.882111 175.606232 24.859360 57.000000 
452.880951 175.473892 24.857229 69.000000 
452.875031 175.857040 24.871593 67.000000 
452.860107 174.606705 24.808159 43.000000 
452.873230 175.739990 24.870552 56.000000 
452.868896 175.597046 24.853508 55.000000 
452.868713 175.475494 24.860262 43.000000 
452.848755 174.799561 24.816072 43.000000 
452.863098 175.852676 24.869247 60.000000 
452.860962 175.735535 24.868361 51.000000 
452.856812 175.597122 24.855284 59.000000 
452.838318 174.985184 24.828234 42.000000 
452.852905 175.959793 24.867880 45.000000 
452.835052 174.806381 24.822529 44.000000 
452.852173 175.855728 24.873600 62.000000 
452.848877 175.732635 24.867498 50.000000 
452.844299 175.594162 24.854555 65.000000 
452.842072 175.961365 24.870909 72.000000 
452.818817 174.789795 24.813910 41.000000 
452.841492 175.860275 24.879303 52.000000 
452.835449 175.720718 24.858871 51.000000 
452.832397 175.595840 24.857645 52.000000 
452.831024 175.961517 24.872591 61.000000 
452.828369 175.848633 24.870373 40.000000 
452.823914 175.722397 24.861961 56.000000 
452.824554 176.075958 24.883129 42.000000 
452.819519 175.958817 24.871565 56.000000 
452.815369 175.838501 24.862812 56.000000 
452.812653 175.725601 24.866369 59.000000 
452.790985 175.134430 24.829372 42.000000 
452.812866 176.070526 24.879213 68.000000 
452.809937 175.967682 24.881475 54.000000 
452.803009 175.832840 24.859280 62.000000 
452.799500 175.716812 24.860435 53.000000 
452.774689 175.113632 24.816534 49.000000 
452.801117 176.065125 24.875330 71.000000 
452.765717 174.961624 24.822252 43.000000 
452.790344 175.825729 24.854448 68.000000 
452.761383 175.115585 24.819845 46.000000 
452.791168 176.069626 24.881235 74.000000 
452.780426 175.834869 24.864256 66.000000 
452.747833 175.115952 24.822033 47.000000 
452.780457 176.069931 24.882975 68.000000 
452.772461 175.944016 24.863651 51.000000 
452.767700 175.827820 24.859480 43.000000 
452.733826 175.113113 24.821953 50.000000 
452.769196 176.064606 24.879080 44.000000 
452.761353 175.941467 24.862671 53.000000 
452.727203 175.262924 24.822762 42.000000 
452.720001 175.107056 24.819498 50.000000 
452.757050 176.057922 24.873911 50.000000 
452.750519 175.943283 24.865881 59.000000 
452.716156 175.276123 24.834415 41.000000 
452.744263 176.048462 24.865997 43.000000 
452.738281 175.937927 24.862328 45.000000 
452.709137 175.413086 24.832569 46.000000 
452.699951 175.257523 24.822456 46.000000 
452.734344 176.053101 24.872005 68.000000 
452.695374 175.407349 24.829876 49.000000 
452.685455 175.250092 24.818810 49.000000 
452.722656 176.049347 24.869705 65.000000 
452.681549 175.401642 24.827215 48.000000 
452.671204 175.244308 24.816381 44.000000 
452.710632 176.044205 24.866047 74.000000 
452.668274 175.399109 24.827021 48.000000 
452.700134 176.046127 24.869345 44.000000 
452.662872 175.533386 24.828531 49.000000 
452.653168 175.387238 24.819578 53.000000 
452.652679 175.544754 24.839478 45.000000 
452.639191 175.381668 24.817026 55.000000 
452.639465 175.540833 24.837971 42.000000 
452.622772 175.663589 24.837439 50.000000 
452.610962 175.523926 24.827593 45.000000 
452.609802 175.659851 24.835850 46.000000 
452.597260 175.518585 24.824947 47.000000 
452.597748 175.657608 24.835455 45.000000 
452.581909 175.641937 24.823727 42.000000 
452.583313 175.777863 24.837603 42.000000 
452.569519 175.641312 24.824787 47.000000 
452.568756 175.766983 24.829424 49.000000 
452.556335 175.764969 24.829124 48.000000 
452.558289 175.894806 24.843529 49.000000 
452.542358 175.757111 24.823635 49.000000 
452.542694 175.879974 24.831104 46.000000 
452.532196 175.763962 24.831213 50.000000 
452.528931 175.872360 24.825411 46.000000 
452.538391 176.018906 24.861443 40.000000 
452.517395 175.874863 24.829210 45.000000 
452.522064 176.001709 24.845961 49.000000 
452.506439 175.877350 24.832912 46.000000 
452.507111 175.985855 24.831665 47.000000 
452.494965 175.874023 24.831070 45.000000 
452.495636 175.985535 24.832647 51.000000 
452.484589 175.986664 24.835016 53.000000 
452.472229 175.983612 24.833326 54.000000 
452.459351 175.979218 24.830309 50.000000 
453.230072 174.702957 24.841787 118.000000 
453.213348 174.690262 24.837870 104.000000 
453.195923 174.686600 24.838345 120.000000 
453.151520 174.964188 24.850180 104.000000 
453.178802 174.677597 24.836248 111.000000 
453.135376 174.951843 24.846067 62.000000 
453.161865 174.665039 24.832457 66.000000 
453.118683 174.948410 24.846546 109.000000 
453.144653 174.656113 24.830442 117.000000 
453.082184 175.183319 24.847706 58.000000 
453.103180 174.938004 24.843351 105.000000 
453.128448 174.643723 24.826656 121.000000 
453.066437 175.173035 24.844351 62.000000 
453.086914 174.923981 24.838449 58.000000 
453.110840 174.640289 24.827328 121.000000 
453.049011 175.182068 24.851555 58.000000 
453.069702 174.909943 24.833666 111.000000 
453.015961 175.395813 24.851559 54.000000 
453.033325 175.168350 24.846376 54.000000 
453.052826 174.906693 24.834297 119.000000 
453.001068 175.399780 24.855890 51.000000 
453.018127 175.161789 24.844957 61.000000 
453.036804 174.903564 24.834887 113.000000 
452.985504 175.400253 24.858345 50.000000 
453.002472 175.141098 24.836067 63.000000 
452.955566 175.584549 24.850773 71.000000 
452.970306 175.385132 24.851942 45.000000 
452.986359 175.132782 24.833855 75.000000 
452.940613 175.579987 24.850197 61.000000 
452.954926 175.375259 24.848541 46.000000 
452.970001 175.135071 24.837358 75.000000 
452.924835 175.580551 24.852808 57.000000 
452.938721 175.360138 24.842302 51.000000 
452.898499 175.760117 24.850292 57.000000 
452.909882 175.574356 24.851273 59.000000 
452.923096 175.357315 24.842924 61.000000 
452.884003 175.764221 24.855001 61.000000 
452.894867 175.569901 24.850798 55.000000 
452.907440 175.358002 24.845551 48.000000 
452.951904 174.530365 24.796373 104.000000 
452.860016 175.947098 24.862944 41.000000 
452.869537 175.768372 24.859735 51.000000 
452.879791 175.548325 24.840117 55.000000 
452.933807 174.531021 24.799175 66.000000 
452.846039 175.942886 24.862253 52.000000 
452.864685 175.549118 24.842785 68.000000 
452.915833 174.517288 24.795134 102.000000 
452.832001 175.938721 24.861595 52.000000 
452.840332 175.744598 24.849102 42.000000 
452.849548 175.546509 24.843439 50.000000 
452.897736 174.501801 24.790279 105.000000 
452.809937 176.104889 24.866356 40.000000 
452.818054 175.939606 24.864267 45.000000 
452.825531 175.728516 24.841192 47.000000 
452.866058 174.799118 24.805834 47.000000 
452.796295 176.099228 24.864489 52.000000 
452.810944 175.727753 24.842869 52.000000 
452.848724 174.794647 24.806034 44.000000 
452.782623 176.093613 24.862654 40.000000 
452.789764 175.924789 24.858709 42.000000 
452.831238 174.777710 24.799982 47.000000 
452.768341 176.253098 24.870090 45.000000 
452.769379 176.101196 24.869938 49.000000 
452.775360 175.912430 24.852690 48.000000 
452.804565 175.033493 24.806574 55.000000 
452.813721 174.767975 24.797571 42.000000 
452.739594 176.299088 24.867580 65.000000 
452.741455 176.142197 24.864069 43.000000 
452.747162 175.954910 24.848244 55.000000 
452.774872 175.082397 24.807098 50.000000 
452.727722 176.296951 24.867842 62.000000 
452.727051 176.121872 24.852118 43.000000 
452.757843 175.067581 24.801655 50.000000 
452.713959 176.283463 24.860090 46.000000 
452.712158 176.122910 24.855120 58.000000 
452.739105 175.054489 24.797405 62.000000 
452.696533 176.444901 24.875538 57.000000 
452.698364 176.119125 24.854580 58.000000 
452.717316 175.315262 24.817503 41.000000 
452.683167 176.433304 24.868710 49.000000 
452.684906 176.121948 24.858601 52.000000 
452.700623 175.297287 24.809820 41.000000 
452.667999 176.575592 24.876202 65.000000 
452.670349 176.431290 24.869154 48.000000 
452.672577 176.272293 24.858292 69.000000 
452.683960 175.282837 24.804138 40.000000 
452.655579 176.573654 24.876579 58.000000 
452.657837 176.434097 24.873240 40.000000 
452.658264 176.255707 24.848354 57.000000 
452.665558 175.510040 24.815676 42.000000 
452.646057 176.429001 24.871159 45.000000 
452.646820 176.261856 24.854622 57.000000 
452.630981 176.558975 24.868570 63.000000 
452.632690 176.420731 24.866869 55.000000 
452.633240 175.485199 24.805721 44.000000 
452.618225 176.554016 24.866556 41.000000 
452.618713 176.406113 24.857809 54.000000 
452.618073 175.715286 24.828964 42.000000 
452.617401 175.479736 24.804853 60.000000 
452.603485 176.675064 24.862320 56.000000 
452.605988 176.555344 24.869522 46.000000 
452.606049 176.407471 24.860802 65.000000 
452.602509 175.704849 24.824762 41.000000 
452.592712 176.814529 24.879276 40.000000 
452.592072 176.681015 24.869114 47.000000 
452.592834 176.547318 24.865091 66.000000 
452.586365 175.687653 24.816414 41.000000 
452.580048 176.680847 24.870840 54.000000 
452.579163 176.534637 24.856989 74.000000 
452.570007 175.679001 24.813457 49.000000 
452.567291 176.800690 24.870970 49.000000 
452.565735 176.531372 24.856428 67.000000 
452.555603 176.800598 24.872694 58.000000 
452.553436 176.663742 24.860491 51.000000 
452.553619 176.534409 24.860739 46.000000 
452.545837 176.925034 24.882303 54.000000 
452.544891 176.808060 24.880957 47.000000 
452.540802 176.659073 24.858498 64.000000 
452.526276 175.859711 24.818829 46.000000 
452.532928 176.913208 24.873323 62.000000 
452.532074 176.799011 24.874908 49.000000 
452.529114 176.657516 24.858976 63.000000 
452.511841 175.859726 24.821043 43.000000 
452.521576 176.913223 24.875067 58.000000 
452.519592 176.792999 24.871500 52.000000 
452.516785 176.660599 24.863464 65.000000 
452.500610 176.045319 24.833460 41.000000 
452.511414 177.020355 24.873768 45.000000 
452.510864 176.917679 24.880836 55.000000 
452.506836 176.785522 24.866821 58.000000 
452.487366 176.038803 24.830956 41.000000 
452.501343 177.023300 24.878155 64.000000 
452.499786 176.911850 24.877110 51.000000 
452.495850 176.782578 24.865889 58.000000 
452.480408 176.190826 24.828194 50.000000 
452.494019 177.137695 24.888905 42.000000 
452.473663 176.040573 24.834288 45.000000 
452.490631 177.021942 24.878460 58.000000 
452.487518 176.906052 24.873590 53.000000 
452.484558 176.785690 24.870359 58.000000 
452.467590 176.190964 24.830250 48.000000 
452.482056 177.133606 24.886522 44.000000 
452.458252 176.034149 24.832182 47.000000 
452.479462 177.027863 24.885880 60.000000 
452.473450 176.892929 24.863541 73.000000 
452.450653 176.174942 24.821135 48.000000 
452.470367 177.128113 24.882685 68.000000 
452.466766 177.015030 24.875317 45.000000 
452.461548 176.890152 24.862753 63.000000 
452.438232 176.178391 24.825554 48.000000 
452.459137 177.122650 24.878790 61.000000 
452.456726 177.020996 24.882599 45.000000 
452.450928 176.891815 24.865883 68.000000 
452.424042 176.173782 24.824358 52.000000 
452.450500 177.134140 24.891747 78.000000 
452.443634 177.006790 24.870741 56.000000 
452.414917 176.321976 24.824413 46.000000 
452.410950 176.172455 24.825378 55.000000 
452.430664 176.999847 24.865917 54.000000 
452.402771 176.328659 24.831390 43.000000 
452.425781 177.117767 24.878689 44.000000 
452.421722 177.008774 24.875887 65.000000 
452.396790 176.481339 24.841862 41.000000 
452.389191 176.325836 24.831282 47.000000 
452.413300 177.109619 24.872213 54.000000 
452.407562 176.996140 24.865688 50.000000 
452.382843 176.473907 24.837973 41.000000 
452.375061 176.319855 24.828840 48.000000 
452.402496 177.109970 24.874113 74.000000 
452.367767 176.460251 24.829248 48.000000 
452.360352 176.310745 24.824072 43.000000 
452.392883 177.115967 24.881586 55.000000 
452.354492 176.457581 24.829088 53.000000 
452.379364 177.103699 24.871038 71.000000 
452.346832 176.584152 24.824478 43.000000 
452.341766 176.458069 24.831388 50.000000 
452.367920 177.101334 24.870235 54.000000 
452.335632 176.593887 24.834352 50.000000 
452.325836 176.441422 24.820358 51.000000 
452.311890 176.596527 24.840067 42.000000 
452.297668 176.584854 24.832306 46.000000 
452.295471 176.725281 24.844831 48.000000 
452.283386 176.579407 24.829805 54.000000 
452.281860 176.718445 24.840740 50.000000 
452.280457 176.846603 24.848669 47.000000 
452.267761 176.707092 24.832739 49.000000 
452.269226 176.848770 24.852259 40.000000 
452.254364 176.701828 24.830000 54.000000 
452.254059 176.834824 24.841471 46.000000 
452.241638 176.699600 24.829847 58.000000 
452.240967 176.829727 24.838577 45.000000 
452.241638 176.959457 24.853367 41.000000 
452.227081 176.821747 24.833105 45.000000 
452.227325 176.948792 24.844967 40.000000 
452.215027 176.821121 24.834200 49.000000 
452.213684 176.941040 24.839285 41.000000 
452.204102 176.824951 24.839230 44.000000 
452.199158 176.930450 24.830971 41.000000 
452.208984 177.079834 24.869785 42.000000 
452.188995 176.935684 24.837381 43.000000 
452.191895 177.059738 24.851614 44.000000 
452.177216 176.935211 24.838474 46.000000 
452.175903 177.043884 24.837603 42.000000 
452.164612 176.931915 24.836929 43.000000 
452.166962 177.051880 24.846825 45.000000 
452.156189 177.050003 24.846277 53.000000 
452.142090 177.041275 24.839195 49.000000 
452.129150 177.038223 24.837717 51.000000 
452.924500 175.738785 24.857903 109.000000 
452.906921 175.736694 24.859251 118.000000 
452.889618 175.731033 24.858904 108.000000 
452.843140 175.995911 24.863535 104.000000 
452.872803 175.718246 24.855127 105.000000 
452.826538 175.990479 24.863115 111.000000 
452.856171 175.701904 24.849665 108.000000 
452.809479 175.992218 24.866358 55.000000 
452.839417 175.685593 24.844246 121.000000 
452.770935 176.218140 24.862009 62.000000 
452.794617 175.970947 24.857779 48.000000 
452.823090 175.674820 24.841389 106.000000 
452.754700 176.216461 24.863445 44.000000 
452.778198 175.960312 24.854753 111.000000 
452.762726 175.946228 24.849882 119.000000 
452.703430 176.437317 24.868811 54.000000 
452.687988 176.432358 24.868311 49.000000 
452.707764 176.190674 24.856541 62.000000 
452.691772 176.180374 24.853395 58.000000 
452.638458 176.627136 24.868618 42.000000 
452.623535 176.620682 24.867062 63.000000 
452.640015 176.414139 24.865211 56.000000 
452.608551 176.615997 24.866564 50.000000 
452.624878 176.390198 24.854046 67.000000 
452.580078 176.802368 24.867477 55.000000 
452.593658 176.602753 24.860989 44.000000 
452.609100 176.390686 24.856678 52.000000 
452.664307 175.578918 24.818388 62.000000 
452.565521 176.801239 24.869028 56.000000 
452.578552 176.599869 24.861584 68.000000 
452.646484 175.564896 24.814327 61.000000 
452.550964 176.805237 24.873787 46.000000 
452.563568 176.579819 24.852005 64.000000 
452.628357 175.561752 24.815456 68.000000 
452.526917 176.984909 24.878677 56.000000 
452.537903 176.795807 24.869936 40.000000 
452.549805 176.590881 24.860659 71.000000 
452.612305 175.544327 24.809566 114.000000 
452.512848 176.977249 24.875862 51.000000 
452.523285 176.782913 24.864164 56.000000 
452.497406 176.976227 24.877628 48.000000 
452.507141 176.773361 24.860720 63.000000 
452.557434 175.834793 24.823797 49.000000 
452.483185 176.963623 24.871593 40.000000 
452.492493 176.770737 24.861372 54.000000 
452.540100 175.819397 24.818672 50.000000 
452.444946 177.186310 24.878744 46.000000 
452.453827 177.007263 24.868946 51.000000 
452.495514 176.129669 24.826618 48.000000 
452.431488 177.190445 24.883778 51.000000 
452.439606 177.001419 24.867365 53.000000 
452.478790 176.125183 24.826769 50.000000 
452.415619 177.343521 24.885933 41.000000 
452.425293 176.993927 24.864725 53.000000 
452.461975 176.115417 24.824156 51.000000 
452.402069 177.331467 24.879375 48.000000 
452.403595 177.167542 24.872431 50.000000 
452.436005 176.377533 24.844940 42.000000 
452.444977 176.096863 24.816919 65.000000 
452.389160 177.337265 24.885702 55.000000 
452.389618 177.158615 24.868509 58.000000 
452.370667 177.484283 24.889805 43.000000 
452.375397 177.323654 24.878046 40.000000 
452.376007 177.159607 24.871399 64.000000 
452.362518 177.329544 24.884422 50.000000 
452.362549 177.163956 24.876570 56.000000 
452.344543 177.471985 24.884712 60.000000 
452.348450 177.312744 24.874508 67.000000 
452.363892 176.562073 24.840067 42.000000 
452.327850 177.609756 24.887835 50.000000 
452.334930 177.296005 24.864546 66.000000 
452.347870 176.547684 24.834078 44.000000 
452.314697 177.598312 24.880852 55.000000 
452.318359 177.461411 24.880947 45.000000 
452.321045 177.297119 24.867607 73.000000 
452.331482 176.528168 24.825111 46.000000 
452.302277 177.597885 24.882561 64.000000 
452.305206 177.456192 24.879112 62.000000 
452.313782 176.754852 24.845495 47.000000 
452.316254 176.519058 24.822130 44.000000 
452.286865 177.723572 24.881601 56.000000 
452.291809 177.439835 24.868830 61.000000 
452.298187 176.742508 24.840269 45.000000 
452.274567 177.714005 24.875603 56.000000 
452.277771 177.594009 24.883493 55.000000 
452.279419 177.445847 24.875446 63.000000 
452.282623 176.731888 24.836134 41.000000 
452.262573 177.721359 24.883768 77.000000 
452.264496 177.584274 24.877880 79.000000 
452.266296 176.711121 24.825775 50.000000 
452.250305 177.856400 24.896334 47.000000 
452.251556 177.725708 24.889238 45.000000 
452.251007 177.572998 24.871071 63.000000 
452.251373 176.712494 24.829031 55.000000 
452.237640 177.847107 24.890240 52.000000 
452.238098 177.717758 24.884769 51.000000 
452.238037 177.568039 24.869225 72.000000 
452.225433 177.842361 24.888084 58.000000 
452.225311 177.705231 24.876358 59.000000 
452.226929 177.581940 24.882168 45.000000 
452.213745 177.962509 24.893183 58.000000 
452.213531 177.840668 24.888559 41.000000 
452.211884 177.698883 24.873230 65.000000 
452.206635 177.090515 24.850986 40.000000 
452.205475 176.893051 24.833668 41.000000 
452.201782 177.957932 24.890926 56.000000 
452.201813 177.840530 24.890356 46.000000 
452.200684 177.701828 24.877531 63.000000 
452.192078 177.083771 24.848680 43.000000 
452.191559 176.899628 24.840231 42.000000 
452.189606 177.951920 24.887365 62.000000 
452.189514 177.835892 24.888287 57.000000 
452.188324 177.704788 24.882038 61.000000 
452.178680 178.066483 24.892447 58.000000 
452.175781 177.820724 24.877169 53.000000 
452.167175 178.063538 24.891483 48.000000 
452.165192 177.829742 24.886826 62.000000 
452.156189 177.240570 24.853287 47.000000 
452.155640 178.060638 24.890547 47.000000 
452.153442 177.938477 24.880859 55.000000 
452.152374 177.822174 24.882254 52.000000 
452.141296 177.222687 24.842716 45.000000 
452.146698 178.171112 24.896500 58.000000 
452.140625 177.929626 24.874767 64.000000 
452.126434 177.217865 24.841610 45.000000 
452.134705 178.164093 24.891314 64.000000 
452.129120 177.929672 24.876671 66.000000 
452.113129 177.214691 24.841459 47.000000 
452.125427 178.169830 24.898598 61.000000 
452.119995 178.043427 24.879650 44.000000 
452.099976 177.218063 24.846041 48.000000 
452.114380 178.168518 24.899031 68.000000 
452.108337 178.040634 24.878826 61.000000 
452.106201 177.926926 24.877800 40.000000 
452.089050 177.364685 24.844440 43.000000 
452.085999 177.210098 24.842510 40.000000 
452.097137 178.040787 24.880743 56.000000 
452.076569 177.369659 24.850250 44.000000 
452.090424 178.156097 24.890245 41.000000 
452.087006 178.046753 24.888105 58.000000 
452.068481 177.519363 24.857733 47.000000 
452.062500 177.363510 24.847820 45.000000 
452.079590 178.153473 24.889275 63.000000 
452.053680 177.502350 24.846489 49.000000 
452.049011 177.357376 24.845306 51.000000 
452.068207 178.150879 24.888424 68.000000 
452.039886 177.496368 24.843904 46.000000 
452.034851 177.351288 24.842947 44.000000 
452.057068 178.149719 24.888985 83.000000 
452.027618 177.499832 24.848637 53.000000 
452.044434 178.141541 24.882650 74.000000 
452.018585 177.626480 24.843569 47.000000 
452.013519 177.492355 24.844904 51.000000 
452.007233 177.636124 24.853449 45.000000 
451.999603 177.486481 24.842422 53.000000 
451.996918 177.644211 24.861864 41.000000 
451.976318 177.763794 24.858795 50.000000 
451.968628 177.626709 24.851624 45.000000 
451.964569 177.759735 24.857042 47.000000 
451.954071 177.613373 24.842720 51.000000 
451.949982 177.748215 24.849176 47.000000 
451.935364 177.739792 24.844021 48.000000 
451.934906 177.880417 24.861540 45.000000 
451.922272 177.735886 24.842606 57.000000 
451.921997 177.870651 24.854504 46.000000 
451.908875 177.865417 24.851654 45.000000 
451.908081 177.995499 24.865854 46.000000 
451.896423 177.863174 24.851446 46.000000 
451.895477 177.988953 24.861399 42.000000 
451.884338 177.862427 24.852566 50.000000 
451.881287 177.981079 24.855881 43.000000 
451.868164 177.973175 24.850164 42.000000 
451.855377 177.971146 24.850054 42.000000 
451.858490 178.101212 24.869162 44.000000 
451.846100 177.977722 24.857702 44.000000 
451.842987 178.086578 24.856577 45.000000 
451.831085 178.084656 24.856283 48.000000 
451.820251 178.088440 24.861574 51.000000 
451.808319 178.086578 24.861332 56.000000 
452.638519 176.734711 24.848675 49.000000 
452.622437 176.714371 24.841314 66.000000 
452.606232 176.694077 24.834000 121.000000 
452.587158 176.704346 24.841455 61.000000 
452.536957 176.980362 24.849274 50.000000 
452.570007 176.693115 24.838554 64.000000 
452.520844 176.965820 24.844322 111.000000 
452.553101 176.678329 24.833965 121.000000 
452.536713 176.667282 24.831074 123.000000 
452.460052 177.216583 24.853426 44.000000 
452.487762 176.956512 24.844433 41.000000 
452.443726 177.200531 24.847366 65.000000 
452.470795 176.938431 24.837870 111.000000 
452.453766 176.932938 24.837608 115.000000 
452.387085 177.428452 24.854959 45.000000 
452.411346 177.186340 24.844683 50.000000 
452.371246 177.426758 24.856438 47.000000 
452.394897 177.182831 24.845284 71.000000 
452.379791 177.168869 24.840181 106.000000 
452.321259 177.635803 24.863052 63.000000 
452.340759 177.414917 24.854500 42.000000 
452.306580 177.618851 24.855360 66.000000 
452.325073 177.408142 24.853128 64.000000 
452.291351 177.615677 24.855885 48.000000 
452.309387 177.401413 24.851795 58.000000 
452.259674 177.824509 24.869154 51.000000 
452.276062 177.614258 24.857466 53.000000 
452.293518 177.398209 24.852461 49.000000 
452.359894 176.558228 24.805286 59.000000 
452.245209 177.813019 24.864336 57.000000 
452.261169 177.595703 24.848871 78.000000 
452.341980 176.543976 24.801235 61.000000 
452.215973 177.996216 24.870430 42.000000 
452.245850 177.592651 24.849503 64.000000 
452.323883 176.531555 24.798088 111.000000 
452.201843 177.986664 24.866491 54.000000 
452.215790 177.808823 24.866463 50.000000 
452.230621 177.581039 24.845070 68.000000 
452.188385 177.978882 24.863605 57.000000 
452.201111 177.800827 24.863871 60.000000 
452.266632 176.823944 24.811140 41.000000 
452.162048 178.165405 24.879932 40.000000 
452.186462 177.782700 24.854971 58.000000 
452.249146 176.813644 24.808670 42.000000 
452.148285 178.152832 24.873573 48.000000 
452.171631 177.771393 24.850344 50.000000 
452.216278 176.868637 24.813601 106.000000 
452.118439 178.202835 24.875124 56.000000 
452.129608 178.023300 24.866322 56.000000 
452.182526 177.117477 24.814161 50.000000 
452.100220 178.367737 24.884422 51.000000 
452.105377 178.201920 24.876678 41.000000 
452.115906 178.007263 24.858095 62.000000 
452.166443 177.111053 24.813284 44.000000 
452.087311 178.350632 24.874245 70.000000 
452.101471 177.997925 24.854366 48.000000 
452.149506 177.120544 24.820950 45.000000 
452.073822 178.343262 24.871199 55.000000 
452.076965 178.190140 24.873335 56.000000 
452.131683 177.105255 24.815687 44.000000 
452.052826 178.513123 24.891069 40.000000 
452.059570 178.334259 24.867104 59.000000 
452.062805 178.174438 24.864897 52.000000 
452.039551 178.501175 24.884264 64.000000 
452.049530 178.170364 24.864311 55.000000 
452.026855 178.489288 24.877411 58.000000 
452.033386 178.331085 24.869259 57.000000 
452.059692 177.540436 24.816114 52.000000 
452.070648 177.331161 24.819448 41.000000 
452.008057 178.632172 24.883350 46.000000 
452.013763 178.485382 24.876690 56.000000 
452.019653 178.322235 24.865179 68.000000 
451.995178 178.625244 24.880051 79.000000 
452.000824 178.484711 24.878399 42.000000 
452.005768 178.311783 24.859972 66.000000 
451.982178 178.616776 24.875547 58.000000 
451.987701 178.480865 24.877733 49.000000 
451.992035 178.306259 24.858292 54.000000 
452.013428 177.543304 24.825338 42.000000 
451.969543 178.605225 24.868523 57.000000 
451.974823 178.470718 24.872213 66.000000 
451.997467 177.535706 24.823471 52.000000 
451.953522 178.757751 24.888134 59.000000 
451.960846 178.454163 24.862026 66.000000 
451.940277 178.751068 24.884840 61.000000 
451.943665 178.604126 24.872116 63.000000 
451.946899 178.450409 24.861553 66.000000 
451.959717 177.741791 24.832451 41.000000 
451.925903 178.887894 24.898132 43.000000 
451.927094 178.738266 24.876421 55.000000 
451.930664 178.598938 24.870211 69.000000 
451.943756 177.725922 24.825232 47.000000 
451.913177 178.876892 24.890705 60.000000 
451.917542 178.592209 24.867105 63.000000 
451.928253 177.720306 24.824318 40.000000 
451.901062 178.873474 24.889824 49.000000 
451.903046 178.742065 24.883766 46.000000 
451.904602 178.588654 24.866493 67.000000 
451.886780 178.987991 24.889051 52.000000 
451.888336 178.864059 24.883768 50.000000 
451.890228 178.735535 24.880512 62.000000 
451.895020 177.913086 24.833181 40.000000 
451.874634 178.981750 24.885437 62.000000 
451.877258 178.727493 24.876026 57.000000 
451.880096 177.899307 24.826662 44.000000 
451.863342 178.978516 24.884432 62.000000 
451.866028 178.871033 24.893749 45.000000 
451.864960 178.721054 24.872744 61.000000 
451.850372 178.966415 24.875549 62.000000 
451.852997 178.860184 24.886486 60.000000 
451.851013 178.705368 24.862013 46.000000 
451.839447 179.094711 24.892008 51.000000 
451.839691 178.973602 24.884008 51.000000 
451.839172 178.843338 24.874077 59.000000 
451.834229 178.073532 24.833832 48.000000 
451.827454 179.088730 24.888319 45.000000 
451.828522 178.976395 24.888489 54.000000 
451.827209 178.843140 24.875961 62.000000 
451.825928 178.250916 24.846365 49.000000 
451.817810 179.203888 24.897806 45.000000 
451.821075 178.076660 24.838207 55.000000 
451.816193 179.084244 24.885933 61.000000 
451.816376 178.967361 24.882267 68.000000 
451.812408 178.245880 24.845001 41.000000 
451.806305 179.199509 24.895378 54.000000 
451.802765 178.952423 24.870863 66.000000 
451.797852 178.237610 24.841484 41.000000 
451.793762 179.192337 24.890284 43.000000 
451.792938 179.082596 24.888319 40.000000 
451.789703 178.946411 24.867559 66.000000 
451.782349 178.227768 24.836971 41.000000 
451.781464 179.183777 24.883739 58.000000 
451.780579 179.075287 24.883387 61.000000 
451.779541 178.956726 24.878771 49.000000 
451.772064 178.400528 24.853344 43.000000 
451.769348 178.234238 24.843851 48.000000 
451.770966 179.186600 24.888359 56.000000 
451.767944 179.066574 24.877131 60.000000 
451.757019 178.386124 24.844936 45.000000 
451.760498 179.189453 24.892996 43.000000 
451.755219 179.057892 24.870911 52.000000 
451.742676 178.378159 24.841301 41.000000 
451.747833 179.179565 24.885151 54.000000 
451.744110 179.059387 24.874216 47.000000 
451.729340 178.378235 24.843601 43.000000 
451.735840 179.173965 24.881508 71.000000 
451.718658 178.522339 24.845152 49.000000 
451.716248 178.379944 24.847109 45.000000 
451.724121 179.164139 24.873543 80.000000 
451.705627 178.513031 24.839920 46.000000 
451.712555 179.161453 24.872734 74.000000 
451.692657 178.513199 24.842230 48.000000 
451.705048 179.182892 24.895578 44.000000 
451.682861 178.654343 24.847729 44.000000 
451.679077 178.513428 24.844683 62.000000 
451.669800 178.651505 24.847525 43.000000 
451.665131 178.507401 24.842205 49.000000 
451.657990 178.648666 24.847118 45.000000 
451.646790 178.656693 24.855677 51.000000 
451.630524 178.643204 24.847092 56.000000 
451.624298 178.778366 24.853102 42.000000 
451.612457 178.777252 24.854053 48.000000 
451.599060 178.771652 24.851328 51.000000 
451.593903 178.899323 24.856636 44.000000 
451.585907 178.767593 24.849911 57.000000 
451.583710 178.907211 24.865513 43.000000 
451.571716 178.995422 24.840637 42.000000 
451.569855 178.895889 24.857325 44.000000 
451.561859 179.003204 24.849667 45.000000 
451.557343 178.893494 24.857117 49.000000 
451.543793 178.886703 24.853033 52.000000 
451.529053 179.138321 24.878361 45.000000 
451.513763 179.123459 24.865732 45.000000 
451.501801 179.121368 24.865410 48.000000 
451.487640 179.109375 24.855474 50.000000 
451.476807 179.111588 24.859291 53.000000 
451.466400 179.115250 24.864485 48.000000 
452.333801 177.780487 24.866119 49.000000 
452.317780 177.761719 24.859629 101.000000 
452.301270 177.746567 24.854918 68.000000 
452.284271 177.735031 24.851978 111.000000 
452.227997 178.031906 24.869928 102.000000 
452.266113 177.734314 24.854267 63.000000 
452.212708 178.010025 24.861357 111.000000 
452.249176 177.721085 24.850546 122.000000 
452.162567 178.277908 24.877251 42.000000 
452.232147 177.707901 24.846869 124.000000 
452.147675 178.258194 24.869188 55.000000 
452.131927 178.247284 24.865896 62.000000 
452.163239 177.978363 24.853096 120.000000 
452.114319 178.248627 24.869329 48.000000 
452.145081 177.976089 24.854717 121.000000 
452.071136 178.476105 24.874247 56.000000 
452.057465 178.465714 24.870653 51.000000 
452.083496 178.225372 24.861919 107.000000 
452.041595 178.463852 24.872162 47.000000 
452.067383 178.216385 24.859726 75.000000 
452.002838 178.674026 24.876976 71.000000 
452.051239 178.207443 24.857574 52.000000 
451.988708 178.649994 24.865204 64.000000 
452.010315 178.451553 24.870365 56.000000 
451.971924 178.646439 24.865891 46.000000 
451.993683 178.432251 24.862328 61.000000 
451.936890 178.865295 24.884924 57.000000 
451.977875 178.427078 24.862019 61.000000 
452.054840 177.607086 24.826355 66.000000 
451.923828 178.858841 24.883137 57.000000 
451.942657 178.645111 24.869951 67.000000 
452.039093 177.589157 24.820398 51.000000 
451.892822 179.038422 24.886738 40.000000 
451.909485 178.845490 24.877302 40.000000 
451.927765 178.629807 24.863445 68.000000 
452.021423 177.571075 24.814684 104.000000 
451.878662 179.035355 24.887186 47.000000 
451.912781 178.614548 24.856983 66.000000 
452.003448 177.556641 24.810732 111.000000 
451.864655 179.023972 24.882187 49.000000 
451.879944 178.840942 24.879494 60.000000 
451.959015 177.864487 24.828274 41.000000 
451.850586 179.009262 24.875034 46.000000 
451.865509 178.822601 24.870604 58.000000 
451.941589 177.855728 24.826702 45.000000 
451.805267 179.249634 24.892883 41.000000 
451.819641 179.055176 24.874352 42.000000 
451.834198 178.866714 24.869057 57.000000 
451.908630 177.886780 24.819920 111.000000 
451.791595 179.236893 24.886568 45.000000 
451.805267 179.058960 24.879311 51.000000 
451.870392 178.172623 24.839224 50.000000 
451.770996 179.390396 24.887251 41.000000 
451.777771 179.232422 24.885948 55.000000 
451.790985 179.049377 24.875551 53.000000 
451.853821 178.153534 24.831913 41.000000 
451.757690 179.400650 24.897034 47.000000 
451.775909 179.039764 24.871918 49.000000 
451.836121 178.143250 24.829422 51.000000 
451.743561 179.384918 24.888235 52.000000 
451.749451 179.230164 24.889404 52.000000 
451.802948 178.393341 24.841360 48.000000 
451.819153 178.140167 24.830597 71.000000 
451.730042 179.374146 24.882900 60.000000 
451.736267 179.224213 24.887661 56.000000 
451.708313 179.539368 24.898493 48.000000 
451.717133 179.365082 24.878681 45.000000 
451.722260 179.211639 24.881527 58.000000 
451.771210 178.380524 24.839558 40.000000 
451.695221 179.532059 24.895340 48.000000 
451.703552 179.359238 24.876911 57.000000 
451.682648 179.523209 24.890934 51.000000 
451.690887 179.363251 24.882069 66.000000 
451.726105 178.584061 24.838161 52.000000 
451.662079 179.662979 24.893999 55.000000 
451.677246 179.355850 24.879194 64.000000 
451.710419 178.586502 24.842279 46.000000 
451.649414 179.660614 24.894447 53.000000 
451.656128 179.507141 24.883593 48.000000 
451.663757 179.355011 24.881002 49.000000 
451.636292 179.648849 24.887512 64.000000 
451.643280 179.511154 24.888962 60.000000 
451.678650 178.570816 24.838528 55.000000 
451.617981 179.798126 24.904423 50.000000 
451.629944 179.504013 24.885969 54.000000 
451.653900 178.777374 24.844862 40.000000 
451.605438 179.791275 24.901051 51.000000 
451.610413 179.636429 24.882391 50.000000 
451.616577 179.496902 24.883011 53.000000 
451.638733 178.776581 24.847010 47.000000 
451.588348 179.917435 24.905006 47.000000 
451.593018 179.787567 24.900246 51.000000 
451.597809 179.637344 24.885422 64.000000 
451.623138 178.765610 24.842932 51.000000 
451.576630 179.918365 24.908009 55.000000 
451.579803 179.773071 24.890604 43.000000 
451.584930 179.633575 24.884785 57.000000 
451.600250 178.951706 24.845291 40.000000 
451.606934 178.759750 24.842133 56.000000 
451.563843 179.913239 24.905916 43.000000 
451.571289 179.628250 24.883039 53.000000 
451.547943 180.027664 24.904942 52.000000 
451.551727 179.909698 24.905067 44.000000 
451.555389 179.781204 24.901888 49.000000 
451.536560 180.022766 24.902578 58.000000 
451.542725 179.768387 24.893522 46.000000 
451.556641 178.944885 24.848534 40.000000 
451.524719 180.019348 24.901665 52.000000 
451.530426 179.767929 24.895388 49.000000 
451.509277 180.125504 24.897778 42.000000 
451.512695 180.014496 24.899446 47.000000 
451.515533 179.896255 24.900005 53.000000 
451.517273 179.758224 24.889711 47.000000 
451.523712 179.133804 24.863384 41.000000 
451.499359 180.136765 24.910439 53.000000 
451.500305 180.006699 24.894598 42.000000 
451.503143 179.891327 24.897974 57.000000 
451.508270 179.116821 24.854483 40.000000 
451.487091 180.127716 24.904028 50.000000 
451.488190 180.001907 24.892441 44.000000 
451.490234 179.881897 24.892092 58.000000 
451.496246 179.279434 24.856525 49.000000 
451.475281 180.242844 24.913406 58.000000 
451.493103 179.104843 24.848967 47.000000 
451.475494 180.124512 24.903101 50.000000 
451.476563 180.001602 24.894299 50.000000 
451.477264 179.872482 24.886244 63.000000 
451.464569 180.244003 24.916561 74.000000 
451.462708 180.112610 24.894037 49.000000 
451.464020 179.993896 24.889544 52.000000 
451.451874 180.230988 24.905809 68.000000 
451.450409 180.105103 24.889091 40.000000 
451.451599 179.987717 24.886150 58.000000 
451.441040 180.227951 24.904749 52.000000 
451.440857 180.113632 24.899025 41.000000 
451.439331 179.978607 24.880041 64.000000 
451.440002 179.258728 24.851656 48.000000 
451.428589 180.217819 24.896852 61.000000 
451.429138 180.110565 24.898205 59.000000 
451.418457 180.223373 24.904274 55.000000 
451.416962 180.104599 24.894699 52.000000 
451.407501 180.223267 24.906157 57.000000 
451.403870 180.092865 24.885807 58.000000 
451.400665 179.568893 24.866707 46.000000 
451.394409 180.210403 24.895582 71.000000 
451.391785 180.088425 24.883724 51.000000 
451.386719 179.560944 24.862885 52.000000 
451.382416 180.204666 24.891977 68.000000 
451.373596 179.559341 24.863953 46.000000 
451.370361 180.198975 24.888405 68.000000 
451.358459 179.543579 24.854143 53.000000 
451.359283 180.199005 24.890394 74.000000 
451.349121 179.697189 24.869137 44.000000 
451.345459 179.543625 24.856489 46.000000 
451.334900 179.686432 24.862707 50.000000 
451.333160 179.548431 24.862490 41.000000 
451.321594 179.681915 24.861296 41.000000 
451.316986 179.838211 24.885035 40.000000 
451.309113 179.678955 24.861040 41.000000 
451.295990 179.676056 24.860933 44.000000 
451.275421 179.806976 24.865070 46.000000 
451.269257 179.943604 24.878181 43.000000 
451.263153 179.810303 24.870113 48.000000 
451.255920 179.936478 24.873972 47.000000 
451.249786 179.804565 24.867428 47.000000 
451.243774 179.935333 24.875019 44.000000 
451.236053 179.797348 24.863508 43.000000 
451.231934 179.935715 24.877394 44.000000 
451.220856 180.035675 24.862959 49.000000 
451.218506 179.928696 24.873283 52.000000 
451.211273 180.044830 24.873335 45.000000 
451.203705 179.915787 24.864008 60.000000 
451.200043 180.046738 24.877052 41.000000 
451.187164 180.041428 24.874132 41.000000 
451.186096 180.166245 24.887079 47.000000 
451.175690 180.037552 24.872332 42.000000 
451.172760 180.158264 24.881279 51.000000 
451.161652 180.027969 24.865488 41.000000 
451.159882 180.154617 24.879723 49.000000 
451.147156 180.149551 24.876717 49.000000 
451.133820 180.140244 24.869549 51.000000 
451.122528 180.140930 24.872040 56.000000 
451.966522 178.833908 24.888186 62.000000 
451.949738 178.814865 24.881933 119.000000 
451.933502 178.797791 24.876518 121.000000 
451.874939 179.088577 24.892128 47.000000 
451.860077 179.064758 24.882774 106.000000 
451.899445 178.776321 24.871868 106.000000 
451.842621 179.065826 24.886120 113.000000 
451.882599 178.762955 24.868313 121.000000 
451.792267 179.315628 24.892818 55.000000 
451.864105 178.765793 24.872555 110.000000 
451.775909 179.313354 24.894354 41.000000 
451.810669 179.036148 24.876665 106.000000 
451.760681 179.297058 24.888380 59.000000 
451.794250 179.024902 24.873808 114.000000 
451.714355 179.534439 24.899286 41.000000 
451.776001 179.035065 24.881805 44.000000 
451.699249 179.523682 24.895947 42.000000 
451.729431 179.271591 24.880333 62.000000 
451.684296 179.509506 24.890684 50.000000 
451.712646 179.273010 24.883898 66.000000 
451.643585 179.729614 24.901587 63.000000 
451.696991 179.258621 24.879034 69.000000 
451.628601 179.724335 24.901152 55.000000 
451.653931 179.484711 24.882246 50.000000 
451.613953 179.712204 24.896673 55.000000 
451.637329 179.494995 24.890818 49.000000 
451.576050 179.916641 24.907885 52.000000 
451.620880 179.473816 24.881977 51.000000 
451.561462 179.913269 24.908463 50.000000 
451.582947 179.686157 24.886993 50.000000 
451.687195 178.661758 24.852898 59.000000 
451.568939 179.689804 24.891615 52.000000 
451.671692 178.641891 24.846251 104.000000 
451.515442 180.087540 24.911686 47.000000 
451.554352 179.669220 24.882212 60.000000 
451.654144 178.623672 24.840715 120.000000 
451.500763 180.079285 24.909060 46.000000 
451.486877 180.064438 24.902014 50.000000 
451.504272 179.881622 24.899412 47.000000 
451.572998 178.966858 24.854181 43.000000 
451.440338 180.304276 24.919558 52.000000 
451.473022 179.920410 24.894287 55.000000 
451.557159 178.941956 24.844633 42.000000 
451.426697 180.299637 24.918987 50.000000 
451.441742 180.097000 24.895052 42.000000 
451.458496 179.903656 24.886648 41.000000 
451.539307 178.945618 24.849508 49.000000 
451.404724 180.439575 24.910793 41.000000 
451.413116 180.285141 24.911676 50.000000 
451.427460 180.095657 24.896851 52.000000 
451.499725 179.211517 24.858814 47.000000 
451.391418 180.435074 24.910147 60.000000 
451.399384 180.273972 24.906662 49.000000 
451.413177 180.090988 24.896500 59.000000 
451.378113 180.438751 24.915356 59.000000 
451.385620 180.269440 24.906195 52.000000 
451.399597 180.079712 24.891733 55.000000 
451.466339 179.187256 24.852028 59.000000 
451.353577 180.585632 24.918335 42.000000 
451.364777 180.432709 24.913601 54.000000 
451.371826 180.271561 24.910263 52.000000 
451.340820 180.590942 24.924845 64.000000 
451.351410 180.428329 24.913044 54.000000 
451.357971 180.260483 24.905354 52.000000 
451.328003 180.591492 24.927773 55.000000 
451.337830 180.412598 24.904379 47.000000 
451.344086 180.256073 24.904980 50.000000 
451.305084 180.705322 24.911701 63.000000 
451.314941 180.582474 24.923534 48.000000 
451.324432 180.409912 24.905050 52.000000 
451.293091 180.702835 24.912117 74.000000 
451.302338 180.568741 24.915649 55.000000 
451.311737 180.410583 24.907978 59.000000 
451.352417 179.635666 24.866259 46.000000 
451.281036 180.714493 24.923744 63.000000 
451.289307 180.564575 24.915073 42.000000 
451.298065 180.399826 24.902905 62.000000 
451.259766 180.836777 24.919661 41.000000 
451.268341 180.708893 24.921829 54.000000 
451.276123 180.557266 24.912136 48.000000 
451.284302 180.389114 24.897873 51.000000 
451.247711 180.837494 24.922682 56.000000 
451.255066 180.692291 24.911325 79.000000 
451.263214 180.557983 24.915207 57.000000 
451.294098 179.825806 24.869177 40.000000 
451.235626 180.838257 24.925728 63.000000 
451.242493 180.691483 24.913170 52.000000 
451.249878 180.549133 24.911139 49.000000 
451.217438 180.965561 24.931135 50.000000 
451.223480 180.837494 24.927530 57.000000 
451.229645 180.685974 24.911350 51.000000 
451.235931 180.529099 24.898758 64.000000 
451.263550 179.815414 24.868484 41.000000 
451.205780 180.966370 24.934202 58.000000 
451.210938 180.830582 24.924301 59.000000 
451.216919 180.683655 24.912020 64.000000 
451.239655 180.002823 24.871984 45.000000 
451.248291 179.811142 24.868711 43.000000 
451.194366 180.970261 24.939888 59.000000 
451.197784 180.815979 24.914791 44.000000 
451.203491 180.670334 24.904127 64.000000 
451.176392 181.072220 24.928654 50.000000 
451.181763 180.959000 24.932621 46.000000 
451.185791 180.818420 24.919203 45.000000 
451.189972 180.657043 24.896276 64.000000 
451.164246 181.064194 24.923794 60.000000 
451.169464 180.952332 24.929281 58.000000 
451.173950 180.822449 24.924896 51.000000 
451.177948 180.665863 24.905617 43.000000 
451.153717 181.074051 24.934917 66.000000 
451.161346 180.817215 24.923052 46.000000 
451.137146 181.178192 24.930023 47.000000 
451.180145 179.981384 24.869349 48.000000 
451.141388 181.064606 24.928785 64.000000 
451.148346 180.807373 24.917461 54.000000 
451.161133 180.187225 24.892927 41.000000 
451.126129 181.179169 24.933195 67.000000 
451.129395 181.059647 24.926670 62.000000 
451.133270 180.943146 24.928503 50.000000 
451.134796 180.792923 24.908136 53.000000 
451.115479 181.183105 24.939108 68.000000 
451.117401 181.054733 24.924583 50.000000 
451.120789 180.936600 24.925283 57.000000 
451.101074 181.284866 24.936306 56.000000 
451.131042 180.159592 24.879827 41.000000 
451.103271 181.173950 24.932808 63.000000 
451.107941 180.927048 24.919518 62.000000 
451.117981 180.323639 24.882971 57.000000 
451.090393 181.285919 24.939520 74.000000 
451.115692 180.144165 24.872240 49.000000 
451.091003 181.164825 24.926544 60.000000 
451.093628 181.047958 24.923147 52.000000 
451.094696 180.914490 24.911211 62.000000 
451.104431 180.324829 24.886431 46.000000 
451.079498 181.281326 24.937105 77.000000 
451.079956 181.161575 24.925646 61.000000 
451.081726 181.040176 24.918406 62.000000 
451.090851 180.317917 24.884081 42.000000 
451.068207 181.278168 24.936197 80.000000 
451.069397 181.033890 24.915115 60.000000 
451.075897 180.304474 24.877316 42.000000 
451.056091 181.269333 24.929770 80.000000 
451.057007 181.027634 24.911860 62.000000 
451.062042 180.477066 24.893311 42.000000 
451.043884 181.260529 24.923378 80.000000 
451.045227 181.153427 24.924751 51.000000 
451.045959 181.031845 24.917868 53.000000 
451.048096 180.470352 24.890945 43.000000 
451.033356 181.263168 24.928099 58.000000 
451.032684 181.144470 24.918650 56.000000 
451.024719 181.277237 24.943901 46.000000 
451.020264 181.136978 24.913935 60.000000 
451.020386 180.610535 24.892544 59.000000 
451.011017 181.259979 24.929296 53.000000 
451.008942 181.136826 24.916000 56.000000 
451.006287 180.600891 24.887638 47.000000 
450.998871 181.252716 24.924408 68.000000 
450.991699 180.588135 24.880356 43.000000 
450.986145 181.242645 24.916796 71.000000 
450.978973 180.589615 24.883984 45.000000 
450.975128 181.242584 24.918871 71.000000 
450.967255 180.729019 24.887726 44.000000 
450.964935 180.581665 24.880400 46.000000 
450.965942 181.252548 24.930607 55.000000 
450.953369 180.724350 24.886518 41.000000 
450.951965 180.581650 24.882877 42.000000 
450.938751 180.707306 24.875187 40.000000 
450.933990 180.872910 24.906242 47.000000 
450.927673 180.716675 24.885075 42.000000 
450.904114 180.841187 24.884348 46.000000 
450.891357 180.838303 24.884266 48.000000 
450.880310 180.841537 24.889158 45.000000 
450.872406 180.969193 24.894089 50.000000 
450.866943 180.835678 24.886597 47.000000 
450.859955 180.966476 24.893938 46.000000 
450.849365 180.972717 24.901606 47.000000 
450.837738 181.073959 24.888481 46.000000 
450.834686 180.959641 24.892429 54.000000 
450.822174 180.957016 24.892366 54.000000 
450.817596 181.084869 24.902594 40.000000 
450.798828 181.197144 24.906315 47.000000 
450.789246 181.068298 24.891962 40.000000 
450.787292 181.196182 24.907429 47.000000 
450.775909 181.061508 24.887907 41.000000 
450.775024 181.188080 24.901543 50.000000 
450.761932 181.181503 24.897299 46.000000 
450.748413 181.173523 24.891739 43.000000 
450.737152 181.174133 24.894321 53.000000 
451.609924 179.885757 24.899637 51.000000 
451.591339 179.889938 24.904591 118.000000 
451.577637 179.869415 24.897308 52.000000 
451.516144 180.148407 24.908478 60.000000 
451.561829 179.850403 24.891090 45.000000 
451.499847 180.140381 24.907286 111.000000 
451.545044 179.838608 24.888376 58.000000 
451.483673 180.130615 24.905228 61.000000 
451.528412 179.825043 24.884840 121.000000 
451.430847 180.376053 24.910784 65.000000 
451.467987 180.115585 24.900497 47.000000 
451.509583 179.831268 24.890842 65.000000 
451.414398 180.375336 24.913292 58.000000 
451.452209 180.100586 24.895809 43.000000 
451.398651 180.367645 24.912054 52.000000 
451.436859 180.080292 24.888458 120.000000 
451.351105 180.597290 24.919830 59.000000 
451.383301 180.354736 24.908026 45.000000 
451.418884 180.086670 24.894691 119.000000 
451.336029 180.588120 24.917490 64.000000 
451.368622 180.333069 24.899323 51.000000 
451.293640 180.779633 24.913158 49.000000 
451.320251 180.587662 24.920101 54.000000 
451.353516 180.314957 24.892555 71.000000 
451.278290 180.780975 24.916805 77.000000 
451.305786 180.569870 24.912924 54.000000 
451.336365 180.321487 24.899012 58.000000 
451.262451 180.789246 24.924564 63.000000 
451.248718 180.766663 24.913977 78.000000 
451.276093 180.539597 24.901646 61.000000 
451.209656 180.975693 24.928717 42.000000 
451.233673 180.762985 24.914656 59.000000 
451.259491 180.549744 24.910278 64.000000 
451.195221 180.972168 24.929314 56.000000 
451.219177 180.749054 24.909252 46.000000 
451.243622 180.549500 24.913059 54.000000 
451.336792 179.721832 24.869474 59.000000 
451.160706 181.145554 24.930489 40.000000 
451.181396 180.955124 24.921480 57.000000 
451.204590 180.735153 24.903893 71.000000 
451.319641 179.703369 24.863903 51.000000 
451.146576 181.145523 24.933239 55.000000 
451.166870 180.951660 24.922148 55.000000 
451.189148 180.736755 24.907730 66.000000 
451.302277 179.686752 24.859238 54.000000 
451.132721 181.138855 24.931637 62.000000 
451.174408 180.722916 24.902449 78.000000 
451.284790 179.670181 24.854624 47.000000 
451.100708 181.182419 24.929548 59.000000 
451.119965 180.989975 24.919922 51.000000 
451.217346 180.030533 24.874420 45.000000 
451.068695 181.356079 24.938450 55.000000 
451.086700 181.177490 24.929108 57.000000 
451.105377 180.986633 24.920687 57.000000 
451.055115 181.354584 24.940161 65.000000 
451.091003 180.974823 24.916216 57.000000 
451.183685 179.998077 24.864538 50.000000 
451.041626 181.346527 24.937380 55.000000 
451.058960 181.150970 24.917410 40.000000 
451.140656 180.272171 24.879038 48.000000 
451.018188 181.503952 24.942345 93.000000 
451.028076 181.340164 24.935760 64.000000 
451.044708 181.152847 24.921440 52.000000 
451.124359 180.256302 24.873775 48.000000 
451.005066 181.496109 24.939404 73.000000 
451.030670 181.137985 24.914597 55.000000 
451.107849 180.243988 24.870424 45.000000 
450.991882 181.496414 24.942326 64.000000 
451.017151 181.134979 24.915321 44.000000 
451.091980 180.235352 24.868864 48.000000 
450.966797 181.639587 24.943396 60.000000 
450.979340 181.485443 24.937031 55.000000 
450.987823 181.322983 24.932140 60.000000 
450.954102 181.646378 24.951147 59.000000 
450.966034 181.474442 24.931862 47.000000 
450.974121 181.313446 24.928402 54.000000 
450.930359 181.781631 24.952888 62.000000 
450.941284 181.640411 24.949318 58.000000 
450.952698 181.466721 24.929058 45.000000 
450.960297 181.298981 24.921329 55.000000 
450.917542 181.761673 24.939808 95.000000 
450.928253 181.626480 24.941528 56.000000 
450.939331 181.460663 24.927448 57.000000 
450.989044 180.683670 24.881910 45.000000 
450.905212 181.765320 24.945286 75.000000 
450.915375 181.622177 24.940964 51.000000 
450.926117 181.464417 24.932835 64.000000 
450.882904 181.894806 24.947977 46.000000 
450.892914 181.767441 24.949549 75.000000 
450.902222 181.609909 24.934448 43.000000 
450.912598 181.453552 24.927807 66.000000 
450.870544 181.886108 24.943407 64.000000 
450.880157 181.757004 24.943977 55.000000 
450.889252 181.605667 24.933950 55.000000 
450.898987 181.442703 24.922819 46.000000 
450.942047 180.660873 24.877728 42.000000 
450.858459 181.885178 24.945202 72.000000 
450.867188 181.743439 24.935982 64.000000 
450.876404 181.606277 24.937065 56.000000 
450.913300 180.859879 24.880259 42.000000 
450.839264 182.019638 24.957470 42.000000 
450.846588 181.888916 24.950819 67.000000 
450.854675 181.742508 24.937866 45.000000 
450.863251 181.598923 24.934237 56.000000 
450.827209 182.012726 24.954052 57.000000 
450.834015 181.878769 24.945074 55.000000 
450.841461 181.727432 24.928717 58.000000 
450.850037 181.591583 24.931442 50.000000 
450.815521 182.011917 24.955862 58.000000 
450.821350 181.868668 24.939365 57.000000 
450.828888 181.726578 24.930660 74.000000 
450.857727 181.049896 24.891890 47.000000 
450.797363 182.126923 24.956850 42.000000 
450.867676 180.846497 24.881023 43.000000 
450.804016 182.014191 24.960289 56.000000 
450.816345 181.725754 24.932631 63.000000 
450.785156 182.115799 24.949335 66.000000 
450.791779 182.005859 24.955660 52.000000 
450.803497 181.720230 24.930948 50.000000 
450.773865 182.116592 24.952497 76.000000 
450.779572 181.999069 24.952360 52.000000 
450.785065 181.867920 24.946407 56.000000 
450.756805 182.227661 24.954678 45.000000 
450.813293 181.030396 24.888140 40.000000 
450.762970 182.121887 24.959667 74.000000 
450.766785 181.986252 24.943918 45.000000 
450.771973 181.854843 24.938311 52.000000 
450.745270 182.222687 24.952417 53.000000 
450.798157 181.019485 24.884100 42.000000 
450.750732 182.112335 24.953573 58.000000 
450.755280 181.988647 24.948446 52.000000 
450.759155 181.846436 24.934029 59.000000 
450.776764 181.215134 24.901182 41.000000 
450.733673 182.217728 24.950186 46.000000 
450.738434 182.102798 24.947517 60.000000 
450.743896 181.992599 24.954287 61.000000 
450.724152 182.231766 24.965652 50.000000 
450.731262 181.982910 24.948526 58.000000 
450.744965 181.338776 24.879753 50.000000 
450.708771 182.327408 24.957579 58.000000 
450.712311 182.219620 24.956579 45.000000 
450.719421 181.976303 24.945282 64.000000 
450.733154 181.354538 24.893446 48.000000 
450.697784 182.325500 24.958050 68.000000 
450.733093 181.183319 24.888319 43.000000 
450.700500 182.213303 24.953070 53.000000 
450.703613 182.092300 24.945343 60.000000 
450.720154 181.362152 24.901539 41.000000 
450.687897 182.332199 24.966877 74.000000 
450.687714 182.199707 24.942812 46.000000 
450.691772 182.088852 24.944706 76.000000 
450.706207 181.358353 24.901648 42.000000 
450.675568 182.320374 24.957678 83.000000 
450.677094 182.203674 24.948853 44.000000 
450.679535 182.082458 24.941456 72.000000 
450.691528 181.346405 24.896080 40.000000 
450.664124 182.315704 24.955450 57.000000 
450.666290 182.206207 24.953552 56.000000 
450.666687 182.071625 24.934280 53.000000 
450.675720 181.513901 24.908791 42.000000 
450.651825 182.305374 24.947712 58.000000 
450.654114 182.198547 24.948809 63.000000 
450.661530 181.503845 24.904127 41.000000 
450.641693 182.189468 24.942747 60.000000 
450.647766 181.498657 24.903030 44.000000 
450.630493 182.307632 24.954472 45.000000 
450.629608 182.183334 24.939423 52.000000 
450.633270 181.650085 24.910690 55.000000 
450.633423 181.488678 24.898447 50.000000 
450.618561 182.297394 24.946728 61.000000 
450.619934 181.640335 24.905716 49.000000 
450.620605 181.486786 24.899641 43.000000 
450.606720 182.291443 24.943264 68.000000 
450.606262 181.633759 24.903316 49.000000 
450.595123 182.284119 24.938349 74.000000 
450.592163 181.619324 24.894796 53.000000 
450.580688 181.774185 24.911066 43.000000 
450.578796 181.615997 24.894884 60.000000 
450.567139 181.770935 24.911140 44.000000 
450.552795 181.758423 24.903694 46.000000 
450.543396 181.899246 24.914711 50.000000 
450.539673 181.750595 24.899881 51.000000 
450.529510 181.888565 24.908249 49.000000 
450.527374 181.752121 24.903643 54.000000 
450.516296 181.882477 24.905640 49.000000 
450.503601 181.879471 24.905600 50.000000 
450.494781 182.012894 24.916086 44.000000 
450.490265 181.876511 24.905716 50.000000 
450.459595 182.114044 24.907946 46.000000 
450.458527 182.002853 24.914217 43.000000 
450.448151 182.117188 24.913204 40.000000 
450.445190 181.998611 24.913000 52.000000 
450.431458 181.989899 24.907806 43.000000 
450.425415 182.116226 24.916765 40.000000 
450.418945 182.232224 24.921906 52.000000 
450.411926 182.107758 24.911358 42.000000 
450.406189 182.228287 24.920448 53.000000 
450.399811 182.108124 24.914061 44.000000 
450.395020 182.228653 24.922964 48.000000 
450.382050 182.221909 24.918734 50.000000 
450.370148 182.219482 24.918596 49.000000 
450.357086 182.212814 24.914436 48.000000 
451.251617 180.941772 24.920446 51.000000 
451.235535 180.927826 24.916798 116.000000 
451.217743 180.919128 24.915871 120.000000 
451.152161 181.198883 24.928267 45.000000 
451.200592 180.912415 24.915768 120.000000 
451.137268 181.187241 24.925243 115.000000 
451.185394 180.896957 24.911301 53.000000 
451.121460 181.175491 24.922338 121.000000 
451.170105 180.874222 24.903505 108.000000 
451.062744 181.433929 24.935759 52.000000 
451.103516 181.174255 24.924988 102.000000 
451.152710 180.860321 24.900166 121.000000 
451.048737 181.411972 24.926983 74.000000 
451.086609 181.171448 24.926683 43.000000 
451.135284 180.853775 24.900232 122.000000 
451.033051 181.404068 24.925810 72.000000 
451.072021 181.147400 24.917578 42.000000 
451.016266 181.406708 24.930332 54.000000 
451.058014 181.116272 24.904915 120.000000 
450.965973 181.637497 24.939215 66.000000 
451.000732 181.397141 24.928288 42.000000 
451.040741 181.115356 24.907637 119.000000 
450.950745 181.631622 24.938932 59.000000 
450.986450 181.373535 24.918745 48.000000 
450.905609 181.829376 24.938936 75.000000 
450.934692 181.634460 24.943594 57.000000 
450.971527 181.355240 24.912079 105.000000 
450.890991 181.821991 24.937557 82.000000 
450.920135 181.619980 24.938473 52.000000 
450.955414 181.349289 24.912041 106.000000 
450.876556 181.821609 24.940207 68.000000 
450.906403 181.603897 24.932323 50.000000 
450.938782 181.359314 24.920404 41.000000 
450.835510 182.017975 24.948025 49.000000 
450.862000 181.812576 24.937874 57.000000 
450.892578 181.577316 24.920431 61.000000 
450.820953 182.005661 24.943466 55.000000 
450.846527 181.805206 24.936687 46.000000 
450.875519 181.581940 24.926302 58.000000 
450.806854 181.996887 24.940979 59.000000 
450.859406 181.585007 24.931129 54.000000 
450.963257 180.740448 24.879162 55.000000 
450.769409 182.186691 24.952942 56.000000 
450.792389 181.993225 24.941698 54.000000 
450.817871 181.775299 24.925093 77.000000 
450.945557 180.730804 24.877983 48.000000 
450.755920 182.174805 24.948107 49.000000 
450.777740 181.992996 24.944557 48.000000 
450.802979 181.768143 24.923933 71.000000 
450.928070 180.717590 24.875143 54.000000 
450.742798 182.168060 24.946503 53.000000 
450.764496 181.979340 24.938917 42.000000 
450.769806 181.814224 24.924913 71.000000 
450.856995 181.064178 24.889578 46.000000 
450.689117 182.394196 24.957800 50.000000 
450.709503 182.219299 24.950548 44.000000 
450.731415 182.016968 24.934580 58.000000 
450.676025 182.379318 24.950516 60.000000 
450.695831 182.207504 24.945824 51.000000 
450.716888 182.011749 24.934380 58.000000 
450.649780 182.539597 24.957834 42.000000 
450.662231 182.384262 24.956825 64.000000 
450.682129 182.194061 24.940046 43.000000 
450.702179 182.011673 24.937368 51.000000 
450.806366 181.025543 24.880381 49.000000 
450.636658 182.538010 24.959579 69.000000 
450.648102 182.377625 24.955349 56.000000 
450.667542 182.183929 24.936584 55.000000 
450.759460 181.297333 24.893892 50.000000 
450.622986 182.529892 24.956779 78.000000 
450.634583 182.372742 24.954943 58.000000 
450.653381 182.180603 24.937426 62.000000 
450.743011 181.288330 24.892466 41.000000 
450.609894 182.521896 24.953926 73.000000 
450.639862 182.182449 24.941462 53.000000 
450.727844 181.265320 24.883528 45.000000 
450.582642 182.679184 24.965679 45.000000 
450.597382 182.518875 24.954504 67.000000 
450.711365 181.251083 24.879406 54.000000 
450.569916 182.676208 24.966270 69.000000 
450.584259 182.506042 24.948227 50.000000 
450.594604 182.348480 24.947067 52.000000 
450.557159 182.665253 24.960897 68.000000 
450.571014 182.507904 24.952446 50.000000 
450.580933 182.343750 24.946793 58.000000 
450.654907 181.505478 24.897486 40.000000 
450.531860 182.806717 24.967314 55.000000 
450.544342 182.657532 24.957956 58.000000 
450.557770 182.501663 24.950882 54.000000 
450.618317 181.722565 24.902613 52.000000 
450.638977 181.491608 24.893095 45.000000 
450.519348 182.796036 24.961729 79.000000 
450.531616 182.662659 24.964622 50.000000 
450.544373 182.482422 24.940077 66.000000 
450.622772 181.488266 24.894541 42.000000 
450.506744 182.785370 24.956181 62.000000 
450.518738 182.653412 24.960546 40.000000 
450.531036 182.477859 24.939749 68.000000 
450.588104 181.700623 24.896101 42.000000 
450.494965 182.785828 24.959192 60.000000 
450.506317 182.639435 24.952826 46.000000 
450.518463 182.483200 24.946293 47.000000 
450.471893 182.910675 24.957777 50.000000 
450.482391 182.779953 24.957401 62.000000 
450.493164 182.627029 24.946436 60.000000 
450.541016 181.907898 24.907425 49.000000 
450.556854 181.689133 24.895887 55.000000 
450.459198 182.909546 24.959738 51.000000 
450.469940 182.778854 24.959328 57.000000 
450.480225 182.624283 24.947243 65.000000 
450.525879 181.894653 24.902491 47.000000 
450.447723 182.908554 24.961535 48.000000 
450.457062 182.766739 24.952684 51.000000 
450.467407 182.626389 24.951651 59.000000 
450.509979 181.886490 24.900839 46.000000 
450.426147 183.041321 24.972513 50.000000 
450.434723 182.913651 24.968693 59.000000 
450.442993 182.743561 24.937593 69.000000 
450.494751 181.878448 24.899109 51.000000 
450.414093 183.034302 24.969204 49.000000 
450.422455 182.897232 24.957918 55.000000 
450.430542 182.745712 24.942072 74.000000 
450.395569 183.155228 24.975264 42.000000 
450.480621 181.887589 24.907661 41.000000 
450.402679 183.028885 24.967127 47.000000 
450.409912 182.888550 24.953588 40.000000 
450.419159 182.755844 24.952589 75.000000 
450.383331 183.142441 24.966499 56.000000 
450.391357 183.034088 24.974234 52.000000 
450.398163 182.884583 24.952972 47.000000 
450.371338 183.134171 24.961760 64.000000 
450.378998 183.024124 24.968424 49.000000 
450.385590 182.886765 24.957617 62.000000 
450.424133 182.065628 24.911917 42.000000 
450.359894 183.133377 24.963686 64.000000 
450.365875 183.005051 24.954899 45.000000 
450.373932 182.884430 24.958307 63.000000 
450.342468 183.251816 24.972380 58.000000 
450.348572 183.134109 24.966961 56.000000 
450.354675 183.011887 24.963369 55.000000 
450.360260 182.871170 24.950441 51.000000 
450.330658 183.243805 24.967501 64.000000 
450.336884 183.130402 24.966286 60.000000 
450.342865 183.011139 24.965405 59.000000 
450.320496 183.241745 24.967890 60.000000 
450.325714 183.120819 24.960142 45.000000 
450.331726 183.004410 24.962101 53.000000 
450.354980 182.392700 24.917360 47.000000 
450.305511 183.357544 24.978956 55.000000 
450.357483 182.223312 24.913185 46.000000 
450.309998 183.246948 24.975271 44.000000 
450.313171 183.109695 24.952915 45.000000 
450.319183 182.996109 24.957748 45.000000 
450.341583 182.385422 24.915081 42.000000 
450.292450 183.346878 24.971357 78.000000 
450.296783 183.237503 24.969324 61.000000 
450.300476 183.109009 24.955177 66.000000 
450.281097 183.342026 24.969151 74.000000 
450.284790 183.229614 24.964569 48.000000 
450.289276 183.111404 24.959896 64.000000 
450.307190 182.550018 24.929684 47.000000 
450.313202 182.387207 24.922527 43.000000 
450.272247 183.348694 24.977852 63.000000 
450.273651 183.220337 24.958290 51.000000 
450.277893 183.101929 24.953878 66.000000 
450.299164 182.373489 24.915787 41.000000 
450.261047 183.345337 24.977074 50.000000 
450.261902 183.215424 24.956305 63.000000 
450.280731 182.532745 24.922537 40.000000 
450.248260 183.330536 24.965265 55.000000 
450.251434 183.220795 24.963793 63.000000 
450.267181 182.528961 24.922663 45.000000 
450.236755 183.325806 24.963169 58.000000 
450.239044 183.211563 24.957813 56.000000 
450.249207 182.667450 24.920706 59.000000 
450.253479 182.523605 24.921648 47.000000 
450.225647 183.323959 24.963863 68.000000 
450.236359 182.666977 24.923159 49.000000 
450.239563 182.516678 24.919497 41.000000 
450.215393 183.327881 24.970095 86.000000 
450.223511 182.666550 24.925636 46.000000 
450.203247 183.316086 24.961084 71.000000 
450.210571 182.659836 24.923195 49.000000 
450.191406 183.310028 24.957726 80.000000 
450.195435 182.797150 24.925983 44.000000 
450.195740 182.643616 24.913691 55.000000 
450.182556 182.798370 24.929825 45.000000 
450.169006 182.790314 24.926144 44.000000 
450.154510 182.776062 24.917561 51.000000 
450.143311 182.919983 24.930977 46.000000 
450.140350 182.764954 24.911495 54.000000 
450.129730 182.910645 24.925877 47.000000 
450.117096 182.907471 24.925882 47.000000 
450.102875 182.895157 24.918327 51.000000 
450.094696 183.037628 24.936184 44.000000 
450.090393 182.893570 24.919662 55.000000 
450.081818 183.031616 24.933527 45.000000 
450.067444 183.018143 24.924429 54.000000 
450.060394 183.151550 24.940207 49.000000 
450.056793 183.021179 24.929480 50.000000 
450.047119 183.142822 24.934776 40.000000 
450.045563 183.024261 24.934677 49.000000 
450.033783 183.134140 24.929388 42.000000 
450.022919 183.137207 24.934622 45.000000 
450.015411 183.254639 24.940966 47.000000 
450.010437 183.132996 24.933266 46.000000 
450.001892 183.244812 24.934046 47.000000 
449.990356 183.243607 24.935278 48.000000 
449.979889 183.246750 24.940584 43.000000 
449.967285 183.241318 24.937817 53.000000 
449.952820 183.228760 24.928349 50.000000 
450.880859 181.964874 24.945366 54.000000 
450.864380 181.954269 24.943457 121.000000 
450.850372 181.933167 24.936335 122.000000 
450.778412 182.228058 24.955982 45.000000 
450.833740 181.922638 24.934511 120.000000 
450.763824 182.208969 24.949432 106.000000 
450.816803 181.913925 24.933588 103.000000 
450.748657 182.193451 24.944735 119.000000 
450.799835 181.905258 24.932707 50.000000 
450.687836 182.451477 24.957279 49.000000 
450.733978 182.179886 24.940897 48.000000 
450.785858 181.880692 24.924040 120.000000 
450.672363 182.443314 24.956062 75.000000 
450.717255 182.175049 24.941689 105.000000 
450.769897 181.863159 24.918947 122.000000 
450.658936 182.417648 24.945473 110.000000 
450.699860 182.175583 24.945215 43.000000 
450.642456 182.416565 24.948099 57.000000 
450.686523 182.142456 24.931688 121.000000 
450.587769 182.655487 24.961069 69.000000 
450.627380 182.403229 24.944181 52.000000 
450.669861 182.135986 24.931700 117.000000 
450.573517 182.640701 24.955885 66.000000 
450.612030 182.391693 24.941242 49.000000 
450.558350 182.625839 24.950830 55.000000 
450.595612 182.381821 24.939375 106.000000 
450.509277 182.838852 24.958939 67.000000 
450.542664 182.623276 24.952581 56.000000 
450.580475 182.366852 24.934647 75.000000 
450.494995 182.827850 24.955561 52.000000 
450.512878 182.600906 24.946413 64.000000 
450.437103 183.023438 24.965271 42.000000 
450.466858 182.807800 24.949852 66.000000 
450.498383 182.593369 24.945246 61.000000 
450.423218 183.012756 24.961733 46.000000 
450.451965 182.802063 24.949635 57.000000 
450.598450 181.750839 24.899664 103.000000 
450.409515 182.998718 24.956123 50.000000 
450.437836 182.786057 24.943367 68.000000 
450.581970 181.728302 24.892534 61.000000 
450.369293 183.195068 24.971617 62.000000 
450.395386 182.989792 24.953714 49.000000 
450.423187 182.775223 24.940182 78.000000 
450.564697 181.713013 24.888861 105.000000 
450.356201 183.177994 24.963554 59.000000 
450.380524 182.991089 24.957655 47.000000 
450.408386 182.766159 24.938051 52.000000 
450.546326 181.710403 24.891180 50.000000 
450.323059 183.218796 24.960958 48.000000 
450.346710 183.036804 24.958485 58.000000 
450.285980 183.401764 24.975903 58.000000 
450.309204 183.211807 24.959515 52.000000 
450.333038 183.017792 24.949877 60.000000 
450.453674 182.043274 24.901243 45.000000 
450.272858 183.390015 24.970922 60.000000 
450.294891 183.213242 24.963547 40.000000 
450.318756 183.007294 24.946564 43.000000 
450.436371 182.037338 24.901787 106.000000 
450.259705 183.376633 24.964857 55.000000 
450.281281 183.199631 24.957819 51.000000 
450.387299 182.292786 24.906078 48.000000 
450.245911 183.378174 24.968952 50.000000 
450.267700 183.182693 24.949959 57.000000 
450.370850 182.283539 24.904659 41.000000 
450.232208 183.378082 24.971949 40.000000 
450.253571 183.177521 24.949743 55.000000 
450.353973 182.281418 24.906986 44.000000 
450.218781 183.368118 24.968235 52.000000 
450.205200 183.361496 24.966801 56.000000 
450.191772 183.344971 24.958677 58.000000 
450.261932 182.501251 24.913071 46.000000 
450.190765 182.707870 24.918043 50.000000 
450.176941 182.685623 24.908222 60.000000 
450.142792 182.908112 24.924309 47.000000 
450.126953 182.892883 24.918512 47.000000 
450.111786 182.881180 24.914715 52.000000 
450.052734 183.065430 24.922222 41.000000 
450.037842 183.054077 24.918253 46.000000 
449.981720 183.225464 24.925190 48.000000 
449.967712 183.227783 24.929882 51.000000 
450.481781 182.970230 24.957882 105.000000 
450.466217 182.954102 24.953405 113.000000 
450.451141 182.934433 24.947250 120.000000 
450.376862 183.228973 24.966166 104.000000 
450.434326 182.931015 24.948807 111.000000 
450.362915 183.206192 24.957836 121.000000 
450.418518 182.914978 24.944462 57.000000 
450.344879 183.204453 24.960453 105.000000 
450.403046 182.889877 24.935949 122.000000 
450.282013 183.451355 24.967041 59.000000 
450.383636 182.897141 24.942865 124.000000 
450.267212 183.437759 24.963022 103.000000 
450.314453 183.173172 24.951227 44.000000 
450.250732 183.436447 24.965630 50.000000 
450.300262 183.148727 24.942186 120.000000 
450.235382 183.426437 24.963570 51.000000 
450.282227 183.152634 24.947573 121.000000 
450.220825 183.409439 24.957794 51.000000 
450.206573 183.388962 24.950188 110.000000 
450.188324 183.401871 24.960440 68.000000 
450.215851 182.764679 24.914793 66.000000 
450.198883 182.749130 24.911047 68.000000 
450.182709 182.724609 24.903101 117.000000 
450.084442 183.068741 24.918818 45.000000 
450.066803 183.057037 24.916746 49.000000 
450.012146 183.331161 24.931160 40.000000 
450.051239 183.029434 24.906616 114.000000 
449.995789 183.323441 24.930601 44.000000 
449.980347 183.301605 24.922665 40.000000 
449.964630 183.281570 24.915709 48.000000 
